epoch,layer,grad_norm
1,stem.0,0.07761325687170029
1,blocks.0.conv1,0.03016756847500801
1,blocks.0.conv2,0.029439251869916916
1,blocks.0.gate_conv,0.004575827624648809
1,blocks.1.conv1,0.02747558057308197
1,blocks.1.conv2,0.029894107952713966
1,blocks.1.gate_conv,0.004596183076500893
1,blocks.2.conv1,0.032233625650405884
1,blocks.2.conv2,0.028717689216136932
1,blocks.2.gate_conv,0.004119133111089468
1,blocks.3.conv1,0.02720828354358673
1,blocks.3.conv2,0.027331648394465446
1,blocks.3.gate_conv,0.0035178617108613253
1,mean_conv2d_grad_norm,0.025145386005393587
2,stem.0,0.8344948291778564
2,blocks.0.conv1,0.5890405774116516
2,blocks.0.conv2,0.4713846743106842
2,blocks.0.gate_conv,0.06304165720939636
2,blocks.1.conv1,0.5428551435470581
2,blocks.1.conv2,0.3845564126968384
2,blocks.1.gate_conv,0.04423271119594574
2,blocks.2.conv1,0.28693342208862305
2,blocks.2.conv2,0.19503489136695862
2,blocks.2.gate_conv,0.038112036883831024
2,blocks.3.conv1,0.16671401262283325
2,blocks.3.conv2,0.136590838432312
2,blocks.3.gate_conv,0.0357721671462059
2,mean_conv2d_grad_norm,0.29144333646847653
3,stem.0,0.6773992776870728
3,blocks.0.conv1,0.501693069934845
3,blocks.0.conv2,0.4605661630630493
3,blocks.0.gate_conv,0.07518358528614044
3,blocks.1.conv1,0.5050839185714722
3,blocks.1.conv2,0.3999893069267273
3,blocks.1.gate_conv,0.06886429339647293
3,blocks.2.conv1,0.3767963647842407
3,blocks.2.conv2,0.2904149889945984
3,blocks.2.gate_conv,0.062486957758665085
3,blocks.3.conv1,0.23366199433803558
3,blocks.3.conv2,0.2093619406223297
3,blocks.3.gate_conv,0.053876642137765884
3,mean_conv2d_grad_norm,0.3011829618078012
4,stem.0,0.7929666042327881
4,blocks.0.conv1,0.5094916820526123
4,blocks.0.conv2,0.4375898540019989
4,blocks.0.gate_conv,0.058304350823163986
4,blocks.1.conv1,0.46948933601379395
4,blocks.1.conv2,0.3476400077342987
4,blocks.1.gate_conv,0.05725659057497978
4,blocks.2.conv1,0.34096774458885193
4,blocks.2.conv2,0.2722194492816925
4,blocks.2.gate_conv,0.060108114033937454
4,blocks.3.conv1,0.23283548653125763
4,blocks.3.conv2,0.19995181262493134
4,blocks.3.gate_conv,0.04979841411113739
4,mean_conv2d_grad_norm,0.29450918820041877
5,stem.0,0.37852030992507935
5,blocks.0.conv1,0.33287665247917175
5,blocks.0.conv2,0.34328046441078186
5,blocks.0.gate_conv,0.05242125317454338
5,blocks.1.conv1,0.3474019169807434
5,blocks.1.conv2,0.26073116064071655
5,blocks.1.gate_conv,0.056276604533195496
5,blocks.2.conv1,0.25054416060447693
5,blocks.2.conv2,0.21624870598316193
5,blocks.2.gate_conv,0.06360682100057602
5,blocks.3.conv1,0.17376019060611725
5,blocks.3.conv2,0.16283279657363892
5,blocks.3.gate_conv,0.04749039188027382
5,mean_conv2d_grad_norm,0.20661472529172897
6,stem.0,0.3289353847503662
6,blocks.0.conv1,0.3147660493850708
6,blocks.0.conv2,0.32387247681617737
6,blocks.0.gate_conv,0.053485218435525894
6,blocks.1.conv1,0.33351701498031616
6,blocks.1.conv2,0.28086310625076294
6,blocks.1.gate_conv,0.060981642454862595
6,blocks.2.conv1,0.2761765718460083
6,blocks.2.conv2,0.2475820928812027
6,blocks.2.gate_conv,0.06959664076566696
6,blocks.3.conv1,0.20719584822654724
6,blocks.3.conv2,0.19532448053359985
6,blocks.3.gate_conv,0.05740157514810562
6,mean_conv2d_grad_norm,0.2115152386518625
7,stem.0,0.3078066110610962
7,blocks.0.conv1,0.29089033603668213
7,blocks.0.conv2,0.3222876489162445
7,blocks.0.gate_conv,0.05780743435025215
7,blocks.1.conv1,0.35446155071258545
7,blocks.1.conv2,0.3008609414100647
7,blocks.1.gate_conv,0.06537073105573654
7,blocks.2.conv1,0.3128392994403839
7,blocks.2.conv2,0.2656056880950928
7,blocks.2.gate_conv,0.06731408089399338
7,blocks.3.conv1,0.21731755137443542
7,blocks.3.conv2,0.18589738011360168
7,blocks.3.gate_conv,0.05662744119763374
7,mean_conv2d_grad_norm,0.21577589958906174
8,stem.0,0.32470616698265076
8,blocks.0.conv1,0.30517712235450745
8,blocks.0.conv2,0.3365844190120697
8,blocks.0.gate_conv,0.05881563946604729
8,blocks.1.conv1,0.3098917305469513
8,blocks.1.conv2,0.2745426893234253
8,blocks.1.gate_conv,0.04847944900393486
8,blocks.2.conv1,0.27053701877593994
8,blocks.2.conv2,0.2421574592590332
8,blocks.2.gate_conv,0.06253129988908768
8,blocks.3.conv1,0.2300514578819275
8,blocks.3.conv2,0.20088458061218262
8,blocks.3.gate_conv,0.05324931442737579
8,mean_conv2d_grad_norm,0.20904679596424103
9,stem.0,0.22565196454524994
9,blocks.0.conv1,0.27841946482658386
9,blocks.0.conv2,0.2897738516330719
9,blocks.0.gate_conv,0.0541824996471405
9,blocks.1.conv1,0.32336732745170593
9,blocks.1.conv2,0.2736264765262604
9,blocks.1.gate_conv,0.05593862384557724
9,blocks.2.conv1,0.26164937019348145
9,blocks.2.conv2,0.21784625947475433
9,blocks.2.gate_conv,0.05092112720012665
9,blocks.3.conv1,0.209321528673172
9,blocks.3.conv2,0.1659354716539383
9,blocks.3.gate_conv,0.04423123598098755
9,mean_conv2d_grad_norm,0.1885280924347731
10,stem.0,0.2237565964460373
10,blocks.0.conv1,0.26288753747940063
10,blocks.0.conv2,0.2903349697589874
10,blocks.0.gate_conv,0.05391058698296547
10,blocks.1.conv1,0.324710875749588
10,blocks.1.conv2,0.26385992765426636
10,blocks.1.gate_conv,0.05430423468351364
10,blocks.2.conv1,0.26023390889167786
10,blocks.2.conv2,0.21048136055469513
10,blocks.2.gate_conv,0.04716100916266441
10,blocks.3.conv1,0.1916952133178711
10,blocks.3.conv2,0.13913775980472565
10,blocks.3.gate_conv,0.0317399799823761
10,mean_conv2d_grad_norm,0.1810933815745207
11,stem.0,0.318342924118042
11,blocks.0.conv1,0.3459334075450897
11,blocks.0.conv2,0.34377264976501465
11,blocks.0.gate_conv,0.06675492972135544
11,blocks.1.conv1,0.3470480144023895
11,blocks.1.conv2,0.31638196110725403
11,blocks.1.gate_conv,0.06407887488603592
11,blocks.2.conv1,0.31557777523994446
11,blocks.2.conv2,0.2675754129886627
11,blocks.2.gate_conv,0.0618099607527256
11,blocks.3.conv1,0.2760445773601532
11,blocks.3.conv2,0.21389544010162354
11,blocks.3.gate_conv,0.06574501842260361
11,mean_conv2d_grad_norm,0.2309969958777611
12,stem.0,0.24662688374519348
12,blocks.0.conv1,0.26628565788269043
12,blocks.0.conv2,0.2930825650691986
12,blocks.0.gate_conv,0.055750343948602676
12,blocks.1.conv1,0.2956347167491913
12,blocks.1.conv2,0.2770773768424988
12,blocks.1.gate_conv,0.0552237406373024
12,blocks.2.conv1,0.26704543828964233
12,blocks.2.conv2,0.24751275777816772
12,blocks.2.gate_conv,0.05265543982386589
12,blocks.3.conv1,0.23145610094070435
12,blocks.3.conv2,0.15914039313793182
12,blocks.3.gate_conv,0.03474457934498787
12,mean_conv2d_grad_norm,0.19094123032230598
13,stem.0,0.26529043912887573
13,blocks.0.conv1,0.3202999234199524
13,blocks.0.conv2,0.347231924533844
13,blocks.0.gate_conv,0.07315415143966675
13,blocks.1.conv1,0.35110291838645935
13,blocks.1.conv2,0.32592883706092834
13,blocks.1.gate_conv,0.08103126287460327
13,blocks.2.conv1,0.3278777599334717
13,blocks.2.conv2,0.2606436312198639
13,blocks.2.gate_conv,0.0660976991057396
13,blocks.3.conv1,0.22979535162448883
13,blocks.3.conv2,0.16127909719944
13,blocks.3.gate_conv,0.043987028300762177
13,mean_conv2d_grad_norm,0.21951692494062278
14,stem.0,0.28701573610305786
14,blocks.0.conv1,0.3087233603000641
14,blocks.0.conv2,0.30800461769104004
14,blocks.0.gate_conv,0.05895950645208359
14,blocks.1.conv1,0.3299767076969147
14,blocks.1.conv2,0.28987428545951843
14,blocks.1.gate_conv,0.061965592205524445
14,blocks.2.conv1,0.2908504605293274
14,blocks.2.conv2,0.24509361386299133
14,blocks.2.gate_conv,0.060538724064826965
14,blocks.3.conv1,0.22386829555034637
14,blocks.3.conv2,0.15718284249305725
14,blocks.3.gate_conv,0.03733893856406212
14,mean_conv2d_grad_norm,0.20456866776713958
15,stem.0,0.2580259442329407
15,blocks.0.conv1,0.2664548456668854
15,blocks.0.conv2,0.29115840792655945
15,blocks.0.gate_conv,0.06311744451522827
15,blocks.1.conv1,0.30420657992362976
15,blocks.1.conv2,0.2797154188156128
15,blocks.1.gate_conv,0.05983457714319229
15,blocks.2.conv1,0.26723164319992065
15,blocks.2.conv2,0.2197606861591339
15,blocks.2.gate_conv,0.05639709532260895
15,blocks.3.conv1,0.20730647444725037
15,blocks.3.conv2,0.15605434775352478
15,blocks.3.gate_conv,0.03367491438984871
15,mean_conv2d_grad_norm,0.1894567984227951
16,stem.0,0.19969084858894348
16,blocks.0.conv1,0.268258273601532
16,blocks.0.conv2,0.2920474112033844
16,blocks.0.gate_conv,0.05556540936231613
16,blocks.1.conv1,0.30460143089294434
16,blocks.1.conv2,0.2805576026439667
16,blocks.1.gate_conv,0.06021571531891823
16,blocks.2.conv1,0.29311877489089966
16,blocks.2.conv2,0.2369689643383026
16,blocks.2.gate_conv,0.058926451951265335
16,blocks.3.conv1,0.22995729744434357
16,blocks.3.conv2,0.16632553935050964
16,blocks.3.gate_conv,0.04761391505599022
16,mean_conv2d_grad_norm,0.19183443343410125
17,stem.0,0.1970093995332718
17,blocks.0.conv1,0.22271279990673065
17,blocks.0.conv2,0.2495623379945755
17,blocks.0.gate_conv,0.04763590916991234
17,blocks.1.conv1,0.2677416503429413
17,blocks.1.conv2,0.25506213307380676
17,blocks.1.gate_conv,0.0559873953461647
17,blocks.2.conv1,0.2523179054260254
17,blocks.2.conv2,0.20518295466899872
17,blocks.2.gate_conv,0.05247965082526207
17,blocks.3.conv1,0.1873544454574585
17,blocks.3.conv2,0.13530802726745605
17,blocks.3.gate_conv,0.03962294012308121
17,mean_conv2d_grad_norm,0.16676750377966806
18,stem.0,0.23304855823516846
18,blocks.0.conv1,0.2342490404844284
18,blocks.0.conv2,0.29061612486839294
18,blocks.0.gate_conv,0.05570847541093826
18,blocks.1.conv1,0.3145262897014618
18,blocks.1.conv2,0.29492977261543274
18,blocks.1.gate_conv,0.05801450088620186
18,blocks.2.conv1,0.2912134528160095
18,blocks.2.conv2,0.237783744931221
18,blocks.2.gate_conv,0.06584315001964569
18,blocks.3.conv1,0.21612723171710968
18,blocks.3.conv2,0.16720637679100037
18,blocks.3.gate_conv,0.0554722361266613
18,mean_conv2d_grad_norm,0.1934414580464363
19,stem.0,0.21049800515174866
19,blocks.0.conv1,0.2661311626434326
19,blocks.0.conv2,0.2870652675628662
19,blocks.0.gate_conv,0.059334710240364075
19,blocks.1.conv1,0.30712568759918213
19,blocks.1.conv2,0.2922556400299072
19,blocks.1.gate_conv,0.06340986490249634
19,blocks.2.conv1,0.2919158339500427
19,blocks.2.conv2,0.24236980080604553
19,blocks.2.gate_conv,0.06681683659553528
19,blocks.3.conv1,0.23334753513336182
19,blocks.3.conv2,0.16801320016384125
19,blocks.3.gate_conv,0.050890665501356125
19,mean_conv2d_grad_norm,0.1953210930984754
20,stem.0,0.2205992192029953
20,blocks.0.conv1,0.2669682502746582
20,blocks.0.conv2,0.281410813331604
20,blocks.0.gate_conv,0.06159348413348198
20,blocks.1.conv1,0.30222567915916443
20,blocks.1.conv2,0.3015888035297394
20,blocks.1.gate_conv,0.06516800075769424
20,blocks.2.conv1,0.30443084239959717
20,blocks.2.conv2,0.24792569875717163
20,blocks.2.gate_conv,0.0616927333176136
20,blocks.3.conv1,0.2523546814918518
20,blocks.3.conv2,0.18456239998340607
20,blocks.3.gate_conv,0.04191925376653671
20,mean_conv2d_grad_norm,0.19941845077734727
21,stem.0,0.27069956064224243
21,blocks.0.conv1,0.32885706424713135
21,blocks.0.conv2,0.3671551048755646
21,blocks.0.gate_conv,0.0856940895318985
21,blocks.1.conv1,0.3635353446006775
21,blocks.1.conv2,0.3460681438446045
21,blocks.1.gate_conv,0.08234992623329163
21,blocks.2.conv1,0.3782978355884552
21,blocks.2.conv2,0.30929917097091675
21,blocks.2.gate_conv,0.06999025493860245
21,blocks.3.conv1,0.3114539682865143
21,blocks.3.conv2,0.2487613707780838
21,blocks.3.gate_conv,0.051498353481292725
21,mean_conv2d_grad_norm,0.24720462984763658
22,stem.0,0.2759983539581299
22,blocks.0.conv1,0.32737043499946594
22,blocks.0.conv2,0.3534112870693207
22,blocks.0.gate_conv,0.08487576246261597
22,blocks.1.conv1,0.3690098226070404
22,blocks.1.conv2,0.3427910804748535
22,blocks.1.gate_conv,0.07811356335878372
22,blocks.2.conv1,0.3496159315109253
22,blocks.2.conv2,0.31159213185310364
22,blocks.2.gate_conv,0.07449965178966522
22,blocks.3.conv1,0.2991524040699005
22,blocks.3.conv2,0.22241637110710144
22,blocks.3.gate_conv,0.06625339388847351
22,mean_conv2d_grad_norm,0.2427000145499523
23,stem.0,0.2943301796913147
23,blocks.0.conv1,0.2626560926437378
23,blocks.0.conv2,0.3113963305950165
23,blocks.0.gate_conv,0.07273837924003601
23,blocks.1.conv1,0.32632797956466675
23,blocks.1.conv2,0.3158514201641083
23,blocks.1.gate_conv,0.07046434283256531
23,blocks.2.conv1,0.31943440437316895
23,blocks.2.conv2,0.2685943841934204
23,blocks.2.gate_conv,0.06359682977199554
23,blocks.3.conv1,0.2591537535190582
23,blocks.3.conv2,0.20383790135383606
23,blocks.3.gate_conv,0.05473102256655693
23,mean_conv2d_grad_norm,0.2171625400391909
24,stem.0,0.2543521523475647
24,blocks.0.conv1,0.31171777844429016
24,blocks.0.conv2,0.3231997787952423
24,blocks.0.gate_conv,0.0728418305516243
24,blocks.1.conv1,0.3209446370601654
24,blocks.1.conv2,0.3068946599960327
24,blocks.1.gate_conv,0.07650213688611984
24,blocks.2.conv1,0.3163260817527771
24,blocks.2.conv2,0.2687672972679138
24,blocks.2.gate_conv,0.07542315125465393
24,blocks.3.conv1,0.254581481218338
24,blocks.3.conv2,0.1843004822731018
24,blocks.3.gate_conv,0.03508627787232399
24,mean_conv2d_grad_norm,0.21545674967078063
25,stem.0,0.1886366456747055
25,blocks.0.conv1,0.24143539369106293
25,blocks.0.conv2,0.2797538638114929
25,blocks.0.gate_conv,0.061788998544216156
25,blocks.1.conv1,0.28955551981925964
25,blocks.1.conv2,0.27865099906921387
25,blocks.1.gate_conv,0.06528965383768082
25,blocks.2.conv1,0.29170313477516174
25,blocks.2.conv2,0.2333865463733673
25,blocks.2.gate_conv,0.06030739098787308
25,blocks.3.conv1,0.20831526815891266
25,blocks.3.conv2,0.1567096710205078
25,blocks.3.gate_conv,0.05243919789791107
25,mean_conv2d_grad_norm,0.18522863720472044
26,stem.0,0.22187183797359467
26,blocks.0.conv1,0.26845210790634155
26,blocks.0.conv2,0.28571146726608276
26,blocks.0.gate_conv,0.059546735137701035
26,blocks.1.conv1,0.29032832384109497
26,blocks.1.conv2,0.2705197036266327
26,blocks.1.gate_conv,0.059070661664009094
26,blocks.2.conv1,0.26434263586997986
26,blocks.2.conv2,0.21960748732089996
26,blocks.2.gate_conv,0.06216437742114067
26,blocks.3.conv1,0.2169904261827469
26,blocks.3.conv2,0.16685838997364044
26,blocks.3.gate_conv,0.04613066092133522
26,mean_conv2d_grad_norm,0.18704575500809228
27,stem.0,0.4068504869937897
27,blocks.0.conv1,0.3123987317085266
27,blocks.0.conv2,0.36209022998809814
27,blocks.0.gate_conv,0.08365989476442337
27,blocks.1.conv1,0.3708738684654236
27,blocks.1.conv2,0.3416285514831543
27,blocks.1.gate_conv,0.07601184397935867
27,blocks.2.conv1,0.3557792007923126
27,blocks.2.conv2,0.2937999367713928
27,blocks.2.gate_conv,0.0654800534248352
27,blocks.3.conv1,0.2657528221607208
27,blocks.3.conv2,0.15948019921779633
27,blocks.3.gate_conv,0.03321296349167824
27,mean_conv2d_grad_norm,0.24053990640319312
28,stem.0,0.2781112492084503
28,blocks.0.conv1,0.26540607213974
28,blocks.0.conv2,0.3233671188354492
28,blocks.0.gate_conv,0.08011837303638458
28,blocks.1.conv1,0.33352524042129517
28,blocks.1.conv2,0.31175145506858826
28,blocks.1.gate_conv,0.07700318843126297
28,blocks.2.conv1,0.3133816123008728
28,blocks.2.conv2,0.2702045738697052
28,blocks.2.gate_conv,0.07045716792345047
28,blocks.3.conv1,0.2604983150959015
28,blocks.3.conv2,0.1747012436389923
28,blocks.3.gate_conv,0.04171552509069443
28,mean_conv2d_grad_norm,0.21540316423544517
29,stem.0,0.2485748827457428
29,blocks.0.conv1,0.3162769377231598
29,blocks.0.conv2,0.36185652017593384
29,blocks.0.gate_conv,0.07211782038211823
29,blocks.1.conv1,0.3586341440677643
29,blocks.1.conv2,0.3351207971572876
29,blocks.1.gate_conv,0.07790818065404892
29,blocks.2.conv1,0.32625991106033325
29,blocks.2.conv2,0.27254050970077515
29,blocks.2.gate_conv,0.07247400283813477
29,blocks.3.conv1,0.26426494121551514
29,blocks.3.conv2,0.19145403802394867
29,blocks.3.gate_conv,0.04869048297405243
29,mean_conv2d_grad_norm,0.2266287052860627
30,stem.0,0.25664499402046204
30,blocks.0.conv1,0.2642306089401245
30,blocks.0.conv2,0.31492725014686584
30,blocks.0.gate_conv,0.07387691736221313
30,blocks.1.conv1,0.3367357552051544
30,blocks.1.conv2,0.30837640166282654
30,blocks.1.gate_conv,0.06834300607442856
30,blocks.2.conv1,0.3117203712463379
30,blocks.2.conv2,0.26620107889175415
30,blocks.2.gate_conv,0.06315264105796814
30,blocks.3.conv1,0.24659088253974915
30,blocks.3.conv2,0.1747216433286667
30,blocks.3.gate_conv,0.05934179201722145
30,mean_conv2d_grad_norm,0.2111433340379825
31,stem.0,0.22549261152744293
31,blocks.0.conv1,0.2622428238391876
31,blocks.0.conv2,0.29746752977371216
31,blocks.0.gate_conv,0.0688633918762207
31,blocks.1.conv1,0.3213762044906616
31,blocks.1.conv2,0.2939036786556244
31,blocks.1.gate_conv,0.0703345313668251
31,blocks.2.conv1,0.3013841211795807
31,blocks.2.conv2,0.2602211833000183
31,blocks.2.gate_conv,0.06311126798391342
31,blocks.3.conv1,0.24750037491321564
31,blocks.3.conv2,0.15273015201091766
31,blocks.3.gate_conv,0.02506549470126629
31,mean_conv2d_grad_norm,0.1992071819706605
32,stem.0,0.35503658652305603
32,blocks.0.conv1,0.31807422637939453
32,blocks.0.conv2,0.35425230860710144
32,blocks.0.gate_conv,0.07059208303689957
32,blocks.1.conv1,0.374907523393631
32,blocks.1.conv2,0.35216018557548523
32,blocks.1.gate_conv,0.07837635278701782
32,blocks.2.conv1,0.36536705493927
32,blocks.2.conv2,0.3106120824813843
32,blocks.2.gate_conv,0.0749083086848259
32,blocks.3.conv1,0.29483968019485474
32,blocks.3.conv2,0.19401057064533234
32,blocks.3.gate_conv,0.040763936936855316
32,mean_conv2d_grad_norm,0.24491545386039293
33,stem.0,0.19836436212062836
33,blocks.0.conv1,0.2405610829591751
33,blocks.0.conv2,0.26425424218177795
33,blocks.0.gate_conv,0.054263509809970856
33,blocks.1.conv1,0.2760542631149292
33,blocks.1.conv2,0.26175811886787415
33,blocks.1.gate_conv,0.061442337930202484
33,blocks.2.conv1,0.2649860084056854
33,blocks.2.conv2,0.21479453146457672
33,blocks.2.gate_conv,0.055343031883239746
33,blocks.3.conv1,0.21081756055355072
33,blocks.3.conv2,0.14830955862998962
33,blocks.3.gate_conv,0.0431557334959507
33,mean_conv2d_grad_norm,0.176469564724427
34,stem.0,0.24020300805568695
34,blocks.0.conv1,0.288571298122406
34,blocks.0.conv2,0.32003143429756165
34,blocks.0.gate_conv,0.07026035338640213
34,blocks.1.conv1,0.3322887122631073
34,blocks.1.conv2,0.31859907507896423
34,blocks.1.gate_conv,0.07233312726020813
34,blocks.2.conv1,0.3276025056838989
34,blocks.2.conv2,0.2775903046131134
34,blocks.2.gate_conv,0.06766901165246964
34,blocks.3.conv1,0.24619314074516296
34,blocks.3.conv2,0.15154948830604553
34,blocks.3.gate_conv,0.03500276803970337
34,mean_conv2d_grad_norm,0.2113764790388254
35,stem.0,0.22170013189315796
35,blocks.0.conv1,0.24008630216121674
35,blocks.0.conv2,0.25546860694885254
35,blocks.0.gate_conv,0.05557169020175934
35,blocks.1.conv1,0.263713538646698
35,blocks.1.conv2,0.24363818764686584
35,blocks.1.gate_conv,0.056176841259002686
35,blocks.2.conv1,0.2620018422603607
35,blocks.2.conv2,0.2163044959306717
35,blocks.2.gate_conv,0.05172409489750862
35,blocks.3.conv1,0.20308427512645721
35,blocks.3.conv2,0.1364043951034546
35,blocks.3.gate_conv,0.026138294488191605
35,mean_conv2d_grad_norm,0.17169328435109213
36,stem.0,0.21757520735263824
36,blocks.0.conv1,0.27368417382240295
36,blocks.0.conv2,0.31858131289482117
36,blocks.0.gate_conv,0.08195149153470993
36,blocks.1.conv1,0.3678250312805176
36,blocks.1.conv2,0.35429081320762634
36,blocks.1.gate_conv,0.08621695637702942
36,blocks.2.conv1,0.35031619668006897
36,blocks.2.conv2,0.31289222836494446
36,blocks.2.gate_conv,0.0782279446721077
36,blocks.3.conv1,0.30248335003852844
36,blocks.3.conv2,0.2094990760087967
36,blocks.3.gate_conv,0.04876820370554924
36,mean_conv2d_grad_norm,0.23094707584151855
37,stem.0,0.2708916962146759
37,blocks.0.conv1,0.3310854732990265
37,blocks.0.conv2,0.35423630475997925
37,blocks.0.gate_conv,0.08227308094501495
37,blocks.1.conv1,0.3825177848339081
37,blocks.1.conv2,0.3717084527015686
37,blocks.1.gate_conv,0.08644495159387589
37,blocks.2.conv1,0.37114354968070984
37,blocks.2.conv2,0.3086908757686615
37,blocks.2.gate_conv,0.08681744337081909
37,blocks.3.conv1,0.29088130593299866
37,blocks.3.conv2,0.19097816944122314
37,blocks.3.gate_conv,0.039247751235961914
37,mean_conv2d_grad_norm,0.24360898767526334
38,stem.0,0.20738735795021057
38,blocks.0.conv1,0.2691783308982849
38,blocks.0.conv2,0.30862292647361755
38,blocks.0.gate_conv,0.059224072843790054
38,blocks.1.conv1,0.3116447627544403
38,blocks.1.conv2,0.30193638801574707
38,blocks.1.gate_conv,0.06653653830289841
38,blocks.2.conv1,0.30287474393844604
38,blocks.2.conv2,0.2560136020183563
38,blocks.2.gate_conv,0.0659480169415474
38,blocks.3.conv1,0.2486131489276886
38,blocks.3.conv2,0.15576843917369843
38,blocks.3.gate_conv,0.0369177907705307
38,mean_conv2d_grad_norm,0.19928200915455818
39,stem.0,0.1987941414117813
39,blocks.0.conv1,0.2489447295665741
39,blocks.0.conv2,0.28012076020240784
39,blocks.0.gate_conv,0.05715883895754814
39,blocks.1.conv1,0.27992627024650574
39,blocks.1.conv2,0.27590179443359375
39,blocks.1.gate_conv,0.06815127283334732
39,blocks.2.conv1,0.29189547896385193
39,blocks.2.conv2,0.23983454704284668
39,blocks.2.gate_conv,0.063591368496418
39,blocks.3.conv1,0.22441481053829193
39,blocks.3.conv2,0.1446986198425293
39,blocks.3.gate_conv,0.030815597623586655
39,mean_conv2d_grad_norm,0.18494217155071405
40,stem.0,0.17741672694683075
40,blocks.0.conv1,0.2587801516056061
40,blocks.0.conv2,0.28026244044303894
40,blocks.0.gate_conv,0.06415732204914093
40,blocks.1.conv1,0.29497769474983215
40,blocks.1.conv2,0.2953397035598755
40,blocks.1.gate_conv,0.0698666125535965
40,blocks.2.conv1,0.2891443371772766
40,blocks.2.conv2,0.24876566231250763
40,blocks.2.gate_conv,0.06110575050115585
40,blocks.3.conv1,0.23138204216957092
40,blocks.3.conv2,0.1480768620967865
40,blocks.3.gate_conv,0.029011981561779976
40,mean_conv2d_grad_norm,0.18832979136361525
41,stem.0,0.27461299300193787
41,blocks.0.conv1,0.2880176305770874
41,blocks.0.conv2,0.327047735452652
41,blocks.0.gate_conv,0.06856679916381836
41,blocks.1.conv1,0.31861555576324463
41,blocks.1.conv2,0.29533231258392334
41,blocks.1.gate_conv,0.07651856541633606
41,blocks.2.conv1,0.3060605823993683
41,blocks.2.conv2,0.25813838839530945
41,blocks.2.gate_conv,0.06810448318719864
41,blocks.3.conv1,0.24432674050331116
41,blocks.3.conv2,0.16620829701423645
41,blocks.3.gate_conv,0.03923855349421501
41,mean_conv2d_grad_norm,0.2100606643809722
42,stem.0,0.22697433829307556
42,blocks.0.conv1,0.3054654002189636
42,blocks.0.conv2,0.36290109157562256
42,blocks.0.gate_conv,0.07599547505378723
42,blocks.1.conv1,0.36362358927726746
42,blocks.1.conv2,0.3281332552433014
42,blocks.1.gate_conv,0.07579755783081055
42,blocks.2.conv1,0.32077354192733765
42,blocks.2.conv2,0.2700759470462799
42,blocks.2.gate_conv,0.06876577436923981
42,blocks.3.conv1,0.2564418315887451
42,blocks.3.conv2,0.16528987884521484
42,blocks.3.gate_conv,0.039157602936029434
42,mean_conv2d_grad_norm,0.21995348340043655
43,stem.0,0.17994779348373413
43,blocks.0.conv1,0.2531397044658661
43,blocks.0.conv2,0.2936405837535858
43,blocks.0.gate_conv,0.06204969435930252
43,blocks.1.conv1,0.29234814643859863
43,blocks.1.conv2,0.3011060953140259
43,blocks.1.gate_conv,0.07107207179069519
43,blocks.2.conv1,0.2962891757488251
43,blocks.2.conv2,0.24231630563735962
43,blocks.2.gate_conv,0.060424987226724625
43,blocks.3.conv1,0.24089600145816803
43,blocks.3.conv2,0.15608547627925873
43,blocks.3.gate_conv,0.027339473366737366
43,mean_conv2d_grad_norm,0.1905119622556063
44,stem.0,0.19670650362968445
44,blocks.0.conv1,0.2808380424976349
44,blocks.0.conv2,0.32671085000038147
44,blocks.0.gate_conv,0.07189260423183441
44,blocks.1.conv1,0.34405389428138733
44,blocks.1.conv2,0.3292083442211151
44,blocks.1.gate_conv,0.07750782370567322
44,blocks.2.conv1,0.3371148109436035
44,blocks.2.conv2,0.28761735558509827
44,blocks.2.gate_conv,0.07328198850154877
44,blocks.3.conv1,0.26927250623703003
44,blocks.3.conv2,0.1788296103477478
44,blocks.3.gate_conv,0.038115616887807846
44,mean_conv2d_grad_norm,0.21624230392850363
45,stem.0,0.12878437340259552
45,blocks.0.conv1,0.1588447242975235
45,blocks.0.conv2,0.1833319067955017
45,blocks.0.gate_conv,0.037736110389232635
45,blocks.1.conv1,0.195543572306633
45,blocks.1.conv2,0.19256214797496796
45,blocks.1.gate_conv,0.04600339010357857
45,blocks.2.conv1,0.1925588995218277
45,blocks.2.conv2,0.15545223653316498
45,blocks.2.gate_conv,0.04199003428220749
45,blocks.3.conv1,0.1523086428642273
45,blocks.3.conv2,0.10319481790065765
45,blocks.3.gate_conv,0.01936422847211361
45,mean_conv2d_grad_norm,0.12366731421878704
46,stem.0,0.17832054197788239
46,blocks.0.conv1,0.23702380061149597
46,blocks.0.conv2,0.27613672614097595
46,blocks.0.gate_conv,0.06625384837388992
46,blocks.1.conv1,0.29046955704689026
46,blocks.1.conv2,0.27178338170051575
46,blocks.1.gate_conv,0.061803512275218964
46,blocks.2.conv1,0.2655573785305023
46,blocks.2.conv2,0.22968272864818573
46,blocks.2.gate_conv,0.05756940692663193
46,blocks.3.conv1,0.2076713740825653
46,blocks.3.conv2,0.13879089057445526
46,blocks.3.gate_conv,0.031108824536204338
46,mean_conv2d_grad_norm,0.17785938241733953
47,stem.0,0.19330012798309326
47,blocks.0.conv1,0.23437929153442383
47,blocks.0.conv2,0.27588337659835815
47,blocks.0.gate_conv,0.06259219348430634
47,blocks.1.conv1,0.29060569405555725
47,blocks.1.conv2,0.2769196629524231
47,blocks.1.gate_conv,0.0689961388707161
47,blocks.2.conv1,0.2792542576789856
47,blocks.2.conv2,0.22878886759281158
47,blocks.2.gate_conv,0.06211719289422035
47,blocks.3.conv1,0.21902655065059662
47,blocks.3.conv2,0.15594109892845154
47,blocks.3.gate_conv,0.02822565659880638
47,mean_conv2d_grad_norm,0.1827715469094423
48,stem.0,0.20039033889770508
48,blocks.0.conv1,0.23690156638622284
48,blocks.0.conv2,0.2594375014305115
48,blocks.0.gate_conv,0.053029511123895645
48,blocks.1.conv1,0.2633366286754608
48,blocks.1.conv2,0.25320741534233093
48,blocks.1.gate_conv,0.06180837005376816
48,blocks.2.conv1,0.24519355595111847
48,blocks.2.conv2,0.20702658593654633
48,blocks.2.gate_conv,0.05709049478173256
48,blocks.3.conv1,0.19152487814426422
48,blocks.3.conv2,0.13176703453063965
48,blocks.3.gate_conv,0.02847561612725258
48,mean_conv2d_grad_norm,0.16839919210626528
49,stem.0,0.2544676661491394
49,blocks.0.conv1,0.272023469209671
49,blocks.0.conv2,0.28424039483070374
49,blocks.0.gate_conv,0.06331338733434677
49,blocks.1.conv1,0.28618985414505005
49,blocks.1.conv2,0.28495994210243225
49,blocks.1.gate_conv,0.06494935601949692
49,blocks.2.conv1,0.29046016931533813
49,blocks.2.conv2,0.2377539426088333
49,blocks.2.gate_conv,0.05950283259153366
49,blocks.3.conv1,0.21780957281589508
49,blocks.3.conv2,0.13461530208587646
49,blocks.3.gate_conv,0.031413715332746506
49,mean_conv2d_grad_norm,0.1908999695800818
50,stem.0,0.21943306922912598
50,blocks.0.conv1,0.24886755645275116
50,blocks.0.conv2,0.295422226190567
50,blocks.0.gate_conv,0.06550240516662598
50,blocks.1.conv1,0.310341477394104
50,blocks.1.conv2,0.30229809880256653
50,blocks.1.gate_conv,0.06693723052740097
50,blocks.2.conv1,0.2857811748981476
50,blocks.2.conv2,0.24969270825386047
50,blocks.2.gate_conv,0.06279496848583221
50,blocks.3.conv1,0.24743716418743134
50,blocks.3.conv2,0.15538783371448517
50,blocks.3.gate_conv,0.031831853091716766
50,mean_conv2d_grad_norm,0.19551752049189347
51,stem.0,0.2277153730392456
51,blocks.0.conv1,0.23812009394168854
51,blocks.0.conv2,0.26412340998649597
51,blocks.0.gate_conv,0.05584103614091873
51,blocks.1.conv1,0.2745797038078308
51,blocks.1.conv2,0.26962074637413025
51,blocks.1.gate_conv,0.06427843123674393
51,blocks.2.conv1,0.26110970973968506
51,blocks.2.conv2,0.2250586748123169
51,blocks.2.gate_conv,0.05489930137991905
51,blocks.3.conv1,0.2077549695968628
51,blocks.3.conv2,0.1282125562429428
51,blocks.3.gate_conv,0.023701507598161697
51,mean_conv2d_grad_norm,0.1765396549151494
52,stem.0,0.28838443756103516
52,blocks.0.conv1,0.30436718463897705
52,blocks.0.conv2,0.3620070815086365
52,blocks.0.gate_conv,0.07884305715560913
52,blocks.1.conv1,0.3794287145137787
52,blocks.1.conv2,0.3589286506175995
52,blocks.1.gate_conv,0.0842708870768547
52,blocks.2.conv1,0.3550221621990204
52,blocks.2.conv2,0.3084457218647003
52,blocks.2.gate_conv,0.06968823075294495
52,blocks.3.conv1,0.2764873504638672
52,blocks.3.conv2,0.18148715794086456
52,blocks.3.gate_conv,0.03987371176481247
52,mean_conv2d_grad_norm,0.23747956523528466
53,stem.0,0.3266439139842987
53,blocks.0.conv1,0.3519945442676544
53,blocks.0.conv2,0.4138360619544983
53,blocks.0.gate_conv,0.09258891642093658
53,blocks.1.conv1,0.4441716969013214
53,blocks.1.conv2,0.4098331928253174
53,blocks.1.gate_conv,0.0983104258775711
53,blocks.2.conv1,0.3970545828342438
53,blocks.2.conv2,0.3180094063282013
53,blocks.2.gate_conv,0.08186572045087814
53,blocks.3.conv1,0.29440513253211975
53,blocks.3.conv2,0.19517934322357178
53,blocks.3.gate_conv,0.04405604675412178
53,mean_conv2d_grad_norm,0.26676530648882574
54,stem.0,0.23381631076335907
54,blocks.0.conv1,0.31971752643585205
54,blocks.0.conv2,0.33935976028442383
54,blocks.0.gate_conv,0.07696497440338135
54,blocks.1.conv1,0.3671734929084778
54,blocks.1.conv2,0.34014254808425903
54,blocks.1.gate_conv,0.08522521704435349
54,blocks.2.conv1,0.35550516843795776
54,blocks.2.conv2,0.2851417362689972
54,blocks.2.gate_conv,0.07742199301719666
54,blocks.3.conv1,0.2753278613090515
54,blocks.3.conv2,0.18342748284339905
54,blocks.3.gate_conv,0.041561078280210495
54,mean_conv2d_grad_norm,0.22929116539083993
55,stem.0,0.330165296792984
55,blocks.0.conv1,0.33041563630104065
55,blocks.0.conv2,0.38287168741226196
55,blocks.0.gate_conv,0.08849380910396576
55,blocks.1.conv1,0.3909400403499603
55,blocks.1.conv2,0.3920675814151764
55,blocks.1.gate_conv,0.08884920179843903
55,blocks.2.conv1,0.38976070284843445
55,blocks.2.conv2,0.31761521100997925
55,blocks.2.gate_conv,0.07976511865854263
55,blocks.3.conv1,0.3014955520629883
55,blocks.3.conv2,0.18297548592090607
55,blocks.3.gate_conv,0.030181214213371277
55,mean_conv2d_grad_norm,0.2542766567606192
56,stem.0,0.20923879742622375
56,blocks.0.conv1,0.23992174863815308
56,blocks.0.conv2,0.2759203612804413
56,blocks.0.gate_conv,0.057040583342313766
56,blocks.1.conv1,0.281317800283432
56,blocks.1.conv2,0.2578788697719574
56,blocks.1.gate_conv,0.05962427332997322
56,blocks.2.conv1,0.25742894411087036
56,blocks.2.conv2,0.21114173531532288
56,blocks.2.gate_conv,0.054627224802970886
56,blocks.3.conv1,0.19270718097686768
56,blocks.3.conv2,0.12153791636228561
56,blocks.3.gate_conv,0.02359076961874962
56,mean_conv2d_grad_norm,0.17245970809688935
57,stem.0,0.3220365345478058
57,blocks.0.conv1,0.3037112355232239
57,blocks.0.conv2,0.34045305848121643
57,blocks.0.gate_conv,0.07553790509700775
57,blocks.1.conv1,0.3591620624065399
57,blocks.1.conv2,0.33884865045547485
57,blocks.1.gate_conv,0.08206872642040253
57,blocks.2.conv1,0.3400554358959198
57,blocks.2.conv2,0.2883407473564148
57,blocks.2.gate_conv,0.08207638561725616
57,blocks.3.conv1,0.2730087637901306
57,blocks.3.conv2,0.1775672286748886
57,blocks.3.gate_conv,0.050347600132226944
57,mean_conv2d_grad_norm,0.233324179569116
58,stem.0,0.2747418284416199
58,blocks.0.conv1,0.2978881597518921
58,blocks.0.conv2,0.3379756212234497
58,blocks.0.gate_conv,0.07507718354463577
58,blocks.1.conv1,0.3648471236228943
58,blocks.1.conv2,0.3364850580692291
58,blocks.1.gate_conv,0.08730529993772507
58,blocks.2.conv1,0.3250235617160797
58,blocks.2.conv2,0.27219998836517334
58,blocks.2.gate_conv,0.06681180000305176
58,blocks.3.conv1,0.26435133814811707
58,blocks.3.conv2,0.15591232478618622
58,blocks.3.gate_conv,0.03501071408390999
58,mean_conv2d_grad_norm,0.222586923207228
59,stem.0,0.23916949331760406
59,blocks.0.conv1,0.35398155450820923
59,blocks.0.conv2,0.4221212863922119
59,blocks.0.gate_conv,0.0904359444975853
59,blocks.1.conv1,0.42047128081321716
59,blocks.1.conv2,0.38819974660873413
59,blocks.1.gate_conv,0.09084855765104294
59,blocks.2.conv1,0.39762046933174133
59,blocks.2.conv2,0.334570050239563
59,blocks.2.gate_conv,0.09558495879173279
59,blocks.3.conv1,0.30957165360450745
59,blocks.3.conv2,0.21980156004428864
59,blocks.3.gate_conv,0.052619919180870056
59,mean_conv2d_grad_norm,0.26269203653702367
60,stem.0,0.2435680478811264
60,blocks.0.conv1,0.2852075397968292
60,blocks.0.conv2,0.3465557396411896
60,blocks.0.gate_conv,0.08121760189533234
60,blocks.1.conv1,0.3579344153404236
60,blocks.1.conv2,0.3459378182888031
60,blocks.1.gate_conv,0.08671049773693085
60,blocks.2.conv1,0.344098836183548
60,blocks.2.conv2,0.30420613288879395
60,blocks.2.gate_conv,0.0875871479511261
60,blocks.3.conv1,0.2894207537174225
60,blocks.3.conv2,0.2075313925743103
60,blocks.3.gate_conv,0.04760945588350296
60,mean_conv2d_grad_norm,0.23289118305994913
61,stem.0,0.38245102763175964
61,blocks.0.conv1,0.36731722950935364
61,blocks.0.conv2,0.4184016287326813
61,blocks.0.gate_conv,0.09505153447389603
61,blocks.1.conv1,0.44174689054489136
61,blocks.1.conv2,0.40329036116600037
61,blocks.1.gate_conv,0.09361164271831512
61,blocks.2.conv1,0.41034722328186035
61,blocks.2.conv2,0.3466874361038208
61,blocks.2.gate_conv,0.09452825784683228
61,blocks.3.conv1,0.33690521121025085
61,blocks.3.conv2,0.24761903285980225
61,blocks.3.gate_conv,0.05131084844470024
61,mean_conv2d_grad_norm,0.2837898711172434
62,stem.0,0.23792754113674164
62,blocks.0.conv1,0.30910223722457886
62,blocks.0.conv2,0.3288051187992096
62,blocks.0.gate_conv,0.07465099543333054
62,blocks.1.conv1,0.3450418710708618
62,blocks.1.conv2,0.32363855838775635
62,blocks.1.gate_conv,0.08305968344211578
62,blocks.2.conv1,0.332044392824173
62,blocks.2.conv2,0.3185589611530304
62,blocks.2.gate_conv,0.082737036049366
62,blocks.3.conv1,0.30253008008003235
62,blocks.3.conv2,0.19208718836307526
62,blocks.3.gate_conv,0.02928870916366577
62,mean_conv2d_grad_norm,0.22765172100984132
63,stem.0,0.24066975712776184
63,blocks.0.conv1,0.25786444544792175
63,blocks.0.conv2,0.2963816225528717
63,blocks.0.gate_conv,0.06848195940256119
63,blocks.1.conv1,0.31883665919303894
63,blocks.1.conv2,0.29812920093536377
63,blocks.1.gate_conv,0.08326417952775955
63,blocks.2.conv1,0.3183974623680115
63,blocks.2.conv2,0.27093565464019775
63,blocks.2.gate_conv,0.07336492091417313
63,blocks.3.conv1,0.2574909031391144
63,blocks.3.conv2,0.18895822763442993
63,blocks.3.gate_conv,0.044117748737335205
63,mean_conv2d_grad_norm,0.2089917493554262
64,stem.0,0.2586677074432373
64,blocks.0.conv1,0.24569761753082275
64,blocks.0.conv2,0.3061226010322571
64,blocks.0.gate_conv,0.07029585540294647
64,blocks.1.conv1,0.3380141258239746
64,blocks.1.conv2,0.31634530425071716
64,blocks.1.gate_conv,0.07229873538017273
64,blocks.2.conv1,0.32109060883522034
64,blocks.2.conv2,0.27068257331848145
64,blocks.2.gate_conv,0.08449473977088928
64,blocks.3.conv1,0.27711838483810425
64,blocks.3.conv2,0.1787790060043335
64,blocks.3.gate_conv,0.037517763674259186
64,mean_conv2d_grad_norm,0.2136250017927243
65,stem.0,0.23313532769680023
65,blocks.0.conv1,0.26180019974708557
65,blocks.0.conv2,0.2884954810142517
65,blocks.0.gate_conv,0.06281920522451401
65,blocks.1.conv1,0.304141104221344
65,blocks.1.conv2,0.28323015570640564
65,blocks.1.gate_conv,0.06522093713283539
65,blocks.2.conv1,0.27350136637687683
65,blocks.2.conv2,0.23336374759674072
65,blocks.2.gate_conv,0.06808611005544662
65,blocks.3.conv1,0.2111511528491974
65,blocks.3.conv2,0.13194888830184937
65,blocks.3.gate_conv,0.027746254578232765
65,mean_conv2d_grad_norm,0.1880492254231985
66,stem.0,0.24922548234462738
66,blocks.0.conv1,0.29987531900405884
66,blocks.0.conv2,0.36812126636505127
66,blocks.0.gate_conv,0.08408608287572861
66,blocks.1.conv1,0.3825117349624634
66,blocks.1.conv2,0.38679537177085876
66,blocks.1.gate_conv,0.08572512865066528
66,blocks.2.conv1,0.40222394466400146
66,blocks.2.conv2,0.37022969126701355
66,blocks.2.gate_conv,0.08673369884490967
66,blocks.3.conv1,0.34811684489250183
66,blocks.3.conv2,0.2330015003681183
66,blocks.3.gate_conv,0.05808568373322487
66,mean_conv2d_grad_norm,0.2580562884417864
67,stem.0,0.2504454553127289
67,blocks.0.conv1,0.29650774598121643
67,blocks.0.conv2,0.33183178305625916
67,blocks.0.gate_conv,0.07626591622829437
67,blocks.1.conv1,0.3402063548564911
67,blocks.1.conv2,0.3186968266963959
67,blocks.1.gate_conv,0.07167918980121613
67,blocks.2.conv1,0.3361310660839081
67,blocks.2.conv2,0.2781740128993988
67,blocks.2.gate_conv,0.0773773267865181
67,blocks.3.conv1,0.2537614107131958
67,blocks.3.conv2,0.1686108261346817
67,blocks.3.gate_conv,0.03820955380797386
67,mean_conv2d_grad_norm,0.2182998052583291
68,stem.0,0.3105067312717438
68,blocks.0.conv1,0.25916680693626404
68,blocks.0.conv2,0.31735536456108093
68,blocks.0.gate_conv,0.06772619485855103
68,blocks.1.conv1,0.35054948925971985
68,blocks.1.conv2,0.32492348551750183
68,blocks.1.gate_conv,0.07070787996053696
68,blocks.2.conv1,0.31479278206825256
68,blocks.2.conv2,0.2751356065273285
68,blocks.2.gate_conv,0.0751953274011612
68,blocks.3.conv1,0.25288763642311096
68,blocks.3.conv2,0.1602129191160202
68,blocks.3.gate_conv,0.03120877966284752
68,mean_conv2d_grad_norm,0.2161822310433938
69,stem.0,0.22822639346122742
69,blocks.0.conv1,0.2696569263935089
69,blocks.0.conv2,0.3203166723251343
69,blocks.0.gate_conv,0.07252918928861618
69,blocks.1.conv1,0.31651443243026733
69,blocks.1.conv2,0.3053927719593048
69,blocks.1.gate_conv,0.07529336214065552
69,blocks.2.conv1,0.3092811703681946
69,blocks.2.conv2,0.2686637043952942
69,blocks.2.gate_conv,0.07706687599420547
69,blocks.3.conv1,0.24618469178676605
69,blocks.3.conv2,0.16786548495292664
69,blocks.3.gate_conv,0.03175387531518936
69,mean_conv2d_grad_norm,0.20682658083163774
70,stem.0,0.2716156840324402
70,blocks.0.conv1,0.30028027296066284
70,blocks.0.conv2,0.3436973989009857
70,blocks.0.gate_conv,0.07478014379739761
70,blocks.1.conv1,0.34704306721687317
70,blocks.1.conv2,0.34856221079826355
70,blocks.1.gate_conv,0.07779640704393387
70,blocks.2.conv1,0.36409786343574524
70,blocks.2.conv2,0.30925002694129944
70,blocks.2.gate_conv,0.08038660883903503
70,blocks.3.conv1,0.2897407114505768
70,blocks.3.conv2,0.16269239783287048
70,blocks.3.gate_conv,0.027090534567832947
70,mean_conv2d_grad_norm,0.23054102521676284
71,stem.0,0.26307064294815063
71,blocks.0.conv1,0.3221691846847534
71,blocks.0.conv2,0.39905229210853577
71,blocks.0.gate_conv,0.08429789543151855
71,blocks.1.conv1,0.39756539463996887
71,blocks.1.conv2,0.3792344927787781
71,blocks.1.gate_conv,0.09226720035076141
71,blocks.2.conv1,0.39420443773269653
71,blocks.2.conv2,0.34720999002456665
71,blocks.2.gate_conv,0.0912494957447052
71,blocks.3.conv1,0.33519983291625977
71,blocks.3.conv2,0.20823480188846588
71,blocks.3.gate_conv,0.0467202253639698
71,mean_conv2d_grad_norm,0.258498145124087
72,stem.0,0.19085188210010529
72,blocks.0.conv1,0.24118022620677948
72,blocks.0.conv2,0.2827029526233673
72,blocks.0.gate_conv,0.06197850778698921
72,blocks.1.conv1,0.3041277825832367
72,blocks.1.conv2,0.27526670694351196
72,blocks.1.gate_conv,0.06487050652503967
72,blocks.2.conv1,0.28642189502716064
72,blocks.2.conv2,0.23597030341625214
72,blocks.2.gate_conv,0.057494211941957474
72,blocks.3.conv1,0.2198597937822342
72,blocks.3.conv2,0.14306165277957916
72,blocks.3.gate_conv,0.03421385958790779
72,mean_conv2d_grad_norm,0.184461560100317
73,stem.0,0.16496475040912628
73,blocks.0.conv1,0.22585254907608032
73,blocks.0.conv2,0.26499229669570923
73,blocks.0.gate_conv,0.06158082187175751
73,blocks.1.conv1,0.28087133169174194
73,blocks.1.conv2,0.2720903754234314
73,blocks.1.gate_conv,0.06326668709516525
73,blocks.2.conv1,0.2775106728076935
73,blocks.2.conv2,0.24905875325202942
73,blocks.2.gate_conv,0.06333310157060623
73,blocks.3.conv1,0.22950804233551025
73,blocks.3.conv2,0.1459728330373764
73,blocks.3.gate_conv,0.02262483350932598
73,mean_conv2d_grad_norm,0.178586696059658
74,stem.0,0.2610950171947479
74,blocks.0.conv1,0.3028368055820465
74,blocks.0.conv2,0.35653364658355713
74,blocks.0.gate_conv,0.08207833766937256
74,blocks.1.conv1,0.3847101330757141
74,blocks.1.conv2,0.37117332220077515
74,blocks.1.gate_conv,0.08111531287431717
74,blocks.2.conv1,0.379016637802124
74,blocks.2.conv2,0.30814653635025024
74,blocks.2.gate_conv,0.10099683701992035
74,blocks.3.conv1,0.29583561420440674
74,blocks.3.conv2,0.19823352992534637
74,blocks.3.gate_conv,0.055286139249801636
74,mean_conv2d_grad_norm,0.24438906690249076
75,stem.0,0.22218480706214905
75,blocks.0.conv1,0.2480868399143219
75,blocks.0.conv2,0.2861732244491577
75,blocks.0.gate_conv,0.06378255784511566
75,blocks.1.conv1,0.3015464246273041
75,blocks.1.conv2,0.30749112367630005
75,blocks.1.gate_conv,0.06846152245998383
75,blocks.2.conv1,0.3049488365650177
75,blocks.2.conv2,0.24116070568561554
75,blocks.2.gate_conv,0.0655849277973175
75,blocks.3.conv1,0.2174317091703415
75,blocks.3.conv2,0.1517530083656311
75,blocks.3.gate_conv,0.0284091979265213
75,mean_conv2d_grad_norm,0.19284729888805976
76,stem.0,0.1860818862915039
76,blocks.0.conv1,0.2291414886713028
76,blocks.0.conv2,0.2656137943267822
76,blocks.0.gate_conv,0.05503135919570923
76,blocks.1.conv1,0.2895195782184601
76,blocks.1.conv2,0.28248485922813416
76,blocks.1.gate_conv,0.060998160392045975
76,blocks.2.conv1,0.2822146415710449
76,blocks.2.conv2,0.2630372643470764
76,blocks.2.gate_conv,0.0689995139837265
76,blocks.3.conv1,0.2514760494232178
76,blocks.3.conv2,0.15842342376708984
76,blocks.3.gate_conv,0.03171767294406891
76,mean_conv2d_grad_norm,0.18651843787385866
77,stem.0,0.16182705760002136
77,blocks.0.conv1,0.19796250760555267
77,blocks.0.conv2,0.22551947832107544
77,blocks.0.gate_conv,0.05238892883062363
77,blocks.1.conv1,0.24985970556735992
77,blocks.1.conv2,0.22662460803985596
77,blocks.1.gate_conv,0.051908303052186966
77,blocks.2.conv1,0.22955799102783203
77,blocks.2.conv2,0.2012069672346115
77,blocks.2.gate_conv,0.057776544243097305
77,blocks.3.conv1,0.19200849533081055
77,blocks.3.conv2,0.12229911237955093
77,blocks.3.gate_conv,0.024810658767819405
77,mean_conv2d_grad_norm,0.15336541215387675
78,stem.0,0.21854504942893982
78,blocks.0.conv1,0.25820407271385193
78,blocks.0.conv2,0.30816811323165894
78,blocks.0.gate_conv,0.06826021522283554
78,blocks.1.conv1,0.344399631023407
78,blocks.1.conv2,0.31309568881988525
78,blocks.1.gate_conv,0.07851286232471466
78,blocks.2.conv1,0.3128056824207306
78,blocks.2.conv2,0.27042317390441895
78,blocks.2.gate_conv,0.07845055311918259
78,blocks.3.conv1,0.24880872666835785
78,blocks.3.conv2,0.15522392094135284
78,blocks.3.gate_conv,0.03483562543988228
78,mean_conv2d_grad_norm,0.20690256271224755
79,stem.0,0.27302172780036926
79,blocks.0.conv1,0.31267401576042175
79,blocks.0.conv2,0.3513113558292389
79,blocks.0.gate_conv,0.07084868103265762
79,blocks.1.conv1,0.3417118787765503
79,blocks.1.conv2,0.33628416061401367
79,blocks.1.gate_conv,0.08295925706624985
79,blocks.2.conv1,0.3347792625427246
79,blocks.2.conv2,0.2840782701969147
79,blocks.2.gate_conv,0.08504075556993484
79,blocks.3.conv1,0.27761563658714294
79,blocks.3.conv2,0.17533814907073975
79,blocks.3.gate_conv,0.023845825344324112
79,mean_conv2d_grad_norm,0.22688530586086786
80,stem.0,0.24219366908073425
80,blocks.0.conv1,0.2327345758676529
80,blocks.0.conv2,0.2710270583629608
80,blocks.0.gate_conv,0.05662507563829422
80,blocks.1.conv1,0.2782462537288666
80,blocks.1.conv2,0.2674281895160675
80,blocks.1.gate_conv,0.0648718923330307
80,blocks.2.conv1,0.2664875388145447
80,blocks.2.conv2,0.22109192609786987
80,blocks.2.gate_conv,0.06162170693278313
80,blocks.3.conv1,0.2006029635667801
80,blocks.3.conv2,0.12192758917808533
80,blocks.3.gate_conv,0.025471607223153114
80,mean_conv2d_grad_norm,0.17771769587237102
81,stem.0,0.3021888732910156
81,blocks.0.conv1,0.39474791288375854
81,blocks.0.conv2,0.45707347989082336
81,blocks.0.gate_conv,0.0965535119175911
81,blocks.1.conv1,0.47784292697906494
81,blocks.1.conv2,0.44932958483695984
81,blocks.1.gate_conv,0.10639617592096329
81,blocks.2.conv1,0.4419456124305725
81,blocks.2.conv2,0.4007490277290344
81,blocks.2.gate_conv,0.10508159548044205
81,blocks.3.conv1,0.3835166096687317
81,blocks.3.conv2,0.2459149807691574
81,blocks.3.gate_conv,0.05405041202902794
81,mean_conv2d_grad_norm,0.30118390029439557
82,stem.0,0.2376747876405716
82,blocks.0.conv1,0.2502073645591736
82,blocks.0.conv2,0.2785715162754059
82,blocks.0.gate_conv,0.058945465832948685
82,blocks.1.conv1,0.2922402620315552
82,blocks.1.conv2,0.2814037799835205
82,blocks.1.gate_conv,0.06438584625720978
82,blocks.2.conv1,0.2758859097957611
82,blocks.2.conv2,0.2326406091451645
82,blocks.2.gate_conv,0.0664820745587349
82,blocks.3.conv1,0.2205485999584198
82,blocks.3.conv2,0.14094221591949463
82,blocks.3.gate_conv,0.03927477076649666
82,mean_conv2d_grad_norm,0.187631015594189
83,stem.0,0.24221116304397583
83,blocks.0.conv1,0.2828837037086487
83,blocks.0.conv2,0.34122195839881897
83,blocks.0.gate_conv,0.07843252271413803
83,blocks.1.conv1,0.35022610425949097
83,blocks.1.conv2,0.3409019708633423
83,blocks.1.gate_conv,0.09413071721792221
83,blocks.2.conv1,0.3376021683216095
83,blocks.2.conv2,0.2791764736175537
83,blocks.2.gate_conv,0.07807621359825134
83,blocks.3.conv1,0.2635505497455597
83,blocks.3.conv2,0.17113758623600006
83,blocks.3.gate_conv,0.04453536495566368
83,mean_conv2d_grad_norm,0.2233912689754596
84,stem.0,0.20097991824150085
84,blocks.0.conv1,0.271416038274765
84,blocks.0.conv2,0.3205464482307434
84,blocks.0.gate_conv,0.06342433393001556
84,blocks.1.conv1,0.33035868406295776
84,blocks.1.conv2,0.31447547674179077
84,blocks.1.gate_conv,0.07479783147573471
84,blocks.2.conv1,0.30537471175193787
84,blocks.2.conv2,0.26245760917663574
84,blocks.2.gate_conv,0.0708795040845871
84,blocks.3.conv1,0.2527652382850647
84,blocks.3.conv2,0.16418707370758057
84,blocks.3.gate_conv,0.046478934586048126
84,mean_conv2d_grad_norm,0.20601090788841248
85,stem.0,0.23627687990665436
85,blocks.0.conv1,0.26691973209381104
85,blocks.0.conv2,0.3190654218196869
85,blocks.0.gate_conv,0.07944651693105698
85,blocks.1.conv1,0.34304437041282654
85,blocks.1.conv2,0.3324994444847107
85,blocks.1.gate_conv,0.0746028870344162
85,blocks.2.conv1,0.34477633237838745
85,blocks.2.conv2,0.31060269474983215
85,blocks.2.gate_conv,0.08179368078708649
85,blocks.3.conv1,0.2903159260749817
85,blocks.3.conv2,0.17672127485275269
85,blocks.3.gate_conv,0.030504919588565826
85,mean_conv2d_grad_norm,0.22204385239344376
86,stem.0,0.2529810667037964
86,blocks.0.conv1,0.2656884789466858
86,blocks.0.conv2,0.291824609041214
86,blocks.0.gate_conv,0.05483676865696907
86,blocks.1.conv1,0.30017924308776855
86,blocks.1.conv2,0.27976468205451965
86,blocks.1.gate_conv,0.06397175788879395
86,blocks.2.conv1,0.290354460477829
86,blocks.2.conv2,0.23853011429309845
86,blocks.2.gate_conv,0.06976325809955597
86,blocks.3.conv1,0.22957946360111237
86,blocks.3.conv2,0.14545293152332306
86,blocks.3.gate_conv,0.032639048993587494
86,mean_conv2d_grad_norm,0.19350506795140412
87,stem.0,0.2648487985134125
87,blocks.0.conv1,0.3675079047679901
87,blocks.0.conv2,0.40941447019577026
87,blocks.0.gate_conv,0.08956089615821838
87,blocks.1.conv1,0.4189428985118866
87,blocks.1.conv2,0.3846624493598938
87,blocks.1.gate_conv,0.0950419157743454
87,blocks.2.conv1,0.38438984751701355
87,blocks.2.conv2,0.3241661489009857
87,blocks.2.gate_conv,0.08901649713516235
87,blocks.3.conv1,0.32516714930534363
87,blocks.3.conv2,0.20895041525363922
87,blocks.3.gate_conv,0.04647490009665489
87,mean_conv2d_grad_norm,0.2621649454992551
88,stem.0,0.24617554247379303
88,blocks.0.conv1,0.27242758870124817
88,blocks.0.conv2,0.3206896185874939
88,blocks.0.gate_conv,0.06732380390167236
88,blocks.1.conv1,0.34257709980010986
88,blocks.1.conv2,0.32090333104133606
88,blocks.1.gate_conv,0.08049476146697998
88,blocks.2.conv1,0.3304313123226166
88,blocks.2.conv2,0.2697853147983551
88,blocks.2.gate_conv,0.07279893010854721
88,blocks.3.conv1,0.2586408257484436
88,blocks.3.conv2,0.16907556354999542
88,blocks.3.gate_conv,0.034908510744571686
88,mean_conv2d_grad_norm,0.21432555409578177
89,stem.0,0.30362457036972046
89,blocks.0.conv1,0.3045661151409149
89,blocks.0.conv2,0.3256925940513611
89,blocks.0.gate_conv,0.06510406732559204
89,blocks.1.conv1,0.35516101121902466
89,blocks.1.conv2,0.33348870277404785
89,blocks.1.gate_conv,0.07621148973703384
89,blocks.2.conv1,0.3336644768714905
89,blocks.2.conv2,0.2790626883506775
89,blocks.2.gate_conv,0.07332924753427505
89,blocks.3.conv1,0.25476697087287903
89,blocks.3.conv2,0.1713297963142395
89,blocks.3.gate_conv,0.03640081360936165
89,mean_conv2d_grad_norm,0.2240309649362014
90,stem.0,0.2605392634868622
90,blocks.0.conv1,0.28390955924987793
90,blocks.0.conv2,0.31608113646507263
90,blocks.0.gate_conv,0.06621069461107254
90,blocks.1.conv1,0.32506757974624634
90,blocks.1.conv2,0.31362199783325195
90,blocks.1.gate_conv,0.07110901176929474
90,blocks.2.conv1,0.30015042424201965
90,blocks.2.conv2,0.27000653743743896
90,blocks.2.gate_conv,0.0708717629313469
90,blocks.3.conv1,0.26114585995674133
90,blocks.3.conv2,0.18233945965766907
90,blocks.3.gate_conv,0.03866128250956535
90,mean_conv2d_grad_norm,0.2122857361458815
91,stem.0,0.2179604470729828
91,blocks.0.conv1,0.22471895813941956
91,blocks.0.conv2,0.2618393003940582
91,blocks.0.gate_conv,0.04950366169214249
91,blocks.1.conv1,0.2658063471317291
91,blocks.1.conv2,0.25859811902046204
91,blocks.1.gate_conv,0.06139316409826279
91,blocks.2.conv1,0.2593788206577301
91,blocks.2.conv2,0.2111365646123886
91,blocks.2.gate_conv,0.059634435921907425
91,blocks.3.conv1,0.19181136786937714
91,blocks.3.conv2,0.11540067940950394
91,blocks.3.gate_conv,0.026587793603539467
91,mean_conv2d_grad_norm,0.16952074304796183
92,stem.0,0.27042722702026367
92,blocks.0.conv1,0.3195219337940216
92,blocks.0.conv2,0.4170181155204773
92,blocks.0.gate_conv,0.10203991085290909
92,blocks.1.conv1,0.42088377475738525
92,blocks.1.conv2,0.3995051085948944
92,blocks.1.gate_conv,0.09589483588933945
92,blocks.2.conv1,0.39949312806129456
92,blocks.2.conv2,0.3601638376712799
92,blocks.2.gate_conv,0.08997078984975815
92,blocks.3.conv1,0.3539413511753082
92,blocks.3.conv2,0.21540455520153046
92,blocks.3.gate_conv,0.049171630293130875
92,mean_conv2d_grad_norm,0.26872586143704563
93,stem.0,0.2615585923194885
93,blocks.0.conv1,0.3090344965457916
93,blocks.0.conv2,0.3737766742706299
93,blocks.0.gate_conv,0.08016037195920944
93,blocks.1.conv1,0.39819324016571045
93,blocks.1.conv2,0.39350244402885437
93,blocks.1.gate_conv,0.1023956686258316
93,blocks.2.conv1,0.4169203042984009
93,blocks.2.conv2,0.36374789476394653
93,blocks.2.gate_conv,0.10724201798439026
93,blocks.3.conv1,0.34835144877433777
93,blocks.3.conv2,0.21496543288230896
93,blocks.3.gate_conv,0.046597328037023544
93,mean_conv2d_grad_norm,0.26280353189660954
94,stem.0,0.3039442300796509
94,blocks.0.conv1,0.29061099886894226
94,blocks.0.conv2,0.3410840928554535
94,blocks.0.gate_conv,0.06818028539419174
94,blocks.1.conv1,0.36089465022087097
94,blocks.1.conv2,0.3451441526412964
94,blocks.1.gate_conv,0.0763612762093544
94,blocks.2.conv1,0.3441679775714874
94,blocks.2.conv2,0.28615790605545044
94,blocks.2.gate_conv,0.08180759102106094
94,blocks.3.conv1,0.27189669013023376
94,blocks.3.conv2,0.16353465616703033
94,blocks.3.gate_conv,0.034458745270967484
94,mean_conv2d_grad_norm,0.22832640403738388
95,stem.0,0.25056570768356323
95,blocks.0.conv1,0.301875501871109
95,blocks.0.conv2,0.3348393440246582
95,blocks.0.gate_conv,0.07548204064369202
95,blocks.1.conv1,0.34429287910461426
95,blocks.1.conv2,0.3393668532371521
95,blocks.1.gate_conv,0.08487291634082794
95,blocks.2.conv1,0.36132535338401794
95,blocks.2.conv2,0.2976473867893219
95,blocks.2.gate_conv,0.07825196534395218
95,blocks.3.conv1,0.28097468614578247
95,blocks.3.conv2,0.17071294784545898
95,blocks.3.gate_conv,0.04029669240117073
95,mean_conv2d_grad_norm,0.227731098062717
96,stem.0,0.2135726660490036
96,blocks.0.conv1,0.25964227318763733
96,blocks.0.conv2,0.30524224042892456
96,blocks.0.gate_conv,0.06315477937459946
96,blocks.1.conv1,0.3407815992832184
96,blocks.1.conv2,0.3089088797569275
96,blocks.1.gate_conv,0.07699772715568542
96,blocks.2.conv1,0.30386313796043396
96,blocks.2.conv2,0.25811490416526794
96,blocks.2.gate_conv,0.0700422078371048
96,blocks.3.conv1,0.2537335455417633
96,blocks.3.conv2,0.17424315214157104
96,blocks.3.gate_conv,0.03551029786467552
96,mean_conv2d_grad_norm,0.20490826236513945
97,stem.0,0.28622087836265564
97,blocks.0.conv1,0.2933802306652069
97,blocks.0.conv2,0.32596027851104736
97,blocks.0.gate_conv,0.06621823459863663
97,blocks.1.conv1,0.3299654722213745
97,blocks.1.conv2,0.3224540948867798
97,blocks.1.gate_conv,0.07344859093427658
97,blocks.2.conv1,0.3179667294025421
97,blocks.2.conv2,0.27790477871894836
97,blocks.2.gate_conv,0.07001640647649765
97,blocks.3.conv1,0.2602655589580536
97,blocks.3.conv2,0.14533697068691254
97,blocks.3.gate_conv,0.02957671321928501
97,mean_conv2d_grad_norm,0.21528576443401667
98,stem.0,0.312347412109375
98,blocks.0.conv1,0.3128714859485626
98,blocks.0.conv2,0.3510075509548187
98,blocks.0.gate_conv,0.08038229495286942
98,blocks.1.conv1,0.3607986271381378
98,blocks.1.conv2,0.3426106870174408
98,blocks.1.gate_conv,0.0781429260969162
98,blocks.2.conv1,0.3355698585510254
98,blocks.2.conv2,0.3084300458431244
98,blocks.2.gate_conv,0.07996201515197754
98,blocks.3.conv1,0.283963680267334
98,blocks.3.conv2,0.17497149109840393
98,blocks.3.gate_conv,0.03727315738797188
98,mean_conv2d_grad_norm,0.2352562486552275
99,stem.0,0.1891767680644989
99,blocks.0.conv1,0.2520465850830078
99,blocks.0.conv2,0.3114742040634155
99,blocks.0.gate_conv,0.06463462859392166
99,blocks.1.conv1,0.32494258880615234
99,blocks.1.conv2,0.31239235401153564
99,blocks.1.gate_conv,0.0711427628993988
99,blocks.2.conv1,0.30584684014320374
99,blocks.2.conv2,0.25341784954071045
99,blocks.2.gate_conv,0.062308765947818756
99,blocks.3.conv1,0.24566799402236938
99,blocks.3.conv2,0.1640540212392807
99,blocks.3.gate_conv,0.03245718032121658
99,mean_conv2d_grad_norm,0.1991971186720408
100,stem.0,0.2234272062778473
100,blocks.0.conv1,0.2824740707874298
100,blocks.0.conv2,0.2862633466720581
100,blocks.0.gate_conv,0.07705213129520416
100,blocks.1.conv1,0.30020657181739807
100,blocks.1.conv2,0.27865469455718994
100,blocks.1.gate_conv,0.06711641699075699
100,blocks.2.conv1,0.27072662115097046
100,blocks.2.conv2,0.23197010159492493
100,blocks.2.gate_conv,0.06524445116519928
100,blocks.3.conv1,0.2339179515838623
100,blocks.3.conv2,0.14633765816688538
100,blocks.3.gate_conv,0.024840310215950012
100,mean_conv2d_grad_norm,0.19140242555966744
101,stem.0,0.20553350448608398
101,blocks.0.conv1,0.19763492047786713
101,blocks.0.conv2,0.21815530955791473
101,blocks.0.gate_conv,0.050484709441661835
101,blocks.1.conv1,0.24489761888980865
101,blocks.1.conv2,0.23949119448661804
101,blocks.1.gate_conv,0.04942591115832329
101,blocks.2.conv1,0.2297227382659912
101,blocks.2.conv2,0.20523332059383392
101,blocks.2.gate_conv,0.05504031851887703
101,blocks.3.conv1,0.20136253535747528
101,blocks.3.conv2,0.11496998369693756
101,blocks.3.gate_conv,0.01785341277718544
101,mean_conv2d_grad_norm,0.15613888290065986
102,stem.0,0.19788433611392975
102,blocks.0.conv1,0.1910780817270279
102,blocks.0.conv2,0.22615285217761993
102,blocks.0.gate_conv,0.04379015415906906
102,blocks.1.conv1,0.24536018073558807
102,blocks.1.conv2,0.2388916164636612
102,blocks.1.gate_conv,0.05392547696828842
102,blocks.2.conv1,0.24161501228809357
102,blocks.2.conv2,0.1910223811864853
102,blocks.2.gate_conv,0.052476201206445694
102,blocks.3.conv1,0.18394000828266144
102,blocks.3.conv2,0.1083439514040947
102,blocks.3.gate_conv,0.021946467459201813
102,mean_conv2d_grad_norm,0.15357128616708976
103,stem.0,0.12087060511112213
103,blocks.0.conv1,0.15678779780864716
103,blocks.0.conv2,0.1867092102766037
103,blocks.0.gate_conv,0.03506355360150337
103,blocks.1.conv1,0.19780856370925903
103,blocks.1.conv2,0.1891208440065384
103,blocks.1.gate_conv,0.04350270330905914
103,blocks.2.conv1,0.19171300530433655
103,blocks.2.conv2,0.15373508632183075
103,blocks.2.gate_conv,0.03960387036204338
103,blocks.3.conv1,0.142220139503479
103,blocks.3.conv2,0.07885716110467911
103,blocks.3.gate_conv,0.011464142240583897
103,mean_conv2d_grad_norm,0.11903512943536043
104,stem.0,0.07811345905065536
104,blocks.0.conv1,0.11037525534629822
104,blocks.0.conv2,0.12046782672405243
104,blocks.0.gate_conv,0.025608854368329048
104,blocks.1.conv1,0.13281551003456116
104,blocks.1.conv2,0.13381753861904144
104,blocks.1.gate_conv,0.03257042169570923
104,blocks.2.conv1,0.14226150512695312
104,blocks.2.conv2,0.10926619172096252
104,blocks.2.gate_conv,0.03097505494952202
104,blocks.3.conv1,0.0993230789899826
104,blocks.3.conv2,0.05443916469812393
104,blocks.3.gate_conv,0.009848159737884998
104,mean_conv2d_grad_norm,0.08306784777400586
105,stem.0,0.18821211159229279
105,blocks.0.conv1,0.16719600558280945
105,blocks.0.conv2,0.19476856291294098
105,blocks.0.gate_conv,0.04089180752635002
105,blocks.1.conv1,0.21810491383075714
105,blocks.1.conv2,0.2084837704896927
105,blocks.1.gate_conv,0.044941794127225876
105,blocks.2.conv1,0.21576333045959473
105,blocks.2.conv2,0.17778940498828888
105,blocks.2.gate_conv,0.04520566016435623
105,blocks.3.conv1,0.1678129881620407
105,blocks.3.conv2,0.08913911134004593
105,blocks.3.gate_conv,0.01320679672062397
105,mean_conv2d_grad_norm,0.1362704813766938
106,stem.0,0.06996875256299973
106,blocks.0.conv1,0.07933510094881058
106,blocks.0.conv2,0.1013590469956398
106,blocks.0.gate_conv,0.01646002195775509
106,blocks.1.conv1,0.10611454397439957
106,blocks.1.conv2,0.1131763830780983
106,blocks.1.gate_conv,0.024083631113171577
106,blocks.2.conv1,0.11897563934326172
106,blocks.2.conv2,0.10442110896110535
106,blocks.2.gate_conv,0.024033546447753906
106,blocks.3.conv1,0.09497595578432083
106,blocks.3.conv2,0.05782933533191681
106,blocks.3.gate_conv,0.008631554432213306
106,mean_conv2d_grad_norm,0.07072035545626512
107,stem.0,0.10843166708946228
107,blocks.0.conv1,0.12079295516014099
107,blocks.0.conv2,0.1490623950958252
107,blocks.0.gate_conv,0.02880181185901165
107,blocks.1.conv1,0.16039316356182098
107,blocks.1.conv2,0.15832339227199554
107,blocks.1.gate_conv,0.03219734877347946
107,blocks.2.conv1,0.16221804916858673
107,blocks.2.conv2,0.13780662417411804
107,blocks.2.gate_conv,0.03487737476825714
107,blocks.3.conv1,0.12268496304750443
107,blocks.3.conv2,0.06712467223405838
107,blocks.3.gate_conv,0.011029528453946114
107,mean_conv2d_grad_norm,0.0995187650506313
108,stem.0,0.12131175398826599
108,blocks.0.conv1,0.14727729558944702
108,blocks.0.conv2,0.1694386601448059
108,blocks.0.gate_conv,0.029382474720478058
108,blocks.1.conv1,0.18744568526744843
108,blocks.1.conv2,0.18369600176811218
108,blocks.1.gate_conv,0.03861326724290848
108,blocks.2.conv1,0.18675632774829865
108,blocks.2.conv2,0.15045513212680817
108,blocks.2.gate_conv,0.03935268148779869
108,blocks.3.conv1,0.14328618347644806
108,blocks.3.conv2,0.07635699957609177
108,blocks.3.gate_conv,0.009416816756129265
108,mean_conv2d_grad_norm,0.11406071383792621
109,stem.0,0.10237433016300201
109,blocks.0.conv1,0.10132618993520737
109,blocks.0.conv2,0.11452759057283401
109,blocks.0.gate_conv,0.021557414904236794
109,blocks.1.conv1,0.12341651320457458
109,blocks.1.conv2,0.12291733175516129
109,blocks.1.gate_conv,0.025604480877518654
109,blocks.2.conv1,0.12585051357746124
109,blocks.2.conv2,0.0959746465086937
109,blocks.2.gate_conv,0.02396991103887558
109,blocks.3.conv1,0.08699024468660355
109,blocks.3.conv2,0.054523587226867676
109,blocks.3.gate_conv,0.010745841078460217
109,mean_conv2d_grad_norm,0.07767527657919206
110,stem.0,0.17494624853134155
110,blocks.0.conv1,0.21519093215465546
110,blocks.0.conv2,0.2528665363788605
110,blocks.0.gate_conv,0.05075419694185257
110,blocks.1.conv1,0.28954535722732544
110,blocks.1.conv2,0.27548959851264954
110,blocks.1.gate_conv,0.05686675012111664
110,blocks.2.conv1,0.2700849175453186
110,blocks.2.conv2,0.22711583971977234
110,blocks.2.gate_conv,0.049730829894542694
110,blocks.3.conv1,0.21148823201656342
110,blocks.3.conv2,0.11050821840763092
110,blocks.3.gate_conv,0.017069928348064423
110,mean_conv2d_grad_norm,0.1693582758307457
111,stem.0,0.08647459745407104
111,blocks.0.conv1,0.09165187180042267
111,blocks.0.conv2,0.10361461341381073
111,blocks.0.gate_conv,0.02269110083580017
111,blocks.1.conv1,0.11068557947874069
111,blocks.1.conv2,0.10577099025249481
111,blocks.1.gate_conv,0.021779639646410942
111,blocks.2.conv1,0.10973137617111206
111,blocks.2.conv2,0.09246721118688583
111,blocks.2.gate_conv,0.022089652717113495
111,blocks.3.conv1,0.09165658801794052
111,blocks.3.conv2,0.050976477563381195
111,blocks.3.gate_conv,0.007358167786151171
111,mean_conv2d_grad_norm,0.0705344512557181
112,stem.0,0.13022302091121674
112,blocks.0.conv1,0.13294842839241028
112,blocks.0.conv2,0.1620745211839676
112,blocks.0.gate_conv,0.029656553640961647
112,blocks.1.conv1,0.17735816538333893
112,blocks.1.conv2,0.1717512011528015
112,blocks.1.gate_conv,0.03380180522799492
112,blocks.2.conv1,0.17815130949020386
112,blocks.2.conv2,0.1403086632490158
112,blocks.2.gate_conv,0.0350387804210186
112,blocks.3.conv1,0.1274413764476776
112,blocks.3.conv2,0.06412559002637863
112,blocks.3.gate_conv,0.007366853766143322
112,mean_conv2d_grad_norm,0.10694202071485612
113,stem.0,0.16137628257274628
113,blocks.0.conv1,0.15983934700489044
113,blocks.0.conv2,0.20145443081855774
113,blocks.0.gate_conv,0.035766828805208206
113,blocks.1.conv1,0.20970827341079712
113,blocks.1.conv2,0.19963544607162476
113,blocks.1.gate_conv,0.04140949621796608
113,blocks.2.conv1,0.2020091414451599
113,blocks.2.conv2,0.16856659948825836
113,blocks.2.gate_conv,0.045652322471141815
113,blocks.3.conv1,0.17693451046943665
113,blocks.3.conv2,0.1085822805762291
113,blocks.3.gate_conv,0.01466408558189869
113,mean_conv2d_grad_norm,0.13273838807183963
114,stem.0,0.07339443266391754
114,blocks.0.conv1,0.08025403320789337
114,blocks.0.conv2,0.09038028120994568
114,blocks.0.gate_conv,0.01685979962348938
114,blocks.1.conv1,0.09926854819059372
114,blocks.1.conv2,0.09775228798389435
114,blocks.1.gate_conv,0.02165895327925682
114,blocks.2.conv1,0.09853265434503555
114,blocks.2.conv2,0.0840255469083786
114,blocks.2.gate_conv,0.02064385451376438
114,blocks.3.conv1,0.07557030767202377
114,blocks.3.conv2,0.03839455544948578
114,blocks.3.gate_conv,0.004741840995848179
114,mean_conv2d_grad_norm,0.06165208431104055
115,stem.0,0.19361507892608643
115,blocks.0.conv1,0.18793591856956482
115,blocks.0.conv2,0.2326659858226776
115,blocks.0.gate_conv,0.044182561337947845
115,blocks.1.conv1,0.24776363372802734
115,blocks.1.conv2,0.25115641951560974
115,blocks.1.gate_conv,0.05094578117132187
115,blocks.2.conv1,0.26529303193092346
115,blocks.2.conv2,0.2124207615852356
115,blocks.2.gate_conv,0.050621211528778076
115,blocks.3.conv1,0.19736070930957794
115,blocks.3.conv2,0.11369612067937851
115,blocks.3.gate_conv,0.018547050654888153
115,mean_conv2d_grad_norm,0.15893878959692442
116,stem.0,0.2027599811553955
116,blocks.0.conv1,0.2530462145805359
116,blocks.0.conv2,0.27994588017463684
116,blocks.0.gate_conv,0.05490129441022873
116,blocks.1.conv1,0.3099363148212433
116,blocks.1.conv2,0.28727102279663086
116,blocks.1.gate_conv,0.05550698935985565
116,blocks.2.conv1,0.28275176882743835
116,blocks.2.conv2,0.2360687404870987
116,blocks.2.gate_conv,0.05743967369198799
116,blocks.3.conv1,0.22126653790473938
116,blocks.3.conv2,0.11394494771957397
116,blocks.3.gate_conv,0.012701267376542091
116,mean_conv2d_grad_norm,0.18211851025430056
117,stem.0,0.18736180663108826
117,blocks.0.conv1,0.20588646829128265
117,blocks.0.conv2,0.243037149310112
117,blocks.0.gate_conv,0.0429365448653698
117,blocks.1.conv1,0.27015507221221924
117,blocks.1.conv2,0.2668339014053345
117,blocks.1.gate_conv,0.050655853003263474
117,blocks.2.conv1,0.2794554829597473
117,blocks.2.conv2,0.240819051861763
117,blocks.2.gate_conv,0.05750870704650879
117,blocks.3.conv1,0.2073782980442047
117,blocks.3.conv2,0.10840759426355362
117,blocks.3.gate_conv,0.014258325099945068
117,mean_conv2d_grad_norm,0.1672841734611071
118,stem.0,0.10596993565559387
118,blocks.0.conv1,0.10812108218669891
118,blocks.0.conv2,0.13516177237033844
118,blocks.0.gate_conv,0.02758217044174671
118,blocks.1.conv1,0.14497290551662445
118,blocks.1.conv2,0.1503874659538269
118,blocks.1.gate_conv,0.030367979779839516
118,blocks.2.conv1,0.14956119656562805
118,blocks.2.conv2,0.12677381932735443
118,blocks.2.gate_conv,0.031040940433740616
118,blocks.3.conv1,0.11875199526548386
118,blocks.3.conv2,0.05647134408354759
118,blocks.3.gate_conv,0.004810696467757225
118,mean_conv2d_grad_norm,0.0915364080037062
119,stem.0,0.09226922690868378
119,blocks.0.conv1,0.12724773585796356
119,blocks.0.conv2,0.1639198511838913
119,blocks.0.gate_conv,0.028810208663344383
119,blocks.1.conv1,0.17287588119506836
119,blocks.1.conv2,0.1681252121925354
119,blocks.1.gate_conv,0.0335598886013031
119,blocks.2.conv1,0.1704258769750595
119,blocks.2.conv2,0.14308001101016998
119,blocks.2.gate_conv,0.03232802078127861
119,blocks.3.conv1,0.13596294820308685
119,blocks.3.conv2,0.07284566015005112
119,blocks.3.gate_conv,0.01000630110502243
119,mean_conv2d_grad_norm,0.10395821714057372
120,stem.0,0.15233926475048065
120,blocks.0.conv1,0.15026447176933289
120,blocks.0.conv2,0.1885431855916977
120,blocks.0.gate_conv,0.03683864697813988
120,blocks.1.conv1,0.20646630227565765
120,blocks.1.conv2,0.2018653005361557
120,blocks.1.gate_conv,0.043171558529138565
120,blocks.2.conv1,0.2027939110994339
120,blocks.2.conv2,0.1679275631904602
120,blocks.2.gate_conv,0.0423990823328495
120,blocks.3.conv1,0.14879204332828522
120,blocks.3.conv2,0.07670389860868454
120,blocks.3.gate_conv,0.007814593613147736
120,mean_conv2d_grad_norm,0.12507075558488184
121,stem.0,0.12685126066207886
121,blocks.0.conv1,0.1610884815454483
121,blocks.0.conv2,0.19046877324581146
121,blocks.0.gate_conv,0.03594481945037842
121,blocks.1.conv1,0.19826452434062958
121,blocks.1.conv2,0.19134193658828735
121,blocks.1.gate_conv,0.037633489817380905
121,blocks.2.conv1,0.18834996223449707
121,blocks.2.conv2,0.15660588443279266
121,blocks.2.gate_conv,0.035650040954351425
121,blocks.3.conv1,0.15363067388534546
121,blocks.3.conv2,0.0789957046508789
121,blocks.3.gate_conv,0.010365728288888931
121,mean_conv2d_grad_norm,0.12039932923821303
122,stem.0,0.1232854574918747
122,blocks.0.conv1,0.1602734625339508
122,blocks.0.conv2,0.1932440996170044
122,blocks.0.gate_conv,0.032426271587610245
122,blocks.1.conv1,0.20425577461719513
122,blocks.1.conv2,0.2008732110261917
122,blocks.1.gate_conv,0.0383894108235836
122,blocks.2.conv1,0.20244327187538147
122,blocks.2.conv2,0.16838183999061584
122,blocks.2.gate_conv,0.03852872550487518
122,blocks.3.conv1,0.1567469984292984
122,blocks.3.conv2,0.08817162364721298
122,blocks.3.gate_conv,0.012645727954804897
122,mean_conv2d_grad_norm,0.12458968269996919
123,stem.0,0.11324372887611389
123,blocks.0.conv1,0.13853773474693298
123,blocks.0.conv2,0.1703905314207077
123,blocks.0.gate_conv,0.02691015601158142
123,blocks.1.conv1,0.18316277861595154
123,blocks.1.conv2,0.16312673687934875
123,blocks.1.gate_conv,0.030845945701003075
123,blocks.2.conv1,0.17126896977424622
123,blocks.2.conv2,0.1345168948173523
123,blocks.2.gate_conv,0.02925378456711769
123,blocks.3.conv1,0.13284103572368622
123,blocks.3.conv2,0.059387121349573135
123,blocks.3.gate_conv,0.007738559972494841
123,mean_conv2d_grad_norm,0.10470953680431613
124,stem.0,0.12203767150640488
124,blocks.0.conv1,0.10846292972564697
124,blocks.0.conv2,0.13083593547344208
124,blocks.0.gate_conv,0.02282935380935669
124,blocks.1.conv1,0.1535767912864685
124,blocks.1.conv2,0.14077827334403992
124,blocks.1.gate_conv,0.02793841063976288
124,blocks.2.conv1,0.1464322954416275
124,blocks.2.conv2,0.11878664791584015
124,blocks.2.gate_conv,0.027031131088733673
124,blocks.3.conv1,0.10895176976919174
124,blocks.3.conv2,0.060047633945941925
124,blocks.3.gate_conv,0.009383670054376125
124,mean_conv2d_grad_norm,0.09054557800006408
125,stem.0,0.09170916676521301
125,blocks.0.conv1,0.13450714945793152
125,blocks.0.conv2,0.17796750366687775
125,blocks.0.gate_conv,0.026242142543196678
125,blocks.1.conv1,0.1912415772676468
125,blocks.1.conv2,0.1765253096818924
125,blocks.1.gate_conv,0.0331495925784111
125,blocks.2.conv1,0.17611925303936005
125,blocks.2.conv2,0.1452428549528122
125,blocks.2.gate_conv,0.03242408111691475
125,blocks.3.conv1,0.148866668343544
125,blocks.3.conv2,0.083819679915905
125,blocks.3.gate_conv,0.009983601048588753
125,mean_conv2d_grad_norm,0.10983066002909954
126,stem.0,0.07341982424259186
126,blocks.0.conv1,0.07806266844272614
126,blocks.0.conv2,0.08844973146915436
126,blocks.0.gate_conv,0.015461951494216919
126,blocks.1.conv1,0.10132075846195221
126,blocks.1.conv2,0.09516965597867966
126,blocks.1.gate_conv,0.017317429184913635
126,blocks.2.conv1,0.09948468208312988
126,blocks.2.conv2,0.08068516850471497
126,blocks.2.gate_conv,0.017389556393027306
126,blocks.3.conv1,0.08177467435598373
126,blocks.3.conv2,0.04645093157887459
126,blocks.3.gate_conv,0.00673256441950798
126,mean_conv2d_grad_norm,0.06167073820072871
127,stem.0,0.11587969213724136
127,blocks.0.conv1,0.15393468737602234
127,blocks.0.conv2,0.17793914675712585
127,blocks.0.gate_conv,0.02929523214697838
127,blocks.1.conv1,0.19336913526058197
127,blocks.1.conv2,0.1950240284204483
127,blocks.1.gate_conv,0.03540787473320961
127,blocks.2.conv1,0.18981926143169403
127,blocks.2.conv2,0.15643739700317383
127,blocks.2.gate_conv,0.034044817090034485
127,blocks.3.conv1,0.14412590861320496
127,blocks.3.conv2,0.07606755942106247
127,blocks.3.gate_conv,0.011958655901253223
127,mean_conv2d_grad_norm,0.11640795356092545
128,stem.0,0.0873715803027153
128,blocks.0.conv1,0.09408024698495865
128,blocks.0.conv2,0.10735171288251877
128,blocks.0.gate_conv,0.019079919904470444
128,blocks.1.conv1,0.110788494348526
128,blocks.1.conv2,0.10275005549192429
128,blocks.1.gate_conv,0.02015351690351963
128,blocks.2.conv1,0.10353383421897888
128,blocks.2.conv2,0.08615357428789139
128,blocks.2.gate_conv,0.019237976521253586
128,blocks.3.conv1,0.07925882935523987
128,blocks.3.conv2,0.04088262841105461
128,blocks.3.gate_conv,0.00566150201484561
128,mean_conv2d_grad_norm,0.06740799012522285
129,stem.0,0.09381361305713654
129,blocks.0.conv1,0.12966887652873993
129,blocks.0.conv2,0.1504632532596588
129,blocks.0.gate_conv,0.027607375755906105
129,blocks.1.conv1,0.16233007609844208
129,blocks.1.conv2,0.14059630036354065
129,blocks.1.gate_conv,0.026919791474938393
129,blocks.2.conv1,0.14942899346351624
129,blocks.2.conv2,0.1296248435974121
129,blocks.2.gate_conv,0.029895003885030746
129,blocks.3.conv1,0.11459430307149887
129,blocks.3.conv2,0.05563108250498772
129,blocks.3.gate_conv,0.007103641517460346
129,mean_conv2d_grad_norm,0.09366747342909758
130,stem.0,0.05933570861816406
130,blocks.0.conv1,0.07566521316766739
130,blocks.0.conv2,0.09224134683609009
130,blocks.0.gate_conv,0.015178184024989605
130,blocks.1.conv1,0.10047213733196259
130,blocks.1.conv2,0.0912875160574913
130,blocks.1.gate_conv,0.016818644478917122
130,blocks.2.conv1,0.09014551341533661
130,blocks.2.conv2,0.07474309951066971
130,blocks.2.gate_conv,0.01610192470252514
130,blocks.3.conv1,0.07155606895685196
130,blocks.3.conv2,0.033838290721178055
130,blocks.3.gate_conv,0.004663958679884672
130,mean_conv2d_grad_norm,0.057080585115517564
131,stem.0,0.14086686074733734
131,blocks.0.conv1,0.14828816056251526
131,blocks.0.conv2,0.17223712801933289
131,blocks.0.gate_conv,0.02909269742667675
131,blocks.1.conv1,0.17997349798679352
131,blocks.1.conv2,0.17088480293750763
131,blocks.1.gate_conv,0.02925574593245983
131,blocks.2.conv1,0.17660300433635712
131,blocks.2.conv2,0.14825615286827087
131,blocks.2.gate_conv,0.0326395109295845
131,blocks.3.conv1,0.14741776883602142
131,blocks.3.conv2,0.08034683763980865
131,blocks.3.gate_conv,0.0123048210516572
131,mean_conv2d_grad_norm,0.112935922251871
132,stem.0,0.06519952416419983
132,blocks.0.conv1,0.0773634985089302
132,blocks.0.conv2,0.0965510681271553
132,blocks.0.gate_conv,0.02211686782538891
132,blocks.1.conv1,0.10068565607070923
132,blocks.1.conv2,0.09813472628593445
132,blocks.1.gate_conv,0.01855975016951561
132,blocks.2.conv1,0.1037852019071579
132,blocks.2.conv2,0.07837426662445068
132,blocks.2.gate_conv,0.017243338748812675
132,blocks.3.conv1,0.073234923183918
132,blocks.3.conv2,0.040363941341638565
132,blocks.3.gate_conv,0.004615982994437218
132,mean_conv2d_grad_norm,0.06124836507324989
133,stem.0,0.1421021968126297
133,blocks.0.conv1,0.11807598173618317
133,blocks.0.conv2,0.1528206765651703
133,blocks.0.gate_conv,0.024707786738872528
133,blocks.1.conv1,0.1707192212343216
133,blocks.1.conv2,0.1710747927427292
133,blocks.1.gate_conv,0.030133482068777084
133,blocks.2.conv1,0.17645663022994995
133,blocks.2.conv2,0.14184433221817017
133,blocks.2.gate_conv,0.031132260337471962
133,blocks.3.conv1,0.13681483268737793
133,blocks.3.conv2,0.07750621438026428
133,blocks.3.gate_conv,0.010990955866873264
133,mean_conv2d_grad_norm,0.10649072027836855
134,stem.0,0.09724169224500656
134,blocks.0.conv1,0.15886233747005463
134,blocks.0.conv2,0.20460934937000275
134,blocks.0.gate_conv,0.030351677909493446
134,blocks.1.conv1,0.2215428352355957
134,blocks.1.conv2,0.20952199399471283
134,blocks.1.gate_conv,0.03846868872642517
134,blocks.2.conv1,0.22577622532844543
134,blocks.2.conv2,0.18765300512313843
134,blocks.2.gate_conv,0.04102876037359238
134,blocks.3.conv1,0.18082159757614136
134,blocks.3.conv2,0.0804249718785286
134,blocks.3.gate_conv,0.007627137470990419
134,mean_conv2d_grad_norm,0.12953309790016368
135,stem.0,0.046505872160196304
135,blocks.0.conv1,0.06058033928275108
135,blocks.0.conv2,0.07531518489122391
135,blocks.0.gate_conv,0.012314585968852043
135,blocks.1.conv1,0.08129262179136276
135,blocks.1.conv2,0.07619389146566391
135,blocks.1.gate_conv,0.01339507382363081
135,blocks.2.conv1,0.07974765449762344
135,blocks.2.conv2,0.06503476202487946
135,blocks.2.gate_conv,0.01380324736237526
135,blocks.3.conv1,0.05841364711523056
135,blocks.3.conv2,0.02954143099486828
135,blocks.3.gate_conv,0.0037383681628853083
135,mean_conv2d_grad_norm,0.04737512919550332
136,stem.0,0.1629195362329483
136,blocks.0.conv1,0.19410401582717896
136,blocks.0.conv2,0.24844221770763397
136,blocks.0.gate_conv,0.0455901101231575
136,blocks.1.conv1,0.24190840125083923
136,blocks.1.conv2,0.21156170964241028
136,blocks.1.gate_conv,0.039495714008808136
136,blocks.2.conv1,0.20631825923919678
136,blocks.2.conv2,0.16843022406101227
136,blocks.2.gate_conv,0.037252720445394516
136,blocks.3.conv1,0.1549302339553833
136,blocks.3.conv2,0.08117953687906265
136,blocks.3.gate_conv,0.008976273238658905
136,mean_conv2d_grad_norm,0.13854684250859114
137,stem.0,0.07478227466344833
137,blocks.0.conv1,0.08933629840612411
137,blocks.0.conv2,0.10911143571138382
137,blocks.0.gate_conv,0.01756640337407589
137,blocks.1.conv1,0.12034641951322556
137,blocks.1.conv2,0.12408381700515747
137,blocks.1.gate_conv,0.022909019142389297
137,blocks.2.conv1,0.12746568024158478
137,blocks.2.conv2,0.10452017188072205
137,blocks.2.gate_conv,0.019496100023388863
137,blocks.3.conv1,0.09629564732313156
137,blocks.3.conv2,0.045114677399396896
137,blocks.3.gate_conv,0.005787079222500324
137,mean_conv2d_grad_norm,0.07360115568511762
138,stem.0,0.07325124740600586
138,blocks.0.conv1,0.10116564482450485
138,blocks.0.conv2,0.12994109094142914
138,blocks.0.gate_conv,0.022636327892541885
138,blocks.1.conv1,0.14560610055923462
138,blocks.1.conv2,0.14008550345897675
138,blocks.1.gate_conv,0.027147745713591576
138,blocks.2.conv1,0.14457464218139648
138,blocks.2.conv2,0.1263630986213684
138,blocks.2.gate_conv,0.022406894713640213
138,blocks.3.conv1,0.09768977761268616
138,blocks.3.conv2,0.04388369619846344
138,blocks.3.gate_conv,0.00563487084582448
138,mean_conv2d_grad_norm,0.08310666468997414
139,stem.0,0.07269532978534698
139,blocks.0.conv1,0.10459055006504059
139,blocks.0.conv2,0.1278277188539505
139,blocks.0.gate_conv,0.01816495694220066
139,blocks.1.conv1,0.1362902969121933
139,blocks.1.conv2,0.1311900019645691
139,blocks.1.gate_conv,0.023927805945277214
139,blocks.2.conv1,0.1381845623254776
139,blocks.2.conv2,0.11471077054738998
139,blocks.2.gate_conv,0.021794408559799194
139,blocks.3.conv1,0.10368770360946655
139,blocks.3.conv2,0.0488043874502182
139,blocks.3.gate_conv,0.005195087753236294
139,mean_conv2d_grad_norm,0.08054335236262816
140,stem.0,0.04967498406767845
140,blocks.0.conv1,0.06502261757850647
140,blocks.0.conv2,0.07176370173692703
140,blocks.0.gate_conv,0.0113863255828619
140,blocks.1.conv1,0.07630076259374619
140,blocks.1.conv2,0.07577849924564362
140,blocks.1.gate_conv,0.012017287313938141
140,blocks.2.conv1,0.07552971690893173
140,blocks.2.conv2,0.060744043439626694
140,blocks.2.gate_conv,0.011910193599760532
140,blocks.3.conv1,0.05394910275936127
140,blocks.3.conv2,0.025367818772792816
140,blocks.3.gate_conv,0.003189453389495611
140,mean_conv2d_grad_norm,0.04558726976840542
141,stem.0,0.07356459647417068
141,blocks.0.conv1,0.09868399798870087
141,blocks.0.conv2,0.11837408691644669
141,blocks.0.gate_conv,0.01893216371536255
141,blocks.1.conv1,0.13401351869106293
141,blocks.1.conv2,0.12494207173585892
141,blocks.1.gate_conv,0.021702855825424194
141,blocks.2.conv1,0.12653669714927673
141,blocks.2.conv2,0.0965670719742775
141,blocks.2.gate_conv,0.019854750484228134
141,blocks.3.conv1,0.08402154594659805
141,blocks.3.conv2,0.03818482905626297
141,blocks.3.gate_conv,0.003920902498066425
141,mean_conv2d_grad_norm,0.0737922375735182
142,stem.0,0.07654082030057907
142,blocks.0.conv1,0.10888872295618057
142,blocks.0.conv2,0.1261167675256729
142,blocks.0.gate_conv,0.02001008577644825
142,blocks.1.conv1,0.1336004137992859
142,blocks.1.conv2,0.12989279627799988
142,blocks.1.gate_conv,0.022268081083893776
142,blocks.2.conv1,0.1328856647014618
142,blocks.2.conv2,0.10836011171340942
142,blocks.2.gate_conv,0.022790884599089622
142,blocks.3.conv1,0.10186995565891266
142,blocks.3.conv2,0.05687481164932251
142,blocks.3.gate_conv,0.009275350719690323
142,mean_conv2d_grad_norm,0.08072111282784206
143,stem.0,0.23375356197357178
143,blocks.0.conv1,0.26644471287727356
143,blocks.0.conv2,0.32096582651138306
143,blocks.0.gate_conv,0.04652317240834236
143,blocks.1.conv1,0.34445253014564514
143,blocks.1.conv2,0.3364136815071106
143,blocks.1.gate_conv,0.051566898822784424
143,blocks.2.conv1,0.33925923705101013
143,blocks.2.conv2,0.30038538575172424
143,blocks.2.gate_conv,0.05003064498305321
143,blocks.3.conv1,0.2614975869655609
143,blocks.3.conv2,0.12491418421268463
143,blocks.3.gate_conv,0.01627749390900135
143,mean_conv2d_grad_norm,0.2071142243937804
144,stem.0,0.13661016523838043
144,blocks.0.conv1,0.1785692721605301
144,blocks.0.conv2,0.22181862592697144
144,blocks.0.gate_conv,0.033061787486076355
144,blocks.1.conv1,0.24339787662029266
144,blocks.1.conv2,0.23936627805233002
144,blocks.1.gate_conv,0.04030190408229828
144,blocks.2.conv1,0.23763017356395721
144,blocks.2.conv2,0.19346660375595093
144,blocks.2.gate_conv,0.039764489978551865
144,blocks.3.conv1,0.17439919710159302
144,blocks.3.conv2,0.08402154594659805
144,blocks.3.gate_conv,0.011649983935058117
144,mean_conv2d_grad_norm,0.1410813772191222
145,stem.0,0.16476117074489594
145,blocks.0.conv1,0.18804587423801422
145,blocks.0.conv2,0.2355833500623703
145,blocks.0.gate_conv,0.034491151571273804
145,blocks.1.conv1,0.24821236729621887
145,blocks.1.conv2,0.2524789571762085
145,blocks.1.gate_conv,0.044371943920850754
145,blocks.2.conv1,0.26438915729522705
145,blocks.2.conv2,0.2017001509666443
145,blocks.2.gate_conv,0.05001264438033104
145,blocks.3.conv1,0.1807267814874649
145,blocks.3.conv2,0.0770513191819191
145,blocks.3.gate_conv,0.0074828132055699825
145,mean_conv2d_grad_norm,0.14994674473284528
146,stem.0,0.15648645162582397
146,blocks.0.conv1,0.16274745762348175
146,blocks.0.conv2,0.1967190057039261
146,blocks.0.gate_conv,0.029788583517074585
146,blocks.1.conv1,0.23424439132213593
146,blocks.1.conv2,0.23878473043441772
146,blocks.1.gate_conv,0.03806479647755623
146,blocks.2.conv1,0.2398223876953125
146,blocks.2.conv2,0.21225498616695404
146,blocks.2.gate_conv,0.04060181602835655
146,blocks.3.conv1,0.19283001124858856
146,blocks.3.conv2,0.08191075921058655
146,blocks.3.gate_conv,0.00947575643658638
146,mean_conv2d_grad_norm,0.1410562410377539
147,stem.0,0.1289820522069931
147,blocks.0.conv1,0.1225614920258522
147,blocks.0.conv2,0.11870467662811279
147,blocks.0.gate_conv,0.01778142713010311
147,blocks.1.conv1,0.1214439794421196
147,blocks.1.conv2,0.10640053451061249
147,blocks.1.gate_conv,0.01984231360256672
147,blocks.2.conv1,0.11309053748846054
147,blocks.2.conv2,0.09345003962516785
147,blocks.2.gate_conv,0.01699596829712391
147,blocks.3.conv1,0.08381962776184082
147,blocks.3.conv2,0.04011423885822296
147,blocks.3.gate_conv,0.004463743884116411
147,mean_conv2d_grad_norm,0.0759731254970225
148,stem.0,0.1080842986702919
148,blocks.0.conv1,0.10835006088018417
148,blocks.0.conv2,0.1368892937898636
148,blocks.0.gate_conv,0.01949390396475792
148,blocks.1.conv1,0.15805864334106445
148,blocks.1.conv2,0.1488063931465149
148,blocks.1.gate_conv,0.02438178099691868
148,blocks.2.conv1,0.15019096434116364
148,blocks.2.conv2,0.12638895213603973
148,blocks.2.gate_conv,0.02613886259496212
148,blocks.3.conv1,0.1275918036699295
148,blocks.3.conv2,0.06085995212197304
148,blocks.3.gate_conv,0.005736934952437878
148,mean_conv2d_grad_norm,0.09238244958508474
149,stem.0,0.14210103452205658
149,blocks.0.conv1,0.15625843405723572
149,blocks.0.conv2,0.19761796295642853
149,blocks.0.gate_conv,0.029696347191929817
149,blocks.1.conv1,0.21978378295898438
149,blocks.1.conv2,0.2314728945493698
149,blocks.1.gate_conv,0.03893033787608147
149,blocks.2.conv1,0.23189200460910797
149,blocks.2.conv2,0.20148451626300812
149,blocks.2.gate_conv,0.0394076369702816
149,blocks.3.conv1,0.19590267539024353
149,blocks.3.conv2,0.09750243276357651
149,blocks.3.gate_conv,0.011084512807428837
149,mean_conv2d_grad_norm,0.13793342868582562
150,stem.0,0.06258238106966019
150,blocks.0.conv1,0.0844818577170372
150,blocks.0.conv2,0.10222332179546356
150,blocks.0.gate_conv,0.015649788081645966
150,blocks.1.conv1,0.11042816191911697
150,blocks.1.conv2,0.1080515906214714
150,blocks.1.gate_conv,0.01802918128669262
150,blocks.2.conv1,0.10916388779878616
150,blocks.2.conv2,0.09043572843074799
150,blocks.2.gate_conv,0.01743820682168007
150,blocks.3.conv1,0.08178965002298355
150,blocks.3.conv2,0.036583371460437775
150,blocks.3.gate_conv,0.003689367789775133
150,mean_conv2d_grad_norm,0.06465742267811528
151,stem.0,0.12034527212381363
151,blocks.0.conv1,0.12978260219097137
151,blocks.0.conv2,0.15845990180969238
151,blocks.0.gate_conv,0.02486937865614891
151,blocks.1.conv1,0.1667076200246811
151,blocks.1.conv2,0.16538269817829132
151,blocks.1.gate_conv,0.02596047706902027
151,blocks.2.conv1,0.18192170560359955
151,blocks.2.conv2,0.15692736208438873
151,blocks.2.gate_conv,0.029448194429278374
151,blocks.3.conv1,0.14740213751792908
151,blocks.3.conv2,0.07561963051557541
151,blocks.3.gate_conv,0.0100181195884943
151,mean_conv2d_grad_norm,0.10714193075322188
152,stem.0,0.08674010634422302
152,blocks.0.conv1,0.10476231575012207
152,blocks.0.conv2,0.13009577989578247
152,blocks.0.gate_conv,0.02062491700053215
152,blocks.1.conv1,0.1434055119752884
152,blocks.1.conv2,0.1400676816701889
152,blocks.1.gate_conv,0.02301209233701229
152,blocks.2.conv1,0.13514357805252075
152,blocks.2.conv2,0.10995479673147202
152,blocks.2.gate_conv,0.022013962268829346
152,blocks.3.conv1,0.10563993453979492
152,blocks.3.conv2,0.05182470381259918
152,blocks.3.gate_conv,0.0071392240934073925
152,mean_conv2d_grad_norm,0.08310958495936714
153,stem.0,0.09714146703481674
153,blocks.0.conv1,0.1326630860567093
153,blocks.0.conv2,0.17520509660243988
153,blocks.0.gate_conv,0.02512820065021515
153,blocks.1.conv1,0.19221165776252747
153,blocks.1.conv2,0.17203032970428467
153,blocks.1.gate_conv,0.028015078976750374
153,blocks.2.conv1,0.16644641757011414
153,blocks.2.conv2,0.1413101702928543
153,blocks.2.gate_conv,0.028352124616503716
153,blocks.3.conv1,0.1291658580303192
153,blocks.3.conv2,0.05786734074354172
153,blocks.3.gate_conv,0.0069460682570934296
153,mean_conv2d_grad_norm,0.10403714586909
154,stem.0,0.054444361478090286
154,blocks.0.conv1,0.06068050116300583
154,blocks.0.conv2,0.07004833221435547
154,blocks.0.gate_conv,0.010518375784158707
154,blocks.1.conv1,0.07531257718801498
154,blocks.1.conv2,0.0759919285774231
154,blocks.1.gate_conv,0.012175003997981548
154,blocks.2.conv1,0.08007550984621048
154,blocks.2.conv2,0.06351830065250397
154,blocks.2.gate_conv,0.01217663288116455
154,blocks.3.conv1,0.05980609729886055
154,blocks.3.conv2,0.028844071552157402
154,blocks.3.gate_conv,0.0036994554102420807
154,mean_conv2d_grad_norm,0.0467147036957053
155,stem.0,0.11297226697206497
155,blocks.0.conv1,0.13106201589107513
155,blocks.0.conv2,0.1628517210483551
155,blocks.0.gate_conv,0.023705914616584778
155,blocks.1.conv1,0.17595484852790833
155,blocks.1.conv2,0.1679665595293045
155,blocks.1.gate_conv,0.02884167805314064
155,blocks.2.conv1,0.1722324788570404
155,blocks.2.conv2,0.13806016743183136
155,blocks.2.gate_conv,0.03063090890645981
155,blocks.3.conv1,0.12256903946399689
155,blocks.3.conv2,0.05998706445097923
155,blocks.3.gate_conv,0.008423573337495327
155,mean_conv2d_grad_norm,0.10271217208355665
156,stem.0,0.08769311010837555
156,blocks.0.conv1,0.09386920183897018
156,blocks.0.conv2,0.11105674505233765
156,blocks.0.gate_conv,0.016730638220906258
156,blocks.1.conv1,0.12180256843566895
156,blocks.1.conv2,0.11731667071580887
156,blocks.1.gate_conv,0.020684771239757538
156,blocks.2.conv1,0.11586189270019531
156,blocks.2.conv2,0.0957755446434021
156,blocks.2.gate_conv,0.018818648532032967
156,blocks.3.conv1,0.09277701377868652
156,blocks.3.conv2,0.04614802077412605
156,blocks.3.gate_conv,0.004394776187837124
156,mean_conv2d_grad_norm,0.07253304632523885
157,stem.0,0.12149657309055328
157,blocks.0.conv1,0.1757679581642151
157,blocks.0.conv2,0.20443998277187347
157,blocks.0.gate_conv,0.028604276478290558
157,blocks.1.conv1,0.23059432208538055
157,blocks.1.conv2,0.23004335165023804
157,blocks.1.gate_conv,0.038497958332300186
157,blocks.2.conv1,0.23196670413017273
157,blocks.2.conv2,0.18557481467723846
157,blocks.2.gate_conv,0.04291708767414093
157,blocks.3.conv1,0.1789192259311676
157,blocks.3.conv2,0.09039866924285889
157,blocks.3.gate_conv,0.009785957634449005
157,mean_conv2d_grad_norm,0.13607745245099068
158,stem.0,0.0699026882648468
158,blocks.0.conv1,0.10079965740442276
158,blocks.0.conv2,0.11504710465669632
158,blocks.0.gate_conv,0.017760947346687317
158,blocks.1.conv1,0.11610697954893112
158,blocks.1.conv2,0.11506751924753189
158,blocks.1.gate_conv,0.01979689858853817
158,blocks.2.conv1,0.11674924194812775
158,blocks.2.conv2,0.0910223051905632
158,blocks.2.gate_conv,0.018241282552480698
158,blocks.3.conv1,0.08697138726711273
158,blocks.3.conv2,0.03818223625421524
158,blocks.3.gate_conv,0.004647457040846348
158,mean_conv2d_grad_norm,0.07002274656238464
159,stem.0,0.11459021270275116
159,blocks.0.conv1,0.14152872562408447
159,blocks.0.conv2,0.15192359685897827
159,blocks.0.gate_conv,0.024216247722506523
159,blocks.1.conv1,0.15280918776988983
159,blocks.1.conv2,0.14658257365226746
159,blocks.1.gate_conv,0.023549551144242287
159,blocks.2.conv1,0.1682364046573639
159,blocks.2.conv2,0.1370796412229538
159,blocks.2.gate_conv,0.025782685726881027
159,blocks.3.conv1,0.13277556002140045
159,blocks.3.conv2,0.06260916590690613
159,blocks.3.gate_conv,0.0066252886317670345
159,mean_conv2d_grad_norm,0.0991006801263071
160,stem.0,0.09042409062385559
160,blocks.0.conv1,0.10177942365407944
160,blocks.0.conv2,0.12494169175624847
160,blocks.0.gate_conv,0.017558719962835312
160,blocks.1.conv1,0.13232925534248352
160,blocks.1.conv2,0.12667782604694366
160,blocks.1.gate_conv,0.020895661786198616
160,blocks.2.conv1,0.13744506239891052
160,blocks.2.conv2,0.1101650595664978
160,blocks.2.gate_conv,0.021258283406496048
160,blocks.3.conv1,0.10717818886041641
160,blocks.3.conv2,0.05184832960367203
160,blocks.3.gate_conv,0.007824527099728584
160,mean_conv2d_grad_norm,0.08079431693141277
161,stem.0,0.04021158441901207
161,blocks.0.conv1,0.04682997614145279
161,blocks.0.conv2,0.06091401353478432
161,blocks.0.gate_conv,0.008617624640464783
161,blocks.1.conv1,0.06642873585224152
161,blocks.1.conv2,0.0617457814514637
161,blocks.1.gate_conv,0.00979018583893776
161,blocks.2.conv1,0.06404319405555725
161,blocks.2.conv2,0.052119988948106766
161,blocks.2.gate_conv,0.009624365717172623
161,blocks.3.conv1,0.050577856600284576
161,blocks.3.conv2,0.0234221201390028
161,blocks.3.gate_conv,0.0025661319959908724
161,mean_conv2d_grad_norm,0.038222427641113214
162,stem.0,0.11851909011602402
162,blocks.0.conv1,0.14536340534687042
162,blocks.0.conv2,0.17994582653045654
162,blocks.0.gate_conv,0.026270901784300804
162,blocks.1.conv1,0.1994641274213791
162,blocks.1.conv2,0.17911845445632935
162,blocks.1.gate_conv,0.03264784812927246
162,blocks.2.conv1,0.17646321654319763
162,blocks.2.conv2,0.13228152692317963
162,blocks.2.gate_conv,0.02682379260659218
162,blocks.3.conv1,0.13255907595157623
162,blocks.3.conv2,0.07028712332248688
162,blocks.3.gate_conv,0.008371409960091114
162,mean_conv2d_grad_norm,0.10985506146859664
163,stem.0,0.10702834278345108
163,blocks.0.conv1,0.12403205037117004
163,blocks.0.conv2,0.15593579411506653
163,blocks.0.gate_conv,0.01940883882343769
163,blocks.1.conv1,0.1624148190021515
163,blocks.1.conv2,0.15956337749958038
163,blocks.1.gate_conv,0.026948893442749977
163,blocks.2.conv1,0.15697702765464783
163,blocks.2.conv2,0.14510104060173035
163,blocks.2.gate_conv,0.030708763748407364
163,blocks.3.conv1,0.1438787877559662
163,blocks.3.conv2,0.07835932075977325
163,blocks.3.gate_conv,0.007229293696582317
163,mean_conv2d_grad_norm,0.10135279617343958
164,stem.0,0.09847060590982437
164,blocks.0.conv1,0.10251671075820923
164,blocks.0.conv2,0.11655112355947495
164,blocks.0.gate_conv,0.016787219792604446
164,blocks.1.conv1,0.13716353476047516
164,blocks.1.conv2,0.13371552526950836
164,blocks.1.gate_conv,0.022401807829737663
164,blocks.2.conv1,0.1400817632675171
164,blocks.2.conv2,0.11710501462221146
164,blocks.2.gate_conv,0.025417957454919815
164,blocks.3.conv1,0.11284167319536209
164,blocks.3.conv2,0.05440150946378708
164,blocks.3.gate_conv,0.005328508093953133
164,mean_conv2d_grad_norm,0.08329099645981422
165,stem.0,0.06010955944657326
165,blocks.0.conv1,0.0649418756365776
165,blocks.0.conv2,0.08333708345890045
165,blocks.0.gate_conv,0.011524531058967113
165,blocks.1.conv1,0.09216554462909698
165,blocks.1.conv2,0.08779425173997879
165,blocks.1.gate_conv,0.013492101803421974
165,blocks.2.conv1,0.09887514263391495
165,blocks.2.conv2,0.08514441549777985
165,blocks.2.gate_conv,0.013876437209546566
165,blocks.3.conv1,0.08336226642131805
165,blocks.3.conv2,0.03914809226989746
165,blocks.3.gate_conv,0.004970940761268139
165,mean_conv2d_grad_norm,0.05682632635132624
166,stem.0,0.1316879540681839
166,blocks.0.conv1,0.1751815378665924
166,blocks.0.conv2,0.20529969036579132
166,blocks.0.gate_conv,0.03256935253739357
166,blocks.1.conv1,0.22377197444438934
166,blocks.1.conv2,0.2004908323287964
166,blocks.1.gate_conv,0.03421195596456528
166,blocks.2.conv1,0.23026332259178162
166,blocks.2.conv2,0.18861466646194458
166,blocks.2.gate_conv,0.04016631841659546
166,blocks.3.conv1,0.1810537874698639
166,blocks.3.conv2,0.07687350362539291
166,blocks.3.gate_conv,0.008265184238553047
166,mean_conv2d_grad_norm,0.1329576984907572
167,stem.0,0.04692189395427704
167,blocks.0.conv1,0.06306713819503784
167,blocks.0.conv2,0.07770257443189621
167,blocks.0.gate_conv,0.01190761849284172
167,blocks.1.conv1,0.08211905509233475
167,blocks.1.conv2,0.08057042956352234
167,blocks.1.gate_conv,0.012469273060560226
167,blocks.2.conv1,0.08511455357074738
167,blocks.2.conv2,0.0701480582356453
167,blocks.2.gate_conv,0.015741849318146706
167,blocks.3.conv1,0.06322114914655685
167,blocks.3.conv2,0.03223062679171562
167,blocks.3.gate_conv,0.004450926091521978
167,mean_conv2d_grad_norm,0.04966654968806184
168,stem.0,0.06865601986646652
168,blocks.0.conv1,0.07992120087146759
168,blocks.0.conv2,0.09948167949914932
168,blocks.0.gate_conv,0.015296601690351963
168,blocks.1.conv1,0.11036906391382217
168,blocks.1.conv2,0.10727919638156891
168,blocks.1.gate_conv,0.01814623922109604
168,blocks.2.conv1,0.10711845010519028
168,blocks.2.conv2,0.08711598068475723
168,blocks.2.gate_conv,0.01729988306760788
168,blocks.3.conv1,0.07458079606294632
168,blocks.3.conv2,0.03827610984444618
168,blocks.3.gate_conv,0.004111608024686575
168,mean_conv2d_grad_norm,0.06366560224873516
169,stem.0,0.04693274945020676
169,blocks.0.conv1,0.05415451526641846
169,blocks.0.conv2,0.0628964826464653
169,blocks.0.gate_conv,0.00869978591799736
169,blocks.1.conv1,0.06940604746341705
169,blocks.1.conv2,0.06746942549943924
169,blocks.1.gate_conv,0.010165228508412838
169,blocks.2.conv1,0.07111746072769165
169,blocks.2.conv2,0.060600463300943375
169,blocks.2.gate_conv,0.01132894866168499
169,blocks.3.conv1,0.055312179028987885
169,blocks.3.conv2,0.027070628479123116
169,blocks.3.gate_conv,0.002840029075741768
169,mean_conv2d_grad_norm,0.04215338030973306
170,stem.0,0.07492782175540924
170,blocks.0.conv1,0.09467601031064987
170,blocks.0.conv2,0.11064555495977402
170,blocks.0.gate_conv,0.015994947403669357
170,blocks.1.conv1,0.12144285440444946
170,blocks.1.conv2,0.11973559111356735
170,blocks.1.gate_conv,0.020343147218227386
170,blocks.2.conv1,0.12393982708454132
170,blocks.2.conv2,0.09803061932325363
170,blocks.2.gate_conv,0.02205219492316246
170,blocks.3.conv1,0.08473354578018188
170,blocks.3.conv2,0.03981470689177513
170,blocks.3.gate_conv,0.004053826443850994
170,mean_conv2d_grad_norm,0.07156851135480863
171,stem.0,0.07987795770168304
171,blocks.0.conv1,0.10345276445150375
171,blocks.0.conv2,0.12399829924106598
171,blocks.0.gate_conv,0.018762635067105293
171,blocks.1.conv1,0.13313889503479004
171,blocks.1.conv2,0.1245008260011673
171,blocks.1.gate_conv,0.01911621168255806
171,blocks.2.conv1,0.12992379069328308
171,blocks.2.conv2,0.11393290758132935
171,blocks.2.gate_conv,0.021930059418082237
171,blocks.3.conv1,0.11181719601154327
171,blocks.3.conv2,0.050764039158821106
171,blocks.3.gate_conv,0.006973599549382925
171,mean_conv2d_grad_norm,0.07986070627633196
172,stem.0,0.08588090538978577
172,blocks.0.conv1,0.09756747633218765
172,blocks.0.conv2,0.11561636626720428
172,blocks.0.gate_conv,0.016525348648428917
172,blocks.1.conv1,0.13568489253520966
172,blocks.1.conv2,0.13020220398902893
172,blocks.1.gate_conv,0.020480820909142494
172,blocks.2.conv1,0.13596485555171967
172,blocks.2.conv2,0.1139538437128067
172,blocks.2.gate_conv,0.02691236510872841
172,blocks.3.conv1,0.1166427806019783
172,blocks.3.conv2,0.05670953541994095
172,blocks.3.gate_conv,0.007236718200147152
172,mean_conv2d_grad_norm,0.08149062405125453
173,stem.0,0.08674927800893784
173,blocks.0.conv1,0.11871654540300369
173,blocks.0.conv2,0.13839668035507202
173,blocks.0.gate_conv,0.019365962594747543
173,blocks.1.conv1,0.14950338006019592
173,blocks.1.conv2,0.14605337381362915
173,blocks.1.gate_conv,0.024412820115685463
173,blocks.2.conv1,0.14989449083805084
173,blocks.2.conv2,0.11838749796152115
173,blocks.2.gate_conv,0.025803469121456146
173,blocks.3.conv1,0.11112994700670242
173,blocks.3.conv2,0.05150775983929634
173,blocks.3.gate_conv,0.006363405380398035
173,mean_conv2d_grad_norm,0.0881757392691305
174,stem.0,0.07619552314281464
174,blocks.0.conv1,0.08037205040454865
174,blocks.0.conv2,0.09295419603586197
174,blocks.0.gate_conv,0.01534920372068882
174,blocks.1.conv1,0.09853092581033707
174,blocks.1.conv2,0.10534878075122833
174,blocks.1.gate_conv,0.019831527024507523
174,blocks.2.conv1,0.10254747420549393
174,blocks.2.conv2,0.09426619857549667
174,blocks.2.gate_conv,0.01901235245168209
174,blocks.3.conv1,0.09653088450431824
174,blocks.3.conv2,0.04174397513270378
174,blocks.3.gate_conv,0.003122383961454034
174,mean_conv2d_grad_norm,0.0650619596708566
175,stem.0,0.03954297676682472
175,blocks.0.conv1,0.036729712039232254
175,blocks.0.conv2,0.0444427989423275
175,blocks.0.gate_conv,0.006380453705787659
175,blocks.1.conv1,0.049003709107637405
175,blocks.1.conv2,0.046742092818021774
175,blocks.1.gate_conv,0.00788433849811554
175,blocks.2.conv1,0.04889177903532982
175,blocks.2.conv2,0.04029559716582298
175,blocks.2.gate_conv,0.00806907843798399
175,blocks.3.conv1,0.036699824035167694
175,blocks.3.conv2,0.020201286301016808
175,blocks.3.gate_conv,0.0024159091990441084
175,mean_conv2d_grad_norm,0.029792273542485558
176,stem.0,0.10873531550168991
176,blocks.0.conv1,0.14687973260879517
176,blocks.0.conv2,0.18248529732227325
176,blocks.0.gate_conv,0.025034211575984955
176,blocks.1.conv1,0.19196851551532745
176,blocks.1.conv2,0.1850791722536087
176,blocks.1.gate_conv,0.029017452150583267
176,blocks.2.conv1,0.1890973597764969
176,blocks.2.conv2,0.15085092186927795
176,blocks.2.gate_conv,0.02853861264884472
176,blocks.3.conv1,0.14091695845127106
176,blocks.3.conv2,0.06256607919931412
176,blocks.3.gate_conv,0.00797596201300621
176,mean_conv2d_grad_norm,0.11147273776049797
177,stem.0,0.06121494248509407
177,blocks.0.conv1,0.08486626297235489
177,blocks.0.conv2,0.10404742509126663
177,blocks.0.gate_conv,0.01507516298443079
177,blocks.1.conv1,0.11077060550451279
177,blocks.1.conv2,0.10416808724403381
177,blocks.1.gate_conv,0.01636345684528351
177,blocks.2.conv1,0.10689682513475418
177,blocks.2.conv2,0.08627571165561676
177,blocks.2.gate_conv,0.018671076744794846
177,blocks.3.conv1,0.08231301605701447
177,blocks.3.conv2,0.03681940957903862
177,blocks.3.gate_conv,0.004117229953408241
177,mean_conv2d_grad_norm,0.06396917017320028
178,stem.0,0.048542775213718414
178,blocks.0.conv1,0.0687963142991066
178,blocks.0.conv2,0.08203314989805222
178,blocks.0.gate_conv,0.010772631503641605
178,blocks.1.conv1,0.08718463033437729
178,blocks.1.conv2,0.08202195912599564
178,blocks.1.gate_conv,0.013461189344525337
178,blocks.2.conv1,0.08407145738601685
178,blocks.2.conv2,0.06337288022041321
178,blocks.2.gate_conv,0.011280141770839691
178,blocks.3.conv1,0.05444280058145523
178,blocks.3.conv2,0.023226039484143257
178,blocks.3.gate_conv,0.0025656598154455423
178,mean_conv2d_grad_norm,0.04859781761367161
179,stem.0,0.12375722080469131
179,blocks.0.conv1,0.17704887688159943
179,blocks.0.conv2,0.2283180058002472
179,blocks.0.gate_conv,0.028355835005640984
179,blocks.1.conv1,0.2396530956029892
179,blocks.1.conv2,0.22975540161132812
179,blocks.1.gate_conv,0.039203424006700516
179,blocks.2.conv1,0.24043378233909607
179,blocks.2.conv2,0.2007107436656952
179,blocks.2.gate_conv,0.03836189955472946
179,blocks.3.conv1,0.1727660447359085
179,blocks.3.conv2,0.07377827167510986
179,blocks.3.gate_conv,0.008978807367384434
179,mean_conv2d_grad_norm,0.13854780069624
180,stem.0,0.20931380987167358
180,blocks.0.conv1,0.21604304015636444
180,blocks.0.conv2,0.2666293978691101
180,blocks.0.gate_conv,0.03783063590526581
180,blocks.1.conv1,0.30003756284713745
180,blocks.1.conv2,0.29375159740448
180,blocks.1.gate_conv,0.048154573887586594
180,blocks.2.conv1,0.2962324321269989
180,blocks.2.conv2,0.23890188336372375
180,blocks.2.gate_conv,0.04327143356204033
180,blocks.3.conv1,0.20675744116306305
180,blocks.3.conv2,0.09496276080608368
180,blocks.3.gate_conv,0.012567415833473206
180,mean_conv2d_grad_norm,0.17418876806130776
181,stem.0,0.016501275822520256
181,blocks.0.conv1,0.019760826602578163
181,blocks.0.conv2,0.024849997833371162
181,blocks.0.gate_conv,0.0034136828035116196
181,blocks.1.conv1,0.02768881618976593
181,blocks.1.conv2,0.02576320990920067
181,blocks.1.gate_conv,0.004038747400045395
181,blocks.2.conv1,0.02678167261183262
181,blocks.2.conv2,0.02174568548798561
181,blocks.2.gate_conv,0.003929575905203819
181,blocks.3.conv1,0.019328854978084564
181,blocks.3.conv2,0.009122665040194988
181,blocks.3.gate_conv,0.0007919378695078194
181,mean_conv2d_grad_norm,0.015670534496446356
182,stem.0,0.04654109850525856
182,blocks.0.conv1,0.05949924513697624
182,blocks.0.conv2,0.0758366659283638
182,blocks.0.gate_conv,0.01113682147115469
182,blocks.1.conv1,0.08214971423149109
182,blocks.1.conv2,0.08146808296442032
182,blocks.1.gate_conv,0.012368183583021164
182,blocks.2.conv1,0.08321695029735565
182,blocks.2.conv2,0.06842519342899323
182,blocks.2.gate_conv,0.012930034659802914
182,blocks.3.conv1,0.06022077426314354
182,blocks.3.conv2,0.0261987317353487
182,blocks.3.gate_conv,0.002023977693170309
182,mean_conv2d_grad_norm,0.04784734414603848
183,stem.0,0.13413512706756592
183,blocks.0.conv1,0.11565837264060974
183,blocks.0.conv2,0.13903497159481049
183,blocks.0.gate_conv,0.019238613545894623
183,blocks.1.conv1,0.14167745411396027
183,blocks.1.conv2,0.14366638660430908
183,blocks.1.gate_conv,0.023291930556297302
183,blocks.2.conv1,0.155692920088768
183,blocks.2.conv2,0.12586812674999237
183,blocks.2.gate_conv,0.02184961549937725
183,blocks.3.conv1,0.12262832373380661
183,blocks.3.conv2,0.05662781372666359
183,blocks.3.gate_conv,0.00638226792216301
183,mean_conv2d_grad_norm,0.09275014798801678
184,stem.0,0.02829940989613533
184,blocks.0.conv1,0.03744036704301834
184,blocks.0.conv2,0.04364997148513794
184,blocks.0.gate_conv,0.006304751615971327
184,blocks.1.conv1,0.04770112782716751
184,blocks.1.conv2,0.047589730471372604
184,blocks.1.gate_conv,0.007833135314285755
184,blocks.2.conv1,0.048232052475214005
184,blocks.2.conv2,0.03980330377817154
184,blocks.2.gate_conv,0.008700152859091759
184,blocks.3.conv1,0.038862597197294235
184,blocks.3.conv2,0.02080846019089222
184,blocks.3.gate_conv,0.0020384558010846376
184,mean_conv2d_grad_norm,0.0290202704580644
185,stem.0,0.06312296539545059
185,blocks.0.conv1,0.09924004226922989
185,blocks.0.conv2,0.10567793995141983
185,blocks.0.gate_conv,0.014538326300680637
185,blocks.1.conv1,0.10761495679616928
185,blocks.1.conv2,0.10268275439739227
185,blocks.1.gate_conv,0.0157758891582489
185,blocks.2.conv1,0.09942866861820221
185,blocks.2.conv2,0.08232562243938446
185,blocks.2.gate_conv,0.015346139669418335
185,blocks.3.conv1,0.06998063623905182
185,blocks.3.conv2,0.02991149015724659
185,blocks.3.gate_conv,0.0036391206085681915
185,mean_conv2d_grad_norm,0.06225265784618946
186,stem.0,0.032164957374334335
186,blocks.0.conv1,0.04252340644598007
186,blocks.0.conv2,0.05359895899891853
186,blocks.0.gate_conv,0.007720788009464741
186,blocks.1.conv1,0.05867765098810196
186,blocks.1.conv2,0.05787762999534607
186,blocks.1.gate_conv,0.009215290658175945
186,blocks.2.conv1,0.05979613959789276
186,blocks.2.conv2,0.04727688431739807
186,blocks.2.gate_conv,0.009253332391381264
186,blocks.3.conv1,0.041906993836164474
186,blocks.3.conv2,0.02245580218732357
186,blocks.3.gate_conv,0.0033527519553899765
186,mean_conv2d_grad_norm,0.03429389128891321
187,stem.0,0.1956188976764679
187,blocks.0.conv1,0.21081678569316864
187,blocks.0.conv2,0.25577613711357117
187,blocks.0.gate_conv,0.03727075830101967
187,blocks.1.conv1,0.28198498487472534
187,blocks.1.conv2,0.2749095857143402
187,blocks.1.gate_conv,0.045447465032339096
187,blocks.2.conv1,0.2877886891365051
187,blocks.2.conv2,0.2087431401014328
187,blocks.2.gate_conv,0.041718583554029465
187,blocks.3.conv1,0.21238598227500916
187,blocks.3.conv2,0.09364025294780731
187,blocks.3.gate_conv,0.009928104467689991
187,mean_conv2d_grad_norm,0.16584841283754662
188,stem.0,0.07543957233428955
188,blocks.0.conv1,0.09380831569433212
188,blocks.0.conv2,0.10636886954307556
188,blocks.0.gate_conv,0.01581992208957672
188,blocks.1.conv1,0.1146046370267868
188,blocks.1.conv2,0.11019350588321686
188,blocks.1.gate_conv,0.016884231939911842
188,blocks.2.conv1,0.11740238219499588
188,blocks.2.conv2,0.0956510454416275
188,blocks.2.gate_conv,0.017919927835464478
188,blocks.3.conv1,0.08856740593910217
188,blocks.3.conv2,0.044447366148233414
188,blocks.3.gate_conv,0.00495994184166193
188,mean_conv2d_grad_norm,0.06938977876248267
189,stem.0,0.06768956035375595
189,blocks.0.conv1,0.08304264396429062
189,blocks.0.conv2,0.09558991342782974
189,blocks.0.gate_conv,0.012334227561950684
189,blocks.1.conv1,0.10309607535600662
189,blocks.1.conv2,0.09815385192632675
189,blocks.1.gate_conv,0.015903163701295853
189,blocks.2.conv1,0.10193654894828796
189,blocks.2.conv2,0.07896876335144043
189,blocks.2.gate_conv,0.016441654413938522
189,blocks.3.conv1,0.07176851481199265
189,blocks.3.conv2,0.035172391682863235
189,blocks.3.gate_conv,0.004398962948471308
189,mean_conv2d_grad_norm,0.06034586711141925
190,stem.0,0.09685275703668594
190,blocks.0.conv1,0.10269319266080856
190,blocks.0.conv2,0.1370355635881424
190,blocks.0.gate_conv,0.016001040115952492
190,blocks.1.conv1,0.15524838864803314
190,blocks.1.conv2,0.15234054625034332
190,blocks.1.gate_conv,0.023585284128785133
190,blocks.2.conv1,0.1635165512561798
190,blocks.2.conv2,0.11240080744028091
190,blocks.2.gate_conv,0.024013889953494072
190,blocks.3.conv1,0.11295610666275024
190,blocks.3.conv2,0.047665271908044815
190,blocks.3.gate_conv,0.00544385751709342
190,mean_conv2d_grad_norm,0.08844255824358417
191,stem.0,0.07862602174282074
191,blocks.0.conv1,0.09163187444210052
191,blocks.0.conv2,0.10633131116628647
191,blocks.0.gate_conv,0.016230430454015732
191,blocks.1.conv1,0.11550614982843399
191,blocks.1.conv2,0.10961537808179855
191,blocks.1.gate_conv,0.01895483210682869
191,blocks.2.conv1,0.11725117266178131
191,blocks.2.conv2,0.09994988143444061
191,blocks.2.gate_conv,0.019633188843727112
191,blocks.3.conv1,0.0955946296453476
191,blocks.3.conv2,0.04872642830014229
191,blocks.3.gate_conv,0.00582936592400074
191,mean_conv2d_grad_norm,0.07106774343320957
192,stem.0,0.03872157260775566
192,blocks.0.conv1,0.047713395208120346
192,blocks.0.conv2,0.06653326004743576
192,blocks.0.gate_conv,0.010826336219906807
192,blocks.1.conv1,0.07780363410711288
192,blocks.1.conv2,0.07352021336555481
192,blocks.1.gate_conv,0.011097332462668419
192,blocks.2.conv1,0.0732889398932457
192,blocks.2.conv2,0.056022971868515015
192,blocks.2.gate_conv,0.010113994590938091
192,blocks.3.conv1,0.05152255296707153
192,blocks.3.conv2,0.025488032028079033
192,blocks.3.gate_conv,0.0027957232668995857
192,mean_conv2d_grad_norm,0.0419575352794849
193,stem.0,0.07629206031560898
193,blocks.0.conv1,0.07174944132566452
193,blocks.0.conv2,0.07960435003042221
193,blocks.0.gate_conv,0.012189535424113274
193,blocks.1.conv1,0.09110473841428757
193,blocks.1.conv2,0.08780377358198166
193,blocks.1.gate_conv,0.015233614481985569
193,blocks.2.conv1,0.09127763658761978
193,blocks.2.conv2,0.07598914206027985
193,blocks.2.gate_conv,0.015719257295131683
193,blocks.3.conv1,0.07462829351425171
193,blocks.3.conv2,0.038499243557453156
193,blocks.3.gate_conv,0.004546267446130514
193,mean_conv2d_grad_norm,0.05651056569499465
194,stem.0,0.09715276211500168
194,blocks.0.conv1,0.14865918457508087
194,blocks.0.conv2,0.19441547989845276
194,blocks.0.gate_conv,0.03172314539551735
194,blocks.1.conv1,0.20128308236598969
194,blocks.1.conv2,0.18533369898796082
194,blocks.1.gate_conv,0.03175850957632065
194,blocks.2.conv1,0.19248495995998383
194,blocks.2.conv2,0.14995774626731873
194,blocks.2.gate_conv,0.027159230783581734
194,blocks.3.conv1,0.15167826414108276
194,blocks.3.conv2,0.06362100690603256
194,blocks.3.gate_conv,0.006553080398589373
194,mean_conv2d_grad_norm,0.1139830885669933
195,stem.0,0.12838083505630493
195,blocks.0.conv1,0.1662512868642807
195,blocks.0.conv2,0.2118626832962036
195,blocks.0.gate_conv,0.03520486503839493
195,blocks.1.conv1,0.24569770693778992
195,blocks.1.conv2,0.2279626578092575
195,blocks.1.gate_conv,0.03935907408595085
195,blocks.2.conv1,0.2292291522026062
195,blocks.2.conv2,0.18444740772247314
195,blocks.2.gate_conv,0.035448502749204636
195,blocks.3.conv1,0.18711797893047333
195,blocks.3.conv2,0.08459305018186569
195,blocks.3.gate_conv,0.011333375237882137
195,mean_conv2d_grad_norm,0.13745296739328366
196,stem.0,0.03233860805630684
196,blocks.0.conv1,0.03869153559207916
196,blocks.0.conv2,0.04792286828160286
196,blocks.0.gate_conv,0.006772815249860287
196,blocks.1.conv1,0.05284431204199791
196,blocks.1.conv2,0.05248827114701271
196,blocks.1.gate_conv,0.007897320203483105
196,blocks.2.conv1,0.05404919013381004
196,blocks.2.conv2,0.043842993676662445
196,blocks.2.gate_conv,0.008505117148160934
196,blocks.3.conv1,0.0428948737680912
196,blocks.3.conv2,0.020591899752616882
196,blocks.3.gate_conv,0.003148379037156701
196,mean_conv2d_grad_norm,0.0316913987760647
197,stem.0,0.05447321757674217
197,blocks.0.conv1,0.09447028487920761
197,blocks.0.conv2,0.11376175284385681
197,blocks.0.gate_conv,0.018148936331272125
197,blocks.1.conv1,0.0982850044965744
197,blocks.1.conv2,0.09025740623474121
197,blocks.1.gate_conv,0.01798229105770588
197,blocks.2.conv1,0.08502619713544846
197,blocks.2.conv2,0.07200789451599121
197,blocks.2.gate_conv,0.02314699999988079
197,blocks.3.conv1,0.06789841502904892
197,blocks.3.conv2,0.032255250960588455
197,blocks.3.gate_conv,0.0031681747641414404
197,mean_conv2d_grad_norm,0.0592986019865538
198,stem.0,0.06290305405855179
198,blocks.0.conv1,0.08117789030075073
198,blocks.0.conv2,0.09761037677526474
198,blocks.0.gate_conv,0.01510549709200859
198,blocks.1.conv1,0.10759702324867249
198,blocks.1.conv2,0.0978415459394455
198,blocks.1.gate_conv,0.016912491992115974
198,blocks.2.conv1,0.10734935849905014
198,blocks.2.conv2,0.08634661138057709
198,blocks.2.gate_conv,0.014966475777328014
198,blocks.3.conv1,0.0946488082408905
198,blocks.3.conv2,0.042486365884542465
198,blocks.3.gate_conv,0.0030724923126399517
198,mean_conv2d_grad_norm,0.06369369165398754
199,stem.0,0.05766677483916283
199,blocks.0.conv1,0.059943798929452896
199,blocks.0.conv2,0.0702405720949173
199,blocks.0.gate_conv,0.010167107917368412
199,blocks.1.conv1,0.07561398297548294
199,blocks.1.conv2,0.0768057331442833
199,blocks.1.gate_conv,0.012639856897294521
199,blocks.2.conv1,0.07791934907436371
199,blocks.2.conv2,0.0691719651222229
199,blocks.2.gate_conv,0.012478631921112537
199,blocks.3.conv1,0.06817508488893509
199,blocks.3.conv2,0.03593900054693222
199,blocks.3.gate_conv,0.00410327035933733
199,mean_conv2d_grad_norm,0.04852808682391277
200,stem.0,0.06804309040307999
200,blocks.0.conv1,0.08200575411319733
200,blocks.0.conv2,0.09899862110614777
200,blocks.0.gate_conv,0.013893427327275276
200,blocks.1.conv1,0.11120153218507767
200,blocks.1.conv2,0.10739542543888092
200,blocks.1.gate_conv,0.016723841428756714
200,blocks.2.conv1,0.10870475322008133
200,blocks.2.conv2,0.09180507063865662
200,blocks.2.gate_conv,0.016791902482509613
200,blocks.3.conv1,0.09152849018573761
200,blocks.3.conv2,0.041389819234609604
200,blocks.3.gate_conv,0.004041947890073061
200,mean_conv2d_grad_norm,0.06557874428108335
