epoch,layer,grad_norm
1,stem.0,0.12772046029567719
1,blocks.0.conv1,0.10347414761781693
1,blocks.0.conv2,0.10217539221048355
1,blocks.1.conv1,0.08180353790521622
1,blocks.1.conv2,0.08867298811674118
1,blocks.2.conv1,0.07090190052986145
1,blocks.2.conv2,0.07641325145959854
1,blocks.3.conv1,0.06337594985961914
1,blocks.3.conv2,0.07159572094678879
1,blocks.4.conv1,0.058841533958911896
1,blocks.4.conv2,0.06374029070138931
1,blocks.5.conv1,0.07180432230234146
1,blocks.5.conv2,0.06435774266719818
1,blocks.6.conv1,0.05151332542300224
1,blocks.6.conv2,0.05973723903298378
1,blocks.7.conv1,0.0577988438308239
1,blocks.7.conv2,0.06617700308561325
1,mean_conv2d_grad_norm,0.07530021470259218
2,stem.0,0.6668315529823303
2,blocks.0.conv1,0.6232183575630188
2,blocks.0.conv2,0.6003811359405518
2,blocks.1.conv1,0.5162330269813538
2,blocks.1.conv2,0.4730265438556671
2,blocks.2.conv1,0.4179682433605194
2,blocks.2.conv2,0.39385610818862915
2,blocks.3.conv1,0.3677174746990204
2,blocks.3.conv2,0.3420727550983429
2,blocks.4.conv1,0.3142276108264923
2,blocks.4.conv2,0.3140414357185364
2,blocks.5.conv1,0.30954709649086
2,blocks.5.conv2,0.2917059063911438
2,blocks.6.conv1,0.24437490105628967
2,blocks.6.conv2,0.24128946661949158
2,blocks.7.conv1,0.1948712170124054
2,blocks.7.conv2,0.2189733237028122
2,mean_conv2d_grad_norm,0.3841374209698509
3,stem.0,0.3459557294845581
3,blocks.0.conv1,0.33601874113082886
3,blocks.0.conv2,0.35205012559890747
3,blocks.1.conv1,0.35125359892845154
3,blocks.1.conv2,0.35889506340026855
3,blocks.2.conv1,0.33956411480903625
3,blocks.2.conv2,0.30912959575653076
3,blocks.3.conv1,0.2911604642868042
3,blocks.3.conv2,0.26809242367744446
3,blocks.4.conv1,0.2653574049472809
3,blocks.4.conv2,0.2432146966457367
3,blocks.5.conv1,0.239908367395401
3,blocks.5.conv2,0.2308882623910904
3,blocks.6.conv1,0.2054126262664795
3,blocks.6.conv2,0.20033633708953857
3,blocks.7.conv1,0.15777231752872467
3,blocks.7.conv2,0.16630512475967407
3,mean_conv2d_grad_norm,0.27419499965275035
4,stem.0,0.4019705057144165
4,blocks.0.conv1,0.34410449862480164
4,blocks.0.conv2,0.36665108799934387
4,blocks.1.conv1,0.3895942270755768
4,blocks.1.conv2,0.3751016855239868
4,blocks.2.conv1,0.3811400532722473
4,blocks.2.conv2,0.37927380204200745
4,blocks.3.conv1,0.39306333661079407
4,blocks.3.conv2,0.33231374621391296
4,blocks.4.conv1,0.3196229636669159
4,blocks.4.conv2,0.2953631281852722
4,blocks.5.conv1,0.29777342081069946
4,blocks.5.conv2,0.2915136218070984
4,blocks.6.conv1,0.2637987434864044
4,blocks.6.conv2,0.24597471952438354
4,blocks.7.conv1,0.19320377707481384
4,blocks.7.conv2,0.22047008574008942
4,mean_conv2d_grad_norm,0.3229960825513391
5,stem.0,0.3406236469745636
5,blocks.0.conv1,0.29893597960472107
5,blocks.0.conv2,0.3359750807285309
5,blocks.1.conv1,0.3146013915538788
5,blocks.1.conv2,0.3265262842178345
5,blocks.2.conv1,0.339046835899353
5,blocks.2.conv2,0.3255591094493866
5,blocks.3.conv1,0.3051092028617859
5,blocks.3.conv2,0.276479035615921
5,blocks.4.conv1,0.2689964771270752
5,blocks.4.conv2,0.23708772659301758
5,blocks.5.conv1,0.24609699845314026
5,blocks.5.conv2,0.21714575588703156
5,blocks.6.conv1,0.2133394181728363
5,blocks.6.conv2,0.19635170698165894
5,blocks.7.conv1,0.16622474789619446
5,blocks.7.conv2,0.16191397607326508
5,mean_conv2d_grad_norm,0.26882431612295266
6,stem.0,0.20623961091041565
6,blocks.0.conv1,0.23494300246238708
6,blocks.0.conv2,0.30380815267562866
6,blocks.1.conv1,0.2882285714149475
6,blocks.1.conv2,0.28073301911354065
6,blocks.2.conv1,0.27879267930984497
6,blocks.2.conv2,0.2594129145145416
6,blocks.3.conv1,0.25700196623802185
6,blocks.3.conv2,0.21748104691505432
6,blocks.4.conv1,0.22428172826766968
6,blocks.4.conv2,0.20091015100479126
6,blocks.5.conv1,0.19312988221645355
6,blocks.5.conv2,0.19927679002285004
6,blocks.6.conv1,0.1816161721944809
6,blocks.6.conv2,0.1763124018907547
6,blocks.7.conv1,0.14807817339897156
6,blocks.7.conv2,0.14641211926937103
6,mean_conv2d_grad_norm,0.2233328459893956
7,stem.0,0.23777006566524506
7,blocks.0.conv1,0.27625492215156555
7,blocks.0.conv2,0.29792550206184387
7,blocks.1.conv1,0.2822662889957428
7,blocks.1.conv2,0.2994774281978607
7,blocks.2.conv1,0.30580776929855347
7,blocks.2.conv2,0.2786501944065094
7,blocks.3.conv1,0.2734827697277069
7,blocks.3.conv2,0.24328692257404327
7,blocks.4.conv1,0.2519097328186035
7,blocks.4.conv2,0.21808278560638428
7,blocks.5.conv1,0.2289746254682541
7,blocks.5.conv2,0.21362797915935516
7,blocks.6.conv1,0.20307163894176483
7,blocks.6.conv2,0.1910291612148285
7,blocks.7.conv1,0.16249509155750275
7,blocks.7.conv2,0.1585913598537445
7,mean_conv2d_grad_norm,0.24251201398232403
8,stem.0,0.28080886602401733
8,blocks.0.conv1,0.24117694795131683
8,blocks.0.conv2,0.26850995421409607
8,blocks.1.conv1,0.2634727358818054
8,blocks.1.conv2,0.2780214548110962
8,blocks.2.conv1,0.28787854313850403
8,blocks.2.conv2,0.2550533413887024
8,blocks.3.conv1,0.2636663615703583
8,blocks.3.conv2,0.23264479637145996
8,blocks.4.conv1,0.2536027729511261
8,blocks.4.conv2,0.21237973868846893
8,blocks.5.conv1,0.21483951807022095
8,blocks.5.conv2,0.19993075728416443
8,blocks.6.conv1,0.19659854471683502
8,blocks.6.conv2,0.17913740873336792
8,blocks.7.conv1,0.14273715019226074
8,blocks.7.conv2,0.13628999888896942
8,mean_conv2d_grad_norm,0.22980875828686884
9,stem.0,0.29642370343208313
9,blocks.0.conv1,0.2928197681903839
9,blocks.0.conv2,0.32432523369789124
9,blocks.1.conv1,0.3319140672683716
9,blocks.1.conv2,0.3244944214820862
9,blocks.2.conv1,0.34046122431755066
9,blocks.2.conv2,0.3065989911556244
9,blocks.3.conv1,0.29464948177337646
9,blocks.3.conv2,0.2551445960998535
9,blocks.4.conv1,0.2639428675174713
9,blocks.4.conv2,0.229731023311615
9,blocks.5.conv1,0.2304784506559372
9,blocks.5.conv2,0.22128112614154816
9,blocks.6.conv1,0.20095740258693695
9,blocks.6.conv2,0.1870277374982834
9,blocks.7.conv1,0.16861563920974731
9,blocks.7.conv2,0.15631267428398132
9,mean_conv2d_grad_norm,0.260304612271926
10,stem.0,0.1903633326292038
10,blocks.0.conv1,0.22549711167812347
10,blocks.0.conv2,0.25185346603393555
10,blocks.1.conv1,0.253631591796875
10,blocks.1.conv2,0.2754535377025604
10,blocks.2.conv1,0.2831551730632782
10,blocks.2.conv2,0.2689746618270874
10,blocks.3.conv1,0.24452915787696838
10,blocks.3.conv2,0.21813340485095978
10,blocks.4.conv1,0.22458940744400024
10,blocks.4.conv2,0.19109340012073517
10,blocks.5.conv1,0.19253240525722504
10,blocks.5.conv2,0.17020158469676971
10,blocks.6.conv1,0.1681230217218399
10,blocks.6.conv2,0.14734049141407013
10,blocks.7.conv1,0.12985220551490784
10,blocks.7.conv2,0.12171369045972824
10,mean_conv2d_grad_norm,0.2092375084757805
11,stem.0,0.18907995522022247
11,blocks.0.conv1,0.2311817854642868
11,blocks.0.conv2,0.26632410287857056
11,blocks.1.conv1,0.26476043462753296
11,blocks.1.conv2,0.27539604902267456
11,blocks.2.conv1,0.2776835560798645
11,blocks.2.conv2,0.2879984378814697
11,blocks.3.conv1,0.26214390993118286
11,blocks.3.conv2,0.23698511719703674
11,blocks.4.conv1,0.2564231753349304
11,blocks.4.conv2,0.22990229725837708
11,blocks.5.conv1,0.23796376585960388
11,blocks.5.conv2,0.21885070204734802
11,blocks.6.conv1,0.21847155690193176
11,blocks.6.conv2,0.19427545368671417
11,blocks.7.conv1,0.17580683529376984
11,blocks.7.conv2,0.15248894691467285
11,mean_conv2d_grad_norm,0.2338668283294229
12,stem.0,0.21279694139957428
12,blocks.0.conv1,0.20787476003170013
12,blocks.0.conv2,0.22080472111701965
12,blocks.1.conv1,0.22394366562366486
12,blocks.1.conv2,0.23431381583213806
12,blocks.2.conv1,0.25670814514160156
12,blocks.2.conv2,0.22573935985565186
12,blocks.3.conv1,0.23305454850196838
12,blocks.3.conv2,0.21841931343078613
12,blocks.4.conv1,0.2273358404636383
12,blocks.4.conv2,0.19608241319656372
12,blocks.5.conv1,0.19242940843105316
12,blocks.5.conv2,0.175675630569458
12,blocks.6.conv1,0.1739991307258606
12,blocks.6.conv2,0.15219752490520477
12,blocks.7.conv1,0.13409137725830078
12,blocks.7.conv2,0.10449594259262085
12,mean_conv2d_grad_norm,0.199409561122165
13,stem.0,0.20544540882110596
13,blocks.0.conv1,0.1999412626028061
13,blocks.0.conv2,0.21356235444545746
13,blocks.1.conv1,0.2477552443742752
13,blocks.1.conv2,0.24257312715053558
13,blocks.2.conv1,0.24123412370681763
13,blocks.2.conv2,0.2250276803970337
13,blocks.3.conv1,0.21802233159542084
13,blocks.3.conv2,0.1945512592792511
13,blocks.4.conv1,0.2061970978975296
13,blocks.4.conv2,0.17733769118785858
13,blocks.5.conv1,0.18221233785152435
13,blocks.5.conv2,0.16817957162857056
13,blocks.6.conv1,0.1722424477338791
13,blocks.6.conv2,0.15491682291030884
13,blocks.7.conv1,0.13726331293582916
13,blocks.7.conv2,0.12996311485767365
13,mean_conv2d_grad_norm,0.19508383466916926
14,stem.0,0.15937389433383942
14,blocks.0.conv1,0.20819556713104248
14,blocks.0.conv2,0.23172159492969513
14,blocks.1.conv1,0.2503787875175476
14,blocks.1.conv2,0.24752278625965118
14,blocks.2.conv1,0.255205899477005
14,blocks.2.conv2,0.2420181781053543
14,blocks.3.conv1,0.2436806857585907
14,blocks.3.conv2,0.21255993843078613
14,blocks.4.conv1,0.213216632604599
14,blocks.4.conv2,0.18721839785575867
14,blocks.5.conv1,0.2017468363046646
14,blocks.5.conv2,0.16501155495643616
14,blocks.6.conv1,0.1552712470293045
14,blocks.6.conv2,0.14517012238502502
14,blocks.7.conv1,0.1272425353527069
14,blocks.7.conv2,0.11063104122877121
14,mean_conv2d_grad_norm,0.19742151174475164
15,stem.0,0.19471226632595062
15,blocks.0.conv1,0.18060928583145142
15,blocks.0.conv2,0.19845569133758545
15,blocks.1.conv1,0.19739018380641937
15,blocks.1.conv2,0.20808625221252441
15,blocks.2.conv1,0.21288539469242096
15,blocks.2.conv2,0.1913471221923828
15,blocks.3.conv1,0.18915972113609314
15,blocks.3.conv2,0.17041784524917603
15,blocks.4.conv1,0.16623622179031372
15,blocks.4.conv2,0.15312671661376953
15,blocks.5.conv1,0.1479370892047882
15,blocks.5.conv2,0.13239535689353943
15,blocks.6.conv1,0.13482016324996948
15,blocks.6.conv2,0.10720591992139816
15,blocks.7.conv1,0.09704175591468811
15,blocks.7.conv2,0.08194894343614578
15,mean_conv2d_grad_norm,0.16257505469462452
16,stem.0,0.2023562639951706
16,blocks.0.conv1,0.2180541753768921
16,blocks.0.conv2,0.2384372502565384
16,blocks.1.conv1,0.2366492599248886
16,blocks.1.conv2,0.2628200352191925
16,blocks.2.conv1,0.2726553976535797
16,blocks.2.conv2,0.2543947696685791
16,blocks.3.conv1,0.24686327576637268
16,blocks.3.conv2,0.22557324171066284
16,blocks.4.conv1,0.22994394600391388
16,blocks.4.conv2,0.2010067254304886
16,blocks.5.conv1,0.18948470056056976
16,blocks.5.conv2,0.16972698271274567
16,blocks.6.conv1,0.1746235489845276
16,blocks.6.conv2,0.16045691072940826
16,blocks.7.conv1,0.14423774182796478
16,blocks.7.conv2,0.1324460804462433
16,mean_conv2d_grad_norm,0.2093959003686905
17,stem.0,0.18330563604831696
17,blocks.0.conv1,0.18571285903453827
17,blocks.0.conv2,0.2247411608695984
17,blocks.1.conv1,0.23552168905735016
17,blocks.1.conv2,0.2477051317691803
17,blocks.2.conv1,0.2514837086200714
17,blocks.2.conv2,0.23849649727344513
17,blocks.3.conv1,0.2324139028787613
17,blocks.3.conv2,0.20377062261104584
17,blocks.4.conv1,0.20629040896892548
17,blocks.4.conv2,0.1870354264974594
17,blocks.5.conv1,0.1815090775489807
17,blocks.5.conv2,0.15474668145179749
17,blocks.6.conv1,0.15426170825958252
17,blocks.6.conv2,0.124799944460392
17,blocks.7.conv1,0.11046507954597473
17,blocks.7.conv2,0.08863828331232071
17,mean_conv2d_grad_norm,0.18887634224751415
18,stem.0,0.2226656824350357
18,blocks.0.conv1,0.21549692749977112
18,blocks.0.conv2,0.2513343095779419
18,blocks.1.conv1,0.26074355840682983
18,blocks.1.conv2,0.2697446346282959
18,blocks.2.conv1,0.2703782021999359
18,blocks.2.conv2,0.25631430745124817
18,blocks.3.conv1,0.267533540725708
18,blocks.3.conv2,0.22826364636421204
18,blocks.4.conv1,0.23443222045898438
18,blocks.4.conv2,0.21111445128917694
18,blocks.5.conv1,0.20947274565696716
18,blocks.5.conv2,0.19640898704528809
18,blocks.6.conv1,0.19607804715633392
18,blocks.6.conv2,0.16200725734233856
18,blocks.7.conv1,0.15067635476589203
18,blocks.7.conv2,0.12756255269050598
18,mean_conv2d_grad_norm,0.21942514268790975
19,stem.0,0.22995655238628387
19,blocks.0.conv1,0.26082557439804077
19,blocks.0.conv2,0.29198533296585083
19,blocks.1.conv1,0.2943689525127411
19,blocks.1.conv2,0.2836083173751831
19,blocks.2.conv1,0.2868930697441101
19,blocks.2.conv2,0.2611255645751953
19,blocks.3.conv1,0.25665828585624695
19,blocks.3.conv2,0.2268241047859192
19,blocks.4.conv1,0.2601017951965332
19,blocks.4.conv2,0.24335648119449615
19,blocks.5.conv1,0.2311207354068756
19,blocks.5.conv2,0.19774504005908966
19,blocks.6.conv1,0.20221969485282898
19,blocks.6.conv2,0.1710893213748932
19,blocks.7.conv1,0.16618655622005463
19,blocks.7.conv2,0.13520950078964233
19,mean_conv2d_grad_norm,0.23525146351141088
20,stem.0,0.15178261697292328
20,blocks.0.conv1,0.16667307913303375
20,blocks.0.conv2,0.19479569792747498
20,blocks.1.conv1,0.19386443495750427
20,blocks.1.conv2,0.21414320170879364
20,blocks.2.conv1,0.21665112674236298
20,blocks.2.conv2,0.20668481290340424
20,blocks.3.conv1,0.21348576247692108
20,blocks.3.conv2,0.18316097557544708
20,blocks.4.conv1,0.1812046766281128
20,blocks.4.conv2,0.16413870453834534
20,blocks.5.conv1,0.16117052733898163
20,blocks.5.conv2,0.14141879975795746
20,blocks.6.conv1,0.1394834816455841
20,blocks.6.conv2,0.11146163195371628
20,blocks.7.conv1,0.11189761757850647
20,blocks.7.conv2,0.09428101778030396
20,mean_conv2d_grad_norm,0.16742930385996313
21,stem.0,0.2922254502773285
21,blocks.0.conv1,0.2237660139799118
21,blocks.0.conv2,0.23824642598628998
21,blocks.1.conv1,0.23517665266990662
21,blocks.1.conv2,0.23383557796478271
21,blocks.2.conv1,0.2357300966978073
21,blocks.2.conv2,0.21911798417568207
21,blocks.3.conv1,0.20744583010673523
21,blocks.3.conv2,0.1932249814271927
21,blocks.4.conv1,0.20634260773658752
21,blocks.4.conv2,0.1923624873161316
21,blocks.5.conv1,0.18467560410499573
21,blocks.5.conv2,0.16330905258655548
21,blocks.6.conv1,0.1610105335712433
21,blocks.6.conv2,0.12844443321228027
21,blocks.7.conv1,0.12275946885347366
21,blocks.7.conv2,0.10624948143959045
21,mean_conv2d_grad_norm,0.19670133424155853
22,stem.0,0.1845168173313141
22,blocks.0.conv1,0.21166546642780304
22,blocks.0.conv2,0.2620867192745209
22,blocks.1.conv1,0.27688461542129517
22,blocks.1.conv2,0.2646019160747528
22,blocks.2.conv1,0.2567724883556366
22,blocks.2.conv2,0.24212463200092316
22,blocks.3.conv1,0.24920207262039185
22,blocks.3.conv2,0.21764276921749115
22,blocks.4.conv1,0.23119035363197327
22,blocks.4.conv2,0.1953703612089157
22,blocks.5.conv1,0.19260500371456146
22,blocks.5.conv2,0.17757746577262878
22,blocks.6.conv1,0.18488743901252747
22,blocks.6.conv2,0.16016368567943573
22,blocks.7.conv1,0.14913026988506317
22,blocks.7.conv2,0.13040725886821747
22,mean_conv2d_grad_norm,0.2109899608527913
23,stem.0,0.20778371393680573
23,blocks.0.conv1,0.25420984625816345
23,blocks.0.conv2,0.27530092000961304
23,blocks.1.conv1,0.28680312633514404
23,blocks.1.conv2,0.2863541841506958
23,blocks.2.conv1,0.28534969687461853
23,blocks.2.conv2,0.2722584307193756
23,blocks.3.conv1,0.2727032005786896
23,blocks.3.conv2,0.2540367543697357
23,blocks.4.conv1,0.2536495327949524
23,blocks.4.conv2,0.21409247815608978
23,blocks.5.conv1,0.20636765658855438
23,blocks.5.conv2,0.17237219214439392
23,blocks.6.conv1,0.17443206906318665
23,blocks.6.conv2,0.14250139892101288
23,blocks.7.conv1,0.1375681459903717
23,blocks.7.conv2,0.11551958322525024
23,mean_conv2d_grad_norm,0.22419429000686197
24,stem.0,0.16811950504779816
24,blocks.0.conv1,0.22274507582187653
24,blocks.0.conv2,0.25466087460517883
24,blocks.1.conv1,0.2612817585468292
24,blocks.1.conv2,0.2809354066848755
24,blocks.2.conv1,0.3013981878757477
24,blocks.2.conv2,0.2753811478614807
24,blocks.3.conv1,0.28074023127555847
24,blocks.3.conv2,0.24461527168750763
24,blocks.4.conv1,0.24947576224803925
24,blocks.4.conv2,0.21037288010120392
24,blocks.5.conv1,0.2165486216545105
24,blocks.5.conv2,0.17838045954704285
24,blocks.6.conv1,0.1669788509607315
24,blocks.6.conv2,0.14286428689956665
24,blocks.7.conv1,0.13466313481330872
24,blocks.7.conv2,0.11749518662691116
24,mean_conv2d_grad_norm,0.2180386260151863
25,stem.0,0.22485727071762085
25,blocks.0.conv1,0.2445582151412964
25,blocks.0.conv2,0.27078500390052795
25,blocks.1.conv1,0.2908194363117218
25,blocks.1.conv2,0.30736470222473145
25,blocks.2.conv1,0.3094233274459839
25,blocks.2.conv2,0.2816644608974457
25,blocks.3.conv1,0.2746971547603607
25,blocks.3.conv2,0.24492080509662628
25,blocks.4.conv1,0.25138986110687256
25,blocks.4.conv2,0.22243951261043549
25,blocks.5.conv1,0.2203262746334076
25,blocks.5.conv2,0.19731664657592773
25,blocks.6.conv1,0.1973225176334381
25,blocks.6.conv2,0.16024468839168549
25,blocks.7.conv1,0.14689505100250244
25,blocks.7.conv2,0.13011795282363892
25,mean_conv2d_grad_norm,0.23383193419260137
26,stem.0,0.18330775201320648
26,blocks.0.conv1,0.16083070635795593
26,blocks.0.conv2,0.19579175114631653
26,blocks.1.conv1,0.19673149287700653
26,blocks.1.conv2,0.19579143822193146
26,blocks.2.conv1,0.19899271428585052
26,blocks.2.conv2,0.19407811760902405
26,blocks.3.conv1,0.1937859058380127
26,blocks.3.conv2,0.17859531939029694
26,blocks.4.conv1,0.18620190024375916
26,blocks.4.conv2,0.16284632682800293
26,blocks.5.conv1,0.16040712594985962
26,blocks.5.conv2,0.13906170427799225
26,blocks.6.conv1,0.1348661631345749
26,blocks.6.conv2,0.10464407503604889
26,blocks.7.conv1,0.0951298326253891
26,blocks.7.conv2,0.08295535296201706
26,mean_conv2d_grad_norm,0.16258927522336736
27,stem.0,0.19677025079727173
27,blocks.0.conv1,0.24611519277095795
27,blocks.0.conv2,0.2947308123111725
27,blocks.1.conv1,0.30261507630348206
27,blocks.1.conv2,0.32664966583251953
27,blocks.2.conv1,0.333771675825119
27,blocks.2.conv2,0.29332953691482544
27,blocks.3.conv1,0.3025396466255188
27,blocks.3.conv2,0.25461503863334656
27,blocks.4.conv1,0.26309484243392944
27,blocks.4.conv2,0.2355511337518692
27,blocks.5.conv1,0.2381061613559723
27,blocks.5.conv2,0.21293283998966217
27,blocks.6.conv1,0.21044614911079407
27,blocks.6.conv2,0.17461292445659637
27,blocks.7.conv1,0.17378486692905426
27,blocks.7.conv2,0.14308184385299683
27,mean_conv2d_grad_norm,0.24722045046441696
28,stem.0,0.2050405889749527
28,blocks.0.conv1,0.21718890964984894
28,blocks.0.conv2,0.25532060861587524
28,blocks.1.conv1,0.25420454144477844
28,blocks.1.conv2,0.2820630371570587
28,blocks.2.conv1,0.2976928651332855
28,blocks.2.conv2,0.27244067192077637
28,blocks.3.conv1,0.2624569237232208
28,blocks.3.conv2,0.23785971105098724
28,blocks.4.conv1,0.24754799902439117
28,blocks.4.conv2,0.22460852563381195
28,blocks.5.conv1,0.22315005958080292
28,blocks.5.conv2,0.20048801600933075
28,blocks.6.conv1,0.2022559493780136
28,blocks.6.conv2,0.17565175890922546
28,blocks.7.conv1,0.16922627389431
28,blocks.7.conv2,0.12261287122964859
28,mean_conv2d_grad_norm,0.22645937125472462
29,stem.0,0.15190376341342926
29,blocks.0.conv1,0.15063224732875824
29,blocks.0.conv2,0.18337726593017578
29,blocks.1.conv1,0.1910599023103714
29,blocks.1.conv2,0.19627165794372559
29,blocks.2.conv1,0.20061975717544556
29,blocks.2.conv2,0.18900668621063232
29,blocks.3.conv1,0.18729454278945923
29,blocks.3.conv2,0.16310203075408936
29,blocks.4.conv1,0.1716882884502411
29,blocks.4.conv2,0.14732903242111206
29,blocks.5.conv1,0.15205353498458862
29,blocks.5.conv2,0.1363728791475296
29,blocks.6.conv1,0.13618585467338562
29,blocks.6.conv2,0.11425567418336868
29,blocks.7.conv1,0.10172834247350693
29,blocks.7.conv2,0.09364401549100876
29,mean_conv2d_grad_norm,0.15685443974593105
30,stem.0,0.18066565692424774
30,blocks.0.conv1,0.22687627375125885
30,blocks.0.conv2,0.2643295228481293
30,blocks.1.conv1,0.3010443449020386
30,blocks.1.conv2,0.3112607002258301
30,blocks.2.conv1,0.3001081943511963
30,blocks.2.conv2,0.2785951495170593
30,blocks.3.conv1,0.2878699004650116
30,blocks.3.conv2,0.2416732758283615
30,blocks.4.conv1,0.2497292459011078
30,blocks.4.conv2,0.22052498161792755
30,blocks.5.conv1,0.22728653252124786
30,blocks.5.conv2,0.2049628645181656
30,blocks.6.conv1,0.19607670605182648
30,blocks.6.conv2,0.17136172950267792
30,blocks.7.conv1,0.16483382880687714
30,blocks.7.conv2,0.1426946371793747
30,mean_conv2d_grad_norm,0.23352314970072577
31,stem.0,0.19979658722877502
31,blocks.0.conv1,0.22767269611358643
31,blocks.0.conv2,0.26186850666999817
31,blocks.1.conv1,0.267764687538147
31,blocks.1.conv2,0.27818769216537476
31,blocks.2.conv1,0.27707114815711975
31,blocks.2.conv2,0.26262059807777405
31,blocks.3.conv1,0.27001291513442993
31,blocks.3.conv2,0.2524031400680542
31,blocks.4.conv1,0.25365760922431946
31,blocks.4.conv2,0.2320711761713028
31,blocks.5.conv1,0.24050027132034302
31,blocks.5.conv2,0.22275343537330627
31,blocks.6.conv1,0.23286177217960358
31,blocks.6.conv2,0.2085667848587036
31,blocks.7.conv1,0.19275310635566711
31,blocks.7.conv2,0.16709330677986145
31,mean_conv2d_grad_norm,0.23809737843625686
32,stem.0,0.23055005073547363
32,blocks.0.conv1,0.21039903163909912
32,blocks.0.conv2,0.2476198822259903
32,blocks.1.conv1,0.24744215607643127
32,blocks.1.conv2,0.26101040840148926
32,blocks.2.conv1,0.26018765568733215
32,blocks.2.conv2,0.24472127854824066
32,blocks.3.conv1,0.2522452473640442
32,blocks.3.conv2,0.22325243055820465
32,blocks.4.conv1,0.23397564888000488
32,blocks.4.conv2,0.20344139635562897
32,blocks.5.conv1,0.20959354937076569
32,blocks.5.conv2,0.17972175776958466
32,blocks.6.conv1,0.1797509789466858
32,blocks.6.conv2,0.1517735719680786
32,blocks.7.conv1,0.14744843542575836
32,blocks.7.conv2,0.12860003113746643
32,mean_conv2d_grad_norm,0.2124549124170752
33,stem.0,0.1833278089761734
33,blocks.0.conv1,0.21849073469638824
33,blocks.0.conv2,0.22926568984985352
33,blocks.1.conv1,0.24936962127685547
33,blocks.1.conv2,0.2552354633808136
33,blocks.2.conv1,0.26823920011520386
33,blocks.2.conv2,0.2563047409057617
33,blocks.3.conv1,0.24698686599731445
33,blocks.3.conv2,0.22202135622501373
33,blocks.4.conv1,0.21804948151111603
33,blocks.4.conv2,0.19366809725761414
33,blocks.5.conv1,0.19195781648159027
33,blocks.5.conv2,0.17686815559864044
33,blocks.6.conv1,0.18057958781719208
33,blocks.6.conv2,0.14629586040973663
33,blocks.7.conv1,0.13468138873577118
33,blocks.7.conv2,0.11645936220884323
33,mean_conv2d_grad_norm,0.20516477832022836
34,stem.0,0.17514503002166748
34,blocks.0.conv1,0.23727577924728394
34,blocks.0.conv2,0.2760603129863739
34,blocks.1.conv1,0.27814751863479614
34,blocks.1.conv2,0.3046891689300537
34,blocks.2.conv1,0.3077686131000519
34,blocks.2.conv2,0.2811802327632904
34,blocks.3.conv1,0.27567368745803833
34,blocks.3.conv2,0.25172674655914307
34,blocks.4.conv1,0.273462176322937
34,blocks.4.conv2,0.2302471101284027
34,blocks.5.conv1,0.24578842520713806
34,blocks.5.conv2,0.21511085331439972
34,blocks.6.conv1,0.2181699275970459
34,blocks.6.conv2,0.17972688376903534
34,blocks.7.conv1,0.1614157259464264
34,blocks.7.conv2,0.146891251206398
34,mean_conv2d_grad_norm,0.23873408489367542
35,stem.0,0.14526790380477905
35,blocks.0.conv1,0.17563098669052124
35,blocks.0.conv2,0.21545179188251495
35,blocks.1.conv1,0.239879310131073
35,blocks.1.conv2,0.25517475605010986
35,blocks.2.conv1,0.25638577342033386
35,blocks.2.conv2,0.23992876708507538
35,blocks.3.conv1,0.2229001820087433
35,blocks.3.conv2,0.2100931704044342
35,blocks.4.conv1,0.22983886301517487
35,blocks.4.conv2,0.19036798179149628
35,blocks.5.conv1,0.1961083561182022
35,blocks.5.conv2,0.1689041256904602
35,blocks.6.conv1,0.16563068330287933
35,blocks.6.conv2,0.1324521154165268
35,blocks.7.conv1,0.13147300481796265
35,blocks.7.conv2,0.10540696233510971
35,mean_conv2d_grad_norm,0.19299380788031748
36,stem.0,0.16470342874526978
36,blocks.0.conv1,0.1827024519443512
36,blocks.0.conv2,0.2017611414194107
36,blocks.1.conv1,0.21982735395431519
36,blocks.1.conv2,0.23007537424564362
36,blocks.2.conv1,0.2332029640674591
36,blocks.2.conv2,0.22492541372776031
36,blocks.3.conv1,0.21931223571300507
36,blocks.3.conv2,0.20374108850955963
36,blocks.4.conv1,0.2086852639913559
36,blocks.4.conv2,0.1844843178987503
36,blocks.5.conv1,0.18597088754177094
36,blocks.5.conv2,0.1693032681941986
36,blocks.6.conv1,0.17141523957252502
36,blocks.6.conv2,0.1321517378091812
36,blocks.7.conv1,0.13071776926517487
36,blocks.7.conv2,0.10962452739477158
36,mean_conv2d_grad_norm,0.18662379199967666
37,stem.0,0.20926228165626526
37,blocks.0.conv1,0.24718651175498962
37,blocks.0.conv2,0.2659398317337036
37,blocks.1.conv1,0.26703745126724243
37,blocks.1.conv2,0.31149956583976746
37,blocks.2.conv1,0.3182574510574341
37,blocks.2.conv2,0.2872833013534546
37,blocks.3.conv1,0.27642884850502014
37,blocks.3.conv2,0.2374342828989029
37,blocks.4.conv1,0.25402700901031494
37,blocks.4.conv2,0.20949605107307434
37,blocks.5.conv1,0.22377537190914154
37,blocks.5.conv2,0.19384655356407166
37,blocks.6.conv1,0.18214447796344757
37,blocks.6.conv2,0.1609606146812439
37,blocks.7.conv1,0.15614837408065796
37,blocks.7.conv2,0.13370423018932343
37,mean_conv2d_grad_norm,0.23143718873753266
38,stem.0,0.17086488008499146
38,blocks.0.conv1,0.20509451627731323
38,blocks.0.conv2,0.23319688439369202
38,blocks.1.conv1,0.25190940499305725
38,blocks.1.conv2,0.26052477955818176
38,blocks.2.conv1,0.2716871500015259
38,blocks.2.conv2,0.25336647033691406
38,blocks.3.conv1,0.2397831380367279
38,blocks.3.conv2,0.2263917177915573
38,blocks.4.conv1,0.23310241103172302
38,blocks.4.conv2,0.19769541919231415
38,blocks.5.conv1,0.20991250872612
38,blocks.5.conv2,0.18294884264469147
38,blocks.6.conv1,0.17529375851154327
38,blocks.6.conv2,0.14803801476955414
38,blocks.7.conv1,0.14501674473285675
38,blocks.7.conv2,0.11566170305013657
38,mean_conv2d_grad_norm,0.2070875496548765
39,stem.0,0.19599775969982147
39,blocks.0.conv1,0.23348258435726166
39,blocks.0.conv2,0.2921517789363861
39,blocks.1.conv1,0.28168535232543945
39,blocks.1.conv2,0.3021339476108551
39,blocks.2.conv1,0.30124738812446594
39,blocks.2.conv2,0.2906190752983093
39,blocks.3.conv1,0.28704720735549927
39,blocks.3.conv2,0.25172486901283264
39,blocks.4.conv1,0.2562139928340912
39,blocks.4.conv2,0.2293320745229721
39,blocks.5.conv1,0.22196441888809204
39,blocks.5.conv2,0.19618132710456848
39,blocks.6.conv1,0.20127235352993011
39,blocks.6.conv2,0.16469568014144897
39,blocks.7.conv1,0.15410111844539642
39,blocks.7.conv2,0.14036542177200317
39,mean_conv2d_grad_norm,0.23530684411525726
40,stem.0,0.140508770942688
40,blocks.0.conv1,0.1466941237449646
40,blocks.0.conv2,0.1661253571510315
40,blocks.1.conv1,0.17110300064086914
40,blocks.1.conv2,0.1777135729789734
40,blocks.2.conv1,0.1960829794406891
40,blocks.2.conv2,0.18296432495117188
40,blocks.3.conv1,0.17774823307991028
40,blocks.3.conv2,0.1546497642993927
40,blocks.4.conv1,0.16234640777111053
40,blocks.4.conv2,0.14090658724308014
40,blocks.5.conv1,0.14555397629737854
40,blocks.5.conv2,0.12348414957523346
40,blocks.6.conv1,0.13165681064128876
40,blocks.6.conv2,0.10255070775747299
40,blocks.7.conv1,0.09679865837097168
40,blocks.7.conv2,0.07896814495325089
40,mean_conv2d_grad_norm,0.14681503351996927
41,stem.0,0.19585652649402618
41,blocks.0.conv1,0.21488767862319946
41,blocks.0.conv2,0.23339897394180298
41,blocks.1.conv1,0.25155213475227356
41,blocks.1.conv2,0.2514282763004303
41,blocks.2.conv1,0.2518196702003479
41,blocks.2.conv2,0.23235522210597992
41,blocks.3.conv1,0.23326578736305237
41,blocks.3.conv2,0.2153777927160263
41,blocks.4.conv1,0.20868878066539764
41,blocks.4.conv2,0.1786918193101883
41,blocks.5.conv1,0.1937578022480011
41,blocks.5.conv2,0.16235116124153137
41,blocks.6.conv1,0.1655823439359665
41,blocks.6.conv2,0.1332358717918396
41,blocks.7.conv1,0.12911948561668396
41,blocks.7.conv2,0.11132271587848663
41,mean_conv2d_grad_norm,0.19780541430501378
42,stem.0,0.2073526829481125
42,blocks.0.conv1,0.23694275319576263
42,blocks.0.conv2,0.2859111726284027
42,blocks.1.conv1,0.31680604815483093
42,blocks.1.conv2,0.3328950107097626
42,blocks.2.conv1,0.3521990180015564
42,blocks.2.conv2,0.3070235252380371
42,blocks.3.conv1,0.30829620361328125
42,blocks.3.conv2,0.26322442293167114
42,blocks.4.conv1,0.27900058031082153
42,blocks.4.conv2,0.23592087626457214
42,blocks.5.conv1,0.2535743713378906
42,blocks.5.conv2,0.2149764746427536
42,blocks.6.conv1,0.21095535159111023
42,blocks.6.conv2,0.16396570205688477
42,blocks.7.conv1,0.15632781386375427
42,blocks.7.conv2,0.13354751467704773
42,mean_conv2d_grad_norm,0.2505246777744854
43,stem.0,0.23928138613700867
43,blocks.0.conv1,0.2009488046169281
43,blocks.0.conv2,0.22746972739696503
43,blocks.1.conv1,0.24268758296966553
43,blocks.1.conv2,0.2549060583114624
43,blocks.2.conv1,0.25530707836151123
43,blocks.2.conv2,0.23813919723033905
43,blocks.3.conv1,0.23869092762470245
43,blocks.3.conv2,0.20957759022712708
43,blocks.4.conv1,0.21417908370494843
43,blocks.4.conv2,0.18257468938827515
43,blocks.5.conv1,0.18740136921405792
43,blocks.5.conv2,0.1687084585428238
43,blocks.6.conv1,0.15992030501365662
43,blocks.6.conv2,0.12771359086036682
43,blocks.7.conv1,0.1256074160337448
43,blocks.7.conv2,0.09390662610530853
43,mean_conv2d_grad_norm,0.19805999363169952
44,stem.0,0.15938355028629303
44,blocks.0.conv1,0.17368239164352417
44,blocks.0.conv2,0.19823727011680603
44,blocks.1.conv1,0.20719489455223083
44,blocks.1.conv2,0.2219471037387848
44,blocks.2.conv1,0.22219222784042358
44,blocks.2.conv2,0.21319955587387085
44,blocks.3.conv1,0.21278616786003113
44,blocks.3.conv2,0.19788502156734467
44,blocks.4.conv1,0.21107177436351776
44,blocks.4.conv2,0.18464185297489166
44,blocks.5.conv1,0.20300352573394775
44,blocks.5.conv2,0.1705767661333084
44,blocks.6.conv1,0.1650381088256836
44,blocks.6.conv2,0.12685272097587585
44,blocks.7.conv1,0.1169474795460701
44,blocks.7.conv2,0.10163505375385284
44,mean_conv2d_grad_norm,0.18154561563449748
45,stem.0,0.17234055697917938
45,blocks.0.conv1,0.1844019591808319
45,blocks.0.conv2,0.22136752307415009
45,blocks.1.conv1,0.2290017455816269
45,blocks.1.conv2,0.2493305206298828
45,blocks.2.conv1,0.24303017556667328
45,blocks.2.conv2,0.22034010291099548
45,blocks.3.conv1,0.22548826038837433
45,blocks.3.conv2,0.19946293532848358
45,blocks.4.conv1,0.20972298085689545
45,blocks.4.conv2,0.17981716990470886
45,blocks.5.conv1,0.19115640223026276
45,blocks.5.conv2,0.16338831186294556
45,blocks.6.conv1,0.1556815654039383
45,blocks.6.conv2,0.13460823893547058
45,blocks.7.conv1,0.13155461847782135
45,blocks.7.conv2,0.11041232943534851
45,mean_conv2d_grad_norm,0.18947678804397583
46,stem.0,0.2704259753227234
46,blocks.0.conv1,0.2349405288696289
46,blocks.0.conv2,0.2779499590396881
46,blocks.1.conv1,0.29039108753204346
46,blocks.1.conv2,0.2999526858329773
46,blocks.2.conv1,0.2874247431755066
46,blocks.2.conv2,0.26522326469421387
46,blocks.3.conv1,0.27004459500312805
46,blocks.3.conv2,0.23892471194267273
46,blocks.4.conv1,0.2509000301361084
46,blocks.4.conv2,0.20463556051254272
46,blocks.5.conv1,0.22000151872634888
46,blocks.5.conv2,0.1804920732975006
46,blocks.6.conv1,0.17805592715740204
46,blocks.6.conv2,0.13048753142356873
46,blocks.7.conv1,0.12850913405418396
46,blocks.7.conv2,0.10218381881713867
46,mean_conv2d_grad_norm,0.22532606738455155
47,stem.0,0.2001063972711563
47,blocks.0.conv1,0.22274592518806458
47,blocks.0.conv2,0.26732540130615234
47,blocks.1.conv1,0.26570215821266174
47,blocks.1.conv2,0.28973400592803955
47,blocks.2.conv1,0.2934424579143524
47,blocks.2.conv2,0.2705156207084656
47,blocks.3.conv1,0.28470245003700256
47,blocks.3.conv2,0.245579794049263
47,blocks.4.conv1,0.23879589140415192
47,blocks.4.conv2,0.20301584899425507
47,blocks.5.conv1,0.22123175859451294
47,blocks.5.conv2,0.19424691796302795
47,blocks.6.conv1,0.18974028527736664
47,blocks.6.conv2,0.16306212544441223
47,blocks.7.conv1,0.14369191229343414
47,blocks.7.conv2,0.12018908560276031
47,mean_conv2d_grad_norm,0.22434282565818114
48,stem.0,0.13781069219112396
48,blocks.0.conv1,0.17856478691101074
48,blocks.0.conv2,0.2231760025024414
48,blocks.1.conv1,0.23062583804130554
48,blocks.1.conv2,0.2477039098739624
48,blocks.2.conv1,0.2376139611005783
48,blocks.2.conv2,0.22290538251399994
48,blocks.3.conv1,0.22628085315227509
48,blocks.3.conv2,0.19494418799877167
48,blocks.4.conv1,0.20465780794620514
48,blocks.4.conv2,0.17379650473594666
48,blocks.5.conv1,0.17975439131259918
48,blocks.5.conv2,0.14917200803756714
48,blocks.6.conv1,0.14789827167987823
48,blocks.6.conv2,0.12365146726369858
48,blocks.7.conv1,0.11820201575756073
48,blocks.7.conv2,0.09426268190145493
48,mean_conv2d_grad_norm,0.18182475076002233
49,stem.0,0.19162572920322418
49,blocks.0.conv1,0.1891879141330719
49,blocks.0.conv2,0.20420807600021362
49,blocks.1.conv1,0.2098478376865387
49,blocks.1.conv2,0.220596581697464
49,blocks.2.conv1,0.2213965803384781
49,blocks.2.conv2,0.21519756317138672
49,blocks.3.conv1,0.21218477189540863
49,blocks.3.conv2,0.19284632802009583
49,blocks.4.conv1,0.20597614347934723
49,blocks.4.conv2,0.1797250360250473
49,blocks.5.conv1,0.17556612193584442
49,blocks.5.conv2,0.1495022028684616
49,blocks.6.conv1,0.15350033342838287
49,blocks.6.conv2,0.13226348161697388
49,blocks.7.conv1,0.12342467159032822
49,blocks.7.conv2,0.11323016881942749
49,mean_conv2d_grad_norm,0.18178114952409968
50,stem.0,0.1372791975736618
50,blocks.0.conv1,0.16527694463729858
50,blocks.0.conv2,0.20076051354408264
50,blocks.1.conv1,0.21327966451644897
50,blocks.1.conv2,0.22094407677650452
50,blocks.2.conv1,0.2243715524673462
50,blocks.2.conv2,0.2164684534072876
50,blocks.3.conv1,0.21351447701454163
50,blocks.3.conv2,0.19803236424922943
50,blocks.4.conv1,0.21248817443847656
50,blocks.4.conv2,0.1752305030822754
50,blocks.5.conv1,0.18013730645179749
50,blocks.5.conv2,0.16227339208126068
50,blocks.6.conv1,0.15431925654411316
50,blocks.6.conv2,0.12697111070156097
50,blocks.7.conv1,0.12506376206874847
50,blocks.7.conv2,0.11884962022304535
50,mean_conv2d_grad_norm,0.1791329629280988
51,stem.0,0.15571328997612
51,blocks.0.conv1,0.16374929249286652
51,blocks.0.conv2,0.18619774281978607
51,blocks.1.conv1,0.20067289471626282
51,blocks.1.conv2,0.20683437585830688
51,blocks.2.conv1,0.21867142617702484
51,blocks.2.conv2,0.19735784828662872
51,blocks.3.conv1,0.20389540493488312
51,blocks.3.conv2,0.18362611532211304
51,blocks.4.conv1,0.19178076088428497
51,blocks.4.conv2,0.16639049351215363
51,blocks.5.conv1,0.16087397933006287
51,blocks.5.conv2,0.13983947038650513
51,blocks.6.conv1,0.1448969841003418
51,blocks.6.conv2,0.1146353930234909
51,blocks.7.conv1,0.11438021808862686
51,blocks.7.conv2,0.09234874695539474
51,mean_conv2d_grad_norm,0.1671684962861678
52,stem.0,0.19426873326301575
52,blocks.0.conv1,0.23349685966968536
52,blocks.0.conv2,0.26361507177352905
52,blocks.1.conv1,0.27177709341049194
52,blocks.1.conv2,0.2858891785144806
52,blocks.2.conv1,0.2954830527305603
52,blocks.2.conv2,0.2771567404270172
52,blocks.3.conv1,0.2830987274646759
52,blocks.3.conv2,0.243863046169281
52,blocks.4.conv1,0.26795968413352966
52,blocks.4.conv2,0.22091461718082428
52,blocks.5.conv1,0.22959597408771515
52,blocks.5.conv2,0.19657664000988007
52,blocks.6.conv1,0.18460282683372498
52,blocks.6.conv2,0.15563616156578064
52,blocks.7.conv1,0.14361917972564697
52,blocks.7.conv2,0.12367638945579529
52,mean_conv2d_grad_norm,0.22771941037739024
53,stem.0,0.21594883501529694
53,blocks.0.conv1,0.24828475713729858
53,blocks.0.conv2,0.30683189630508423
53,blocks.1.conv1,0.32593289017677307
53,blocks.1.conv2,0.32742446660995483
53,blocks.2.conv1,0.353727787733078
53,blocks.2.conv2,0.315792053937912
53,blocks.3.conv1,0.3209405243396759
53,blocks.3.conv2,0.27427908778190613
53,blocks.4.conv1,0.2930588126182556
53,blocks.4.conv2,0.25337404012680054
53,blocks.5.conv1,0.24978424608707428
53,blocks.5.conv2,0.21941204369068146
53,blocks.6.conv1,0.21665844321250916
53,blocks.6.conv2,0.17979696393013
53,blocks.7.conv1,0.1844986230134964
53,blocks.7.conv2,0.15975536406040192
53,mean_conv2d_grad_norm,0.2615000491633135
54,stem.0,0.15517330169677734
54,blocks.0.conv1,0.19927740097045898
54,blocks.0.conv2,0.230791836977005
54,blocks.1.conv1,0.24284875392913818
54,blocks.1.conv2,0.24334675073623657
54,blocks.2.conv1,0.25360187888145447
54,blocks.2.conv2,0.24248306453227997
54,blocks.3.conv1,0.2418379783630371
54,blocks.3.conv2,0.20673362910747528
54,blocks.4.conv1,0.21785122156143188
54,blocks.4.conv2,0.1884588897228241
54,blocks.5.conv1,0.17995230853557587
54,blocks.5.conv2,0.16134053468704224
54,blocks.6.conv1,0.16123226284980774
54,blocks.6.conv2,0.12111198157072067
54,blocks.7.conv1,0.12094280123710632
54,blocks.7.conv2,0.09757738560438156
54,mean_conv2d_grad_norm,0.19203305770369136
55,stem.0,0.16894567012786865
55,blocks.0.conv1,0.187620148062706
55,blocks.0.conv2,0.20902027189731598
55,blocks.1.conv1,0.21969284117221832
55,blocks.1.conv2,0.22978539764881134
55,blocks.2.conv1,0.24216090142726898
55,blocks.2.conv2,0.2224857658147812
55,blocks.3.conv1,0.20765148103237152
55,blocks.3.conv2,0.1781439483165741
55,blocks.4.conv1,0.18653136491775513
55,blocks.4.conv2,0.16062913835048676
55,blocks.5.conv1,0.1723015010356903
55,blocks.5.conv2,0.14191922545433044
55,blocks.6.conv1,0.13913463056087494
55,blocks.6.conv2,0.11280260235071182
55,blocks.7.conv1,0.11496669054031372
55,blocks.7.conv2,0.09928316622972488
55,mean_conv2d_grad_norm,0.17606322029057672
56,stem.0,0.23060213029384613
56,blocks.0.conv1,0.2329912781715393
56,blocks.0.conv2,0.2752341330051422
56,blocks.1.conv1,0.2891937494277954
56,blocks.1.conv2,0.3032449185848236
56,blocks.2.conv1,0.2896259129047394
56,blocks.2.conv2,0.26698556542396545
56,blocks.3.conv1,0.27278614044189453
56,blocks.3.conv2,0.24348723888397217
56,blocks.4.conv1,0.2678019404411316
56,blocks.4.conv2,0.24657754600048065
56,blocks.5.conv1,0.24485129117965698
56,blocks.5.conv2,0.20045103132724762
56,blocks.6.conv1,0.205966055393219
56,blocks.6.conv2,0.15656134486198425
56,blocks.7.conv1,0.1497035026550293
56,blocks.7.conv2,0.13724781572818756
56,mean_conv2d_grad_norm,0.23607715263086207
57,stem.0,0.1872016191482544
57,blocks.0.conv1,0.2112230807542801
57,blocks.0.conv2,0.2514345943927765
57,blocks.1.conv1,0.27177345752716064
57,blocks.1.conv2,0.27864542603492737
57,blocks.2.conv1,0.293687105178833
57,blocks.2.conv2,0.26094162464141846
57,blocks.3.conv1,0.2518884241580963
57,blocks.3.conv2,0.23802503943443298
57,blocks.4.conv1,0.2547566890716553
57,blocks.4.conv2,0.22229690849781036
57,blocks.5.conv1,0.22492623329162598
57,blocks.5.conv2,0.19622106850147247
57,blocks.6.conv1,0.19102928042411804
57,blocks.6.conv2,0.16168713569641113
57,blocks.7.conv1,0.15538308024406433
57,blocks.7.conv2,0.13521426916122437
57,mean_conv2d_grad_norm,0.22272559036226833
58,stem.0,0.2503441274166107
58,blocks.0.conv1,0.2797742784023285
58,blocks.0.conv2,0.27513474225997925
58,blocks.1.conv1,0.2755427360534668
58,blocks.1.conv2,0.26457101106643677
58,blocks.2.conv1,0.2592806816101074
58,blocks.2.conv2,0.2445327341556549
58,blocks.3.conv1,0.2538309395313263
58,blocks.3.conv2,0.22705529630184174
58,blocks.4.conv1,0.23158031702041626
58,blocks.4.conv2,0.20948700606822968
58,blocks.5.conv1,0.220551997423172
58,blocks.5.conv2,0.19197382032871246
58,blocks.6.conv1,0.2013101875782013
58,blocks.6.conv2,0.1627439260482788
58,blocks.7.conv1,0.162825807929039
58,blocks.7.conv2,0.13680985569953918
58,mean_conv2d_grad_norm,0.22631467440549066
59,stem.0,0.1917034536600113
59,blocks.0.conv1,0.23004010319709778
59,blocks.0.conv2,0.26894211769104004
59,blocks.1.conv1,0.2816765010356903
59,blocks.1.conv2,0.28448471426963806
59,blocks.2.conv1,0.2821074426174164
59,blocks.2.conv2,0.2739693820476532
59,blocks.3.conv1,0.25938573479652405
59,blocks.3.conv2,0.2289208322763443
59,blocks.4.conv1,0.25299420952796936
59,blocks.4.conv2,0.21926498413085938
59,blocks.5.conv1,0.2209506332874298
59,blocks.5.conv2,0.18967169523239136
59,blocks.6.conv1,0.18446242809295654
59,blocks.6.conv2,0.13635766506195068
59,blocks.7.conv1,0.12694555521011353
59,blocks.7.conv2,0.09404145181179047
59,mean_conv2d_grad_norm,0.2191717002321692
60,stem.0,0.1895032674074173
60,blocks.0.conv1,0.211005300283432
60,blocks.0.conv2,0.24830962717533112
60,blocks.1.conv1,0.24802075326442719
60,blocks.1.conv2,0.2709449827671051
60,blocks.2.conv1,0.2763267159461975
60,blocks.2.conv2,0.25811082124710083
60,blocks.3.conv1,0.2644890248775482
60,blocks.3.conv2,0.2390597015619278
60,blocks.4.conv1,0.24468690156936646
60,blocks.4.conv2,0.2108837366104126
60,blocks.5.conv1,0.22775092720985413
60,blocks.5.conv2,0.18810278177261353
60,blocks.6.conv1,0.1904091089963913
60,blocks.6.conv2,0.1462375968694687
60,blocks.7.conv1,0.13531503081321716
60,blocks.7.conv2,0.10317861288785934
60,mean_conv2d_grad_norm,0.21484322889762766
61,stem.0,0.2121792584657669
61,blocks.0.conv1,0.2345021814107895
61,blocks.0.conv2,0.2782656252384186
61,blocks.1.conv1,0.3015376031398773
61,blocks.1.conv2,0.3270251154899597
61,blocks.2.conv1,0.3131110370159149
61,blocks.2.conv2,0.2943238914012909
61,blocks.3.conv1,0.2966502904891968
61,blocks.3.conv2,0.2503966689109802
61,blocks.4.conv1,0.2811848521232605
61,blocks.4.conv2,0.24189601838588715
61,blocks.5.conv1,0.2563810348510742
61,blocks.5.conv2,0.22051391005516052
61,blocks.6.conv1,0.220406174659729
61,blocks.6.conv2,0.1817578375339508
61,blocks.7.conv1,0.17936113476753235
61,blocks.7.conv2,0.1418333351612091
61,mean_conv2d_grad_norm,0.24890152759411754
62,stem.0,0.2528817355632782
62,blocks.0.conv1,0.26670289039611816
62,blocks.0.conv2,0.3208889365196228
62,blocks.1.conv1,0.32586488127708435
62,blocks.1.conv2,0.34491097927093506
62,blocks.2.conv1,0.3413802981376648
62,blocks.2.conv2,0.3154711127281189
62,blocks.3.conv1,0.31690746545791626
62,blocks.3.conv2,0.2723485827445984
62,blocks.4.conv1,0.28992190957069397
62,blocks.4.conv2,0.25809308886528015
62,blocks.5.conv1,0.2628991901874542
62,blocks.5.conv2,0.22750206291675568
62,blocks.6.conv1,0.21805334091186523
62,blocks.6.conv2,0.17954859137535095
62,blocks.7.conv1,0.16879966855049133
62,blocks.7.conv2,0.1437774896621704
62,mean_conv2d_grad_norm,0.2650560131844352
63,stem.0,0.18228121101856232
63,blocks.0.conv1,0.160029798746109
63,blocks.0.conv2,0.19672530889511108
63,blocks.1.conv1,0.1968049854040146
63,blocks.1.conv2,0.2064962238073349
63,blocks.2.conv1,0.21012888848781586
63,blocks.2.conv2,0.1980447769165039
63,blocks.3.conv1,0.20654356479644775
63,blocks.3.conv2,0.18604908883571625
63,blocks.4.conv1,0.19151824712753296
63,blocks.4.conv2,0.1701604425907135
63,blocks.5.conv1,0.16502298414707184
63,blocks.5.conv2,0.14951196312904358
63,blocks.6.conv1,0.15725968778133392
63,blocks.6.conv2,0.1229509562253952
63,blocks.7.conv1,0.11234816908836365
63,blocks.7.conv2,0.08806183189153671
63,mean_conv2d_grad_norm,0.17058459581697688
64,stem.0,0.17817382514476776
64,blocks.0.conv1,0.19622395932674408
64,blocks.0.conv2,0.24756798148155212
64,blocks.1.conv1,0.2637033462524414
64,blocks.1.conv2,0.2925836443901062
64,blocks.2.conv1,0.280109167098999
64,blocks.2.conv2,0.24383994936943054
64,blocks.3.conv1,0.24298053979873657
64,blocks.3.conv2,0.2130134552717209
64,blocks.4.conv1,0.22926858067512512
64,blocks.4.conv2,0.19705459475517273
64,blocks.5.conv1,0.20335796475410461
64,blocks.5.conv2,0.17377452552318573
64,blocks.6.conv1,0.17494940757751465
64,blocks.6.conv2,0.1501176506280899
64,blocks.7.conv1,0.1474553644657135
64,blocks.7.conv2,0.14388522505760193
64,mean_conv2d_grad_norm,0.21047406950417688
65,stem.0,0.35894283652305603
65,blocks.0.conv1,0.32846343517303467
65,blocks.0.conv2,0.3783937990665436
65,blocks.1.conv1,0.4117496907711029
65,blocks.1.conv2,0.40773773193359375
65,blocks.2.conv1,0.42703622579574585
65,blocks.2.conv2,0.3911196291446686
65,blocks.3.conv1,0.40014198422431946
65,blocks.3.conv2,0.3448887765407562
65,blocks.4.conv1,0.3675273060798645
65,blocks.4.conv2,0.32847386598587036
65,blocks.5.conv1,0.3219813406467438
65,blocks.5.conv2,0.28442177176475525
65,blocks.6.conv1,0.27921998500823975
65,blocks.6.conv2,0.23158828914165497
65,blocks.7.conv1,0.2263106256723404
65,blocks.7.conv2,0.19552989304065704
65,mean_conv2d_grad_norm,0.33432512861840863
66,stem.0,0.1926097571849823
66,blocks.0.conv1,0.17664676904678345
66,blocks.0.conv2,0.20143096148967743
66,blocks.1.conv1,0.21744467318058014
66,blocks.1.conv2,0.22945484519004822
66,blocks.2.conv1,0.23918823897838593
66,blocks.2.conv2,0.22941267490386963
66,blocks.3.conv1,0.22328373789787292
66,blocks.3.conv2,0.20127132534980774
66,blocks.4.conv1,0.21385498344898224
66,blocks.4.conv2,0.18547125160694122
66,blocks.5.conv1,0.18733593821525574
66,blocks.5.conv2,0.16868357360363007
66,blocks.6.conv1,0.16372686624526978
66,blocks.6.conv2,0.13604015111923218
66,blocks.7.conv1,0.1315983384847641
66,blocks.7.conv2,0.10836615413427353
66,mean_conv2d_grad_norm,0.18857766118119745
67,stem.0,0.20912426710128784
67,blocks.0.conv1,0.21665719151496887
67,blocks.0.conv2,0.2540300786495209
67,blocks.1.conv1,0.25604555010795593
67,blocks.1.conv2,0.27457255125045776
67,blocks.2.conv1,0.2893451750278473
67,blocks.2.conv2,0.2559809684753418
67,blocks.3.conv1,0.26073363423347473
67,blocks.3.conv2,0.228127121925354
67,blocks.4.conv1,0.23361392319202423
67,blocks.4.conv2,0.20048560202121735
67,blocks.5.conv1,0.20053747296333313
67,blocks.5.conv2,0.17353284358978271
67,blocks.6.conv1,0.17589071393013
67,blocks.6.conv2,0.13910959661006927
67,blocks.7.conv1,0.12869271636009216
67,blocks.7.conv2,0.09374972432851791
67,mean_conv2d_grad_norm,0.21118994889890447
68,stem.0,0.1500241458415985
68,blocks.0.conv1,0.16741470992565155
68,blocks.0.conv2,0.1946338713169098
68,blocks.1.conv1,0.20547503232955933
68,blocks.1.conv2,0.2183687686920166
68,blocks.2.conv1,0.23342719674110413
68,blocks.2.conv2,0.21830374002456665
68,blocks.3.conv1,0.21902504563331604
68,blocks.3.conv2,0.19504283368587494
68,blocks.4.conv1,0.21627555787563324
68,blocks.4.conv2,0.18237586319446564
68,blocks.5.conv1,0.1836031973361969
68,blocks.5.conv2,0.14325767755508423
68,blocks.6.conv1,0.14270518720149994
68,blocks.6.conv2,0.11546002328395844
68,blocks.7.conv1,0.11018481105566025
68,blocks.7.conv2,0.08656725287437439
68,mean_conv2d_grad_norm,0.17542028909220414
69,stem.0,0.17286904156208038
69,blocks.0.conv1,0.21129676699638367
69,blocks.0.conv2,0.23780713975429535
69,blocks.1.conv1,0.25107476115226746
69,blocks.1.conv2,0.2619936764240265
69,blocks.2.conv1,0.2601863145828247
69,blocks.2.conv2,0.24963608384132385
69,blocks.3.conv1,0.24367153644561768
69,blocks.3.conv2,0.2234165072441101
69,blocks.4.conv1,0.23336777091026306
69,blocks.4.conv2,0.2000870257616043
69,blocks.5.conv1,0.2074102908372879
69,blocks.5.conv2,0.18198274075984955
69,blocks.6.conv1,0.1825249195098877
69,blocks.6.conv2,0.14983142912387848
69,blocks.7.conv1,0.13667744398117065
69,blocks.7.conv2,0.10953914374113083
69,mean_conv2d_grad_norm,0.20666897603694132
70,stem.0,0.20679578185081482
70,blocks.0.conv1,0.22678281366825104
70,blocks.0.conv2,0.26162460446357727
70,blocks.1.conv1,0.2800120711326599
70,blocks.1.conv2,0.2904527187347412
70,blocks.2.conv1,0.2971174716949463
70,blocks.2.conv2,0.2916666865348816
70,blocks.3.conv1,0.31170380115509033
70,blocks.3.conv2,0.26131993532180786
70,blocks.4.conv1,0.278731107711792
70,blocks.4.conv2,0.23897695541381836
70,blocks.5.conv1,0.24327918887138367
70,blocks.5.conv2,0.2044750452041626
70,blocks.6.conv1,0.20541070401668549
70,blocks.6.conv2,0.1651604175567627
70,blocks.7.conv1,0.1662929356098175
70,blocks.7.conv2,0.151962548494339
70,mean_conv2d_grad_norm,0.2401038110256195
71,stem.0,0.20462286472320557
71,blocks.0.conv1,0.23931869864463806
71,blocks.0.conv2,0.26511359214782715
71,blocks.1.conv1,0.2659490704536438
71,blocks.1.conv2,0.28362342715263367
71,blocks.2.conv1,0.297744482755661
71,blocks.2.conv2,0.2682490646839142
71,blocks.3.conv1,0.27832597494125366
71,blocks.3.conv2,0.24504539370536804
71,blocks.4.conv1,0.26001763343811035
71,blocks.4.conv2,0.21667490899562836
71,blocks.5.conv1,0.21313735842704773
71,blocks.5.conv2,0.19762581586837769
71,blocks.6.conv1,0.19302797317504883
71,blocks.6.conv2,0.1540290117263794
71,blocks.7.conv1,0.1559099406003952
71,blocks.7.conv2,0.12202823162078857
71,mean_conv2d_grad_norm,0.2270849084152895
72,stem.0,0.1920461505651474
72,blocks.0.conv1,0.1889186054468155
72,blocks.0.conv2,0.220492422580719
72,blocks.1.conv1,0.24141229689121246
72,blocks.1.conv2,0.24749870598316193
72,blocks.2.conv1,0.25261199474334717
72,blocks.2.conv2,0.23363271355628967
72,blocks.3.conv1,0.23499681055545807
72,blocks.3.conv2,0.21554717421531677
72,blocks.4.conv1,0.21901336312294006
72,blocks.4.conv2,0.20030133426189423
72,blocks.5.conv1,0.2047407031059265
72,blocks.5.conv2,0.17955613136291504
72,blocks.6.conv1,0.16942742466926575
72,blocks.6.conv2,0.13678379356861115
72,blocks.7.conv1,0.1460704356431961
72,blocks.7.conv2,0.11157700419425964
72,mean_conv2d_grad_norm,0.19968394496861627
73,stem.0,0.1646452099084854
73,blocks.0.conv1,0.23330242931842804
73,blocks.0.conv2,0.27341631054878235
73,blocks.1.conv1,0.29103294014930725
73,blocks.1.conv2,0.30209478735923767
73,blocks.2.conv1,0.3069017231464386
73,blocks.2.conv2,0.2780441641807556
73,blocks.3.conv1,0.2912452816963196
73,blocks.3.conv2,0.264151006937027
73,blocks.4.conv1,0.27905145287513733
73,blocks.4.conv2,0.23703399300575256
73,blocks.5.conv1,0.24397507309913635
73,blocks.5.conv2,0.2126389443874359
73,blocks.6.conv1,0.2095990628004074
73,blocks.6.conv2,0.17240165174007416
73,blocks.7.conv1,0.16315539181232452
73,blocks.7.conv2,0.12304018437862396
73,mean_conv2d_grad_norm,0.23798409454962788
74,stem.0,0.2083689123392105
74,blocks.0.conv1,0.2336602658033371
74,blocks.0.conv2,0.29976654052734375
74,blocks.1.conv1,0.32635536789894104
74,blocks.1.conv2,0.33967384696006775
74,blocks.2.conv1,0.3467603325843811
74,blocks.2.conv2,0.3301265239715576
74,blocks.3.conv1,0.32155174016952515
74,blocks.3.conv2,0.28340858221054077
74,blocks.4.conv1,0.2977134585380554
74,blocks.4.conv2,0.2573927342891693
74,blocks.5.conv1,0.264656662940979
74,blocks.5.conv2,0.22440697252750397
74,blocks.6.conv1,0.23624853789806366
74,blocks.6.conv2,0.19175751507282257
74,blocks.7.conv1,0.18355856835842133
74,blocks.7.conv2,0.1462896764278412
74,mean_conv2d_grad_norm,0.26421742579516244
75,stem.0,0.2534622848033905
75,blocks.0.conv1,0.26711660623550415
75,blocks.0.conv2,0.2961994707584381
75,blocks.1.conv1,0.3028491735458374
75,blocks.1.conv2,0.3242877125740051
75,blocks.2.conv1,0.33457082509994507
75,blocks.2.conv2,0.3108205795288086
75,blocks.3.conv1,0.32177573442459106
75,blocks.3.conv2,0.281572163105011
75,blocks.4.conv1,0.30379754304885864
75,blocks.4.conv2,0.26639866828918457
75,blocks.5.conv1,0.24907134473323822
75,blocks.5.conv2,0.20935426652431488
75,blocks.6.conv1,0.2196490615606308
75,blocks.6.conv2,0.16677629947662354
75,blocks.7.conv1,0.15796875953674316
75,blocks.7.conv2,0.13250046968460083
75,mean_conv2d_grad_norm,0.2587159389958662
76,stem.0,0.17794494330883026
76,blocks.0.conv1,0.21595034003257751
76,blocks.0.conv2,0.23685386776924133
76,blocks.1.conv1,0.2564663887023926
76,blocks.1.conv2,0.25868549942970276
76,blocks.2.conv1,0.25612178444862366
76,blocks.2.conv2,0.2445583939552307
76,blocks.3.conv1,0.2527273893356323
76,blocks.3.conv2,0.21973392367362976
76,blocks.4.conv1,0.21000055968761444
76,blocks.4.conv2,0.181770920753479
76,blocks.5.conv1,0.19414274394512177
76,blocks.5.conv2,0.1633325219154358
76,blocks.6.conv1,0.15456748008728027
76,blocks.6.conv2,0.12751607596874237
76,blocks.7.conv1,0.11880530416965485
76,blocks.7.conv2,0.09433471411466599
76,mean_conv2d_grad_norm,0.19785369713516796
77,stem.0,0.14632761478424072
77,blocks.0.conv1,0.18386401236057281
77,blocks.0.conv2,0.2072957158088684
77,blocks.1.conv1,0.21645164489746094
77,blocks.1.conv2,0.224274680018425
77,blocks.2.conv1,0.23136387765407562
77,blocks.2.conv2,0.204680934548378
77,blocks.3.conv1,0.20392349362373352
77,blocks.3.conv2,0.18402253091335297
77,blocks.4.conv1,0.19629132747650146
77,blocks.4.conv2,0.1720772534608841
77,blocks.5.conv1,0.18126514554023743
77,blocks.5.conv2,0.1596776396036148
77,blocks.6.conv1,0.17368292808532715
77,blocks.6.conv2,0.13764026761054993
77,blocks.7.conv1,0.13344436883926392
77,blocks.7.conv2,0.1114605963230133
77,mean_conv2d_grad_norm,0.18045553126755884
78,stem.0,0.2513677775859833
78,blocks.0.conv1,0.2541499733924866
78,blocks.0.conv2,0.3101641535758972
78,blocks.1.conv1,0.3245908319950104
78,blocks.1.conv2,0.3487260639667511
78,blocks.2.conv1,0.34547388553619385
78,blocks.2.conv2,0.33047986030578613
78,blocks.3.conv1,0.33757153153419495
78,blocks.3.conv2,0.2882331311702728
78,blocks.4.conv1,0.29911136627197266
78,blocks.4.conv2,0.2654631435871124
78,blocks.5.conv1,0.2648066580295563
78,blocks.5.conv2,0.21280886232852936
78,blocks.6.conv1,0.21366265416145325
78,blocks.6.conv2,0.1600162386894226
78,blocks.7.conv1,0.1458812654018402
78,blocks.7.conv2,0.11732496321201324
78,mean_conv2d_grad_norm,0.26293131533791037
79,stem.0,0.16618381440639496
79,blocks.0.conv1,0.20770183205604553
79,blocks.0.conv2,0.25248584151268005
79,blocks.1.conv1,0.26531508564949036
79,blocks.1.conv2,0.2789900004863739
79,blocks.2.conv1,0.2761004567146301
79,blocks.2.conv2,0.26597899198532104
79,blocks.3.conv1,0.25518137216567993
79,blocks.3.conv2,0.22325488924980164
79,blocks.4.conv1,0.24744760990142822
79,blocks.4.conv2,0.21109463274478912
79,blocks.5.conv1,0.21631135046482086
79,blocks.5.conv2,0.18477420508861542
79,blocks.6.conv1,0.1946856677532196
79,blocks.6.conv2,0.146243616938591
79,blocks.7.conv1,0.13978302478790283
79,blocks.7.conv2,0.106006920337677
79,mean_conv2d_grad_norm,0.2139729007202036
80,stem.0,0.1582537144422531
80,blocks.0.conv1,0.16586939990520477
80,blocks.0.conv2,0.1805955469608307
80,blocks.1.conv1,0.19258415699005127
80,blocks.1.conv2,0.1927536278963089
80,blocks.2.conv1,0.19319824874401093
80,blocks.2.conv2,0.18539473414421082
80,blocks.3.conv1,0.19428110122680664
80,blocks.3.conv2,0.1775200217962265
80,blocks.4.conv1,0.18030399084091187
80,blocks.4.conv2,0.1584162414073944
80,blocks.5.conv1,0.1706864833831787
80,blocks.5.conv2,0.15260376036167145
80,blocks.6.conv1,0.14971351623535156
80,blocks.6.conv2,0.11617331951856613
80,blocks.7.conv1,0.11036238074302673
80,blocks.7.conv2,0.08241020888090134
80,mean_conv2d_grad_norm,0.16241885020452387
81,stem.0,0.1347169578075409
81,blocks.0.conv1,0.1654178351163864
81,blocks.0.conv2,0.19835558533668518
81,blocks.1.conv1,0.20519080758094788
81,blocks.1.conv2,0.211067333817482
81,blocks.2.conv1,0.21088731288909912
81,blocks.2.conv2,0.20338159799575806
81,blocks.3.conv1,0.2126728594303131
81,blocks.3.conv2,0.1813415139913559
81,blocks.4.conv1,0.19433167576789856
81,blocks.4.conv2,0.17760170996189117
81,blocks.5.conv1,0.17584188282489777
81,blocks.5.conv2,0.14655886590480804
81,blocks.6.conv1,0.1484079509973526
81,blocks.6.conv2,0.1202818751335144
81,blocks.7.conv1,0.12505769729614258
81,blocks.7.conv2,0.09635532647371292
81,mean_conv2d_grad_norm,0.1710275757838698
82,stem.0,0.19135673344135284
82,blocks.0.conv1,0.22212684154510498
82,blocks.0.conv2,0.2512328326702118
82,blocks.1.conv1,0.2745055854320526
82,blocks.1.conv2,0.28806832432746887
82,blocks.2.conv1,0.2977677881717682
82,blocks.2.conv2,0.2688334584236145
82,blocks.3.conv1,0.26805469393730164
82,blocks.3.conv2,0.23102647066116333
82,blocks.4.conv1,0.2505916655063629
82,blocks.4.conv2,0.20632977783679962
82,blocks.5.conv1,0.21316832304000854
82,blocks.5.conv2,0.1849059760570526
82,blocks.6.conv1,0.19232583045959473
82,blocks.6.conv2,0.1522262692451477
82,blocks.7.conv1,0.14850111305713654
82,blocks.7.conv2,0.11868473887443542
82,mean_conv2d_grad_norm,0.2211592013345045
83,stem.0,0.16931188106536865
83,blocks.0.conv1,0.21954777836799622
83,blocks.0.conv2,0.246351420879364
83,blocks.1.conv1,0.25282442569732666
83,blocks.1.conv2,0.273271769285202
83,blocks.2.conv1,0.26681360602378845
83,blocks.2.conv2,0.2541755735874176
83,blocks.3.conv1,0.2627364993095398
83,blocks.3.conv2,0.25404927134513855
83,blocks.4.conv1,0.25211167335510254
83,blocks.4.conv2,0.21897609531879425
83,blocks.5.conv1,0.22329048812389374
83,blocks.5.conv2,0.1851707100868225
83,blocks.6.conv1,0.1927543729543686
83,blocks.6.conv2,0.1520487368106842
83,blocks.7.conv1,0.15097621083259583
83,blocks.7.conv2,0.12782320380210876
83,mean_conv2d_grad_norm,0.21777845393208897
84,stem.0,0.23028768599033356
84,blocks.0.conv1,0.2488531470298767
84,blocks.0.conv2,0.2890379726886749
84,blocks.1.conv1,0.29858729243278503
84,blocks.1.conv2,0.3066321313381195
84,blocks.2.conv1,0.30413591861724854
84,blocks.2.conv2,0.285456120967865
84,blocks.3.conv1,0.2965339124202728
84,blocks.3.conv2,0.25342798233032227
84,blocks.4.conv1,0.2796362042427063
84,blocks.4.conv2,0.23557278513908386
84,blocks.5.conv1,0.2362307608127594
84,blocks.5.conv2,0.18695728480815887
84,blocks.6.conv1,0.19237518310546875
84,blocks.6.conv2,0.15233393013477325
84,blocks.7.conv1,0.14596892893314362
84,blocks.7.conv2,0.11419510841369629
84,mean_conv2d_grad_norm,0.23860131467089934
85,stem.0,0.14693763852119446
85,blocks.0.conv1,0.214602991938591
85,blocks.0.conv2,0.2553294003009796
85,blocks.1.conv1,0.26206615567207336
85,blocks.1.conv2,0.2796700894832611
85,blocks.2.conv1,0.2762821316719055
85,blocks.2.conv2,0.2532079219818115
85,blocks.3.conv1,0.26626989245414734
85,blocks.3.conv2,0.23923110961914062
85,blocks.4.conv1,0.26265522837638855
85,blocks.4.conv2,0.22522525489330292
85,blocks.5.conv1,0.23271773755550385
85,blocks.5.conv2,0.1978948712348938
85,blocks.6.conv1,0.19639930129051208
85,blocks.6.conv2,0.15272673964500427
85,blocks.7.conv1,0.14105089008808136
85,blocks.7.conv2,0.11763633042573929
85,mean_conv2d_grad_norm,0.2188178638325018
86,stem.0,0.2269136905670166
86,blocks.0.conv1,0.19500504434108734
86,blocks.0.conv2,0.23497554659843445
86,blocks.1.conv1,0.24165652692317963
86,blocks.1.conv2,0.2485681027173996
86,blocks.2.conv1,0.2513335347175598
86,blocks.2.conv2,0.23389126360416412
86,blocks.3.conv1,0.24107402563095093
86,blocks.3.conv2,0.2083980292081833
86,blocks.4.conv1,0.21212217211723328
86,blocks.4.conv2,0.18501262366771698
86,blocks.5.conv1,0.18870270252227783
86,blocks.5.conv2,0.14977701008319855
86,blocks.6.conv1,0.15868589282035828
86,blocks.6.conv2,0.12680885195732117
86,blocks.7.conv1,0.1196087896823883
86,blocks.7.conv2,0.09625431895256042
86,mean_conv2d_grad_norm,0.19522283094770768
87,stem.0,0.19132888317108154
87,blocks.0.conv1,0.20776934921741486
87,blocks.0.conv2,0.25016549229621887
87,blocks.1.conv1,0.26236364245414734
87,blocks.1.conv2,0.2700980007648468
87,blocks.2.conv1,0.27257442474365234
87,blocks.2.conv2,0.25813156366348267
87,blocks.3.conv1,0.24931497871875763
87,blocks.3.conv2,0.21873918175697327
87,blocks.4.conv1,0.24286416172981262
87,blocks.4.conv2,0.20335650444030762
87,blocks.5.conv1,0.21658581495285034
87,blocks.5.conv2,0.18810240924358368
87,blocks.6.conv1,0.1843775361776352
87,blocks.6.conv2,0.14218035340309143
87,blocks.7.conv1,0.1439119428396225
87,blocks.7.conv2,0.10871552675962448
87,mean_conv2d_grad_norm,0.21238704507841782
88,stem.0,0.22276000678539276
88,blocks.0.conv1,0.24169525504112244
88,blocks.0.conv2,0.2682623863220215
88,blocks.1.conv1,0.2811828553676605
88,blocks.1.conv2,0.2981196641921997
88,blocks.2.conv1,0.31428179144859314
88,blocks.2.conv2,0.3140690326690674
88,blocks.3.conv1,0.3059578239917755
88,blocks.3.conv2,0.28563788533210754
88,blocks.4.conv1,0.2943844795227051
88,blocks.4.conv2,0.27047377824783325
88,blocks.5.conv1,0.26218682527542114
88,blocks.5.conv2,0.23061037063598633
88,blocks.6.conv1,0.23656398057937622
88,blocks.6.conv2,0.1968245506286621
88,blocks.7.conv1,0.18367956578731537
88,blocks.7.conv2,0.1599043756723404
88,mean_conv2d_grad_norm,0.2568585074999753
89,stem.0,0.1837589144706726
89,blocks.0.conv1,0.24247853457927704
89,blocks.0.conv2,0.29964402318000793
89,blocks.1.conv1,0.3216395378112793
89,blocks.1.conv2,0.3412739038467407
89,blocks.2.conv1,0.3363687992095947
89,blocks.2.conv2,0.32267120480537415
89,blocks.3.conv1,0.33022570610046387
89,blocks.3.conv2,0.2924686074256897
89,blocks.4.conv1,0.3281964361667633
89,blocks.4.conv2,0.27622848749160767
89,blocks.5.conv1,0.316701740026474
89,blocks.5.conv2,0.266573965549469
89,blocks.6.conv1,0.2659800350666046
89,blocks.6.conv2,0.21006786823272705
89,blocks.7.conv1,0.20690631866455078
89,blocks.7.conv2,0.16619378328323364
89,mean_conv2d_grad_norm,0.27690458034767823
90,stem.0,0.1420813798904419
90,blocks.0.conv1,0.17641067504882812
90,blocks.0.conv2,0.21956244111061096
90,blocks.1.conv1,0.23784610629081726
90,blocks.1.conv2,0.25782182812690735
90,blocks.2.conv1,0.24933136999607086
90,blocks.2.conv2,0.24707965552806854
90,blocks.3.conv1,0.2510416507720947
90,blocks.3.conv2,0.22355389595031738
90,blocks.4.conv1,0.2368878573179245
90,blocks.4.conv2,0.19336825609207153
90,blocks.5.conv1,0.20718325674533844
90,blocks.5.conv2,0.17358873784542084
90,blocks.6.conv1,0.17897841334342957
90,blocks.6.conv2,0.14911264181137085
90,blocks.7.conv1,0.14216579496860504
90,blocks.7.conv2,0.11928334087133408
90,mean_conv2d_grad_norm,0.2003116059829207
91,stem.0,0.15727566182613373
91,blocks.0.conv1,0.2027178853750229
91,blocks.0.conv2,0.25157999992370605
91,blocks.1.conv1,0.265969842672348
91,blocks.1.conv2,0.2833364009857178
91,blocks.2.conv1,0.2730148434638977
91,blocks.2.conv2,0.2628428637981415
91,blocks.3.conv1,0.2642449140548706
91,blocks.3.conv2,0.2412828952074051
91,blocks.4.conv1,0.24987050890922546
91,blocks.4.conv2,0.2192465364933014
91,blocks.5.conv1,0.2204713374376297
91,blocks.5.conv2,0.18746545910835266
91,blocks.6.conv1,0.1952926367521286
91,blocks.6.conv2,0.1574367731809616
91,blocks.7.conv1,0.152736097574234
91,blocks.7.conv2,0.13240890204906464
91,mean_conv2d_grad_norm,0.2186584446360083
92,stem.0,0.202228844165802
92,blocks.0.conv1,0.19939075410366058
92,blocks.0.conv2,0.2424166351556778
92,blocks.1.conv1,0.25149422883987427
92,blocks.1.conv2,0.2791791260242462
92,blocks.2.conv1,0.26996299624443054
92,blocks.2.conv2,0.2691860795021057
92,blocks.3.conv1,0.27100661396980286
92,blocks.3.conv2,0.24763105809688568
92,blocks.4.conv1,0.24770548939704895
92,blocks.4.conv2,0.22661149501800537
92,blocks.5.conv1,0.2333587408065796
92,blocks.5.conv2,0.19337639212608337
92,blocks.6.conv1,0.19725169241428375
92,blocks.6.conv2,0.14642047882080078
92,blocks.7.conv1,0.14291444420814514
92,blocks.7.conv2,0.11508861184120178
92,mean_conv2d_grad_norm,0.2197190400432138
93,stem.0,0.1154966726899147
93,blocks.0.conv1,0.1539963185787201
93,blocks.0.conv2,0.1798149198293686
93,blocks.1.conv1,0.18792974948883057
93,blocks.1.conv2,0.20516681671142578
93,blocks.2.conv1,0.20258475840091705
93,blocks.2.conv2,0.1958305686712265
93,blocks.3.conv1,0.19214262068271637
93,blocks.3.conv2,0.17458853125572205
93,blocks.4.conv1,0.17816820740699768
93,blocks.4.conv2,0.16194240748882294
93,blocks.5.conv1,0.16136112809181213
93,blocks.5.conv2,0.1375816911458969
93,blocks.6.conv1,0.14035959541797638
93,blocks.6.conv2,0.10756450146436691
93,blocks.7.conv1,0.09906285256147385
93,blocks.7.conv2,0.07841406762599945
93,mean_conv2d_grad_norm,0.15717678867718754
94,stem.0,0.1388714462518692
94,blocks.0.conv1,0.17805033922195435
94,blocks.0.conv2,0.21693779528141022
94,blocks.1.conv1,0.22251267731189728
94,blocks.1.conv2,0.2292041778564453
94,blocks.2.conv1,0.23264440894126892
94,blocks.2.conv2,0.22360575199127197
94,blocks.3.conv1,0.23213444650173187
94,blocks.3.conv2,0.2040579617023468
94,blocks.4.conv1,0.2154494971036911
94,blocks.4.conv2,0.18311022222042084
94,blocks.5.conv1,0.1881173849105835
94,blocks.5.conv2,0.15913283824920654
94,blocks.6.conv1,0.16286273300647736
94,blocks.6.conv2,0.13020163774490356
94,blocks.7.conv1,0.1251479536294937
94,blocks.7.conv2,0.10716678947210312
94,mean_conv2d_grad_norm,0.1852475330233574
95,stem.0,0.2442176640033722
95,blocks.0.conv1,0.23313497006893158
95,blocks.0.conv2,0.28178244829177856
95,blocks.1.conv1,0.2796637713909149
95,blocks.1.conv2,0.301443874835968
95,blocks.2.conv1,0.3011704981327057
95,blocks.2.conv2,0.2841102182865143
95,blocks.3.conv1,0.28187140822410583
95,blocks.3.conv2,0.26705560088157654
95,blocks.4.conv1,0.275890588760376
95,blocks.4.conv2,0.24013793468475342
95,blocks.5.conv1,0.24398861825466156
95,blocks.5.conv2,0.207533597946167
95,blocks.6.conv1,0.2132846564054489
95,blocks.6.conv2,0.1657743901014328
95,blocks.7.conv1,0.16039709746837616
95,blocks.7.conv2,0.13088931143283844
95,mean_conv2d_grad_norm,0.24190274406881893
96,stem.0,0.15779690444469452
96,blocks.0.conv1,0.22242087125778198
96,blocks.0.conv2,0.26504582166671753
96,blocks.1.conv1,0.24060125648975372
96,blocks.1.conv2,0.24661245942115784
96,blocks.2.conv1,0.2517434358596802
96,blocks.2.conv2,0.22956840693950653
96,blocks.3.conv1,0.23154331743717194
96,blocks.3.conv2,0.2124267816543579
96,blocks.4.conv1,0.22105439007282257
96,blocks.4.conv2,0.1855340451002121
96,blocks.5.conv1,0.20188231766223907
96,blocks.5.conv2,0.16914276778697968
96,blocks.6.conv1,0.18060027062892914
96,blocks.6.conv2,0.13084851205348969
96,blocks.7.conv1,0.11850088089704514
96,blocks.7.conv2,0.09091880917549133
96,mean_conv2d_grad_norm,0.197425955796943
97,stem.0,0.2571814954280853
97,blocks.0.conv1,0.26587823033332825
97,blocks.0.conv2,0.31048819422721863
97,blocks.1.conv1,0.3157535791397095
97,blocks.1.conv2,0.3559739589691162
97,blocks.2.conv1,0.3596900701522827
97,blocks.2.conv2,0.32481810450553894
97,blocks.3.conv1,0.3360348641872406
97,blocks.3.conv2,0.2958972454071045
97,blocks.4.conv1,0.32689639925956726
97,blocks.4.conv2,0.2677299380302429
97,blocks.5.conv1,0.28243058919906616
97,blocks.5.conv2,0.24053634703159332
97,blocks.6.conv1,0.24987800419330597
97,blocks.6.conv2,0.21271494030952454
97,blocks.7.conv1,0.19818590581417084
97,blocks.7.conv2,0.17327727377414703
97,mean_conv2d_grad_norm,0.2807861847036025
98,stem.0,0.19296897947788239
98,blocks.0.conv1,0.2080671638250351
98,blocks.0.conv2,0.2351931780576706
98,blocks.1.conv1,0.24299712479114532
98,blocks.1.conv2,0.2544597089290619
98,blocks.2.conv1,0.2463778406381607
98,blocks.2.conv2,0.23450997471809387
98,blocks.3.conv1,0.23512372374534607
98,blocks.3.conv2,0.20752978324890137
98,blocks.4.conv1,0.2223183959722519
98,blocks.4.conv2,0.1896384060382843
98,blocks.5.conv1,0.2086201161146164
98,blocks.5.conv2,0.17487137019634247
98,blocks.6.conv1,0.1761503368616104
98,blocks.6.conv2,0.1333075761795044
98,blocks.7.conv1,0.1314089149236679
98,blocks.7.conv2,0.1050676479935646
98,mean_conv2d_grad_norm,0.19991824951242
99,stem.0,0.2254893034696579
99,blocks.0.conv1,0.27255791425704956
99,blocks.0.conv2,0.3296803832054138
99,blocks.1.conv1,0.3418676555156708
99,blocks.1.conv2,0.34569117426872253
99,blocks.2.conv1,0.34026747941970825
99,blocks.2.conv2,0.3227168619632721
99,blocks.3.conv1,0.3294757306575775
99,blocks.3.conv2,0.28625041246414185
99,blocks.4.conv1,0.29995056986808777
99,blocks.4.conv2,0.25957542657852173
99,blocks.5.conv1,0.2878251075744629
99,blocks.5.conv2,0.24424149096012115
99,blocks.6.conv1,0.24355052411556244
99,blocks.6.conv2,0.19121548533439636
99,blocks.7.conv1,0.18380595743656158
99,blocks.7.conv2,0.1449505090713501
99,mean_conv2d_grad_norm,0.27347717565648694
100,stem.0,0.21769259870052338
100,blocks.0.conv1,0.2318747341632843
100,blocks.0.conv2,0.27202776074409485
100,blocks.1.conv1,0.27210327982902527
100,blocks.1.conv2,0.28357309103012085
100,blocks.2.conv1,0.28790515661239624
100,blocks.2.conv2,0.2675931751728058
100,blocks.3.conv1,0.2663297653198242
100,blocks.3.conv2,0.238736093044281
100,blocks.4.conv1,0.2506510615348816
100,blocks.4.conv2,0.22200971841812134
100,blocks.5.conv1,0.2253158688545227
100,blocks.5.conv2,0.1934146285057068
100,blocks.6.conv1,0.2004329264163971
100,blocks.6.conv2,0.14956778287887573
100,blocks.7.conv1,0.15119755268096924
100,blocks.7.conv2,0.12218192219734192
100,mean_conv2d_grad_norm,0.22662394800606897
101,stem.0,0.07018392533063889
101,blocks.0.conv1,0.08434315025806427
101,blocks.0.conv2,0.10252957791090012
101,blocks.1.conv1,0.11103387922048569
101,blocks.1.conv2,0.11907844245433807
101,blocks.2.conv1,0.1176077276468277
101,blocks.2.conv2,0.111426442861557
101,blocks.3.conv1,0.1118331104516983
101,blocks.3.conv2,0.09652581065893173
101,blocks.4.conv1,0.10278812050819397
101,blocks.4.conv2,0.08788236230611801
101,blocks.5.conv1,0.0939936488866806
101,blocks.5.conv2,0.07382862269878387
101,blocks.6.conv1,0.07778983563184738
101,blocks.6.conv2,0.061509061604738235
101,blocks.7.conv1,0.05466600880026817
101,blocks.7.conv2,0.04006848484277725
101,mean_conv2d_grad_norm,0.08924048306310878
102,stem.0,0.15406468510627747
102,blocks.0.conv1,0.19509795308113098
102,blocks.0.conv2,0.2027498483657837
102,blocks.1.conv1,0.22253017127513885
102,blocks.1.conv2,0.23224756121635437
102,blocks.2.conv1,0.2312818318605423
102,blocks.2.conv2,0.21305373311042786
102,blocks.3.conv1,0.21552933752536774
102,blocks.3.conv2,0.19168007373809814
102,blocks.4.conv1,0.19534173607826233
102,blocks.4.conv2,0.1811709702014923
102,blocks.5.conv1,0.19657514989376068
102,blocks.5.conv2,0.17209020256996155
102,blocks.6.conv1,0.18150116503238678
102,blocks.6.conv2,0.15679395198822021
102,blocks.7.conv1,0.14799216389656067
102,blocks.7.conv2,0.12536302208900452
102,mean_conv2d_grad_norm,0.18912138570757472
103,stem.0,0.13444043695926666
103,blocks.0.conv1,0.10795119404792786
103,blocks.0.conv2,0.13407517969608307
103,blocks.1.conv1,0.14827947318553925
103,blocks.1.conv2,0.15814583003520966
103,blocks.2.conv1,0.1567668318748474
103,blocks.2.conv2,0.1517273336648941
103,blocks.3.conv1,0.14942920207977295
103,blocks.3.conv2,0.13150165975093842
103,blocks.4.conv1,0.1444309949874878
103,blocks.4.conv2,0.12044400721788406
103,blocks.5.conv1,0.13603319227695465
103,blocks.5.conv2,0.1083238422870636
103,blocks.6.conv1,0.11834151297807693
103,blocks.6.conv2,0.08312271535396576
103,blocks.7.conv1,0.07964576780796051
103,blocks.7.conv2,0.06096547842025757
103,mean_conv2d_grad_norm,0.12491909721318413
104,stem.0,0.09018231183290482
104,blocks.0.conv1,0.1049426719546318
104,blocks.0.conv2,0.12853488326072693
104,blocks.1.conv1,0.14084859192371368
104,blocks.1.conv2,0.15587642788887024
104,blocks.2.conv1,0.15578696131706238
104,blocks.2.conv2,0.14867965877056122
104,blocks.3.conv1,0.1506204903125763
104,blocks.3.conv2,0.1301930546760559
104,blocks.4.conv1,0.13366419076919556
104,blocks.4.conv2,0.12347257882356644
104,blocks.5.conv1,0.13596130907535553
104,blocks.5.conv2,0.11901379376649857
104,blocks.6.conv1,0.11620894074440002
104,blocks.6.conv2,0.08398323506116867
104,blocks.7.conv1,0.0759040117263794
104,blocks.7.conv2,0.05697742477059364
104,mean_conv2d_grad_norm,0.12063826686319183
105,stem.0,0.06291832029819489
105,blocks.0.conv1,0.06360665708780289
105,blocks.0.conv2,0.07565324008464813
105,blocks.1.conv1,0.085460364818573
105,blocks.1.conv2,0.09003140032291412
105,blocks.2.conv1,0.09497902542352676
105,blocks.2.conv2,0.08853737264871597
105,blocks.3.conv1,0.08545996248722076
105,blocks.3.conv2,0.07950016856193542
105,blocks.4.conv1,0.07830436527729034
105,blocks.4.conv2,0.07146526128053665
105,blocks.5.conv1,0.0739736557006836
105,blocks.5.conv2,0.05994802713394165
105,blocks.6.conv1,0.06302639842033386
105,blocks.6.conv2,0.048541758209466934
105,blocks.7.conv1,0.04242308437824249
105,blocks.7.conv2,0.032934557646512985
105,mean_conv2d_grad_norm,0.07039785998709061
106,stem.0,0.06998566538095474
106,blocks.0.conv1,0.08714243024587631
106,blocks.0.conv2,0.10623116046190262
106,blocks.1.conv1,0.11629391461610794
106,blocks.1.conv2,0.12705537676811218
106,blocks.2.conv1,0.1280411183834076
106,blocks.2.conv2,0.119278684258461
106,blocks.3.conv1,0.11962854862213135
106,blocks.3.conv2,0.10699016600847244
106,blocks.4.conv1,0.10421870648860931
106,blocks.4.conv2,0.09084776788949966
106,blocks.5.conv1,0.09936174005270004
106,blocks.5.conv2,0.07848238945007324
106,blocks.6.conv1,0.08012018352746964
106,blocks.6.conv2,0.06297684460878372
106,blocks.7.conv1,0.06204034388065338
106,blocks.7.conv2,0.04983387514948845
106,mean_conv2d_grad_norm,0.0946193479878061
107,stem.0,0.03178746998310089
107,blocks.0.conv1,0.03226497396826744
107,blocks.0.conv2,0.04060180485248566
107,blocks.1.conv1,0.044845372438430786
107,blocks.1.conv2,0.045800138264894485
107,blocks.2.conv1,0.04963464289903641
107,blocks.2.conv2,0.04694731533527374
107,blocks.3.conv1,0.05068314075469971
107,blocks.3.conv2,0.03931247070431709
107,blocks.4.conv1,0.03871253877878189
107,blocks.4.conv2,0.03490734100341797
107,blocks.5.conv1,0.03448968753218651
107,blocks.5.conv2,0.03353438526391983
107,blocks.6.conv1,0.032536014914512634
107,blocks.6.conv2,0.02517576888203621
107,blocks.7.conv1,0.025413986295461655
107,blocks.7.conv2,0.020871475338935852
107,mean_conv2d_grad_norm,0.036912854541750514
108,stem.0,0.06001007929444313
108,blocks.0.conv1,0.062394220381975174
108,blocks.0.conv2,0.07846381515264511
108,blocks.1.conv1,0.0845542773604393
108,blocks.1.conv2,0.0892183780670166
108,blocks.2.conv1,0.09180233627557755
108,blocks.2.conv2,0.08687890321016312
108,blocks.3.conv1,0.0888594314455986
108,blocks.3.conv2,0.0786762461066246
108,blocks.4.conv1,0.0838216245174408
108,blocks.4.conv2,0.07213380187749863
108,blocks.5.conv1,0.07370799034833908
108,blocks.5.conv2,0.06074267253279686
108,blocks.6.conv1,0.06257936358451843
108,blocks.6.conv2,0.050392355769872665
108,blocks.7.conv1,0.043026018887758255
108,blocks.7.conv2,0.03219087794423103
108,mean_conv2d_grad_norm,0.07055602310334935
109,stem.0,0.09456212818622589
109,blocks.0.conv1,0.10085076838731766
109,blocks.0.conv2,0.1295456737279892
109,blocks.1.conv1,0.1430957019329071
109,blocks.1.conv2,0.15312929451465607
109,blocks.2.conv1,0.14930467307567596
109,blocks.2.conv2,0.13113999366760254
109,blocks.3.conv1,0.1400189995765686
109,blocks.3.conv2,0.11614518612623215
109,blocks.4.conv1,0.12324213981628418
109,blocks.4.conv2,0.10294689983129501
109,blocks.5.conv1,0.10446932166814804
109,blocks.5.conv2,0.08634183555841446
109,blocks.6.conv1,0.08602680265903473
109,blocks.6.conv2,0.0685475617647171
109,blocks.7.conv1,0.06409646570682526
109,blocks.7.conv2,0.05259723961353302
109,mean_conv2d_grad_norm,0.10859180504784864
110,stem.0,0.07912670820951462
110,blocks.0.conv1,0.09310344606637955
110,blocks.0.conv2,0.11039363592863083
110,blocks.1.conv1,0.126132071018219
110,blocks.1.conv2,0.129943385720253
110,blocks.2.conv1,0.13031023740768433
110,blocks.2.conv2,0.12564390897750854
110,blocks.3.conv1,0.12517540156841278
110,blocks.3.conv2,0.1105521023273468
110,blocks.4.conv1,0.11246888339519501
110,blocks.4.conv2,0.10180851817131042
110,blocks.5.conv1,0.10541882365942001
110,blocks.5.conv2,0.08830902725458145
110,blocks.6.conv1,0.0977526307106018
110,blocks.6.conv2,0.07292770594358444
110,blocks.7.conv1,0.071747787296772
110,blocks.7.conv2,0.05441703647375107
110,mean_conv2d_grad_norm,0.10207243000759798
111,stem.0,0.03275642544031143
111,blocks.0.conv1,0.0370076559484005
111,blocks.0.conv2,0.04603734612464905
111,blocks.1.conv1,0.050107501447200775
111,blocks.1.conv2,0.05293614789843559
111,blocks.2.conv1,0.05254308506846428
111,blocks.2.conv2,0.04928620159626007
111,blocks.3.conv1,0.052464086562395096
111,blocks.3.conv2,0.0459391251206398
111,blocks.4.conv1,0.04808613657951355
111,blocks.4.conv2,0.040380705147981644
111,blocks.5.conv1,0.04369884729385376
111,blocks.5.conv2,0.034660741686820984
111,blocks.6.conv1,0.03845992684364319
111,blocks.6.conv2,0.027268672361969948
111,blocks.7.conv1,0.026974890381097794
111,blocks.7.conv2,0.02066570706665516
111,mean_conv2d_grad_norm,0.04113371779813486
112,stem.0,0.05310091748833656
112,blocks.0.conv1,0.06000269576907158
112,blocks.0.conv2,0.06833554804325104
112,blocks.1.conv1,0.07216423749923706
112,blocks.1.conv2,0.07694711536169052
112,blocks.2.conv1,0.08015532046556473
112,blocks.2.conv2,0.07712806016206741
112,blocks.3.conv1,0.08236634731292725
112,blocks.3.conv2,0.07591266185045242
112,blocks.4.conv1,0.07939515262842178
112,blocks.4.conv2,0.06525492668151855
112,blocks.5.conv1,0.06334635615348816
112,blocks.5.conv2,0.05421309545636177
112,blocks.6.conv1,0.05768668279051781
112,blocks.6.conv2,0.03989088162779808
112,blocks.7.conv1,0.03583323955535889
112,blocks.7.conv2,0.02529301308095455
112,mean_conv2d_grad_norm,0.06276625011335402
113,stem.0,0.06858541816473007
113,blocks.0.conv1,0.08136721700429916
113,blocks.0.conv2,0.0961102619767189
113,blocks.1.conv1,0.0996447503566742
113,blocks.1.conv2,0.10318401455879211
113,blocks.2.conv1,0.10600848495960236
113,blocks.2.conv2,0.10203836858272552
113,blocks.3.conv1,0.10415057837963104
113,blocks.3.conv2,0.09668461978435516
113,blocks.4.conv1,0.10080000758171082
113,blocks.4.conv2,0.086109459400177
113,blocks.5.conv1,0.09179738163948059
113,blocks.5.conv2,0.08121299743652344
113,blocks.6.conv1,0.08105640113353729
113,blocks.6.conv2,0.0657656267285347
113,blocks.7.conv1,0.06056753918528557
113,blocks.7.conv2,0.04055184870958328
113,mean_conv2d_grad_norm,0.08621382209308007
114,stem.0,0.08054333180189133
114,blocks.0.conv1,0.062211982905864716
114,blocks.0.conv2,0.07315054535865784
114,blocks.1.conv1,0.08237288147211075
114,blocks.1.conv2,0.08570221811532974
114,blocks.2.conv1,0.08648687601089478
114,blocks.2.conv2,0.08417406678199768
114,blocks.3.conv1,0.08890797942876816
114,blocks.3.conv2,0.07837502658367157
114,blocks.4.conv1,0.07657282799482346
114,blocks.4.conv2,0.0660683810710907
114,blocks.5.conv1,0.06866510957479477
114,blocks.5.conv2,0.05658245459198952
114,blocks.6.conv1,0.0509931854903698
114,blocks.6.conv2,0.035809990018606186
114,blocks.7.conv1,0.03058658353984356
114,blocks.7.conv2,0.020385414361953735
114,mean_conv2d_grad_norm,0.06632875618250932
115,stem.0,0.04237958788871765
115,blocks.0.conv1,0.053500693291425705
115,blocks.0.conv2,0.06699422001838684
115,blocks.1.conv1,0.07721685618162155
115,blocks.1.conv2,0.08327756077051163
115,blocks.2.conv1,0.08430613577365875
115,blocks.2.conv2,0.08019771426916122
115,blocks.3.conv1,0.08228067308664322
115,blocks.3.conv2,0.07205470651388168
115,blocks.4.conv1,0.07551086694002151
115,blocks.4.conv2,0.06374622136354446
115,blocks.5.conv1,0.06840944290161133
115,blocks.5.conv2,0.05317140743136406
115,blocks.6.conv1,0.057232052087783813
115,blocks.6.conv2,0.04281451553106308
115,blocks.7.conv1,0.043282389640808105
115,blocks.7.conv2,0.03134406358003616
115,mean_conv2d_grad_norm,0.0633952416041318
116,stem.0,0.02356758341193199
116,blocks.0.conv1,0.025007003918290138
116,blocks.0.conv2,0.031199626624584198
116,blocks.1.conv1,0.03458242490887642
116,blocks.1.conv2,0.039983849972486496
116,blocks.2.conv1,0.04015454277396202
116,blocks.2.conv2,0.03932990878820419
116,blocks.3.conv1,0.03833286464214325
116,blocks.3.conv2,0.034636568278074265
116,blocks.4.conv1,0.037126101553440094
116,blocks.4.conv2,0.0361347459256649
116,blocks.5.conv1,0.03489543870091438
116,blocks.5.conv2,0.03122878260910511
116,blocks.6.conv1,0.03042730502784252
116,blocks.6.conv2,0.022509947419166565
116,blocks.7.conv1,0.020618297159671783
116,blocks.7.conv2,0.013649383559823036
116,mean_conv2d_grad_norm,0.03137555148671655
117,stem.0,0.09275010228157043
117,blocks.0.conv1,0.10332409292459488
117,blocks.0.conv2,0.13731859624385834
117,blocks.1.conv1,0.1558585911989212
117,blocks.1.conv2,0.16661812365055084
117,blocks.2.conv1,0.16284963488578796
117,blocks.2.conv2,0.157414510846138
117,blocks.3.conv1,0.15802252292633057
117,blocks.3.conv2,0.1312897652387619
117,blocks.4.conv1,0.13681544363498688
117,blocks.4.conv2,0.11000639200210571
117,blocks.5.conv1,0.11040173470973969
117,blocks.5.conv2,0.09441305696964264
117,blocks.6.conv1,0.09332434087991714
117,blocks.6.conv2,0.06614495068788528
117,blocks.7.conv1,0.05969519168138504
117,blocks.7.conv2,0.04589105024933815
117,mean_conv2d_grad_norm,0.11659635888303027
118,stem.0,0.04646848142147064
118,blocks.0.conv1,0.05714922398328781
118,blocks.0.conv2,0.06785500794649124
118,blocks.1.conv1,0.07673772424459457
118,blocks.1.conv2,0.0785481408238411
118,blocks.2.conv1,0.07966708391904831
118,blocks.2.conv2,0.07596078515052795
118,blocks.3.conv1,0.07613394409418106
118,blocks.3.conv2,0.0676397904753685
118,blocks.4.conv1,0.0664043202996254
118,blocks.4.conv2,0.05325942113995552
118,blocks.5.conv1,0.05479970946907997
118,blocks.5.conv2,0.045197632163763046
118,blocks.6.conv1,0.04089592397212982
118,blocks.6.conv2,0.034533195197582245
118,blocks.7.conv1,0.03466811031103134
118,blocks.7.conv2,0.024326499551534653
118,mean_conv2d_grad_norm,0.05766147024491254
119,stem.0,0.09292205423116684
119,blocks.0.conv1,0.11824802309274673
119,blocks.0.conv2,0.14153733849525452
119,blocks.1.conv1,0.16016846895217896
119,blocks.1.conv2,0.17150461673736572
119,blocks.2.conv1,0.18201658129692078
119,blocks.2.conv2,0.1718761920928955
119,blocks.3.conv1,0.1707799732685089
119,blocks.3.conv2,0.14846111834049225
119,blocks.4.conv1,0.15160749852657318
119,blocks.4.conv2,0.12432774901390076
119,blocks.5.conv1,0.13610562682151794
119,blocks.5.conv2,0.11949873715639114
119,blocks.6.conv1,0.1070806235074997
119,blocks.6.conv2,0.07445188611745834
119,blocks.7.conv1,0.0715256854891777
119,blocks.7.conv2,0.0556221678853035
119,mean_conv2d_grad_norm,0.12927849064855015
120,stem.0,0.1020294800400734
120,blocks.0.conv1,0.12325622886419296
120,blocks.0.conv2,0.14251834154129028
120,blocks.1.conv1,0.15862172842025757
120,blocks.1.conv2,0.17564304172992706
120,blocks.2.conv1,0.16773732006549835
120,blocks.2.conv2,0.16653898358345032
120,blocks.3.conv1,0.1705380529165268
120,blocks.3.conv2,0.14240723848342896
120,blocks.4.conv1,0.160268634557724
120,blocks.4.conv2,0.14974990487098694
120,blocks.5.conv1,0.1486114114522934
120,blocks.5.conv2,0.12482406944036484
120,blocks.6.conv1,0.12898746132850647
120,blocks.6.conv2,0.09269648045301437
120,blocks.7.conv1,0.08505070954561234
120,blocks.7.conv2,0.05921792984008789
120,mean_conv2d_grad_norm,0.1352174715960727
121,stem.0,0.04134485870599747
121,blocks.0.conv1,0.04176951199769974
121,blocks.0.conv2,0.05124552547931671
121,blocks.1.conv1,0.05531592294573784
121,blocks.1.conv2,0.058192357420921326
121,blocks.2.conv1,0.058286555111408234
121,blocks.2.conv2,0.05405706539750099
121,blocks.3.conv1,0.05554400384426117
121,blocks.3.conv2,0.05066816508769989
121,blocks.4.conv1,0.05038172006607056
121,blocks.4.conv2,0.04553654417395592
121,blocks.5.conv1,0.04795464128255844
121,blocks.5.conv2,0.038327015936374664
121,blocks.6.conv1,0.039531730115413666
121,blocks.6.conv2,0.028013987466692924
121,blocks.7.conv1,0.02657741867005825
121,blocks.7.conv2,0.01948167011141777
121,mean_conv2d_grad_norm,0.044836981989005036
122,stem.0,0.024272512644529343
122,blocks.0.conv1,0.02659965679049492
122,blocks.0.conv2,0.031055139377713203
122,blocks.1.conv1,0.0322895310819149
122,blocks.1.conv2,0.03538336977362633
122,blocks.2.conv1,0.03453254699707031
122,blocks.2.conv2,0.03184458985924721
122,blocks.3.conv1,0.03228079900145531
122,blocks.3.conv2,0.0298768300563097
122,blocks.4.conv1,0.03010128065943718
122,blocks.4.conv2,0.024783378466963768
122,blocks.5.conv1,0.025526443496346474
122,blocks.5.conv2,0.022560520097613335
122,blocks.6.conv1,0.021763300523161888
122,blocks.6.conv2,0.015269804745912552
122,blocks.7.conv1,0.013826977461576462
122,blocks.7.conv2,0.010283305309712887
122,mean_conv2d_grad_norm,0.026014705079005045
123,stem.0,0.046842776238918304
123,blocks.0.conv1,0.05140398070216179
123,blocks.0.conv2,0.06498128920793533
123,blocks.1.conv1,0.07477916032075882
123,blocks.1.conv2,0.07779006659984589
123,blocks.2.conv1,0.07648696005344391
123,blocks.2.conv2,0.07166296243667603
123,blocks.3.conv1,0.0722927451133728
123,blocks.3.conv2,0.06695562601089478
123,blocks.4.conv1,0.06820540875196457
123,blocks.4.conv2,0.05898606777191162
123,blocks.5.conv1,0.06496713310480118
123,blocks.5.conv2,0.0560467466711998
123,blocks.6.conv1,0.0571957528591156
123,blocks.6.conv2,0.04375114291906357
123,blocks.7.conv1,0.0450228750705719
123,blocks.7.conv2,0.02808689884841442
123,mean_conv2d_grad_norm,0.060321034863591194
124,stem.0,0.03677228093147278
124,blocks.0.conv1,0.04034366086125374
124,blocks.0.conv2,0.04793570935726166
124,blocks.1.conv1,0.05230162665247917
124,blocks.1.conv2,0.05460983142256737
124,blocks.2.conv1,0.05587517097592354
124,blocks.2.conv2,0.049974776804447174
124,blocks.3.conv1,0.05161324515938759
124,blocks.3.conv2,0.04581446945667267
124,blocks.4.conv1,0.05086800083518028
124,blocks.4.conv2,0.040510065853595734
124,blocks.5.conv1,0.04384845867753029
124,blocks.5.conv2,0.03377051278948784
124,blocks.6.conv1,0.0360305979847908
124,blocks.6.conv2,0.026716308668255806
124,blocks.7.conv1,0.027335483580827713
124,blocks.7.conv2,0.02059187740087509
124,mean_conv2d_grad_norm,0.042053651612471134
125,stem.0,0.08517196774482727
125,blocks.0.conv1,0.06870263814926147
125,blocks.0.conv2,0.08187335729598999
125,blocks.1.conv1,0.08527716249227524
125,blocks.1.conv2,0.08889344334602356
125,blocks.2.conv1,0.09082639217376709
125,blocks.2.conv2,0.08262940496206284
125,blocks.3.conv1,0.08775274455547333
125,blocks.3.conv2,0.07240770012140274
125,blocks.4.conv1,0.08011864870786667
125,blocks.4.conv2,0.07339727878570557
125,blocks.5.conv1,0.06863156706094742
125,blocks.5.conv2,0.050917576998472214
125,blocks.6.conv1,0.05067922919988632
125,blocks.6.conv2,0.03453856334090233
125,blocks.7.conv1,0.03078971616923809
125,blocks.7.conv2,0.02302771620452404
125,mean_conv2d_grad_norm,0.06797853572403684
126,stem.0,0.07080372422933578
126,blocks.0.conv1,0.07013703882694244
126,blocks.0.conv2,0.08597993850708008
126,blocks.1.conv1,0.10054336488246918
126,blocks.1.conv2,0.10692618787288666
126,blocks.2.conv1,0.11537034809589386
126,blocks.2.conv2,0.10712718963623047
126,blocks.3.conv1,0.10496935993432999
126,blocks.3.conv2,0.09491807967424393
126,blocks.4.conv1,0.10592842847108841
126,blocks.4.conv2,0.08820250630378723
126,blocks.5.conv1,0.08961082249879837
126,blocks.5.conv2,0.07126174867153168
126,blocks.6.conv1,0.07377921789884567
126,blocks.6.conv2,0.055260270833969116
126,blocks.7.conv1,0.04751769080758095
126,blocks.7.conv2,0.035938069224357605
126,mean_conv2d_grad_norm,0.08378082272761009
127,stem.0,0.043836090713739395
127,blocks.0.conv1,0.04090511426329613
127,blocks.0.conv2,0.051152944564819336
127,blocks.1.conv1,0.05655871331691742
127,blocks.1.conv2,0.06260127574205399
127,blocks.2.conv1,0.06095771864056587
127,blocks.2.conv2,0.05579887330532074
127,blocks.3.conv1,0.05740181729197502
127,blocks.3.conv2,0.04927293211221695
127,blocks.4.conv1,0.05400998517870903
127,blocks.4.conv2,0.048321306705474854
127,blocks.5.conv1,0.0528847873210907
127,blocks.5.conv2,0.044217146933078766
127,blocks.6.conv1,0.04670220986008644
127,blocks.6.conv2,0.032873768359422684
127,blocks.7.conv1,0.02900948002934456
127,blocks.7.conv2,0.021113712340593338
127,mean_conv2d_grad_norm,0.04750693392227678
128,stem.0,0.056049831211566925
128,blocks.0.conv1,0.06960129737854004
128,blocks.0.conv2,0.08634283393621445
128,blocks.1.conv1,0.09344958513975143
128,blocks.1.conv2,0.10155810415744781
128,blocks.2.conv1,0.10236161947250366
128,blocks.2.conv2,0.09954404830932617
128,blocks.3.conv1,0.10448791831731796
128,blocks.3.conv2,0.09575805813074112
128,blocks.4.conv1,0.10089111328125
128,blocks.4.conv2,0.08808005601167679
128,blocks.5.conv1,0.08898645639419556
128,blocks.5.conv2,0.06840002536773682
128,blocks.6.conv1,0.07101850211620331
128,blocks.6.conv2,0.04808584600687027
128,blocks.7.conv1,0.04296828433871269
128,blocks.7.conv2,0.028383279219269753
128,mean_conv2d_grad_norm,0.0791745211052544
129,stem.0,0.11405568569898605
129,blocks.0.conv1,0.14084923267364502
129,blocks.0.conv2,0.17292556166648865
129,blocks.1.conv1,0.19665658473968506
129,blocks.1.conv2,0.2086258828639984
129,blocks.2.conv1,0.20602504909038544
129,blocks.2.conv2,0.1807699352502823
129,blocks.3.conv1,0.18757721781730652
129,blocks.3.conv2,0.1513049155473709
129,blocks.4.conv1,0.17433887720108032
129,blocks.4.conv2,0.1423475295305252
129,blocks.5.conv1,0.1646137535572052
129,blocks.5.conv2,0.1304204761981964
129,blocks.6.conv1,0.1317349225282669
129,blocks.6.conv2,0.10444969683885574
129,blocks.7.conv1,0.0998176634311676
129,blocks.7.conv2,0.07449720799922943
129,mean_conv2d_grad_norm,0.15182412897839265
130,stem.0,0.056761693209409714
130,blocks.0.conv1,0.05989036709070206
130,blocks.0.conv2,0.07051709294319153
130,blocks.1.conv1,0.07116619497537613
130,blocks.1.conv2,0.07731906324625015
130,blocks.2.conv1,0.07919180393218994
130,blocks.2.conv2,0.0754069909453392
130,blocks.3.conv1,0.0764157697558403
130,blocks.3.conv2,0.06521464884281158
130,blocks.4.conv1,0.06887996941804886
130,blocks.4.conv2,0.05704789608716965
130,blocks.5.conv1,0.05791478976607323
130,blocks.5.conv2,0.044867612421512604
130,blocks.6.conv1,0.04729027301073074
130,blocks.6.conv2,0.03694000095129013
130,blocks.7.conv1,0.03522845730185509
130,blocks.7.conv2,0.025049932301044464
130,mean_conv2d_grad_norm,0.05912367977640208
131,stem.0,0.09754736721515656
131,blocks.0.conv1,0.12997381389141083
131,blocks.0.conv2,0.15240567922592163
131,blocks.1.conv1,0.15512195229530334
131,blocks.1.conv2,0.15697231888771057
131,blocks.2.conv1,0.15184402465820312
131,blocks.2.conv2,0.13659442961215973
131,blocks.3.conv1,0.14290975034236908
131,blocks.3.conv2,0.1368597149848938
131,blocks.4.conv1,0.1407579928636551
131,blocks.4.conv2,0.1317225694656372
131,blocks.5.conv1,0.12779082357883453
131,blocks.5.conv2,0.11317284405231476
131,blocks.6.conv1,0.11624450981616974
131,blocks.6.conv2,0.08627001196146011
131,blocks.7.conv1,0.07935047149658203
131,blocks.7.conv2,0.059971489012241364
131,mean_conv2d_grad_norm,0.12444175078588374
132,stem.0,0.012664523907005787
132,blocks.0.conv1,0.01589358039200306
132,blocks.0.conv2,0.01880352571606636
132,blocks.1.conv1,0.021023936569690704
132,blocks.1.conv2,0.02289963886141777
132,blocks.2.conv1,0.02399979718029499
132,blocks.2.conv2,0.022010499611496925
132,blocks.3.conv1,0.021697156131267548
132,blocks.3.conv2,0.02053523249924183
132,blocks.4.conv1,0.021241243928670883
132,blocks.4.conv2,0.017244527116417885
132,blocks.5.conv1,0.018608594313263893
132,blocks.5.conv2,0.015569886192679405
132,blocks.6.conv1,0.01699639856815338
132,blocks.6.conv2,0.011358404532074928
132,blocks.7.conv1,0.011828443966805935
132,blocks.7.conv2,0.008569355122745037
132,mean_conv2d_grad_norm,0.01770263203584096
133,stem.0,0.052114877849817276
133,blocks.0.conv1,0.052668794989585876
133,blocks.0.conv2,0.06297953426837921
133,blocks.1.conv1,0.0701943188905716
133,blocks.1.conv2,0.07406748831272125
133,blocks.2.conv1,0.07688908278942108
133,blocks.2.conv2,0.06851565092802048
133,blocks.3.conv1,0.06970067322254181
133,blocks.3.conv2,0.061015453189611435
133,blocks.4.conv1,0.06300748884677887
133,blocks.4.conv2,0.05642237514257431
133,blocks.5.conv1,0.05956512689590454
133,blocks.5.conv2,0.04637480527162552
133,blocks.6.conv1,0.04657495766878128
133,blocks.6.conv2,0.03577675670385361
133,blocks.7.conv1,0.037427954375743866
133,blocks.7.conv2,0.02839447185397148
133,mean_conv2d_grad_norm,0.05656998889411197
134,stem.0,0.06694196909666061
134,blocks.0.conv1,0.06489389389753342
134,blocks.0.conv2,0.08324094116687775
134,blocks.1.conv1,0.09238593280315399
134,blocks.1.conv2,0.10317038744688034
134,blocks.2.conv1,0.10366230458021164
134,blocks.2.conv2,0.0956522524356842
134,blocks.3.conv1,0.0984959676861763
134,blocks.3.conv2,0.08511633425951004
134,blocks.4.conv1,0.0938640609383583
134,blocks.4.conv2,0.07757452130317688
134,blocks.5.conv1,0.08153562247753143
134,blocks.5.conv2,0.06767253577709198
134,blocks.6.conv1,0.07071420550346375
134,blocks.6.conv2,0.04764764755964279
134,blocks.7.conv1,0.04149537533521652
134,blocks.7.conv2,0.029943721368908882
134,mean_conv2d_grad_norm,0.07670633374329876
135,stem.0,0.05248522758483887
135,blocks.0.conv1,0.054040465503931046
135,blocks.0.conv2,0.0637931227684021
135,blocks.1.conv1,0.07308534532785416
135,blocks.1.conv2,0.07341437041759491
135,blocks.2.conv1,0.0731191486120224
135,blocks.2.conv2,0.06711984425783157
135,blocks.3.conv1,0.06840229034423828
135,blocks.3.conv2,0.06346099823713303
135,blocks.4.conv1,0.06489674746990204
135,blocks.4.conv2,0.05497317016124725
135,blocks.5.conv1,0.059343986213207245
135,blocks.5.conv2,0.046521369367837906
135,blocks.6.conv1,0.048659734427928925
135,blocks.6.conv2,0.03468538820743561
135,blocks.7.conv1,0.030749287456274033
135,blocks.7.conv2,0.02318744547665119
135,mean_conv2d_grad_norm,0.055996349519666505
136,stem.0,0.042090605944395065
136,blocks.0.conv1,0.04690241068601608
136,blocks.0.conv2,0.059224531054496765
136,blocks.1.conv1,0.06473792344331741
136,blocks.1.conv2,0.06617153435945511
136,blocks.2.conv1,0.06986920535564423
136,blocks.2.conv2,0.06312637776136398
136,blocks.3.conv1,0.0656420886516571
136,blocks.3.conv2,0.05898384749889374
136,blocks.4.conv1,0.06223762407898903
136,blocks.4.conv2,0.05017317831516266
136,blocks.5.conv1,0.05085304006934166
136,blocks.5.conv2,0.0383148156106472
136,blocks.6.conv1,0.03756007179617882
136,blocks.6.conv2,0.02612282894551754
136,blocks.7.conv1,0.02361040562391281
136,blocks.7.conv2,0.015265898779034615
136,mean_conv2d_grad_norm,0.04946390517494258
137,stem.0,0.05747496336698532
137,blocks.0.conv1,0.07861761748790741
137,blocks.0.conv2,0.09410782158374786
137,blocks.1.conv1,0.09953473508358002
137,blocks.1.conv2,0.11123191565275192
137,blocks.2.conv1,0.11154935508966446
137,blocks.2.conv2,0.10536709427833557
137,blocks.3.conv1,0.11074228584766388
137,blocks.3.conv2,0.09791537374258041
137,blocks.4.conv1,0.10497411340475082
137,blocks.4.conv2,0.08595900982618332
137,blocks.5.conv1,0.0859091505408287
137,blocks.5.conv2,0.07460231333971024
137,blocks.6.conv1,0.07318106293678284
137,blocks.6.conv2,0.06239362061023712
137,blocks.7.conv1,0.06304128468036652
137,blocks.7.conv2,0.0502748005092144
137,mean_conv2d_grad_norm,0.08628685399889946
138,stem.0,0.02479352243244648
138,blocks.0.conv1,0.02994479052722454
138,blocks.0.conv2,0.03907505050301552
138,blocks.1.conv1,0.04026348143815994
138,blocks.1.conv2,0.04487777128815651
138,blocks.2.conv1,0.045727599412202835
138,blocks.2.conv2,0.04383885860443115
138,blocks.3.conv1,0.04309408739209175
138,blocks.3.conv2,0.03960747644305229
138,blocks.4.conv1,0.0422750860452652
138,blocks.4.conv2,0.03530218079686165
138,blocks.5.conv1,0.038691118359565735
138,blocks.5.conv2,0.03210969269275665
138,blocks.6.conv1,0.029872067272663116
138,blocks.6.conv2,0.021131468936800957
138,blocks.7.conv1,0.020353658124804497
138,blocks.7.conv2,0.014929189346730709
138,mean_conv2d_grad_norm,0.0344639470362488
139,stem.0,0.03240262717008591
139,blocks.0.conv1,0.03008449450135231
139,blocks.0.conv2,0.03405767306685448
139,blocks.1.conv1,0.038919005542993546
139,blocks.1.conv2,0.04169391095638275
139,blocks.2.conv1,0.0414871983230114
139,blocks.2.conv2,0.04016026481986046
139,blocks.3.conv1,0.041186027228832245
139,blocks.3.conv2,0.03566053882241249
139,blocks.4.conv1,0.03819246217608452
139,blocks.4.conv2,0.0342957079410553
139,blocks.5.conv1,0.03621171787381172
139,blocks.5.conv2,0.03007757104933262
139,blocks.6.conv1,0.03072076104581356
139,blocks.6.conv2,0.02244286797940731
139,blocks.7.conv1,0.020886974409222603
139,blocks.7.conv2,0.01350429654121399
139,mean_conv2d_grad_norm,0.03305788820280748
140,stem.0,0.11514211446046829
140,blocks.0.conv1,0.13320021331310272
140,blocks.0.conv2,0.17048288881778717
140,blocks.1.conv1,0.18828804790973663
140,blocks.1.conv2,0.20740818977355957
140,blocks.2.conv1,0.21022917330265045
140,blocks.2.conv2,0.2022787630558014
140,blocks.3.conv1,0.22778233885765076
140,blocks.3.conv2,0.17860496044158936
140,blocks.4.conv1,0.18520478904247284
140,blocks.4.conv2,0.15242724120616913
140,blocks.5.conv1,0.17833933234214783
140,blocks.5.conv2,0.14150190353393555
140,blocks.6.conv1,0.15666362643241882
140,blocks.6.conv2,0.09821224212646484
140,blocks.7.conv1,0.088170625269413
140,blocks.7.conv2,0.06776987016201019
140,mean_conv2d_grad_norm,0.15892390117925756
141,stem.0,0.03979459032416344
141,blocks.0.conv1,0.03526445850729942
141,blocks.0.conv2,0.04394187405705452
141,blocks.1.conv1,0.04710961878299713
141,blocks.1.conv2,0.05055391415953636
141,blocks.2.conv1,0.051091939210891724
141,blocks.2.conv2,0.05103430896997452
141,blocks.3.conv1,0.047941725701093674
141,blocks.3.conv2,0.043237023055553436
141,blocks.4.conv1,0.04980843514204025
141,blocks.4.conv2,0.043487921357154846
141,blocks.5.conv1,0.04519973322749138
141,blocks.5.conv2,0.03986595198512077
141,blocks.6.conv1,0.039384644478559494
141,blocks.6.conv2,0.024659311398863792
141,blocks.7.conv1,0.02092554047703743
141,blocks.7.conv2,0.01324356161057949
141,mean_conv2d_grad_norm,0.04038497367325951
142,stem.0,0.19816657900810242
142,blocks.0.conv1,0.20552511513233185
142,blocks.0.conv2,0.2456241250038147
142,blocks.1.conv1,0.24637249112129211
142,blocks.1.conv2,0.283331036567688
142,blocks.2.conv1,0.29614710807800293
142,blocks.2.conv2,0.27132901549339294
142,blocks.3.conv1,0.2762598395347595
142,blocks.3.conv2,0.2387186735868454
142,blocks.4.conv1,0.2668580114841461
142,blocks.4.conv2,0.21865883469581604
142,blocks.5.conv1,0.2300785928964615
142,blocks.5.conv2,0.2052645981311798
142,blocks.6.conv1,0.20211544632911682
142,blocks.6.conv2,0.1349756270647049
142,blocks.7.conv1,0.12168198078870773
142,blocks.7.conv2,0.08873825520277023
142,mean_conv2d_grad_norm,0.21940266647759607
143,stem.0,0.009981980547308922
143,blocks.0.conv1,0.010185599327087402
143,blocks.0.conv2,0.012275353074073792
143,blocks.1.conv1,0.01343948021531105
143,blocks.1.conv2,0.014225568622350693
143,blocks.2.conv1,0.014112149365246296
143,blocks.2.conv2,0.013346128165721893
143,blocks.3.conv1,0.013361836783587933
143,blocks.3.conv2,0.011113882064819336
143,blocks.4.conv1,0.012462649494409561
143,blocks.4.conv2,0.010959154926240444
143,blocks.5.conv1,0.010755174793303013
143,blocks.5.conv2,0.00952589139342308
143,blocks.6.conv1,0.008919245563447475
143,blocks.6.conv2,0.006701909005641937
143,blocks.7.conv1,0.0066831838339567184
143,blocks.7.conv2,0.004411619622260332
143,mean_conv2d_grad_norm,0.01073298863518764
144,stem.0,0.07486832141876221
144,blocks.0.conv1,0.06793278455734253
144,blocks.0.conv2,0.08869996666908264
144,blocks.1.conv1,0.0968666821718216
144,blocks.1.conv2,0.11650450527667999
144,blocks.2.conv1,0.11877622455358505
144,blocks.2.conv2,0.12190509587526321
144,blocks.3.conv1,0.11717738956212997
144,blocks.3.conv2,0.09586631506681442
144,blocks.4.conv1,0.10642112046480179
144,blocks.4.conv2,0.08988872170448303
144,blocks.5.conv1,0.0906771793961525
144,blocks.5.conv2,0.07630337029695511
144,blocks.6.conv1,0.08134214580059052
144,blocks.6.conv2,0.05002819374203682
144,blocks.7.conv1,0.04689677432179451
144,blocks.7.conv2,0.032294172793626785
144,mean_conv2d_grad_norm,0.0866146449218778
145,stem.0,0.07066697627305984
145,blocks.0.conv1,0.08989846706390381
145,blocks.0.conv2,0.11295593529939651
145,blocks.1.conv1,0.12001297622919083
145,blocks.1.conv2,0.13388030230998993
145,blocks.2.conv1,0.12814204394817352
145,blocks.2.conv2,0.12093762308359146
145,blocks.3.conv1,0.12650127708911896
145,blocks.3.conv2,0.11607375741004944
145,blocks.4.conv1,0.10990794748067856
145,blocks.4.conv2,0.09447271376848221
145,blocks.5.conv1,0.10297652333974838
145,blocks.5.conv2,0.07570740580558777
145,blocks.6.conv1,0.07303428649902344
145,blocks.6.conv2,0.05490502715110779
145,blocks.7.conv1,0.05356504023075104
145,blocks.7.conv2,0.0397551991045475
145,mean_conv2d_grad_norm,0.09549373541684712
146,stem.0,0.04803476482629776
146,blocks.0.conv1,0.054547954350709915
146,blocks.0.conv2,0.06683504581451416
146,blocks.1.conv1,0.07089626789093018
146,blocks.1.conv2,0.0769244059920311
146,blocks.2.conv1,0.0740678608417511
146,blocks.2.conv2,0.06668215245008469
146,blocks.3.conv1,0.07345978915691376
146,blocks.3.conv2,0.06479080021381378
146,blocks.4.conv1,0.06838908046483994
146,blocks.4.conv2,0.057132866233587265
146,blocks.5.conv1,0.057054631412029266
146,blocks.5.conv2,0.048891548067331314
146,blocks.6.conv1,0.05441852658987045
146,blocks.6.conv2,0.0420466847717762
146,blocks.7.conv1,0.0380728505551815
146,blocks.7.conv2,0.02672688663005829
146,mean_conv2d_grad_norm,0.05817483036833651
147,stem.0,0.040047358721494675
147,blocks.0.conv1,0.041493747383356094
147,blocks.0.conv2,0.050786711275577545
147,blocks.1.conv1,0.05693645030260086
147,blocks.1.conv2,0.06124552711844444
147,blocks.2.conv1,0.06253093481063843
147,blocks.2.conv2,0.05955502763390541
147,blocks.3.conv1,0.0591062530875206
147,blocks.3.conv2,0.052916888147592545
147,blocks.4.conv1,0.056028980761766434
147,blocks.4.conv2,0.048708245158195496
147,blocks.5.conv1,0.048889294266700745
147,blocks.5.conv2,0.04061875119805336
147,blocks.6.conv1,0.03915492817759514
147,blocks.6.conv2,0.03130871430039406
147,blocks.7.conv1,0.030112341046333313
147,blocks.7.conv2,0.018576689064502716
147,mean_conv2d_grad_norm,0.04694216720321599
148,stem.0,0.1161787286400795
148,blocks.0.conv1,0.15442024171352386
148,blocks.0.conv2,0.18328797817230225
148,blocks.1.conv1,0.20405517518520355
148,blocks.1.conv2,0.21086059510707855
148,blocks.2.conv1,0.2153591513633728
148,blocks.2.conv2,0.20721174776554108
148,blocks.3.conv1,0.19924363493919373
148,blocks.3.conv2,0.18289339542388916
148,blocks.4.conv1,0.19361989200115204
148,blocks.4.conv2,0.15943260490894318
148,blocks.5.conv1,0.16865359246730804
148,blocks.5.conv2,0.14277338981628418
148,blocks.6.conv1,0.1473390758037567
148,blocks.6.conv2,0.10860591381788254
148,blocks.7.conv1,0.10583271086215973
148,blocks.7.conv2,0.07435483485460281
148,mean_conv2d_grad_norm,0.1631836860495455
149,stem.0,0.02491368167102337
149,blocks.0.conv1,0.030240068212151527
149,blocks.0.conv2,0.03623521700501442
149,blocks.1.conv1,0.03921277076005936
149,blocks.1.conv2,0.04140057787299156
149,blocks.2.conv1,0.04071680083870888
149,blocks.2.conv2,0.03646291047334671
149,blocks.3.conv1,0.038271043449640274
149,blocks.3.conv2,0.03260219842195511
149,blocks.4.conv1,0.0368058867752552
149,blocks.4.conv2,0.02946089208126068
149,blocks.5.conv1,0.032972995191812515
149,blocks.5.conv2,0.02696073427796364
149,blocks.6.conv1,0.02666931040585041
149,blocks.6.conv2,0.019474726170301437
149,blocks.7.conv1,0.017133325338363647
149,blocks.7.conv2,0.012611458078026772
149,mean_conv2d_grad_norm,0.030714388060219148
150,stem.0,0.08068090677261353
150,blocks.0.conv1,0.09671042859554291
150,blocks.0.conv2,0.1234724298119545
150,blocks.1.conv1,0.13566438853740692
150,blocks.1.conv2,0.14939899742603302
150,blocks.2.conv1,0.1529405415058136
150,blocks.2.conv2,0.14712654054164886
150,blocks.3.conv1,0.13961294293403625
150,blocks.3.conv2,0.11952050030231476
150,blocks.4.conv1,0.13520948588848114
150,blocks.4.conv2,0.11935915797948837
150,blocks.5.conv1,0.13635869324207306
150,blocks.5.conv2,0.11029522866010666
150,blocks.6.conv1,0.11536373198032379
150,blocks.6.conv2,0.08759789168834686
150,blocks.7.conv1,0.08051225543022156
150,blocks.7.conv2,0.058962564915418625
150,mean_conv2d_grad_norm,0.11698745213010732
151,stem.0,0.025640299543738365
151,blocks.0.conv1,0.03086194209754467
151,blocks.0.conv2,0.035569075495004654
151,blocks.1.conv1,0.03723173588514328
151,blocks.1.conv2,0.04096687212586403
151,blocks.2.conv1,0.04286361485719681
151,blocks.2.conv2,0.03760994225740433
151,blocks.3.conv1,0.038641203194856644
151,blocks.3.conv2,0.035550281405448914
151,blocks.4.conv1,0.03912502899765968
151,blocks.4.conv2,0.034719545394182205
151,blocks.5.conv1,0.036664582788944244
151,blocks.5.conv2,0.031117849051952362
151,blocks.6.conv1,0.02979963645339012
151,blocks.6.conv2,0.020949460566043854
151,blocks.7.conv1,0.018965773284435272
151,blocks.7.conv2,0.013038652017712593
151,mean_conv2d_grad_norm,0.032312676200971883
152,stem.0,0.014797491021454334
152,blocks.0.conv1,0.01650094799697399
152,blocks.0.conv2,0.018936602398753166
152,blocks.1.conv1,0.02002260647714138
152,blocks.1.conv2,0.021173793822526932
152,blocks.2.conv1,0.02226281724870205
152,blocks.2.conv2,0.02104160003364086
152,blocks.3.conv1,0.021148547530174255
152,blocks.3.conv2,0.019427184015512466
152,blocks.4.conv1,0.020886600017547607
152,blocks.4.conv2,0.017788363620638847
152,blocks.5.conv1,0.01884583942592144
152,blocks.5.conv2,0.016436012461781502
152,blocks.6.conv1,0.015983356162905693
152,blocks.6.conv2,0.010911677964031696
152,blocks.7.conv1,0.011317035183310509
152,blocks.7.conv2,0.006055773235857487
152,mean_conv2d_grad_norm,0.01726683815393378
153,stem.0,0.05876573547720909
153,blocks.0.conv1,0.07162705063819885
153,blocks.0.conv2,0.08623096346855164
153,blocks.1.conv1,0.0892239660024643
153,blocks.1.conv2,0.09264875203371048
153,blocks.2.conv1,0.09441399574279785
153,blocks.2.conv2,0.0823621153831482
153,blocks.3.conv1,0.08769365400075912
153,blocks.3.conv2,0.0740889385342598
153,blocks.4.conv1,0.08164837956428528
153,blocks.4.conv2,0.06611073017120361
153,blocks.5.conv1,0.07017023116350174
153,blocks.5.conv2,0.055195704102516174
153,blocks.6.conv1,0.05701030418276787
153,blocks.6.conv2,0.04321960732340813
153,blocks.7.conv1,0.040351636707782745
153,blocks.7.conv2,0.03342355787754059
153,mean_conv2d_grad_norm,0.06965796013965327
154,stem.0,0.03256577253341675
154,blocks.0.conv1,0.047269057482481
154,blocks.0.conv2,0.06102919206023216
154,blocks.1.conv1,0.0644460916519165
154,blocks.1.conv2,0.0701330155134201
154,blocks.2.conv1,0.06838598102331161
154,blocks.2.conv2,0.06080043688416481
154,blocks.3.conv1,0.06226518005132675
154,blocks.3.conv2,0.051192507147789
154,blocks.4.conv1,0.053684014827013016
154,blocks.4.conv2,0.04431464523077011
154,blocks.5.conv1,0.049255214631557465
154,blocks.5.conv2,0.0400138758122921
154,blocks.6.conv1,0.03773155063390732
154,blocks.6.conv2,0.02916046977043152
154,blocks.7.conv1,0.026534149423241615
154,blocks.7.conv2,0.0200960636138916
154,mean_conv2d_grad_norm,0.04816924813477432
155,stem.0,0.052582208067178726
155,blocks.0.conv1,0.0504695288836956
155,blocks.0.conv2,0.05855325609445572
155,blocks.1.conv1,0.0656660869717598
155,blocks.1.conv2,0.06593599915504456
155,blocks.2.conv1,0.06561954319477081
155,blocks.2.conv2,0.05969959869980812
155,blocks.3.conv1,0.06307961046695709
155,blocks.3.conv2,0.05710633844137192
155,blocks.4.conv1,0.060949184000492096
155,blocks.4.conv2,0.05141466483473778
155,blocks.5.conv1,0.05522182211279869
155,blocks.5.conv2,0.044941745698451996
155,blocks.6.conv1,0.04419097304344177
155,blocks.6.conv2,0.02791094221174717
155,blocks.7.conv1,0.02906302735209465
155,blocks.7.conv2,0.020917760208249092
155,mean_conv2d_grad_norm,0.05137189937865033
156,stem.0,0.0177860576659441
156,blocks.0.conv1,0.0196505356580019
156,blocks.0.conv2,0.023833705112338066
156,blocks.1.conv1,0.025816207751631737
156,blocks.1.conv2,0.028513550758361816
156,blocks.2.conv1,0.029693111777305603
156,blocks.2.conv2,0.02726997435092926
156,blocks.3.conv1,0.027445903047919273
156,blocks.3.conv2,0.02540058083832264
156,blocks.4.conv1,0.02603236213326454
156,blocks.4.conv2,0.02278798259794712
156,blocks.5.conv1,0.02434452250599861
156,blocks.5.conv2,0.02042188122868538
156,blocks.6.conv1,0.021653490141034126
156,blocks.6.conv2,0.016516905277967453
156,blocks.7.conv1,0.014704188331961632
156,blocks.7.conv2,0.010268977843225002
156,mean_conv2d_grad_norm,0.022478819824755192
157,stem.0,0.02859424240887165
157,blocks.0.conv1,0.028428824618458748
157,blocks.0.conv2,0.041673753410577774
157,blocks.1.conv1,0.03499685972929001
157,blocks.1.conv2,0.028917185962200165
157,blocks.2.conv1,0.029235275462269783
157,blocks.2.conv2,0.02649751491844654
157,blocks.3.conv1,0.027289068326354027
157,blocks.3.conv2,0.024653322994709015
157,blocks.4.conv1,0.024121737107634544
157,blocks.4.conv2,0.020946646109223366
157,blocks.5.conv1,0.021533958613872528
157,blocks.5.conv2,0.017695320770144463
157,blocks.6.conv1,0.017718346789479256
157,blocks.6.conv2,0.0137926721945405
157,blocks.7.conv1,0.01214711181819439
157,blocks.7.conv2,0.008973030373454094
157,mean_conv2d_grad_norm,0.023953815976924756
158,stem.0,0.06805034726858139
158,blocks.0.conv1,0.08475805819034576
158,blocks.0.conv2,0.10006099194288254
158,blocks.1.conv1,0.11318747699260712
158,blocks.1.conv2,0.11931032687425613
158,blocks.2.conv1,0.12026254832744598
158,blocks.2.conv2,0.1116877868771553
158,blocks.3.conv1,0.1072206050157547
158,blocks.3.conv2,0.1030290275812149
158,blocks.4.conv1,0.1012963131070137
158,blocks.4.conv2,0.09035918861627579
158,blocks.5.conv1,0.09536153078079224
158,blocks.5.conv2,0.08280804008245468
158,blocks.6.conv1,0.08301451802253723
158,blocks.6.conv2,0.05722399055957794
158,blocks.7.conv1,0.055025964975357056
158,blocks.7.conv2,0.03690601885318756
158,mean_conv2d_grad_norm,0.0899742784745553
159,stem.0,0.012611127458512783
159,blocks.0.conv1,0.01290495041757822
159,blocks.0.conv2,0.015341677702963352
159,blocks.1.conv1,0.017125125974416733
159,blocks.1.conv2,0.01861228048801422
159,blocks.2.conv1,0.019321013242006302
159,blocks.2.conv2,0.01803276501595974
159,blocks.3.conv1,0.01839805580675602
159,blocks.3.conv2,0.01633511856198311
159,blocks.4.conv1,0.018343089148402214
159,blocks.4.conv2,0.0153809217736125
159,blocks.5.conv1,0.015212968923151493
159,blocks.5.conv2,0.013738198205828667
159,blocks.6.conv1,0.01415267214179039
159,blocks.6.conv2,0.01053762249648571
159,blocks.7.conv1,0.009566155262291431
159,blocks.7.conv2,0.007385057397186756
159,mean_conv2d_grad_norm,0.014882282353937626
160,stem.0,0.03380535542964935
160,blocks.0.conv1,0.03864652290940285
160,blocks.0.conv2,0.04861496761441231
160,blocks.1.conv1,0.056749992072582245
160,blocks.1.conv2,0.05781317874789238
160,blocks.2.conv1,0.06247955560684204
160,blocks.2.conv2,0.05828583613038063
160,blocks.3.conv1,0.06011616811156273
160,blocks.3.conv2,0.050541482865810394
160,blocks.4.conv1,0.052437346428632736
160,blocks.4.conv2,0.044369734823703766
160,blocks.5.conv1,0.046483464539051056
160,blocks.5.conv2,0.03536656126379967
160,blocks.6.conv1,0.03817722201347351
160,blocks.6.conv2,0.023282717913389206
160,blocks.7.conv1,0.022039318457245827
160,blocks.7.conv2,0.015114047564566135
160,mean_conv2d_grad_norm,0.04378373367602334
161,stem.0,0.01035347767174244
161,blocks.0.conv1,0.012481954880058765
161,blocks.0.conv2,0.01502563338726759
161,blocks.1.conv1,0.016155976802110672
161,blocks.1.conv2,0.016849951818585396
161,blocks.2.conv1,0.016368400305509567
161,blocks.2.conv2,0.015950877219438553
161,blocks.3.conv1,0.01614016480743885
161,blocks.3.conv2,0.014538802206516266
161,blocks.4.conv1,0.014803745783865452
161,blocks.4.conv2,0.013142431154847145
161,blocks.5.conv1,0.014216454699635506
161,blocks.5.conv2,0.011452168226242065
161,blocks.6.conv1,0.011817093007266521
161,blocks.6.conv2,0.008594135753810406
161,blocks.7.conv1,0.00836160033941269
161,blocks.7.conv2,0.006417717318981886
161,mean_conv2d_grad_norm,0.013098269728395869
162,stem.0,0.004962167702615261
162,blocks.0.conv1,0.006514633074402809
162,blocks.0.conv2,0.007914490066468716
162,blocks.1.conv1,0.008421927690505981
162,blocks.1.conv2,0.009342750534415245
162,blocks.2.conv1,0.009390735998749733
162,blocks.2.conv2,0.008422558195888996
162,blocks.3.conv1,0.008660335093736649
162,blocks.3.conv2,0.007840757258236408
162,blocks.4.conv1,0.008280948735773563
162,blocks.4.conv2,0.007278268225491047
162,blocks.5.conv1,0.007578094955533743
162,blocks.5.conv2,0.006482206284999847
162,blocks.6.conv1,0.0063423337414860725
162,blocks.6.conv2,0.004887920804321766
162,blocks.7.conv1,0.004463281016796827
162,blocks.7.conv2,0.0031035630963742733
162,mean_conv2d_grad_norm,0.007052174851517467
163,stem.0,0.027906246483325958
163,blocks.0.conv1,0.05161018669605255
163,blocks.0.conv2,0.053821347653865814
163,blocks.1.conv1,0.0517735630273819
163,blocks.1.conv2,0.05072183161973953
163,blocks.2.conv1,0.0554564893245697
163,blocks.2.conv2,0.0489434078335762
163,blocks.3.conv1,0.049719952046871185
163,blocks.3.conv2,0.04263141006231308
163,blocks.4.conv1,0.04798312485218048
163,blocks.4.conv2,0.03864075988531113
163,blocks.5.conv1,0.040663473308086395
163,blocks.5.conv2,0.0361802913248539
163,blocks.6.conv1,0.03685534745454788
163,blocks.6.conv2,0.027658537030220032
163,blocks.7.conv1,0.027140218764543533
163,blocks.7.conv2,0.016011204570531845
163,mean_conv2d_grad_norm,0.041395140702233595
164,stem.0,0.014428375288844109
164,blocks.0.conv1,0.016696035861968994
164,blocks.0.conv2,0.01831870898604393
164,blocks.1.conv1,0.02053808979690075
164,blocks.1.conv2,0.020774219185113907
164,blocks.2.conv1,0.02192649058997631
164,blocks.2.conv2,0.020294586196541786
164,blocks.3.conv1,0.021807799115777016
164,blocks.3.conv2,0.018194660544395447
164,blocks.4.conv1,0.018756870180368423
164,blocks.4.conv2,0.016392862424254417
164,blocks.5.conv1,0.01673407293856144
164,blocks.5.conv2,0.015465252101421356
164,blocks.6.conv1,0.014997287653386593
164,blocks.6.conv2,0.00966475810855627
164,blocks.7.conv1,0.008635702542960644
164,blocks.7.conv2,0.005909234285354614
164,mean_conv2d_grad_norm,0.016443235635319176
165,stem.0,0.05646389350295067
165,blocks.0.conv1,0.07125543802976608
165,blocks.0.conv2,0.08954426646232605
165,blocks.1.conv1,0.08891008049249649
165,blocks.1.conv2,0.10078531503677368
165,blocks.2.conv1,0.10037855058908463
165,blocks.2.conv2,0.08900529891252518
165,blocks.3.conv1,0.09533039480447769
165,blocks.3.conv2,0.08562113344669342
165,blocks.4.conv1,0.08689186722040176
165,blocks.4.conv2,0.07327286899089813
165,blocks.5.conv1,0.07882636040449142
165,blocks.5.conv2,0.07368102669715881
165,blocks.6.conv1,0.06660851836204529
165,blocks.6.conv2,0.04920797049999237
165,blocks.7.conv1,0.04580758139491081
165,blocks.7.conv2,0.031449977308511734
165,mean_conv2d_grad_norm,0.07547297306797084
166,stem.0,0.013778614811599255
166,blocks.0.conv1,0.011835699900984764
166,blocks.0.conv2,0.012818874791264534
166,blocks.1.conv1,0.014192641712725163
166,blocks.1.conv2,0.015265055000782013
166,blocks.2.conv1,0.01575467921793461
166,blocks.2.conv2,0.014329245314002037
166,blocks.3.conv1,0.014088212512433529
166,blocks.3.conv2,0.01313739363104105
166,blocks.4.conv1,0.01331501454114914
166,blocks.4.conv2,0.011517227627336979
166,blocks.5.conv1,0.012266143225133419
166,blocks.5.conv2,0.010513381101191044
166,blocks.6.conv1,0.011485941708087921
166,blocks.6.conv2,0.007956170476973057
166,blocks.7.conv1,0.007836303673684597
166,blocks.7.conv2,0.005639467388391495
166,mean_conv2d_grad_norm,0.012101768625571448
167,stem.0,0.02236729860305786
167,blocks.0.conv1,0.0276685431599617
167,blocks.0.conv2,0.03176560997962952
167,blocks.1.conv1,0.03404950350522995
167,blocks.1.conv2,0.03679543361067772
167,blocks.2.conv1,0.03615003451704979
167,blocks.2.conv2,0.03470344468951225
167,blocks.3.conv1,0.035729143768548965
167,blocks.3.conv2,0.03009747713804245
167,blocks.4.conv1,0.03239591792225838
167,blocks.4.conv2,0.025138499215245247
167,blocks.5.conv1,0.02733081579208374
167,blocks.5.conv2,0.023163892328739166
167,blocks.6.conv1,0.022491246461868286
167,blocks.6.conv2,0.01664879359304905
167,blocks.7.conv1,0.015451266430318356
167,blocks.7.conv2,0.010864987038075924
167,mean_conv2d_grad_norm,0.02722422986784402
168,stem.0,0.015279287472367287
168,blocks.0.conv1,0.017587825655937195
168,blocks.0.conv2,0.021201342344284058
168,blocks.1.conv1,0.02440992183983326
168,blocks.1.conv2,0.02579130046069622
168,blocks.2.conv1,0.025637775659561157
168,blocks.2.conv2,0.024565812200307846
168,blocks.3.conv1,0.02583278715610504
168,blocks.3.conv2,0.021812565624713898
168,blocks.4.conv1,0.023464063182473183
168,blocks.4.conv2,0.018805647268891335
168,blocks.5.conv1,0.019687550142407417
168,blocks.5.conv2,0.015953486785292625
168,blocks.6.conv1,0.016599418595433235
168,blocks.6.conv2,0.011457689106464386
168,blocks.7.conv1,0.011288117617368698
168,blocks.7.conv2,0.008737602271139622
168,mean_conv2d_grad_norm,0.019300717257839793
169,stem.0,0.015415448695421219
169,blocks.0.conv1,0.01870747096836567
169,blocks.0.conv2,0.022395635023713112
169,blocks.1.conv1,0.02341049537062645
169,blocks.1.conv2,0.025339465588331223
169,blocks.2.conv1,0.02488994039595127
169,blocks.2.conv2,0.023577328771352768
169,blocks.3.conv1,0.025022335350513458
169,blocks.3.conv2,0.021887274459004402
169,blocks.4.conv1,0.024587374180555344
169,blocks.4.conv2,0.019088629633188248
169,blocks.5.conv1,0.019938446581363678
169,blocks.5.conv2,0.01569737307727337
169,blocks.6.conv1,0.01663235016167164
169,blocks.6.conv2,0.011289721354842186
169,blocks.7.conv1,0.010283300653100014
169,blocks.7.conv2,0.007355259731411934
169,mean_conv2d_grad_norm,0.01914810882333447
170,stem.0,0.03525293618440628
170,blocks.0.conv1,0.042555298656225204
170,blocks.0.conv2,0.05337382107973099
170,blocks.1.conv1,0.06185762211680412
170,blocks.1.conv2,0.06125609576702118
170,blocks.2.conv1,0.05798787996172905
170,blocks.2.conv2,0.05612322315573692
170,blocks.3.conv1,0.05747413635253906
170,blocks.3.conv2,0.05136045068502426
170,blocks.4.conv1,0.05430893227458
170,blocks.4.conv2,0.045774929225444794
170,blocks.5.conv1,0.05171019956469536
170,blocks.5.conv2,0.04200998321175575
170,blocks.6.conv1,0.04284227639436722
170,blocks.6.conv2,0.028392495587468147
170,blocks.7.conv1,0.02597024478018284
170,blocks.7.conv2,0.01947208307683468
170,mean_conv2d_grad_norm,0.04633662400438505
171,stem.0,0.06489710509777069
171,blocks.0.conv1,0.05947394669055939
171,blocks.0.conv2,0.06929206848144531
171,blocks.1.conv1,0.07102581113576889
171,blocks.1.conv2,0.07425845414400101
171,blocks.2.conv1,0.08034705370664597
171,blocks.2.conv2,0.07539694011211395
171,blocks.3.conv1,0.07565651088953018
171,blocks.3.conv2,0.07028446346521378
171,blocks.4.conv1,0.07163625210523605
171,blocks.4.conv2,0.06370396912097931
171,blocks.5.conv1,0.06096465140581131
171,blocks.5.conv2,0.05588453635573387
171,blocks.6.conv1,0.06301261484622955
171,blocks.6.conv2,0.04290057718753815
171,blocks.7.conv1,0.04258104786276817
171,blocks.7.conv2,0.027213437482714653
171,mean_conv2d_grad_norm,0.06285467294647414
172,stem.0,0.018452240154147148
172,blocks.0.conv1,0.022045020014047623
172,blocks.0.conv2,0.02710438147187233
172,blocks.1.conv1,0.03058987483382225
172,blocks.1.conv2,0.03396045044064522
172,blocks.2.conv1,0.03225872293114662
172,blocks.2.conv2,0.03132547438144684
172,blocks.3.conv1,0.032397616654634476
172,blocks.3.conv2,0.028938254341483116
172,blocks.4.conv1,0.029667874798178673
172,blocks.4.conv2,0.024153530597686768
172,blocks.5.conv1,0.027153972536325455
172,blocks.5.conv2,0.023993108421564102
172,blocks.6.conv1,0.023925723508000374
172,blocks.6.conv2,0.017773231491446495
172,blocks.7.conv1,0.017614563927054405
172,blocks.7.conv2,0.011840987019240856
172,mean_conv2d_grad_norm,0.02548206044251428
173,stem.0,0.048494987189769745
173,blocks.0.conv1,0.054824285209178925
173,blocks.0.conv2,0.07058130204677582
173,blocks.1.conv1,0.07847914844751358
173,blocks.1.conv2,0.08235829323530197
173,blocks.2.conv1,0.08560048043727875
173,blocks.2.conv2,0.08062319457530975
173,blocks.3.conv1,0.08675042539834976
173,blocks.3.conv2,0.07750408351421356
173,blocks.4.conv1,0.08168891072273254
173,blocks.4.conv2,0.06898509711027145
173,blocks.5.conv1,0.07741259783506393
173,blocks.5.conv2,0.06756923347711563
173,blocks.6.conv1,0.06924669444561005
173,blocks.6.conv2,0.057298146188259125
173,blocks.7.conv1,0.05368468165397644
173,blocks.7.conv2,0.03333195298910141
173,mean_conv2d_grad_norm,0.06908432438093073
174,stem.0,0.03936443477869034
174,blocks.0.conv1,0.034171730279922485
174,blocks.0.conv2,0.038835931569337845
174,blocks.1.conv1,0.043874341994524
174,blocks.1.conv2,0.04806390032172203
174,blocks.2.conv1,0.05155308172106743
174,blocks.2.conv2,0.05058877542614937
174,blocks.3.conv1,0.050052642822265625
174,blocks.3.conv2,0.043309252709150314
174,blocks.4.conv1,0.04338731989264488
174,blocks.4.conv2,0.0391124002635479
174,blocks.5.conv1,0.03776820749044418
174,blocks.5.conv2,0.030980568379163742
174,blocks.6.conv1,0.02989008091390133
174,blocks.6.conv2,0.021023238077759743
174,blocks.7.conv1,0.022905249148607254
174,blocks.7.conv2,0.013616201467812061
174,mean_conv2d_grad_norm,0.03755866807392415
175,stem.0,0.042625792324543
175,blocks.0.conv1,0.05526291951537132
175,blocks.0.conv2,0.06863462924957275
175,blocks.1.conv1,0.05964350327849388
175,blocks.1.conv2,0.0568695031106472
175,blocks.2.conv1,0.05790306255221367
175,blocks.2.conv2,0.0521007776260376
175,blocks.3.conv1,0.052076276391744614
175,blocks.3.conv2,0.04971349239349365
175,blocks.4.conv1,0.05105900019407272
175,blocks.4.conv2,0.04536419361829758
175,blocks.5.conv1,0.047316789627075195
175,blocks.5.conv2,0.04585631564259529
175,blocks.6.conv1,0.04476543515920639
175,blocks.6.conv2,0.03591395169496536
175,blocks.7.conv1,0.052291106432676315
175,blocks.7.conv2,0.03003290481865406
175,mean_conv2d_grad_norm,0.04984880315468592
176,stem.0,0.09430521726608276
176,blocks.0.conv1,0.08386922627687454
176,blocks.0.conv2,0.10163965821266174
176,blocks.1.conv1,0.13182125985622406
176,blocks.1.conv2,0.1302947849035263
176,blocks.2.conv1,0.13746720552444458
176,blocks.2.conv2,0.11866405606269836
176,blocks.3.conv1,0.12311229109764099
176,blocks.3.conv2,0.10676691681146622
176,blocks.4.conv1,0.09869185835123062
176,blocks.4.conv2,0.09067485481500626
176,blocks.5.conv1,0.0936763659119606
176,blocks.5.conv2,0.08479303121566772
176,blocks.6.conv1,0.08495361357927322
176,blocks.6.conv2,0.0640508234500885
176,blocks.7.conv1,0.06090012565255165
176,blocks.7.conv2,0.039936505258083344
176,mean_conv2d_grad_norm,0.09680104672032244
177,stem.0,0.02442946843802929
177,blocks.0.conv1,0.0313720665872097
177,blocks.0.conv2,0.039241351187229156
177,blocks.1.conv1,0.04169607162475586
177,blocks.1.conv2,0.04392491281032562
177,blocks.2.conv1,0.04159485548734665
177,blocks.2.conv2,0.03879471868276596
177,blocks.3.conv1,0.04171641916036606
177,blocks.3.conv2,0.0366331972181797
177,blocks.4.conv1,0.037421055138111115
177,blocks.4.conv2,0.03081562928855419
177,blocks.5.conv1,0.03512038290500641
177,blocks.5.conv2,0.027483278885483742
177,blocks.6.conv1,0.03091331571340561
177,blocks.6.conv2,0.02211727760732174
177,blocks.7.conv1,0.019836580380797386
177,blocks.7.conv2,0.014154807664453983
177,mean_conv2d_grad_norm,0.03278031698702013
178,stem.0,0.025477157905697823
178,blocks.0.conv1,0.02591581642627716
178,blocks.0.conv2,0.031281471252441406
178,blocks.1.conv1,0.03759981691837311
178,blocks.1.conv2,0.04262784495949745
178,blocks.2.conv1,0.043420303612947464
178,blocks.2.conv2,0.03867293521761894
178,blocks.3.conv1,0.03956050053238869
178,blocks.3.conv2,0.03500865772366524
178,blocks.4.conv1,0.0363842248916626
178,blocks.4.conv2,0.035440605133771896
178,blocks.5.conv1,0.04108945280313492
178,blocks.5.conv2,0.03248319402337074
178,blocks.6.conv1,0.03080749325454235
178,blocks.6.conv2,0.0260454211384058
178,blocks.7.conv1,0.024180743843317032
178,blocks.7.conv2,0.01621275395154953
178,mean_conv2d_grad_norm,0.033071081975803655
179,stem.0,0.12641291320323944
179,blocks.0.conv1,0.11169532686471939
179,blocks.0.conv2,0.13523486256599426
179,blocks.1.conv1,0.13673169910907745
179,blocks.1.conv2,0.14824488759040833
179,blocks.2.conv1,0.1571163386106491
179,blocks.2.conv2,0.14757345616817474
179,blocks.3.conv1,0.1573573499917984
179,blocks.3.conv2,0.1391487866640091
179,blocks.4.conv1,0.14829708635807037
179,blocks.4.conv2,0.14984190464019775
179,blocks.5.conv1,0.16279767453670502
179,blocks.5.conv2,0.12758944928646088
179,blocks.6.conv1,0.1304834932088852
179,blocks.6.conv2,0.09809785336256027
179,blocks.7.conv1,0.08517967164516449
179,blocks.7.conv2,0.052203789353370667
179,mean_conv2d_grad_norm,0.13023567900938146
180,stem.0,0.012907670810818672
180,blocks.0.conv1,0.01585298404097557
180,blocks.0.conv2,0.01878328062593937
180,blocks.1.conv1,0.02051692269742489
180,blocks.1.conv2,0.021527092903852463
180,blocks.2.conv1,0.02214466966688633
180,blocks.2.conv2,0.021527541801333427
180,blocks.3.conv1,0.0218865554779768
180,blocks.3.conv2,0.019681058824062347
180,blocks.4.conv1,0.02116021141409874
180,blocks.4.conv2,0.018771206960082054
180,blocks.5.conv1,0.01878347434103489
180,blocks.5.conv2,0.015953417867422104
180,blocks.6.conv1,0.01567523181438446
180,blocks.6.conv2,0.011384178884327412
180,blocks.7.conv1,0.010592471808195114
180,blocks.7.conv2,0.007079685106873512
180,mean_conv2d_grad_norm,0.0173075091203346
181,stem.0,0.02195209451019764
181,blocks.0.conv1,0.023029092699289322
181,blocks.0.conv2,0.0274566151201725
181,blocks.1.conv1,0.029072968289256096
181,blocks.1.conv2,0.03175589069724083
181,blocks.2.conv1,0.03104547969996929
181,blocks.2.conv2,0.02897387370467186
181,blocks.3.conv1,0.02945166453719139
181,blocks.3.conv2,0.026991713792085648
181,blocks.4.conv1,0.028377246111631393
181,blocks.4.conv2,0.023753512650728226
181,blocks.5.conv1,0.026615608483552933
181,blocks.5.conv2,0.021752171218395233
181,blocks.6.conv1,0.021802019327878952
181,blocks.6.conv2,0.01780530996620655
181,blocks.7.conv1,0.01756937988102436
181,blocks.7.conv2,0.01272432878613472
181,mean_conv2d_grad_norm,0.024713468792683938
182,stem.0,0.0629490464925766
182,blocks.0.conv1,0.07634641975164413
182,blocks.0.conv2,0.09671986103057861
182,blocks.1.conv1,0.10656573623418808
182,blocks.1.conv2,0.11401446163654327
182,blocks.2.conv1,0.11632236838340759
182,blocks.2.conv2,0.11602645367383957
182,blocks.3.conv1,0.11964742094278336
182,blocks.3.conv2,0.08166322857141495
182,blocks.4.conv1,0.09031374752521515
182,blocks.4.conv2,0.0690961703658104
182,blocks.5.conv1,0.07503605633974075
182,blocks.5.conv2,0.05221584066748619
182,blocks.6.conv1,0.048656344413757324
182,blocks.6.conv2,0.03816777840256691
182,blocks.7.conv1,0.03594997152686119
182,blocks.7.conv2,0.022346869111061096
182,mean_conv2d_grad_norm,0.07776692794526324
183,stem.0,0.008285457268357277
183,blocks.0.conv1,0.008162504062056541
183,blocks.0.conv2,0.009881934151053429
183,blocks.1.conv1,0.010927955619990826
183,blocks.1.conv2,0.011447148397564888
183,blocks.2.conv1,0.01127623487263918
183,blocks.2.conv2,0.010704983957111835
183,blocks.3.conv1,0.010772722773253918
183,blocks.3.conv2,0.009641758166253567
183,blocks.4.conv1,0.01034500915557146
183,blocks.4.conv2,0.008308741264045238
183,blocks.5.conv1,0.009587136097252369
183,blocks.5.conv2,0.007960806600749493
183,blocks.6.conv1,0.007264640647917986
183,blocks.6.conv2,0.005314460955560207
183,blocks.7.conv1,0.004593637306243181
183,blocks.7.conv2,0.003112869570031762
183,mean_conv2d_grad_norm,0.008681647109744303
184,stem.0,0.012044942937791348
184,blocks.0.conv1,0.012755291536450386
184,blocks.0.conv2,0.014505309984087944
184,blocks.1.conv1,0.016224320977926254
184,blocks.1.conv2,0.017173422500491142
184,blocks.2.conv1,0.01685992069542408
184,blocks.2.conv2,0.015973780304193497
184,blocks.3.conv1,0.01706193946301937
184,blocks.3.conv2,0.014526169747114182
184,blocks.4.conv1,0.015492957085371017
184,blocks.4.conv2,0.013448981568217278
184,blocks.5.conv1,0.015134798362851143
184,blocks.5.conv2,0.012259460985660553
184,blocks.6.conv1,0.012159446254372597
184,blocks.6.conv2,0.008586394600570202
184,blocks.7.conv1,0.008078058250248432
184,blocks.7.conv2,0.005804982036352158
184,mean_conv2d_grad_norm,0.01341706925236127
185,stem.0,0.006352687254548073
185,blocks.0.conv1,0.007285530213266611
185,blocks.0.conv2,0.008595925755798817
185,blocks.1.conv1,0.009702242910861969
185,blocks.1.conv2,0.010696928016841412
185,blocks.2.conv1,0.010805647820234299
185,blocks.2.conv2,0.009899760596454144
185,blocks.3.conv1,0.01057704072445631
185,blocks.3.conv2,0.008903644979000092
185,blocks.4.conv1,0.009516698308289051
185,blocks.4.conv2,0.008995282463729382
185,blocks.5.conv1,0.009379880502820015
185,blocks.5.conv2,0.007586832158267498
185,blocks.6.conv1,0.006852719001471996
185,blocks.6.conv2,0.0044733383692801
185,blocks.7.conv1,0.0040369476191699505
185,blocks.7.conv2,0.0031918170861899853
185,mean_conv2d_grad_norm,0.008050171987098806
186,stem.0,0.040343694388866425
186,blocks.0.conv1,0.037698160856962204
186,blocks.0.conv2,0.045684345066547394
186,blocks.1.conv1,0.051299843937158585
186,blocks.1.conv2,0.06137622520327568
186,blocks.2.conv1,0.058805789798498154
186,blocks.2.conv2,0.05398247018456459
186,blocks.3.conv1,0.060715656727552414
186,blocks.3.conv2,0.05180250480771065
186,blocks.4.conv1,0.05557584762573242
186,blocks.4.conv2,0.04624222218990326
186,blocks.5.conv1,0.05324213206768036
186,blocks.5.conv2,0.04680175334215164
186,blocks.6.conv1,0.04539261385798454
186,blocks.6.conv2,0.03224099427461624
186,blocks.7.conv1,0.03197271749377251
186,blocks.7.conv2,0.023432264104485512
186,mean_conv2d_grad_norm,0.046859366819262505
187,stem.0,0.027122490108013153
187,blocks.0.conv1,0.029115771874785423
187,blocks.0.conv2,0.035947151482105255
187,blocks.1.conv1,0.03971867635846138
187,blocks.1.conv2,0.04195297136902809
187,blocks.2.conv1,0.042447347193956375
187,blocks.2.conv2,0.03933075815439224
187,blocks.3.conv1,0.040257398039102554
187,blocks.3.conv2,0.03659150004386902
187,blocks.4.conv1,0.03534121438860893
187,blocks.4.conv2,0.029318980872631073
187,blocks.5.conv1,0.03201474994421005
187,blocks.5.conv2,0.02680431678891182
187,blocks.6.conv1,0.027233358472585678
187,blocks.6.conv2,0.019810648635029793
187,blocks.7.conv1,0.019227560609579086
187,blocks.7.conv2,0.013075504451990128
187,mean_conv2d_grad_norm,0.031488846987485886
188,stem.0,0.01970725506544113
188,blocks.0.conv1,0.023155979812145233
188,blocks.0.conv2,0.02905256859958172
188,blocks.1.conv1,0.02918975241482258
188,blocks.1.conv2,0.03055608458817005
188,blocks.2.conv1,0.03100828267633915
188,blocks.2.conv2,0.027932623401284218
188,blocks.3.conv1,0.029029352590441704
188,blocks.3.conv2,0.02544373832643032
188,blocks.4.conv1,0.02778739295899868
188,blocks.4.conv2,0.02383590117096901
188,blocks.5.conv1,0.024923868477344513
188,blocks.5.conv2,0.020067689940333366
188,blocks.6.conv1,0.02041049674153328
188,blocks.6.conv2,0.014296706765890121
188,blocks.7.conv1,0.013366712257266045
188,blocks.7.conv2,0.009136156179010868
188,mean_conv2d_grad_norm,0.023464738939176586
189,stem.0,0.05230937898159027
189,blocks.0.conv1,0.04070573300123215
189,blocks.0.conv2,0.05043422430753708
189,blocks.1.conv1,0.053613144904375076
189,blocks.1.conv2,0.05470617115497589
189,blocks.2.conv1,0.05395932123064995
189,blocks.2.conv2,0.04636947810649872
189,blocks.3.conv1,0.048128850758075714
189,blocks.3.conv2,0.039767712354660034
189,blocks.4.conv1,0.041548606008291245
189,blocks.4.conv2,0.038560427725315094
189,blocks.5.conv1,0.0452432706952095
189,blocks.5.conv2,0.04354862868785858
189,blocks.6.conv1,0.04043859243392944
189,blocks.6.conv2,0.026600345969200134
189,blocks.7.conv1,0.025613002479076385
189,blocks.7.conv2,0.01570778340101242
189,mean_conv2d_grad_norm,0.042191451305852216
190,stem.0,0.010026810690760612
190,blocks.0.conv1,0.011650609783828259
190,blocks.0.conv2,0.013728324323892593
190,blocks.1.conv1,0.014731309376657009
190,blocks.1.conv2,0.016075555235147476
190,blocks.2.conv1,0.015407023951411247
190,blocks.2.conv2,0.014541319571435452
190,blocks.3.conv1,0.015826130285859108
190,blocks.3.conv2,0.013975702226161957
190,blocks.4.conv1,0.01422327384352684
190,blocks.4.conv2,0.011430861428380013
190,blocks.5.conv1,0.013166903518140316
190,blocks.5.conv2,0.01048523373901844
190,blocks.6.conv1,0.010750179179012775
190,blocks.6.conv2,0.008072304539382458
190,blocks.7.conv1,0.007567372638732195
190,blocks.7.conv2,0.005117463879287243
190,mean_conv2d_grad_norm,0.012163316365331411
191,stem.0,0.023742234334349632
191,blocks.0.conv1,0.02926662750542164
191,blocks.0.conv2,0.035268887877464294
191,blocks.1.conv1,0.03744442015886307
191,blocks.1.conv2,0.039231132715940475
191,blocks.2.conv1,0.03828666731715202
191,blocks.2.conv2,0.03643880784511566
191,blocks.3.conv1,0.038821082562208176
191,blocks.3.conv2,0.036690134555101395
191,blocks.4.conv1,0.037449199706315994
191,blocks.4.conv2,0.03077949583530426
191,blocks.5.conv1,0.03210996836423874
191,blocks.5.conv2,0.025474566966295242
191,blocks.6.conv1,0.025942010805010796
191,blocks.6.conv2,0.01708158664405346
191,blocks.7.conv1,0.01867315173149109
191,blocks.7.conv2,0.014181171543896198
191,mean_conv2d_grad_norm,0.030404773321660125
192,stem.0,0.043839339166879654
192,blocks.0.conv1,0.049056198447942734
192,blocks.0.conv2,0.057592060416936874
192,blocks.1.conv1,0.06785853207111359
192,blocks.1.conv2,0.06587876379489899
192,blocks.2.conv1,0.06724332273006439
192,blocks.2.conv2,0.06959758698940277
192,blocks.3.conv1,0.0684930682182312
192,blocks.3.conv2,0.057517774403095245
192,blocks.4.conv1,0.060989804565906525
192,blocks.4.conv2,0.05329534783959389
192,blocks.5.conv1,0.056278690695762634
192,blocks.5.conv2,0.046540163457393646
192,blocks.6.conv1,0.048450272530317307
192,blocks.6.conv2,0.03264380618929863
192,blocks.7.conv1,0.030954306945204735
192,blocks.7.conv2,0.0216844379901886
192,mean_conv2d_grad_norm,0.05281843979130773
193,stem.0,0.010884081944823265
193,blocks.0.conv1,0.01429044734686613
193,blocks.0.conv2,0.015598544850945473
193,blocks.1.conv1,0.015368650667369366
193,blocks.1.conv2,0.015591796487569809
193,blocks.2.conv1,0.01590869016945362
193,blocks.2.conv2,0.014562307856976986
193,blocks.3.conv1,0.015019607730209827
193,blocks.3.conv2,0.01282492745667696
193,blocks.4.conv1,0.013601865619421005
193,blocks.4.conv2,0.01124820951372385
193,blocks.5.conv1,0.012867805548012257
193,blocks.5.conv2,0.011061240918934345
193,blocks.6.conv1,0.011082453653216362
193,blocks.6.conv2,0.009487569332122803
193,blocks.7.conv1,0.00907388236373663
193,blocks.7.conv2,0.005827934946864843
193,mean_conv2d_grad_norm,0.012605883318054326
194,stem.0,0.020074138417840004
194,blocks.0.conv1,0.023362725973129272
194,blocks.0.conv2,0.03347642719745636
194,blocks.1.conv1,0.03699816018342972
194,blocks.1.conv2,0.03945024311542511
194,blocks.2.conv1,0.04143097251653671
194,blocks.2.conv2,0.03748276084661484
194,blocks.3.conv1,0.03967458754777908
194,blocks.3.conv2,0.03491467237472534
194,blocks.4.conv1,0.033542048186063766
194,blocks.4.conv2,0.028664549812674522
194,blocks.5.conv1,0.02915695682168007
194,blocks.5.conv2,0.026292305439710617
194,blocks.6.conv1,0.02559928223490715
194,blocks.6.conv2,0.018073001876473427
194,blocks.7.conv1,0.018019190058112144
194,blocks.7.conv2,0.010496169328689575
194,mean_conv2d_grad_norm,0.02921812893713222
195,stem.0,0.0073973992839455605
195,blocks.0.conv1,0.006454396061599255
195,blocks.0.conv2,0.008438583463430405
195,blocks.1.conv1,0.009121193550527096
195,blocks.1.conv2,0.009905476123094559
195,blocks.2.conv1,0.010122396983206272
195,blocks.2.conv2,0.009295184165239334
195,blocks.3.conv1,0.009463549591600895
195,blocks.3.conv2,0.008029799908399582
195,blocks.4.conv1,0.00884566642343998
195,blocks.4.conv2,0.007196974009275436
195,blocks.5.conv1,0.007650204002857208
195,blocks.5.conv2,0.006259022280573845
195,blocks.6.conv1,0.005972940940409899
195,blocks.6.conv2,0.004565825220197439
195,blocks.7.conv1,0.004411731380969286
195,blocks.7.conv2,0.003240981139242649
195,mean_conv2d_grad_norm,0.007433607325176983
196,stem.0,0.028768114745616913
196,blocks.0.conv1,0.02645682357251644
196,blocks.0.conv2,0.035370100289583206
196,blocks.1.conv1,0.03871731460094452
196,blocks.1.conv2,0.043779224157333374
196,blocks.2.conv1,0.043351590633392334
196,blocks.2.conv2,0.03753722459077835
196,blocks.3.conv1,0.03983360156416893
196,blocks.3.conv2,0.03354569897055626
196,blocks.4.conv1,0.03742828220129013
196,blocks.4.conv2,0.0282988753169775
196,blocks.5.conv1,0.031105713918805122
196,blocks.5.conv2,0.024378236383199692
196,blocks.6.conv1,0.02348860166966915
196,blocks.6.conv2,0.01553519070148468
196,blocks.7.conv1,0.015848441049456596
196,blocks.7.conv2,0.01210683025419712
196,mean_conv2d_grad_norm,0.030326462624704138
197,stem.0,0.018079863861203194
197,blocks.0.conv1,0.021177252754569054
197,blocks.0.conv2,0.025071440264582634
197,blocks.1.conv1,0.02864253520965576
197,blocks.1.conv2,0.030025605112314224
197,blocks.2.conv1,0.031276024878025055
197,blocks.2.conv2,0.02955608256161213
197,blocks.3.conv1,0.031058384105563164
197,blocks.3.conv2,0.028188925236463547
197,blocks.4.conv1,0.02919902838766575
197,blocks.4.conv2,0.023849548771977425
197,blocks.5.conv1,0.025523636490106583
197,blocks.5.conv2,0.02052024006843567
197,blocks.6.conv1,0.021215785294771194
197,blocks.6.conv2,0.015858590602874756
197,blocks.7.conv1,0.014348100870847702
197,blocks.7.conv2,0.0101953549310565
197,mean_conv2d_grad_norm,0.023752141141277903
198,stem.0,0.01955864578485489
198,blocks.0.conv1,0.02653324604034424
198,blocks.0.conv2,0.03258604556322098
198,blocks.1.conv1,0.032577987760305405
198,blocks.1.conv2,0.032098978757858276
198,blocks.2.conv1,0.03298576548695564
198,blocks.2.conv2,0.028272634372115135
198,blocks.3.conv1,0.030144069343805313
198,blocks.3.conv2,0.026495998725295067
198,blocks.4.conv1,0.028044912964105606
198,blocks.4.conv2,0.02282739244401455
198,blocks.5.conv1,0.025274308398365974
198,blocks.5.conv2,0.020056098699569702
198,blocks.6.conv1,0.02138364315032959
198,blocks.6.conv2,0.01379623357206583
198,blocks.7.conv1,0.014235289767384529
198,blocks.7.conv2,0.009347892366349697
198,mean_conv2d_grad_norm,0.024483479011584732
199,stem.0,0.01730012521147728
199,blocks.0.conv1,0.02297910489141941
199,blocks.0.conv2,0.026156479492783546
199,blocks.1.conv1,0.028931738808751106
199,blocks.1.conv2,0.029170798137784004
199,blocks.2.conv1,0.032027535140514374
199,blocks.2.conv2,0.027667727321386337
199,blocks.3.conv1,0.028327548876404762
199,blocks.3.conv2,0.026787923648953438
199,blocks.4.conv1,0.026694929227232933
199,blocks.4.conv2,0.023180274292826653
199,blocks.5.conv1,0.02437100000679493
199,blocks.5.conv2,0.02233605831861496
199,blocks.6.conv1,0.020996153354644775
199,blocks.6.conv2,0.017159590497612953
199,blocks.7.conv1,0.017872203141450882
199,blocks.7.conv2,0.010638024657964706
199,mean_conv2d_grad_norm,0.023682189119212767
200,stem.0,0.02225300669670105
200,blocks.0.conv1,0.02745288424193859
200,blocks.0.conv2,0.035272132605314255
200,blocks.1.conv1,0.032848309725522995
200,blocks.1.conv2,0.035493168979883194
200,blocks.2.conv1,0.036313675343990326
200,blocks.2.conv2,0.033403150737285614
200,blocks.3.conv1,0.033471498638391495
200,blocks.3.conv2,0.029309265315532684
200,blocks.4.conv1,0.03154410794377327
200,blocks.4.conv2,0.02733193337917328
200,blocks.5.conv1,0.027890704572200775
200,blocks.5.conv2,0.022495755925774574
200,blocks.6.conv1,0.023379813879728317
200,blocks.6.conv2,0.017113588750362396
200,blocks.7.conv1,0.015374569222331047
200,blocks.7.conv2,0.01049910206347704
200,mean_conv2d_grad_norm,0.027143921648316523
