epoch,layer,grad_norm
1,stem.0,16.252708435058594
1,blocks.0.conv1,22.93494415283203
1,blocks.0.conv2,24.791202545166016
1,blocks.1.conv1,25.414186477661133
1,blocks.1.conv2,25.480304718017578
1,blocks.2.conv1,25.46571922302246
1,blocks.2.conv2,22.831912994384766
1,blocks.3.conv1,21.16738510131836
1,blocks.3.conv2,18.401254653930664
1,blocks.4.conv1,15.949088096618652
1,blocks.4.conv2,14.204400062561035
1,blocks.5.conv1,12.012596130371094
1,blocks.5.conv2,10.51765251159668
1,blocks.6.conv1,8.625117301940918
1,blocks.6.conv2,7.386054515838623
1,blocks.7.conv1,6.482200622558594
1,blocks.7.conv2,5.659271240234375
1,blocks.8.conv1,4.677669048309326
1,blocks.8.conv2,4.176490783691406
1,blocks.9.conv1,3.3462440967559814
1,blocks.9.conv2,2.939831018447876
1,blocks.10.conv1,2.3214924335479736
1,blocks.10.conv2,1.9872102737426758
1,blocks.11.conv1,1.7386177778244019
1,blocks.11.conv2,1.4416327476501465
1,blocks.12.conv1,1.1842644214630127
1,blocks.12.conv2,1.0231833457946777
1,blocks.13.conv1,0.844558835029602
1,blocks.13.conv2,0.6758499145507812
1,blocks.14.conv1,0.5686806440353394
1,blocks.14.conv2,0.5056594610214233
1,blocks.15.conv1,0.429036021232605
1,blocks.15.conv2,0.3854101896286011
1,blocks.16.conv1,0.3218795955181122
1,blocks.16.conv2,0.26759034395217896
1,blocks.17.conv1,0.23581187427043915
1,blocks.17.conv2,0.19792409241199493
1,blocks.18.conv1,0.17086760699748993
1,blocks.18.conv2,0.14718762040138245
1,blocks.19.conv1,0.12903565168380737
1,blocks.19.conv2,0.10839726030826569
1,blocks.20.conv1,0.08756011724472046
1,blocks.20.conv2,0.08337018638849258
1,blocks.21.conv1,0.06715628504753113
1,blocks.21.conv2,0.05537879467010498
1,blocks.22.conv1,0.0486379936337471
1,blocks.22.conv2,0.042806610465049744
1,blocks.23.conv1,0.03766098991036415
1,blocks.23.conv2,0.031802356243133545
1,blocks.24.conv1,0.02643619291484356
1,blocks.24.conv2,0.021289508789777756
1,blocks.25.conv1,0.019481515511870384
1,blocks.25.conv2,0.016721423715353012
1,blocks.26.conv1,0.013624876737594604
1,blocks.26.conv2,0.012165193445980549
1,blocks.27.conv1,0.010592290200293064
1,blocks.27.conv2,0.00958904717117548
1,blocks.28.conv1,0.008543435484170914
1,blocks.28.conv2,0.007524283602833748
1,blocks.29.conv1,0.006753592751920223
1,blocks.29.conv2,0.007561734411865473
1,blocks.30.conv1,0.007996783591806889
1,blocks.30.conv2,0.009613017551600933
1,blocks.31.conv1,0.01520383358001709
1,blocks.31.conv2,0.022122958675026894
1,mean_conv2d_grad_norm,4.831847951740313
2,stem.0,0.19608327746391296
2,blocks.0.conv1,0.16465450823307037
2,blocks.0.conv2,0.1807595044374466
2,blocks.1.conv1,0.19111023843288422
2,blocks.1.conv2,0.1743941307067871
2,blocks.2.conv1,0.2117566466331482
2,blocks.2.conv2,0.19073422253131866
2,blocks.3.conv1,0.14141422510147095
2,blocks.3.conv2,0.14605577290058136
2,blocks.4.conv1,0.08281058073043823
2,blocks.4.conv2,0.08467058092355728
2,blocks.5.conv1,0.0762161910533905
2,blocks.5.conv2,0.05305831506848335
2,blocks.6.conv1,0.06194382533431053
2,blocks.6.conv2,0.05225861072540283
2,blocks.7.conv1,0.05995861068367958
2,blocks.7.conv2,0.06340456753969193
2,blocks.8.conv1,0.06748737394809723
2,blocks.8.conv2,0.055893249809741974
2,blocks.9.conv1,0.06661725789308548
2,blocks.9.conv2,0.06035005673766136
2,blocks.10.conv1,0.06798985600471497
2,blocks.10.conv2,0.08235426247119904
2,blocks.11.conv1,0.13438789546489716
2,blocks.11.conv2,0.19990801811218262
2,blocks.12.conv1,0.1683240830898285
2,blocks.12.conv2,0.15105991065502167
2,blocks.13.conv1,0.16060782968997955
2,blocks.13.conv2,0.18423207104206085
2,blocks.14.conv1,0.1653284877538681
2,blocks.14.conv2,0.17416998744010925
2,blocks.15.conv1,0.16360601782798767
2,blocks.15.conv2,0.17747293412685394
2,blocks.16.conv1,0.19741976261138916
2,blocks.16.conv2,0.16953830420970917
2,blocks.17.conv1,0.16136351227760315
2,blocks.17.conv2,0.18096056580543518
2,blocks.18.conv1,0.1517123132944107
2,blocks.18.conv2,0.15402737259864807
2,blocks.19.conv1,0.14939622581005096
2,blocks.19.conv2,0.15278565883636475
2,blocks.20.conv1,0.13430999219417572
2,blocks.20.conv2,0.1457962542772293
2,blocks.21.conv1,0.15809360146522522
2,blocks.21.conv2,0.16152842342853546
2,blocks.22.conv1,0.16709889471530914
2,blocks.22.conv2,0.18353062868118286
2,blocks.23.conv1,0.18993158638477325
2,blocks.23.conv2,0.20404069125652313
2,blocks.24.conv1,0.18273389339447021
2,blocks.24.conv2,0.19427494704723358
2,blocks.25.conv1,0.16034536063671112
2,blocks.25.conv2,0.15305396914482117
2,blocks.26.conv1,0.1398913562297821
2,blocks.26.conv2,0.12525677680969238
2,blocks.27.conv1,0.11746904999017715
2,blocks.27.conv2,0.11850176751613617
2,blocks.28.conv1,0.10970132797956467
2,blocks.28.conv2,0.10735997557640076
2,blocks.29.conv1,0.0924551710486412
2,blocks.29.conv2,0.07973704487085342
2,blocks.30.conv1,0.07240255177021027
2,blocks.30.conv2,0.06414652615785599
2,blocks.31.conv1,0.06089809536933899
2,blocks.31.conv2,0.06469899415969849
2,mean_conv2d_grad_norm,0.13408513378638487
3,stem.0,0.13532929122447968
3,blocks.0.conv1,0.12079394608736038
3,blocks.0.conv2,0.12354698777198792
3,blocks.1.conv1,0.10088559985160828
3,blocks.1.conv2,0.08355521410703659
3,blocks.2.conv1,0.0652209147810936
3,blocks.2.conv2,0.06710229814052582
3,blocks.3.conv1,0.04738304764032364
3,blocks.3.conv2,0.03578738123178482
3,blocks.4.conv1,0.038396790623664856
3,blocks.4.conv2,0.039617870002985
3,blocks.5.conv1,0.0676717534661293
3,blocks.5.conv2,0.07213456183671951
3,blocks.6.conv1,0.09919294714927673
3,blocks.6.conv2,0.1111798956990242
3,blocks.7.conv1,0.10058111697435379
3,blocks.7.conv2,0.0585603192448616
3,blocks.8.conv1,0.051340434700250626
3,blocks.8.conv2,0.04927501082420349
3,blocks.9.conv1,0.0827922374010086
3,blocks.9.conv2,0.07322095334529877
3,blocks.10.conv1,0.08470678329467773
3,blocks.10.conv2,0.08609124273061752
3,blocks.11.conv1,0.07854346930980682
3,blocks.11.conv2,0.07870456576347351
3,blocks.12.conv1,0.05886828899383545
3,blocks.12.conv2,0.05421505495905876
3,blocks.13.conv1,0.05828273296356201
3,blocks.13.conv2,0.05507481098175049
3,blocks.14.conv1,0.05690115690231323
3,blocks.14.conv2,0.06883304566144943
3,blocks.15.conv1,0.07498518377542496
3,blocks.15.conv2,0.08347879350185394
3,blocks.16.conv1,0.07731945067644119
3,blocks.16.conv2,0.07901357859373093
3,blocks.17.conv1,0.07998264580965042
3,blocks.17.conv2,0.08100543916225433
3,blocks.18.conv1,0.07979297637939453
3,blocks.18.conv2,0.07660677284002304
3,blocks.19.conv1,0.07555080950260162
3,blocks.19.conv2,0.07966522127389908
3,blocks.20.conv1,0.08377248048782349
3,blocks.20.conv2,0.07650890946388245
3,blocks.21.conv1,0.07233075052499771
3,blocks.21.conv2,0.06569550186395645
3,blocks.22.conv1,0.07321701943874359
3,blocks.22.conv2,0.08021878451108932
3,blocks.23.conv1,0.08861018717288971
3,blocks.23.conv2,0.09199938923120499
3,blocks.24.conv1,0.09485144168138504
3,blocks.24.conv2,0.10462361574172974
3,blocks.25.conv1,0.1175241693854332
3,blocks.25.conv2,0.11586742848157883
3,blocks.26.conv1,0.12042171508073807
3,blocks.26.conv2,0.11456702649593353
3,blocks.27.conv1,0.10834958404302597
3,blocks.27.conv2,0.09801879525184631
3,blocks.28.conv1,0.09017258882522583
3,blocks.28.conv2,0.0890832394361496
3,blocks.29.conv1,0.08807910978794098
3,blocks.29.conv2,0.09100881963968277
3,blocks.30.conv1,0.08900107443332672
3,blocks.30.conv2,0.08481932431459427
3,blocks.31.conv1,0.09512874484062195
3,blocks.31.conv2,0.1112370640039444
3,mean_conv2d_grad_norm,0.08209688245103909
4,stem.0,0.05286243185400963
4,blocks.0.conv1,0.04547610133886337
4,blocks.0.conv2,0.05943334475159645
4,blocks.1.conv1,0.07021758705377579
4,blocks.1.conv2,0.082514189183712
4,blocks.2.conv1,0.06937889009714127
4,blocks.2.conv2,0.06878490746021271
4,blocks.3.conv1,0.05271444469690323
4,blocks.3.conv2,0.06426425278186798
4,blocks.4.conv1,0.07569912075996399
4,blocks.4.conv2,0.06689509749412537
4,blocks.5.conv1,0.09437335282564163
4,blocks.5.conv2,0.09569407254457474
4,blocks.6.conv1,0.08491989225149155
4,blocks.6.conv2,0.09126467257738113
4,blocks.7.conv1,0.09702461212873459
4,blocks.7.conv2,0.09315386414527893
4,blocks.8.conv1,0.10385644435882568
4,blocks.8.conv2,0.08508762717247009
4,blocks.9.conv1,0.08176905661821365
4,blocks.9.conv2,0.07837798446416855
4,blocks.10.conv1,0.07826647907495499
4,blocks.10.conv2,0.08095267415046692
4,blocks.11.conv1,0.0999920442700386
4,blocks.11.conv2,0.09706961363554001
4,blocks.12.conv1,0.09116999804973602
4,blocks.12.conv2,0.10435571521520615
4,blocks.13.conv1,0.1202605813741684
4,blocks.13.conv2,0.11832831054925919
4,blocks.14.conv1,0.09849344938993454
4,blocks.14.conv2,0.10804325342178345
4,blocks.15.conv1,0.10589127987623215
4,blocks.15.conv2,0.11167414486408234
4,blocks.16.conv1,0.13384847342967987
4,blocks.16.conv2,0.12850379943847656
4,blocks.17.conv1,0.1129843071103096
4,blocks.17.conv2,0.11461017280817032
4,blocks.18.conv1,0.08909423649311066
4,blocks.18.conv2,0.08026131987571716
4,blocks.19.conv1,0.07944591343402863
4,blocks.19.conv2,0.09465164691209793
4,blocks.20.conv1,0.09189022332429886
4,blocks.20.conv2,0.09688346087932587
4,blocks.21.conv1,0.09742118418216705
4,blocks.21.conv2,0.08650213479995728
4,blocks.22.conv1,0.08777793496847153
4,blocks.22.conv2,0.08439972996711731
4,blocks.23.conv1,0.08511729538440704
4,blocks.23.conv2,0.07939784228801727
4,blocks.24.conv1,0.06735458225011826
4,blocks.24.conv2,0.07281238585710526
4,blocks.25.conv1,0.08314838260412216
4,blocks.25.conv2,0.09258707612752914
4,blocks.26.conv1,0.10133540630340576
4,blocks.26.conv2,0.1003016009926796
4,blocks.27.conv1,0.09643734991550446
4,blocks.27.conv2,0.08483965694904327
4,blocks.28.conv1,0.08475306630134583
4,blocks.28.conv2,0.0864495038986206
4,blocks.29.conv1,0.08888924866914749
4,blocks.29.conv2,0.08782744407653809
4,blocks.30.conv1,0.09008845686912537
4,blocks.30.conv2,0.09025909751653671
4,blocks.31.conv1,0.1016155555844307
4,blocks.31.conv2,0.13236184418201447
4,mean_conv2d_grad_norm,0.08972476652035347
5,stem.0,0.035345375537872314
5,blocks.0.conv1,0.09194311499595642
5,blocks.0.conv2,0.09239134937524796
5,blocks.1.conv1,0.09945367276668549
5,blocks.1.conv2,0.11790060251951218
5,blocks.2.conv1,0.08970949798822403
5,blocks.2.conv2,0.08050181716680527
5,blocks.3.conv1,0.09552789479494095
5,blocks.3.conv2,0.06739188730716705
5,blocks.4.conv1,0.06262117624282837
5,blocks.4.conv2,0.06651058048009872
5,blocks.5.conv1,0.07603957504034042
5,blocks.5.conv2,0.060367051512002945
5,blocks.6.conv1,0.06767264008522034
5,blocks.6.conv2,0.0627671331167221
5,blocks.7.conv1,0.07582041621208191
5,blocks.7.conv2,0.07050579786300659
5,blocks.8.conv1,0.06147827208042145
5,blocks.8.conv2,0.05824720486998558
5,blocks.9.conv1,0.059194449335336685
5,blocks.9.conv2,0.052875764667987823
5,blocks.10.conv1,0.048576757311820984
5,blocks.10.conv2,0.051285892724990845
5,blocks.11.conv1,0.06230184808373451
5,blocks.11.conv2,0.05716259032487869
5,blocks.12.conv1,0.05620469152927399
5,blocks.12.conv2,0.0593353807926178
5,blocks.13.conv1,0.06280121952295303
5,blocks.13.conv2,0.0566689595580101
5,blocks.14.conv1,0.058400362730026245
5,blocks.14.conv2,0.07330621778964996
5,blocks.15.conv1,0.062133848667144775
5,blocks.15.conv2,0.0601302906870842
5,blocks.16.conv1,0.05696829780936241
5,blocks.16.conv2,0.05736595019698143
5,blocks.17.conv1,0.05412464961409569
5,blocks.17.conv2,0.05251466482877731
5,blocks.18.conv1,0.04741598665714264
5,blocks.18.conv2,0.05228212848305702
5,blocks.19.conv1,0.05587345361709595
5,blocks.19.conv2,0.06065768003463745
5,blocks.20.conv1,0.0566847063601017
5,blocks.20.conv2,0.062464065849781036
5,blocks.21.conv1,0.059930432587862015
5,blocks.21.conv2,0.05503750964999199
5,blocks.22.conv1,0.04699436202645302
5,blocks.22.conv2,0.04410964623093605
5,blocks.23.conv1,0.051260996609926224
5,blocks.23.conv2,0.05292742699384689
5,blocks.24.conv1,0.05319524183869362
5,blocks.24.conv2,0.0650671198964119
5,blocks.25.conv1,0.06945005059242249
5,blocks.25.conv2,0.06870688498020172
5,blocks.26.conv1,0.06997889280319214
5,blocks.26.conv2,0.06753434240818024
5,blocks.27.conv1,0.07049208134412766
5,blocks.27.conv2,0.07955177128314972
5,blocks.28.conv1,0.07768777757883072
5,blocks.28.conv2,0.08600741624832153
5,blocks.29.conv1,0.0911814495921135
5,blocks.29.conv2,0.10197828710079193
5,blocks.30.conv1,0.10822469741106033
5,blocks.30.conv2,0.09678104519844055
5,blocks.31.conv1,0.09646758437156677
5,blocks.31.conv2,0.08723311871290207
5,mean_conv2d_grad_norm,0.06782650850140132
6,stem.0,0.14629577100276947
6,blocks.0.conv1,0.12232986837625504
6,blocks.0.conv2,0.10561373084783554
6,blocks.1.conv1,0.08082503080368042
6,blocks.1.conv2,0.07130131870508194
6,blocks.2.conv1,0.0845777615904808
6,blocks.2.conv2,0.0729711726307869
6,blocks.3.conv1,0.06249796971678734
6,blocks.3.conv2,0.06737452745437622
6,blocks.4.conv1,0.07444782555103302
6,blocks.4.conv2,0.06895916908979416
6,blocks.5.conv1,0.06174364686012268
6,blocks.5.conv2,0.06133336201310158
6,blocks.6.conv1,0.06170882284641266
6,blocks.6.conv2,0.06427128612995148
6,blocks.7.conv1,0.0753580778837204
6,blocks.7.conv2,0.06877635419368744
6,blocks.8.conv1,0.07104992866516113
6,blocks.8.conv2,0.08155703544616699
6,blocks.9.conv1,0.07630325853824615
6,blocks.9.conv2,0.0715109258890152
6,blocks.10.conv1,0.06059852987527847
6,blocks.10.conv2,0.06799149513244629
6,blocks.11.conv1,0.06683138757944107
6,blocks.11.conv2,0.0634966567158699
6,blocks.12.conv1,0.06497550010681152
6,blocks.12.conv2,0.07082317769527435
6,blocks.13.conv1,0.0856674313545227
6,blocks.13.conv2,0.09254556894302368
6,blocks.14.conv1,0.09781494736671448
6,blocks.14.conv2,0.09112966805696487
6,blocks.15.conv1,0.09078038483858109
6,blocks.15.conv2,0.07973578572273254
6,blocks.16.conv1,0.08752260357141495
6,blocks.16.conv2,0.09179344028234482
6,blocks.17.conv1,0.08972159028053284
6,blocks.17.conv2,0.09398601204156876
6,blocks.18.conv1,0.08817440271377563
6,blocks.18.conv2,0.0900353491306305
6,blocks.19.conv1,0.08661308884620667
6,blocks.19.conv2,0.07954926788806915
6,blocks.20.conv1,0.07411816716194153
6,blocks.20.conv2,0.06732580065727234
6,blocks.21.conv1,0.0692671537399292
6,blocks.21.conv2,0.07284120470285416
6,blocks.22.conv1,0.07547610998153687
6,blocks.22.conv2,0.07764055579900742
6,blocks.23.conv1,0.07669693231582642
6,blocks.23.conv2,0.0745028555393219
6,blocks.24.conv1,0.07372059673070908
6,blocks.24.conv2,0.0716690644621849
6,blocks.25.conv1,0.06744301319122314
6,blocks.25.conv2,0.06493733823299408
6,blocks.26.conv1,0.05882192775607109
6,blocks.26.conv2,0.058915648609399796
6,blocks.27.conv1,0.061814699321985245
6,blocks.27.conv2,0.06537824869155884
6,blocks.28.conv1,0.06281626969575882
6,blocks.28.conv2,0.07040202617645264
6,blocks.29.conv1,0.0723523423075676
6,blocks.29.conv2,0.07732784748077393
6,blocks.30.conv1,0.07552855461835861
6,blocks.30.conv2,0.07333001494407654
6,blocks.31.conv1,0.07208094000816345
6,blocks.31.conv2,0.08138415217399597
6,mean_conv2d_grad_norm,0.07671360917962515
7,stem.0,0.10611122846603394
7,blocks.0.conv1,0.16916680335998535
7,blocks.0.conv2,0.156246617436409
7,blocks.1.conv1,0.13800731301307678
7,blocks.1.conv2,0.11087987571954727
7,blocks.2.conv1,0.0809122622013092
7,blocks.2.conv2,0.06373380869626999
7,blocks.3.conv1,0.05408341810107231
7,blocks.3.conv2,0.05437643826007843
7,blocks.4.conv1,0.04816203564405441
7,blocks.4.conv2,0.06030265986919403
7,blocks.5.conv1,0.04800126329064369
7,blocks.5.conv2,0.056424666196107864
7,blocks.6.conv1,0.06791405379772186
7,blocks.6.conv2,0.057618673890829086
7,blocks.7.conv1,0.047106027603149414
7,blocks.7.conv2,0.048279229551553726
7,blocks.8.conv1,0.05232001096010208
7,blocks.8.conv2,0.0506407655775547
7,blocks.9.conv1,0.050450246781110764
7,blocks.9.conv2,0.04965707287192345
7,blocks.10.conv1,0.04835191369056702
7,blocks.10.conv2,0.05008527263998985
7,blocks.11.conv1,0.055842358618974686
7,blocks.11.conv2,0.057583753019571304
7,blocks.12.conv1,0.06687480211257935
7,blocks.12.conv2,0.06971479207277298
7,blocks.13.conv1,0.07069631665945053
7,blocks.13.conv2,0.06827010214328766
7,blocks.14.conv1,0.06723552942276001
7,blocks.14.conv2,0.06568235158920288
7,blocks.15.conv1,0.06574340909719467
7,blocks.15.conv2,0.06672189384698868
7,blocks.16.conv1,0.0737212523818016
7,blocks.16.conv2,0.07350321114063263
7,blocks.17.conv1,0.07698963582515717
7,blocks.17.conv2,0.07311801612377167
7,blocks.18.conv1,0.07028213143348694
7,blocks.18.conv2,0.07099615782499313
7,blocks.19.conv1,0.07328425347805023
7,blocks.19.conv2,0.07900629937648773
7,blocks.20.conv1,0.0938275009393692
7,blocks.20.conv2,0.08370230346918106
7,blocks.21.conv1,0.07859824597835541
7,blocks.21.conv2,0.07762562483549118
7,blocks.22.conv1,0.07061389833688736
7,blocks.22.conv2,0.07915815711021423
7,blocks.23.conv1,0.07827433198690414
7,blocks.23.conv2,0.07579155266284943
7,blocks.24.conv1,0.07838360220193863
7,blocks.24.conv2,0.0737922340631485
7,blocks.25.conv1,0.07469937205314636
7,blocks.25.conv2,0.07838042080402374
7,blocks.26.conv1,0.08029346168041229
7,blocks.26.conv2,0.08162502944469452
7,blocks.27.conv1,0.08344751596450806
7,blocks.27.conv2,0.08799533545970917
7,blocks.28.conv1,0.08642594516277313
7,blocks.28.conv2,0.09252840280532837
7,blocks.29.conv1,0.10549566894769669
7,blocks.29.conv2,0.10268215090036392
7,blocks.30.conv1,0.10382085293531418
7,blocks.30.conv2,0.09741096943616867
7,blocks.31.conv1,0.10149047523736954
7,blocks.31.conv2,0.1123448982834816
7,mean_conv2d_grad_norm,0.0768077826843812
8,stem.0,0.41992688179016113
8,blocks.0.conv1,0.4468158185482025
8,blocks.0.conv2,0.23398222029209137
8,blocks.1.conv1,0.16271880269050598
8,blocks.1.conv2,0.1274140179157257
8,blocks.2.conv1,0.1351834088563919
8,blocks.2.conv2,0.1189514771103859
8,blocks.3.conv1,0.10729874670505524
8,blocks.3.conv2,0.09704764932394028
8,blocks.4.conv1,0.08545839786529541
8,blocks.4.conv2,0.07615789771080017
8,blocks.5.conv1,0.07290008664131165
8,blocks.5.conv2,0.07015834748744965
8,blocks.6.conv1,0.07391875982284546
8,blocks.6.conv2,0.06914862990379333
8,blocks.7.conv1,0.059629954397678375
8,blocks.7.conv2,0.06470024585723877
8,blocks.8.conv1,0.07243252545595169
8,blocks.8.conv2,0.07297073304653168
8,blocks.9.conv1,0.0721224695444107
8,blocks.9.conv2,0.06384152919054031
8,blocks.10.conv1,0.06325766444206238
8,blocks.10.conv2,0.06986647099256516
8,blocks.11.conv1,0.06563863903284073
8,blocks.11.conv2,0.06925218552350998
8,blocks.12.conv1,0.06828457862138748
8,blocks.12.conv2,0.07917631417512894
8,blocks.13.conv1,0.08964970707893372
8,blocks.13.conv2,0.0850110724568367
8,blocks.14.conv1,0.08750764280557632
8,blocks.14.conv2,0.09346786141395569
8,blocks.15.conv1,0.088601253926754
8,blocks.15.conv2,0.09262692183256149
8,blocks.16.conv1,0.09071096032857895
8,blocks.16.conv2,0.08256249129772186
8,blocks.17.conv1,0.0765165239572525
8,blocks.17.conv2,0.07529669255018234
8,blocks.18.conv1,0.07443266361951828
8,blocks.18.conv2,0.07156063616275787
8,blocks.19.conv1,0.07402774691581726
8,blocks.19.conv2,0.0759323313832283
8,blocks.20.conv1,0.07767906785011292
8,blocks.20.conv2,0.07728002965450287
8,blocks.21.conv1,0.07641999423503876
8,blocks.21.conv2,0.08091285079717636
8,blocks.22.conv1,0.08140154182910919
8,blocks.22.conv2,0.0783996731042862
8,blocks.23.conv1,0.08001300692558289
8,blocks.23.conv2,0.08268614113330841
8,blocks.24.conv1,0.08398411422967911
8,blocks.24.conv2,0.091078020632267
8,blocks.25.conv1,0.08736668527126312
8,blocks.25.conv2,0.10106267035007477
8,blocks.26.conv1,0.11039506644010544
8,blocks.26.conv2,0.1210525780916214
8,blocks.27.conv1,0.12966765463352203
8,blocks.27.conv2,0.12558062374591827
8,blocks.28.conv1,0.12821833789348602
8,blocks.28.conv2,0.12870317697525024
8,blocks.29.conv1,0.12943239510059357
8,blocks.29.conv2,0.1324174404144287
8,blocks.30.conv1,0.11915914714336395
8,blocks.30.conv2,0.10734941065311432
8,blocks.31.conv1,0.104327492415905
8,blocks.31.conv2,0.10704341530799866
8,mean_conv2d_grad_norm,0.10335060759232595
9,stem.0,0.10894646495580673
9,blocks.0.conv1,0.11201746016740799
9,blocks.0.conv2,0.11374624073505402
9,blocks.1.conv1,0.09460902214050293
9,blocks.1.conv2,0.07667342573404312
9,blocks.2.conv1,0.061159905046224594
9,blocks.2.conv2,0.05182658135890961
9,blocks.3.conv1,0.04615619033575058
9,blocks.3.conv2,0.050135236233472824
9,blocks.4.conv1,0.05654722452163696
9,blocks.4.conv2,0.05442626401782036
9,blocks.5.conv1,0.055152472108602524
9,blocks.5.conv2,0.055942293256521225
9,blocks.6.conv1,0.05167725309729576
9,blocks.6.conv2,0.053537752479314804
9,blocks.7.conv1,0.050241149961948395
9,blocks.7.conv2,0.05654028058052063
9,blocks.8.conv1,0.061506982892751694
9,blocks.8.conv2,0.06056956201791763
9,blocks.9.conv1,0.055544689297676086
9,blocks.9.conv2,0.04888790100812912
9,blocks.10.conv1,0.046761754900217056
9,blocks.10.conv2,0.046316150575876236
9,blocks.11.conv1,0.04857391119003296
9,blocks.11.conv2,0.04868510365486145
9,blocks.12.conv1,0.04781496897339821
9,blocks.12.conv2,0.051777128130197525
9,blocks.13.conv1,0.06362288445234299
9,blocks.13.conv2,0.06685066968202591
9,blocks.14.conv1,0.06884697824716568
9,blocks.14.conv2,0.0754871740937233
9,blocks.15.conv1,0.0724453255534172
9,blocks.15.conv2,0.06930214911699295
9,blocks.16.conv1,0.0630803108215332
9,blocks.16.conv2,0.061151668429374695
9,blocks.17.conv1,0.05922888219356537
9,blocks.17.conv2,0.0605812668800354
9,blocks.18.conv1,0.062024131417274475
9,blocks.18.conv2,0.06227336451411247
9,blocks.19.conv1,0.06635735929012299
9,blocks.19.conv2,0.0619782917201519
9,blocks.20.conv1,0.06933949887752533
9,blocks.20.conv2,0.06759648770093918
9,blocks.21.conv1,0.06701242923736572
9,blocks.21.conv2,0.06646300107240677
9,blocks.22.conv1,0.07239945977926254
9,blocks.22.conv2,0.07455477118492126
9,blocks.23.conv1,0.07625805586576462
9,blocks.23.conv2,0.08045350760221481
9,blocks.24.conv1,0.07436107099056244
9,blocks.24.conv2,0.07626364380121231
9,blocks.25.conv1,0.08169478923082352
9,blocks.25.conv2,0.08713653683662415
9,blocks.26.conv1,0.08628493547439575
9,blocks.26.conv2,0.0831601619720459
9,blocks.27.conv1,0.08563056588172913
9,blocks.27.conv2,0.08717731386423111
9,blocks.28.conv1,0.08435189723968506
9,blocks.28.conv2,0.0901230201125145
9,blocks.29.conv1,0.10048141330480576
9,blocks.29.conv2,0.10045213252305984
9,blocks.30.conv1,0.09944882988929749
9,blocks.30.conv2,0.09715129435062408
9,blocks.31.conv1,0.09801910817623138
9,blocks.31.conv2,0.10266450047492981
9,mean_conv2d_grad_norm,0.07057665001887542
10,stem.0,0.15776053071022034
10,blocks.0.conv1,0.15454977750778198
10,blocks.0.conv2,0.13510790467262268
10,blocks.1.conv1,0.126778706908226
10,blocks.1.conv2,0.12124521285295486
10,blocks.2.conv1,0.1160871759057045
10,blocks.2.conv2,0.09737773984670639
10,blocks.3.conv1,0.0783371552824974
10,blocks.3.conv2,0.0790533795952797
10,blocks.4.conv1,0.07746875286102295
10,blocks.4.conv2,0.08750507980585098
10,blocks.5.conv1,0.07797643542289734
10,blocks.5.conv2,0.07048939913511276
10,blocks.6.conv1,0.0758802741765976
10,blocks.6.conv2,0.06718098372220993
10,blocks.7.conv1,0.07574296742677689
10,blocks.7.conv2,0.07651067525148392
10,blocks.8.conv1,0.07807239145040512
10,blocks.8.conv2,0.07642801105976105
10,blocks.9.conv1,0.08524826914072037
10,blocks.9.conv2,0.08447647094726562
10,blocks.10.conv1,0.09087468683719635
10,blocks.10.conv2,0.08708926290273666
10,blocks.11.conv1,0.08649532496929169
10,blocks.11.conv2,0.09395205229520798
10,blocks.12.conv1,0.09426475316286087
10,blocks.12.conv2,0.09772436320781708
10,blocks.13.conv1,0.111246757209301
10,blocks.13.conv2,0.11235427111387253
10,blocks.14.conv1,0.10988394916057587
10,blocks.14.conv2,0.10835590213537216
10,blocks.15.conv1,0.11165500432252884
10,blocks.15.conv2,0.11661528050899506
10,blocks.16.conv1,0.11968563497066498
10,blocks.16.conv2,0.12239053845405579
10,blocks.17.conv1,0.11657880246639252
10,blocks.17.conv2,0.11882008612155914
10,blocks.18.conv1,0.11072332412004471
10,blocks.18.conv2,0.12000342458486557
10,blocks.19.conv1,0.12602393329143524
10,blocks.19.conv2,0.1278230994939804
10,blocks.20.conv1,0.13400396704673767
10,blocks.20.conv2,0.12486754357814789
10,blocks.21.conv1,0.12211049348115921
10,blocks.21.conv2,0.12608662247657776
10,blocks.22.conv1,0.12033627182245255
10,blocks.22.conv2,0.12577329576015472
10,blocks.23.conv1,0.1278412640094757
10,blocks.23.conv2,0.12941864132881165
10,blocks.24.conv1,0.12458623200654984
10,blocks.24.conv2,0.13142277300357819
10,blocks.25.conv1,0.13865402340888977
10,blocks.25.conv2,0.1532646119594574
10,blocks.26.conv1,0.1681491732597351
10,blocks.26.conv2,0.16902150213718414
10,blocks.27.conv1,0.1771456003189087
10,blocks.27.conv2,0.16318200528621674
10,blocks.28.conv1,0.15387137234210968
10,blocks.28.conv2,0.15891113877296448
10,blocks.29.conv1,0.1527300626039505
10,blocks.29.conv2,0.14484748244285583
10,blocks.30.conv1,0.14052830636501312
10,blocks.30.conv2,0.1377459317445755
10,blocks.31.conv1,0.13566972315311432
10,blocks.31.conv2,0.12871357798576355
10,mean_conv2d_grad_norm,0.11647260555854211
11,stem.0,0.18192949891090393
11,blocks.0.conv1,0.1689382940530777
11,blocks.0.conv2,0.14746904373168945
11,blocks.1.conv1,0.1160322055220604
11,blocks.1.conv2,0.11543527990579605
11,blocks.2.conv1,0.09895195811986923
11,blocks.2.conv2,0.07823896408081055
11,blocks.3.conv1,0.07545463740825653
11,blocks.3.conv2,0.06601788848638535
11,blocks.4.conv1,0.0671539455652237
11,blocks.4.conv2,0.07091410458087921
11,blocks.5.conv1,0.07342307269573212
11,blocks.5.conv2,0.07460516691207886
11,blocks.6.conv1,0.08303701132535934
11,blocks.6.conv2,0.0782277062535286
11,blocks.7.conv1,0.06576722860336304
11,blocks.7.conv2,0.06998977810144424
11,blocks.8.conv1,0.07464048266410828
11,blocks.8.conv2,0.07435666769742966
11,blocks.9.conv1,0.07121749222278595
11,blocks.9.conv2,0.0686768963932991
11,blocks.10.conv1,0.078284852206707
11,blocks.10.conv2,0.07109667360782623
11,blocks.11.conv1,0.07545981556177139
11,blocks.11.conv2,0.07684646546840668
11,blocks.12.conv1,0.08010786026716232
11,blocks.12.conv2,0.07984578609466553
11,blocks.13.conv1,0.08127572387456894
11,blocks.13.conv2,0.07477016746997833
11,blocks.14.conv1,0.08085548132658005
11,blocks.14.conv2,0.08358284085988998
11,blocks.15.conv1,0.08704552054405212
11,blocks.15.conv2,0.08792630583047867
11,blocks.16.conv1,0.09566812217235565
11,blocks.16.conv2,0.09946464002132416
11,blocks.17.conv1,0.0987601950764656
11,blocks.17.conv2,0.09658999741077423
11,blocks.18.conv1,0.09107290208339691
11,blocks.18.conv2,0.09193066507577896
11,blocks.19.conv1,0.09071739763021469
11,blocks.19.conv2,0.08984357118606567
11,blocks.20.conv1,0.082866370677948
11,blocks.20.conv2,0.08436283469200134
11,blocks.21.conv1,0.09746116399765015
11,blocks.21.conv2,0.10170231014490128
11,blocks.22.conv1,0.1048535406589508
11,blocks.22.conv2,0.11690591275691986
11,blocks.23.conv1,0.11321934312582016
11,blocks.23.conv2,0.11309269070625305
11,blocks.24.conv1,0.12407368421554565
11,blocks.24.conv2,0.13046573102474213
11,blocks.25.conv1,0.14241352677345276
11,blocks.25.conv2,0.14302030205726624
11,blocks.26.conv1,0.14592033624649048
11,blocks.26.conv2,0.14468421041965485
11,blocks.27.conv1,0.15403147041797638
11,blocks.27.conv2,0.15955838561058044
11,blocks.28.conv1,0.1575241982936859
11,blocks.28.conv2,0.14896747469902039
11,blocks.29.conv1,0.15182264149188995
11,blocks.29.conv2,0.15084852278232574
11,blocks.30.conv1,0.14365988969802856
11,blocks.30.conv2,0.13471528887748718
11,blocks.31.conv1,0.12459738552570343
11,blocks.31.conv2,0.1076890230178833
11,mean_conv2d_grad_norm,0.10323197761407266
12,stem.0,0.16393911838531494
12,blocks.0.conv1,0.14874650537967682
12,blocks.0.conv2,0.1196502149105072
12,blocks.1.conv1,0.09941534698009491
12,blocks.1.conv2,0.08972099423408508
12,blocks.2.conv1,0.08866097778081894
12,blocks.2.conv2,0.07758025825023651
12,blocks.3.conv1,0.08600490540266037
12,blocks.3.conv2,0.07600484043359756
12,blocks.4.conv1,0.08178891986608505
12,blocks.4.conv2,0.07985833287239075
12,blocks.5.conv1,0.07766102254390717
12,blocks.5.conv2,0.07190374284982681
12,blocks.6.conv1,0.08199446648359299
12,blocks.6.conv2,0.08726552873849869
12,blocks.7.conv1,0.08114145696163177
12,blocks.7.conv2,0.08479706197977066
12,blocks.8.conv1,0.08391468971967697
12,blocks.8.conv2,0.09101089835166931
12,blocks.9.conv1,0.09120932221412659
12,blocks.9.conv2,0.09220022708177567
12,blocks.10.conv1,0.09117813408374786
12,blocks.10.conv2,0.09149601310491562
12,blocks.11.conv1,0.09119582176208496
12,blocks.11.conv2,0.08963415771722794
12,blocks.12.conv1,0.08766475319862366
12,blocks.12.conv2,0.09377124160528183
12,blocks.13.conv1,0.09363966435194016
12,blocks.13.conv2,0.09026174247264862
12,blocks.14.conv1,0.09360804408788681
12,blocks.14.conv2,0.09345145523548126
12,blocks.15.conv1,0.09493743628263474
12,blocks.15.conv2,0.09437929093837738
12,blocks.16.conv1,0.09292834252119064
12,blocks.16.conv2,0.09369125217199326
12,blocks.17.conv1,0.09493543952703476
12,blocks.17.conv2,0.09033787995576859
12,blocks.18.conv1,0.08745354413986206
12,blocks.18.conv2,0.08615189790725708
12,blocks.19.conv1,0.08736670762300491
12,blocks.19.conv2,0.08562339842319489
12,blocks.20.conv1,0.08791741728782654
12,blocks.20.conv2,0.09206406027078629
12,blocks.21.conv1,0.09219353646039963
12,blocks.21.conv2,0.09272634238004684
12,blocks.22.conv1,0.09497629106044769
12,blocks.22.conv2,0.09946224838495255
12,blocks.23.conv1,0.10185307264328003
12,blocks.23.conv2,0.10600251704454422
12,blocks.24.conv1,0.11351388692855835
12,blocks.24.conv2,0.12646137177944183
12,blocks.25.conv1,0.12927143275737762
12,blocks.25.conv2,0.13348625600337982
12,blocks.26.conv1,0.13609209656715393
12,blocks.26.conv2,0.14079050719738007
12,blocks.27.conv1,0.14899000525474548
12,blocks.27.conv2,0.14954738318920135
12,blocks.28.conv1,0.14509224891662598
12,blocks.28.conv2,0.14153631031513214
12,blocks.29.conv1,0.14431922137737274
12,blocks.29.conv2,0.15087775886058807
12,blocks.30.conv1,0.14659681916236877
12,blocks.30.conv2,0.13779084384441376
12,blocks.31.conv1,0.13420523703098297
12,blocks.31.conv2,0.13148601353168488
12,mean_conv2d_grad_norm,0.10392966041198144
13,stem.0,0.1648845225572586
13,blocks.0.conv1,0.18322190642356873
13,blocks.0.conv2,0.18730315566062927
13,blocks.1.conv1,0.1498904824256897
13,blocks.1.conv2,0.13356266915798187
13,blocks.2.conv1,0.11242587864398956
13,blocks.2.conv2,0.10128137469291687
13,blocks.3.conv1,0.10504286736249924
13,blocks.3.conv2,0.109413743019104
13,blocks.4.conv1,0.10427805036306381
13,blocks.4.conv2,0.11702381074428558
13,blocks.5.conv1,0.1212688609957695
13,blocks.5.conv2,0.11423157155513763
13,blocks.6.conv1,0.11554247885942459
13,blocks.6.conv2,0.10960270464420319
13,blocks.7.conv1,0.09649857133626938
13,blocks.7.conv2,0.09690578281879425
13,blocks.8.conv1,0.09648542106151581
13,blocks.8.conv2,0.0959818959236145
13,blocks.9.conv1,0.09779470413923264
13,blocks.9.conv2,0.09699899703264236
13,blocks.10.conv1,0.09282009303569794
13,blocks.10.conv2,0.0897049531340599
13,blocks.11.conv1,0.09244280308485031
13,blocks.11.conv2,0.09822815656661987
13,blocks.12.conv1,0.0999937653541565
13,blocks.12.conv2,0.10025546699762344
13,blocks.13.conv1,0.09990278631448746
13,blocks.13.conv2,0.09996868669986725
13,blocks.14.conv1,0.10367363691329956
13,blocks.14.conv2,0.10609972476959229
13,blocks.15.conv1,0.11196468770503998
13,blocks.15.conv2,0.11140365153551102
13,blocks.16.conv1,0.10571654886007309
13,blocks.16.conv2,0.10887325555086136
13,blocks.17.conv1,0.10263461619615555
13,blocks.17.conv2,0.10129602253437042
13,blocks.18.conv1,0.09561049938201904
13,blocks.18.conv2,0.09656757116317749
13,blocks.19.conv1,0.09718223661184311
13,blocks.19.conv2,0.09566601365804672
13,blocks.20.conv1,0.10226086527109146
13,blocks.20.conv2,0.10398983955383301
13,blocks.21.conv1,0.10871759057044983
13,blocks.21.conv2,0.11413697153329849
13,blocks.22.conv1,0.12289179116487503
13,blocks.22.conv2,0.13616710901260376
13,blocks.23.conv1,0.141915425658226
13,blocks.23.conv2,0.14245006442070007
13,blocks.24.conv1,0.1540040373802185
13,blocks.24.conv2,0.15841570496559143
13,blocks.25.conv1,0.16484029591083527
13,blocks.25.conv2,0.16673284769058228
13,blocks.26.conv1,0.16776788234710693
13,blocks.26.conv2,0.1646561622619629
13,blocks.27.conv1,0.17346616089344025
13,blocks.27.conv2,0.17334240674972534
13,blocks.28.conv1,0.16680286824703217
13,blocks.28.conv2,0.16684313118457794
13,blocks.29.conv1,0.16965453326702118
13,blocks.29.conv2,0.1640748828649521
13,blocks.30.conv1,0.16106565296649933
13,blocks.30.conv2,0.1611907184123993
13,blocks.31.conv1,0.15782268345355988
13,blocks.31.conv2,0.16763082146644592
13,mean_conv2d_grad_norm,0.12508438573433803
14,stem.0,0.1938963532447815
14,blocks.0.conv1,0.14410600066184998
14,blocks.0.conv2,0.12642502784729004
14,blocks.1.conv1,0.10527973622083664
14,blocks.1.conv2,0.10404845327138901
14,blocks.2.conv1,0.1024472787976265
14,blocks.2.conv2,0.08727996796369553
14,blocks.3.conv1,0.08568448573350906
14,blocks.3.conv2,0.0808786079287529
14,blocks.4.conv1,0.08196727186441422
14,blocks.4.conv2,0.07949970662593842
14,blocks.5.conv1,0.07624614238739014
14,blocks.5.conv2,0.0706612691283226
14,blocks.6.conv1,0.07614035159349442
14,blocks.6.conv2,0.0792362317442894
14,blocks.7.conv1,0.0755031555891037
14,blocks.7.conv2,0.07689519226551056
14,blocks.8.conv1,0.0741250067949295
14,blocks.8.conv2,0.0776781439781189
14,blocks.9.conv1,0.077150858938694
14,blocks.9.conv2,0.07624594122171402
14,blocks.10.conv1,0.07795372605323792
14,blocks.10.conv2,0.07383285462856293
14,blocks.11.conv1,0.07129742950201035
14,blocks.11.conv2,0.0747273713350296
14,blocks.12.conv1,0.07499797642230988
14,blocks.12.conv2,0.0776161402463913
14,blocks.13.conv1,0.07866517454385757
14,blocks.13.conv2,0.07656780630350113
14,blocks.14.conv1,0.07803891599178314
14,blocks.14.conv2,0.07758395373821259
14,blocks.15.conv1,0.07624003291130066
14,blocks.15.conv2,0.08357985317707062
14,blocks.16.conv1,0.08586183935403824
14,blocks.16.conv2,0.08634226769208908
14,blocks.17.conv1,0.08857357501983643
14,blocks.17.conv2,0.08453879505395889
14,blocks.18.conv1,0.08258353173732758
14,blocks.18.conv2,0.08116474002599716
14,blocks.19.conv1,0.08350761979818344
14,blocks.19.conv2,0.08242371678352356
14,blocks.20.conv1,0.08335473388433456
14,blocks.20.conv2,0.08337057381868362
14,blocks.21.conv1,0.08721557259559631
14,blocks.21.conv2,0.09132158011198044
14,blocks.22.conv1,0.09975051879882812
14,blocks.22.conv2,0.09978756308555603
14,blocks.23.conv1,0.10073617100715637
14,blocks.23.conv2,0.10038986057043076
14,blocks.24.conv1,0.1111810952425003
14,blocks.24.conv2,0.12040913850069046
14,blocks.25.conv1,0.12320691347122192
14,blocks.25.conv2,0.13039764761924744
14,blocks.26.conv1,0.14296922087669373
14,blocks.26.conv2,0.14058208465576172
14,blocks.27.conv1,0.1416226327419281
14,blocks.27.conv2,0.14032042026519775
14,blocks.28.conv1,0.1368689388036728
14,blocks.28.conv2,0.13313943147659302
14,blocks.29.conv1,0.13148997724056244
14,blocks.29.conv2,0.12957756221294403
14,blocks.30.conv1,0.12607501447200775
14,blocks.30.conv2,0.1220187172293663
14,blocks.31.conv1,0.11586914956569672
14,blocks.31.conv2,0.11112665385007858
14,mean_conv2d_grad_norm,0.09769651809564003
15,stem.0,0.12330203503370285
15,blocks.0.conv1,0.1570437252521515
15,blocks.0.conv2,0.1522754579782486
15,blocks.1.conv1,0.13227207958698273
15,blocks.1.conv2,0.12133627384901047
15,blocks.2.conv1,0.10930974781513214
15,blocks.2.conv2,0.09737192839384079
15,blocks.3.conv1,0.0883842185139656
15,blocks.3.conv2,0.08823394030332565
15,blocks.4.conv1,0.08612878620624542
15,blocks.4.conv2,0.08632039278745651
15,blocks.5.conv1,0.08413898199796677
15,blocks.5.conv2,0.08919942378997803
15,blocks.6.conv1,0.10078457742929459
15,blocks.6.conv2,0.11138704419136047
15,blocks.7.conv1,0.09951451420783997
15,blocks.7.conv2,0.09707746654748917
15,blocks.8.conv1,0.09763450175523758
15,blocks.8.conv2,0.09614492952823639
15,blocks.9.conv1,0.09580481052398682
15,blocks.9.conv2,0.10453714430332184
15,blocks.10.conv1,0.1032470315694809
15,blocks.10.conv2,0.10108968615531921
15,blocks.11.conv1,0.09341463446617126
15,blocks.11.conv2,0.09572310745716095
15,blocks.12.conv1,0.09895307570695877
15,blocks.12.conv2,0.09374266117811203
15,blocks.13.conv1,0.09433096647262573
15,blocks.13.conv2,0.09485171735286713
15,blocks.14.conv1,0.09420593827962875
15,blocks.14.conv2,0.09436976909637451
15,blocks.15.conv1,0.09735079854726791
15,blocks.15.conv2,0.10170050710439682
15,blocks.16.conv1,0.10093463957309723
15,blocks.16.conv2,0.09958551824092865
15,blocks.17.conv1,0.09767986088991165
15,blocks.17.conv2,0.09658785909414291
15,blocks.18.conv1,0.09191181510686874
15,blocks.18.conv2,0.09135434776544571
15,blocks.19.conv1,0.09417984634637833
15,blocks.19.conv2,0.09322517365217209
15,blocks.20.conv1,0.09260978549718857
15,blocks.20.conv2,0.09789606183767319
15,blocks.21.conv1,0.10179080069065094
15,blocks.21.conv2,0.10481059551239014
15,blocks.22.conv1,0.11444719135761261
15,blocks.22.conv2,0.11890946328639984
15,blocks.23.conv1,0.11806036531925201
15,blocks.23.conv2,0.11590760946273804
15,blocks.24.conv1,0.1194867417216301
15,blocks.24.conv2,0.12590567767620087
15,blocks.25.conv1,0.13533906638622284
15,blocks.25.conv2,0.14599129557609558
15,blocks.26.conv1,0.1645490527153015
15,blocks.26.conv2,0.15973550081253052
15,blocks.27.conv1,0.1600307822227478
15,blocks.27.conv2,0.15930145978927612
15,blocks.28.conv1,0.15333300828933716
15,blocks.28.conv2,0.15541131794452667
15,blocks.29.conv1,0.15044882893562317
15,blocks.29.conv2,0.13857892155647278
15,blocks.30.conv1,0.1343514621257782
15,blocks.30.conv2,0.1254292130470276
15,blocks.31.conv1,0.1242348700761795
15,blocks.31.conv2,0.11859410256147385
15,mean_conv2d_grad_norm,0.11202760166846788
16,stem.0,0.19987866282463074
16,blocks.0.conv1,0.19777235388755798
16,blocks.0.conv2,0.16939473152160645
16,blocks.1.conv1,0.1503208726644516
16,blocks.1.conv2,0.1476842314004898
16,blocks.2.conv1,0.12778572738170624
16,blocks.2.conv2,0.11038070172071457
16,blocks.3.conv1,0.12491288781166077
16,blocks.3.conv2,0.1134251281619072
16,blocks.4.conv1,0.11260055005550385
16,blocks.4.conv2,0.1091751754283905
16,blocks.5.conv1,0.10829523950815201
16,blocks.5.conv2,0.10081234574317932
16,blocks.6.conv1,0.11347343027591705
16,blocks.6.conv2,0.10965856164693832
16,blocks.7.conv1,0.1002621278166771
16,blocks.7.conv2,0.1079847514629364
16,blocks.8.conv1,0.09940862655639648
16,blocks.8.conv2,0.10579589009284973
16,blocks.9.conv1,0.10051816701889038
16,blocks.9.conv2,0.09851929545402527
16,blocks.10.conv1,0.10063513368368149
16,blocks.10.conv2,0.10095222294330597
16,blocks.11.conv1,0.10002255439758301
16,blocks.11.conv2,0.10432850569486618
16,blocks.12.conv1,0.10601082444190979
16,blocks.12.conv2,0.10699049383401871
16,blocks.13.conv1,0.10300678759813309
16,blocks.13.conv2,0.10071635991334915
16,blocks.14.conv1,0.10191606730222702
16,blocks.14.conv2,0.09685947746038437
16,blocks.15.conv1,0.10426337271928787
16,blocks.15.conv2,0.10668782144784927
16,blocks.16.conv1,0.11386784166097641
16,blocks.16.conv2,0.1131935864686966
16,blocks.17.conv1,0.10903868824243546
16,blocks.17.conv2,0.11116985231637955
16,blocks.18.conv1,0.10853707790374756
16,blocks.18.conv2,0.10925108194351196
16,blocks.19.conv1,0.11398010700941086
16,blocks.19.conv2,0.11016342788934708
16,blocks.20.conv1,0.11295029520988464
16,blocks.20.conv2,0.11749310046434402
16,blocks.21.conv1,0.11741321533918381
16,blocks.21.conv2,0.12408621609210968
16,blocks.22.conv1,0.13513286411762238
16,blocks.22.conv2,0.14254099130630493
16,blocks.23.conv1,0.14364737272262573
16,blocks.23.conv2,0.14119890332221985
16,blocks.24.conv1,0.14457878470420837
16,blocks.24.conv2,0.15262490510940552
16,blocks.25.conv1,0.15393446385860443
16,blocks.25.conv2,0.1628497987985611
16,blocks.26.conv1,0.16855403780937195
16,blocks.26.conv2,0.176121786236763
16,blocks.27.conv1,0.18239019811153412
16,blocks.27.conv2,0.19248339533805847
16,blocks.28.conv1,0.1908281296491623
16,blocks.28.conv2,0.18186955153942108
16,blocks.29.conv1,0.17733588814735413
16,blocks.29.conv2,0.16357697546482086
16,blocks.30.conv1,0.1520959883928299
16,blocks.30.conv2,0.16076278686523438
16,blocks.31.conv1,0.1470099687576294
16,blocks.31.conv2,0.14774592220783234
16,mean_conv2d_grad_norm,0.1295211735826272
17,stem.0,0.23845793306827545
17,blocks.0.conv1,0.1868070513010025
17,blocks.0.conv2,0.15739892423152924
17,blocks.1.conv1,0.13813862204551697
17,blocks.1.conv2,0.12972328066825867
17,blocks.2.conv1,0.11823108792304993
17,blocks.2.conv2,0.09644486010074615
17,blocks.3.conv1,0.09088775515556335
17,blocks.3.conv2,0.08962736278772354
17,blocks.4.conv1,0.08796118199825287
17,blocks.4.conv2,0.09858830273151398
17,blocks.5.conv1,0.10218650847673416
17,blocks.5.conv2,0.09649698436260223
17,blocks.6.conv1,0.0950767770409584
17,blocks.6.conv2,0.10294198989868164
17,blocks.7.conv1,0.10368576645851135
17,blocks.7.conv2,0.10394376516342163
17,blocks.8.conv1,0.09633561968803406
17,blocks.8.conv2,0.09608159959316254
17,blocks.9.conv1,0.1010185182094574
17,blocks.9.conv2,0.10826414823532104
17,blocks.10.conv1,0.11349794268608093
17,blocks.10.conv2,0.11100064963102341
17,blocks.11.conv1,0.11238904297351837
17,blocks.11.conv2,0.11231514066457748
17,blocks.12.conv1,0.11566620320081711
17,blocks.12.conv2,0.1172352284193039
17,blocks.13.conv1,0.11315876990556717
17,blocks.13.conv2,0.11126330494880676
17,blocks.14.conv1,0.11197605729103088
17,blocks.14.conv2,0.10545292496681213
17,blocks.15.conv1,0.10565550625324249
17,blocks.15.conv2,0.09871846437454224
17,blocks.16.conv1,0.10074464231729507
17,blocks.16.conv2,0.10058604180812836
17,blocks.17.conv1,0.09695873409509659
17,blocks.17.conv2,0.09500955045223236
17,blocks.18.conv1,0.09591536223888397
17,blocks.18.conv2,0.0948764830827713
17,blocks.19.conv1,0.09565848857164383
17,blocks.19.conv2,0.09199278801679611
17,blocks.20.conv1,0.09037646651268005
17,blocks.20.conv2,0.09299303591251373
17,blocks.21.conv1,0.09652826935052872
17,blocks.21.conv2,0.10321704298257828
17,blocks.22.conv1,0.11489029973745346
17,blocks.22.conv2,0.1127200499176979
17,blocks.23.conv1,0.1179625540971756
17,blocks.23.conv2,0.12324697524309158
17,blocks.24.conv1,0.13401299715042114
17,blocks.24.conv2,0.14959920942783356
17,blocks.25.conv1,0.16402983665466309
17,blocks.25.conv2,0.16857044398784637
17,blocks.26.conv1,0.17312024533748627
17,blocks.26.conv2,0.17479215562343597
17,blocks.27.conv1,0.16956683993339539
17,blocks.27.conv2,0.15984922647476196
17,blocks.28.conv1,0.1541823446750641
17,blocks.28.conv2,0.15656907856464386
17,blocks.29.conv1,0.1536366194486618
17,blocks.29.conv2,0.15324963629245758
17,blocks.30.conv1,0.16368895769119263
17,blocks.30.conv2,0.1601787507534027
17,blocks.31.conv1,0.14750626683235168
17,blocks.31.conv2,0.13862250745296478
17,mean_conv2d_grad_norm,0.12171506423216599
18,stem.0,0.1528376191854477
18,blocks.0.conv1,0.15584063529968262
18,blocks.0.conv2,0.14310742914676666
18,blocks.1.conv1,0.1322866678237915
18,blocks.1.conv2,0.12810514867305756
18,blocks.2.conv1,0.11239118874073029
18,blocks.2.conv2,0.09706117957830429
18,blocks.3.conv1,0.08283994346857071
18,blocks.3.conv2,0.07539994269609451
18,blocks.4.conv1,0.07206907123327255
18,blocks.4.conv2,0.07424561679363251
18,blocks.5.conv1,0.07809097319841385
18,blocks.5.conv2,0.07923317700624466
18,blocks.6.conv1,0.08127565681934357
18,blocks.6.conv2,0.0834091305732727
18,blocks.7.conv1,0.08596265316009521
18,blocks.7.conv2,0.08120246976613998
18,blocks.8.conv1,0.08822808414697647
18,blocks.8.conv2,0.08467888087034225
18,blocks.9.conv1,0.08388946950435638
18,blocks.9.conv2,0.08080988377332687
18,blocks.10.conv1,0.08086561411619186
18,blocks.10.conv2,0.08401176333427429
18,blocks.11.conv1,0.08297845721244812
18,blocks.11.conv2,0.08107075095176697
18,blocks.12.conv1,0.08220230787992477
18,blocks.12.conv2,0.08692660182714462
18,blocks.13.conv1,0.08685426414012909
18,blocks.13.conv2,0.08665615320205688
18,blocks.14.conv1,0.08337140083312988
18,blocks.14.conv2,0.08475112169981003
18,blocks.15.conv1,0.07982935011386871
18,blocks.15.conv2,0.07984694838523865
18,blocks.16.conv1,0.08036020398139954
18,blocks.16.conv2,0.08451906591653824
18,blocks.17.conv1,0.08768518269062042
18,blocks.17.conv2,0.08817221969366074
18,blocks.18.conv1,0.07873327285051346
18,blocks.18.conv2,0.07173314690589905
18,blocks.19.conv1,0.07091669738292694
18,blocks.19.conv2,0.07070223987102509
18,blocks.20.conv1,0.07077482342720032
18,blocks.20.conv2,0.07388714700937271
18,blocks.21.conv1,0.07792830467224121
18,blocks.21.conv2,0.08552185446023941
18,blocks.22.conv1,0.09395943582057953
18,blocks.22.conv2,0.10019350796937943
18,blocks.23.conv1,0.10009212791919708
18,blocks.23.conv2,0.10348689556121826
18,blocks.24.conv1,0.10802513360977173
18,blocks.24.conv2,0.11518444120883942
18,blocks.25.conv1,0.12775945663452148
18,blocks.25.conv2,0.13937054574489594
18,blocks.26.conv1,0.1494155079126358
18,blocks.26.conv2,0.14740842580795288
18,blocks.27.conv1,0.15668344497680664
18,blocks.27.conv2,0.14742864668369293
18,blocks.28.conv1,0.14148874580860138
18,blocks.28.conv2,0.14037294685840607
18,blocks.29.conv1,0.1406712830066681
18,blocks.29.conv2,0.1478903591632843
18,blocks.30.conv1,0.14038343727588654
18,blocks.30.conv2,0.14755065739154816
18,blocks.31.conv1,0.14562442898750305
18,blocks.31.conv2,0.16932079195976257
18,mean_conv2d_grad_norm,0.10239344514333285
19,stem.0,0.1605551838874817
19,blocks.0.conv1,0.16697190701961517
19,blocks.0.conv2,0.15546415746212006
19,blocks.1.conv1,0.1393159031867981
19,blocks.1.conv2,0.1325920969247818
19,blocks.2.conv1,0.11525033414363861
19,blocks.2.conv2,0.1023939996957779
19,blocks.3.conv1,0.091642826795578
19,blocks.3.conv2,0.08961830288171768
19,blocks.4.conv1,0.08296741545200348
19,blocks.4.conv2,0.08926176279783249
19,blocks.5.conv1,0.09139517694711685
19,blocks.5.conv2,0.08954735100269318
19,blocks.6.conv1,0.09349268674850464
19,blocks.6.conv2,0.09062457084655762
19,blocks.7.conv1,0.08843276649713516
19,blocks.7.conv2,0.08950651437044144
19,blocks.8.conv1,0.0915200412273407
19,blocks.8.conv2,0.08873554319143295
19,blocks.9.conv1,0.09168943017721176
19,blocks.9.conv2,0.08528492599725723
19,blocks.10.conv1,0.08922900259494781
19,blocks.10.conv2,0.08875539153814316
19,blocks.11.conv1,0.08812432736158371
19,blocks.11.conv2,0.08887831121683121
19,blocks.12.conv1,0.09102056920528412
19,blocks.12.conv2,0.09397509694099426
19,blocks.13.conv1,0.096131332218647
19,blocks.13.conv2,0.09521397203207016
19,blocks.14.conv1,0.09329304099082947
19,blocks.14.conv2,0.09138299524784088
19,blocks.15.conv1,0.09390618652105331
19,blocks.15.conv2,0.094106025993824
19,blocks.16.conv1,0.10276266187429428
19,blocks.16.conv2,0.09824793040752411
19,blocks.17.conv1,0.10053237527608871
19,blocks.17.conv2,0.09912243485450745
19,blocks.18.conv1,0.09889879077672958
19,blocks.18.conv2,0.09241874516010284
19,blocks.19.conv1,0.09523846954107285
19,blocks.19.conv2,0.09282263368368149
19,blocks.20.conv1,0.0948781818151474
19,blocks.20.conv2,0.09586604684591293
19,blocks.21.conv1,0.0987977609038353
19,blocks.21.conv2,0.10930372029542923
19,blocks.22.conv1,0.11677022278308868
19,blocks.22.conv2,0.12522602081298828
19,blocks.23.conv1,0.13479852676391602
19,blocks.23.conv2,0.13478051126003265
19,blocks.24.conv1,0.14900925755500793
19,blocks.24.conv2,0.1643989533185959
19,blocks.25.conv1,0.18335962295532227
19,blocks.25.conv2,0.19376470148563385
19,blocks.26.conv1,0.2150382548570633
19,blocks.26.conv2,0.22369854152202606
19,blocks.27.conv1,0.23604141175746918
19,blocks.27.conv2,0.24189746379852295
19,blocks.28.conv1,0.23046401143074036
19,blocks.28.conv2,0.22196030616760254
19,blocks.29.conv1,0.21509040892124176
19,blocks.29.conv2,0.20975272357463837
19,blocks.30.conv1,0.22513112425804138
19,blocks.30.conv2,0.20926907658576965
19,blocks.31.conv1,0.18824848532676697
19,blocks.31.conv2,0.18248246610164642
19,mean_conv2d_grad_norm,0.12785155371977733
20,stem.0,0.15472672879695892
20,blocks.0.conv1,0.2036435604095459
20,blocks.0.conv2,0.1769140064716339
20,blocks.1.conv1,0.15766705572605133
20,blocks.1.conv2,0.14066366851329803
20,blocks.2.conv1,0.11790715157985687
20,blocks.2.conv2,0.10043423622846603
20,blocks.3.conv1,0.0961761623620987
20,blocks.3.conv2,0.09162800014019012
20,blocks.4.conv1,0.08762561529874802
20,blocks.4.conv2,0.09111849963665009
20,blocks.5.conv1,0.0861627534031868
20,blocks.5.conv2,0.10295596718788147
20,blocks.6.conv1,0.09931681305170059
20,blocks.6.conv2,0.09865085780620575
20,blocks.7.conv1,0.09064363688230515
20,blocks.7.conv2,0.09705718606710434
20,blocks.8.conv1,0.1058749184012413
20,blocks.8.conv2,0.10273562371730804
20,blocks.9.conv1,0.10379043966531754
20,blocks.9.conv2,0.10070046037435532
20,blocks.10.conv1,0.100633904337883
20,blocks.10.conv2,0.10355482995510101
20,blocks.11.conv1,0.11238764971494675
20,blocks.11.conv2,0.10709623992443085
20,blocks.12.conv1,0.1104080006480217
20,blocks.12.conv2,0.11818786710500717
20,blocks.13.conv1,0.1168287917971611
20,blocks.13.conv2,0.11220397800207138
20,blocks.14.conv1,0.11229511350393295
20,blocks.14.conv2,0.11505408585071564
20,blocks.15.conv1,0.11241497099399567
20,blocks.15.conv2,0.11443202942609787
20,blocks.16.conv1,0.1104932576417923
20,blocks.16.conv2,0.10635063052177429
20,blocks.17.conv1,0.10437755286693573
20,blocks.17.conv2,0.10496662557125092
20,blocks.18.conv1,0.10125122219324112
20,blocks.18.conv2,0.09862441569566727
20,blocks.19.conv1,0.0914963036775589
20,blocks.19.conv2,0.096307173371315
20,blocks.20.conv1,0.09661244601011276
20,blocks.20.conv2,0.10735207051038742
20,blocks.21.conv1,0.1090848371386528
20,blocks.21.conv2,0.11257386207580566
20,blocks.22.conv1,0.12530694901943207
20,blocks.22.conv2,0.13052424788475037
20,blocks.23.conv1,0.12913604080677032
20,blocks.23.conv2,0.13358381390571594
20,blocks.24.conv1,0.14104031026363373
20,blocks.24.conv2,0.14978055655956268
20,blocks.25.conv1,0.161673441529274
20,blocks.25.conv2,0.16514331102371216
20,blocks.26.conv1,0.1765451431274414
20,blocks.26.conv2,0.17798203229904175
20,blocks.27.conv1,0.17974743247032166
20,blocks.27.conv2,0.19450227916240692
20,blocks.28.conv1,0.19625379145145416
20,blocks.28.conv2,0.1907644122838974
20,blocks.29.conv1,0.18848775327205658
20,blocks.29.conv2,0.1836804747581482
20,blocks.30.conv1,0.17444920539855957
20,blocks.30.conv2,0.1718020737171173
20,blocks.31.conv1,0.16577744483947754
20,blocks.31.conv2,0.16004371643066406
20,mean_conv2d_grad_norm,0.12734777893011387
21,stem.0,0.14034228026866913
21,blocks.0.conv1,0.15996654331684113
21,blocks.0.conv2,0.14990675449371338
21,blocks.1.conv1,0.13636769354343414
21,blocks.1.conv2,0.1249135285615921
21,blocks.2.conv1,0.11278659105300903
21,blocks.2.conv2,0.09902194887399673
21,blocks.3.conv1,0.10103005170822144
21,blocks.3.conv2,0.08944524824619293
21,blocks.4.conv1,0.09131116420030594
21,blocks.4.conv2,0.08379089087247849
21,blocks.5.conv1,0.08461090922355652
21,blocks.5.conv2,0.08885395526885986
21,blocks.6.conv1,0.09009299427270889
21,blocks.6.conv2,0.0942024365067482
21,blocks.7.conv1,0.09811709076166153
21,blocks.7.conv2,0.10459404438734055
21,blocks.8.conv1,0.09814465790987015
21,blocks.8.conv2,0.09818190336227417
21,blocks.9.conv1,0.10309215635061264
21,blocks.9.conv2,0.10191187262535095
21,blocks.10.conv1,0.10187504440546036
21,blocks.10.conv2,0.10371875017881393
21,blocks.11.conv1,0.10353680700063705
21,blocks.11.conv2,0.10339753329753876
21,blocks.12.conv1,0.09811308979988098
21,blocks.12.conv2,0.10025664418935776
21,blocks.13.conv1,0.1023431047797203
21,blocks.13.conv2,0.10096009820699692
21,blocks.14.conv1,0.10218238085508347
21,blocks.14.conv2,0.09943989664316177
21,blocks.15.conv1,0.09725112468004227
21,blocks.15.conv2,0.10247433185577393
21,blocks.16.conv1,0.10395000874996185
21,blocks.16.conv2,0.10277171432971954
21,blocks.17.conv1,0.10063845664262772
21,blocks.17.conv2,0.10019207745790482
21,blocks.18.conv1,0.09861060976982117
21,blocks.18.conv2,0.09134300798177719
21,blocks.19.conv1,0.09179491549730301
21,blocks.19.conv2,0.09378552436828613
21,blocks.20.conv1,0.08968957513570786
21,blocks.20.conv2,0.09379371255636215
21,blocks.21.conv1,0.09990791231393814
21,blocks.21.conv2,0.10634557157754898
21,blocks.22.conv1,0.11844916641712189
21,blocks.22.conv2,0.12606769800186157
21,blocks.23.conv1,0.13444483280181885
21,blocks.23.conv2,0.1402614414691925
21,blocks.24.conv1,0.14327062666416168
21,blocks.24.conv2,0.14924708008766174
21,blocks.25.conv1,0.1583895981311798
21,blocks.25.conv2,0.16530099511146545
21,blocks.26.conv1,0.18010567128658295
21,blocks.26.conv2,0.18001967668533325
21,blocks.27.conv1,0.19103290140628815
21,blocks.27.conv2,0.19077502191066742
21,blocks.28.conv1,0.18357901275157928
21,blocks.28.conv2,0.17347724735736847
21,blocks.29.conv1,0.16695134341716766
21,blocks.29.conv2,0.16961443424224854
21,blocks.30.conv1,0.16639094054698944
21,blocks.30.conv2,0.15914060175418854
21,blocks.31.conv1,0.14765173196792603
21,blocks.31.conv2,0.1419753134250641
21,mean_conv2d_grad_norm,0.12038772220794972
22,stem.0,0.13083530962467194
22,blocks.0.conv1,0.15724705159664154
22,blocks.0.conv2,0.16454152762889862
22,blocks.1.conv1,0.13691240549087524
22,blocks.1.conv2,0.13288551568984985
22,blocks.2.conv1,0.10986839979887009
22,blocks.2.conv2,0.08934836089611053
22,blocks.3.conv1,0.07518863677978516
22,blocks.3.conv2,0.06971555203199387
22,blocks.4.conv1,0.06448611617088318
22,blocks.4.conv2,0.06652244180440903
22,blocks.5.conv1,0.06723324954509735
22,blocks.5.conv2,0.07068721950054169
22,blocks.6.conv1,0.07563503086566925
22,blocks.6.conv2,0.07294829934835434
22,blocks.7.conv1,0.07300828397274017
22,blocks.7.conv2,0.07643425464630127
22,blocks.8.conv1,0.07328362762928009
22,blocks.8.conv2,0.0731673538684845
22,blocks.9.conv1,0.07406686991453171
22,blocks.9.conv2,0.07865732163190842
22,blocks.10.conv1,0.07513757795095444
22,blocks.10.conv2,0.07509923726320267
22,blocks.11.conv1,0.0746496319770813
22,blocks.11.conv2,0.07553824782371521
22,blocks.12.conv1,0.07816030085086823
22,blocks.12.conv2,0.07526914775371552
22,blocks.13.conv1,0.0758846178650856
22,blocks.13.conv2,0.07721637189388275
22,blocks.14.conv1,0.07482682913541794
22,blocks.14.conv2,0.08465500921010971
22,blocks.15.conv1,0.08199135214090347
22,blocks.15.conv2,0.08259662240743637
22,blocks.16.conv1,0.07919234037399292
22,blocks.16.conv2,0.07868847250938416
22,blocks.17.conv1,0.0767122358083725
22,blocks.17.conv2,0.07951325178146362
22,blocks.18.conv1,0.08183290809392929
22,blocks.18.conv2,0.07976577430963516
22,blocks.19.conv1,0.08107518404722214
22,blocks.19.conv2,0.07992851734161377
22,blocks.20.conv1,0.08414710313081741
22,blocks.20.conv2,0.08894918113946915
22,blocks.21.conv1,0.09494273364543915
22,blocks.21.conv2,0.10446030646562576
22,blocks.22.conv1,0.10728245973587036
22,blocks.22.conv2,0.11555478721857071
22,blocks.23.conv1,0.11897409707307816
22,blocks.23.conv2,0.12858349084854126
22,blocks.24.conv1,0.1397608071565628
22,blocks.24.conv2,0.15011492371559143
22,blocks.25.conv1,0.15220849215984344
22,blocks.25.conv2,0.1713881492614746
22,blocks.26.conv1,0.18456478416919708
22,blocks.26.conv2,0.1863042563199997
22,blocks.27.conv1,0.1899651288986206
22,blocks.27.conv2,0.2009355127811432
22,blocks.28.conv1,0.19135965406894684
22,blocks.28.conv2,0.17198489606380463
22,blocks.29.conv1,0.16527049243450165
22,blocks.29.conv2,0.16726410388946533
22,blocks.30.conv1,0.18401944637298584
22,blocks.30.conv2,0.18315574526786804
22,blocks.31.conv1,0.1706736534833908
22,blocks.31.conv2,0.17671775817871094
22,mean_conv2d_grad_norm,0.1096767449608216
23,stem.0,0.1454114466905594
23,blocks.0.conv1,0.16902001202106476
23,blocks.0.conv2,0.1632215529680252
23,blocks.1.conv1,0.15117597579956055
23,blocks.1.conv2,0.14753103256225586
23,blocks.2.conv1,0.13129682838916779
23,blocks.2.conv2,0.10046359151601791
23,blocks.3.conv1,0.08923996239900589
23,blocks.3.conv2,0.08696212619543076
23,blocks.4.conv1,0.08371355384588242
23,blocks.4.conv2,0.08763415366411209
23,blocks.5.conv1,0.09683599323034286
23,blocks.5.conv2,0.09495282918214798
23,blocks.6.conv1,0.10427286475896835
23,blocks.6.conv2,0.09954582899808884
23,blocks.7.conv1,0.09379974007606506
23,blocks.7.conv2,0.10172582417726517
23,blocks.8.conv1,0.0955134928226471
23,blocks.8.conv2,0.09644852578639984
23,blocks.9.conv1,0.09611749649047852
23,blocks.9.conv2,0.08913325518369675
23,blocks.10.conv1,0.09086364507675171
23,blocks.10.conv2,0.09023700654506683
23,blocks.11.conv1,0.09379829466342926
23,blocks.11.conv2,0.092331662774086
23,blocks.12.conv1,0.09123972803354263
23,blocks.12.conv2,0.09106960147619247
23,blocks.13.conv1,0.09086908400058746
23,blocks.13.conv2,0.09336721152067184
23,blocks.14.conv1,0.08959051221609116
23,blocks.14.conv2,0.09177123755216599
23,blocks.15.conv1,0.09648239612579346
23,blocks.15.conv2,0.09588681161403656
23,blocks.16.conv1,0.09480999410152435
23,blocks.16.conv2,0.097482830286026
23,blocks.17.conv1,0.0965965986251831
23,blocks.17.conv2,0.09377513825893402
23,blocks.18.conv1,0.0878559798002243
23,blocks.18.conv2,0.08811378479003906
23,blocks.19.conv1,0.089592345058918
23,blocks.19.conv2,0.09274391084909439
23,blocks.20.conv1,0.09336517006158829
23,blocks.20.conv2,0.09688995778560638
23,blocks.21.conv1,0.10689789056777954
23,blocks.21.conv2,0.11714768409729004
23,blocks.22.conv1,0.12214286625385284
23,blocks.22.conv2,0.12993726134300232
23,blocks.23.conv1,0.1379048228263855
23,blocks.23.conv2,0.13838616013526917
23,blocks.24.conv1,0.16327719390392303
23,blocks.24.conv2,0.1770409345626831
23,blocks.25.conv1,0.18542559444904327
23,blocks.25.conv2,0.20213408768177032
23,blocks.26.conv1,0.2124471813440323
23,blocks.26.conv2,0.2171105295419693
23,blocks.27.conv1,0.22633172571659088
23,blocks.27.conv2,0.21363747119903564
23,blocks.28.conv1,0.20088011026382446
23,blocks.28.conv2,0.19241094589233398
23,blocks.29.conv1,0.19790275394916534
23,blocks.29.conv2,0.19637182354927063
23,blocks.30.conv1,0.1870334893465042
23,blocks.30.conv2,0.19431525468826294
23,blocks.31.conv1,0.18873891234397888
23,blocks.31.conv2,0.18993502855300903
23,mean_conv2d_grad_norm,0.12707936477202636
24,stem.0,0.10777539014816284
24,blocks.0.conv1,0.14136260747909546
24,blocks.0.conv2,0.13346455991268158
24,blocks.1.conv1,0.11828099191188812
24,blocks.1.conv2,0.10046355426311493
24,blocks.2.conv1,0.087132528424263
24,blocks.2.conv2,0.07263580709695816
24,blocks.3.conv1,0.06666934490203857
24,blocks.3.conv2,0.06404764205217361
24,blocks.4.conv1,0.06402797996997833
24,blocks.4.conv2,0.06160133704543114
24,blocks.5.conv1,0.06254363805055618
24,blocks.5.conv2,0.06274812668561935
24,blocks.6.conv1,0.06836078315973282
24,blocks.6.conv2,0.07129956781864166
24,blocks.7.conv1,0.06710213422775269
24,blocks.7.conv2,0.07117272913455963
24,blocks.8.conv1,0.06779275089502335
24,blocks.8.conv2,0.06512774527072906
24,blocks.9.conv1,0.0635627806186676
24,blocks.9.conv2,0.062316540628671646
24,blocks.10.conv1,0.06310762465000153
24,blocks.10.conv2,0.06256848573684692
24,blocks.11.conv1,0.0649280846118927
24,blocks.11.conv2,0.06626425683498383
24,blocks.12.conv1,0.06814131885766983
24,blocks.12.conv2,0.06797385960817337
24,blocks.13.conv1,0.0723588764667511
24,blocks.13.conv2,0.07056958973407745
24,blocks.14.conv1,0.07098608464002609
24,blocks.14.conv2,0.07224048674106598
24,blocks.15.conv1,0.07266584783792496
24,blocks.15.conv2,0.07401982694864273
24,blocks.16.conv1,0.07454253733158112
24,blocks.16.conv2,0.0720081478357315
24,blocks.17.conv1,0.07338520139455795
24,blocks.17.conv2,0.07380885630846024
24,blocks.18.conv1,0.06887045502662659
24,blocks.18.conv2,0.0700855553150177
24,blocks.19.conv1,0.06958086043596268
24,blocks.19.conv2,0.0673709437251091
24,blocks.20.conv1,0.06954877078533173
24,blocks.20.conv2,0.07279197871685028
24,blocks.21.conv1,0.07899881154298782
24,blocks.21.conv2,0.08276934176683426
24,blocks.22.conv1,0.08509917557239532
24,blocks.22.conv2,0.09255557507276535
24,blocks.23.conv1,0.10049425810575485
24,blocks.23.conv2,0.10523857176303864
24,blocks.24.conv1,0.11360181868076324
24,blocks.24.conv2,0.1173422709107399
24,blocks.25.conv1,0.11832359433174133
24,blocks.25.conv2,0.12519007921218872
24,blocks.26.conv1,0.1347801685333252
24,blocks.26.conv2,0.14921371638774872
24,blocks.27.conv1,0.15663845837116241
24,blocks.27.conv2,0.1607581526041031
24,blocks.28.conv1,0.16186459362506866
24,blocks.28.conv2,0.15909093618392944
24,blocks.29.conv1,0.161862313747406
24,blocks.29.conv2,0.16166307032108307
24,blocks.30.conv1,0.1683352142572403
24,blocks.30.conv2,0.15833306312561035
24,blocks.31.conv1,0.1535237729549408
24,blocks.31.conv2,0.14407631754875183
24,mean_conv2d_grad_norm,0.09395476098244007
25,stem.0,0.08918700367212296
25,blocks.0.conv1,0.12709075212478638
25,blocks.0.conv2,0.12499351799488068
25,blocks.1.conv1,0.11377725750207901
25,blocks.1.conv2,0.10574508458375931
25,blocks.2.conv1,0.0946892648935318
25,blocks.2.conv2,0.07992511987686157
25,blocks.3.conv1,0.07058355957269669
25,blocks.3.conv2,0.0676552951335907
25,blocks.4.conv1,0.0640183761715889
25,blocks.4.conv2,0.06371816247701645
25,blocks.5.conv1,0.06156357377767563
25,blocks.5.conv2,0.06293714791536331
25,blocks.6.conv1,0.06721094250679016
25,blocks.6.conv2,0.06556879729032516
25,blocks.7.conv1,0.06442698836326599
25,blocks.7.conv2,0.06328444927930832
25,blocks.8.conv1,0.06338276714086533
25,blocks.8.conv2,0.061849258840084076
25,blocks.9.conv1,0.06031757593154907
25,blocks.9.conv2,0.05911591276526451
25,blocks.10.conv1,0.058680497109889984
25,blocks.10.conv2,0.0611422024667263
25,blocks.11.conv1,0.06279004365205765
25,blocks.11.conv2,0.06489373743534088
25,blocks.12.conv1,0.06840820610523224
25,blocks.12.conv2,0.07112712413072586
25,blocks.13.conv1,0.07124137133359909
25,blocks.13.conv2,0.0697515606880188
25,blocks.14.conv1,0.06802614778280258
25,blocks.14.conv2,0.06719914823770523
25,blocks.15.conv1,0.06917255371809006
25,blocks.15.conv2,0.0709417387843132
25,blocks.16.conv1,0.07295013219118118
25,blocks.16.conv2,0.07455185055732727
25,blocks.17.conv1,0.07590994983911514
25,blocks.17.conv2,0.0780615508556366
25,blocks.18.conv1,0.0766444206237793
25,blocks.18.conv2,0.07731863856315613
25,blocks.19.conv1,0.0766194686293602
25,blocks.19.conv2,0.0798247829079628
25,blocks.20.conv1,0.0854550302028656
25,blocks.20.conv2,0.08986411988735199
25,blocks.21.conv1,0.09580448269844055
25,blocks.21.conv2,0.10375391691923141
25,blocks.22.conv1,0.10543742775917053
25,blocks.22.conv2,0.11168254166841507
25,blocks.23.conv1,0.11269517987966537
25,blocks.23.conv2,0.12295425683259964
25,blocks.24.conv1,0.1292717307806015
25,blocks.24.conv2,0.13635163009166718
25,blocks.25.conv1,0.14978374540805817
25,blocks.25.conv2,0.16124707460403442
25,blocks.26.conv1,0.16297763586044312
25,blocks.26.conv2,0.17025193572044373
25,blocks.27.conv1,0.18662089109420776
25,blocks.27.conv2,0.1768646538257599
25,blocks.28.conv1,0.18082554638385773
25,blocks.28.conv2,0.16794581711292267
25,blocks.29.conv1,0.16899874806404114
25,blocks.29.conv2,0.1689525544643402
25,blocks.30.conv1,0.16426534950733185
25,blocks.30.conv2,0.15228071808815002
25,blocks.31.conv1,0.13824720680713654
25,blocks.31.conv2,0.13763943314552307
25,mean_conv2d_grad_norm,0.09886873169587208
26,stem.0,0.17949026823043823
26,blocks.0.conv1,0.17384524643421173
26,blocks.0.conv2,0.17864994704723358
26,blocks.1.conv1,0.14953818917274475
26,blocks.1.conv2,0.13529466092586517
26,blocks.2.conv1,0.11459021270275116
26,blocks.2.conv2,0.10558385401964188
26,blocks.3.conv1,0.09811797738075256
26,blocks.3.conv2,0.0982685387134552
26,blocks.4.conv1,0.08923807740211487
26,blocks.4.conv2,0.08764516562223434
26,blocks.5.conv1,0.08247198164463043
26,blocks.5.conv2,0.08395226299762726
26,blocks.6.conv1,0.09115741401910782
26,blocks.6.conv2,0.09717044979333878
26,blocks.7.conv1,0.08989991992712021
26,blocks.7.conv2,0.0908849686384201
26,blocks.8.conv1,0.08810896426439285
26,blocks.8.conv2,0.08811155706644058
26,blocks.9.conv1,0.09069803357124329
26,blocks.9.conv2,0.09383123368024826
26,blocks.10.conv1,0.09136601537466049
26,blocks.10.conv2,0.0845530554652214
26,blocks.11.conv1,0.08898589760065079
26,blocks.11.conv2,0.09800872206687927
26,blocks.12.conv1,0.10711237788200378
26,blocks.12.conv2,0.10931243002414703
26,blocks.13.conv1,0.10339203476905823
26,blocks.13.conv2,0.10104934126138687
26,blocks.14.conv1,0.10449213534593582
26,blocks.14.conv2,0.10860404372215271
26,blocks.15.conv1,0.10845879465341568
26,blocks.15.conv2,0.11088647693395615
26,blocks.16.conv1,0.11202650517225266
26,blocks.16.conv2,0.10903940349817276
26,blocks.17.conv1,0.1096753478050232
26,blocks.17.conv2,0.1097702607512474
26,blocks.18.conv1,0.10905268788337708
26,blocks.18.conv2,0.1056663915514946
26,blocks.19.conv1,0.10754567384719849
26,blocks.19.conv2,0.10613904893398285
26,blocks.20.conv1,0.10839337855577469
26,blocks.20.conv2,0.10580466687679291
26,blocks.21.conv1,0.11187256872653961
26,blocks.21.conv2,0.11609314382076263
26,blocks.22.conv1,0.11728974431753159
26,blocks.22.conv2,0.12284021824598312
26,blocks.23.conv1,0.12891121208667755
26,blocks.23.conv2,0.1385253518819809
26,blocks.24.conv1,0.15051409602165222
26,blocks.24.conv2,0.1619262993335724
26,blocks.25.conv1,0.17675350606441498
26,blocks.25.conv2,0.18583688139915466
26,blocks.26.conv1,0.1932889074087143
26,blocks.26.conv2,0.199612557888031
26,blocks.27.conv1,0.20771151781082153
26,blocks.27.conv2,0.21167568862438202
26,blocks.28.conv1,0.20103345811367035
26,blocks.28.conv2,0.18748535215854645
26,blocks.29.conv1,0.19378942251205444
26,blocks.29.conv2,0.18686744570732117
26,blocks.30.conv1,0.1868271678686142
26,blocks.30.conv2,0.18466883897781372
26,blocks.31.conv1,0.17754781246185303
26,blocks.31.conv2,0.1708989441394806
26,mean_conv2d_grad_norm,0.12796698075074417
27,stem.0,0.20001207292079926
27,blocks.0.conv1,0.17810402810573578
27,blocks.0.conv2,0.17142535746097565
27,blocks.1.conv1,0.1538204550743103
27,blocks.1.conv2,0.13442212343215942
27,blocks.2.conv1,0.10548057407140732
27,blocks.2.conv2,0.08748149126768112
27,blocks.3.conv1,0.08172307163476944
27,blocks.3.conv2,0.07362257689237595
27,blocks.4.conv1,0.06547756493091583
27,blocks.4.conv2,0.06644826382398605
27,blocks.5.conv1,0.06482907384634018
27,blocks.5.conv2,0.06400591135025024
27,blocks.6.conv1,0.06702899187803268
27,blocks.6.conv2,0.06504786759614944
27,blocks.7.conv1,0.06619061529636383
27,blocks.7.conv2,0.06681567430496216
27,blocks.8.conv1,0.07389732450246811
27,blocks.8.conv2,0.07397419214248657
27,blocks.9.conv1,0.07491166889667511
27,blocks.9.conv2,0.0729917660355568
27,blocks.10.conv1,0.07028353214263916
27,blocks.10.conv2,0.0673309788107872
27,blocks.11.conv1,0.06840427964925766
27,blocks.11.conv2,0.07344494760036469
27,blocks.12.conv1,0.07089518755674362
27,blocks.12.conv2,0.07509138435125351
27,blocks.13.conv1,0.07046984881162643
27,blocks.13.conv2,0.07181713730096817
27,blocks.14.conv1,0.06970927864313126
27,blocks.14.conv2,0.07126125693321228
27,blocks.15.conv1,0.07636565715074539
27,blocks.15.conv2,0.08120539784431458
27,blocks.16.conv1,0.08738340437412262
27,blocks.16.conv2,0.08833618462085724
27,blocks.17.conv1,0.08698633313179016
27,blocks.17.conv2,0.08939913660287857
27,blocks.18.conv1,0.08116272836923599
27,blocks.18.conv2,0.07925169169902802
27,blocks.19.conv1,0.07908826321363449
27,blocks.19.conv2,0.07822054624557495
27,blocks.20.conv1,0.08096639066934586
27,blocks.20.conv2,0.08258379995822906
27,blocks.21.conv1,0.09031154960393906
27,blocks.21.conv2,0.09710957854986191
27,blocks.22.conv1,0.09874488413333893
27,blocks.22.conv2,0.10587320476770401
27,blocks.23.conv1,0.10602903366088867
27,blocks.23.conv2,0.11662551015615463
27,blocks.24.conv1,0.12302879989147186
27,blocks.24.conv2,0.13134980201721191
27,blocks.25.conv1,0.14067412912845612
27,blocks.25.conv2,0.14167040586471558
27,blocks.26.conv1,0.1457415372133255
27,blocks.26.conv2,0.14699029922485352
27,blocks.27.conv1,0.15096014738082886
27,blocks.27.conv2,0.15040360391139984
27,blocks.28.conv1,0.14110906422138214
27,blocks.28.conv2,0.13700009882450104
27,blocks.29.conv1,0.1346048265695572
27,blocks.29.conv2,0.14028117060661316
27,blocks.30.conv1,0.13774217665195465
27,blocks.30.conv2,0.1293918788433075
27,blocks.31.conv1,0.12244178354740143
27,blocks.31.conv2,0.10761995613574982
27,mean_conv2d_grad_norm,0.10004725341613475
28,stem.0,0.12371296435594559
28,blocks.0.conv1,0.16009929776191711
28,blocks.0.conv2,0.14270223677158356
28,blocks.1.conv1,0.12077361345291138
28,blocks.1.conv2,0.10876811295747757
28,blocks.2.conv1,0.09841208159923553
28,blocks.2.conv2,0.08402245491743088
28,blocks.3.conv1,0.07720088213682175
28,blocks.3.conv2,0.07252323627471924
28,blocks.4.conv1,0.06667865067720413
28,blocks.4.conv2,0.06395572423934937
28,blocks.5.conv1,0.06367874145507812
28,blocks.5.conv2,0.06163410842418671
28,blocks.6.conv1,0.06399527937173843
28,blocks.6.conv2,0.06168004870414734
28,blocks.7.conv1,0.06174888834357262
28,blocks.7.conv2,0.06144038587808609
28,blocks.8.conv1,0.0627809539437294
28,blocks.8.conv2,0.061812229454517365
28,blocks.9.conv1,0.06188351660966873
28,blocks.9.conv2,0.05913424864411354
28,blocks.10.conv1,0.06300117820501328
28,blocks.10.conv2,0.06301037967205048
28,blocks.11.conv1,0.0632488951086998
28,blocks.11.conv2,0.06897474825382233
28,blocks.12.conv1,0.06795359402894974
28,blocks.12.conv2,0.07061988115310669
28,blocks.13.conv1,0.06931295990943909
28,blocks.13.conv2,0.06851733475923538
28,blocks.14.conv1,0.06870803236961365
28,blocks.14.conv2,0.07028421759605408
28,blocks.15.conv1,0.07475186884403229
28,blocks.15.conv2,0.07376343011856079
28,blocks.16.conv1,0.08183944970369339
28,blocks.16.conv2,0.07841784507036209
28,blocks.17.conv1,0.0789017304778099
28,blocks.17.conv2,0.07814103364944458
28,blocks.18.conv1,0.07589398324489594
28,blocks.18.conv2,0.07528482377529144
28,blocks.19.conv1,0.07717911154031754
28,blocks.19.conv2,0.07611094415187836
28,blocks.20.conv1,0.07801051437854767
28,blocks.20.conv2,0.07857050746679306
28,blocks.21.conv1,0.08489038795232773
28,blocks.21.conv2,0.0869552493095398
28,blocks.22.conv1,0.08872998505830765
28,blocks.22.conv2,0.09591823071241379
28,blocks.23.conv1,0.0992070734500885
28,blocks.23.conv2,0.10744115710258484
28,blocks.24.conv1,0.11594746261835098
28,blocks.24.conv2,0.12438585609197617
28,blocks.25.conv1,0.12835130095481873
28,blocks.25.conv2,0.13467466831207275
28,blocks.26.conv1,0.15401045978069305
28,blocks.26.conv2,0.15786738693714142
28,blocks.27.conv1,0.16243304312229156
28,blocks.27.conv2,0.17330655455589294
28,blocks.28.conv1,0.1684892773628235
28,blocks.28.conv2,0.16379886865615845
28,blocks.29.conv1,0.16535229980945587
28,blocks.29.conv2,0.16770191490650177
28,blocks.30.conv1,0.1741352081298828
28,blocks.30.conv2,0.1706387847661972
28,blocks.31.conv1,0.16939857602119446
28,blocks.31.conv2,0.16478772461414337
28,mean_conv2d_grad_norm,0.09842393214886005
29,stem.0,0.1286851465702057
29,blocks.0.conv1,0.19226452708244324
29,blocks.0.conv2,0.19902871549129486
29,blocks.1.conv1,0.18150775134563446
29,blocks.1.conv2,0.16804325580596924
29,blocks.2.conv1,0.1441686898469925
29,blocks.2.conv2,0.1111285537481308
29,blocks.3.conv1,0.09519265592098236
29,blocks.3.conv2,0.08526557683944702
29,blocks.4.conv1,0.07501370459794998
29,blocks.4.conv2,0.07944119721651077
29,blocks.5.conv1,0.08114271610975266
29,blocks.5.conv2,0.08238495141267776
29,blocks.6.conv1,0.08808817714452744
29,blocks.6.conv2,0.0893348827958107
29,blocks.7.conv1,0.08434253185987473
29,blocks.7.conv2,0.08882081508636475
29,blocks.8.conv1,0.0873747393488884
29,blocks.8.conv2,0.08780962228775024
29,blocks.9.conv1,0.0868556946516037
29,blocks.9.conv2,0.08324312418699265
29,blocks.10.conv1,0.08003254979848862
29,blocks.10.conv2,0.08031729608774185
29,blocks.11.conv1,0.08435440808534622
29,blocks.11.conv2,0.08452925086021423
29,blocks.12.conv1,0.08798588812351227
29,blocks.12.conv2,0.09028313308954239
29,blocks.13.conv1,0.09243486076593399
29,blocks.13.conv2,0.09674201905727386
29,blocks.14.conv1,0.09350153058767319
29,blocks.14.conv2,0.09747084975242615
29,blocks.15.conv1,0.09210556000471115
29,blocks.15.conv2,0.09617403894662857
29,blocks.16.conv1,0.10077617317438126
29,blocks.16.conv2,0.10055291652679443
29,blocks.17.conv1,0.0994623526930809
29,blocks.17.conv2,0.09863310307264328
29,blocks.18.conv1,0.09508645534515381
29,blocks.18.conv2,0.09134691953659058
29,blocks.19.conv1,0.09267611056566238
29,blocks.19.conv2,0.09323032945394516
29,blocks.20.conv1,0.09807843714952469
29,blocks.20.conv2,0.10060662031173706
29,blocks.21.conv1,0.11297607421875
29,blocks.21.conv2,0.12364084273576736
29,blocks.22.conv1,0.13402430713176727
29,blocks.22.conv2,0.1549810916185379
29,blocks.23.conv1,0.16754722595214844
29,blocks.23.conv2,0.17694373428821564
29,blocks.24.conv1,0.17709201574325562
29,blocks.24.conv2,0.1874803900718689
29,blocks.25.conv1,0.19703714549541473
29,blocks.25.conv2,0.22073782980442047
29,blocks.26.conv1,0.2333027422428131
29,blocks.26.conv2,0.23690764605998993
29,blocks.27.conv1,0.23356221616268158
29,blocks.27.conv2,0.24318380653858185
29,blocks.28.conv1,0.23611058294773102
29,blocks.28.conv2,0.22991836071014404
29,blocks.29.conv1,0.22379308938980103
29,blocks.29.conv2,0.23744484782218933
29,blocks.30.conv1,0.23367531597614288
29,blocks.30.conv2,0.2199028879404068
29,blocks.31.conv1,0.20251615345478058
29,blocks.31.conv2,0.17778173089027405
29,mean_conv2d_grad_norm,0.1342473518389922
30,stem.0,0.13530872762203217
30,blocks.0.conv1,0.1724875271320343
30,blocks.0.conv2,0.17846843600273132
30,blocks.1.conv1,0.16168849170207977
30,blocks.1.conv2,0.13775555789470673
30,blocks.2.conv1,0.1289815604686737
30,blocks.2.conv2,0.11178165674209595
30,blocks.3.conv1,0.10026822239160538
30,blocks.3.conv2,0.08988714218139648
30,blocks.4.conv1,0.07848883420228958
30,blocks.4.conv2,0.08121403306722641
30,blocks.5.conv1,0.07970387488603592
30,blocks.5.conv2,0.07978831976652145
30,blocks.6.conv1,0.08491026610136032
30,blocks.6.conv2,0.08167197555303574
30,blocks.7.conv1,0.08062683790922165
30,blocks.7.conv2,0.08382884413003922
30,blocks.8.conv1,0.07919295132160187
30,blocks.8.conv2,0.07944971323013306
30,blocks.9.conv1,0.07919123023748398
30,blocks.9.conv2,0.07866095751523972
30,blocks.10.conv1,0.07738126814365387
30,blocks.10.conv2,0.07627348601818085
30,blocks.11.conv1,0.08023651689291
30,blocks.11.conv2,0.0809660330414772
30,blocks.12.conv1,0.08406440168619156
30,blocks.12.conv2,0.0807512179017067
30,blocks.13.conv1,0.08392324298620224
30,blocks.13.conv2,0.08144740760326385
30,blocks.14.conv1,0.083767369389534
30,blocks.14.conv2,0.08310269564390182
30,blocks.15.conv1,0.08319444954395294
30,blocks.15.conv2,0.08865846693515778
30,blocks.16.conv1,0.08892763406038284
30,blocks.16.conv2,0.09375014901161194
30,blocks.17.conv1,0.0874936655163765
30,blocks.17.conv2,0.08852928876876831
30,blocks.18.conv1,0.08666405081748962
30,blocks.18.conv2,0.08524288237094879
30,blocks.19.conv1,0.08911865204572678
30,blocks.19.conv2,0.09126145392656326
30,blocks.20.conv1,0.09226656705141068
30,blocks.20.conv2,0.09309136122465134
30,blocks.21.conv1,0.09528543055057526
30,blocks.21.conv2,0.10020959377288818
30,blocks.22.conv1,0.10416359454393387
30,blocks.22.conv2,0.1093788892030716
30,blocks.23.conv1,0.11463741213083267
30,blocks.23.conv2,0.12402162700891495
30,blocks.24.conv1,0.13027192652225494
30,blocks.24.conv2,0.14100128412246704
30,blocks.25.conv1,0.14281482994556427
30,blocks.25.conv2,0.14711928367614746
30,blocks.26.conv1,0.1534966379404068
30,blocks.26.conv2,0.16434666514396667
30,blocks.27.conv1,0.16476185619831085
30,blocks.27.conv2,0.16585364937782288
30,blocks.28.conv1,0.16375881433486938
30,blocks.28.conv2,0.16440421342849731
30,blocks.29.conv1,0.16280047595500946
30,blocks.29.conv2,0.1575492024421692
30,blocks.30.conv1,0.15215671062469482
30,blocks.30.conv2,0.14851781725883484
30,blocks.31.conv1,0.1488383263349533
30,blocks.31.conv2,0.1421603411436081
30,mean_conv2d_grad_norm,0.11016947695842157
31,stem.0,0.10889395326375961
31,blocks.0.conv1,0.1660241186618805
31,blocks.0.conv2,0.1541108638048172
31,blocks.1.conv1,0.14656609296798706
31,blocks.1.conv2,0.14098171889781952
31,blocks.2.conv1,0.1294851154088974
31,blocks.2.conv2,0.1048819050192833
31,blocks.3.conv1,0.08554375171661377
31,blocks.3.conv2,0.08088122308254242
31,blocks.4.conv1,0.07989656180143356
31,blocks.4.conv2,0.0773455873131752
31,blocks.5.conv1,0.0778060331940651
31,blocks.5.conv2,0.07704589515924454
31,blocks.6.conv1,0.0788581520318985
31,blocks.6.conv2,0.07665711641311646
31,blocks.7.conv1,0.07131221890449524
31,blocks.7.conv2,0.07265419512987137
31,blocks.8.conv1,0.07216375321149826
31,blocks.8.conv2,0.07177485525608063
31,blocks.9.conv1,0.07089374959468842
31,blocks.9.conv2,0.07321592420339584
31,blocks.10.conv1,0.07135821878910065
31,blocks.10.conv2,0.06706150621175766
31,blocks.11.conv1,0.06623320281505585
31,blocks.11.conv2,0.06897421926259995
31,blocks.12.conv1,0.07037171721458435
31,blocks.12.conv2,0.07257572561502457
31,blocks.13.conv1,0.07158064097166061
31,blocks.13.conv2,0.07371900975704193
31,blocks.14.conv1,0.07634945213794708
31,blocks.14.conv2,0.0797584280371666
31,blocks.15.conv1,0.0824459120631218
31,blocks.15.conv2,0.08852823078632355
31,blocks.16.conv1,0.08197338134050369
31,blocks.16.conv2,0.08608923107385635
31,blocks.17.conv1,0.08825313299894333
31,blocks.17.conv2,0.08963976055383682
31,blocks.18.conv1,0.0895628035068512
31,blocks.18.conv2,0.08987966924905777
31,blocks.19.conv1,0.08799640834331512
31,blocks.19.conv2,0.08788994699716568
31,blocks.20.conv1,0.09705950319766998
31,blocks.20.conv2,0.09783291816711426
31,blocks.21.conv1,0.09864587336778641
31,blocks.21.conv2,0.10575643181800842
31,blocks.22.conv1,0.10612726211547852
31,blocks.22.conv2,0.11267537623643875
31,blocks.23.conv1,0.12254834175109863
31,blocks.23.conv2,0.12507791817188263
31,blocks.24.conv1,0.12946872413158417
31,blocks.24.conv2,0.14149592816829681
31,blocks.25.conv1,0.14580421149730682
31,blocks.25.conv2,0.1471647173166275
31,blocks.26.conv1,0.15218079090118408
31,blocks.26.conv2,0.1564478874206543
31,blocks.27.conv1,0.15291455388069153
31,blocks.27.conv2,0.15647587180137634
31,blocks.28.conv1,0.1517701894044876
31,blocks.28.conv2,0.14346729218959808
31,blocks.29.conv1,0.13561777770519257
31,blocks.29.conv2,0.1383655071258545
31,blocks.30.conv1,0.13320623338222504
31,blocks.30.conv2,0.1317482590675354
31,blocks.31.conv1,0.12907205522060394
31,blocks.31.conv2,0.12283892929553986
31,mean_conv2d_grad_norm,0.10370762978608791
32,stem.0,0.1884979009628296
32,blocks.0.conv1,0.21348363161087036
32,blocks.0.conv2,0.2021966278553009
32,blocks.1.conv1,0.1842738837003708
32,blocks.1.conv2,0.1780102401971817
32,blocks.2.conv1,0.1552192121744156
32,blocks.2.conv2,0.1321098655462265
32,blocks.3.conv1,0.11106779426336288
32,blocks.3.conv2,0.10871343314647675
32,blocks.4.conv1,0.0955178514122963
32,blocks.4.conv2,0.09517573565244675
32,blocks.5.conv1,0.09119505435228348
32,blocks.5.conv2,0.09188058972358704
32,blocks.6.conv1,0.0923168882727623
32,blocks.6.conv2,0.09062036871910095
32,blocks.7.conv1,0.08325904607772827
32,blocks.7.conv2,0.08877408504486084
32,blocks.8.conv1,0.08420120924711227
32,blocks.8.conv2,0.08842260390520096
32,blocks.9.conv1,0.09016545116901398
32,blocks.9.conv2,0.08932749181985855
32,blocks.10.conv1,0.09382054209709167
32,blocks.10.conv2,0.09301122277975082
32,blocks.11.conv1,0.09714414924383163
32,blocks.11.conv2,0.09367836266756058
32,blocks.12.conv1,0.09863363206386566
32,blocks.12.conv2,0.09968974441289902
32,blocks.13.conv1,0.09959668666124344
32,blocks.13.conv2,0.10051308572292328
32,blocks.14.conv1,0.09708845615386963
32,blocks.14.conv2,0.09922696650028229
32,blocks.15.conv1,0.09603003412485123
32,blocks.15.conv2,0.09691330790519714
32,blocks.16.conv1,0.10024861246347427
32,blocks.16.conv2,0.102190300822258
32,blocks.17.conv1,0.1008152887225151
32,blocks.17.conv2,0.10169707983732224
32,blocks.18.conv1,0.10154706239700317
32,blocks.18.conv2,0.09697629511356354
32,blocks.19.conv1,0.09776922315359116
32,blocks.19.conv2,0.10004256665706635
32,blocks.20.conv1,0.1017071008682251
32,blocks.20.conv2,0.10266771912574768
32,blocks.21.conv1,0.1091943010687828
32,blocks.21.conv2,0.11316882818937302
32,blocks.22.conv1,0.11922501027584076
32,blocks.22.conv2,0.1332973837852478
32,blocks.23.conv1,0.13891465961933136
32,blocks.23.conv2,0.15112708508968353
32,blocks.24.conv1,0.1640450358390808
32,blocks.24.conv2,0.17701011896133423
32,blocks.25.conv1,0.19069968163967133
32,blocks.25.conv2,0.2147081047296524
32,blocks.26.conv1,0.22455398738384247
32,blocks.26.conv2,0.22574685513973236
32,blocks.27.conv1,0.225701242685318
32,blocks.27.conv2,0.2220049649477005
32,blocks.28.conv1,0.21540279686450958
32,blocks.28.conv2,0.20963603258132935
32,blocks.29.conv1,0.2121906280517578
32,blocks.29.conv2,0.20564565062522888
32,blocks.30.conv1,0.18628165125846863
32,blocks.30.conv2,0.18160751461982727
32,blocks.31.conv1,0.17942531406879425
32,blocks.31.conv2,0.17385753989219666
32,mean_conv2d_grad_norm,0.13382893525637113
33,stem.0,0.1509830355644226
33,blocks.0.conv1,0.14542697370052338
33,blocks.0.conv2,0.15645021200180054
33,blocks.1.conv1,0.14367517828941345
33,blocks.1.conv2,0.12457392364740372
33,blocks.2.conv1,0.11675840616226196
33,blocks.2.conv2,0.10509144514799118
33,blocks.3.conv1,0.08859354257583618
33,blocks.3.conv2,0.07771702110767365
33,blocks.4.conv1,0.06988641619682312
33,blocks.4.conv2,0.06688765436410904
33,blocks.5.conv1,0.07240825146436691
33,blocks.5.conv2,0.07604409754276276
33,blocks.6.conv1,0.07926768809556961
33,blocks.6.conv2,0.0737261027097702
33,blocks.7.conv1,0.06881606578826904
33,blocks.7.conv2,0.06885378062725067
33,blocks.8.conv1,0.06817296892404556
33,blocks.8.conv2,0.06932752579450607
33,blocks.9.conv1,0.06651964783668518
33,blocks.9.conv2,0.06631553173065186
33,blocks.10.conv1,0.06691057235002518
33,blocks.10.conv2,0.06788862496614456
33,blocks.11.conv1,0.06762517243623734
33,blocks.11.conv2,0.06819941103458405
33,blocks.12.conv1,0.07026601582765579
33,blocks.12.conv2,0.0719309151172638
33,blocks.13.conv1,0.07222675532102585
33,blocks.13.conv2,0.07256900519132614
33,blocks.14.conv1,0.0709259957075119
33,blocks.14.conv2,0.0741075947880745
33,blocks.15.conv1,0.08240488171577454
33,blocks.15.conv2,0.08438195288181305
33,blocks.16.conv1,0.08884494006633759
33,blocks.16.conv2,0.08585227280855179
33,blocks.17.conv1,0.08536898344755173
33,blocks.17.conv2,0.08560271561145782
33,blocks.18.conv1,0.08207043260335922
33,blocks.18.conv2,0.08482296764850616
33,blocks.19.conv1,0.07967103272676468
33,blocks.19.conv2,0.07846258580684662
33,blocks.20.conv1,0.07771459966897964
33,blocks.20.conv2,0.08259516954421997
33,blocks.21.conv1,0.08937013149261475
33,blocks.21.conv2,0.09848086535930634
33,blocks.22.conv1,0.1027611568570137
33,blocks.22.conv2,0.1069820299744606
33,blocks.23.conv1,0.11720877140760422
33,blocks.23.conv2,0.1261044442653656
33,blocks.24.conv1,0.13701942563056946
33,blocks.24.conv2,0.14131329953670502
33,blocks.25.conv1,0.15123741328716278
33,blocks.25.conv2,0.1589553952217102
33,blocks.26.conv1,0.173360675573349
33,blocks.26.conv2,0.17277835309505463
33,blocks.27.conv1,0.17024996876716614
33,blocks.27.conv2,0.18077850341796875
33,blocks.28.conv1,0.18302489817142487
33,blocks.28.conv2,0.1782262772321701
33,blocks.29.conv1,0.17321477830410004
33,blocks.29.conv2,0.16934619843959808
33,blocks.30.conv1,0.16643878817558289
33,blocks.30.conv2,0.1723383367061615
33,blocks.31.conv1,0.16712155938148499
33,blocks.31.conv2,0.15399989485740662
33,mean_conv2d_grad_norm,0.10686537279532506
34,stem.0,0.10889152437448502
34,blocks.0.conv1,0.1620735079050064
34,blocks.0.conv2,0.17182882130146027
34,blocks.1.conv1,0.16028892993927002
34,blocks.1.conv2,0.13784101605415344
34,blocks.2.conv1,0.12360412627458572
34,blocks.2.conv2,0.09931858628988266
34,blocks.3.conv1,0.09167538583278656
34,blocks.3.conv2,0.07630207389593124
34,blocks.4.conv1,0.07008329778909683
34,blocks.4.conv2,0.07115374505519867
34,blocks.5.conv1,0.07073208689689636
34,blocks.5.conv2,0.07666327059268951
34,blocks.6.conv1,0.07731202989816666
34,blocks.6.conv2,0.07514505088329315
34,blocks.7.conv1,0.07534267008304596
34,blocks.7.conv2,0.07793011516332626
34,blocks.8.conv1,0.07133788615465164
34,blocks.8.conv2,0.07503559440374374
34,blocks.9.conv1,0.07386956363916397
34,blocks.9.conv2,0.07258279621601105
34,blocks.10.conv1,0.0725400447845459
34,blocks.10.conv2,0.07010247558355331
34,blocks.11.conv1,0.07362722605466843
34,blocks.11.conv2,0.07591470330953598
34,blocks.12.conv1,0.08224707841873169
34,blocks.12.conv2,0.08182387799024582
34,blocks.13.conv1,0.08208952099084854
34,blocks.13.conv2,0.07981979846954346
34,blocks.14.conv1,0.08045753091573715
34,blocks.14.conv2,0.08484134078025818
34,blocks.15.conv1,0.08659152686595917
34,blocks.15.conv2,0.09132727980613708
34,blocks.16.conv1,0.09347904473543167
34,blocks.16.conv2,0.09806471318006516
34,blocks.17.conv1,0.09424833208322525
34,blocks.17.conv2,0.09295070916414261
34,blocks.18.conv1,0.08860769122838974
34,blocks.18.conv2,0.08646141737699509
34,blocks.19.conv1,0.08403193205595016
34,blocks.19.conv2,0.08623118698596954
34,blocks.20.conv1,0.08900638669729233
34,blocks.20.conv2,0.09261884540319443
34,blocks.21.conv1,0.10470756888389587
34,blocks.21.conv2,0.11180959641933441
34,blocks.22.conv1,0.1162821426987648
34,blocks.22.conv2,0.13025934994220734
34,blocks.23.conv1,0.13375134766101837
34,blocks.23.conv2,0.13651201128959656
34,blocks.24.conv1,0.1503259390592575
34,blocks.24.conv2,0.158643901348114
34,blocks.25.conv1,0.16666589677333832
34,blocks.25.conv2,0.18607507646083832
34,blocks.26.conv1,0.19553188979625702
34,blocks.26.conv2,0.19966168701648712
34,blocks.27.conv1,0.21709145605564117
34,blocks.27.conv2,0.23123493790626526
34,blocks.28.conv1,0.2203456610441208
34,blocks.28.conv2,0.2076706439256668
34,blocks.29.conv1,0.20024707913398743
34,blocks.29.conv2,0.20000600814819336
34,blocks.30.conv1,0.1907942146062851
34,blocks.30.conv2,0.18860623240470886
34,blocks.31.conv1,0.17843326926231384
34,blocks.31.conv2,0.17443981766700745
34,mean_conv2d_grad_norm,0.11823369952348563
35,stem.0,0.12850815057754517
35,blocks.0.conv1,0.1796572059392929
35,blocks.0.conv2,0.16545750200748444
35,blocks.1.conv1,0.1501099020242691
35,blocks.1.conv2,0.135492205619812
35,blocks.2.conv1,0.12374688684940338
35,blocks.2.conv2,0.10939443111419678
35,blocks.3.conv1,0.09327029436826706
35,blocks.3.conv2,0.08409761637449265
35,blocks.4.conv1,0.07664193958044052
35,blocks.4.conv2,0.08068820089101791
35,blocks.5.conv1,0.07436250895261765
35,blocks.5.conv2,0.07377079129219055
35,blocks.6.conv1,0.07711121439933777
35,blocks.6.conv2,0.0753069519996643
35,blocks.7.conv1,0.07220791280269623
35,blocks.7.conv2,0.07924643903970718
35,blocks.8.conv1,0.07461056858301163
35,blocks.8.conv2,0.07678177207708359
35,blocks.9.conv1,0.07827940583229065
35,blocks.9.conv2,0.07609675079584122
35,blocks.10.conv1,0.07561540603637695
35,blocks.10.conv2,0.07439558953046799
35,blocks.11.conv1,0.08098465949296951
35,blocks.11.conv2,0.0786111131310463
35,blocks.12.conv1,0.07808822393417358
35,blocks.12.conv2,0.08626307547092438
35,blocks.13.conv1,0.09136892855167389
35,blocks.13.conv2,0.09115251898765564
35,blocks.14.conv1,0.09219533950090408
35,blocks.14.conv2,0.09514273703098297
35,blocks.15.conv1,0.09247761964797974
35,blocks.15.conv2,0.09045960754156113
35,blocks.16.conv1,0.09255942702293396
35,blocks.16.conv2,0.09071084856987
35,blocks.17.conv1,0.09481698274612427
35,blocks.17.conv2,0.09052322059869766
35,blocks.18.conv1,0.08482849597930908
35,blocks.18.conv2,0.08118243515491486
35,blocks.19.conv1,0.08273373544216156
35,blocks.19.conv2,0.09033598005771637
35,blocks.20.conv1,0.08769363909959793
35,blocks.20.conv2,0.09611963480710983
35,blocks.21.conv1,0.10306300967931747
35,blocks.21.conv2,0.10843125730752945
35,blocks.22.conv1,0.11724278330802917
35,blocks.22.conv2,0.12465862184762955
35,blocks.23.conv1,0.1313983052968979
35,blocks.23.conv2,0.14030936360359192
35,blocks.24.conv1,0.15592826902866364
35,blocks.24.conv2,0.16811317205429077
35,blocks.25.conv1,0.17697371542453766
35,blocks.25.conv2,0.18901672959327698
35,blocks.26.conv1,0.20687714219093323
35,blocks.26.conv2,0.20222143828868866
35,blocks.27.conv1,0.21527209877967834
35,blocks.27.conv2,0.22182597219944
35,blocks.28.conv1,0.2086368203163147
35,blocks.28.conv2,0.18786154687404633
35,blocks.29.conv1,0.1716848462820053
35,blocks.29.conv2,0.16857784986495972
35,blocks.30.conv1,0.1596081703901291
35,blocks.30.conv2,0.1453929990530014
35,blocks.31.conv1,0.14835099875926971
35,blocks.31.conv2,0.14423327147960663
35,mean_conv2d_grad_norm,0.11690425001657927
36,stem.0,0.13988347351551056
36,blocks.0.conv1,0.1264054924249649
36,blocks.0.conv2,0.13155104219913483
36,blocks.1.conv1,0.12594513595104218
36,blocks.1.conv2,0.10693229734897614
36,blocks.2.conv1,0.09384118765592575
36,blocks.2.conv2,0.0789983719587326
36,blocks.3.conv1,0.07599326968193054
36,blocks.3.conv2,0.07090667635202408
36,blocks.4.conv1,0.06339726597070694
36,blocks.4.conv2,0.0663418248295784
36,blocks.5.conv1,0.06745810806751251
36,blocks.5.conv2,0.06553634256124496
36,blocks.6.conv1,0.06768161803483963
36,blocks.6.conv2,0.0667324960231781
36,blocks.7.conv1,0.06837891787290573
36,blocks.7.conv2,0.06979718804359436
36,blocks.8.conv1,0.07244016230106354
36,blocks.8.conv2,0.07036712765693665
36,blocks.9.conv1,0.07195054739713669
36,blocks.9.conv2,0.07239919900894165
36,blocks.10.conv1,0.07007457315921783
36,blocks.10.conv2,0.07524362206459045
36,blocks.11.conv1,0.07344275712966919
36,blocks.11.conv2,0.07351159304380417
36,blocks.12.conv1,0.08333951979875565
36,blocks.12.conv2,0.08074238896369934
36,blocks.13.conv1,0.0803627073764801
36,blocks.13.conv2,0.07433987408876419
36,blocks.14.conv1,0.07314516603946686
36,blocks.14.conv2,0.0733654722571373
36,blocks.15.conv1,0.07024047523736954
36,blocks.15.conv2,0.06923183053731918
36,blocks.16.conv1,0.06845170259475708
36,blocks.16.conv2,0.07084616273641586
36,blocks.17.conv1,0.07220498472452164
36,blocks.17.conv2,0.07282441109418869
36,blocks.18.conv1,0.07103573530912399
36,blocks.18.conv2,0.0696958377957344
36,blocks.19.conv1,0.06962583214044571
36,blocks.19.conv2,0.07196303457021713
36,blocks.20.conv1,0.07253323495388031
36,blocks.20.conv2,0.07481148093938828
36,blocks.21.conv1,0.08122026175260544
36,blocks.21.conv2,0.0845690593123436
36,blocks.22.conv1,0.08489029854536057
36,blocks.22.conv2,0.09201611578464508
36,blocks.23.conv1,0.0950479656457901
36,blocks.23.conv2,0.10161588340997696
36,blocks.24.conv1,0.1118406280875206
36,blocks.24.conv2,0.12564747035503387
36,blocks.25.conv1,0.13614535331726074
36,blocks.25.conv2,0.14781059324741364
36,blocks.26.conv1,0.1554833948612213
36,blocks.26.conv2,0.1538892686367035
36,blocks.27.conv1,0.14895783364772797
36,blocks.27.conv2,0.148049995303154
36,blocks.28.conv1,0.1436358541250229
36,blocks.28.conv2,0.1376299113035202
36,blocks.29.conv1,0.13860474526882172
36,blocks.29.conv2,0.13583476841449738
36,blocks.30.conv1,0.1312754601240158
36,blocks.30.conv2,0.12946800887584686
36,blocks.31.conv1,0.12388353794813156
36,blocks.31.conv2,0.12024921923875809
36,mean_conv2d_grad_norm,0.09402670413255691
37,stem.0,0.19262303411960602
37,blocks.0.conv1,0.20668449997901917
37,blocks.0.conv2,0.2175360918045044
37,blocks.1.conv1,0.21717867255210876
37,blocks.1.conv2,0.18543928861618042
37,blocks.2.conv1,0.16794800758361816
37,blocks.2.conv2,0.14207257330417633
37,blocks.3.conv1,0.12495511025190353
37,blocks.3.conv2,0.11313802003860474
37,blocks.4.conv1,0.103439562022686
37,blocks.4.conv2,0.10518046468496323
37,blocks.5.conv1,0.10675199329853058
37,blocks.5.conv2,0.10851392894983292
37,blocks.6.conv1,0.10592937469482422
37,blocks.6.conv2,0.10568735003471375
37,blocks.7.conv1,0.0966525673866272
37,blocks.7.conv2,0.09963881224393845
37,blocks.8.conv1,0.09640044718980789
37,blocks.8.conv2,0.09904872626066208
37,blocks.9.conv1,0.09962690621614456
37,blocks.9.conv2,0.0978989377617836
37,blocks.10.conv1,0.10069206357002258
37,blocks.10.conv2,0.0930732786655426
37,blocks.11.conv1,0.10193529725074768
37,blocks.11.conv2,0.10154000669717789
37,blocks.12.conv1,0.10363158583641052
37,blocks.12.conv2,0.10408814251422882
37,blocks.13.conv1,0.10767972469329834
37,blocks.13.conv2,0.1070152074098587
37,blocks.14.conv1,0.10878250747919083
37,blocks.14.conv2,0.11212270706892014
37,blocks.15.conv1,0.10506295412778854
37,blocks.15.conv2,0.10665546357631683
37,blocks.16.conv1,0.1118922159075737
37,blocks.16.conv2,0.11151373386383057
37,blocks.17.conv1,0.11329030245542526
37,blocks.17.conv2,0.11016298085451126
37,blocks.18.conv1,0.11007612943649292
37,blocks.18.conv2,0.106406070291996
37,blocks.19.conv1,0.11072293668985367
37,blocks.19.conv2,0.11211655288934708
37,blocks.20.conv1,0.10867778211832047
37,blocks.20.conv2,0.11245468258857727
37,blocks.21.conv1,0.11888944357633591
37,blocks.21.conv2,0.12307120859622955
37,blocks.22.conv1,0.13209816813468933
37,blocks.22.conv2,0.13903704285621643
37,blocks.23.conv1,0.15130765736103058
37,blocks.23.conv2,0.15815798938274384
37,blocks.24.conv1,0.17671000957489014
37,blocks.24.conv2,0.19581860303878784
37,blocks.25.conv1,0.20414654910564423
37,blocks.25.conv2,0.21032586693763733
37,blocks.26.conv1,0.2237442433834076
37,blocks.26.conv2,0.22691717743873596
37,blocks.27.conv1,0.22934426367282867
37,blocks.27.conv2,0.22237060964107513
37,blocks.28.conv1,0.21201956272125244
37,blocks.28.conv2,0.2044762223958969
37,blocks.29.conv1,0.1945711374282837
37,blocks.29.conv2,0.19102618098258972
37,blocks.30.conv1,0.1971246898174286
37,blocks.30.conv2,0.187860906124115
37,blocks.31.conv1,0.17401643097400665
37,blocks.31.conv2,0.14705626666545868
37,mean_conv2d_grad_norm,0.14110810653521463
38,stem.0,0.12485271692276001
38,blocks.0.conv1,0.1296738088130951
38,blocks.0.conv2,0.14898021519184113
38,blocks.1.conv1,0.13058431446552277
38,blocks.1.conv2,0.12461477518081665
38,blocks.2.conv1,0.10977660864591599
38,blocks.2.conv2,0.0973404198884964
38,blocks.3.conv1,0.0891486182808876
38,blocks.3.conv2,0.07902051508426666
38,blocks.4.conv1,0.0685821995139122
38,blocks.4.conv2,0.06655622273683548
38,blocks.5.conv1,0.06888491660356522
38,blocks.5.conv2,0.06991253793239594
38,blocks.6.conv1,0.07221922278404236
38,blocks.6.conv2,0.0732179582118988
38,blocks.7.conv1,0.06823590397834778
38,blocks.7.conv2,0.06953825801610947
38,blocks.8.conv1,0.06754495203495026
38,blocks.8.conv2,0.0715673416852951
38,blocks.9.conv1,0.07290706783533096
38,blocks.9.conv2,0.06944246590137482
38,blocks.10.conv1,0.0700954869389534
38,blocks.10.conv2,0.07054418325424194
38,blocks.11.conv1,0.07241574674844742
38,blocks.11.conv2,0.07281547039747238
38,blocks.12.conv1,0.07659914344549179
38,blocks.12.conv2,0.08389943093061447
38,blocks.13.conv1,0.08112126588821411
38,blocks.13.conv2,0.08339974284172058
38,blocks.14.conv1,0.0841093435883522
38,blocks.14.conv2,0.08982031792402267
38,blocks.15.conv1,0.08840780705213547
38,blocks.15.conv2,0.0826789066195488
38,blocks.16.conv1,0.07925791293382645
38,blocks.16.conv2,0.07990443706512451
38,blocks.17.conv1,0.07770805060863495
38,blocks.17.conv2,0.07921239733695984
38,blocks.18.conv1,0.07781597971916199
38,blocks.18.conv2,0.07842517644166946
38,blocks.19.conv1,0.07878992706537247
38,blocks.19.conv2,0.0827375277876854
38,blocks.20.conv1,0.08434976637363434
38,blocks.20.conv2,0.09312436729669571
38,blocks.21.conv1,0.09799498319625854
38,blocks.21.conv2,0.10684012621641159
38,blocks.22.conv1,0.11824457347393036
38,blocks.22.conv2,0.1245664656162262
38,blocks.23.conv1,0.12647883594036102
38,blocks.23.conv2,0.13087600469589233
38,blocks.24.conv1,0.14595870673656464
38,blocks.24.conv2,0.15395887196063995
38,blocks.25.conv1,0.16613775491714478
38,blocks.25.conv2,0.17039379477500916
38,blocks.26.conv1,0.1811019629240036
38,blocks.26.conv2,0.18730244040489197
38,blocks.27.conv1,0.1903424859046936
38,blocks.27.conv2,0.19863301515579224
38,blocks.28.conv1,0.19108818471431732
38,blocks.28.conv2,0.18865542113780975
38,blocks.29.conv1,0.19040130078792572
38,blocks.29.conv2,0.18057690560817719
38,blocks.30.conv1,0.1694023758172989
38,blocks.30.conv2,0.1557372361421585
38,blocks.31.conv1,0.13952632248401642
38,blocks.31.conv2,0.13019704818725586
38,mean_conv2d_grad_norm,0.10898843453480647
39,stem.0,0.12220913171768188
39,blocks.0.conv1,0.1542549431324005
39,blocks.0.conv2,0.1604391187429428
39,blocks.1.conv1,0.14284361898899078
39,blocks.1.conv2,0.13540437817573547
39,blocks.2.conv1,0.11471239477396011
39,blocks.2.conv2,0.09979567676782608
39,blocks.3.conv1,0.08950682729482651
39,blocks.3.conv2,0.07894343882799149
39,blocks.4.conv1,0.07406151294708252
39,blocks.4.conv2,0.07340863347053528
39,blocks.5.conv1,0.07520511001348495
39,blocks.5.conv2,0.07770919054746628
39,blocks.6.conv1,0.08113345503807068
39,blocks.6.conv2,0.07691498845815659
39,blocks.7.conv1,0.07222934812307358
39,blocks.7.conv2,0.07458321750164032
39,blocks.8.conv1,0.07630890607833862
39,blocks.8.conv2,0.07517985254526138
39,blocks.9.conv1,0.07631667703390121
39,blocks.9.conv2,0.07624362409114838
39,blocks.10.conv1,0.07283658534288406
39,blocks.10.conv2,0.07434350997209549
39,blocks.11.conv1,0.07582494616508484
39,blocks.11.conv2,0.08084459602832794
39,blocks.12.conv1,0.08130738139152527
39,blocks.12.conv2,0.08570071309804916
39,blocks.13.conv1,0.08186808973550797
39,blocks.13.conv2,0.08356793224811554
39,blocks.14.conv1,0.08485697954893112
39,blocks.14.conv2,0.08959715813398361
39,blocks.15.conv1,0.08919701725244522
39,blocks.15.conv2,0.08842000365257263
39,blocks.16.conv1,0.08816884458065033
39,blocks.16.conv2,0.087856724858284
39,blocks.17.conv1,0.09026890248060226
39,blocks.17.conv2,0.09045302867889404
39,blocks.18.conv1,0.08426383137702942
39,blocks.18.conv2,0.08214528113603592
39,blocks.19.conv1,0.08104017376899719
39,blocks.19.conv2,0.08671674132347107
39,blocks.20.conv1,0.08936426788568497
39,blocks.20.conv2,0.09392336755990982
39,blocks.21.conv1,0.10589531809091568
39,blocks.21.conv2,0.11255565285682678
39,blocks.22.conv1,0.12309166043996811
39,blocks.22.conv2,0.13410300016403198
39,blocks.23.conv1,0.14089351892471313
39,blocks.23.conv2,0.1407528817653656
39,blocks.24.conv1,0.15154829621315002
39,blocks.24.conv2,0.17240223288536072
39,blocks.25.conv1,0.18566684424877167
39,blocks.25.conv2,0.1957174837589264
39,blocks.26.conv1,0.20823240280151367
39,blocks.26.conv2,0.20907199382781982
39,blocks.27.conv1,0.20886613428592682
39,blocks.27.conv2,0.21048597991466522
39,blocks.28.conv1,0.1976141482591629
39,blocks.28.conv2,0.19336871802806854
39,blocks.29.conv1,0.18775838613510132
39,blocks.29.conv2,0.19398492574691772
39,blocks.30.conv1,0.19358296692371368
39,blocks.30.conv2,0.19973385334014893
39,blocks.31.conv1,0.19161826372146606
39,blocks.31.conv2,0.18512649834156036
39,mean_conv2d_grad_norm,0.11864678894097988
40,stem.0,0.1150212287902832
40,blocks.0.conv1,0.1548602133989334
40,blocks.0.conv2,0.16481924057006836
40,blocks.1.conv1,0.14501133561134338
40,blocks.1.conv2,0.13433417677879333
40,blocks.2.conv1,0.12139537930488586
40,blocks.2.conv2,0.10619435459375381
40,blocks.3.conv1,0.08669047057628632
40,blocks.3.conv2,0.0796085074543953
40,blocks.4.conv1,0.07597104460000992
40,blocks.4.conv2,0.07386960834264755
40,blocks.5.conv1,0.07628829777240753
40,blocks.5.conv2,0.0781199187040329
40,blocks.6.conv1,0.0739753246307373
40,blocks.6.conv2,0.07712920755147934
40,blocks.7.conv1,0.07926399260759354
40,blocks.7.conv2,0.07910118252038956
40,blocks.8.conv1,0.07638611644506454
40,blocks.8.conv2,0.08118408173322678
40,blocks.9.conv1,0.08456365764141083
40,blocks.9.conv2,0.08046179264783859
40,blocks.10.conv1,0.07986220717430115
40,blocks.10.conv2,0.08096315711736679
40,blocks.11.conv1,0.08003999292850494
40,blocks.11.conv2,0.08360419422388077
40,blocks.12.conv1,0.0868808701634407
40,blocks.12.conv2,0.08796709030866623
40,blocks.13.conv1,0.08506610989570618
40,blocks.13.conv2,0.08488991111516953
40,blocks.14.conv1,0.08267790824174881
40,blocks.14.conv2,0.08646824210882187
40,blocks.15.conv1,0.08478212356567383
40,blocks.15.conv2,0.08343362808227539
40,blocks.16.conv1,0.0833483636379242
40,blocks.16.conv2,0.08667141199111938
40,blocks.17.conv1,0.08537524193525314
40,blocks.17.conv2,0.08712640404701233
40,blocks.18.conv1,0.08361129462718964
40,blocks.18.conv2,0.0870206356048584
40,blocks.19.conv1,0.08524412661790848
40,blocks.19.conv2,0.08730430155992508
40,blocks.20.conv1,0.08401855826377869
40,blocks.20.conv2,0.09168937802314758
40,blocks.21.conv1,0.09679584950208664
40,blocks.21.conv2,0.10404631495475769
40,blocks.22.conv1,0.1129646897315979
40,blocks.22.conv2,0.1167706772685051
40,blocks.23.conv1,0.12884743511676788
40,blocks.23.conv2,0.13200782239437103
40,blocks.24.conv1,0.13858690857887268
40,blocks.24.conv2,0.14469030499458313
40,blocks.25.conv1,0.15371841192245483
40,blocks.25.conv2,0.16640111804008484
40,blocks.26.conv1,0.18218927085399628
40,blocks.26.conv2,0.19367539882659912
40,blocks.27.conv1,0.20631644129753113
40,blocks.27.conv2,0.20565937459468842
40,blocks.28.conv1,0.19302593171596527
40,blocks.28.conv2,0.18264339864253998
40,blocks.29.conv1,0.1791941225528717
40,blocks.29.conv2,0.17531144618988037
40,blocks.30.conv1,0.1675243079662323
40,blocks.30.conv2,0.1650693714618683
40,blocks.31.conv1,0.16041502356529236
40,blocks.31.conv2,0.13802622258663177
40,mean_conv2d_grad_norm,0.11317190963488359
41,stem.0,0.11352460831403732
41,blocks.0.conv1,0.15823617577552795
41,blocks.0.conv2,0.17245572805404663
41,blocks.1.conv1,0.16073036193847656
41,blocks.1.conv2,0.14601942896842957
41,blocks.2.conv1,0.12812207639217377
41,blocks.2.conv2,0.10259132832288742
41,blocks.3.conv1,0.08873951435089111
41,blocks.3.conv2,0.07527118176221848
41,blocks.4.conv1,0.06685848534107208
41,blocks.4.conv2,0.06842827051877975
41,blocks.5.conv1,0.07067921757698059
41,blocks.5.conv2,0.06934209913015366
41,blocks.6.conv1,0.07297028601169586
41,blocks.6.conv2,0.07083506882190704
41,blocks.7.conv1,0.07304196804761887
41,blocks.7.conv2,0.0683041587471962
41,blocks.8.conv1,0.06973731517791748
41,blocks.8.conv2,0.07046075165271759
41,blocks.9.conv1,0.07382883131504059
41,blocks.9.conv2,0.07348708063364029
41,blocks.10.conv1,0.07304684072732925
41,blocks.10.conv2,0.07480965554714203
41,blocks.11.conv1,0.07531198859214783
41,blocks.11.conv2,0.07422122359275818
41,blocks.12.conv1,0.0777611956000328
41,blocks.12.conv2,0.08093246817588806
41,blocks.13.conv1,0.07836976647377014
41,blocks.13.conv2,0.0759149044752121
41,blocks.14.conv1,0.07701197266578674
41,blocks.14.conv2,0.07579508423805237
41,blocks.15.conv1,0.0750630795955658
41,blocks.15.conv2,0.07534785568714142
41,blocks.16.conv1,0.07326127588748932
41,blocks.16.conv2,0.07487627118825912
41,blocks.17.conv1,0.07226364314556122
41,blocks.17.conv2,0.0720495730638504
41,blocks.18.conv1,0.07097207754850388
41,blocks.18.conv2,0.07199261337518692
41,blocks.19.conv1,0.06688907742500305
41,blocks.19.conv2,0.06787674874067307
41,blocks.20.conv1,0.06498514860868454
41,blocks.20.conv2,0.07126720994710922
41,blocks.21.conv1,0.08198869228363037
41,blocks.21.conv2,0.08869735151529312
41,blocks.22.conv1,0.09504532814025879
41,blocks.22.conv2,0.10202981531620026
41,blocks.23.conv1,0.11294756084680557
41,blocks.23.conv2,0.12399044632911682
41,blocks.24.conv1,0.13964243233203888
41,blocks.24.conv2,0.14920981228351593
41,blocks.25.conv1,0.15959160029888153
41,blocks.25.conv2,0.1608031988143921
41,blocks.26.conv1,0.1703566014766693
41,blocks.26.conv2,0.1807653158903122
41,blocks.27.conv1,0.1927131712436676
41,blocks.27.conv2,0.19490517675876617
41,blocks.28.conv1,0.19430895149707794
41,blocks.28.conv2,0.1818043440580368
41,blocks.29.conv1,0.17706453800201416
41,blocks.29.conv2,0.17450658977031708
41,blocks.30.conv1,0.1694420874118805
41,blocks.30.conv2,0.18013758957386017
41,blocks.31.conv1,0.16403532028198242
41,blocks.31.conv2,0.14875991642475128
41,mean_conv2d_grad_norm,0.10702199156467732
42,stem.0,0.18670344352722168
42,blocks.0.conv1,0.17522317171096802
42,blocks.0.conv2,0.18324699997901917
42,blocks.1.conv1,0.1657930612564087
42,blocks.1.conv2,0.15127329528331757
42,blocks.2.conv1,0.1308722347021103
42,blocks.2.conv2,0.11167728155851364
42,blocks.3.conv1,0.09143801778554916
42,blocks.3.conv2,0.08294079452753067
42,blocks.4.conv1,0.07832610607147217
42,blocks.4.conv2,0.07435770332813263
42,blocks.5.conv1,0.07162046432495117
42,blocks.5.conv2,0.07228802144527435
42,blocks.6.conv1,0.07479900866746902
42,blocks.6.conv2,0.07656440883874893
42,blocks.7.conv1,0.07055117189884186
42,blocks.7.conv2,0.06913074105978012
42,blocks.8.conv1,0.06965689361095428
42,blocks.8.conv2,0.07156279683113098
42,blocks.9.conv1,0.07136676460504532
42,blocks.9.conv2,0.0677872747182846
42,blocks.10.conv1,0.07051524519920349
42,blocks.10.conv2,0.0661504939198494
42,blocks.11.conv1,0.06747176498174667
42,blocks.11.conv2,0.0717361718416214
42,blocks.12.conv1,0.07561604678630829
42,blocks.12.conv2,0.08109407871961594
42,blocks.13.conv1,0.07962671667337418
42,blocks.13.conv2,0.07913758605718613
42,blocks.14.conv1,0.07959706336259842
42,blocks.14.conv2,0.08205840736627579
42,blocks.15.conv1,0.08063536137342453
42,blocks.15.conv2,0.07963261753320694
42,blocks.16.conv1,0.07844751328229904
42,blocks.16.conv2,0.07904918491840363
42,blocks.17.conv1,0.07944744825363159
42,blocks.17.conv2,0.0788734033703804
42,blocks.18.conv1,0.07841859012842178
42,blocks.18.conv2,0.0790647640824318
42,blocks.19.conv1,0.07492280751466751
42,blocks.19.conv2,0.08146144449710846
42,blocks.20.conv1,0.08057867735624313
42,blocks.20.conv2,0.08528221398591995
42,blocks.21.conv1,0.09583208709955215
42,blocks.21.conv2,0.10128359496593475
42,blocks.22.conv1,0.11605950444936752
42,blocks.22.conv2,0.12863941490650177
42,blocks.23.conv1,0.14202247560024261
42,blocks.23.conv2,0.15297307074069977
42,blocks.24.conv1,0.16193445026874542
42,blocks.24.conv2,0.17447900772094727
42,blocks.25.conv1,0.17895953357219696
42,blocks.25.conv2,0.1941983997821808
42,blocks.26.conv1,0.22604134678840637
42,blocks.26.conv2,0.2256038933992386
42,blocks.27.conv1,0.2314017117023468
42,blocks.27.conv2,0.2395816594362259
42,blocks.28.conv1,0.2199011892080307
42,blocks.28.conv2,0.20572856068611145
42,blocks.29.conv1,0.20710694789886475
42,blocks.29.conv2,0.20169948041439056
42,blocks.30.conv1,0.19655188918113708
42,blocks.30.conv2,0.1813010722398758
42,blocks.31.conv1,0.1678714156150818
42,blocks.31.conv2,0.1516023576259613
42,mean_conv2d_grad_norm,0.11933492800364127
43,stem.0,0.13674651086330414
43,blocks.0.conv1,0.17634670436382294
43,blocks.0.conv2,0.18259088695049286
43,blocks.1.conv1,0.17038457095623016
43,blocks.1.conv2,0.15321405231952667
43,blocks.2.conv1,0.13048742711544037
43,blocks.2.conv2,0.11051267385482788
43,blocks.3.conv1,0.10934273153543472
43,blocks.3.conv2,0.08775211125612259
43,blocks.4.conv1,0.09042003750801086
43,blocks.4.conv2,0.08182656019926071
43,blocks.5.conv1,0.08232542872428894
43,blocks.5.conv2,0.07628146559000015
43,blocks.6.conv1,0.07615914940834045
43,blocks.6.conv2,0.07624784857034683
43,blocks.7.conv1,0.07033470273017883
43,blocks.7.conv2,0.06946377456188202
43,blocks.8.conv1,0.06595832109451294
43,blocks.8.conv2,0.06969141215085983
43,blocks.9.conv1,0.0681588426232338
43,blocks.9.conv2,0.0653323084115982
43,blocks.10.conv1,0.06706498563289642
43,blocks.10.conv2,0.07064903527498245
43,blocks.11.conv1,0.06849135458469391
43,blocks.11.conv2,0.07075348496437073
43,blocks.12.conv1,0.0728658139705658
43,blocks.12.conv2,0.08005798608064651
43,blocks.13.conv1,0.07858649641275406
43,blocks.13.conv2,0.07876551896333694
43,blocks.14.conv1,0.08169037848711014
43,blocks.14.conv2,0.08394919335842133
43,blocks.15.conv1,0.08222813904285431
43,blocks.15.conv2,0.07921446859836578
43,blocks.16.conv1,0.07682201266288757
43,blocks.16.conv2,0.07539495080709457
43,blocks.17.conv1,0.07941512018442154
43,blocks.17.conv2,0.07737640291452408
43,blocks.18.conv1,0.0786261186003685
43,blocks.18.conv2,0.0778593197464943
43,blocks.19.conv1,0.0763511061668396
43,blocks.19.conv2,0.07986529171466827
43,blocks.20.conv1,0.08112005889415741
43,blocks.20.conv2,0.08602670580148697
43,blocks.21.conv1,0.09321245551109314
43,blocks.21.conv2,0.0939493253827095
43,blocks.22.conv1,0.10283182561397552
43,blocks.22.conv2,0.10574235022068024
43,blocks.23.conv1,0.11407340317964554
43,blocks.23.conv2,0.12488188594579697
43,blocks.24.conv1,0.1366291046142578
43,blocks.24.conv2,0.15052901208400726
43,blocks.25.conv1,0.1544812023639679
43,blocks.25.conv2,0.1719934046268463
43,blocks.26.conv1,0.17321525514125824
43,blocks.26.conv2,0.18211156129837036
43,blocks.27.conv1,0.1850927323102951
43,blocks.27.conv2,0.19257205724716187
43,blocks.28.conv1,0.19516390562057495
43,blocks.28.conv2,0.1924845278263092
43,blocks.29.conv1,0.18932777643203735
43,blocks.29.conv2,0.18148596584796906
43,blocks.30.conv1,0.1714458167552948
43,blocks.30.conv2,0.16478471457958221
43,blocks.31.conv1,0.15285325050354004
43,blocks.31.conv2,0.14218997955322266
43,mean_conv2d_grad_norm,0.11113543040477313
44,stem.0,0.19170023500919342
44,blocks.0.conv1,0.17060597240924835
44,blocks.0.conv2,0.16861483454704285
44,blocks.1.conv1,0.15889117121696472
44,blocks.1.conv2,0.14000825583934784
44,blocks.2.conv1,0.11828332394361496
44,blocks.2.conv2,0.09344686567783356
44,blocks.3.conv1,0.07765039801597595
44,blocks.3.conv2,0.06864259392023087
44,blocks.4.conv1,0.060069963335990906
44,blocks.4.conv2,0.05487586557865143
44,blocks.5.conv1,0.057822976261377335
44,blocks.5.conv2,0.05898601934313774
44,blocks.6.conv1,0.059546567499637604
44,blocks.6.conv2,0.057617802172899246
44,blocks.7.conv1,0.053277935832738876
44,blocks.7.conv2,0.053657419979572296
44,blocks.8.conv1,0.05533421039581299
44,blocks.8.conv2,0.060127340257167816
44,blocks.9.conv1,0.062220484018325806
44,blocks.9.conv2,0.058503441512584686
44,blocks.10.conv1,0.05619116872549057
44,blocks.10.conv2,0.05701479688286781
44,blocks.11.conv1,0.0594223216176033
44,blocks.11.conv2,0.064733125269413
44,blocks.12.conv1,0.06671646237373352
44,blocks.12.conv2,0.0717693343758583
44,blocks.13.conv1,0.07417849451303482
44,blocks.13.conv2,0.0705244392156601
44,blocks.14.conv1,0.07083620131015778
44,blocks.14.conv2,0.07216726988554001
44,blocks.15.conv1,0.07148390263319016
44,blocks.15.conv2,0.06881781667470932
44,blocks.16.conv1,0.06748120486736298
44,blocks.16.conv2,0.07058568298816681
44,blocks.17.conv1,0.07346080243587494
44,blocks.17.conv2,0.07448730617761612
44,blocks.18.conv1,0.07135618478059769
44,blocks.18.conv2,0.07344138622283936
44,blocks.19.conv1,0.0680948868393898
44,blocks.19.conv2,0.06837768107652664
44,blocks.20.conv1,0.06697385758161545
44,blocks.20.conv2,0.06958559900522232
44,blocks.21.conv1,0.07917186617851257
44,blocks.21.conv2,0.08562317490577698
44,blocks.22.conv1,0.09455064684152603
44,blocks.22.conv2,0.10870849341154099
44,blocks.23.conv1,0.11612531542778015
44,blocks.23.conv2,0.12742497026920319
44,blocks.24.conv1,0.13842050731182098
44,blocks.24.conv2,0.1480969935655594
44,blocks.25.conv1,0.15903109312057495
44,blocks.25.conv2,0.16685304045677185
44,blocks.26.conv1,0.17538729310035706
44,blocks.26.conv2,0.1874166876077652
44,blocks.27.conv1,0.18964780867099762
44,blocks.27.conv2,0.19190116226673126
44,blocks.28.conv1,0.18439067900180817
44,blocks.28.conv2,0.17431704699993134
44,blocks.29.conv1,0.16471673548221588
44,blocks.29.conv2,0.16213524341583252
44,blocks.30.conv1,0.16675806045532227
44,blocks.30.conv2,0.1603066772222519
44,blocks.31.conv1,0.15215812623500824
44,blocks.31.conv2,0.1274518072605133
44,mean_conv2d_grad_norm,0.10227964663734802
45,stem.0,0.13712178170681
45,blocks.0.conv1,0.1557425558567047
45,blocks.0.conv2,0.17527247965335846
45,blocks.1.conv1,0.1696954369544983
45,blocks.1.conv2,0.16247476637363434
45,blocks.2.conv1,0.14393112063407898
45,blocks.2.conv2,0.1264009177684784
45,blocks.3.conv1,0.1119162067770958
45,blocks.3.conv2,0.10020327568054199
45,blocks.4.conv1,0.09355005621910095
45,blocks.4.conv2,0.0927596315741539
45,blocks.5.conv1,0.09006895124912262
45,blocks.5.conv2,0.0891914814710617
45,blocks.6.conv1,0.08981847018003464
45,blocks.6.conv2,0.08677144348621368
45,blocks.7.conv1,0.08597788214683533
45,blocks.7.conv2,0.08878170698881149
45,blocks.8.conv1,0.08849126845598221
45,blocks.8.conv2,0.09195461124181747
45,blocks.9.conv1,0.09144248068332672
45,blocks.9.conv2,0.0895647332072258
45,blocks.10.conv1,0.08898612856864929
45,blocks.10.conv2,0.08610223978757858
45,blocks.11.conv1,0.08749113231897354
45,blocks.11.conv2,0.0875082015991211
45,blocks.12.conv1,0.08684974163770676
45,blocks.12.conv2,0.08908815681934357
45,blocks.13.conv1,0.08881951123476028
45,blocks.13.conv2,0.08619741350412369
45,blocks.14.conv1,0.08824602514505386
45,blocks.14.conv2,0.09420101344585419
45,blocks.15.conv1,0.0957837626338005
45,blocks.15.conv2,0.09547068923711777
45,blocks.16.conv1,0.09353647381067276
45,blocks.16.conv2,0.09025365859270096
45,blocks.17.conv1,0.09091105312108994
45,blocks.17.conv2,0.08585149049758911
45,blocks.18.conv1,0.08594870567321777
45,blocks.18.conv2,0.08663556724786758
45,blocks.19.conv1,0.08488421142101288
45,blocks.19.conv2,0.08687786012887955
45,blocks.20.conv1,0.08348651230335236
45,blocks.20.conv2,0.08608214557170868
45,blocks.21.conv1,0.09021120518445969
45,blocks.21.conv2,0.09463288635015488
45,blocks.22.conv1,0.10009025037288666
45,blocks.22.conv2,0.10757463425397873
45,blocks.23.conv1,0.11969716101884842
45,blocks.23.conv2,0.12543953955173492
45,blocks.24.conv1,0.14038091897964478
45,blocks.24.conv2,0.15486416220664978
45,blocks.25.conv1,0.16321703791618347
45,blocks.25.conv2,0.17948760092258453
45,blocks.26.conv1,0.196358785033226
45,blocks.26.conv2,0.20624509453773499
45,blocks.27.conv1,0.21139739453792572
45,blocks.27.conv2,0.21324381232261658
45,blocks.28.conv1,0.2062322348356247
45,blocks.28.conv2,0.19266532361507416
45,blocks.29.conv1,0.19499477744102478
45,blocks.29.conv2,0.1933930516242981
45,blocks.30.conv1,0.19138400256633759
45,blocks.30.conv2,0.18422679603099823
45,blocks.31.conv1,0.16078655421733856
45,blocks.31.conv2,0.15483397245407104
45,mean_conv2d_grad_norm,0.12141077151665321
46,stem.0,0.1593867689371109
46,blocks.0.conv1,0.19788433611392975
46,blocks.0.conv2,0.19331784546375275
46,blocks.1.conv1,0.1789322942495346
46,blocks.1.conv2,0.16778820753097534
46,blocks.2.conv1,0.14900445938110352
46,blocks.2.conv2,0.12457560747861862
46,blocks.3.conv1,0.10056551545858383
46,blocks.3.conv2,0.0879950225353241
46,blocks.4.conv1,0.08683798462152481
46,blocks.4.conv2,0.08437270671129227
46,blocks.5.conv1,0.08258651196956635
46,blocks.5.conv2,0.07907147705554962
46,blocks.6.conv1,0.08045855909585953
46,blocks.6.conv2,0.08377091586589813
46,blocks.7.conv1,0.0764903575181961
46,blocks.7.conv2,0.07536573708057404
46,blocks.8.conv1,0.07619483768939972
46,blocks.8.conv2,0.07761344313621521
46,blocks.9.conv1,0.07605051249265671
46,blocks.9.conv2,0.07506223767995834
46,blocks.10.conv1,0.07288399338722229
46,blocks.10.conv2,0.07682602852582932
46,blocks.11.conv1,0.07664338499307632
46,blocks.11.conv2,0.07906322181224823
46,blocks.12.conv1,0.08309254795312881
46,blocks.12.conv2,0.08711612969636917
46,blocks.13.conv1,0.08516502380371094
46,blocks.13.conv2,0.08301587402820587
46,blocks.14.conv1,0.08445592224597931
46,blocks.14.conv2,0.08838733285665512
46,blocks.15.conv1,0.08949708193540573
46,blocks.15.conv2,0.09182953089475632
46,blocks.16.conv1,0.0873991847038269
46,blocks.16.conv2,0.08702603727579117
46,blocks.17.conv1,0.08765418827533722
46,blocks.17.conv2,0.09054946154356003
46,blocks.18.conv1,0.08901751041412354
46,blocks.18.conv2,0.08259773999452591
46,blocks.19.conv1,0.08042211830615997
46,blocks.19.conv2,0.0842818096280098
46,blocks.20.conv1,0.08991288393735886
46,blocks.20.conv2,0.09844164550304413
46,blocks.21.conv1,0.10780219733715057
46,blocks.21.conv2,0.12100531905889511
46,blocks.22.conv1,0.12837600708007812
46,blocks.22.conv2,0.13341131806373596
46,blocks.23.conv1,0.15005092322826385
46,blocks.23.conv2,0.1634061485528946
46,blocks.24.conv1,0.1782153993844986
46,blocks.24.conv2,0.1886064112186432
46,blocks.25.conv1,0.1935829222202301
46,blocks.25.conv2,0.21061210334300995
46,blocks.26.conv1,0.22433947026729584
46,blocks.26.conv2,0.23288168013095856
46,blocks.27.conv1,0.24364468455314636
46,blocks.27.conv2,0.23930926620960236
46,blocks.28.conv1,0.226332888007164
46,blocks.28.conv2,0.21012216806411743
46,blocks.29.conv1,0.2005583494901657
46,blocks.29.conv2,0.19170500338077545
46,blocks.30.conv1,0.18910148739814758
46,blocks.30.conv2,0.1818481981754303
46,blocks.31.conv1,0.17139415442943573
46,blocks.31.conv2,0.14527763426303864
46,mean_conv2d_grad_norm,0.12646442651748657
47,stem.0,0.09393668174743652
47,blocks.0.conv1,0.13786253333091736
47,blocks.0.conv2,0.12833206355571747
47,blocks.1.conv1,0.12471653521060944
47,blocks.1.conv2,0.11171187460422516
47,blocks.2.conv1,0.0955468937754631
47,blocks.2.conv2,0.0789930671453476
47,blocks.3.conv1,0.06652684509754181
47,blocks.3.conv2,0.054032571613788605
47,blocks.4.conv1,0.049165286123752594
47,blocks.4.conv2,0.05069712549448013
47,blocks.5.conv1,0.05118056386709213
47,blocks.5.conv2,0.04940042272210121
47,blocks.6.conv1,0.049028512090444565
47,blocks.6.conv2,0.04967796429991722
47,blocks.7.conv1,0.04601656645536423
47,blocks.7.conv2,0.0469798669219017
47,blocks.8.conv1,0.04661005735397339
47,blocks.8.conv2,0.04687540605664253
47,blocks.9.conv1,0.04984251782298088
47,blocks.9.conv2,0.04598654806613922
47,blocks.10.conv1,0.04734621196985245
47,blocks.10.conv2,0.049355924129486084
47,blocks.11.conv1,0.047697514295578
47,blocks.11.conv2,0.0509299635887146
47,blocks.12.conv1,0.05685438960790634
47,blocks.12.conv2,0.058674588799476624
47,blocks.13.conv1,0.059160854667425156
47,blocks.13.conv2,0.0605613999068737
47,blocks.14.conv1,0.0579880028963089
47,blocks.14.conv2,0.059642232954502106
47,blocks.15.conv1,0.05911938473582268
47,blocks.15.conv2,0.060759905725717545
47,blocks.16.conv1,0.06016538664698601
47,blocks.16.conv2,0.05891885608434677
47,blocks.17.conv1,0.06014955788850784
47,blocks.17.conv2,0.0588313564658165
47,blocks.18.conv1,0.05631967633962631
47,blocks.18.conv2,0.0562078021466732
47,blocks.19.conv1,0.055295802652835846
47,blocks.19.conv2,0.057541437447071075
47,blocks.20.conv1,0.058582987636327744
47,blocks.20.conv2,0.06012176349759102
47,blocks.21.conv1,0.062211427837610245
47,blocks.21.conv2,0.07226692140102386
47,blocks.22.conv1,0.07628884166479111
47,blocks.22.conv2,0.08307603001594543
47,blocks.23.conv1,0.0942341610789299
47,blocks.23.conv2,0.10169844329357147
47,blocks.24.conv1,0.11423110216856003
47,blocks.24.conv2,0.12626591324806213
47,blocks.25.conv1,0.13181152939796448
47,blocks.25.conv2,0.13458681106567383
47,blocks.26.conv1,0.1454951912164688
47,blocks.26.conv2,0.1476920247077942
47,blocks.27.conv1,0.15084891021251678
47,blocks.27.conv2,0.15156807005405426
47,blocks.28.conv1,0.14573980867862701
47,blocks.28.conv2,0.14790290594100952
47,blocks.29.conv1,0.14402072131633759
47,blocks.29.conv2,0.13864202797412872
47,blocks.30.conv1,0.13514509797096252
47,blocks.30.conv2,0.13777391612529755
47,blocks.31.conv1,0.13455753028392792
47,blocks.31.conv2,0.13060928881168365
47,mean_conv2d_grad_norm,0.08353863966006499
48,stem.0,0.09590716660022736
48,blocks.0.conv1,0.12699376046657562
48,blocks.0.conv2,0.1442262828350067
48,blocks.1.conv1,0.1373220831155777
48,blocks.1.conv2,0.1284817010164261
48,blocks.2.conv1,0.10985253006219864
48,blocks.2.conv2,0.08771681040525436
48,blocks.3.conv1,0.07147450000047684
48,blocks.3.conv2,0.05988574028015137
48,blocks.4.conv1,0.057039279490709305
48,blocks.4.conv2,0.055761516094207764
48,blocks.5.conv1,0.05708015337586403
48,blocks.5.conv2,0.06001245230436325
48,blocks.6.conv1,0.059788767248392105
48,blocks.6.conv2,0.058613624423742294
48,blocks.7.conv1,0.05395573750138283
48,blocks.7.conv2,0.05716419592499733
48,blocks.8.conv1,0.05658311769366264
48,blocks.8.conv2,0.055232301354408264
48,blocks.9.conv1,0.05510854348540306
48,blocks.9.conv2,0.051563456654548645
48,blocks.10.conv1,0.051775552332401276
48,blocks.10.conv2,0.05215006694197655
48,blocks.11.conv1,0.05138717219233513
48,blocks.11.conv2,0.052728183567523956
48,blocks.12.conv1,0.06133414804935455
48,blocks.12.conv2,0.06235221400856972
48,blocks.13.conv1,0.06233534589409828
48,blocks.13.conv2,0.06157337874174118
48,blocks.14.conv1,0.0641583651304245
48,blocks.14.conv2,0.0659429207444191
48,blocks.15.conv1,0.06524224579334259
48,blocks.15.conv2,0.06668128818273544
48,blocks.16.conv1,0.06534991413354874
48,blocks.16.conv2,0.06693986058235168
48,blocks.17.conv1,0.0659518912434578
48,blocks.17.conv2,0.06641494482755661
48,blocks.18.conv1,0.0643523633480072
48,blocks.18.conv2,0.06821735948324203
48,blocks.19.conv1,0.06484721601009369
48,blocks.19.conv2,0.06983140856027603
48,blocks.20.conv1,0.07076335698366165
48,blocks.20.conv2,0.07332468777894974
48,blocks.21.conv1,0.0773482471704483
48,blocks.21.conv2,0.07988990098237991
48,blocks.22.conv1,0.08745071291923523
48,blocks.22.conv2,0.0933639332652092
48,blocks.23.conv1,0.10625923424959183
48,blocks.23.conv2,0.11758286505937576
48,blocks.24.conv1,0.12938591837882996
48,blocks.24.conv2,0.14171209931373596
48,blocks.25.conv1,0.15038564801216125
48,blocks.25.conv2,0.162740558385849
48,blocks.26.conv1,0.1786459982395172
48,blocks.26.conv2,0.1893353909254074
48,blocks.27.conv1,0.19945046305656433
48,blocks.27.conv2,0.204228013753891
48,blocks.28.conv1,0.20022471249103546
48,blocks.28.conv2,0.1960054188966751
48,blocks.29.conv1,0.19390839338302612
48,blocks.29.conv2,0.2005917876958847
48,blocks.30.conv1,0.2054528146982193
48,blocks.30.conv2,0.2019454389810562
48,blocks.31.conv1,0.19350837171077728
48,blocks.31.conv2,0.18513068556785583
48,mean_conv2d_grad_norm,0.10043021864615954
49,stem.0,0.23800861835479736
49,blocks.0.conv1,0.21933332085609436
49,blocks.0.conv2,0.23924840986728668
49,blocks.1.conv1,0.208027184009552
49,blocks.1.conv2,0.19187508523464203
49,blocks.2.conv1,0.16627883911132812
49,blocks.2.conv2,0.1359899789094925
49,blocks.3.conv1,0.11226155608892441
49,blocks.3.conv2,0.09090378880500793
49,blocks.4.conv1,0.08584634214639664
49,blocks.4.conv2,0.08274082839488983
49,blocks.5.conv1,0.08645405620336533
49,blocks.5.conv2,0.08274000138044357
49,blocks.6.conv1,0.08587926626205444
49,blocks.6.conv2,0.08526358753442764
49,blocks.7.conv1,0.07690898329019547
49,blocks.7.conv2,0.07956278324127197
49,blocks.8.conv1,0.07804950326681137
49,blocks.8.conv2,0.07965864986181259
49,blocks.9.conv1,0.08032628148794174
49,blocks.9.conv2,0.07515818625688553
49,blocks.10.conv1,0.07264763116836548
49,blocks.10.conv2,0.07229004055261612
49,blocks.11.conv1,0.07857992500066757
49,blocks.11.conv2,0.0827447772026062
49,blocks.12.conv1,0.09208541363477707
49,blocks.12.conv2,0.09652082622051239
49,blocks.13.conv1,0.10577846318483353
49,blocks.13.conv2,0.09540144354104996
49,blocks.14.conv1,0.09320817142724991
49,blocks.14.conv2,0.09482625871896744
49,blocks.15.conv1,0.09337040781974792
49,blocks.15.conv2,0.09275352209806442
49,blocks.16.conv1,0.09223239123821259
49,blocks.16.conv2,0.09237183630466461
49,blocks.17.conv1,0.09502197057008743
49,blocks.17.conv2,0.09141935408115387
49,blocks.18.conv1,0.0908452719449997
49,blocks.18.conv2,0.09082213789224625
49,blocks.19.conv1,0.09244196861982346
49,blocks.19.conv2,0.0930909663438797
49,blocks.20.conv1,0.08907492458820343
49,blocks.20.conv2,0.0987972691655159
49,blocks.21.conv1,0.10796967148780823
49,blocks.21.conv2,0.11577049642801285
49,blocks.22.conv1,0.12308739870786667
49,blocks.22.conv2,0.1298038512468338
49,blocks.23.conv1,0.13410203158855438
49,blocks.23.conv2,0.1426202803850174
49,blocks.24.conv1,0.155793696641922
49,blocks.24.conv2,0.17516745626926422
49,blocks.25.conv1,0.1837410181760788
49,blocks.25.conv2,0.19119565188884735
49,blocks.26.conv1,0.2101755440235138
49,blocks.26.conv2,0.2149287909269333
49,blocks.27.conv1,0.22211435437202454
49,blocks.27.conv2,0.2339845895767212
49,blocks.28.conv1,0.21421507000923157
49,blocks.28.conv2,0.20886413753032684
49,blocks.29.conv1,0.20288220047950745
49,blocks.29.conv2,0.19132445752620697
49,blocks.30.conv1,0.18929660320281982
49,blocks.30.conv2,0.19285500049591064
49,blocks.31.conv1,0.18672913312911987
49,blocks.31.conv2,0.18055428564548492
49,mean_conv2d_grad_norm,0.13052332217876728
50,stem.0,0.2329869419336319
50,blocks.0.conv1,0.22514161467552185
50,blocks.0.conv2,0.24254068732261658
50,blocks.1.conv1,0.24446558952331543
50,blocks.1.conv2,0.2297327220439911
50,blocks.2.conv1,0.19920772314071655
50,blocks.2.conv2,0.15412384271621704
50,blocks.3.conv1,0.13085752725601196
50,blocks.3.conv2,0.10505814105272293
50,blocks.4.conv1,0.0931764468550682
50,blocks.4.conv2,0.08549743890762329
50,blocks.5.conv1,0.09168671816587448
50,blocks.5.conv2,0.09236361086368561
50,blocks.6.conv1,0.09666742384433746
50,blocks.6.conv2,0.09658382833003998
50,blocks.7.conv1,0.08964652568101883
50,blocks.7.conv2,0.09291399270296097
50,blocks.8.conv1,0.0885104238986969
50,blocks.8.conv2,0.09266133606433868
50,blocks.9.conv1,0.09389964491128922
50,blocks.9.conv2,0.08648769557476044
50,blocks.10.conv1,0.08008625358343124
50,blocks.10.conv2,0.0830477923154831
50,blocks.11.conv1,0.08786497265100479
50,blocks.11.conv2,0.09336171299219131
50,blocks.12.conv1,0.09166880697011948
50,blocks.12.conv2,0.09768830984830856
50,blocks.13.conv1,0.09334041178226471
50,blocks.13.conv2,0.08980175107717514
50,blocks.14.conv1,0.08742143213748932
50,blocks.14.conv2,0.09306536614894867
50,blocks.15.conv1,0.09567779302597046
50,blocks.15.conv2,0.0951814278960228
50,blocks.16.conv1,0.09237530827522278
50,blocks.16.conv2,0.09448383003473282
50,blocks.17.conv1,0.09864474087953568
50,blocks.17.conv2,0.0981016680598259
50,blocks.18.conv1,0.09536021947860718
50,blocks.18.conv2,0.09634973108768463
50,blocks.19.conv1,0.0917135551571846
50,blocks.19.conv2,0.09461889415979385
50,blocks.20.conv1,0.1021910011768341
50,blocks.20.conv2,0.1060873419046402
50,blocks.21.conv1,0.11708459258079529
50,blocks.21.conv2,0.12883782386779785
50,blocks.22.conv1,0.13415740430355072
50,blocks.22.conv2,0.14147506654262543
50,blocks.23.conv1,0.15262839198112488
50,blocks.23.conv2,0.16328999400138855
50,blocks.24.conv1,0.17650610208511353
50,blocks.24.conv2,0.1941029578447342
50,blocks.25.conv1,0.2071501463651657
50,blocks.25.conv2,0.21659225225448608
50,blocks.26.conv1,0.23509778082370758
50,blocks.26.conv2,0.24645566940307617
50,blocks.27.conv1,0.2524607181549072
50,blocks.27.conv2,0.2637653350830078
50,blocks.28.conv1,0.24406597018241882
50,blocks.28.conv2,0.23333336412906647
50,blocks.29.conv1,0.22641834616661072
50,blocks.29.conv2,0.21496133506298065
50,blocks.30.conv1,0.21083250641822815
50,blocks.30.conv2,0.20420239865779877
50,blocks.31.conv1,0.1954602301120758
50,blocks.31.conv2,0.18534623086452484
50,mean_conv2d_grad_norm,0.14256256635372455
51,stem.0,0.09544380754232407
51,blocks.0.conv1,0.1341158151626587
51,blocks.0.conv2,0.1308775395154953
51,blocks.1.conv1,0.13047808408737183
51,blocks.1.conv2,0.1295424848794937
51,blocks.2.conv1,0.11157769709825516
51,blocks.2.conv2,0.09028404951095581
51,blocks.3.conv1,0.0765828788280487
51,blocks.3.conv2,0.06370177865028381
51,blocks.4.conv1,0.057960741221904755
51,blocks.4.conv2,0.05781799182295799
51,blocks.5.conv1,0.05531736835837364
51,blocks.5.conv2,0.055372998118400574
51,blocks.6.conv1,0.05820514261722565
51,blocks.6.conv2,0.05651790276169777
51,blocks.7.conv1,0.05482235550880432
51,blocks.7.conv2,0.05609312653541565
51,blocks.8.conv1,0.055028513073921204
51,blocks.8.conv2,0.05627036839723587
51,blocks.9.conv1,0.05562645569443703
51,blocks.9.conv2,0.05266474932432175
51,blocks.10.conv1,0.05036032572388649
51,blocks.10.conv2,0.05158359557390213
51,blocks.11.conv1,0.05004238337278366
51,blocks.11.conv2,0.055051203817129135
51,blocks.12.conv1,0.05732225254178047
51,blocks.12.conv2,0.06259363889694214
51,blocks.13.conv1,0.061177417635917664
51,blocks.13.conv2,0.059223756194114685
51,blocks.14.conv1,0.05845405533909798
51,blocks.14.conv2,0.06222536414861679
51,blocks.15.conv1,0.06085015833377838
51,blocks.15.conv2,0.05958954989910126
51,blocks.16.conv1,0.06010023131966591
51,blocks.16.conv2,0.061440203338861465
51,blocks.17.conv1,0.061297424137592316
51,blocks.17.conv2,0.06444776058197021
51,blocks.18.conv1,0.06551755219697952
51,blocks.18.conv2,0.061328232288360596
51,blocks.19.conv1,0.06009741500020027
51,blocks.19.conv2,0.06324480473995209
51,blocks.20.conv1,0.06168043240904808
51,blocks.20.conv2,0.06562260538339615
51,blocks.21.conv1,0.07533861696720123
51,blocks.21.conv2,0.08083377033472061
51,blocks.22.conv1,0.0863952562212944
51,blocks.22.conv2,0.09630004316568375
51,blocks.23.conv1,0.11321011185646057
51,blocks.23.conv2,0.11457101255655289
51,blocks.24.conv1,0.11995366215705872
51,blocks.24.conv2,0.13104760646820068
51,blocks.25.conv1,0.140828937292099
51,blocks.25.conv2,0.15273965895175934
51,blocks.26.conv1,0.1552211493253708
51,blocks.26.conv2,0.16343601047992706
51,blocks.27.conv1,0.1718292534351349
51,blocks.27.conv2,0.17589883506298065
51,blocks.28.conv1,0.16880619525909424
51,blocks.28.conv2,0.16057871282100677
51,blocks.29.conv1,0.15520696341991425
51,blocks.29.conv2,0.1524532288312912
51,blocks.30.conv1,0.1491236388683319
51,blocks.30.conv2,0.14782539010047913
51,blocks.31.conv1,0.15201468765735626
51,blocks.31.conv2,0.14143970608711243
51,mean_conv2d_grad_norm,0.09157853321387217
52,stem.0,0.20581890642642975
52,blocks.0.conv1,0.172637939453125
52,blocks.0.conv2,0.19317962229251862
52,blocks.1.conv1,0.19058367609977722
52,blocks.1.conv2,0.17333932220935822
52,blocks.2.conv1,0.14902634918689728
52,blocks.2.conv2,0.11708367615938187
52,blocks.3.conv1,0.093818798661232
52,blocks.3.conv2,0.07460244745016098
52,blocks.4.conv1,0.06961148232221603
52,blocks.4.conv2,0.07076586037874222
52,blocks.5.conv1,0.0769665539264679
52,blocks.5.conv2,0.07648193091154099
52,blocks.6.conv1,0.07570146769285202
52,blocks.6.conv2,0.07274247705936432
52,blocks.7.conv1,0.0756121575832367
52,blocks.7.conv2,0.0781397894024849
52,blocks.8.conv1,0.07218554615974426
52,blocks.8.conv2,0.07436149567365646
52,blocks.9.conv1,0.07455295324325562
52,blocks.9.conv2,0.07308126240968704
52,blocks.10.conv1,0.06887801736593246
52,blocks.10.conv2,0.0688709020614624
52,blocks.11.conv1,0.06846079975366592
52,blocks.11.conv2,0.07216033339500427
52,blocks.12.conv1,0.07460147887468338
52,blocks.12.conv2,0.07891721278429031
52,blocks.13.conv1,0.08215425908565521
52,blocks.13.conv2,0.08184628933668137
52,blocks.14.conv1,0.08177724480628967
52,blocks.14.conv2,0.08536681532859802
52,blocks.15.conv1,0.08126953989267349
52,blocks.15.conv2,0.0801626518368721
52,blocks.16.conv1,0.07655037194490433
52,blocks.16.conv2,0.08187610656023026
52,blocks.17.conv1,0.08423624187707901
52,blocks.17.conv2,0.08611584454774857
52,blocks.18.conv1,0.08446938544511795
52,blocks.18.conv2,0.08017715066671371
52,blocks.19.conv1,0.07832306623458862
52,blocks.19.conv2,0.07991770654916763
52,blocks.20.conv1,0.08445185422897339
52,blocks.20.conv2,0.08832792192697525
52,blocks.21.conv1,0.09432344138622284
52,blocks.21.conv2,0.1076861098408699
52,blocks.22.conv1,0.11966746300458908
52,blocks.22.conv2,0.12870857119560242
52,blocks.23.conv1,0.13978677988052368
52,blocks.23.conv2,0.14790302515029907
52,blocks.24.conv1,0.1667322814464569
52,blocks.24.conv2,0.17901334166526794
52,blocks.25.conv1,0.18399390578269958
52,blocks.25.conv2,0.19587387144565582
52,blocks.26.conv1,0.2105797380208969
52,blocks.26.conv2,0.22017799317836761
52,blocks.27.conv1,0.22933608293533325
52,blocks.27.conv2,0.2272791713476181
52,blocks.28.conv1,0.22063656151294708
52,blocks.28.conv2,0.2144489288330078
52,blocks.29.conv1,0.20071133971214294
52,blocks.29.conv2,0.19389542937278748
52,blocks.30.conv1,0.19477233290672302
52,blocks.30.conv2,0.1876828819513321
52,blocks.31.conv1,0.18547192215919495
52,blocks.31.conv2,0.17605462670326233
52,mean_conv2d_grad_norm,0.12206062628672673
53,stem.0,0.14503242075443268
53,blocks.0.conv1,0.17557145655155182
53,blocks.0.conv2,0.18893547356128693
53,blocks.1.conv1,0.16829194128513336
53,blocks.1.conv2,0.15249750018119812
53,blocks.2.conv1,0.12641632556915283
53,blocks.2.conv2,0.10680828243494034
53,blocks.3.conv1,0.09207325428724289
53,blocks.3.conv2,0.07692914456129074
53,blocks.4.conv1,0.066629558801651
53,blocks.4.conv2,0.06850851327180862
53,blocks.5.conv1,0.07545481622219086
53,blocks.5.conv2,0.0772654190659523
53,blocks.6.conv1,0.07189614325761795
53,blocks.6.conv2,0.07082173228263855
53,blocks.7.conv1,0.06723462045192719
53,blocks.7.conv2,0.06874698400497437
53,blocks.8.conv1,0.06800087541341782
53,blocks.8.conv2,0.07234145700931549
53,blocks.9.conv1,0.07391351461410522
53,blocks.9.conv2,0.07292646169662476
53,blocks.10.conv1,0.06898412108421326
53,blocks.10.conv2,0.07087530940771103
53,blocks.11.conv1,0.07073990255594254
53,blocks.11.conv2,0.07537340372800827
53,blocks.12.conv1,0.07671070843935013
53,blocks.12.conv2,0.07832780480384827
53,blocks.13.conv1,0.07686755806207657
53,blocks.13.conv2,0.0766422227025032
53,blocks.14.conv1,0.0795692503452301
53,blocks.14.conv2,0.08123711496591568
53,blocks.15.conv1,0.08197908848524094
53,blocks.15.conv2,0.08150631189346313
53,blocks.16.conv1,0.08157111704349518
53,blocks.16.conv2,0.07993919402360916
53,blocks.17.conv1,0.08047346770763397
53,blocks.17.conv2,0.08104730397462845
53,blocks.18.conv1,0.0794883444905281
53,blocks.18.conv2,0.07370053231716156
53,blocks.19.conv1,0.07273878157138824
53,blocks.19.conv2,0.07428733259439468
53,blocks.20.conv1,0.0787007287144661
53,blocks.20.conv2,0.07913930714130402
53,blocks.21.conv1,0.09051936119794846
53,blocks.21.conv2,0.10180538147687912
53,blocks.22.conv1,0.10603731870651245
53,blocks.22.conv2,0.11606415361166
53,blocks.23.conv1,0.1255183070898056
53,blocks.23.conv2,0.13595050573349
53,blocks.24.conv1,0.14402231574058533
53,blocks.24.conv2,0.15697777271270752
53,blocks.25.conv1,0.16533909738063812
53,blocks.25.conv2,0.18362455070018768
53,blocks.26.conv1,0.19149498641490936
53,blocks.26.conv2,0.19118188321590424
53,blocks.27.conv1,0.19536812603473663
53,blocks.27.conv2,0.19698379933834076
53,blocks.28.conv1,0.19531026482582092
53,blocks.28.conv2,0.1921110600233078
53,blocks.29.conv1,0.18931902945041656
53,blocks.29.conv2,0.18676792085170746
53,blocks.30.conv1,0.17208050191402435
53,blocks.30.conv2,0.16105468571186066
53,blocks.31.conv1,0.14568553864955902
53,blocks.31.conv2,0.12644131481647491
53,mean_conv2d_grad_norm,0.11162850272196989
54,stem.0,0.12423107773065567
54,blocks.0.conv1,0.17830093204975128
54,blocks.0.conv2,0.17655344307422638
54,blocks.1.conv1,0.16779406368732452
54,blocks.1.conv2,0.1474796086549759
54,blocks.2.conv1,0.13349319994449615
54,blocks.2.conv2,0.10202909260988235
54,blocks.3.conv1,0.07974155247211456
54,blocks.3.conv2,0.0710221603512764
54,blocks.4.conv1,0.051761940121650696
54,blocks.4.conv2,0.051043663173913956
54,blocks.5.conv1,0.05018269270658493
54,blocks.5.conv2,0.05275435373187065
54,blocks.6.conv1,0.054300762712955475
54,blocks.6.conv2,0.05150434374809265
54,blocks.7.conv1,0.04734325408935547
54,blocks.7.conv2,0.04814516752958298
54,blocks.8.conv1,0.048212260007858276
54,blocks.8.conv2,0.04935881122946739
54,blocks.9.conv1,0.050160013139247894
54,blocks.9.conv2,0.05143725499510765
54,blocks.10.conv1,0.04709957540035248
54,blocks.10.conv2,0.04772088676691055
54,blocks.11.conv1,0.04954042285680771
54,blocks.11.conv2,0.05589282885193825
54,blocks.12.conv1,0.06053370609879494
54,blocks.12.conv2,0.06349527835845947
54,blocks.13.conv1,0.06629766523838043
54,blocks.13.conv2,0.06448093801736832
54,blocks.14.conv1,0.0650334507226944
54,blocks.14.conv2,0.06785597652196884
54,blocks.15.conv1,0.0610787570476532
54,blocks.15.conv2,0.05951603502035141
54,blocks.16.conv1,0.06538538634777069
54,blocks.16.conv2,0.06590142846107483
54,blocks.17.conv1,0.06547031551599503
54,blocks.17.conv2,0.06595809012651443
54,blocks.18.conv1,0.062520831823349
54,blocks.18.conv2,0.06163987144827843
54,blocks.19.conv1,0.05902426317334175
54,blocks.19.conv2,0.05876360461115837
54,blocks.20.conv1,0.06272739171981812
54,blocks.20.conv2,0.06451265513896942
54,blocks.21.conv1,0.06865487992763519
54,blocks.21.conv2,0.07926303148269653
54,blocks.22.conv1,0.08955765515565872
54,blocks.22.conv2,0.09595835208892822
54,blocks.23.conv1,0.10591032356023788
54,blocks.23.conv2,0.11197542399168015
54,blocks.24.conv1,0.12630897760391235
54,blocks.24.conv2,0.13613629341125488
54,blocks.25.conv1,0.14948852360248566
54,blocks.25.conv2,0.15710413455963135
54,blocks.26.conv1,0.17065133154392242
54,blocks.26.conv2,0.1769348382949829
54,blocks.27.conv1,0.18207502365112305
54,blocks.27.conv2,0.19137327373027802
54,blocks.28.conv1,0.18852834403514862
54,blocks.28.conv2,0.18537308275699615
54,blocks.29.conv1,0.18089306354522705
54,blocks.29.conv2,0.16894112527370453
54,blocks.30.conv1,0.16019529104232788
54,blocks.30.conv2,0.1573595553636551
54,blocks.31.conv1,0.1522020846605301
54,blocks.31.conv2,0.1388683021068573
54,mean_conv2d_grad_norm,0.09693926028334178
55,stem.0,0.11130083352327347
55,blocks.0.conv1,0.1312449723482132
55,blocks.0.conv2,0.13298097252845764
55,blocks.1.conv1,0.132945254445076
55,blocks.1.conv2,0.12147888541221619
55,blocks.2.conv1,0.1059037446975708
55,blocks.2.conv2,0.09058403968811035
55,blocks.3.conv1,0.0723499283194542
55,blocks.3.conv2,0.062137965112924576
55,blocks.4.conv1,0.057088807225227356
55,blocks.4.conv2,0.06015171483159065
55,blocks.5.conv1,0.05906593054533005
55,blocks.5.conv2,0.06037771701812744
55,blocks.6.conv1,0.05825585871934891
55,blocks.6.conv2,0.05571236088871956
55,blocks.7.conv1,0.05468360334634781
55,blocks.7.conv2,0.054155945777893066
55,blocks.8.conv1,0.054221708327531815
55,blocks.8.conv2,0.054793257266283035
55,blocks.9.conv1,0.053396496921777725
55,blocks.9.conv2,0.049573276191949844
55,blocks.10.conv1,0.05012882128357887
55,blocks.10.conv2,0.047156255692243576
55,blocks.11.conv1,0.05145245045423508
55,blocks.11.conv2,0.05417058244347572
55,blocks.12.conv1,0.057196244597435
55,blocks.12.conv2,0.05921303108334541
55,blocks.13.conv1,0.058967459946870804
55,blocks.13.conv2,0.054877493530511856
55,blocks.14.conv1,0.056556038558483124
55,blocks.14.conv2,0.06002142280340195
55,blocks.15.conv1,0.05659430846571922
55,blocks.15.conv2,0.05557989329099655
55,blocks.16.conv1,0.054153189063072205
55,blocks.16.conv2,0.055522218346595764
55,blocks.17.conv1,0.054034825414419174
55,blocks.17.conv2,0.05751794949173927
55,blocks.18.conv1,0.05632669851183891
55,blocks.18.conv2,0.05369904264807701
55,blocks.19.conv1,0.051569532603025436
55,blocks.19.conv2,0.05308462306857109
55,blocks.20.conv1,0.05529741942882538
55,blocks.20.conv2,0.06067559868097305
55,blocks.21.conv1,0.06396163254976273
55,blocks.21.conv2,0.0698157548904419
55,blocks.22.conv1,0.07872787117958069
55,blocks.22.conv2,0.08302103728055954
55,blocks.23.conv1,0.08912771195173264
55,blocks.23.conv2,0.09943657368421555
55,blocks.24.conv1,0.10755681991577148
55,blocks.24.conv2,0.1212618350982666
55,blocks.25.conv1,0.1383972316980362
55,blocks.25.conv2,0.14955778419971466
55,blocks.26.conv1,0.15770649909973145
55,blocks.26.conv2,0.15329532325267792
55,blocks.27.conv1,0.16252358257770538
55,blocks.27.conv2,0.16731202602386475
55,blocks.28.conv1,0.16939735412597656
55,blocks.28.conv2,0.17540962994098663
55,blocks.29.conv1,0.17149586975574493
55,blocks.29.conv2,0.16276000440120697
55,blocks.30.conv1,0.16176439821720123
55,blocks.30.conv2,0.1585981696844101
55,blocks.31.conv1,0.14540396630764008
55,blocks.31.conv2,0.1240697056055069
55,mean_conv2d_grad_norm,0.08856614083051681
56,stem.0,0.11827874928712845
56,blocks.0.conv1,0.1293201893568039
56,blocks.0.conv2,0.15759684145450592
56,blocks.1.conv1,0.15207506716251373
56,blocks.1.conv2,0.14339056611061096
56,blocks.2.conv1,0.1287682056427002
56,blocks.2.conv2,0.10819990932941437
56,blocks.3.conv1,0.09166214615106583
56,blocks.3.conv2,0.07759910076856613
56,blocks.4.conv1,0.07477881759405136
56,blocks.4.conv2,0.06992366909980774
56,blocks.5.conv1,0.07283321022987366
56,blocks.5.conv2,0.07222814112901688
56,blocks.6.conv1,0.07124686986207962
56,blocks.6.conv2,0.07167550176382065
56,blocks.7.conv1,0.06583698838949203
56,blocks.7.conv2,0.06799755990505219
56,blocks.8.conv1,0.0651463195681572
56,blocks.8.conv2,0.06662862747907639
56,blocks.9.conv1,0.06446443498134613
56,blocks.9.conv2,0.06397324800491333
56,blocks.10.conv1,0.061209071427583694
56,blocks.10.conv2,0.06120949238538742
56,blocks.11.conv1,0.06046219915151596
56,blocks.11.conv2,0.06338164955377579
56,blocks.12.conv1,0.06625405699014664
56,blocks.12.conv2,0.07089318335056305
56,blocks.13.conv1,0.07307007163763046
56,blocks.13.conv2,0.07393071055412292
56,blocks.14.conv1,0.07185006141662598
56,blocks.14.conv2,0.06853006780147552
56,blocks.15.conv1,0.07052136957645416
56,blocks.15.conv2,0.06965682655572891
56,blocks.16.conv1,0.06827469170093536
56,blocks.16.conv2,0.07239511609077454
56,blocks.17.conv1,0.07255559414625168
56,blocks.17.conv2,0.07197029888629913
56,blocks.18.conv1,0.06947890669107437
56,blocks.18.conv2,0.06750275939702988
56,blocks.19.conv1,0.06480994820594788
56,blocks.19.conv2,0.06717982888221741
56,blocks.20.conv1,0.07183654606342316
56,blocks.20.conv2,0.07576756924390793
56,blocks.21.conv1,0.08158987015485764
56,blocks.21.conv2,0.08752381801605225
56,blocks.22.conv1,0.0956987664103508
56,blocks.22.conv2,0.10933379828929901
56,blocks.23.conv1,0.12111850827932358
56,blocks.23.conv2,0.12862122058868408
56,blocks.24.conv1,0.1399056762456894
56,blocks.24.conv2,0.14841066300868988
56,blocks.25.conv1,0.15959063172340393
56,blocks.25.conv2,0.17819517850875854
56,blocks.26.conv1,0.191457137465477
56,blocks.26.conv2,0.19014693796634674
56,blocks.27.conv1,0.21136333048343658
56,blocks.27.conv2,0.22225649654865265
56,blocks.28.conv1,0.22042804956436157
56,blocks.28.conv2,0.20893555879592896
56,blocks.29.conv1,0.20248304307460785
56,blocks.29.conv2,0.19873623549938202
56,blocks.30.conv1,0.18858586251735687
56,blocks.30.conv2,0.1860479712486267
56,blocks.31.conv1,0.1740148514509201
56,blocks.31.conv2,0.14968006312847137
56,mean_conv2d_grad_norm,0.10831519772226994
57,stem.0,0.13347385823726654
57,blocks.0.conv1,0.14147911965847015
57,blocks.0.conv2,0.15610967576503754
57,blocks.1.conv1,0.15845750272274017
57,blocks.1.conv2,0.1414414346218109
57,blocks.2.conv1,0.12063533067703247
57,blocks.2.conv2,0.10681233555078506
57,blocks.3.conv1,0.09493763744831085
57,blocks.3.conv2,0.08424822241067886
57,blocks.4.conv1,0.07914511114358902
57,blocks.4.conv2,0.07894685119390488
57,blocks.5.conv1,0.07778985053300858
57,blocks.5.conv2,0.07822688668966293
57,blocks.6.conv1,0.07260074466466904
57,blocks.6.conv2,0.07404956221580505
57,blocks.7.conv1,0.06988382339477539
57,blocks.7.conv2,0.06987740099430084
57,blocks.8.conv1,0.06879309564828873
57,blocks.8.conv2,0.07270264625549316
57,blocks.9.conv1,0.0752825140953064
57,blocks.9.conv2,0.0715433806180954
57,blocks.10.conv1,0.06856980174779892
57,blocks.10.conv2,0.0683228075504303
57,blocks.11.conv1,0.07177475839853287
57,blocks.11.conv2,0.07080652564764023
57,blocks.12.conv1,0.07622995972633362
57,blocks.12.conv2,0.0785098746418953
57,blocks.13.conv1,0.08076029270887375
57,blocks.13.conv2,0.08180462568998337
57,blocks.14.conv1,0.07976394891738892
57,blocks.14.conv2,0.08221960812807083
57,blocks.15.conv1,0.08032391965389252
57,blocks.15.conv2,0.07401377707719803
57,blocks.16.conv1,0.07590103894472122
57,blocks.16.conv2,0.08124560117721558
57,blocks.17.conv1,0.07869723439216614
57,blocks.17.conv2,0.08140631020069122
57,blocks.18.conv1,0.07662779092788696
57,blocks.18.conv2,0.07478085905313492
57,blocks.19.conv1,0.07362295687198639
57,blocks.19.conv2,0.07611990720033646
57,blocks.20.conv1,0.07785316556692123
57,blocks.20.conv2,0.07905744761228561
57,blocks.21.conv1,0.08311224728822708
57,blocks.21.conv2,0.08966680616140366
57,blocks.22.conv1,0.09649340063333511
57,blocks.22.conv2,0.10429972410202026
57,blocks.23.conv1,0.11430955678224564
57,blocks.23.conv2,0.12164872884750366
57,blocks.24.conv1,0.13788464665412903
57,blocks.24.conv2,0.15958817303180695
57,blocks.25.conv1,0.17162251472473145
57,blocks.25.conv2,0.17950956523418427
57,blocks.26.conv1,0.19126498699188232
57,blocks.26.conv2,0.19662533700466156
57,blocks.27.conv1,0.198507621884346
57,blocks.27.conv2,0.19841928780078888
57,blocks.28.conv1,0.18866878747940063
57,blocks.28.conv2,0.19018621742725372
57,blocks.29.conv1,0.18415646255016327
57,blocks.29.conv2,0.17916908860206604
57,blocks.30.conv1,0.16999907791614532
57,blocks.30.conv2,0.16257092356681824
57,blocks.31.conv1,0.14681538939476013
57,blocks.31.conv2,0.12014997005462646
57,mean_conv2d_grad_norm,0.1092233493924141
58,stem.0,0.1378915011882782
58,blocks.0.conv1,0.18822595477104187
58,blocks.0.conv2,0.18034480512142181
58,blocks.1.conv1,0.18477509915828705
58,blocks.1.conv2,0.17052842676639557
58,blocks.2.conv1,0.14692817628383636
58,blocks.2.conv2,0.11954054981470108
58,blocks.3.conv1,0.09459041059017181
58,blocks.3.conv2,0.0791381374001503
58,blocks.4.conv1,0.0717836394906044
58,blocks.4.conv2,0.06726305931806564
58,blocks.5.conv1,0.06593824177980423
58,blocks.5.conv2,0.06657105684280396
58,blocks.6.conv1,0.06493409723043442
58,blocks.6.conv2,0.06718632578849792
58,blocks.7.conv1,0.06291808187961578
58,blocks.7.conv2,0.06347250938415527
58,blocks.8.conv1,0.06437179446220398
58,blocks.8.conv2,0.06430993974208832
58,blocks.9.conv1,0.06710492074489594
58,blocks.9.conv2,0.06661782413721085
58,blocks.10.conv1,0.06108774244785309
58,blocks.10.conv2,0.06226648762822151
58,blocks.11.conv1,0.060039471834897995
58,blocks.11.conv2,0.06424208730459213
58,blocks.12.conv1,0.06906077265739441
58,blocks.12.conv2,0.07151076942682266
58,blocks.13.conv1,0.07159063965082169
58,blocks.13.conv2,0.07471475750207901
58,blocks.14.conv1,0.07296842336654663
58,blocks.14.conv2,0.07252178341150284
58,blocks.15.conv1,0.07311686128377914
58,blocks.15.conv2,0.07031295448541641
58,blocks.16.conv1,0.06619969010353088
58,blocks.16.conv2,0.06970512866973877
58,blocks.17.conv1,0.07147087156772614
58,blocks.17.conv2,0.07210838794708252
58,blocks.18.conv1,0.07142648845911026
58,blocks.18.conv2,0.06932467967271805
58,blocks.19.conv1,0.06977639347314835
58,blocks.19.conv2,0.07136815786361694
58,blocks.20.conv1,0.07675489038228989
58,blocks.20.conv2,0.08016945421695709
58,blocks.21.conv1,0.0893637090921402
58,blocks.21.conv2,0.10105889290571213
58,blocks.22.conv1,0.11065555363893509
58,blocks.22.conv2,0.11769348382949829
58,blocks.23.conv1,0.12888981401920319
58,blocks.23.conv2,0.13689297437667847
58,blocks.24.conv1,0.151955708861351
58,blocks.24.conv2,0.16348429024219513
58,blocks.25.conv1,0.17582935094833374
58,blocks.25.conv2,0.19011430442333221
58,blocks.26.conv1,0.19895945489406586
58,blocks.26.conv2,0.20380939543247223
58,blocks.27.conv1,0.2180727869272232
58,blocks.27.conv2,0.22839678823947906
58,blocks.28.conv1,0.2195233255624771
58,blocks.28.conv2,0.22015295922756195
58,blocks.29.conv1,0.20823685824871063
58,blocks.29.conv2,0.20037846267223358
58,blocks.30.conv1,0.18857626616954803
58,blocks.30.conv2,0.17523449659347534
58,blocks.31.conv1,0.16793721914291382
58,blocks.31.conv2,0.14691363275051117
58,mean_conv2d_grad_norm,0.1135123257453625
59,stem.0,0.107381671667099
59,blocks.0.conv1,0.12414134293794632
59,blocks.0.conv2,0.13688746094703674
59,blocks.1.conv1,0.1416180580854416
59,blocks.1.conv2,0.13507486879825592
59,blocks.2.conv1,0.11875085532665253
59,blocks.2.conv2,0.10258843004703522
59,blocks.3.conv1,0.08871711045503616
59,blocks.3.conv2,0.072146475315094
59,blocks.4.conv1,0.066372349858284
59,blocks.4.conv2,0.06674043834209442
59,blocks.5.conv1,0.061560098081827164
59,blocks.5.conv2,0.06241064518690109
59,blocks.6.conv1,0.060523621737957
59,blocks.6.conv2,0.05904635787010193
59,blocks.7.conv1,0.05691409483551979
59,blocks.7.conv2,0.056575506925582886
59,blocks.8.conv1,0.05740482732653618
59,blocks.8.conv2,0.055469758808612823
59,blocks.9.conv1,0.0546228252351284
59,blocks.9.conv2,0.05531195551156998
59,blocks.10.conv1,0.056267838925123215
59,blocks.10.conv2,0.05719376355409622
59,blocks.11.conv1,0.05789885297417641
59,blocks.11.conv2,0.06098049879074097
59,blocks.12.conv1,0.060604024678468704
59,blocks.12.conv2,0.06441187858581543
59,blocks.13.conv1,0.06522323936223984
59,blocks.13.conv2,0.06666062027215958
59,blocks.14.conv1,0.06355897337198257
59,blocks.14.conv2,0.06152484938502312
59,blocks.15.conv1,0.06129525229334831
59,blocks.15.conv2,0.05834793671965599
59,blocks.16.conv1,0.056186918169260025
59,blocks.16.conv2,0.06002865731716156
59,blocks.17.conv1,0.06276413798332214
59,blocks.17.conv2,0.0627267062664032
59,blocks.18.conv1,0.059847142547369
59,blocks.18.conv2,0.058457713574171066
59,blocks.19.conv1,0.056563328951597214
59,blocks.19.conv2,0.058637917041778564
59,blocks.20.conv1,0.061484094709157944
59,blocks.20.conv2,0.06390628963708878
59,blocks.21.conv1,0.06956097483634949
59,blocks.21.conv2,0.07673169672489166
59,blocks.22.conv1,0.08347753435373306
59,blocks.22.conv2,0.08779581636190414
59,blocks.23.conv1,0.09504751861095428
59,blocks.23.conv2,0.10655924677848816
59,blocks.24.conv1,0.11615441739559174
59,blocks.24.conv2,0.12851814925670624
59,blocks.25.conv1,0.14304010570049286
59,blocks.25.conv2,0.1556134819984436
59,blocks.26.conv1,0.164036363363266
59,blocks.26.conv2,0.18096895515918732
59,blocks.27.conv1,0.18250705301761627
59,blocks.27.conv2,0.18892470002174377
59,blocks.28.conv1,0.19639989733695984
59,blocks.28.conv2,0.19464261829853058
59,blocks.29.conv1,0.18527169525623322
59,blocks.29.conv2,0.17843760550022125
59,blocks.30.conv1,0.17724157869815826
59,blocks.30.conv2,0.17470988631248474
59,blocks.31.conv1,0.16257335245609283
59,blocks.31.conv2,0.13916239142417908
59,mean_conv2d_grad_norm,0.09634160657341663
60,stem.0,0.11812837421894073
60,blocks.0.conv1,0.17141573131084442
60,blocks.0.conv2,0.18455003201961517
60,blocks.1.conv1,0.16904480755329132
60,blocks.1.conv2,0.1479834020137787
60,blocks.2.conv1,0.127926766872406
60,blocks.2.conv2,0.10637827962636948
60,blocks.3.conv1,0.093402199447155
60,blocks.3.conv2,0.08212078362703323
60,blocks.4.conv1,0.0812731385231018
60,blocks.4.conv2,0.0791606679558754
60,blocks.5.conv1,0.0810350626707077
60,blocks.5.conv2,0.08067481964826584
60,blocks.6.conv1,0.08499441295862198
60,blocks.6.conv2,0.07983905076980591
60,blocks.7.conv1,0.07709149271249771
60,blocks.7.conv2,0.07887665182352066
60,blocks.8.conv1,0.07776220887899399
60,blocks.8.conv2,0.08067487925291061
60,blocks.9.conv1,0.07996823638677597
60,blocks.9.conv2,0.08240574598312378
60,blocks.10.conv1,0.07690038532018661
60,blocks.10.conv2,0.0776122584939003
60,blocks.11.conv1,0.0775454193353653
60,blocks.11.conv2,0.08021540194749832
60,blocks.12.conv1,0.0764504224061966
60,blocks.12.conv2,0.08419697731733322
60,blocks.13.conv1,0.09006143361330032
60,blocks.13.conv2,0.08384793251752853
60,blocks.14.conv1,0.08437807857990265
60,blocks.14.conv2,0.08223504573106766
60,blocks.15.conv1,0.08274472504854202
60,blocks.15.conv2,0.07632366567850113
60,blocks.16.conv1,0.07621092349290848
60,blocks.16.conv2,0.07855906337499619
60,blocks.17.conv1,0.07924589514732361
60,blocks.17.conv2,0.08249015361070633
60,blocks.18.conv1,0.07819753885269165
60,blocks.18.conv2,0.07500268518924713
60,blocks.19.conv1,0.07316267490386963
60,blocks.19.conv2,0.07241731137037277
60,blocks.20.conv1,0.07386112958192825
60,blocks.20.conv2,0.0766461193561554
60,blocks.21.conv1,0.08723028004169464
60,blocks.21.conv2,0.09580539911985397
60,blocks.22.conv1,0.10736405104398727
60,blocks.22.conv2,0.12044909596443176
60,blocks.23.conv1,0.12743230164051056
60,blocks.23.conv2,0.1322210133075714
60,blocks.24.conv1,0.15244624018669128
60,blocks.24.conv2,0.16021586954593658
60,blocks.25.conv1,0.1701267659664154
60,blocks.25.conv2,0.18487274646759033
60,blocks.26.conv1,0.20295734703540802
60,blocks.26.conv2,0.19894951581954956
60,blocks.27.conv1,0.20685023069381714
60,blocks.27.conv2,0.21235966682434082
60,blocks.28.conv1,0.20806460082530975
60,blocks.28.conv2,0.2086019515991211
60,blocks.29.conv1,0.19563919305801392
60,blocks.29.conv2,0.18956583738327026
60,blocks.30.conv1,0.1894332617521286
60,blocks.30.conv2,0.18229810893535614
60,blocks.31.conv1,0.17106759548187256
60,blocks.31.conv2,0.14080406725406647
60,mean_conv2d_grad_norm,0.11611949423184761
61,stem.0,0.14624731242656708
61,blocks.0.conv1,0.20143438875675201
61,blocks.0.conv2,0.21367478370666504
61,blocks.1.conv1,0.2049407660961151
61,blocks.1.conv2,0.1744176149368286
61,blocks.2.conv1,0.1552806943655014
61,blocks.2.conv2,0.12969815731048584
61,blocks.3.conv1,0.11016880720853806
61,blocks.3.conv2,0.09009946882724762
61,blocks.4.conv1,0.07890971750020981
61,blocks.4.conv2,0.07216838002204895
61,blocks.5.conv1,0.07294803857803345
61,blocks.5.conv2,0.07182471454143524
61,blocks.6.conv1,0.0730859711766243
61,blocks.6.conv2,0.06926006078720093
61,blocks.7.conv1,0.0651187151670456
61,blocks.7.conv2,0.06468510627746582
61,blocks.8.conv1,0.06592726707458496
61,blocks.8.conv2,0.0639016255736351
61,blocks.9.conv1,0.06375856697559357
61,blocks.9.conv2,0.06757131218910217
61,blocks.10.conv1,0.06624915450811386
61,blocks.10.conv2,0.06744622439146042
61,blocks.11.conv1,0.06713934242725372
61,blocks.11.conv2,0.06944936513900757
61,blocks.12.conv1,0.06954996287822723
61,blocks.12.conv2,0.07269933074712753
61,blocks.13.conv1,0.07566903531551361
61,blocks.13.conv2,0.07821954786777496
61,blocks.14.conv1,0.07631468772888184
61,blocks.14.conv2,0.0816182941198349
61,blocks.15.conv1,0.08161397278308868
61,blocks.15.conv2,0.08208420872688293
61,blocks.16.conv1,0.08342345803976059
61,blocks.16.conv2,0.08834823220968246
61,blocks.17.conv1,0.08536657691001892
61,blocks.17.conv2,0.08667530864477158
61,blocks.18.conv1,0.08848205208778381
61,blocks.18.conv2,0.0850379690527916
61,blocks.19.conv1,0.08079782873392105
61,blocks.19.conv2,0.08312943577766418
61,blocks.20.conv1,0.08126047253608704
61,blocks.20.conv2,0.08881701529026031
61,blocks.21.conv1,0.09702461212873459
61,blocks.21.conv2,0.1049853041768074
61,blocks.22.conv1,0.11610093712806702
61,blocks.22.conv2,0.11762053519487381
61,blocks.23.conv1,0.12542152404785156
61,blocks.23.conv2,0.13899578154087067
61,blocks.24.conv1,0.15345513820648193
61,blocks.24.conv2,0.1654118448495865
61,blocks.25.conv1,0.17654111981391907
61,blocks.25.conv2,0.18148988485336304
61,blocks.26.conv1,0.20218922197818756
61,blocks.26.conv2,0.21273352205753326
61,blocks.27.conv1,0.21914489567279816
61,blocks.27.conv2,0.2240828573703766
61,blocks.28.conv1,0.22938582301139832
61,blocks.28.conv2,0.22090177237987518
61,blocks.29.conv1,0.21899224817752838
61,blocks.29.conv2,0.21200628578662872
61,blocks.30.conv1,0.20573437213897705
61,blocks.30.conv2,0.2111600935459137
61,blocks.31.conv1,0.2015918493270874
61,blocks.31.conv2,0.19552791118621826
61,mean_conv2d_grad_norm,0.12192323815364103
62,stem.0,0.09752157330513
62,blocks.0.conv1,0.13317051529884338
62,blocks.0.conv2,0.1518792062997818
62,blocks.1.conv1,0.15289737284183502
62,blocks.1.conv2,0.12885145843029022
62,blocks.2.conv1,0.1139889508485794
62,blocks.2.conv2,0.09088419377803802
62,blocks.3.conv1,0.07737051695585251
62,blocks.3.conv2,0.06390714645385742
62,blocks.4.conv1,0.060987092554569244
62,blocks.4.conv2,0.05361795052886009
62,blocks.5.conv1,0.0551871657371521
62,blocks.5.conv2,0.0551636777818203
62,blocks.6.conv1,0.053468942642211914
62,blocks.6.conv2,0.051510173827409744
62,blocks.7.conv1,0.05099643021821976
62,blocks.7.conv2,0.04919549822807312
62,blocks.8.conv1,0.04984505474567413
62,blocks.8.conv2,0.04982695356011391
62,blocks.9.conv1,0.04950571805238724
62,blocks.9.conv2,0.0479816235601902
62,blocks.10.conv1,0.04783327504992485
62,blocks.10.conv2,0.04936804622411728
62,blocks.11.conv1,0.05277036502957344
62,blocks.11.conv2,0.054546456784009933
62,blocks.12.conv1,0.05751728266477585
62,blocks.12.conv2,0.05943312868475914
62,blocks.13.conv1,0.06291954964399338
62,blocks.13.conv2,0.06067274138331413
62,blocks.14.conv1,0.06107334792613983
62,blocks.14.conv2,0.06171267479658127
62,blocks.15.conv1,0.062469158321619034
62,blocks.15.conv2,0.06157475709915161
62,blocks.16.conv1,0.060053035616874695
62,blocks.16.conv2,0.06338222324848175
62,blocks.17.conv1,0.061476584523916245
62,blocks.17.conv2,0.058445386588573456
62,blocks.18.conv1,0.05940178036689758
62,blocks.18.conv2,0.057549476623535156
62,blocks.19.conv1,0.05814912170171738
62,blocks.19.conv2,0.06124783307313919
62,blocks.20.conv1,0.06599761545658112
62,blocks.20.conv2,0.066189244389534
62,blocks.21.conv1,0.07245007902383804
62,blocks.21.conv2,0.08253595978021622
62,blocks.22.conv1,0.09430133551359177
62,blocks.22.conv2,0.09642904996871948
62,blocks.23.conv1,0.10888535529375076
62,blocks.23.conv2,0.11818455159664154
62,blocks.24.conv1,0.1262674629688263
62,blocks.24.conv2,0.1421862244606018
62,blocks.25.conv1,0.15018701553344727
62,blocks.25.conv2,0.15925703942775726
62,blocks.26.conv1,0.16603168845176697
62,blocks.26.conv2,0.17000539600849152
62,blocks.27.conv1,0.18009085953235626
62,blocks.27.conv2,0.17515604197978973
62,blocks.28.conv1,0.18065494298934937
62,blocks.28.conv2,0.17274080216884613
62,blocks.29.conv1,0.16499024629592896
62,blocks.29.conv2,0.15579792857170105
62,blocks.30.conv1,0.14962194859981537
62,blocks.30.conv2,0.14962798357009888
62,blocks.31.conv1,0.1346396505832672
62,blocks.31.conv2,0.13188491761684418
62,mean_conv2d_grad_norm,0.09266871970433455
63,stem.0,0.17645293474197388
63,blocks.0.conv1,0.15349312126636505
63,blocks.0.conv2,0.1590486466884613
63,blocks.1.conv1,0.15945717692375183
63,blocks.1.conv2,0.1491992324590683
63,blocks.2.conv1,0.12968477606773376
63,blocks.2.conv2,0.10509710013866425
63,blocks.3.conv1,0.0825665146112442
63,blocks.3.conv2,0.06294360011816025
63,blocks.4.conv1,0.05144083499908447
63,blocks.4.conv2,0.04699685052037239
63,blocks.5.conv1,0.04633477330207825
63,blocks.5.conv2,0.04464538022875786
63,blocks.6.conv1,0.044795725494623184
63,blocks.6.conv2,0.045980457216501236
63,blocks.7.conv1,0.04141143336892128
63,blocks.7.conv2,0.040483150631189346
63,blocks.8.conv1,0.041050367057323456
63,blocks.8.conv2,0.037799157202243805
63,blocks.9.conv1,0.04072198644280434
63,blocks.9.conv2,0.03635600209236145
63,blocks.10.conv1,0.03459719941020012
63,blocks.10.conv2,0.03446429967880249
63,blocks.11.conv1,0.04075578600168228
63,blocks.11.conv2,0.045630406588315964
63,blocks.12.conv1,0.05501815304160118
63,blocks.12.conv2,0.06305845081806183
63,blocks.13.conv1,0.0657321959733963
63,blocks.13.conv2,0.06162481755018234
63,blocks.14.conv1,0.06168900430202484
63,blocks.14.conv2,0.0597001388669014
63,blocks.15.conv1,0.06410159170627594
63,blocks.15.conv2,0.06371107697486877
63,blocks.16.conv1,0.06586965173482895
63,blocks.16.conv2,0.07006752490997314
63,blocks.17.conv1,0.07016563415527344
63,blocks.17.conv2,0.07287312299013138
63,blocks.18.conv1,0.07068879157304764
63,blocks.18.conv2,0.06690634042024612
63,blocks.19.conv1,0.060406122356653214
63,blocks.19.conv2,0.05989129841327667
63,blocks.20.conv1,0.06538772583007812
63,blocks.20.conv2,0.07162085920572281
63,blocks.21.conv1,0.08391179144382477
63,blocks.21.conv2,0.08588946610689163
63,blocks.22.conv1,0.0928175151348114
63,blocks.22.conv2,0.10416696220636368
63,blocks.23.conv1,0.11594729125499725
63,blocks.23.conv2,0.12715137004852295
63,blocks.24.conv1,0.13549627363681793
63,blocks.24.conv2,0.1499663144350052
63,blocks.25.conv1,0.1600339561700821
63,blocks.25.conv2,0.16789796948432922
63,blocks.26.conv1,0.1841457635164261
63,blocks.26.conv2,0.19108028709888458
63,blocks.27.conv1,0.19720499217510223
63,blocks.27.conv2,0.21037884056568146
63,blocks.28.conv1,0.20837944746017456
63,blocks.28.conv2,0.18558593094348907
63,blocks.29.conv1,0.17260149121284485
63,blocks.29.conv2,0.1713416874408722
63,blocks.30.conv1,0.16549989581108093
63,blocks.30.conv2,0.16290494799613953
63,blocks.31.conv1,0.15736979246139526
63,blocks.31.conv2,0.13395385444164276
63,mean_conv2d_grad_norm,0.09820992700182475
64,stem.0,0.10097159445285797
64,blocks.0.conv1,0.1413346529006958
64,blocks.0.conv2,0.14656154811382294
64,blocks.1.conv1,0.14566880464553833
64,blocks.1.conv2,0.13339726626873016
64,blocks.2.conv1,0.11068703979253769
64,blocks.2.conv2,0.0920572355389595
64,blocks.3.conv1,0.08050055801868439
64,blocks.3.conv2,0.0689958781003952
64,blocks.4.conv1,0.06129542738199234
64,blocks.4.conv2,0.061011094599962234
64,blocks.5.conv1,0.060008738189935684
64,blocks.5.conv2,0.05884570628404617
64,blocks.6.conv1,0.05494755133986473
64,blocks.6.conv2,0.056822631508111954
64,blocks.7.conv1,0.05653003975749016
64,blocks.7.conv2,0.05792701616883278
64,blocks.8.conv1,0.05796496570110321
64,blocks.8.conv2,0.05613582953810692
64,blocks.9.conv1,0.05818444490432739
64,blocks.9.conv2,0.058629732578992844
64,blocks.10.conv1,0.058196257799863815
64,blocks.10.conv2,0.057246316224336624
64,blocks.11.conv1,0.05765363946557045
64,blocks.11.conv2,0.05571351945400238
64,blocks.12.conv1,0.06009483337402344
64,blocks.12.conv2,0.05768224224448204
64,blocks.13.conv1,0.060316212475299835
64,blocks.13.conv2,0.05897555500268936
64,blocks.14.conv1,0.05972195044159889
64,blocks.14.conv2,0.058943431824445724
64,blocks.15.conv1,0.059600889682769775
64,blocks.15.conv2,0.05794721096754074
64,blocks.16.conv1,0.06017642468214035
64,blocks.16.conv2,0.06164843216538429
64,blocks.17.conv1,0.0622565858066082
64,blocks.17.conv2,0.06090271472930908
64,blocks.18.conv1,0.05836502090096474
64,blocks.18.conv2,0.058767903596162796
64,blocks.19.conv1,0.057004164904356
64,blocks.19.conv2,0.058510541915893555
64,blocks.20.conv1,0.06213902682065964
64,blocks.20.conv2,0.06448596715927124
64,blocks.21.conv1,0.06795863062143326
64,blocks.21.conv2,0.07555503398180008
64,blocks.22.conv1,0.08787781000137329
64,blocks.22.conv2,0.09744581580162048
64,blocks.23.conv1,0.10405246168375015
64,blocks.23.conv2,0.11121001094579697
64,blocks.24.conv1,0.11946828663349152
64,blocks.24.conv2,0.13572530448436737
64,blocks.25.conv1,0.15029460191726685
64,blocks.25.conv2,0.16486892104148865
64,blocks.26.conv1,0.17593756318092346
64,blocks.26.conv2,0.18400870263576508
64,blocks.27.conv1,0.1939893513917923
64,blocks.27.conv2,0.19623690843582153
64,blocks.28.conv1,0.20059233903884888
64,blocks.28.conv2,0.1934138536453247
64,blocks.29.conv1,0.18763843178749084
64,blocks.29.conv2,0.17494024336338043
64,blocks.30.conv1,0.1665569245815277
64,blocks.30.conv2,0.15667958557605743
64,blocks.31.conv1,0.1451660394668579
64,blocks.31.conv2,0.12174879759550095
64,mean_conv2d_grad_norm,0.09594141869590833
65,stem.0,0.1103377491235733
65,blocks.0.conv1,0.15901415050029755
65,blocks.0.conv2,0.19017721712589264
65,blocks.1.conv1,0.17290803790092468
65,blocks.1.conv2,0.1459122747182846
65,blocks.2.conv1,0.12039375305175781
65,blocks.2.conv2,0.09226270765066147
65,blocks.3.conv1,0.07528689503669739
65,blocks.3.conv2,0.0609896145761013
65,blocks.4.conv1,0.05178160220384598
65,blocks.4.conv2,0.04510753974318504
65,blocks.5.conv1,0.04700613021850586
65,blocks.5.conv2,0.04565815627574921
65,blocks.6.conv1,0.04427633807063103
65,blocks.6.conv2,0.042218104004859924
65,blocks.7.conv1,0.03914514183998108
65,blocks.7.conv2,0.03825705870985985
65,blocks.8.conv1,0.035642318427562714
65,blocks.8.conv2,0.0364370234310627
65,blocks.9.conv1,0.03565582260489464
65,blocks.9.conv2,0.03287607431411743
65,blocks.10.conv1,0.03206557407975197
65,blocks.10.conv2,0.032421477138996124
65,blocks.11.conv1,0.03584141656756401
65,blocks.11.conv2,0.04212857782840729
65,blocks.12.conv1,0.04757169634103775
65,blocks.12.conv2,0.05451298877596855
65,blocks.13.conv1,0.056255050003528595
65,blocks.13.conv2,0.053364794701337814
65,blocks.14.conv1,0.05564875528216362
65,blocks.14.conv2,0.0550968311727047
65,blocks.15.conv1,0.052802056074142456
65,blocks.15.conv2,0.052936263382434845
65,blocks.16.conv1,0.05432215332984924
65,blocks.16.conv2,0.052835870534181595
65,blocks.17.conv1,0.055088985711336136
65,blocks.17.conv2,0.05365697667002678
65,blocks.18.conv1,0.05390804633498192
65,blocks.18.conv2,0.05283572897315025
65,blocks.19.conv1,0.04980787634849548
65,blocks.19.conv2,0.050833266228437424
65,blocks.20.conv1,0.055194828659296036
65,blocks.20.conv2,0.0603451207280159
65,blocks.21.conv1,0.07002093642950058
65,blocks.21.conv2,0.08071113377809525
65,blocks.22.conv1,0.09065902233123779
65,blocks.22.conv2,0.10280973464250565
65,blocks.23.conv1,0.11625559628009796
65,blocks.23.conv2,0.12385031580924988
65,blocks.24.conv1,0.1343703716993332
65,blocks.24.conv2,0.14416582882404327
65,blocks.25.conv1,0.15593908727169037
65,blocks.25.conv2,0.17067107558250427
65,blocks.26.conv1,0.18220646679401398
65,blocks.26.conv2,0.18935060501098633
65,blocks.27.conv1,0.19661466777324677
65,blocks.27.conv2,0.19696342945098877
65,blocks.28.conv1,0.18996542692184448
65,blocks.28.conv2,0.17835596203804016
65,blocks.29.conv1,0.17776501178741455
65,blocks.29.conv2,0.17020009458065033
65,blocks.30.conv1,0.17644569277763367
65,blocks.30.conv2,0.165196493268013
65,blocks.31.conv1,0.1504482924938202
65,blocks.31.conv2,0.12859421968460083
65,mean_conv2d_grad_norm,0.09265196168651947
66,stem.0,0.13387832045555115
66,blocks.0.conv1,0.1788121610879898
66,blocks.0.conv2,0.1864369809627533
66,blocks.1.conv1,0.17640291154384613
66,blocks.1.conv2,0.16329903900623322
66,blocks.2.conv1,0.13925538957118988
66,blocks.2.conv2,0.11049122363328934
66,blocks.3.conv1,0.08876743912696838
66,blocks.3.conv2,0.07014399021863937
66,blocks.4.conv1,0.05793251842260361
66,blocks.4.conv2,0.05023043230175972
66,blocks.5.conv1,0.05689467117190361
66,blocks.5.conv2,0.05919010937213898
66,blocks.6.conv1,0.05597721412777901
66,blocks.6.conv2,0.04930480569601059
66,blocks.7.conv1,0.04801998287439346
66,blocks.7.conv2,0.04776683449745178
66,blocks.8.conv1,0.04336525872349739
66,blocks.8.conv2,0.046500030905008316
66,blocks.9.conv1,0.04723678156733513
66,blocks.9.conv2,0.040906872600317
66,blocks.10.conv1,0.03835834190249443
66,blocks.10.conv2,0.03895815089344978
66,blocks.11.conv1,0.04928220435976982
66,blocks.11.conv2,0.05376330018043518
66,blocks.12.conv1,0.06342684477567673
66,blocks.12.conv2,0.07175146788358688
66,blocks.13.conv1,0.07621865719556808
66,blocks.13.conv2,0.07480890303850174
66,blocks.14.conv1,0.07651705294847488
66,blocks.14.conv2,0.07347695529460907
66,blocks.15.conv1,0.06888887286186218
66,blocks.15.conv2,0.06497947126626968
66,blocks.16.conv1,0.06569954007863998
66,blocks.16.conv2,0.06758692860603333
66,blocks.17.conv1,0.06801602244377136
66,blocks.17.conv2,0.06653863936662674
66,blocks.18.conv1,0.06497712433338165
66,blocks.18.conv2,0.063722625374794
66,blocks.19.conv1,0.061542779207229614
66,blocks.19.conv2,0.06212543323636055
66,blocks.20.conv1,0.06438782811164856
66,blocks.20.conv2,0.06828310340642929
66,blocks.21.conv1,0.07942058891057968
66,blocks.21.conv2,0.0907360389828682
66,blocks.22.conv1,0.10048219561576843
66,blocks.22.conv2,0.11275584995746613
66,blocks.23.conv1,0.12579107284545898
66,blocks.23.conv2,0.13959401845932007
66,blocks.24.conv1,0.15403039753437042
66,blocks.24.conv2,0.16583077609539032
66,blocks.25.conv1,0.17833156883716583
66,blocks.25.conv2,0.19070503115653992
66,blocks.26.conv1,0.20641544461250305
66,blocks.26.conv2,0.20974694192409515
66,blocks.27.conv1,0.2232016623020172
66,blocks.27.conv2,0.22572670876979828
66,blocks.28.conv1,0.2267286628484726
66,blocks.28.conv2,0.22281092405319214
66,blocks.29.conv1,0.2179197072982788
66,blocks.29.conv2,0.210593119263649
66,blocks.30.conv1,0.204120934009552
66,blocks.30.conv2,0.18822959065437317
66,blocks.31.conv1,0.176933154463768
66,blocks.31.conv2,0.155278280377388
66,mean_conv2d_grad_norm,0.10860778282468135
67,stem.0,0.14197300374507904
67,blocks.0.conv1,0.1364217847585678
67,blocks.0.conv2,0.1553134024143219
67,blocks.1.conv1,0.15338322520256042
67,blocks.1.conv2,0.14255930483341217
67,blocks.2.conv1,0.11610569804906845
67,blocks.2.conv2,0.08803904056549072
67,blocks.3.conv1,0.07513418048620224
67,blocks.3.conv2,0.05401131510734558
67,blocks.4.conv1,0.05060448870062828
67,blocks.4.conv2,0.043465517461299896
67,blocks.5.conv1,0.045032795518636703
67,blocks.5.conv2,0.044965710490942
67,blocks.6.conv1,0.045365750789642334
67,blocks.6.conv2,0.04141557961702347
67,blocks.7.conv1,0.04067906364798546
67,blocks.7.conv2,0.03815491870045662
67,blocks.8.conv1,0.03706781566143036
67,blocks.8.conv2,0.03863997384905815
67,blocks.9.conv1,0.03713705390691757
67,blocks.9.conv2,0.034229032695293427
67,blocks.10.conv1,0.03381521627306938
67,blocks.10.conv2,0.03412001579999924
67,blocks.11.conv1,0.03697975352406502
67,blocks.11.conv2,0.04195476323366165
67,blocks.12.conv1,0.04950258508324623
67,blocks.12.conv2,0.05158592015504837
67,blocks.13.conv1,0.04907971993088722
67,blocks.13.conv2,0.05279267951846123
67,blocks.14.conv1,0.054116688668727875
67,blocks.14.conv2,0.057903554290533066
67,blocks.15.conv1,0.057765670120716095
67,blocks.15.conv2,0.05333798751235008
67,blocks.16.conv1,0.051817938685417175
67,blocks.16.conv2,0.054099809378385544
67,blocks.17.conv1,0.05271344259381294
67,blocks.17.conv2,0.055803440511226654
67,blocks.18.conv1,0.05712775141000748
67,blocks.18.conv2,0.05527536943554878
67,blocks.19.conv1,0.055827777832746506
67,blocks.19.conv2,0.05745397135615349
67,blocks.20.conv1,0.06230589374899864
67,blocks.20.conv2,0.06484787166118622
67,blocks.21.conv1,0.0761188343167305
67,blocks.21.conv2,0.08390578627586365
67,blocks.22.conv1,0.09036359190940857
67,blocks.22.conv2,0.088701032102108
67,blocks.23.conv1,0.09758128225803375
67,blocks.23.conv2,0.10427302867174149
67,blocks.24.conv1,0.11468299478292465
67,blocks.24.conv2,0.12491124123334885
67,blocks.25.conv1,0.1385992169380188
67,blocks.25.conv2,0.15529780089855194
67,blocks.26.conv1,0.17588630318641663
67,blocks.26.conv2,0.1866844892501831
67,blocks.27.conv1,0.20004206895828247
67,blocks.27.conv2,0.20031175017356873
67,blocks.28.conv1,0.19555255770683289
67,blocks.28.conv2,0.1881415694952011
67,blocks.29.conv1,0.19010315835475922
67,blocks.29.conv2,0.18406468629837036
67,blocks.30.conv1,0.1731651872396469
67,blocks.30.conv2,0.16341532766819
67,blocks.31.conv1,0.15038180351257324
67,blocks.31.conv2,0.12151597440242767
67,mean_conv2d_grad_norm,0.0908250178855199
68,stem.0,0.11844975501298904
68,blocks.0.conv1,0.1496795117855072
68,blocks.0.conv2,0.162621408700943
68,blocks.1.conv1,0.15129926800727844
68,blocks.1.conv2,0.14543981850147247
68,blocks.2.conv1,0.12743133306503296
68,blocks.2.conv2,0.10299921035766602
68,blocks.3.conv1,0.0805882140994072
68,blocks.3.conv2,0.06491921842098236
68,blocks.4.conv1,0.05617228150367737
68,blocks.4.conv2,0.05133375898003578
68,blocks.5.conv1,0.048572249710559845
68,blocks.5.conv2,0.05179085209965706
68,blocks.6.conv1,0.05030018091201782
68,blocks.6.conv2,0.045719366520643234
68,blocks.7.conv1,0.04069308191537857
68,blocks.7.conv2,0.039807021617889404
68,blocks.8.conv1,0.041059255599975586
68,blocks.8.conv2,0.03839243948459625
68,blocks.9.conv1,0.036985281854867935
68,blocks.9.conv2,0.034802984446287155
68,blocks.10.conv1,0.032677680253982544
68,blocks.10.conv2,0.033315982669591904
68,blocks.11.conv1,0.03668563812971115
68,blocks.11.conv2,0.044325873255729675
68,blocks.12.conv1,0.04658634960651398
68,blocks.12.conv2,0.05454171821475029
68,blocks.13.conv1,0.06034667789936066
68,blocks.13.conv2,0.05744113028049469
68,blocks.14.conv1,0.0574738048017025
68,blocks.14.conv2,0.060659267008304596
68,blocks.15.conv1,0.060946784913539886
68,blocks.15.conv2,0.058780238032341
68,blocks.16.conv1,0.05703948810696602
68,blocks.16.conv2,0.057942017912864685
68,blocks.17.conv1,0.05794668570160866
68,blocks.17.conv2,0.05795951932668686
68,blocks.18.conv1,0.058264944702386856
68,blocks.18.conv2,0.05652463436126709
68,blocks.19.conv1,0.05581318959593773
68,blocks.19.conv2,0.0581623837351799
68,blocks.20.conv1,0.062317583709955215
68,blocks.20.conv2,0.07011765241622925
68,blocks.21.conv1,0.07883203774690628
68,blocks.21.conv2,0.08381763845682144
68,blocks.22.conv1,0.09341040998697281
68,blocks.22.conv2,0.10440362244844437
68,blocks.23.conv1,0.11280956864356995
68,blocks.23.conv2,0.12097157537937164
68,blocks.24.conv1,0.1296876072883606
68,blocks.24.conv2,0.1400495320558548
68,blocks.25.conv1,0.15426026284694672
68,blocks.25.conv2,0.17428098618984222
68,blocks.26.conv1,0.19479291141033173
68,blocks.26.conv2,0.20387236773967743
68,blocks.27.conv1,0.20779095590114594
68,blocks.27.conv2,0.22307749092578888
68,blocks.28.conv1,0.21331222355365753
68,blocks.28.conv2,0.2074064463376999
68,blocks.29.conv1,0.19077785313129425
68,blocks.29.conv2,0.20002099871635437
68,blocks.30.conv1,0.19142897427082062
68,blocks.30.conv2,0.18913403153419495
68,blocks.31.conv1,0.1658734530210495
68,blocks.31.conv2,0.14649221301078796
68,mean_conv2d_grad_norm,0.09786813688965944
69,stem.0,0.17243817448616028
69,blocks.0.conv1,0.14693161845207214
69,blocks.0.conv2,0.155755415558815
69,blocks.1.conv1,0.15074580907821655
69,blocks.1.conv2,0.13802804052829742
69,blocks.2.conv1,0.12593603134155273
69,blocks.2.conv2,0.10313504934310913
69,blocks.3.conv1,0.08324919641017914
69,blocks.3.conv2,0.061763107776641846
69,blocks.4.conv1,0.04928798973560333
69,blocks.4.conv2,0.0453365333378315
69,blocks.5.conv1,0.04803347960114479
69,blocks.5.conv2,0.049074772745370865
69,blocks.6.conv1,0.043655894696712494
69,blocks.6.conv2,0.04107120633125305
69,blocks.7.conv1,0.035088665783405304
69,blocks.7.conv2,0.03497238829731941
69,blocks.8.conv1,0.03495284169912338
69,blocks.8.conv2,0.034179702401161194
69,blocks.9.conv1,0.03502760827541351
69,blocks.9.conv2,0.03338102623820305
69,blocks.10.conv1,0.03191905841231346
69,blocks.10.conv2,0.03067866712808609
69,blocks.11.conv1,0.03497733920812607
69,blocks.11.conv2,0.04302056506276131
69,blocks.12.conv1,0.0500832200050354
69,blocks.12.conv2,0.055456314235925674
69,blocks.13.conv1,0.0595334991812706
69,blocks.13.conv2,0.0570969395339489
69,blocks.14.conv1,0.06120895966887474
69,blocks.14.conv2,0.06255987286567688
69,blocks.15.conv1,0.05572926625609398
69,blocks.15.conv2,0.05569904297590256
69,blocks.16.conv1,0.05725054070353508
69,blocks.16.conv2,0.057259514927864075
69,blocks.17.conv1,0.05643786862492561
69,blocks.17.conv2,0.05845992639660835
69,blocks.18.conv1,0.058336324989795685
69,blocks.18.conv2,0.05572574958205223
69,blocks.19.conv1,0.05628887191414833
69,blocks.19.conv2,0.05325057730078697
69,blocks.20.conv1,0.05737902969121933
69,blocks.20.conv2,0.06233132258057594
69,blocks.21.conv1,0.07115757465362549
69,blocks.21.conv2,0.07980810850858688
69,blocks.22.conv1,0.08843773603439331
69,blocks.22.conv2,0.09765683114528656
69,blocks.23.conv1,0.10988830775022507
69,blocks.23.conv2,0.12285792827606201
69,blocks.24.conv1,0.13331805169582367
69,blocks.24.conv2,0.1484277844429016
69,blocks.25.conv1,0.1632291078567505
69,blocks.25.conv2,0.17700035870075226
69,blocks.26.conv1,0.18662476539611816
69,blocks.26.conv2,0.19432027637958527
69,blocks.27.conv1,0.20293252170085907
69,blocks.27.conv2,0.20859205722808838
69,blocks.28.conv1,0.20378875732421875
69,blocks.28.conv2,0.1987190544605255
69,blocks.29.conv1,0.19598521292209625
69,blocks.29.conv2,0.18905268609523773
69,blocks.30.conv1,0.17984507977962494
69,blocks.30.conv2,0.1739889532327652
69,blocks.31.conv1,0.16756150126457214
69,blocks.31.conv2,0.15722329914569855
69,mean_conv2d_grad_norm,0.09604835349779862
70,stem.0,0.14576536417007446
70,blocks.0.conv1,0.1499572992324829
70,blocks.0.conv2,0.17717081308364868
70,blocks.1.conv1,0.1755661964416504
70,blocks.1.conv2,0.16613692045211792
70,blocks.2.conv1,0.14714275300502777
70,blocks.2.conv2,0.11960988491773605
70,blocks.3.conv1,0.09640094637870789
70,blocks.3.conv2,0.07118048518896103
70,blocks.4.conv1,0.06512477993965149
70,blocks.4.conv2,0.05907260626554489
70,blocks.5.conv1,0.06489739567041397
70,blocks.5.conv2,0.0636136457324028
70,blocks.6.conv1,0.054695166647434235
70,blocks.6.conv2,0.05247139185667038
70,blocks.7.conv1,0.05126456171274185
70,blocks.7.conv2,0.04967661201953888
70,blocks.8.conv1,0.048109907656908035
70,blocks.8.conv2,0.04918902367353439
70,blocks.9.conv1,0.04779504984617233
70,blocks.9.conv2,0.04725543037056923
70,blocks.10.conv1,0.04583241045475006
70,blocks.10.conv2,0.047042641788721085
70,blocks.11.conv1,0.04715149477124214
70,blocks.11.conv2,0.05162773281335831
70,blocks.12.conv1,0.05824536457657814
70,blocks.12.conv2,0.06758563965559006
70,blocks.13.conv1,0.06454075127840042
70,blocks.13.conv2,0.06569907814264297
70,blocks.14.conv1,0.06656819581985474
70,blocks.14.conv2,0.07112473994493484
70,blocks.15.conv1,0.07101133465766907
70,blocks.15.conv2,0.06683874130249023
70,blocks.16.conv1,0.06540253013372421
70,blocks.16.conv2,0.06872283667325974
70,blocks.17.conv1,0.06888993829488754
70,blocks.17.conv2,0.07032454758882523
70,blocks.18.conv1,0.06879498064517975
70,blocks.18.conv2,0.0681581199169159
70,blocks.19.conv1,0.06731241941452026
70,blocks.19.conv2,0.06953785568475723
70,blocks.20.conv1,0.0740169882774353
70,blocks.20.conv2,0.07956638932228088
70,blocks.21.conv1,0.09671386331319809
70,blocks.21.conv2,0.10911710560321808
70,blocks.22.conv1,0.11333534121513367
70,blocks.22.conv2,0.1234651431441307
70,blocks.23.conv1,0.13397057354450226
70,blocks.23.conv2,0.1499825268983841
70,blocks.24.conv1,0.1667998731136322
70,blocks.24.conv2,0.1683495193719864
70,blocks.25.conv1,0.18912813067436218
70,blocks.25.conv2,0.19558198750019073
70,blocks.26.conv1,0.21374303102493286
70,blocks.26.conv2,0.21026378870010376
70,blocks.27.conv1,0.220554381608963
70,blocks.27.conv2,0.2224063277244568
70,blocks.28.conv1,0.21481701731681824
70,blocks.28.conv2,0.20327982306480408
70,blocks.29.conv1,0.20528274774551392
70,blocks.29.conv2,0.20210382342338562
70,blocks.30.conv1,0.1955002099275589
70,blocks.30.conv2,0.18538539111614227
70,blocks.31.conv1,0.16884146630764008
70,blocks.31.conv2,0.16224706172943115
70,mean_conv2d_grad_norm,0.11041477076136148
71,stem.0,0.11369965970516205
71,blocks.0.conv1,0.1447383016347885
71,blocks.0.conv2,0.15337872505187988
71,blocks.1.conv1,0.14143992960453033
71,blocks.1.conv2,0.13260841369628906
71,blocks.2.conv1,0.12401808053255081
71,blocks.2.conv2,0.10563971847295761
71,blocks.3.conv1,0.09050200134515762
71,blocks.3.conv2,0.07630393654108047
71,blocks.4.conv1,0.07322011888027191
71,blocks.4.conv2,0.0704602524638176
71,blocks.5.conv1,0.07283223420381546
71,blocks.5.conv2,0.06801608949899673
71,blocks.6.conv1,0.06966668367385864
71,blocks.6.conv2,0.06905081123113632
71,blocks.7.conv1,0.0708765760064125
71,blocks.7.conv2,0.06836874783039093
71,blocks.8.conv1,0.07081874459981918
71,blocks.8.conv2,0.06981904804706573
71,blocks.9.conv1,0.06927470117807388
71,blocks.9.conv2,0.07016472518444061
71,blocks.10.conv1,0.06885527819395065
71,blocks.10.conv2,0.07025021314620972
71,blocks.11.conv1,0.06918220967054367
71,blocks.11.conv2,0.06942322105169296
71,blocks.12.conv1,0.07071705907583237
71,blocks.12.conv2,0.07222625613212585
71,blocks.13.conv1,0.07292862236499786
71,blocks.13.conv2,0.0753026083111763
71,blocks.14.conv1,0.07647936791181564
71,blocks.14.conv2,0.07487612962722778
71,blocks.15.conv1,0.07154502719640732
71,blocks.15.conv2,0.06934675574302673
71,blocks.16.conv1,0.0685502290725708
71,blocks.16.conv2,0.070392906665802
71,blocks.17.conv1,0.0696539431810379
71,blocks.17.conv2,0.07182483375072479
71,blocks.18.conv1,0.07305124402046204
71,blocks.18.conv2,0.07116729021072388
71,blocks.19.conv1,0.07135194540023804
71,blocks.19.conv2,0.07525923103094101
71,blocks.20.conv1,0.07596135884523392
71,blocks.20.conv2,0.07895458489656448
71,blocks.21.conv1,0.08759476244449615
71,blocks.21.conv2,0.09723877161741257
71,blocks.22.conv1,0.10397990792989731
71,blocks.22.conv2,0.10907740890979767
71,blocks.23.conv1,0.12205931544303894
71,blocks.23.conv2,0.13316690921783447
71,blocks.24.conv1,0.143754780292511
71,blocks.24.conv2,0.15353761613368988
71,blocks.25.conv1,0.16631202399730682
71,blocks.25.conv2,0.17867599427700043
71,blocks.26.conv1,0.19264638423919678
71,blocks.26.conv2,0.19145342707633972
71,blocks.27.conv1,0.19451694190502167
71,blocks.27.conv2,0.19169192016124725
71,blocks.28.conv1,0.17849108576774597
71,blocks.28.conv2,0.17065654695034027
71,blocks.29.conv1,0.1678505390882492
71,blocks.29.conv2,0.16213573515415192
71,blocks.30.conv1,0.15503065288066864
71,blocks.30.conv2,0.14470314979553223
71,blocks.31.conv1,0.1397056132555008
71,blocks.31.conv2,0.12766195833683014
71,mean_conv2d_grad_norm,0.10498675784239402
72,stem.0,0.11581835150718689
72,blocks.0.conv1,0.18131420016288757
72,blocks.0.conv2,0.2049155980348587
72,blocks.1.conv1,0.2051285058259964
72,blocks.1.conv2,0.19318057596683502
72,blocks.2.conv1,0.1585567593574524
72,blocks.2.conv2,0.1261914223432541
72,blocks.3.conv1,0.10676603019237518
72,blocks.3.conv2,0.08953837305307388
72,blocks.4.conv1,0.08129636943340302
72,blocks.4.conv2,0.07474207133054733
72,blocks.5.conv1,0.07425098866224289
72,blocks.5.conv2,0.0706934854388237
72,blocks.6.conv1,0.07004944235086441
72,blocks.6.conv2,0.07043010741472244
72,blocks.7.conv1,0.07024404406547546
72,blocks.7.conv2,0.07042928785085678
72,blocks.8.conv1,0.06911963224411011
72,blocks.8.conv2,0.07081695646047592
72,blocks.9.conv1,0.07116696238517761
72,blocks.9.conv2,0.07057121396064758
72,blocks.10.conv1,0.067936971783638
72,blocks.10.conv2,0.06848657131195068
72,blocks.11.conv1,0.07001695781946182
72,blocks.11.conv2,0.06833609938621521
72,blocks.12.conv1,0.07137075066566467
72,blocks.12.conv2,0.07504197210073471
72,blocks.13.conv1,0.0734141618013382
72,blocks.13.conv2,0.07514195889234543
72,blocks.14.conv1,0.07638309895992279
72,blocks.14.conv2,0.07585014402866364
72,blocks.15.conv1,0.07508520036935806
72,blocks.15.conv2,0.07478873431682587
72,blocks.16.conv1,0.0762258991599083
72,blocks.16.conv2,0.07446029037237167
72,blocks.17.conv1,0.07557570934295654
72,blocks.17.conv2,0.07443923503160477
72,blocks.18.conv1,0.07063449919223785
72,blocks.18.conv2,0.07104386389255524
72,blocks.19.conv1,0.0704379752278328
72,blocks.19.conv2,0.06862945109605789
72,blocks.20.conv1,0.07197269797325134
72,blocks.20.conv2,0.08056125789880753
72,blocks.21.conv1,0.08979057520627975
72,blocks.21.conv2,0.09215337783098221
72,blocks.22.conv1,0.1032319888472557
72,blocks.22.conv2,0.10859830677509308
72,blocks.23.conv1,0.12510788440704346
72,blocks.23.conv2,0.13555322587490082
72,blocks.24.conv1,0.15455545485019684
72,blocks.24.conv2,0.1699661761522293
72,blocks.25.conv1,0.18209290504455566
72,blocks.25.conv2,0.19987231492996216
72,blocks.26.conv1,0.20912502706050873
72,blocks.26.conv2,0.22129467129707336
72,blocks.27.conv1,0.2375829815864563
72,blocks.27.conv2,0.23472444713115692
72,blocks.28.conv1,0.23402683436870575
72,blocks.28.conv2,0.21626946330070496
72,blocks.29.conv1,0.2145829051733017
72,blocks.29.conv2,0.20921795070171356
72,blocks.30.conv1,0.20032818615436554
72,blocks.30.conv2,0.18617485463619232
72,blocks.31.conv1,0.17490032315254211
72,blocks.31.conv2,0.14929746091365814
72,mean_conv2d_grad_norm,0.11845386452399767
73,stem.0,0.11197078973054886
73,blocks.0.conv1,0.18031644821166992
73,blocks.0.conv2,0.2018851488828659
73,blocks.1.conv1,0.19668623805046082
73,blocks.1.conv2,0.17989814281463623
73,blocks.2.conv1,0.1595870405435562
73,blocks.2.conv2,0.12600158154964447
73,blocks.3.conv1,0.10975512117147446
73,blocks.3.conv2,0.08955346047878265
73,blocks.4.conv1,0.07482519000768661
73,blocks.4.conv2,0.06674429774284363
73,blocks.5.conv1,0.0674939900636673
73,blocks.5.conv2,0.06976231932640076
73,blocks.6.conv1,0.06618261337280273
73,blocks.6.conv2,0.0687718614935875
73,blocks.7.conv1,0.06259740144014359
73,blocks.7.conv2,0.06269033253192902
73,blocks.8.conv1,0.06026379019021988
73,blocks.8.conv2,0.05998289957642555
73,blocks.9.conv1,0.05803161486983299
73,blocks.9.conv2,0.058073271065950394
73,blocks.10.conv1,0.05732238292694092
73,blocks.10.conv2,0.060072675347328186
73,blocks.11.conv1,0.06575929373502731
73,blocks.11.conv2,0.06692913919687271
73,blocks.12.conv1,0.07509937882423401
73,blocks.12.conv2,0.07870042324066162
73,blocks.13.conv1,0.07960467040538788
73,blocks.13.conv2,0.080116868019104
73,blocks.14.conv1,0.08276410400867462
73,blocks.14.conv2,0.08161047101020813
73,blocks.15.conv1,0.08080258220434189
73,blocks.15.conv2,0.07534311711788177
73,blocks.16.conv1,0.07853356748819351
73,blocks.16.conv2,0.07636138051748276
73,blocks.17.conv1,0.07881137728691101
73,blocks.17.conv2,0.07876003533601761
73,blocks.18.conv1,0.08075972646474838
73,blocks.18.conv2,0.08178122341632843
73,blocks.19.conv1,0.07838281244039536
73,blocks.19.conv2,0.07415062189102173
73,blocks.20.conv1,0.08134417235851288
73,blocks.20.conv2,0.0826856940984726
73,blocks.21.conv1,0.09812895208597183
73,blocks.21.conv2,0.10362417995929718
73,blocks.22.conv1,0.11512015759944916
73,blocks.22.conv2,0.1269148290157318
73,blocks.23.conv1,0.1438945084810257
73,blocks.23.conv2,0.15623334050178528
73,blocks.24.conv1,0.17217177152633667
73,blocks.24.conv2,0.18759781122207642
73,blocks.25.conv1,0.20236696302890778
73,blocks.25.conv2,0.21540646255016327
73,blocks.26.conv1,0.23648647964000702
73,blocks.26.conv2,0.25062552094459534
73,blocks.27.conv1,0.2520032823085785
73,blocks.27.conv2,0.25787022709846497
73,blocks.28.conv1,0.23472940921783447
73,blocks.28.conv2,0.2267322987318039
73,blocks.29.conv1,0.2184140980243683
73,blocks.29.conv2,0.2132945954799652
73,blocks.30.conv1,0.2026357203722
73,blocks.30.conv2,0.19836634397506714
73,blocks.31.conv1,0.18104492127895355
73,blocks.31.conv2,0.15217019617557526
73,mean_conv2d_grad_norm,0.12234771291796978
74,stem.0,0.12709219753742218
74,blocks.0.conv1,0.16487020254135132
74,blocks.0.conv2,0.1863050013780594
74,blocks.1.conv1,0.18192987143993378
74,blocks.1.conv2,0.16816365718841553
74,blocks.2.conv1,0.14619529247283936
74,blocks.2.conv2,0.11888716369867325
74,blocks.3.conv1,0.10129058361053467
74,blocks.3.conv2,0.07611560076475143
74,blocks.4.conv1,0.06931139528751373
74,blocks.4.conv2,0.06140280142426491
74,blocks.5.conv1,0.06180049106478691
74,blocks.5.conv2,0.06197052448987961
74,blocks.6.conv1,0.05900585651397705
74,blocks.6.conv2,0.05698778107762337
74,blocks.7.conv1,0.05557561293244362
74,blocks.7.conv2,0.0544622577726841
74,blocks.8.conv1,0.0556492917239666
74,blocks.8.conv2,0.05467197671532631
74,blocks.9.conv1,0.056324634701013565
74,blocks.9.conv2,0.05501814931631088
74,blocks.10.conv1,0.05485996976494789
74,blocks.10.conv2,0.053586725145578384
74,blocks.11.conv1,0.05295189097523689
74,blocks.11.conv2,0.05649261176586151
74,blocks.12.conv1,0.062014319002628326
74,blocks.12.conv2,0.06268274784088135
74,blocks.13.conv1,0.06381794065237045
74,blocks.13.conv2,0.06136877462267876
74,blocks.14.conv1,0.06527173519134521
74,blocks.14.conv2,0.06917601078748703
74,blocks.15.conv1,0.06790771335363388
74,blocks.15.conv2,0.06294066458940506
74,blocks.16.conv1,0.06973887979984283
74,blocks.16.conv2,0.07055088877677917
74,blocks.17.conv1,0.07056687027215958
74,blocks.17.conv2,0.07220065593719482
74,blocks.18.conv1,0.0714668333530426
74,blocks.18.conv2,0.07138804346323013
74,blocks.19.conv1,0.07145504653453827
74,blocks.19.conv2,0.07359575480222702
74,blocks.20.conv1,0.08321937918663025
74,blocks.20.conv2,0.09264297783374786
74,blocks.21.conv1,0.0979672223329544
74,blocks.21.conv2,0.10572747141122818
74,blocks.22.conv1,0.11209654808044434
74,blocks.22.conv2,0.12057099491357803
74,blocks.23.conv1,0.13737542927265167
74,blocks.23.conv2,0.146390900015831
74,blocks.24.conv1,0.15817756950855255
74,blocks.24.conv2,0.16247831284999847
74,blocks.25.conv1,0.18588444590568542
74,blocks.25.conv2,0.20258395373821259
74,blocks.26.conv1,0.22147613763809204
74,blocks.26.conv2,0.2249273806810379
74,blocks.27.conv1,0.23811444640159607
74,blocks.27.conv2,0.24476231634616852
74,blocks.28.conv1,0.23242993652820587
74,blocks.28.conv2,0.2337663322687149
74,blocks.29.conv1,0.2273566722869873
74,blocks.29.conv2,0.2294541299343109
74,blocks.30.conv1,0.21358948945999146
74,blocks.30.conv2,0.20114322006702423
74,blocks.31.conv1,0.18167944252490997
74,blocks.31.conv2,0.15084291994571686
74,mean_conv2d_grad_norm,0.11510341614484787
75,stem.0,0.12097520381212234
75,blocks.0.conv1,0.13929973542690277
75,blocks.0.conv2,0.14222942292690277
75,blocks.1.conv1,0.13592465221881866
75,blocks.1.conv2,0.13552697002887726
75,blocks.2.conv1,0.1176954060792923
75,blocks.2.conv2,0.09626152366399765
75,blocks.3.conv1,0.08423580974340439
75,blocks.3.conv2,0.06633459031581879
75,blocks.4.conv1,0.058821823447942734
75,blocks.4.conv2,0.04978766292333603
75,blocks.5.conv1,0.051322128623723984
75,blocks.5.conv2,0.051593340933322906
75,blocks.6.conv1,0.04975912719964981
75,blocks.6.conv2,0.048807770013809204
75,blocks.7.conv1,0.04660026729106903
75,blocks.7.conv2,0.04619978368282318
75,blocks.8.conv1,0.04654592648148537
75,blocks.8.conv2,0.04832470417022705
75,blocks.9.conv1,0.0462568923830986
75,blocks.9.conv2,0.0482679083943367
75,blocks.10.conv1,0.04646635428071022
75,blocks.10.conv2,0.04918772727251053
75,blocks.11.conv1,0.048095185309648514
75,blocks.11.conv2,0.04761424660682678
75,blocks.12.conv1,0.055062584578990936
75,blocks.12.conv2,0.058467257767915726
75,blocks.13.conv1,0.056616224348545074
75,blocks.13.conv2,0.060770433396101
75,blocks.14.conv1,0.058499012142419815
75,blocks.14.conv2,0.062001075595617294
75,blocks.15.conv1,0.05857980251312256
75,blocks.15.conv2,0.055982038378715515
75,blocks.16.conv1,0.05823073536157608
75,blocks.16.conv2,0.05902041494846344
75,blocks.17.conv1,0.056499749422073364
75,blocks.17.conv2,0.059311456978321075
75,blocks.18.conv1,0.0614977702498436
75,blocks.18.conv2,0.060386911034584045
75,blocks.19.conv1,0.059195488691329956
75,blocks.19.conv2,0.059298668056726456
75,blocks.20.conv1,0.06032862886786461
75,blocks.20.conv2,0.065543033182621
75,blocks.21.conv1,0.07377880811691284
75,blocks.21.conv2,0.07730546593666077
75,blocks.22.conv1,0.08616936951875687
75,blocks.22.conv2,0.09400825202465057
75,blocks.23.conv1,0.10404939204454422
75,blocks.23.conv2,0.10928110778331757
75,blocks.24.conv1,0.11792907863855362
75,blocks.24.conv2,0.12638501822948456
75,blocks.25.conv1,0.14304567873477936
75,blocks.25.conv2,0.15709085762500763
75,blocks.26.conv1,0.17029745876789093
75,blocks.26.conv2,0.17564181983470917
75,blocks.27.conv1,0.18217769265174866
75,blocks.27.conv2,0.19741886854171753
75,blocks.28.conv1,0.19594720005989075
75,blocks.28.conv2,0.19252809882164001
75,blocks.29.conv1,0.18010586500167847
75,blocks.29.conv2,0.1700034886598587
75,blocks.30.conv1,0.17100059986114502
75,blocks.30.conv2,0.1720035970211029
75,blocks.31.conv1,0.16335278749465942
75,blocks.31.conv2,0.14761406183242798
75,mean_conv2d_grad_norm,0.09376246178379426
76,stem.0,0.13410677015781403
76,blocks.0.conv1,0.1648682951927185
76,blocks.0.conv2,0.19093482196331024
76,blocks.1.conv1,0.1871650218963623
76,blocks.1.conv2,0.18671640753746033
76,blocks.2.conv1,0.1540180742740631
76,blocks.2.conv2,0.1276320517063141
76,blocks.3.conv1,0.10668613761663437
76,blocks.3.conv2,0.08002693206071854
76,blocks.4.conv1,0.06905772536993027
76,blocks.4.conv2,0.061144664883613586
76,blocks.5.conv1,0.05783318355679512
76,blocks.5.conv2,0.05593300610780716
76,blocks.6.conv1,0.05339083820581436
76,blocks.6.conv2,0.053942665457725525
76,blocks.7.conv1,0.05281077325344086
76,blocks.7.conv2,0.05169600248336792
76,blocks.8.conv1,0.05209630727767944
76,blocks.8.conv2,0.05114436894655228
76,blocks.9.conv1,0.050574179738759995
76,blocks.9.conv2,0.04926685988903046
76,blocks.10.conv1,0.049759432673454285
76,blocks.10.conv2,0.0497015118598938
76,blocks.11.conv1,0.05163810774683952
76,blocks.11.conv2,0.05499744042754173
76,blocks.12.conv1,0.05888304486870766
76,blocks.12.conv2,0.06330545246601105
76,blocks.13.conv1,0.06391620635986328
76,blocks.13.conv2,0.06223786622285843
76,blocks.14.conv1,0.06160112842917442
76,blocks.14.conv2,0.06753497570753098
76,blocks.15.conv1,0.06381965428590775
76,blocks.15.conv2,0.062049489468336105
76,blocks.16.conv1,0.06439214944839478
76,blocks.16.conv2,0.06288307160139084
76,blocks.17.conv1,0.06310087442398071
76,blocks.17.conv2,0.06278570741415024
76,blocks.18.conv1,0.06454243510961533
76,blocks.18.conv2,0.06470854580402374
76,blocks.19.conv1,0.06336329132318497
76,blocks.19.conv2,0.06034503132104874
76,blocks.20.conv1,0.06305070221424103
76,blocks.20.conv2,0.06897388398647308
76,blocks.21.conv1,0.07823020219802856
76,blocks.21.conv2,0.09106681495904922
76,blocks.22.conv1,0.1078689694404602
76,blocks.22.conv2,0.11790882796049118
76,blocks.23.conv1,0.127273827791214
76,blocks.23.conv2,0.1392814964056015
76,blocks.24.conv1,0.15584377944469452
76,blocks.24.conv2,0.1728546917438507
76,blocks.25.conv1,0.18608959019184113
76,blocks.25.conv2,0.20059466361999512
76,blocks.26.conv1,0.2111823856830597
76,blocks.26.conv2,0.22129876911640167
76,blocks.27.conv1,0.2323935478925705
76,blocks.27.conv2,0.2429482787847519
76,blocks.28.conv1,0.24411876499652863
76,blocks.28.conv2,0.23400631546974182
76,blocks.29.conv1,0.22307482361793518
76,blocks.29.conv2,0.22662891447544098
76,blocks.30.conv1,0.20975956320762634
76,blocks.30.conv2,0.19530825316905975
76,blocks.31.conv1,0.185583233833313
76,blocks.31.conv2,0.16816353797912598
76,mean_conv2d_grad_norm,0.11246329758029718
77,stem.0,0.13244739174842834
77,blocks.0.conv1,0.12177732586860657
77,blocks.0.conv2,0.14018966257572174
77,blocks.1.conv1,0.14694514870643616
77,blocks.1.conv2,0.128218874335289
77,blocks.2.conv1,0.10749906301498413
77,blocks.2.conv2,0.08395269513130188
77,blocks.3.conv1,0.06518956273794174
77,blocks.3.conv2,0.053020503371953964
77,blocks.4.conv1,0.04025023430585861
77,blocks.4.conv2,0.03778667747974396
77,blocks.5.conv1,0.035029053688049316
77,blocks.5.conv2,0.03427354618906975
77,blocks.6.conv1,0.03420393913984299
77,blocks.6.conv2,0.03259843587875366
77,blocks.7.conv1,0.03184818848967552
77,blocks.7.conv2,0.030598923563957214
77,blocks.8.conv1,0.031161608174443245
77,blocks.8.conv2,0.033234767615795135
77,blocks.9.conv1,0.031202059239149094
77,blocks.9.conv2,0.03088504448533058
77,blocks.10.conv1,0.03175009787082672
77,blocks.10.conv2,0.03229833021759987
77,blocks.11.conv1,0.0317184180021286
77,blocks.11.conv2,0.035319820046424866
77,blocks.12.conv1,0.03699010610580444
77,blocks.12.conv2,0.040230266749858856
77,blocks.13.conv1,0.04091870039701462
77,blocks.13.conv2,0.0396113358438015
77,blocks.14.conv1,0.04217502102255821
77,blocks.14.conv2,0.04137691855430603
77,blocks.15.conv1,0.042179010808467865
77,blocks.15.conv2,0.04065878689289093
77,blocks.16.conv1,0.04105117544531822
77,blocks.16.conv2,0.042836278676986694
77,blocks.17.conv1,0.04331568628549576
77,blocks.17.conv2,0.043942905962467194
77,blocks.18.conv1,0.044385820627212524
77,blocks.18.conv2,0.043030623346567154
77,blocks.19.conv1,0.04003876447677612
77,blocks.19.conv2,0.043912701308727264
77,blocks.20.conv1,0.04481280967593193
77,blocks.20.conv2,0.05064675956964493
77,blocks.21.conv1,0.055218249559402466
77,blocks.21.conv2,0.06348682194948196
77,blocks.22.conv1,0.07266172766685486
77,blocks.22.conv2,0.08035261929035187
77,blocks.23.conv1,0.09091777354478836
77,blocks.23.conv2,0.09744561463594437
77,blocks.24.conv1,0.10927792638540268
77,blocks.24.conv2,0.11799770593643188
77,blocks.25.conv1,0.13002794981002808
77,blocks.25.conv2,0.1486278921365738
77,blocks.26.conv1,0.1585506647825241
77,blocks.26.conv2,0.1632786989212036
77,blocks.27.conv1,0.1685246378183365
77,blocks.27.conv2,0.17318689823150635
77,blocks.28.conv1,0.17092575132846832
77,blocks.28.conv2,0.16333557665348053
77,blocks.29.conv1,0.1528441607952118
77,blocks.29.conv2,0.1537429839372635
77,blocks.30.conv1,0.15032409131526947
77,blocks.30.conv2,0.1474844068288803
77,blocks.31.conv1,0.1377132534980774
77,blocks.31.conv2,0.12867234647274017
77,mean_conv2d_grad_norm,0.07861708915577485
78,stem.0,0.14665217697620392
78,blocks.0.conv1,0.215783953666687
78,blocks.0.conv2,0.2474837750196457
78,blocks.1.conv1,0.237257182598114
78,blocks.1.conv2,0.21628861129283905
78,blocks.2.conv1,0.17930607497692108
78,blocks.2.conv2,0.14926226437091827
78,blocks.3.conv1,0.1265466809272766
78,blocks.3.conv2,0.10074799507856369
78,blocks.4.conv1,0.09080206602811813
78,blocks.4.conv2,0.08366566151380539
78,blocks.5.conv1,0.0770118311047554
78,blocks.5.conv2,0.08227525651454926
78,blocks.6.conv1,0.08243464678525925
78,blocks.6.conv2,0.08008719980716705
78,blocks.7.conv1,0.07947905361652374
78,blocks.7.conv2,0.07945238798856735
78,blocks.8.conv1,0.0813300684094429
78,blocks.8.conv2,0.08089868724346161
78,blocks.9.conv1,0.07920990884304047
78,blocks.9.conv2,0.08041813224554062
78,blocks.10.conv1,0.07934290915727615
78,blocks.10.conv2,0.08138243854045868
78,blocks.11.conv1,0.08141113072633743
78,blocks.11.conv2,0.08609896153211594
78,blocks.12.conv1,0.09005498886108398
78,blocks.12.conv2,0.09116612374782562
78,blocks.13.conv1,0.09220580756664276
78,blocks.13.conv2,0.09111988544464111
78,blocks.14.conv1,0.09365800768136978
78,blocks.14.conv2,0.1011805385351181
78,blocks.15.conv1,0.09860877692699432
78,blocks.15.conv2,0.09475582838058472
78,blocks.16.conv1,0.0922233983874321
78,blocks.16.conv2,0.09691394865512848
78,blocks.17.conv1,0.09327709674835205
78,blocks.17.conv2,0.09409449249505997
78,blocks.18.conv1,0.09636986255645752
78,blocks.18.conv2,0.09489766508340836
78,blocks.19.conv1,0.09167894721031189
78,blocks.19.conv2,0.09304219484329224
78,blocks.20.conv1,0.10085141658782959
78,blocks.20.conv2,0.10693725198507309
78,blocks.21.conv1,0.11406677216291428
78,blocks.21.conv2,0.12761959433555603
78,blocks.22.conv1,0.1353985220193863
78,blocks.22.conv2,0.14796540141105652
78,blocks.23.conv1,0.16200630366802216
78,blocks.23.conv2,0.17975540459156036
78,blocks.24.conv1,0.19819137454032898
78,blocks.24.conv2,0.221256822347641
78,blocks.25.conv1,0.2372349500656128
78,blocks.25.conv2,0.24437940120697021
78,blocks.26.conv1,0.2611052989959717
78,blocks.26.conv2,0.27339550852775574
78,blocks.27.conv1,0.2898542582988739
78,blocks.27.conv2,0.2890326976776123
78,blocks.28.conv1,0.2675079107284546
78,blocks.28.conv2,0.2465822547674179
78,blocks.29.conv1,0.24251021444797516
78,blocks.29.conv2,0.24179333448410034
78,blocks.30.conv1,0.22118651866912842
78,blocks.30.conv2,0.20757222175598145
78,blocks.31.conv1,0.1863364428281784
78,blocks.31.conv2,0.15973728895187378
78,mean_conv2d_grad_norm,0.1429562120483472
79,stem.0,0.16285647451877594
79,blocks.0.conv1,0.21232886612415314
79,blocks.0.conv2,0.23201309144496918
79,blocks.1.conv1,0.2262488305568695
79,blocks.1.conv2,0.18764334917068481
79,blocks.2.conv1,0.15356165170669556
79,blocks.2.conv2,0.12174849957227707
79,blocks.3.conv1,0.09770665317773819
79,blocks.3.conv2,0.0783533900976181
79,blocks.4.conv1,0.055525679141283035
79,blocks.4.conv2,0.05212068930268288
79,blocks.5.conv1,0.041657015681266785
79,blocks.5.conv2,0.04649359732866287
79,blocks.6.conv1,0.043586619198322296
79,blocks.6.conv2,0.04335382580757141
79,blocks.7.conv1,0.038799308240413666
79,blocks.7.conv2,0.039118457585573196
79,blocks.8.conv1,0.03946975991129875
79,blocks.8.conv2,0.03674054890871048
79,blocks.9.conv1,0.036507055163383484
79,blocks.9.conv2,0.03721142187714577
79,blocks.10.conv1,0.03615175187587738
79,blocks.10.conv2,0.03805023804306984
79,blocks.11.conv1,0.03961694613099098
79,blocks.11.conv2,0.04330343008041382
79,blocks.12.conv1,0.053555309772491455
79,blocks.12.conv2,0.06016964465379715
79,blocks.13.conv1,0.06087048724293709
79,blocks.13.conv2,0.05955994874238968
79,blocks.14.conv1,0.0620742104947567
79,blocks.14.conv2,0.06587238609790802
79,blocks.15.conv1,0.06172234192490578
79,blocks.15.conv2,0.05947412922978401
79,blocks.16.conv1,0.06064269691705704
79,blocks.16.conv2,0.06176316365599632
79,blocks.17.conv1,0.06321244686841965
79,blocks.17.conv2,0.0635346844792366
79,blocks.18.conv1,0.06716421246528625
79,blocks.18.conv2,0.06821171939373016
79,blocks.19.conv1,0.06342832744121552
79,blocks.19.conv2,0.06133006885647774
79,blocks.20.conv1,0.06489776074886322
79,blocks.20.conv2,0.07238063961267471
79,blocks.21.conv1,0.08570951223373413
79,blocks.21.conv2,0.09594004601240158
79,blocks.22.conv1,0.10445024818181992
79,blocks.22.conv2,0.11379361897706985
79,blocks.23.conv1,0.11789297312498093
79,blocks.23.conv2,0.1356465071439743
79,blocks.24.conv1,0.14328424632549286
79,blocks.24.conv2,0.153062641620636
79,blocks.25.conv1,0.16737142205238342
79,blocks.25.conv2,0.18277205526828766
79,blocks.26.conv1,0.20616629719734192
79,blocks.26.conv2,0.21352340281009674
79,blocks.27.conv1,0.21800431609153748
79,blocks.27.conv2,0.22477063536643982
79,blocks.28.conv1,0.22102561593055725
79,blocks.28.conv2,0.21931056678295135
79,blocks.29.conv1,0.21332068741321564
79,blocks.29.conv2,0.21564827859401703
79,blocks.30.conv1,0.21017707884311676
79,blocks.30.conv2,0.20639963448047638
79,blocks.31.conv1,0.2007637619972229
79,blocks.31.conv2,0.17323961853981018
79,mean_conv2d_grad_norm,0.10911237683433753
80,stem.0,0.2449248880147934
80,blocks.0.conv1,0.19964313507080078
80,blocks.0.conv2,0.2016378939151764
80,blocks.1.conv1,0.21280567348003387
80,blocks.1.conv2,0.19748151302337646
80,blocks.2.conv1,0.17023135721683502
80,blocks.2.conv2,0.13377352058887482
80,blocks.3.conv1,0.11407226324081421
80,blocks.3.conv2,0.0815228596329689
80,blocks.4.conv1,0.06415466219186783
80,blocks.4.conv2,0.05030303820967674
80,blocks.5.conv1,0.049503885209560394
80,blocks.5.conv2,0.04685625061392784
80,blocks.6.conv1,0.044311221688985825
80,blocks.6.conv2,0.04377031698822975
80,blocks.7.conv1,0.042058274149894714
80,blocks.7.conv2,0.04216037318110466
80,blocks.8.conv1,0.04304589331150055
80,blocks.8.conv2,0.04315737634897232
80,blocks.9.conv1,0.041930023580789566
80,blocks.9.conv2,0.042397502809762955
80,blocks.10.conv1,0.04198983684182167
80,blocks.10.conv2,0.04249172657728195
80,blocks.11.conv1,0.04331303760409355
80,blocks.11.conv2,0.047071777284145355
80,blocks.12.conv1,0.051252033561468124
80,blocks.12.conv2,0.056616656482219696
80,blocks.13.conv1,0.05435679107904434
80,blocks.13.conv2,0.05691347271203995
80,blocks.14.conv1,0.06014901399612427
80,blocks.14.conv2,0.06793463230133057
80,blocks.15.conv1,0.06022389233112335
80,blocks.15.conv2,0.05801323428750038
80,blocks.16.conv1,0.0586874857544899
80,blocks.16.conv2,0.06221689283847809
80,blocks.17.conv1,0.0613134391605854
80,blocks.17.conv2,0.060795433819293976
80,blocks.18.conv1,0.06252208352088928
80,blocks.18.conv2,0.06049695983529091
80,blocks.19.conv1,0.061616647988557816
80,blocks.19.conv2,0.06129322946071625
80,blocks.20.conv1,0.0641150251030922
80,blocks.20.conv2,0.06953845173120499
80,blocks.21.conv1,0.07696706056594849
80,blocks.21.conv2,0.0899454727768898
80,blocks.22.conv1,0.09987625479698181
80,blocks.22.conv2,0.10942841321229935
80,blocks.23.conv1,0.12342262268066406
80,blocks.23.conv2,0.13743005692958832
80,blocks.24.conv1,0.1506415605545044
80,blocks.24.conv2,0.16817033290863037
80,blocks.25.conv1,0.1837889403104782
80,blocks.25.conv2,0.20942293107509613
80,blocks.26.conv1,0.22540779411792755
80,blocks.26.conv2,0.22623886168003082
80,blocks.27.conv1,0.23347656428813934
80,blocks.27.conv2,0.2263573706150055
80,blocks.28.conv1,0.22530658543109894
80,blocks.28.conv2,0.21371431648731232
80,blocks.29.conv1,0.21273109316825867
80,blocks.29.conv2,0.20572440326213837
80,blocks.30.conv1,0.2002115696668625
80,blocks.30.conv2,0.19281408190727234
80,blocks.31.conv1,0.1649012416601181
80,blocks.31.conv2,0.14257755875587463
80,mean_conv2d_grad_norm,0.11063413482445937
81,stem.0,0.11992877721786499
81,blocks.0.conv1,0.15641164779663086
81,blocks.0.conv2,0.165109783411026
81,blocks.1.conv1,0.16502653062343597
81,blocks.1.conv2,0.15531915426254272
81,blocks.2.conv1,0.132395938038826
81,blocks.2.conv2,0.10549809783697128
81,blocks.3.conv1,0.08380325883626938
81,blocks.3.conv2,0.06315883249044418
81,blocks.4.conv1,0.048739586025476456
81,blocks.4.conv2,0.04192470386624336
81,blocks.5.conv1,0.035770900547504425
81,blocks.5.conv2,0.035883788019418716
81,blocks.6.conv1,0.03438574820756912
81,blocks.6.conv2,0.03391225263476372
81,blocks.7.conv1,0.03105865977704525
81,blocks.7.conv2,0.030906371772289276
81,blocks.8.conv1,0.03184263035655022
81,blocks.8.conv2,0.029294857755303383
81,blocks.9.conv1,0.028519490733742714
81,blocks.9.conv2,0.02941761538386345
81,blocks.10.conv1,0.028421763330698013
81,blocks.10.conv2,0.029283132404088974
81,blocks.11.conv1,0.03131711855530739
81,blocks.11.conv2,0.035194091498851776
81,blocks.12.conv1,0.041660502552986145
81,blocks.12.conv2,0.048184171319007874
81,blocks.13.conv1,0.04795234650373459
81,blocks.13.conv2,0.046817973256111145
81,blocks.14.conv1,0.04827047139406204
81,blocks.14.conv2,0.052236296236515045
81,blocks.15.conv1,0.049029767513275146
81,blocks.15.conv2,0.04701540991663933
81,blocks.16.conv1,0.04674292728304863
81,blocks.16.conv2,0.05020081624388695
81,blocks.17.conv1,0.05432642996311188
81,blocks.17.conv2,0.053038641810417175
81,blocks.18.conv1,0.0539824478328228
81,blocks.18.conv2,0.05742577835917473
81,blocks.19.conv1,0.05670900270342827
81,blocks.19.conv2,0.05281604453921318
81,blocks.20.conv1,0.056648846715688705
81,blocks.20.conv2,0.06562615185976028
81,blocks.21.conv1,0.07380114495754242
81,blocks.21.conv2,0.08337587118148804
81,blocks.22.conv1,0.09376949071884155
81,blocks.22.conv2,0.10047245770692825
81,blocks.23.conv1,0.11159827560186386
81,blocks.23.conv2,0.12251557409763336
81,blocks.24.conv1,0.13380496203899384
81,blocks.24.conv2,0.1497478187084198
81,blocks.25.conv1,0.16009773313999176
81,blocks.25.conv2,0.16908255219459534
81,blocks.26.conv1,0.1816360354423523
81,blocks.26.conv2,0.1817629486322403
81,blocks.27.conv1,0.18752986192703247
81,blocks.27.conv2,0.19231611490249634
81,blocks.28.conv1,0.1973809152841568
81,blocks.28.conv2,0.19156163930892944
81,blocks.29.conv1,0.1816011667251587
81,blocks.29.conv2,0.18439620733261108
81,blocks.30.conv1,0.17818783223628998
81,blocks.30.conv2,0.16415053606033325
81,blocks.31.conv1,0.1504458636045456
81,blocks.31.conv2,0.1332443207502365
81,mean_conv2d_grad_norm,0.09128750892212757
82,stem.0,0.14746709167957306
82,blocks.0.conv1,0.19787105917930603
82,blocks.0.conv2,0.2108704000711441
82,blocks.1.conv1,0.1975775808095932
82,blocks.1.conv2,0.19289100170135498
82,blocks.2.conv1,0.1733124554157257
82,blocks.2.conv2,0.14265261590480804
82,blocks.3.conv1,0.11875537037849426
82,blocks.3.conv2,0.08780781179666519
82,blocks.4.conv1,0.0724497139453888
82,blocks.4.conv2,0.06358910351991653
82,blocks.5.conv1,0.060976263135671616
82,blocks.5.conv2,0.05712165683507919
82,blocks.6.conv1,0.056154701858758926
82,blocks.6.conv2,0.05505644157528877
82,blocks.7.conv1,0.05449412763118744
82,blocks.7.conv2,0.05464950576424599
82,blocks.8.conv1,0.0549720861017704
82,blocks.8.conv2,0.05527760833501816
82,blocks.9.conv1,0.05392266809940338
82,blocks.9.conv2,0.052722346037626266
82,blocks.10.conv1,0.05492907389998436
82,blocks.10.conv2,0.05522903427481651
82,blocks.11.conv1,0.05620761588215828
82,blocks.11.conv2,0.06020538508892059
82,blocks.12.conv1,0.06579629331827164
82,blocks.12.conv2,0.07086636871099472
82,blocks.13.conv1,0.06940553337335587
82,blocks.13.conv2,0.06863642483949661
82,blocks.14.conv1,0.07418470084667206
82,blocks.14.conv2,0.0752074122428894
82,blocks.15.conv1,0.07127951830625534
82,blocks.15.conv2,0.06766776740550995
82,blocks.16.conv1,0.06684567779302597
82,blocks.16.conv2,0.06919931620359421
82,blocks.17.conv1,0.0753890872001648
82,blocks.17.conv2,0.07236061990261078
82,blocks.18.conv1,0.07610659301280975
82,blocks.18.conv2,0.07892348617315292
82,blocks.19.conv1,0.07165627926588058
82,blocks.19.conv2,0.07346484810113907
82,blocks.20.conv1,0.08247829973697662
82,blocks.20.conv2,0.09093242138624191
82,blocks.21.conv1,0.10821859538555145
82,blocks.21.conv2,0.12070927023887634
82,blocks.22.conv1,0.12991447746753693
82,blocks.22.conv2,0.14045193791389465
82,blocks.23.conv1,0.15509146451950073
82,blocks.23.conv2,0.1624944508075714
82,blocks.24.conv1,0.1775362491607666
82,blocks.24.conv2,0.18543608486652374
82,blocks.25.conv1,0.1981724053621292
82,blocks.25.conv2,0.2143765687942505
82,blocks.26.conv1,0.22398848831653595
82,blocks.26.conv2,0.23110617697238922
82,blocks.27.conv1,0.24383936822414398
82,blocks.27.conv2,0.250541627407074
82,blocks.28.conv1,0.24808400869369507
82,blocks.28.conv2,0.24166448414325714
82,blocks.29.conv1,0.2301613986492157
82,blocks.29.conv2,0.23362697660923004
82,blocks.30.conv1,0.22141432762145996
82,blocks.30.conv2,0.21281109750270844
82,blocks.31.conv1,0.20007173717021942
82,blocks.31.conv2,0.17998859286308289
82,mean_conv2d_grad_norm,0.123342510083547
83,stem.0,0.1584266871213913
83,blocks.0.conv1,0.14482924342155457
83,blocks.0.conv2,0.17319990694522858
83,blocks.1.conv1,0.1805838942527771
83,blocks.1.conv2,0.1777295172214508
83,blocks.2.conv1,0.165253683924675
83,blocks.2.conv2,0.13653548061847687
83,blocks.3.conv1,0.11552776396274567
83,blocks.3.conv2,0.08047964423894882
83,blocks.4.conv1,0.07217078655958176
83,blocks.4.conv2,0.0628027394413948
83,blocks.5.conv1,0.06461825966835022
83,blocks.5.conv2,0.06149446591734886
83,blocks.6.conv1,0.062480539083480835
83,blocks.6.conv2,0.06036464124917984
83,blocks.7.conv1,0.059868548065423965
83,blocks.7.conv2,0.05845857784152031
83,blocks.8.conv1,0.05935912951827049
83,blocks.8.conv2,0.06091611087322235
83,blocks.9.conv1,0.057643648236989975
83,blocks.9.conv2,0.0597061850130558
83,blocks.10.conv1,0.05860918387770653
83,blocks.10.conv2,0.05894998833537102
83,blocks.11.conv1,0.05989846959710121
83,blocks.11.conv2,0.06492868065834045
83,blocks.12.conv1,0.06739357113838196
83,blocks.12.conv2,0.07098140567541122
83,blocks.13.conv1,0.07640090584754944
83,blocks.13.conv2,0.07179565727710724
83,blocks.14.conv1,0.07317018508911133
83,blocks.14.conv2,0.0743347629904747
83,blocks.15.conv1,0.0719786137342453
83,blocks.15.conv2,0.07072407007217407
83,blocks.16.conv1,0.07197566330432892
83,blocks.16.conv2,0.07851144671440125
83,blocks.17.conv1,0.0753437727689743
83,blocks.17.conv2,0.0745650976896286
83,blocks.18.conv1,0.07676083594560623
83,blocks.18.conv2,0.08204749971628189
83,blocks.19.conv1,0.07719817012548447
83,blocks.19.conv2,0.08031389862298965
83,blocks.20.conv1,0.0807955265045166
83,blocks.20.conv2,0.09040292352437973
83,blocks.21.conv1,0.09364362061023712
83,blocks.21.conv2,0.10480797290802002
83,blocks.22.conv1,0.1148170530796051
83,blocks.22.conv2,0.12164004147052765
83,blocks.23.conv1,0.13214799761772156
83,blocks.23.conv2,0.1418190449476242
83,blocks.24.conv1,0.15626715123653412
83,blocks.24.conv2,0.16891811788082123
83,blocks.25.conv1,0.17659960687160492
83,blocks.25.conv2,0.19065804779529572
83,blocks.26.conv1,0.2069946825504303
83,blocks.26.conv2,0.21542708575725555
83,blocks.27.conv1,0.2181137353181839
83,blocks.27.conv2,0.21294666826725006
83,blocks.28.conv1,0.2060832530260086
83,blocks.28.conv2,0.20935268700122833
83,blocks.29.conv1,0.19872036576271057
83,blocks.29.conv2,0.19644038379192352
83,blocks.30.conv1,0.18880987167358398
83,blocks.30.conv2,0.1771426498889923
83,blocks.31.conv1,0.18102629482746124
83,blocks.31.conv2,0.1773756593465805
83,mean_conv2d_grad_norm,0.11491202729252668
84,stem.0,0.11031484603881836
84,blocks.0.conv1,0.1437368094921112
84,blocks.0.conv2,0.15280009806156158
84,blocks.1.conv1,0.16619141399860382
84,blocks.1.conv2,0.1518346220254898
84,blocks.2.conv1,0.13332325220108032
84,blocks.2.conv2,0.11189980059862137
84,blocks.3.conv1,0.08713631331920624
84,blocks.3.conv2,0.07035738229751587
84,blocks.4.conv1,0.060461707413196564
84,blocks.4.conv2,0.05799230933189392
84,blocks.5.conv1,0.055021002888679504
84,blocks.5.conv2,0.05560661852359772
84,blocks.6.conv1,0.05694098770618439
84,blocks.6.conv2,0.05677000433206558
84,blocks.7.conv1,0.05795598402619362
84,blocks.7.conv2,0.05741828680038452
84,blocks.8.conv1,0.058512113988399506
84,blocks.8.conv2,0.05798124521970749
84,blocks.9.conv1,0.057554807513952255
84,blocks.9.conv2,0.0577954426407814
84,blocks.10.conv1,0.05797884985804558
84,blocks.10.conv2,0.057626429945230484
84,blocks.11.conv1,0.057141274213790894
84,blocks.11.conv2,0.05702461302280426
84,blocks.12.conv1,0.05878957360982895
84,blocks.12.conv2,0.05651070550084114
84,blocks.13.conv1,0.06127175688743591
84,blocks.13.conv2,0.061868827790021896
84,blocks.14.conv1,0.06409358978271484
84,blocks.14.conv2,0.06443110853433609
84,blocks.15.conv1,0.06221335753798485
84,blocks.15.conv2,0.06041756644845009
84,blocks.16.conv1,0.058229368180036545
84,blocks.16.conv2,0.06169667840003967
84,blocks.17.conv1,0.06273037940263748
84,blocks.17.conv2,0.06371107697486877
84,blocks.18.conv1,0.06496646255254745
84,blocks.18.conv2,0.06628995388746262
84,blocks.19.conv1,0.06737491488456726
84,blocks.19.conv2,0.06440834701061249
84,blocks.20.conv1,0.06630300730466843
84,blocks.20.conv2,0.07118707150220871
84,blocks.21.conv1,0.07542205601930618
84,blocks.21.conv2,0.08513661473989487
84,blocks.22.conv1,0.094625324010849
84,blocks.22.conv2,0.10192262381315231
84,blocks.23.conv1,0.11116458475589752
84,blocks.23.conv2,0.12421140819787979
84,blocks.24.conv1,0.13785749673843384
84,blocks.24.conv2,0.1522497534751892
84,blocks.25.conv1,0.16115348041057587
84,blocks.25.conv2,0.16868117451667786
84,blocks.26.conv1,0.17563559114933014
84,blocks.26.conv2,0.18194951117038727
84,blocks.27.conv1,0.18526190519332886
84,blocks.27.conv2,0.19166986644268036
84,blocks.28.conv1,0.1934499740600586
84,blocks.28.conv2,0.1869141310453415
84,blocks.29.conv1,0.1746644824743271
84,blocks.29.conv2,0.17684756219387054
84,blocks.30.conv1,0.17955981194972992
84,blocks.30.conv2,0.16258418560028076
84,blocks.31.conv1,0.1486416459083557
84,blocks.31.conv2,0.12625108659267426
84,mean_conv2d_grad_norm,0.09968806510934462
85,stem.0,0.137665793299675
85,blocks.0.conv1,0.1771862804889679
85,blocks.0.conv2,0.20018115639686584
85,blocks.1.conv1,0.18891537189483643
85,blocks.1.conv2,0.17150834202766418
85,blocks.2.conv1,0.15142972767353058
85,blocks.2.conv2,0.1226462572813034
85,blocks.3.conv1,0.10544490814208984
85,blocks.3.conv2,0.07595266401767731
85,blocks.4.conv1,0.06687568873167038
85,blocks.4.conv2,0.06651521474123001
85,blocks.5.conv1,0.06712636351585388
85,blocks.5.conv2,0.06743145734071732
85,blocks.6.conv1,0.06643430888652802
85,blocks.6.conv2,0.06465207040309906
85,blocks.7.conv1,0.06557831913232803
85,blocks.7.conv2,0.06454888731241226
85,blocks.8.conv1,0.06522881984710693
85,blocks.8.conv2,0.06616523861885071
85,blocks.9.conv1,0.06537112593650818
85,blocks.9.conv2,0.06550782918930054
85,blocks.10.conv1,0.06542253494262695
85,blocks.10.conv2,0.06577759236097336
85,blocks.11.conv1,0.06658259779214859
85,blocks.11.conv2,0.06390182673931122
85,blocks.12.conv1,0.06436942517757416
85,blocks.12.conv2,0.0629739984869957
85,blocks.13.conv1,0.06657641381025314
85,blocks.13.conv2,0.07099726051092148
85,blocks.14.conv1,0.07170174270868301
85,blocks.14.conv2,0.07099387794733047
85,blocks.15.conv1,0.0710802897810936
85,blocks.15.conv2,0.06810228526592255
85,blocks.16.conv1,0.0679076537489891
85,blocks.16.conv2,0.07297977805137634
85,blocks.17.conv1,0.07559726387262344
85,blocks.17.conv2,0.0726470798254013
85,blocks.18.conv1,0.0753251239657402
85,blocks.18.conv2,0.07408654689788818
85,blocks.19.conv1,0.0736488625407219
85,blocks.19.conv2,0.08036156743764877
85,blocks.20.conv1,0.09085975587368011
85,blocks.20.conv2,0.09566124528646469
85,blocks.21.conv1,0.09677359461784363
85,blocks.21.conv2,0.10147259384393692
85,blocks.22.conv1,0.1116034984588623
85,blocks.22.conv2,0.12622548639774323
85,blocks.23.conv1,0.13801230490207672
85,blocks.23.conv2,0.14963340759277344
85,blocks.24.conv1,0.1648034304380417
85,blocks.24.conv2,0.1809219866991043
85,blocks.25.conv1,0.19413261115550995
85,blocks.25.conv2,0.21510381996631622
85,blocks.26.conv1,0.2264915555715561
85,blocks.26.conv2,0.23486657440662384
85,blocks.27.conv1,0.24867986142635345
85,blocks.27.conv2,0.2570679187774658
85,blocks.28.conv1,0.24261534214019775
85,blocks.28.conv2,0.2316828817129135
85,blocks.29.conv1,0.21818432211875916
85,blocks.29.conv2,0.20771312713623047
85,blocks.30.conv1,0.2003309279680252
85,blocks.30.conv2,0.17700178921222687
85,blocks.31.conv1,0.16913016140460968
85,blocks.31.conv2,0.15317845344543457
85,mean_conv2d_grad_norm,0.1193160953430029
86,stem.0,0.12981291115283966
86,blocks.0.conv1,0.15917108952999115
86,blocks.0.conv2,0.1822207272052765
86,blocks.1.conv1,0.18820561468601227
86,blocks.1.conv2,0.17790263891220093
86,blocks.2.conv1,0.15350772440433502
86,blocks.2.conv2,0.1287635862827301
86,blocks.3.conv1,0.1132252961397171
86,blocks.3.conv2,0.08494427800178528
86,blocks.4.conv1,0.07490894943475723
86,blocks.4.conv2,0.06821012496948242
86,blocks.5.conv1,0.06811273097991943
86,blocks.5.conv2,0.0683574452996254
86,blocks.6.conv1,0.06658786535263062
86,blocks.6.conv2,0.06781797856092453
86,blocks.7.conv1,0.06821037828922272
86,blocks.7.conv2,0.06822957843542099
86,blocks.8.conv1,0.06696823239326477
86,blocks.8.conv2,0.06679848581552505
86,blocks.9.conv1,0.06728006899356842
86,blocks.9.conv2,0.06692033261060715
86,blocks.10.conv1,0.06675810366868973
86,blocks.10.conv2,0.06674977391958237
86,blocks.11.conv1,0.06671436131000519
86,blocks.11.conv2,0.06570369005203247
86,blocks.12.conv1,0.06615112721920013
86,blocks.12.conv2,0.06554049253463745
86,blocks.13.conv1,0.06588684022426605
86,blocks.13.conv2,0.06707068532705307
86,blocks.14.conv1,0.06870666891336441
86,blocks.14.conv2,0.07265674322843552
86,blocks.15.conv1,0.06768320500850677
86,blocks.15.conv2,0.06627209484577179
86,blocks.16.conv1,0.06908027827739716
86,blocks.16.conv2,0.07061701267957687
86,blocks.17.conv1,0.06998064368963242
86,blocks.17.conv2,0.07180049270391464
86,blocks.18.conv1,0.07690803706645966
86,blocks.18.conv2,0.07668823003768921
86,blocks.19.conv1,0.0753319039940834
86,blocks.19.conv2,0.07610142230987549
86,blocks.20.conv1,0.08043097704648972
86,blocks.20.conv2,0.08547846972942352
86,blocks.21.conv1,0.09286627173423767
86,blocks.21.conv2,0.10039646923542023
86,blocks.22.conv1,0.10494542866945267
86,blocks.22.conv2,0.11146008223295212
86,blocks.23.conv1,0.12536893784999847
86,blocks.23.conv2,0.13786500692367554
86,blocks.24.conv1,0.14807525277137756
86,blocks.24.conv2,0.15607430040836334
86,blocks.25.conv1,0.17360444366931915
86,blocks.25.conv2,0.1846933662891388
86,blocks.26.conv1,0.2005358189344406
86,blocks.26.conv2,0.21975935995578766
86,blocks.27.conv1,0.2266363501548767
86,blocks.27.conv2,0.23117850720882416
86,blocks.28.conv1,0.22466899454593658
86,blocks.28.conv2,0.2231653928756714
86,blocks.29.conv1,0.2170611470937729
86,blocks.29.conv2,0.21592310070991516
86,blocks.30.conv1,0.20852209627628326
86,blocks.30.conv2,0.20459584891796112
86,blocks.31.conv1,0.1895502507686615
86,blocks.31.conv2,0.15920868515968323
86,mean_conv2d_grad_norm,0.1161634215941796
87,stem.0,0.14896754920482635
87,blocks.0.conv1,0.14939743280410767
87,blocks.0.conv2,0.16562135517597198
87,blocks.1.conv1,0.1658027172088623
87,blocks.1.conv2,0.1517958641052246
87,blocks.2.conv1,0.13256698846817017
87,blocks.2.conv2,0.11414443701505661
87,blocks.3.conv1,0.0970606654882431
87,blocks.3.conv2,0.0833401307463646
87,blocks.4.conv1,0.07979246973991394
87,blocks.4.conv2,0.07567254453897476
87,blocks.5.conv1,0.07913462072610855
87,blocks.5.conv2,0.07625092566013336
87,blocks.6.conv1,0.07740690559148788
87,blocks.6.conv2,0.0785980150103569
87,blocks.7.conv1,0.07952214032411575
87,blocks.7.conv2,0.07972320914268494
87,blocks.8.conv1,0.07975160330533981
87,blocks.8.conv2,0.08098141849040985
87,blocks.9.conv1,0.08021757006645203
87,blocks.9.conv2,0.08136247843503952
87,blocks.10.conv1,0.08069764077663422
87,blocks.10.conv2,0.08051661401987076
87,blocks.11.conv1,0.07937844097614288
87,blocks.11.conv2,0.07929474860429764
87,blocks.12.conv1,0.07644419372081757
87,blocks.12.conv2,0.07674884051084518
87,blocks.13.conv1,0.07438475638628006
87,blocks.13.conv2,0.07769589871168137
87,blocks.14.conv1,0.07757420092821121
87,blocks.14.conv2,0.07755138725042343
87,blocks.15.conv1,0.07598993182182312
87,blocks.15.conv2,0.07704483717679977
87,blocks.16.conv1,0.07775517553091049
87,blocks.16.conv2,0.0798155814409256
87,blocks.17.conv1,0.079121433198452
87,blocks.17.conv2,0.07925522327423096
87,blocks.18.conv1,0.07539675384759903
87,blocks.18.conv2,0.07674280554056168
87,blocks.19.conv1,0.07720407098531723
87,blocks.19.conv2,0.07732290029525757
87,blocks.20.conv1,0.07816754281520844
87,blocks.20.conv2,0.08533327281475067
87,blocks.21.conv1,0.08968651294708252
87,blocks.21.conv2,0.0919516459107399
87,blocks.22.conv1,0.09536845982074738
87,blocks.22.conv2,0.10140907764434814
87,blocks.23.conv1,0.11378218978643417
87,blocks.23.conv2,0.12267701327800751
87,blocks.24.conv1,0.13525433838367462
87,blocks.24.conv2,0.14626702666282654
87,blocks.25.conv1,0.1578117460012436
87,blocks.25.conv2,0.17239107191562653
87,blocks.26.conv1,0.18614715337753296
87,blocks.26.conv2,0.19218863546848297
87,blocks.27.conv1,0.19878995418548584
87,blocks.27.conv2,0.2166392058134079
87,blocks.28.conv1,0.21556633710861206
87,blocks.28.conv2,0.21366064250469208
87,blocks.29.conv1,0.2111615687608719
87,blocks.29.conv2,0.21571776270866394
87,blocks.30.conv1,0.2046528309583664
87,blocks.30.conv2,0.18965330719947815
87,blocks.31.conv1,0.1706073135137558
87,blocks.31.conv2,0.14928606152534485
87,mean_conv2d_grad_norm,0.1148802638053894
88,stem.0,0.11123323440551758
88,blocks.0.conv1,0.1364537626504898
88,blocks.0.conv2,0.14957641065120697
88,blocks.1.conv1,0.1572471559047699
88,blocks.1.conv2,0.15359552204608917
88,blocks.2.conv1,0.12905921041965485
88,blocks.2.conv2,0.10460704565048218
88,blocks.3.conv1,0.08707526326179504
88,blocks.3.conv2,0.06865896284580231
88,blocks.4.conv1,0.0576668307185173
88,blocks.4.conv2,0.04531073570251465
88,blocks.5.conv1,0.0446259081363678
88,blocks.5.conv2,0.044808946549892426
88,blocks.6.conv1,0.042970046401023865
88,blocks.6.conv2,0.045798320323228836
88,blocks.7.conv1,0.04457464441657066
88,blocks.7.conv2,0.044630762189626694
88,blocks.8.conv1,0.045544032007455826
88,blocks.8.conv2,0.04623938351869583
88,blocks.9.conv1,0.044927943497896194
88,blocks.9.conv2,0.04573842138051987
88,blocks.10.conv1,0.045273397117853165
88,blocks.10.conv2,0.04518556967377663
88,blocks.11.conv1,0.045276544988155365
88,blocks.11.conv2,0.0469023697078228
88,blocks.12.conv1,0.0466265007853508
88,blocks.12.conv2,0.049510758370161057
88,blocks.13.conv1,0.04749995097517967
88,blocks.13.conv2,0.05016500502824783
88,blocks.14.conv1,0.05183178931474686
88,blocks.14.conv2,0.050757572054862976
88,blocks.15.conv1,0.050761640071868896
88,blocks.15.conv2,0.05033951625227928
88,blocks.16.conv1,0.050988566130399704
88,blocks.16.conv2,0.05510373041033745
88,blocks.17.conv1,0.053176894783973694
88,blocks.17.conv2,0.05250713601708412
88,blocks.18.conv1,0.052700597792863846
88,blocks.18.conv2,0.05554259568452835
88,blocks.19.conv1,0.053958531469106674
88,blocks.19.conv2,0.04956675320863724
88,blocks.20.conv1,0.054599031805992126
88,blocks.20.conv2,0.06110897660255432
88,blocks.21.conv1,0.06635817885398865
88,blocks.21.conv2,0.07767240703105927
88,blocks.22.conv1,0.08427348732948303
88,blocks.22.conv2,0.09429718554019928
88,blocks.23.conv1,0.10617935657501221
88,blocks.23.conv2,0.11572623997926712
88,blocks.24.conv1,0.12802930176258087
88,blocks.24.conv2,0.1350257843732834
88,blocks.25.conv1,0.14352719485759735
88,blocks.25.conv2,0.1665779948234558
88,blocks.26.conv1,0.1802995502948761
88,blocks.26.conv2,0.19289833307266235
88,blocks.27.conv1,0.1962340921163559
88,blocks.27.conv2,0.20631663501262665
88,blocks.28.conv1,0.20701783895492554
88,blocks.28.conv2,0.19232766330242157
88,blocks.29.conv1,0.18444643914699554
88,blocks.29.conv2,0.17601478099822998
88,blocks.30.conv1,0.17451998591423035
88,blocks.30.conv2,0.16671141982078552
88,blocks.31.conv1,0.15451613068580627
88,blocks.31.conv2,0.13650737702846527
88,mean_conv2d_grad_norm,0.09315697459074167
89,stem.0,0.1611768752336502
89,blocks.0.conv1,0.19203788042068481
89,blocks.0.conv2,0.2052452564239502
89,blocks.1.conv1,0.20983627438545227
89,blocks.1.conv2,0.20213395357131958
89,blocks.2.conv1,0.18207719922065735
89,blocks.2.conv2,0.1526210457086563
89,blocks.3.conv1,0.1221943348646164
89,blocks.3.conv2,0.09410486370325089
89,blocks.4.conv1,0.08162906020879745
89,blocks.4.conv2,0.07935850322246552
89,blocks.5.conv1,0.0795380175113678
89,blocks.5.conv2,0.08201085776090622
89,blocks.6.conv1,0.07839491218328476
89,blocks.6.conv2,0.08066007494926453
89,blocks.7.conv1,0.08062674850225449
89,blocks.7.conv2,0.08195899426937103
89,blocks.8.conv1,0.08140856772661209
89,blocks.8.conv2,0.08045416325330734
89,blocks.9.conv1,0.0804765596985817
89,blocks.9.conv2,0.07986553758382797
89,blocks.10.conv1,0.07991775870323181
89,blocks.10.conv2,0.08055416494607925
89,blocks.11.conv1,0.07938937097787857
89,blocks.11.conv2,0.07991092652082443
89,blocks.12.conv1,0.07913851737976074
89,blocks.12.conv2,0.07933461666107178
89,blocks.13.conv1,0.08318208158016205
89,blocks.13.conv2,0.08483228832483292
89,blocks.14.conv1,0.08263824880123138
89,blocks.14.conv2,0.08403385430574417
89,blocks.15.conv1,0.08228730410337448
89,blocks.15.conv2,0.07982142269611359
89,blocks.16.conv1,0.08176503330469131
89,blocks.16.conv2,0.08415853977203369
89,blocks.17.conv1,0.08502364158630371
89,blocks.17.conv2,0.08142466098070145
89,blocks.18.conv1,0.08190512657165527
89,blocks.18.conv2,0.08378507941961288
89,blocks.19.conv1,0.08420008420944214
89,blocks.19.conv2,0.08409729599952698
89,blocks.20.conv1,0.08847247809171677
89,blocks.20.conv2,0.09167374670505524
89,blocks.21.conv1,0.10201291739940643
89,blocks.21.conv2,0.11586029082536697
89,blocks.22.conv1,0.1329556405544281
89,blocks.22.conv2,0.1456422358751297
89,blocks.23.conv1,0.15156911313533783
89,blocks.23.conv2,0.1728028804063797
89,blocks.24.conv1,0.19325745105743408
89,blocks.24.conv2,0.20990118384361267
89,blocks.25.conv1,0.2347208857536316
89,blocks.25.conv2,0.25074416399002075
89,blocks.26.conv1,0.2539896070957184
89,blocks.26.conv2,0.27134421467781067
89,blocks.27.conv1,0.2735363841056824
89,blocks.27.conv2,0.266592413187027
89,blocks.28.conv1,0.2660561501979828
89,blocks.28.conv2,0.26336008310317993
89,blocks.29.conv1,0.24744734168052673
89,blocks.29.conv2,0.23419475555419922
89,blocks.30.conv1,0.22879311442375183
89,blocks.30.conv2,0.21966686844825745
89,blocks.31.conv1,0.21505792438983917
89,blocks.31.conv2,0.17781850695610046
89,mean_conv2d_grad_norm,0.1374873853646792
90,stem.0,0.12081072479486465
90,blocks.0.conv1,0.16169629991054535
90,blocks.0.conv2,0.16069215536117554
90,blocks.1.conv1,0.1668216586112976
90,blocks.1.conv2,0.1614019274711609
90,blocks.2.conv1,0.14307068288326263
90,blocks.2.conv2,0.11640740931034088
90,blocks.3.conv1,0.0990392342209816
90,blocks.3.conv2,0.0714532881975174
90,blocks.4.conv1,0.061839357018470764
90,blocks.4.conv2,0.05405944585800171
90,blocks.5.conv1,0.05547434464097023
90,blocks.5.conv2,0.057736873626708984
90,blocks.6.conv1,0.056305527687072754
90,blocks.6.conv2,0.05699289217591286
90,blocks.7.conv1,0.055908262729644775
90,blocks.7.conv2,0.05831246078014374
90,blocks.8.conv1,0.05422902852296829
90,blocks.8.conv2,0.053177360445261
90,blocks.9.conv1,0.05530613660812378
90,blocks.9.conv2,0.054317791014909744
90,blocks.10.conv1,0.05394802987575531
90,blocks.10.conv2,0.054423294961452484
90,blocks.11.conv1,0.05485028401017189
90,blocks.11.conv2,0.05481277406215668
90,blocks.12.conv1,0.05580213665962219
90,blocks.12.conv2,0.05806528776884079
90,blocks.13.conv1,0.05407632514834404
90,blocks.13.conv2,0.056493934243917465
90,blocks.14.conv1,0.06100251153111458
90,blocks.14.conv2,0.05914028361439705
90,blocks.15.conv1,0.05876708775758743
90,blocks.15.conv2,0.057276882231235504
90,blocks.16.conv1,0.05976268649101257
90,blocks.16.conv2,0.05781037360429764
90,blocks.17.conv1,0.059888310730457306
90,blocks.17.conv2,0.057599544525146484
90,blocks.18.conv1,0.060615990310907364
90,blocks.18.conv2,0.06254957616329193
90,blocks.19.conv1,0.058330386877059937
90,blocks.19.conv2,0.06278291344642639
90,blocks.20.conv1,0.06566368788480759
90,blocks.20.conv2,0.06709504872560501
90,blocks.21.conv1,0.07439111173152924
90,blocks.21.conv2,0.08607824891805649
90,blocks.22.conv1,0.09080784022808075
90,blocks.22.conv2,0.10095080733299255
90,blocks.23.conv1,0.10979385673999786
90,blocks.23.conv2,0.12131194025278091
90,blocks.24.conv1,0.13301928341388702
90,blocks.24.conv2,0.14639650285243988
90,blocks.25.conv1,0.16218453645706177
90,blocks.25.conv2,0.18051406741142273
90,blocks.26.conv1,0.18513883650302887
90,blocks.26.conv2,0.18802176415920258
90,blocks.27.conv1,0.19229251146316528
90,blocks.27.conv2,0.19771099090576172
90,blocks.28.conv1,0.2028523087501526
90,blocks.28.conv2,0.20205339789390564
90,blocks.29.conv1,0.20230171084403992
90,blocks.29.conv2,0.19558773934841156
90,blocks.30.conv1,0.18481793999671936
90,blocks.30.conv2,0.16851191222667694
90,blocks.31.conv1,0.15134863555431366
90,blocks.31.conv2,0.11909856647253036
90,mean_conv2d_grad_norm,0.10093838033767846
91,stem.0,0.14973562955856323
91,blocks.0.conv1,0.14054463803768158
91,blocks.0.conv2,0.16450487077236176
91,blocks.1.conv1,0.17294226586818695
91,blocks.1.conv2,0.1617644727230072
91,blocks.2.conv1,0.14042948186397552
91,blocks.2.conv2,0.12524281442165375
91,blocks.3.conv1,0.10333850234746933
91,blocks.3.conv2,0.08745916932821274
91,blocks.4.conv1,0.059140413999557495
91,blocks.4.conv2,0.05363891273736954
91,blocks.5.conv1,0.051961757242679596
91,blocks.5.conv2,0.05283011123538017
91,blocks.6.conv1,0.048862092196941376
91,blocks.6.conv2,0.05203521251678467
91,blocks.7.conv1,0.04935937747359276
91,blocks.7.conv2,0.04879505932331085
91,blocks.8.conv1,0.04915119335055351
91,blocks.8.conv2,0.047554127871990204
91,blocks.9.conv1,0.04755932837724686
91,blocks.9.conv2,0.04814561456441879
91,blocks.10.conv1,0.047681573778390884
91,blocks.10.conv2,0.04743959754705429
91,blocks.11.conv1,0.04904969781637192
91,blocks.11.conv2,0.0485059954226017
91,blocks.12.conv1,0.05036429688334465
91,blocks.12.conv2,0.05126872658729553
91,blocks.13.conv1,0.05282049626111984
91,blocks.13.conv2,0.05150694027543068
91,blocks.14.conv1,0.05747881531715393
91,blocks.14.conv2,0.06206217035651207
91,blocks.15.conv1,0.0578952357172966
91,blocks.15.conv2,0.05784503370523453
91,blocks.16.conv1,0.0594794861972332
91,blocks.16.conv2,0.060952965170145035
91,blocks.17.conv1,0.061333928257226944
91,blocks.17.conv2,0.058241914957761765
91,blocks.18.conv1,0.06010255217552185
91,blocks.18.conv2,0.060532890260219574
91,blocks.19.conv1,0.06331243366003036
91,blocks.19.conv2,0.055631011724472046
91,blocks.20.conv1,0.06388384103775024
91,blocks.20.conv2,0.067250557243824
91,blocks.21.conv1,0.07200838625431061
91,blocks.21.conv2,0.08683086931705475
91,blocks.22.conv1,0.09469740837812424
91,blocks.22.conv2,0.10584288835525513
91,blocks.23.conv1,0.1189674437046051
91,blocks.23.conv2,0.12919722497463226
91,blocks.24.conv1,0.1478392779827118
91,blocks.24.conv2,0.157265305519104
91,blocks.25.conv1,0.16629062592983246
91,blocks.25.conv2,0.1861891895532608
91,blocks.26.conv1,0.20077207684516907
91,blocks.26.conv2,0.20961926877498627
91,blocks.27.conv1,0.22269928455352783
91,blocks.27.conv2,0.2251749038696289
91,blocks.28.conv1,0.2193743735551834
91,blocks.28.conv2,0.21532759070396423
91,blocks.29.conv1,0.20629052817821503
91,blocks.29.conv2,0.21057939529418945
91,blocks.30.conv1,0.2057412713766098
91,blocks.30.conv2,0.19512231647968292
91,blocks.31.conv1,0.1802886426448822
91,blocks.31.conv2,0.1654578596353531
91,mean_conv2d_grad_norm,0.10494171289297251
92,stem.0,0.1649862825870514
92,blocks.0.conv1,0.19305796921253204
92,blocks.0.conv2,0.21974413096904755
92,blocks.1.conv1,0.22027179598808289
92,blocks.1.conv2,0.19877740740776062
92,blocks.2.conv1,0.1704699695110321
92,blocks.2.conv2,0.14180094003677368
92,blocks.3.conv1,0.11526156216859818
92,blocks.3.conv2,0.0856199711561203
92,blocks.4.conv1,0.06722799688577652
92,blocks.4.conv2,0.06329159438610077
92,blocks.5.conv1,0.061911407858133316
92,blocks.5.conv2,0.06046963110566139
92,blocks.6.conv1,0.06221465766429901
92,blocks.6.conv2,0.061005640774965286
92,blocks.7.conv1,0.05974523723125458
92,blocks.7.conv2,0.05935194343328476
92,blocks.8.conv1,0.061248477548360825
92,blocks.8.conv2,0.06031614914536476
92,blocks.9.conv1,0.058631688356399536
92,blocks.9.conv2,0.05722905695438385
92,blocks.10.conv1,0.058721356093883514
92,blocks.10.conv2,0.059093546122312546
92,blocks.11.conv1,0.05757950246334076
92,blocks.11.conv2,0.059153418987989426
92,blocks.12.conv1,0.05861892178654671
92,blocks.12.conv2,0.05621182173490524
92,blocks.13.conv1,0.056914832442998886
92,blocks.13.conv2,0.056103192269802094
92,blocks.14.conv1,0.05927165970206261
92,blocks.14.conv2,0.057351551949977875
92,blocks.15.conv1,0.056834205985069275
92,blocks.15.conv2,0.056462910026311874
92,blocks.16.conv1,0.057309653609991074
92,blocks.16.conv2,0.05990533530712128
92,blocks.17.conv1,0.05879427120089531
92,blocks.17.conv2,0.05817628651857376
92,blocks.18.conv1,0.06048416718840599
92,blocks.18.conv2,0.06379273533821106
92,blocks.19.conv1,0.05878828093409538
92,blocks.19.conv2,0.06160815805196762
92,blocks.20.conv1,0.06878853589296341
92,blocks.20.conv2,0.0805698037147522
92,blocks.21.conv1,0.09441933780908585
92,blocks.21.conv2,0.10810248553752899
92,blocks.22.conv1,0.11410976201295853
92,blocks.22.conv2,0.12879498302936554
92,blocks.23.conv1,0.14144693315029144
92,blocks.23.conv2,0.1558704823255539
92,blocks.24.conv1,0.1752791404724121
92,blocks.24.conv2,0.19404944777488708
92,blocks.25.conv1,0.21376881003379822
92,blocks.25.conv2,0.2281600534915924
92,blocks.26.conv1,0.24281887710094452
92,blocks.26.conv2,0.24520716071128845
92,blocks.27.conv1,0.2402956187725067
92,blocks.27.conv2,0.24213919043540955
92,blocks.28.conv1,0.24938014149665833
92,blocks.28.conv2,0.24475184082984924
92,blocks.29.conv1,0.24827039241790771
92,blocks.29.conv2,0.23402538895606995
92,blocks.30.conv1,0.2178177833557129
92,blocks.30.conv2,0.20248593389987946
92,blocks.31.conv1,0.1882438063621521
92,blocks.31.conv2,0.16026517748832703
92,mean_conv2d_grad_norm,0.12050569854103602
93,stem.0,0.12865513563156128
93,blocks.0.conv1,0.15444254875183105
93,blocks.0.conv2,0.16796164214611053
93,blocks.1.conv1,0.17005710303783417
93,blocks.1.conv2,0.16218870878219604
93,blocks.2.conv1,0.14599604904651642
93,blocks.2.conv2,0.11145488917827606
93,blocks.3.conv1,0.09001272916793823
93,blocks.3.conv2,0.06548330187797546
93,blocks.4.conv1,0.053561288863420486
93,blocks.4.conv2,0.05093533545732498
93,blocks.5.conv1,0.04738439619541168
93,blocks.5.conv2,0.04694907367229462
93,blocks.6.conv1,0.047121841460466385
93,blocks.6.conv2,0.046672772616147995
93,blocks.7.conv1,0.04473137483000755
93,blocks.7.conv2,0.0449034757912159
93,blocks.8.conv1,0.04491301253437996
93,blocks.8.conv2,0.045305050909519196
93,blocks.9.conv1,0.04512259364128113
93,blocks.9.conv2,0.0449318028986454
93,blocks.10.conv1,0.044657811522483826
93,blocks.10.conv2,0.045744627714157104
93,blocks.11.conv1,0.045293908566236496
93,blocks.11.conv2,0.04752756655216217
93,blocks.12.conv1,0.046791985630989075
93,blocks.12.conv2,0.04964076727628708
93,blocks.13.conv1,0.04869522899389267
93,blocks.13.conv2,0.04673277214169502
93,blocks.14.conv1,0.05081779137253761
93,blocks.14.conv2,0.052262723445892334
93,blocks.15.conv1,0.05712408944964409
93,blocks.15.conv2,0.055698346346616745
93,blocks.16.conv1,0.05315116047859192
93,blocks.16.conv2,0.051026344299316406
93,blocks.17.conv1,0.05386662483215332
93,blocks.17.conv2,0.05292610451579094
93,blocks.18.conv1,0.05509806051850319
93,blocks.18.conv2,0.05985468626022339
93,blocks.19.conv1,0.05843140184879303
93,blocks.19.conv2,0.06511536240577698
93,blocks.20.conv1,0.06562692672014236
93,blocks.20.conv2,0.07142217457294464
93,blocks.21.conv1,0.0813274160027504
93,blocks.21.conv2,0.09208951145410538
93,blocks.22.conv1,0.10268350690603256
93,blocks.22.conv2,0.10800433158874512
93,blocks.23.conv1,0.1242087334394455
93,blocks.23.conv2,0.1394055187702179
93,blocks.24.conv1,0.1487797200679779
93,blocks.24.conv2,0.16737763583660126
93,blocks.25.conv1,0.18405289947986603
93,blocks.25.conv2,0.20456288754940033
93,blocks.26.conv1,0.22061945497989655
93,blocks.26.conv2,0.22739289700984955
93,blocks.27.conv1,0.2416326403617859
93,blocks.27.conv2,0.24645181000232697
93,blocks.28.conv1,0.25074905157089233
93,blocks.28.conv2,0.24977514147758484
93,blocks.29.conv1,0.24745921790599823
93,blocks.29.conv2,0.24490152299404144
93,blocks.30.conv1,0.2381899356842041
93,blocks.30.conv2,0.22809052467346191
93,blocks.31.conv1,0.20860639214515686
93,blocks.31.conv2,0.17968229949474335
93,mean_conv2d_grad_norm,0.1088051329438503
94,stem.0,0.13213808834552765
94,blocks.0.conv1,0.15296883881092072
94,blocks.0.conv2,0.17188435792922974
94,blocks.1.conv1,0.1782074123620987
94,blocks.1.conv2,0.15887492895126343
94,blocks.2.conv1,0.14308997988700867
94,blocks.2.conv2,0.11854242533445358
94,blocks.3.conv1,0.09281955659389496
94,blocks.3.conv2,0.06647730618715286
94,blocks.4.conv1,0.047312475740909576
94,blocks.4.conv2,0.0438980869948864
94,blocks.5.conv1,0.04118714854121208
94,blocks.5.conv2,0.04224754124879837
94,blocks.6.conv1,0.03997329622507095
94,blocks.6.conv2,0.03993458300828934
94,blocks.7.conv1,0.04020937532186508
94,blocks.7.conv2,0.040294528007507324
94,blocks.8.conv1,0.038772620260715485
94,blocks.8.conv2,0.03797309100627899
94,blocks.9.conv1,0.03758874535560608
94,blocks.9.conv2,0.037614237517118454
94,blocks.10.conv1,0.037936192005872726
94,blocks.10.conv2,0.037714883685112
94,blocks.11.conv1,0.03812771290540695
94,blocks.11.conv2,0.03890944644808769
94,blocks.12.conv1,0.041106998920440674
94,blocks.12.conv2,0.041962653398513794
94,blocks.13.conv1,0.04124592989683151
94,blocks.13.conv2,0.042637720704078674
94,blocks.14.conv1,0.0447956845164299
94,blocks.14.conv2,0.0479726605117321
94,blocks.15.conv1,0.04478789120912552
94,blocks.15.conv2,0.04348992183804512
94,blocks.16.conv1,0.047028783708810806
94,blocks.16.conv2,0.04676782712340355
94,blocks.17.conv1,0.0470881462097168
94,blocks.17.conv2,0.04804133251309395
94,blocks.18.conv1,0.05503927916288376
94,blocks.18.conv2,0.05346841737627983
94,blocks.19.conv1,0.05371562018990517
94,blocks.19.conv2,0.0543106384575367
94,blocks.20.conv1,0.05631881579756737
94,blocks.20.conv2,0.062338925898075104
94,blocks.21.conv1,0.07495653629302979
94,blocks.21.conv2,0.08693850040435791
94,blocks.22.conv1,0.09139356762170792
94,blocks.22.conv2,0.10076475143432617
94,blocks.23.conv1,0.11164350062608719
94,blocks.23.conv2,0.12403273582458496
94,blocks.24.conv1,0.13803794980049133
94,blocks.24.conv2,0.14925456047058105
94,blocks.25.conv1,0.1631947159767151
94,blocks.25.conv2,0.1761552393436432
94,blocks.26.conv1,0.19492587447166443
94,blocks.26.conv2,0.20576916635036469
94,blocks.27.conv1,0.20961721241474152
94,blocks.27.conv2,0.2213117927312851
94,blocks.28.conv1,0.21339432895183563
94,blocks.28.conv2,0.1976591795682907
94,blocks.29.conv1,0.19298452138900757
94,blocks.29.conv2,0.18997055292129517
94,blocks.30.conv1,0.18143422901630402
94,blocks.30.conv2,0.17147491872310638
94,blocks.31.conv1,0.1610865443944931
94,blocks.31.conv2,0.13798192143440247
94,mean_conv2d_grad_norm,0.09570456009644729
95,stem.0,0.20055752992630005
95,blocks.0.conv1,0.1835746318101883
95,blocks.0.conv2,0.19439657032489777
95,blocks.1.conv1,0.19422656297683716
95,blocks.1.conv2,0.1866467446088791
95,blocks.2.conv1,0.17028121650218964
95,blocks.2.conv2,0.13643550872802734
95,blocks.3.conv1,0.11701760441064835
95,blocks.3.conv2,0.08821286261081696
95,blocks.4.conv1,0.06991961598396301
95,blocks.4.conv2,0.06740907579660416
95,blocks.5.conv1,0.06676891446113586
95,blocks.5.conv2,0.06850281357765198
95,blocks.6.conv1,0.06768288463354111
95,blocks.6.conv2,0.06559889763593674
95,blocks.7.conv1,0.06927010416984558
95,blocks.7.conv2,0.06556165218353271
95,blocks.8.conv1,0.06811558455228806
95,blocks.8.conv2,0.06837202608585358
95,blocks.9.conv1,0.06701349467039108
95,blocks.9.conv2,0.06814184039831161
95,blocks.10.conv1,0.07063999027013779
95,blocks.10.conv2,0.06872134655714035
95,blocks.11.conv1,0.06795638054609299
95,blocks.11.conv2,0.06530763953924179
95,blocks.12.conv1,0.06776494532823563
95,blocks.12.conv2,0.06264334917068481
95,blocks.13.conv1,0.0657697319984436
95,blocks.13.conv2,0.06400512903928757
95,blocks.14.conv1,0.06626124680042267
95,blocks.14.conv2,0.0669529065489769
95,blocks.15.conv1,0.0656752735376358
95,blocks.15.conv2,0.06576479226350784
95,blocks.16.conv1,0.06817153096199036
95,blocks.16.conv2,0.06966734677553177
95,blocks.17.conv1,0.06839551776647568
95,blocks.17.conv2,0.06867097318172455
95,blocks.18.conv1,0.07235068082809448
95,blocks.18.conv2,0.07008305937051773
95,blocks.19.conv1,0.07117025554180145
95,blocks.19.conv2,0.07258152961730957
95,blocks.20.conv1,0.07748614251613617
95,blocks.20.conv2,0.08347292244434357
95,blocks.21.conv1,0.09255752712488174
95,blocks.21.conv2,0.10519158840179443
95,blocks.22.conv1,0.1120554581284523
95,blocks.22.conv2,0.12097834050655365
95,blocks.23.conv1,0.1282896101474762
95,blocks.23.conv2,0.14091025292873383
95,blocks.24.conv1,0.15713749825954437
95,blocks.24.conv2,0.1724870651960373
95,blocks.25.conv1,0.18937738239765167
95,blocks.25.conv2,0.20010195672512054
95,blocks.26.conv1,0.22200967371463776
95,blocks.26.conv2,0.22811925411224365
95,blocks.27.conv1,0.2313346117734909
95,blocks.27.conv2,0.23513738811016083
95,blocks.28.conv1,0.22888800501823425
95,blocks.28.conv2,0.21714544296264648
95,blocks.29.conv1,0.2156478762626648
95,blocks.29.conv2,0.2099829614162445
95,blocks.30.conv1,0.19651250541210175
95,blocks.30.conv2,0.19485270977020264
95,blocks.31.conv1,0.17913861572742462
95,blocks.31.conv2,0.16568054258823395
95,mean_conv2d_grad_norm,0.11918084758978624
96,stem.0,0.15648604929447174
96,blocks.0.conv1,0.17083942890167236
96,blocks.0.conv2,0.1762096881866455
96,blocks.1.conv1,0.17723199725151062
96,blocks.1.conv2,0.16935935616493225
96,blocks.2.conv1,0.1563875526189804
96,blocks.2.conv2,0.13435830175876617
96,blocks.3.conv1,0.1078280583024025
96,blocks.3.conv2,0.07946114242076874
96,blocks.4.conv1,0.0636688619852066
96,blocks.4.conv2,0.06017260253429413
96,blocks.5.conv1,0.05887787044048309
96,blocks.5.conv2,0.059649910777807236
96,blocks.6.conv1,0.05868488922715187
96,blocks.6.conv2,0.058362819254398346
96,blocks.7.conv1,0.05939644202589989
96,blocks.7.conv2,0.05915528163313866
96,blocks.8.conv1,0.05944167450070381
96,blocks.8.conv2,0.05735594406723976
96,blocks.9.conv1,0.057509999722242355
96,blocks.9.conv2,0.057766642421483994
96,blocks.10.conv1,0.058200083673000336
96,blocks.10.conv2,0.0580151304602623
96,blocks.11.conv1,0.058530524373054504
96,blocks.11.conv2,0.058264587074518204
96,blocks.12.conv1,0.05962597578763962
96,blocks.12.conv2,0.058202795684337616
96,blocks.13.conv1,0.060194410383701324
96,blocks.13.conv2,0.0613766610622406
96,blocks.14.conv1,0.06107313185930252
96,blocks.14.conv2,0.06369184702634811
96,blocks.15.conv1,0.0626041516661644
96,blocks.15.conv2,0.06097853183746338
96,blocks.16.conv1,0.06308277696371078
96,blocks.16.conv2,0.0616278350353241
96,blocks.17.conv1,0.06342805922031403
96,blocks.17.conv2,0.06528539210557938
96,blocks.18.conv1,0.06550503522157669
96,blocks.18.conv2,0.06461361795663834
96,blocks.19.conv1,0.0665576234459877
96,blocks.19.conv2,0.06384337693452835
96,blocks.20.conv1,0.06645846366882324
96,blocks.20.conv2,0.07344767451286316
96,blocks.21.conv1,0.08112338185310364
96,blocks.21.conv2,0.09770961105823517
96,blocks.22.conv1,0.10799629241228104
96,blocks.22.conv2,0.11663923412561417
96,blocks.23.conv1,0.1326024979352951
96,blocks.23.conv2,0.15194138884544373
96,blocks.24.conv1,0.1663258671760559
96,blocks.24.conv2,0.17990627884864807
96,blocks.25.conv1,0.19488321244716644
96,blocks.25.conv2,0.2103186845779419
96,blocks.26.conv1,0.2250460833311081
96,blocks.26.conv2,0.23122216761112213
96,blocks.27.conv1,0.23269131779670715
96,blocks.27.conv2,0.22894231975078583
96,blocks.28.conv1,0.2268897145986557
96,blocks.28.conv2,0.22778485715389252
96,blocks.29.conv1,0.21412025392055511
96,blocks.29.conv2,0.2133214771747589
96,blocks.30.conv1,0.20450057089328766
96,blocks.30.conv2,0.18684802949428558
96,blocks.31.conv1,0.16795307397842407
96,blocks.31.conv2,0.13914726674556732
96,mean_conv2d_grad_norm,0.1130880889411156
97,stem.0,0.1491144299507141
97,blocks.0.conv1,0.1649894118309021
97,blocks.0.conv2,0.17635425925254822
97,blocks.1.conv1,0.16855576634407043
97,blocks.1.conv2,0.1510884165763855
97,blocks.2.conv1,0.13633094727993011
97,blocks.2.conv2,0.10569357126951218
97,blocks.3.conv1,0.08486219495534897
97,blocks.3.conv2,0.0645952820777893
97,blocks.4.conv1,0.055092331022024155
97,blocks.4.conv2,0.052163608372211456
97,blocks.5.conv1,0.05131907016038895
97,blocks.5.conv2,0.05124259740114212
97,blocks.6.conv1,0.051222458481788635
97,blocks.6.conv2,0.050602130591869354
97,blocks.7.conv1,0.050577640533447266
97,blocks.7.conv2,0.05049934610724449
97,blocks.8.conv1,0.04965443164110184
97,blocks.8.conv2,0.05270182713866234
97,blocks.9.conv1,0.05450103431940079
97,blocks.9.conv2,0.05331537872552872
97,blocks.10.conv1,0.0536738745868206
97,blocks.10.conv2,0.05371455103158951
97,blocks.11.conv1,0.053582463413476944
97,blocks.11.conv2,0.053872086107730865
97,blocks.12.conv1,0.05478144437074661
97,blocks.12.conv2,0.05570462718605995
97,blocks.13.conv1,0.054604899138212204
97,blocks.13.conv2,0.0572122223675251
97,blocks.14.conv1,0.05665608495473862
97,blocks.14.conv2,0.05675091594457626
97,blocks.15.conv1,0.05614619329571724
97,blocks.15.conv2,0.05581969395279884
97,blocks.16.conv1,0.05636649206280708
97,blocks.16.conv2,0.05730815976858139
97,blocks.17.conv1,0.057358864694833755
97,blocks.17.conv2,0.0596536286175251
97,blocks.18.conv1,0.0576968640089035
97,blocks.18.conv2,0.0600975900888443
97,blocks.19.conv1,0.05863125994801521
97,blocks.19.conv2,0.05855847895145416
97,blocks.20.conv1,0.0623103603720665
97,blocks.20.conv2,0.06485626101493835
97,blocks.21.conv1,0.07538912445306778
97,blocks.21.conv2,0.08319208025932312
97,blocks.22.conv1,0.0888269692659378
97,blocks.22.conv2,0.09704987704753876
97,blocks.23.conv1,0.10632344335317612
97,blocks.23.conv2,0.11744390428066254
97,blocks.24.conv1,0.12366411089897156
97,blocks.24.conv2,0.13958251476287842
97,blocks.25.conv1,0.15225908160209656
97,blocks.25.conv2,0.17016248404979706
97,blocks.26.conv1,0.1787533462047577
97,blocks.26.conv2,0.18735556304454803
97,blocks.27.conv1,0.18820367753505707
97,blocks.27.conv2,0.18554604053497314
97,blocks.28.conv1,0.18786796927452087
97,blocks.28.conv2,0.18333084881305695
97,blocks.29.conv1,0.17285120487213135
97,blocks.29.conv2,0.17127372324466705
97,blocks.30.conv1,0.1691533327102661
97,blocks.30.conv2,0.1554373800754547
97,blocks.31.conv1,0.15126724541187286
97,blocks.31.conv2,0.12619075179100037
97,mean_conv2d_grad_norm,0.09678396651378045
98,stem.0,0.11146179586648941
98,blocks.0.conv1,0.1349206268787384
98,blocks.0.conv2,0.1540812849998474
98,blocks.1.conv1,0.161053866147995
98,blocks.1.conv2,0.15217603743076324
98,blocks.2.conv1,0.12915194034576416
98,blocks.2.conv2,0.10562356561422348
98,blocks.3.conv1,0.08302291482686996
98,blocks.3.conv2,0.058616284281015396
98,blocks.4.conv1,0.04583095759153366
98,blocks.4.conv2,0.04673178121447563
98,blocks.5.conv1,0.042280953377485275
98,blocks.5.conv2,0.039905332028865814
98,blocks.6.conv1,0.03830861672759056
98,blocks.6.conv2,0.03959807753562927
98,blocks.7.conv1,0.03757937625050545
98,blocks.7.conv2,0.03758349269628525
98,blocks.8.conv1,0.03775887191295624
98,blocks.8.conv2,0.037365131080150604
98,blocks.9.conv1,0.036570049822330475
98,blocks.9.conv2,0.037051647901535034
98,blocks.10.conv1,0.037255700677633286
98,blocks.10.conv2,0.037224140018224716
98,blocks.11.conv1,0.03780257701873779
98,blocks.11.conv2,0.03880290687084198
98,blocks.12.conv1,0.03957328945398331
98,blocks.12.conv2,0.04137478768825531
98,blocks.13.conv1,0.041506074368953705
98,blocks.13.conv2,0.041153598576784134
98,blocks.14.conv1,0.04126439243555069
98,blocks.14.conv2,0.04442505165934563
98,blocks.15.conv1,0.041182078421115875
98,blocks.15.conv2,0.041436854749917984
98,blocks.16.conv1,0.04077805578708649
98,blocks.16.conv2,0.04285329207777977
98,blocks.17.conv1,0.04236781597137451
98,blocks.17.conv2,0.04159718006849289
98,blocks.18.conv1,0.043633833527565
98,blocks.18.conv2,0.04569367691874504
98,blocks.19.conv1,0.04622400552034378
98,blocks.19.conv2,0.044946372509002686
98,blocks.20.conv1,0.04729713499546051
98,blocks.20.conv2,0.05243857204914093
98,blocks.21.conv1,0.06119010969996452
98,blocks.21.conv2,0.07226935774087906
98,blocks.22.conv1,0.08643466979265213
98,blocks.22.conv2,0.09251140803098679
98,blocks.23.conv1,0.10365556925535202
98,blocks.23.conv2,0.11127083748579025
98,blocks.24.conv1,0.12188775837421417
98,blocks.24.conv2,0.13066315650939941
98,blocks.25.conv1,0.14463792741298676
98,blocks.25.conv2,0.16522933542728424
98,blocks.26.conv1,0.183049738407135
98,blocks.26.conv2,0.19263622164726257
98,blocks.27.conv1,0.20083436369895935
98,blocks.27.conv2,0.21526727080345154
98,blocks.28.conv1,0.210057333111763
98,blocks.28.conv2,0.19871686398983002
98,blocks.29.conv1,0.19112341105937958
98,blocks.29.conv2,0.18464142084121704
98,blocks.30.conv1,0.17943134903907776
98,blocks.30.conv2,0.16306237876415253
98,blocks.31.conv1,0.15488579869270325
98,blocks.31.conv2,0.13124504685401917
98,mean_conv2d_grad_norm,0.08911085111590532
99,stem.0,0.19107010960578918
99,blocks.0.conv1,0.20432476699352264
99,blocks.0.conv2,0.2024247646331787
99,blocks.1.conv1,0.20247794687747955
99,blocks.1.conv2,0.19176821410655975
99,blocks.2.conv1,0.16669559478759766
99,blocks.2.conv2,0.13370198011398315
99,blocks.3.conv1,0.1135394275188446
99,blocks.3.conv2,0.08374357968568802
99,blocks.4.conv1,0.09375530481338501
99,blocks.4.conv2,0.09536175429821014
99,blocks.5.conv1,0.09902331233024597
99,blocks.5.conv2,0.0991448163986206
99,blocks.6.conv1,0.10194544494152069
99,blocks.6.conv2,0.10290244966745377
99,blocks.7.conv1,0.10412850230932236
99,blocks.7.conv2,0.10275403410196304
99,blocks.8.conv1,0.10214384645223618
99,blocks.8.conv2,0.10320567339658737
99,blocks.9.conv1,0.10391147434711456
99,blocks.9.conv2,0.10448595136404037
99,blocks.10.conv1,0.10516092926263809
99,blocks.10.conv2,0.10401004552841187
99,blocks.11.conv1,0.10240492224693298
99,blocks.11.conv2,0.10150646418333054
99,blocks.12.conv1,0.09900098294019699
99,blocks.12.conv2,0.0958162322640419
99,blocks.13.conv1,0.09546083956956863
99,blocks.13.conv2,0.09858144074678421
99,blocks.14.conv1,0.09464585781097412
99,blocks.14.conv2,0.09446439892053604
99,blocks.15.conv1,0.09436646848917007
99,blocks.15.conv2,0.09600037336349487
99,blocks.16.conv1,0.09741061925888062
99,blocks.16.conv2,0.0918312519788742
99,blocks.17.conv1,0.09180150181055069
99,blocks.17.conv2,0.09359382092952728
99,blocks.18.conv1,0.09378860145807266
99,blocks.18.conv2,0.0866205021739006
99,blocks.19.conv1,0.09025483578443527
99,blocks.19.conv2,0.09125974774360657
99,blocks.20.conv1,0.09164208918809891
99,blocks.20.conv2,0.09223861247301102
99,blocks.21.conv1,0.09792448580265045
99,blocks.21.conv2,0.10590182989835739
99,blocks.22.conv1,0.12043040245771408
99,blocks.22.conv2,0.1288641095161438
99,blocks.23.conv1,0.15050171315670013
99,blocks.23.conv2,0.15586122870445251
99,blocks.24.conv1,0.16677558422088623
99,blocks.24.conv2,0.18104447424411774
99,blocks.25.conv1,0.2012854367494583
99,blocks.25.conv2,0.21589817106723785
99,blocks.26.conv1,0.2300761193037033
99,blocks.26.conv2,0.2394619733095169
99,blocks.27.conv1,0.2432658076286316
99,blocks.27.conv2,0.24326367676258087
99,blocks.28.conv1,0.2351655811071396
99,blocks.28.conv2,0.23871730268001556
99,blocks.29.conv1,0.22235819697380066
99,blocks.29.conv2,0.21477051079273224
99,blocks.30.conv1,0.20557565987110138
99,blocks.30.conv2,0.18494346737861633
99,blocks.31.conv1,0.171510711312294
99,blocks.31.conv2,0.14586754143238068
99,mean_conv2d_grad_norm,0.13698205340367098
100,stem.0,0.12912489473819733
100,blocks.0.conv1,0.1887499988079071
100,blocks.0.conv2,0.1924273669719696
100,blocks.1.conv1,0.1959082931280136
100,blocks.1.conv2,0.17284531891345978
100,blocks.2.conv1,0.14765989780426025
100,blocks.2.conv2,0.11707141995429993
100,blocks.3.conv1,0.09650586545467377
100,blocks.3.conv2,0.07271791994571686
100,blocks.4.conv1,0.05502679571509361
100,blocks.4.conv2,0.051815975457429886
100,blocks.5.conv1,0.05308808013796806
100,blocks.5.conv2,0.05453191697597504
100,blocks.6.conv1,0.04971439391374588
100,blocks.6.conv2,0.05165298655629158
100,blocks.7.conv1,0.04918871447443962
100,blocks.7.conv2,0.05049403756856918
100,blocks.8.conv1,0.05118251219391823
100,blocks.8.conv2,0.05044016242027283
100,blocks.9.conv1,0.04954104870557785
100,blocks.9.conv2,0.05001898482441902
100,blocks.10.conv1,0.050192251801490784
100,blocks.10.conv2,0.05091752111911774
100,blocks.11.conv1,0.05027473345398903
100,blocks.11.conv2,0.05374191701412201
100,blocks.12.conv1,0.05021623149514198
100,blocks.12.conv2,0.05154186859726906
100,blocks.13.conv1,0.052671391516923904
100,blocks.13.conv2,0.05271696671843529
100,blocks.14.conv1,0.05268903821706772
100,blocks.14.conv2,0.05783409625291824
100,blocks.15.conv1,0.053344372659921646
100,blocks.15.conv2,0.05403931811451912
100,blocks.16.conv1,0.05904138460755348
100,blocks.16.conv2,0.058276817202568054
100,blocks.17.conv1,0.054375823587179184
100,blocks.17.conv2,0.05665875971317291
100,blocks.18.conv1,0.056959327310323715
100,blocks.18.conv2,0.06213163211941719
100,blocks.19.conv1,0.06061559170484543
100,blocks.19.conv2,0.06324820965528488
100,blocks.20.conv1,0.06402081996202469
100,blocks.20.conv2,0.06982157379388809
100,blocks.21.conv1,0.07738783955574036
100,blocks.21.conv2,0.08516658842563629
100,blocks.22.conv1,0.09943550080060959
100,blocks.22.conv2,0.10899120569229126
100,blocks.23.conv1,0.12974029779434204
100,blocks.23.conv2,0.13865460455417633
100,blocks.24.conv1,0.1519211083650589
100,blocks.24.conv2,0.17264270782470703
100,blocks.25.conv1,0.19000981748104095
100,blocks.25.conv2,0.2046343833208084
100,blocks.26.conv1,0.2212894707918167
100,blocks.26.conv2,0.2260574996471405
100,blocks.27.conv1,0.22180794179439545
100,blocks.27.conv2,0.22320663928985596
100,blocks.28.conv1,0.2184908539056778
100,blocks.28.conv2,0.21598702669143677
100,blocks.29.conv1,0.20332631468772888
100,blocks.29.conv2,0.19481182098388672
100,blocks.30.conv1,0.17499612271785736
100,blocks.30.conv2,0.16274450719356537
100,blocks.31.conv1,0.15234167873859406
100,blocks.31.conv2,0.13258279860019684
100,mean_conv2d_grad_norm,0.10571173784824518
101,stem.0,0.10778211057186127
101,blocks.0.conv1,0.13089129328727722
101,blocks.0.conv2,0.1389222890138626
101,blocks.1.conv1,0.14298927783966064
101,blocks.1.conv2,0.13849060237407684
101,blocks.2.conv1,0.11486081033945084
101,blocks.2.conv2,0.0940115749835968
101,blocks.3.conv1,0.07262266427278519
101,blocks.3.conv2,0.04765171557664871
101,blocks.4.conv1,0.036258112639188766
101,blocks.4.conv2,0.028465526178479195
101,blocks.5.conv1,0.02934318222105503
101,blocks.5.conv2,0.030080396682024002
101,blocks.6.conv1,0.02943907491862774
101,blocks.6.conv2,0.029337286949157715
101,blocks.7.conv1,0.028849411755800247
101,blocks.7.conv2,0.029145358130335808
101,blocks.8.conv1,0.028383415192365646
101,blocks.8.conv2,0.02819463424384594
101,blocks.9.conv1,0.027860747650265694
101,blocks.9.conv2,0.02800874039530754
101,blocks.10.conv1,0.027304895222187042
101,blocks.10.conv2,0.02745254896581173
101,blocks.11.conv1,0.027456922456622124
101,blocks.11.conv2,0.02779429592192173
101,blocks.12.conv1,0.028921060264110565
101,blocks.12.conv2,0.031068071722984314
101,blocks.13.conv1,0.028641214594244957
101,blocks.13.conv2,0.031197387725114822
101,blocks.14.conv1,0.03080727718770504
101,blocks.14.conv2,0.03134997934103012
101,blocks.15.conv1,0.03114907629787922
101,blocks.15.conv2,0.031382061541080475
101,blocks.16.conv1,0.032488878816366196
101,blocks.16.conv2,0.033190224319696426
101,blocks.17.conv1,0.03259645402431488
101,blocks.17.conv2,0.03225600719451904
101,blocks.18.conv1,0.03449029475450516
101,blocks.18.conv2,0.03829845041036606
101,blocks.19.conv1,0.03593797609210014
101,blocks.19.conv2,0.038414109498262405
101,blocks.20.conv1,0.04153948649764061
101,blocks.20.conv2,0.04699264466762543
101,blocks.21.conv1,0.05657372623682022
101,blocks.21.conv2,0.06520320475101471
101,blocks.22.conv1,0.07665274292230606
101,blocks.22.conv2,0.09169822186231613
101,blocks.23.conv1,0.10270322114229202
101,blocks.23.conv2,0.10793425142765045
101,blocks.24.conv1,0.12202765047550201
101,blocks.24.conv2,0.13193635642528534
101,blocks.25.conv1,0.14523431658744812
101,blocks.25.conv2,0.1606297791004181
101,blocks.26.conv1,0.1750987321138382
101,blocks.26.conv2,0.1802855134010315
101,blocks.27.conv1,0.18758492171764374
101,blocks.27.conv2,0.18505358695983887
101,blocks.28.conv1,0.18665440380573273
101,blocks.28.conv2,0.18402117490768433
101,blocks.29.conv1,0.18149906396865845
101,blocks.29.conv2,0.1780013144016266
101,blocks.30.conv1,0.16897566616535187
101,blocks.30.conv2,0.15838497877120972
101,blocks.31.conv1,0.1486942321062088
101,blocks.31.conv2,0.12738800048828125
101,mean_conv2d_grad_norm,0.07976234773030648
102,stem.0,0.10056544840335846
102,blocks.0.conv1,0.10961195826530457
102,blocks.0.conv2,0.11719458550214767
102,blocks.1.conv1,0.12956072390079498
102,blocks.1.conv2,0.12127117812633514
102,blocks.2.conv1,0.10256046801805496
102,blocks.2.conv2,0.0792037844657898
102,blocks.3.conv1,0.06291987746953964
102,blocks.3.conv2,0.0448869951069355
102,blocks.4.conv1,0.03595671057701111
102,blocks.4.conv2,0.03465064987540245
102,blocks.5.conv1,0.03615950420498848
102,blocks.5.conv2,0.03478483855724335
102,blocks.6.conv1,0.03557128831744194
102,blocks.6.conv2,0.03507249429821968
102,blocks.7.conv1,0.0355665385723114
102,blocks.7.conv2,0.03520401194691658
102,blocks.8.conv1,0.035486187785863876
102,blocks.8.conv2,0.03571520745754242
102,blocks.9.conv1,0.0354171022772789
102,blocks.9.conv2,0.035525381565093994
102,blocks.10.conv1,0.035546764731407166
102,blocks.10.conv2,0.035439301282167435
102,blocks.11.conv1,0.03504306077957153
102,blocks.11.conv2,0.035541605204343796
102,blocks.12.conv1,0.03429725766181946
102,blocks.12.conv2,0.0339411199092865
102,blocks.13.conv1,0.03371092677116394
102,blocks.13.conv2,0.03410179913043976
102,blocks.14.conv1,0.03437677398324013
102,blocks.14.conv2,0.03323505446314812
102,blocks.15.conv1,0.03362289071083069
102,blocks.15.conv2,0.03393751382827759
102,blocks.16.conv1,0.034164153039455414
102,blocks.16.conv2,0.03462965786457062
102,blocks.17.conv1,0.034531120210886
102,blocks.17.conv2,0.03499193489551544
102,blocks.18.conv1,0.036192942410707474
102,blocks.18.conv2,0.03685392066836357
102,blocks.19.conv1,0.03664078563451767
102,blocks.19.conv2,0.039027050137519836
102,blocks.20.conv1,0.03988984227180481
102,blocks.20.conv2,0.04080315679311752
102,blocks.21.conv1,0.04805023595690727
102,blocks.21.conv2,0.055052440613508224
102,blocks.22.conv1,0.06499125063419342
102,blocks.22.conv2,0.07399417459964752
102,blocks.23.conv1,0.0849355086684227
102,blocks.23.conv2,0.09233806282281876
102,blocks.24.conv1,0.10176398605108261
102,blocks.24.conv2,0.10849762707948685
102,blocks.25.conv1,0.12174486368894577
102,blocks.25.conv2,0.1318652480840683
102,blocks.26.conv1,0.14003188908100128
102,blocks.26.conv2,0.13898152112960815
102,blocks.27.conv1,0.1463969498872757
102,blocks.27.conv2,0.14497879147529602
102,blocks.28.conv1,0.14021021127700806
102,blocks.28.conv2,0.14271941781044006
102,blocks.29.conv1,0.1322452872991562
102,blocks.29.conv2,0.12937934696674347
102,blocks.30.conv1,0.1269582360982895
102,blocks.30.conv2,0.12603089213371277
102,blocks.31.conv1,0.1123473271727562
102,blocks.31.conv2,0.0956055149435997
102,mean_conv2d_grad_norm,0.06973111308537996
103,stem.0,0.09612248092889786
103,blocks.0.conv1,0.1269112378358841
103,blocks.0.conv2,0.14160770177841187
103,blocks.1.conv1,0.14568428695201874
103,blocks.1.conv2,0.1324550211429596
103,blocks.2.conv1,0.11329755187034607
103,blocks.2.conv2,0.09082008898258209
103,blocks.3.conv1,0.07409577071666718
103,blocks.3.conv2,0.05921701341867447
103,blocks.4.conv1,0.05129821226000786
103,blocks.4.conv2,0.050451964139938354
103,blocks.5.conv1,0.05000251904129982
103,blocks.5.conv2,0.05041712895035744
103,blocks.6.conv1,0.050887756049633026
103,blocks.6.conv2,0.051485054194927216
103,blocks.7.conv1,0.05202101916074753
103,blocks.7.conv2,0.051651135087013245
103,blocks.8.conv1,0.05236563831567764
103,blocks.8.conv2,0.051789574325084686
103,blocks.9.conv1,0.051827605813741684
103,blocks.9.conv2,0.05223078653216362
103,blocks.10.conv1,0.052015382796525955
103,blocks.10.conv2,0.051835618913173676
103,blocks.11.conv1,0.05180692300200462
103,blocks.11.conv2,0.05131708085536957
103,blocks.12.conv1,0.051766715943813324
103,blocks.12.conv2,0.05085953697562218
103,blocks.13.conv1,0.051619403064250946
103,blocks.13.conv2,0.051948145031929016
103,blocks.14.conv1,0.05049865320324898
103,blocks.14.conv2,0.051687777042388916
103,blocks.15.conv1,0.050391506403684616
103,blocks.15.conv2,0.05117416754364967
103,blocks.16.conv1,0.05156520754098892
103,blocks.16.conv2,0.05102143809199333
103,blocks.17.conv1,0.05052187293767929
103,blocks.17.conv2,0.05028919130563736
103,blocks.18.conv1,0.05198965594172478
103,blocks.18.conv2,0.05175059288740158
103,blocks.19.conv1,0.05384759604930878
103,blocks.19.conv2,0.05413658544421196
103,blocks.20.conv1,0.053551435470581055
103,blocks.20.conv2,0.054745979607105255
103,blocks.21.conv1,0.058365389704704285
103,blocks.21.conv2,0.06184490770101547
103,blocks.22.conv1,0.0715058222413063
103,blocks.22.conv2,0.08226682245731354
103,blocks.23.conv1,0.09052329510450363
103,blocks.23.conv2,0.10373841226100922
103,blocks.24.conv1,0.11259226500988007
103,blocks.24.conv2,0.1273944228887558
103,blocks.25.conv1,0.13429546356201172
103,blocks.25.conv2,0.14817975461483002
103,blocks.26.conv1,0.16070009768009186
103,blocks.26.conv2,0.1580285131931305
103,blocks.27.conv1,0.16389153897762299
103,blocks.27.conv2,0.1712755709886551
103,blocks.28.conv1,0.16780579090118408
103,blocks.28.conv2,0.1646166294813156
103,blocks.29.conv1,0.16369512677192688
103,blocks.29.conv2,0.16143950819969177
103,blocks.30.conv1,0.1519438475370407
103,blocks.30.conv2,0.14932644367218018
103,blocks.31.conv1,0.14525310695171356
103,blocks.31.conv2,0.12669013440608978
103,mean_conv2d_grad_norm,0.0863438904285431
104,stem.0,0.06636204570531845
104,blocks.0.conv1,0.08863571286201477
104,blocks.0.conv2,0.10321176052093506
104,blocks.1.conv1,0.10789883136749268
104,blocks.1.conv2,0.10205434262752533
104,blocks.2.conv1,0.08632057905197144
104,blocks.2.conv2,0.06909078359603882
104,blocks.3.conv1,0.05345446243882179
104,blocks.3.conv2,0.03668363392353058
104,blocks.4.conv1,0.027200035750865936
104,blocks.4.conv2,0.028265904635190964
104,blocks.5.conv1,0.026622965931892395
104,blocks.5.conv2,0.02711242251098156
104,blocks.6.conv1,0.027982588857412338
104,blocks.6.conv2,0.0278104729950428
104,blocks.7.conv1,0.027943503111600876
104,blocks.7.conv2,0.027910461649298668
104,blocks.8.conv1,0.02825988456606865
104,blocks.8.conv2,0.027647176757454872
104,blocks.9.conv1,0.0278271846473217
104,blocks.9.conv2,0.027529649436473846
104,blocks.10.conv1,0.027765799313783646
104,blocks.10.conv2,0.027409346774220467
104,blocks.11.conv1,0.027479682117700577
104,blocks.11.conv2,0.02719697542488575
104,blocks.12.conv1,0.02767237089574337
104,blocks.12.conv2,0.027385422959923744
104,blocks.13.conv1,0.028302766382694244
104,blocks.13.conv2,0.027591122314333916
104,blocks.14.conv1,0.027619963511824608
104,blocks.14.conv2,0.028624294325709343
104,blocks.15.conv1,0.027195747941732407
104,blocks.15.conv2,0.027074716985225677
104,blocks.16.conv1,0.027571504935622215
104,blocks.16.conv2,0.027221545577049255
104,blocks.17.conv1,0.02712126076221466
104,blocks.17.conv2,0.026673877611756325
104,blocks.18.conv1,0.028520531952381134
104,blocks.18.conv2,0.02917756699025631
104,blocks.19.conv1,0.029078731313347816
104,blocks.19.conv2,0.028843214735388756
104,blocks.20.conv1,0.03137414529919624
104,blocks.20.conv2,0.03404892235994339
104,blocks.21.conv1,0.04170350357890129
104,blocks.21.conv2,0.044656217098236084
104,blocks.22.conv1,0.04821210354566574
104,blocks.22.conv2,0.05441386625170708
104,blocks.23.conv1,0.06193147972226143
104,blocks.23.conv2,0.06767074763774872
104,blocks.24.conv1,0.07442855089902878
104,blocks.24.conv2,0.08045994490385056
104,blocks.25.conv1,0.08800997585058212
104,blocks.25.conv2,0.09761045128107071
104,blocks.26.conv1,0.10673505812883377
104,blocks.26.conv2,0.10984855890274048
104,blocks.27.conv1,0.10965792834758759
104,blocks.27.conv2,0.11313033849000931
104,blocks.28.conv1,0.11111649870872498
104,blocks.28.conv2,0.1082252711057663
104,blocks.29.conv1,0.10231375694274902
104,blocks.29.conv2,0.0956467017531395
104,blocks.30.conv1,0.08754878491163254
104,blocks.30.conv2,0.08338216692209244
104,blocks.31.conv1,0.07416709512472153
104,blocks.31.conv2,0.05470726266503334
104,mean_conv2d_grad_norm,0.05357461809538878
105,stem.0,0.06978080421686172
105,blocks.0.conv1,0.10748995095491409
105,blocks.0.conv2,0.11725867539644241
105,blocks.1.conv1,0.1183067113161087
105,blocks.1.conv2,0.11239271610975266
105,blocks.2.conv1,0.09863347560167313
105,blocks.2.conv2,0.07699523121118546
105,blocks.3.conv1,0.06393390148878098
105,blocks.3.conv2,0.04386383667588234
105,blocks.4.conv1,0.031861502677202225
105,blocks.4.conv2,0.02671227790415287
105,blocks.5.conv1,0.02759445644915104
105,blocks.5.conv2,0.02698335610330105
105,blocks.6.conv1,0.02598641626536846
105,blocks.6.conv2,0.024919429793953896
105,blocks.7.conv1,0.025280192494392395
105,blocks.7.conv2,0.025088336318731308
105,blocks.8.conv1,0.02559993974864483
105,blocks.8.conv2,0.02481432631611824
105,blocks.9.conv1,0.02458420768380165
105,blocks.9.conv2,0.024228593334555626
105,blocks.10.conv1,0.024869408458471298
105,blocks.10.conv2,0.024675214663147926
105,blocks.11.conv1,0.024768603965640068
105,blocks.11.conv2,0.02533876895904541
105,blocks.12.conv1,0.026824137195944786
105,blocks.12.conv2,0.026989657431840897
105,blocks.13.conv1,0.025674859061837196
105,blocks.13.conv2,0.026842819526791573
105,blocks.14.conv1,0.029705718159675598
105,blocks.14.conv2,0.029684830456972122
105,blocks.15.conv1,0.028354736045002937
105,blocks.15.conv2,0.029366493225097656
105,blocks.16.conv1,0.029332458972930908
105,blocks.16.conv2,0.029291577637195587
105,blocks.17.conv1,0.02931627258658409
105,blocks.17.conv2,0.030204148963093758
105,blocks.18.conv1,0.03395380079746246
105,blocks.18.conv2,0.03392115980386734
105,blocks.19.conv1,0.03631933033466339
105,blocks.19.conv2,0.03634978458285332
105,blocks.20.conv1,0.04171956330537796
105,blocks.20.conv2,0.05049489811062813
105,blocks.21.conv1,0.057088885456323624
105,blocks.21.conv2,0.06411339342594147
105,blocks.22.conv1,0.07764975726604462
105,blocks.22.conv2,0.08439908921718597
105,blocks.23.conv1,0.0938539057970047
105,blocks.23.conv2,0.10304277390241623
105,blocks.24.conv1,0.11077054589986801
105,blocks.24.conv2,0.11445999890565872
105,blocks.25.conv1,0.12871134281158447
105,blocks.25.conv2,0.14288276433944702
105,blocks.26.conv1,0.15211626887321472
105,blocks.26.conv2,0.15995649993419647
105,blocks.27.conv1,0.16042208671569824
105,blocks.27.conv2,0.16452465951442719
105,blocks.28.conv1,0.16692347824573517
105,blocks.28.conv2,0.15925061702728271
105,blocks.29.conv1,0.15618085861206055
105,blocks.29.conv2,0.1435215026140213
105,blocks.30.conv1,0.1405310183763504
105,blocks.30.conv2,0.13152311742305756
105,blocks.31.conv1,0.11505424976348877
105,blocks.31.conv2,0.08850038051605225
105,mean_conv2d_grad_norm,0.06941205807603322
106,stem.0,0.08297018706798553
106,blocks.0.conv1,0.11154086887836456
106,blocks.0.conv2,0.13735534250736237
106,blocks.1.conv1,0.14413882791996002
106,blocks.1.conv2,0.13586458563804626
106,blocks.2.conv1,0.11586181819438934
106,blocks.2.conv2,0.09394669532775879
106,blocks.3.conv1,0.08293244987726212
106,blocks.3.conv2,0.05830429866909981
106,blocks.4.conv1,0.04860945791006088
106,blocks.4.conv2,0.05004185438156128
106,blocks.5.conv1,0.05028581991791725
106,blocks.5.conv2,0.050106581300497055
106,blocks.6.conv1,0.05061556026339531
106,blocks.6.conv2,0.05092741549015045
106,blocks.7.conv1,0.05199751257896423
106,blocks.7.conv2,0.05141954869031906
106,blocks.8.conv1,0.052614178508520126
106,blocks.8.conv2,0.051968734711408615
106,blocks.9.conv1,0.052134398370981216
106,blocks.9.conv2,0.05252216011285782
106,blocks.10.conv1,0.052452486008405685
106,blocks.10.conv2,0.05204556882381439
106,blocks.11.conv1,0.05191436782479286
106,blocks.11.conv2,0.050842586904764175
106,blocks.12.conv1,0.05024448782205582
106,blocks.12.conv2,0.048025984317064285
106,blocks.13.conv1,0.048806723207235336
106,blocks.13.conv2,0.04915850982069969
106,blocks.14.conv1,0.04861413687467575
106,blocks.14.conv2,0.048768993467092514
106,blocks.15.conv1,0.0484747588634491
106,blocks.15.conv2,0.04906678572297096
106,blocks.16.conv1,0.0496845580637455
106,blocks.16.conv2,0.049212343990802765
106,blocks.17.conv1,0.048056572675704956
106,blocks.17.conv2,0.04811987280845642
106,blocks.18.conv1,0.0485779270529747
106,blocks.18.conv2,0.04964568465948105
106,blocks.19.conv1,0.04887748509645462
106,blocks.19.conv2,0.04988011717796326
106,blocks.20.conv1,0.04699058085680008
106,blocks.20.conv2,0.050215087831020355
106,blocks.21.conv1,0.059962231665849686
106,blocks.21.conv2,0.06763000786304474
106,blocks.22.conv1,0.07296845316886902
106,blocks.22.conv2,0.08401238173246384
106,blocks.23.conv1,0.09179414808750153
106,blocks.23.conv2,0.09964939206838608
106,blocks.24.conv1,0.10746721923351288
106,blocks.24.conv2,0.1146811842918396
106,blocks.25.conv1,0.1277591735124588
106,blocks.25.conv2,0.13695034384727478
106,blocks.26.conv1,0.1512022465467453
106,blocks.26.conv2,0.15682999789714813
106,blocks.27.conv1,0.15100665390491486
106,blocks.27.conv2,0.1550682932138443
106,blocks.28.conv1,0.15428508818149567
106,blocks.28.conv2,0.15394927561283112
106,blocks.29.conv1,0.1495518684387207
106,blocks.29.conv2,0.14264413714408875
106,blocks.30.conv1,0.13734544813632965
106,blocks.30.conv2,0.12769441306591034
106,blocks.31.conv1,0.11961034685373306
106,blocks.31.conv2,0.10655449330806732
106,mean_conv2d_grad_norm,0.08203770329172795
107,stem.0,0.09737091511487961
107,blocks.0.conv1,0.11140906065702438
107,blocks.0.conv2,0.12307769060134888
107,blocks.1.conv1,0.12424079328775406
107,blocks.1.conv2,0.11544270068407059
107,blocks.2.conv1,0.09975118190050125
107,blocks.2.conv2,0.07975408434867859
107,blocks.3.conv1,0.06537463515996933
107,blocks.3.conv2,0.04884776100516319
107,blocks.4.conv1,0.046501871198415756
107,blocks.4.conv2,0.04736635461449623
107,blocks.5.conv1,0.0483471155166626
107,blocks.5.conv2,0.04814678803086281
107,blocks.6.conv1,0.04910308122634888
107,blocks.6.conv2,0.04990217089653015
107,blocks.7.conv1,0.05061264708638191
107,blocks.7.conv2,0.049965228885412216
107,blocks.8.conv1,0.05088797211647034
107,blocks.8.conv2,0.05113352835178375
107,blocks.9.conv1,0.0512041412293911
107,blocks.9.conv2,0.05167413130402565
107,blocks.10.conv1,0.051257822662591934
107,blocks.10.conv2,0.05136170983314514
107,blocks.11.conv1,0.050910186022520065
107,blocks.11.conv2,0.05035944655537605
107,blocks.12.conv1,0.04918599873781204
107,blocks.12.conv2,0.04849661886692047
107,blocks.13.conv1,0.04898669570684433
107,blocks.13.conv2,0.049350008368492126
107,blocks.14.conv1,0.04850516468286514
107,blocks.14.conv2,0.049063682556152344
107,blocks.15.conv1,0.049248240888118744
107,blocks.15.conv2,0.04927896335721016
107,blocks.16.conv1,0.049483366310596466
107,blocks.16.conv2,0.0493127778172493
107,blocks.17.conv1,0.049776624888181686
107,blocks.17.conv2,0.04958001524209976
107,blocks.18.conv1,0.05035258084535599
107,blocks.18.conv2,0.04951966181397438
107,blocks.19.conv1,0.0504034124314785
107,blocks.19.conv2,0.04953228682279587
107,blocks.20.conv1,0.049628015607595444
107,blocks.20.conv2,0.04977686330676079
107,blocks.21.conv1,0.05650879070162773
107,blocks.21.conv2,0.0598134808242321
107,blocks.22.conv1,0.06710072606801987
107,blocks.22.conv2,0.07148630917072296
107,blocks.23.conv1,0.07884308695793152
107,blocks.23.conv2,0.08740969747304916
107,blocks.24.conv1,0.09886252880096436
107,blocks.24.conv2,0.10896235704421997
107,blocks.25.conv1,0.11822067946195602
107,blocks.25.conv2,0.12946487963199615
107,blocks.26.conv1,0.13763712346553802
107,blocks.26.conv2,0.14202645421028137
107,blocks.27.conv1,0.1444559097290039
107,blocks.27.conv2,0.14377181231975555
107,blocks.28.conv1,0.14011284708976746
107,blocks.28.conv2,0.13956035673618317
107,blocks.29.conv1,0.13343679904937744
107,blocks.29.conv2,0.1273537278175354
107,blocks.30.conv1,0.11944151669740677
107,blocks.30.conv2,0.10677015781402588
107,blocks.31.conv1,0.09439726918935776
107,blocks.31.conv2,0.0681888535618782
107,mean_conv2d_grad_norm,0.07580475939007905
108,stem.0,0.10343435406684875
108,blocks.0.conv1,0.11673892289400101
108,blocks.0.conv2,0.12714549899101257
108,blocks.1.conv1,0.14154279232025146
108,blocks.1.conv2,0.14280857145786285
108,blocks.2.conv1,0.12338639795780182
108,blocks.2.conv2,0.09696552902460098
108,blocks.3.conv1,0.07989494502544403
108,blocks.3.conv2,0.048917584121227264
108,blocks.4.conv1,0.0373242162168026
108,blocks.4.conv2,0.02991965413093567
108,blocks.5.conv1,0.02766212448477745
108,blocks.5.conv2,0.02799026481807232
108,blocks.6.conv1,0.02816413715481758
108,blocks.6.conv2,0.02622869797050953
108,blocks.7.conv1,0.02579057589173317
108,blocks.7.conv2,0.026051023975014687
108,blocks.8.conv1,0.025832543149590492
108,blocks.8.conv2,0.02565235085785389
108,blocks.9.conv1,0.0252706129103899
108,blocks.9.conv2,0.025381645187735558
108,blocks.10.conv1,0.02544550411403179
108,blocks.10.conv2,0.025460487231612206
108,blocks.11.conv1,0.0256761834025383
108,blocks.11.conv2,0.0272703655064106
108,blocks.12.conv1,0.029002105817198753
108,blocks.12.conv2,0.031791213899850845
108,blocks.13.conv1,0.028882445767521858
108,blocks.13.conv2,0.028748147189617157
108,blocks.14.conv1,0.03090554103255272
108,blocks.14.conv2,0.029747288674116135
108,blocks.15.conv1,0.028046900406479836
108,blocks.15.conv2,0.030338004231452942
108,blocks.16.conv1,0.03046559728682041
108,blocks.16.conv2,0.030584942549467087
108,blocks.17.conv1,0.03169258311390877
108,blocks.17.conv2,0.03137175366282463
108,blocks.18.conv1,0.03578004240989685
108,blocks.18.conv2,0.04032564535737038
108,blocks.19.conv1,0.03689337894320488
108,blocks.19.conv2,0.0399089977145195
108,blocks.20.conv1,0.03822396695613861
108,blocks.20.conv2,0.04717294126749039
108,blocks.21.conv1,0.05650206282734871
108,blocks.21.conv2,0.062278639525175095
108,blocks.22.conv1,0.07403150945901871
108,blocks.22.conv2,0.07725927233695984
108,blocks.23.conv1,0.08725529164075851
108,blocks.23.conv2,0.09840933233499527
108,blocks.24.conv1,0.10781343281269073
108,blocks.24.conv2,0.12187282741069794
108,blocks.25.conv1,0.13540993630886078
108,blocks.25.conv2,0.1519671231508255
108,blocks.26.conv1,0.1642383635044098
108,blocks.26.conv2,0.16528622806072235
108,blocks.27.conv1,0.17020943760871887
108,blocks.27.conv2,0.176151841878891
108,blocks.28.conv1,0.17129839956760406
108,blocks.28.conv2,0.16618964076042175
108,blocks.29.conv1,0.15409211814403534
108,blocks.29.conv2,0.145802304148674
108,blocks.30.conv1,0.14073005318641663
108,blocks.30.conv2,0.13385777175426483
108,blocks.31.conv1,0.12517599761486053
108,blocks.31.conv2,0.11481548845767975
108,mean_conv2d_grad_norm,0.07409974694825136
109,stem.0,0.10057399421930313
109,blocks.0.conv1,0.12108621746301651
109,blocks.0.conv2,0.14329352974891663
109,blocks.1.conv1,0.15093083679676056
109,blocks.1.conv2,0.1379963904619217
109,blocks.2.conv1,0.11840912699699402
109,blocks.2.conv2,0.09654901921749115
109,blocks.3.conv1,0.07654515653848648
109,blocks.3.conv2,0.04553007334470749
109,blocks.4.conv1,0.031524524092674255
109,blocks.4.conv2,0.024344248697161674
109,blocks.5.conv1,0.021309416741132736
109,blocks.5.conv2,0.020667804405093193
109,blocks.6.conv1,0.020631030201911926
109,blocks.6.conv2,0.020408350974321365
109,blocks.7.conv1,0.019567864015698433
109,blocks.7.conv2,0.019705800339579582
109,blocks.8.conv1,0.01983276568353176
109,blocks.8.conv2,0.01965750753879547
109,blocks.9.conv1,0.019204549491405487
109,blocks.9.conv2,0.019100693985819817
109,blocks.10.conv1,0.019167913123965263
109,blocks.10.conv2,0.019292138516902924
109,blocks.11.conv1,0.01957153156399727
109,blocks.11.conv2,0.02050156518816948
109,blocks.12.conv1,0.02173784002661705
109,blocks.12.conv2,0.02344709448516369
109,blocks.13.conv1,0.022895943373441696
109,blocks.13.conv2,0.023020876571536064
109,blocks.14.conv1,0.02439945749938488
109,blocks.14.conv2,0.0268647950142622
109,blocks.15.conv1,0.02380325458943844
109,blocks.15.conv2,0.024052346125245094
109,blocks.16.conv1,0.026384001597762108
109,blocks.16.conv2,0.02555892802774906
109,blocks.17.conv1,0.024738777428865433
109,blocks.17.conv2,0.025425013154745102
109,blocks.18.conv1,0.03329911455512047
109,blocks.18.conv2,0.034929707646369934
109,blocks.19.conv1,0.03400776907801628
109,blocks.19.conv2,0.033979445695877075
109,blocks.20.conv1,0.03718151897192001
109,blocks.20.conv2,0.041141826659440994
109,blocks.21.conv1,0.05290713533759117
109,blocks.21.conv2,0.060549695044755936
109,blocks.22.conv1,0.07205729186534882
109,blocks.22.conv2,0.0780615508556366
109,blocks.23.conv1,0.08751612156629562
109,blocks.23.conv2,0.09942899644374847
109,blocks.24.conv1,0.11113318055868149
109,blocks.24.conv2,0.12287863343954086
109,blocks.25.conv1,0.1350369155406952
109,blocks.25.conv2,0.15188947319984436
109,blocks.26.conv1,0.16204427182674408
109,blocks.26.conv2,0.17841659486293793
109,blocks.27.conv1,0.1791093647480011
109,blocks.27.conv2,0.1831749975681305
109,blocks.28.conv1,0.17515794932842255
109,blocks.28.conv2,0.17475849390029907
109,blocks.29.conv1,0.16959677636623383
109,blocks.29.conv2,0.16284114122390747
109,blocks.30.conv1,0.16059771180152893
109,blocks.30.conv2,0.15560497343540192
109,blocks.31.conv1,0.1361600011587143
109,blocks.31.conv2,0.10103961080312729
109,mean_conv2d_grad_norm,0.07295739447268156
110,stem.0,0.11782494187355042
110,blocks.0.conv1,0.1299060583114624
110,blocks.0.conv2,0.1547003835439682
110,blocks.1.conv1,0.1676144301891327
110,blocks.1.conv2,0.15815965831279755
110,blocks.2.conv1,0.12743254005908966
110,blocks.2.conv2,0.0976085364818573
110,blocks.3.conv1,0.07628685981035233
110,blocks.3.conv2,0.05502529814839363
110,blocks.4.conv1,0.04116656258702278
110,blocks.4.conv2,0.03817494213581085
110,blocks.5.conv1,0.03855476155877113
110,blocks.5.conv2,0.03779885545372963
110,blocks.6.conv1,0.03770900145173073
110,blocks.6.conv2,0.036252208054065704
110,blocks.7.conv1,0.0360250286757946
110,blocks.7.conv2,0.03611424192786217
110,blocks.8.conv1,0.03660279139876366
110,blocks.8.conv2,0.03673556074500084
110,blocks.9.conv1,0.03640149533748627
110,blocks.9.conv2,0.03661838173866272
110,blocks.10.conv1,0.03653928264975548
110,blocks.10.conv2,0.036815762519836426
110,blocks.11.conv1,0.036867935210466385
110,blocks.11.conv2,0.037994999438524246
110,blocks.12.conv1,0.03741362318396568
110,blocks.12.conv2,0.037598785012960434
110,blocks.13.conv1,0.036975182592868805
110,blocks.13.conv2,0.03719600290060043
110,blocks.14.conv1,0.038671452552080154
110,blocks.14.conv2,0.03838775306940079
110,blocks.15.conv1,0.037744373083114624
110,blocks.15.conv2,0.03854048624634743
110,blocks.16.conv1,0.038874294608831406
110,blocks.16.conv2,0.03877576068043709
110,blocks.17.conv1,0.0390704870223999
110,blocks.17.conv2,0.0391400009393692
110,blocks.18.conv1,0.042952049523591995
110,blocks.18.conv2,0.0448651984333992
110,blocks.19.conv1,0.04386375844478607
110,blocks.19.conv2,0.046420879662036896
110,blocks.20.conv1,0.04360496252775192
110,blocks.20.conv2,0.048051491379737854
110,blocks.21.conv1,0.05670791491866112
110,blocks.21.conv2,0.06434214860200882
110,blocks.22.conv1,0.07380679994821548
110,blocks.22.conv2,0.08494727313518524
110,blocks.23.conv1,0.09816872328519821
110,blocks.23.conv2,0.10881183296442032
110,blocks.24.conv1,0.12609221041202545
110,blocks.24.conv2,0.14046986401081085
110,blocks.25.conv1,0.1541178971529007
110,blocks.25.conv2,0.16451719403266907
110,blocks.26.conv1,0.17217504978179932
110,blocks.26.conv2,0.1754220575094223
110,blocks.27.conv1,0.17601263523101807
110,blocks.27.conv2,0.1740526556968689
110,blocks.28.conv1,0.17361241579055786
110,blocks.28.conv2,0.1692119836807251
110,blocks.29.conv1,0.16110451519489288
110,blocks.29.conv2,0.15466976165771484
110,blocks.30.conv1,0.15947289764881134
110,blocks.30.conv2,0.14867331087589264
110,blocks.31.conv1,0.12713199853897095
110,blocks.31.conv2,0.09587998688220978
110,mean_conv2d_grad_norm,0.08259197209890072
111,stem.0,0.1257959008216858
111,blocks.0.conv1,0.1527101993560791
111,blocks.0.conv2,0.1690843552350998
111,blocks.1.conv1,0.17909330129623413
111,blocks.1.conv2,0.16643239557743073
111,blocks.2.conv1,0.1419840157032013
111,blocks.2.conv2,0.10924382507801056
111,blocks.3.conv1,0.0871565192937851
111,blocks.3.conv2,0.05772193893790245
111,blocks.4.conv1,0.04209065064787865
111,blocks.4.conv2,0.038549818098545074
111,blocks.5.conv1,0.03679204732179642
111,blocks.5.conv2,0.03722161054611206
111,blocks.6.conv1,0.03483124449849129
111,blocks.6.conv2,0.035578127950429916
111,blocks.7.conv1,0.03482036665081978
111,blocks.7.conv2,0.03558306023478508
111,blocks.8.conv1,0.035521604120731354
111,blocks.8.conv2,0.03572159260511398
111,blocks.9.conv1,0.03567614033818245
111,blocks.9.conv2,0.03635771945118904
111,blocks.10.conv1,0.03608839213848114
111,blocks.10.conv2,0.03613533079624176
111,blocks.11.conv1,0.03553960099816322
111,blocks.11.conv2,0.03657729551196098
111,blocks.12.conv1,0.035992108285427094
111,blocks.12.conv2,0.038096360862255096
111,blocks.13.conv1,0.03750022128224373
111,blocks.13.conv2,0.03799212723970413
111,blocks.14.conv1,0.039630237966775894
111,blocks.14.conv2,0.043128881603479385
111,blocks.15.conv1,0.03987326845526695
111,blocks.15.conv2,0.04194806143641472
111,blocks.16.conv1,0.04309336468577385
111,blocks.16.conv2,0.042454060167074203
111,blocks.17.conv1,0.04227512702345848
111,blocks.17.conv2,0.04410329461097717
111,blocks.18.conv1,0.04740029200911522
111,blocks.18.conv2,0.051529135555028915
111,blocks.19.conv1,0.04989432543516159
111,blocks.19.conv2,0.05097832903265953
111,blocks.20.conv1,0.05238211899995804
111,blocks.20.conv2,0.057141851633787155
111,blocks.21.conv1,0.067780040204525
111,blocks.21.conv2,0.0759638175368309
111,blocks.22.conv1,0.08959224820137024
111,blocks.22.conv2,0.0988331288099289
111,blocks.23.conv1,0.10942074656486511
111,blocks.23.conv2,0.12237703055143356
111,blocks.24.conv1,0.13911916315555573
111,blocks.24.conv2,0.14880241453647614
111,blocks.25.conv1,0.15922221541404724
111,blocks.25.conv2,0.17507584393024445
111,blocks.26.conv1,0.1929355263710022
111,blocks.26.conv2,0.19660699367523193
111,blocks.27.conv1,0.2025163471698761
111,blocks.27.conv2,0.20262449979782104
111,blocks.28.conv1,0.20449009537696838
111,blocks.28.conv2,0.2045908421278
111,blocks.29.conv1,0.19827035069465637
111,blocks.29.conv2,0.19696232676506042
111,blocks.30.conv1,0.18848344683647156
111,blocks.30.conv2,0.17144247889518738
111,blocks.31.conv1,0.155666783452034
111,blocks.31.conv2,0.12342606484889984
111,mean_conv2d_grad_norm,0.09218342499091076
112,stem.0,0.1453028917312622
112,blocks.0.conv1,0.1421615183353424
112,blocks.0.conv2,0.1539459526538849
112,blocks.1.conv1,0.16775988042354584
112,blocks.1.conv2,0.1551307886838913
112,blocks.2.conv1,0.1376219540834427
112,blocks.2.conv2,0.10711107403039932
112,blocks.3.conv1,0.08311382681131363
112,blocks.3.conv2,0.06030137464404106
112,blocks.4.conv1,0.044059161096811295
112,blocks.4.conv2,0.033084601163864136
112,blocks.5.conv1,0.03105698712170124
112,blocks.5.conv2,0.03096368908882141
112,blocks.6.conv1,0.031765006482601166
112,blocks.6.conv2,0.02882589027285576
112,blocks.7.conv1,0.028124365955591202
112,blocks.7.conv2,0.0280528012663126
112,blocks.8.conv1,0.028584441170096397
112,blocks.8.conv2,0.02817452885210514
112,blocks.9.conv1,0.027247488498687744
112,blocks.9.conv2,0.027252554893493652
112,blocks.10.conv1,0.027403559535741806
112,blocks.10.conv2,0.027959667146205902
112,blocks.11.conv1,0.028272561728954315
112,blocks.11.conv2,0.030419964343309402
112,blocks.12.conv1,0.032454509288072586
112,blocks.12.conv2,0.033756714314222336
112,blocks.13.conv1,0.033045943826436996
112,blocks.13.conv2,0.03309279680252075
112,blocks.14.conv1,0.03597164526581764
112,blocks.14.conv2,0.03516356274485588
112,blocks.15.conv1,0.0338582769036293
112,blocks.15.conv2,0.03496241569519043
112,blocks.16.conv1,0.03499104082584381
112,blocks.16.conv2,0.037572991102933884
112,blocks.17.conv1,0.038071710616350174
112,blocks.17.conv2,0.03863268345594406
112,blocks.18.conv1,0.04174051061272621
112,blocks.18.conv2,0.04646582528948784
112,blocks.19.conv1,0.043588072061538696
112,blocks.19.conv2,0.04540929198265076
112,blocks.20.conv1,0.04732794314622879
112,blocks.20.conv2,0.05601811036467552
112,blocks.21.conv1,0.06454693526029587
112,blocks.21.conv2,0.07520478218793869
112,blocks.22.conv1,0.09060749411582947
112,blocks.22.conv2,0.1002398282289505
112,blocks.23.conv1,0.11190931499004364
112,blocks.23.conv2,0.1211751401424408
112,blocks.24.conv1,0.12953467667102814
112,blocks.24.conv2,0.14177584648132324
112,blocks.25.conv1,0.157508984208107
112,blocks.25.conv2,0.1747981607913971
112,blocks.26.conv1,0.18904879689216614
112,blocks.26.conv2,0.20024225115776062
112,blocks.27.conv1,0.2094232589006424
112,blocks.27.conv2,0.21353156864643097
112,blocks.28.conv1,0.21815909445285797
112,blocks.28.conv2,0.2237130105495453
112,blocks.29.conv1,0.21430958807468414
112,blocks.29.conv2,0.20655332505702972
112,blocks.30.conv1,0.20409509539604187
112,blocks.30.conv2,0.1941569298505783
112,blocks.31.conv1,0.16534218192100525
112,blocks.31.conv2,0.1283029168844223
112,mean_conv2d_grad_norm,0.09030768854113726
113,stem.0,0.08827826380729675
113,blocks.0.conv1,0.09598434716463089
113,blocks.0.conv2,0.12006089091300964
113,blocks.1.conv1,0.12608450651168823
113,blocks.1.conv2,0.11894916743040085
113,blocks.2.conv1,0.10116161406040192
113,blocks.2.conv2,0.0813751146197319
113,blocks.3.conv1,0.060786064714193344
113,blocks.3.conv2,0.03831614553928375
113,blocks.4.conv1,0.027073225006461143
113,blocks.4.conv2,0.0229128897190094
113,blocks.5.conv1,0.02397453412413597
113,blocks.5.conv2,0.02321590483188629
113,blocks.6.conv1,0.022897537797689438
113,blocks.6.conv2,0.022477494552731514
113,blocks.7.conv1,0.02264321595430374
113,blocks.7.conv2,0.02238648198544979
113,blocks.8.conv1,0.022615384310483932
113,blocks.8.conv2,0.022782180458307266
113,blocks.9.conv1,0.02256493642926216
113,blocks.9.conv2,0.02249183878302574
113,blocks.10.conv1,0.022404085844755173
113,blocks.10.conv2,0.022321756929159164
113,blocks.11.conv1,0.022172844037413597
113,blocks.11.conv2,0.02290896140038967
113,blocks.12.conv1,0.02235735021531582
113,blocks.12.conv2,0.022077472880482674
113,blocks.13.conv1,0.021724706515669823
113,blocks.13.conv2,0.021905794739723206
113,blocks.14.conv1,0.024407068267464638
113,blocks.14.conv2,0.021541694179177284
113,blocks.15.conv1,0.02213098295032978
113,blocks.15.conv2,0.02233775146305561
113,blocks.16.conv1,0.022242849692702293
113,blocks.16.conv2,0.023274287581443787
113,blocks.17.conv1,0.023347927257418633
113,blocks.17.conv2,0.02365228906273842
113,blocks.18.conv1,0.02659151516854763
113,blocks.18.conv2,0.028954098001122475
113,blocks.19.conv1,0.02763764187693596
113,blocks.19.conv2,0.02869475446641445
113,blocks.20.conv1,0.029090553522109985
113,blocks.20.conv2,0.0339236706495285
113,blocks.21.conv1,0.03975901007652283
113,blocks.21.conv2,0.04974330589175224
113,blocks.22.conv1,0.055832646787166595
113,blocks.22.conv2,0.06472621858119965
113,blocks.23.conv1,0.0715748593211174
113,blocks.23.conv2,0.08345244824886322
113,blocks.24.conv1,0.09273356944322586
113,blocks.24.conv2,0.09865833073854446
113,blocks.25.conv1,0.10862436145544052
113,blocks.25.conv2,0.12091128528118134
113,blocks.26.conv1,0.1303546130657196
113,blocks.26.conv2,0.13582973182201385
113,blocks.27.conv1,0.13693378865718842
113,blocks.27.conv2,0.14276725053787231
113,blocks.28.conv1,0.1457110196352005
113,blocks.28.conv2,0.1475483477115631
113,blocks.29.conv1,0.1413138061761856
113,blocks.29.conv2,0.14400258660316467
113,blocks.30.conv1,0.1329863965511322
113,blocks.30.conv2,0.12229195237159729
113,blocks.31.conv1,0.10670794546604156
113,blocks.31.conv2,0.08298121392726898
113,mean_conv2d_grad_norm,0.06154117667331145
114,stem.0,0.11599216610193253
114,blocks.0.conv1,0.10954035818576813
114,blocks.0.conv2,0.12312889844179153
114,blocks.1.conv1,0.12901671230793
114,blocks.1.conv2,0.1209576353430748
114,blocks.2.conv1,0.10170318931341171
114,blocks.2.conv2,0.08134619146585464
114,blocks.3.conv1,0.06246315687894821
114,blocks.3.conv2,0.039309218525886536
114,blocks.4.conv1,0.02891434356570244
114,blocks.4.conv2,0.026522967964410782
114,blocks.5.conv1,0.02526729367673397
114,blocks.5.conv2,0.02532266639173031
114,blocks.6.conv1,0.025983348488807678
114,blocks.6.conv2,0.025245919823646545
114,blocks.7.conv1,0.025673378258943558
114,blocks.7.conv2,0.025870511308312416
114,blocks.8.conv1,0.026039987802505493
114,blocks.8.conv2,0.025960635393857956
114,blocks.9.conv1,0.026024503633379936
114,blocks.9.conv2,0.02626418136060238
114,blocks.10.conv1,0.026128295809030533
114,blocks.10.conv2,0.026157816872000694
114,blocks.11.conv1,0.026018090546131134
114,blocks.11.conv2,0.026022909209132195
114,blocks.12.conv1,0.025841014459729195
114,blocks.12.conv2,0.02591036632657051
114,blocks.13.conv1,0.02562677301466465
114,blocks.13.conv2,0.0263398215174675
114,blocks.14.conv1,0.026983315125107765
114,blocks.14.conv2,0.0263205636292696
114,blocks.15.conv1,0.02651032991707325
114,blocks.15.conv2,0.02678954042494297
114,blocks.16.conv1,0.02687748335301876
114,blocks.16.conv2,0.027284687384963036
114,blocks.17.conv1,0.02727380208671093
114,blocks.17.conv2,0.02773771993815899
114,blocks.18.conv1,0.029393572360277176
114,blocks.18.conv2,0.030371766537427902
114,blocks.19.conv1,0.028347983956336975
114,blocks.19.conv2,0.03009313903748989
114,blocks.20.conv1,0.032410360872745514
114,blocks.20.conv2,0.03522317856550217
114,blocks.21.conv1,0.04403423145413399
114,blocks.21.conv2,0.04746483638882637
114,blocks.22.conv1,0.05790438503026962
114,blocks.22.conv2,0.0652175098657608
114,blocks.23.conv1,0.07354305684566498
114,blocks.23.conv2,0.08538545668125153
114,blocks.24.conv1,0.09701436758041382
114,blocks.24.conv2,0.10585471242666245
114,blocks.25.conv1,0.120061956346035
114,blocks.25.conv2,0.13390544056892395
114,blocks.26.conv1,0.13873058557510376
114,blocks.26.conv2,0.13831168413162231
114,blocks.27.conv1,0.13930927217006683
114,blocks.27.conv2,0.14518506824970245
114,blocks.28.conv1,0.13703234493732452
114,blocks.28.conv2,0.13847020268440247
114,blocks.29.conv1,0.1371111124753952
114,blocks.29.conv2,0.12962529063224792
114,blocks.30.conv1,0.11915183812379837
114,blocks.30.conv2,0.11166474968194962
114,blocks.31.conv1,0.0953681543469429
114,blocks.31.conv2,0.06962183862924576
114,mean_conv2d_grad_norm,0.06363350600004196
115,stem.0,0.09485972672700882
115,blocks.0.conv1,0.1118379756808281
115,blocks.0.conv2,0.12652766704559326
115,blocks.1.conv1,0.1322600245475769
115,blocks.1.conv2,0.1291593313217163
115,blocks.2.conv1,0.1111634224653244
115,blocks.2.conv2,0.0946478620171547
115,blocks.3.conv1,0.07748109847307205
115,blocks.3.conv2,0.05453849583864212
115,blocks.4.conv1,0.04306326434016228
115,blocks.4.conv2,0.040793050080537796
115,blocks.5.conv1,0.035685714334249496
115,blocks.5.conv2,0.036703526973724365
115,blocks.6.conv1,0.03501174598932266
115,blocks.6.conv2,0.035649411380290985
115,blocks.7.conv1,0.032965101301670074
115,blocks.7.conv2,0.03337785229086876
115,blocks.8.conv1,0.03365669026970863
115,blocks.8.conv2,0.03352700173854828
115,blocks.9.conv1,0.03279242664575577
115,blocks.9.conv2,0.03338434174656868
115,blocks.10.conv1,0.03359854221343994
115,blocks.10.conv2,0.03370853140950203
115,blocks.11.conv1,0.034083638340234756
115,blocks.11.conv2,0.03533635288476944
115,blocks.12.conv1,0.03635939210653305
115,blocks.12.conv2,0.03824702650308609
115,blocks.13.conv1,0.0397576279938221
115,blocks.13.conv2,0.037439677864313126
115,blocks.14.conv1,0.03748149052262306
115,blocks.14.conv2,0.04233628883957863
115,blocks.15.conv1,0.03803751990199089
115,blocks.15.conv2,0.038134925067424774
115,blocks.16.conv1,0.03782806918025017
115,blocks.16.conv2,0.037779301404953
115,blocks.17.conv1,0.04013578221201897
115,blocks.17.conv2,0.04053431376814842
115,blocks.18.conv1,0.04351505637168884
115,blocks.18.conv2,0.048034969717264175
115,blocks.19.conv1,0.04731347784399986
115,blocks.19.conv2,0.044495001435279846
115,blocks.20.conv1,0.04755792394280434
115,blocks.20.conv2,0.055679526180028915
115,blocks.21.conv1,0.06606017053127289
115,blocks.21.conv2,0.07290786504745483
115,blocks.22.conv1,0.07868630439043045
115,blocks.22.conv2,0.08725067973136902
115,blocks.23.conv1,0.09738447517156601
115,blocks.23.conv2,0.10585939884185791
115,blocks.24.conv1,0.11645086109638214
115,blocks.24.conv2,0.12371830642223358
115,blocks.25.conv1,0.13509629666805267
115,blocks.25.conv2,0.15173956751823425
115,blocks.26.conv1,0.16031445562839508
115,blocks.26.conv2,0.16128936409950256
115,blocks.27.conv1,0.1646159589290619
115,blocks.27.conv2,0.16386133432388306
115,blocks.28.conv1,0.16343730688095093
115,blocks.28.conv2,0.16536244750022888
115,blocks.29.conv1,0.16246020793914795
115,blocks.29.conv2,0.1473248451948166
115,blocks.30.conv1,0.13505223393440247
115,blocks.30.conv2,0.12779414653778076
115,blocks.31.conv1,0.1051650121808052
115,blocks.31.conv2,0.07369672507047653
115,mean_conv2d_grad_norm,0.07710781739308284
116,stem.0,0.1293942779302597
116,blocks.0.conv1,0.1623338907957077
116,blocks.0.conv2,0.19559967517852783
116,blocks.1.conv1,0.20995116233825684
116,blocks.1.conv2,0.1910410374403
116,blocks.2.conv1,0.15897305309772491
116,blocks.2.conv2,0.12523069977760315
116,blocks.3.conv1,0.10044440627098083
116,blocks.3.conv2,0.06492383778095245
116,blocks.4.conv1,0.04068966954946518
116,blocks.4.conv2,0.03396156430244446
116,blocks.5.conv1,0.03165159747004509
116,blocks.5.conv2,0.03321666643023491
116,blocks.6.conv1,0.03144674748182297
116,blocks.6.conv2,0.029701273888349533
116,blocks.7.conv1,0.02995399199426174
116,blocks.7.conv2,0.030331004410982132
116,blocks.8.conv1,0.031157011166214943
116,blocks.8.conv2,0.0295180045068264
116,blocks.9.conv1,0.029582971706986427
116,blocks.9.conv2,0.029549531638622284
116,blocks.10.conv1,0.030452722683548927
116,blocks.10.conv2,0.03010011836886406
116,blocks.11.conv1,0.03096568025648594
116,blocks.11.conv2,0.03173346444964409
116,blocks.12.conv1,0.03266580030322075
116,blocks.12.conv2,0.03275671228766441
116,blocks.13.conv1,0.03474258631467819
116,blocks.13.conv2,0.034286364912986755
116,blocks.14.conv1,0.036472827196121216
116,blocks.14.conv2,0.03940088301897049
116,blocks.15.conv1,0.03685295954346657
116,blocks.15.conv2,0.037603359669446945
116,blocks.16.conv1,0.03953142091631889
116,blocks.16.conv2,0.04189404100179672
116,blocks.17.conv1,0.041530925780534744
116,blocks.17.conv2,0.04183429107069969
116,blocks.18.conv1,0.046237170696258545
116,blocks.18.conv2,0.0494648739695549
116,blocks.19.conv1,0.04801931232213974
116,blocks.19.conv2,0.048998478800058365
116,blocks.20.conv1,0.05068642273545265
116,blocks.20.conv2,0.05951432138681412
116,blocks.21.conv1,0.07227566093206406
116,blocks.21.conv2,0.08218169212341309
116,blocks.22.conv1,0.0954279974102974
116,blocks.22.conv2,0.1101812794804573
116,blocks.23.conv1,0.12276209890842438
116,blocks.23.conv2,0.13910989463329315
116,blocks.24.conv1,0.1568518579006195
116,blocks.24.conv2,0.17035019397735596
116,blocks.25.conv1,0.18428821861743927
116,blocks.25.conv2,0.19597241282463074
116,blocks.26.conv1,0.21086855232715607
116,blocks.26.conv2,0.2143372744321823
116,blocks.27.conv1,0.22168602049350739
116,blocks.27.conv2,0.2207893580198288
116,blocks.28.conv1,0.22320976853370667
116,blocks.28.conv2,0.23185117542743683
116,blocks.29.conv1,0.22762571275234222
116,blocks.29.conv2,0.21942061185836792
116,blocks.30.conv1,0.22158443927764893
116,blocks.30.conv2,0.21198976039886475
116,blocks.31.conv1,0.19071434438228607
116,blocks.31.conv2,0.15761466324329376
116,mean_conv2d_grad_norm,0.0996229200122448
117,stem.0,0.07509882748126984
117,blocks.0.conv1,0.10912991315126419
117,blocks.0.conv2,0.13158906996250153
117,blocks.1.conv1,0.14215318858623505
117,blocks.1.conv2,0.14025633037090302
117,blocks.2.conv1,0.12227996438741684
117,blocks.2.conv2,0.1014302670955658
117,blocks.3.conv1,0.0830826386809349
117,blocks.3.conv2,0.050878673791885376
117,blocks.4.conv1,0.03777517005801201
117,blocks.4.conv2,0.03322926536202431
117,blocks.5.conv1,0.03011997602880001
117,blocks.5.conv2,0.030746400356292725
117,blocks.6.conv1,0.03098216839134693
117,blocks.6.conv2,0.03070225939154625
117,blocks.7.conv1,0.03055647201836109
117,blocks.7.conv2,0.030261212959885597
117,blocks.8.conv1,0.03087390586733818
117,blocks.8.conv2,0.03015967085957527
117,blocks.9.conv1,0.02985837124288082
117,blocks.9.conv2,0.029852304607629776
117,blocks.10.conv1,0.029998688027262688
117,blocks.10.conv2,0.03009931556880474
117,blocks.11.conv1,0.030272243544459343
117,blocks.11.conv2,0.030617814511060715
117,blocks.12.conv1,0.031290940940380096
117,blocks.12.conv2,0.031404588371515274
117,blocks.13.conv1,0.03284851089119911
117,blocks.13.conv2,0.031200608238577843
117,blocks.14.conv1,0.03261173516511917
117,blocks.14.conv2,0.034465573728084564
117,blocks.15.conv1,0.03169993683695793
117,blocks.15.conv2,0.0325179286301136
117,blocks.16.conv1,0.03315219283103943
117,blocks.16.conv2,0.03275976702570915
117,blocks.17.conv1,0.03415164351463318
117,blocks.17.conv2,0.035790905356407166
117,blocks.18.conv1,0.03930211067199707
117,blocks.18.conv2,0.042232632637023926
117,blocks.19.conv1,0.03954640403389931
117,blocks.19.conv2,0.04256395995616913
117,blocks.20.conv1,0.04450339451432228
117,blocks.20.conv2,0.049811746925115585
117,blocks.21.conv1,0.05983194336295128
117,blocks.21.conv2,0.06471310555934906
117,blocks.22.conv1,0.0728122740983963
117,blocks.22.conv2,0.08246000856161118
117,blocks.23.conv1,0.09397920221090317
117,blocks.23.conv2,0.10709189623594284
117,blocks.24.conv1,0.11980695277452469
117,blocks.24.conv2,0.13364312052726746
117,blocks.25.conv1,0.15340963006019592
117,blocks.25.conv2,0.158769890666008
117,blocks.26.conv1,0.1643926501274109
117,blocks.26.conv2,0.16397929191589355
117,blocks.27.conv1,0.166219562292099
117,blocks.27.conv2,0.16171085834503174
117,blocks.28.conv1,0.15513768792152405
117,blocks.28.conv2,0.1545955091714859
117,blocks.29.conv1,0.14474189281463623
117,blocks.29.conv2,0.1378316879272461
117,blocks.30.conv1,0.1315670907497406
117,blocks.30.conv2,0.1263227015733719
117,blocks.31.conv1,0.11887098103761673
117,blocks.31.conv2,0.08669935166835785
117,mean_conv2d_grad_norm,0.07480686126420132
118,stem.0,0.09045851230621338
118,blocks.0.conv1,0.12895670533180237
118,blocks.0.conv2,0.1562955677509308
118,blocks.1.conv1,0.1628391146659851
118,blocks.1.conv2,0.1488986313343048
118,blocks.2.conv1,0.12370491772890091
118,blocks.2.conv2,0.09933142364025116
118,blocks.3.conv1,0.07472106069326401
118,blocks.3.conv2,0.047188594937324524
118,blocks.4.conv1,0.03377905488014221
118,blocks.4.conv2,0.02882336638867855
118,blocks.5.conv1,0.029390595853328705
118,blocks.5.conv2,0.028673378750681877
118,blocks.6.conv1,0.028397521004080772
118,blocks.6.conv2,0.028049368411302567
118,blocks.7.conv1,0.028494372963905334
118,blocks.7.conv2,0.028669439256191254
118,blocks.8.conv1,0.028824618086218834
118,blocks.8.conv2,0.028709225356578827
118,blocks.9.conv1,0.02862204983830452
118,blocks.9.conv2,0.029045961797237396
118,blocks.10.conv1,0.028898365795612335
118,blocks.10.conv2,0.028910288587212563
118,blocks.11.conv1,0.028914498165249825
118,blocks.11.conv2,0.028764598071575165
118,blocks.12.conv1,0.0285546462982893
118,blocks.12.conv2,0.02877086028456688
118,blocks.13.conv1,0.028063232079148293
118,blocks.13.conv2,0.029450494796037674
118,blocks.14.conv1,0.029582396149635315
118,blocks.14.conv2,0.030536379665136337
118,blocks.15.conv1,0.030416565015912056
118,blocks.15.conv2,0.03029717318713665
118,blocks.16.conv1,0.02981063351035118
118,blocks.16.conv2,0.03128138557076454
118,blocks.17.conv1,0.0301885474473238
118,blocks.17.conv2,0.0331382118165493
118,blocks.18.conv1,0.03424614667892456
118,blocks.18.conv2,0.03670140355825424
118,blocks.19.conv1,0.035244811326265335
118,blocks.19.conv2,0.038049593567848206
118,blocks.20.conv1,0.03958633542060852
118,blocks.20.conv2,0.04370585083961487
118,blocks.21.conv1,0.05224175378680229
118,blocks.21.conv2,0.059088729321956635
118,blocks.22.conv1,0.07034432142972946
118,blocks.22.conv2,0.0811920166015625
118,blocks.23.conv1,0.09175729751586914
118,blocks.23.conv2,0.10002239793539047
118,blocks.24.conv1,0.11555226892232895
118,blocks.24.conv2,0.1316724419593811
118,blocks.25.conv1,0.14194943010807037
118,blocks.25.conv2,0.15293100476264954
118,blocks.26.conv1,0.16357403993606567
118,blocks.26.conv2,0.17079533636569977
118,blocks.27.conv1,0.17243361473083496
118,blocks.27.conv2,0.1780516505241394
118,blocks.28.conv1,0.18027614057064056
118,blocks.28.conv2,0.16522787511348724
118,blocks.29.conv1,0.1530625969171524
118,blocks.29.conv2,0.15077704191207886
118,blocks.30.conv1,0.14930662512779236
118,blocks.30.conv2,0.13973116874694824
118,blocks.31.conv1,0.12218468636274338
118,blocks.31.conv2,0.08831261098384857
118,mean_conv2d_grad_norm,0.07562262997604334
119,stem.0,0.13668951392173767
119,blocks.0.conv1,0.18661187589168549
119,blocks.0.conv2,0.2262713611125946
119,blocks.1.conv1,0.2446293830871582
119,blocks.1.conv2,0.22975780069828033
119,blocks.2.conv1,0.19539432227611542
119,blocks.2.conv2,0.15687377750873566
119,blocks.3.conv1,0.11561135202646255
119,blocks.3.conv2,0.07265311479568481
119,blocks.4.conv1,0.05427129939198494
119,blocks.4.conv2,0.04515547305345535
119,blocks.5.conv1,0.04354788362979889
119,blocks.5.conv2,0.043430596590042114
119,blocks.6.conv1,0.04481201246380806
119,blocks.6.conv2,0.043025851249694824
119,blocks.7.conv1,0.04238329082727432
119,blocks.7.conv2,0.04291301220655441
119,blocks.8.conv1,0.042215604335069656
119,blocks.8.conv2,0.04186780005693436
119,blocks.9.conv1,0.04153633117675781
119,blocks.9.conv2,0.041498277336359024
119,blocks.10.conv1,0.04112732782959938
119,blocks.10.conv2,0.041632622480392456
119,blocks.11.conv1,0.04210466891527176
119,blocks.11.conv2,0.04251246899366379
119,blocks.12.conv1,0.04376506060361862
119,blocks.12.conv2,0.04656858369708061
119,blocks.13.conv1,0.04368496686220169
119,blocks.13.conv2,0.04539686068892479
119,blocks.14.conv1,0.04711642116308212
119,blocks.14.conv2,0.04700591042637825
119,blocks.15.conv1,0.045691877603530884
119,blocks.15.conv2,0.04558876156806946
119,blocks.16.conv1,0.045581597834825516
119,blocks.16.conv2,0.047317132353782654
119,blocks.17.conv1,0.04600685089826584
119,blocks.17.conv2,0.051493387669324875
119,blocks.18.conv1,0.054435767233371735
119,blocks.18.conv2,0.05734766647219658
119,blocks.19.conv1,0.054746802896261215
119,blocks.19.conv2,0.05740414187312126
119,blocks.20.conv1,0.06150365248322487
119,blocks.20.conv2,0.07184834778308868
119,blocks.21.conv1,0.07764361053705215
119,blocks.21.conv2,0.0883743092417717
119,blocks.22.conv1,0.10353419929742813
119,blocks.22.conv2,0.11800365895032883
119,blocks.23.conv1,0.13091908395290375
119,blocks.23.conv2,0.14397695660591125
119,blocks.24.conv1,0.16346389055252075
119,blocks.24.conv2,0.17642007768154144
119,blocks.25.conv1,0.20003589987754822
119,blocks.25.conv2,0.21628205478191376
119,blocks.26.conv1,0.23420237004756927
119,blocks.26.conv2,0.23604059219360352
119,blocks.27.conv1,0.23013585805892944
119,blocks.27.conv2,0.23887033760547638
119,blocks.28.conv1,0.2361907660961151
119,blocks.28.conv2,0.22479161620140076
119,blocks.29.conv1,0.2119838148355484
119,blocks.29.conv2,0.20563900470733643
119,blocks.30.conv1,0.1978016197681427
119,blocks.30.conv2,0.1878875494003296
119,blocks.31.conv1,0.15605908632278442
119,blocks.31.conv2,0.11198881268501282
119,mean_conv2d_grad_norm,0.10863501509794822
120,stem.0,0.11961489915847778
120,blocks.0.conv1,0.14834624528884888
120,blocks.0.conv2,0.18886923789978027
120,blocks.1.conv1,0.20683054625988007
120,blocks.1.conv2,0.19250306487083435
120,blocks.2.conv1,0.16817188262939453
120,blocks.2.conv2,0.1329793930053711
120,blocks.3.conv1,0.10029327869415283
120,blocks.3.conv2,0.06747832149267197
120,blocks.4.conv1,0.05318506807088852
120,blocks.4.conv2,0.04916652664542198
120,blocks.5.conv1,0.04832666367292404
120,blocks.5.conv2,0.047495946288108826
120,blocks.6.conv1,0.04887530580163002
120,blocks.6.conv2,0.04793192073702812
120,blocks.7.conv1,0.04931599646806717
120,blocks.7.conv2,0.04906405135989189
120,blocks.8.conv1,0.049005988985300064
120,blocks.8.conv2,0.04857632517814636
120,blocks.9.conv1,0.04837967827916145
120,blocks.9.conv2,0.04828711599111557
120,blocks.10.conv1,0.04829073324799538
120,blocks.10.conv2,0.0484892800450325
120,blocks.11.conv1,0.048225559294223785
120,blocks.11.conv2,0.048371005803346634
120,blocks.12.conv1,0.0475342683494091
120,blocks.12.conv2,0.04830449819564819
120,blocks.13.conv1,0.04686183109879494
120,blocks.13.conv2,0.04950934275984764
120,blocks.14.conv1,0.04989803954958916
120,blocks.14.conv2,0.04751168563961983
120,blocks.15.conv1,0.04873838648200035
120,blocks.15.conv2,0.05047135427594185
120,blocks.16.conv1,0.049875274300575256
120,blocks.16.conv2,0.05028867721557617
120,blocks.17.conv1,0.0505375936627388
120,blocks.17.conv2,0.05150206387042999
120,blocks.18.conv1,0.0553370825946331
120,blocks.18.conv2,0.056311704218387604
120,blocks.19.conv1,0.052492041140794754
120,blocks.19.conv2,0.05442991852760315
120,blocks.20.conv1,0.055684644728899
120,blocks.20.conv2,0.06207037717103958
120,blocks.21.conv1,0.07671186327934265
120,blocks.21.conv2,0.08553685992956161
120,blocks.22.conv1,0.10478624701499939
120,blocks.22.conv2,0.11448555439710617
120,blocks.23.conv1,0.1324034333229065
120,blocks.23.conv2,0.1439591646194458
120,blocks.24.conv1,0.1618892401456833
120,blocks.24.conv2,0.1785394698381424
120,blocks.25.conv1,0.19222815334796906
120,blocks.25.conv2,0.20628108084201813
120,blocks.26.conv1,0.22763124108314514
120,blocks.26.conv2,0.2396126389503479
120,blocks.27.conv1,0.2483060210943222
120,blocks.27.conv2,0.2524830102920532
120,blocks.28.conv1,0.24208790063858032
120,blocks.28.conv2,0.24808582663536072
120,blocks.29.conv1,0.23084840178489685
120,blocks.29.conv2,0.22866272926330566
120,blocks.30.conv1,0.22815944254398346
120,blocks.30.conv2,0.2043219953775406
120,blocks.31.conv1,0.17879830300807953
120,blocks.31.conv2,0.1301502138376236
120,mean_conv2d_grad_norm,0.10906771707993287
121,stem.0,0.12502925097942352
121,blocks.0.conv1,0.1667361557483673
121,blocks.0.conv2,0.17137785255908966
121,blocks.1.conv1,0.17301170527935028
121,blocks.1.conv2,0.1693306267261505
121,blocks.2.conv1,0.146658256649971
121,blocks.2.conv2,0.11915087699890137
121,blocks.3.conv1,0.08985869586467743
121,blocks.3.conv2,0.06126205623149872
121,blocks.4.conv1,0.03568815812468529
121,blocks.4.conv2,0.027652068063616753
121,blocks.5.conv1,0.026889411732554436
121,blocks.5.conv2,0.02599954977631569
121,blocks.6.conv1,0.02515813149511814
121,blocks.6.conv2,0.023444464430212975
121,blocks.7.conv1,0.023216422647237778
121,blocks.7.conv2,0.023988356813788414
121,blocks.8.conv1,0.023700285702943802
121,blocks.8.conv2,0.023190246894955635
121,blocks.9.conv1,0.022414233535528183
121,blocks.9.conv2,0.021740665659308434
121,blocks.10.conv1,0.022149834781885147
121,blocks.10.conv2,0.02252444624900818
121,blocks.11.conv1,0.022772246971726418
121,blocks.11.conv2,0.025835907086730003
121,blocks.12.conv1,0.025726988911628723
121,blocks.12.conv2,0.02808535471558571
121,blocks.13.conv1,0.02778177335858345
121,blocks.13.conv2,0.026844242587685585
121,blocks.14.conv1,0.03150682896375656
121,blocks.14.conv2,0.028590872883796692
121,blocks.15.conv1,0.027798404917120934
121,blocks.15.conv2,0.02967047691345215
121,blocks.16.conv1,0.030125319957733154
121,blocks.16.conv2,0.030712809413671494
121,blocks.17.conv1,0.031631939113140106
121,blocks.17.conv2,0.0321367047727108
121,blocks.18.conv1,0.040149934589862823
121,blocks.18.conv2,0.04570526257157326
121,blocks.19.conv1,0.04120423272252083
121,blocks.19.conv2,0.043771371245384216
121,blocks.20.conv1,0.051591966301202774
121,blocks.20.conv2,0.057425606995821
121,blocks.21.conv1,0.06911946833133698
121,blocks.21.conv2,0.07985919713973999
121,blocks.22.conv1,0.10017193108797073
121,blocks.22.conv2,0.113449327647686
121,blocks.23.conv1,0.12716548144817352
121,blocks.23.conv2,0.13304086029529572
121,blocks.24.conv1,0.14971159398555756
121,blocks.24.conv2,0.15922647714614868
121,blocks.25.conv1,0.16866260766983032
121,blocks.25.conv2,0.1817602962255478
121,blocks.26.conv1,0.1957608014345169
121,blocks.26.conv2,0.20653587579727173
121,blocks.27.conv1,0.20052048563957214
121,blocks.27.conv2,0.20129193365573883
121,blocks.28.conv1,0.20923154056072235
121,blocks.28.conv2,0.20346762239933014
121,blocks.29.conv1,0.194131001830101
121,blocks.29.conv2,0.1842169314622879
121,blocks.30.conv1,0.1789092868566513
121,blocks.30.conv2,0.1626414954662323
121,blocks.31.conv1,0.13910262286663055
121,blocks.31.conv2,0.10282215476036072
121,mean_conv2d_grad_norm,0.08784675371761505
122,stem.0,0.17544260621070862
122,blocks.0.conv1,0.18218539655208588
122,blocks.0.conv2,0.21294808387756348
122,blocks.1.conv1,0.23663508892059326
122,blocks.1.conv2,0.2395174354314804
122,blocks.2.conv1,0.20415784418582916
122,blocks.2.conv2,0.17633210122585297
122,blocks.3.conv1,0.12769438326358795
122,blocks.3.conv2,0.08992172032594681
122,blocks.4.conv1,0.05936307832598686
122,blocks.4.conv2,0.04700359329581261
122,blocks.5.conv1,0.04429201781749725
122,blocks.5.conv2,0.04356813430786133
122,blocks.6.conv1,0.04506884515285492
122,blocks.6.conv2,0.0402909517288208
122,blocks.7.conv1,0.04019347205758095
122,blocks.7.conv2,0.04011639207601547
122,blocks.8.conv1,0.0410323329269886
122,blocks.8.conv2,0.0400475449860096
122,blocks.9.conv1,0.038646601140499115
122,blocks.9.conv2,0.03895224258303642
122,blocks.10.conv1,0.03923983871936798
122,blocks.10.conv2,0.03976363316178322
122,blocks.11.conv1,0.04080567881464958
122,blocks.11.conv2,0.043494801968336105
122,blocks.12.conv1,0.044492434710264206
122,blocks.12.conv2,0.04743073880672455
122,blocks.13.conv1,0.04716048762202263
122,blocks.13.conv2,0.044744040817022324
122,blocks.14.conv1,0.05191662162542343
122,blocks.14.conv2,0.049797724932432175
122,blocks.15.conv1,0.048358820378780365
122,blocks.15.conv2,0.04877382516860962
122,blocks.16.conv1,0.04863490164279938
122,blocks.16.conv2,0.051335304975509644
122,blocks.17.conv1,0.05304384231567383
122,blocks.17.conv2,0.05477147549390793
122,blocks.18.conv1,0.06095178797841072
122,blocks.18.conv2,0.06715811789035797
122,blocks.19.conv1,0.062424708157777786
122,blocks.19.conv2,0.07023699581623077
122,blocks.20.conv1,0.07196986675262451
122,blocks.20.conv2,0.0809299424290657
122,blocks.21.conv1,0.10163190960884094
122,blocks.21.conv2,0.11474285274744034
122,blocks.22.conv1,0.132219597697258
122,blocks.22.conv2,0.1482236534357071
122,blocks.23.conv1,0.16440387070178986
122,blocks.23.conv2,0.17789027094841003
122,blocks.24.conv1,0.19611063599586487
122,blocks.24.conv2,0.2236352413892746
122,blocks.25.conv1,0.23582172393798828
122,blocks.25.conv2,0.2509341537952423
122,blocks.26.conv1,0.26018717885017395
122,blocks.26.conv2,0.26914265751838684
122,blocks.27.conv1,0.26601219177246094
122,blocks.27.conv2,0.26324981451034546
122,blocks.28.conv1,0.24519608914852142
122,blocks.28.conv2,0.24779443442821503
122,blocks.29.conv1,0.24163185060024261
122,blocks.29.conv2,0.22998136281967163
122,blocks.30.conv1,0.20144794881343842
122,blocks.30.conv2,0.1779411882162094
122,blocks.31.conv1,0.1450582891702652
122,blocks.31.conv2,0.09338517487049103
122,mean_conv2d_grad_norm,0.11873057765456346
123,stem.0,0.08810759335756302
123,blocks.0.conv1,0.11414862424135208
123,blocks.0.conv2,0.1292116940021515
123,blocks.1.conv1,0.14435839653015137
123,blocks.1.conv2,0.14221014082431793
123,blocks.2.conv1,0.12418266385793686
123,blocks.2.conv2,0.10503309220075607
123,blocks.3.conv1,0.07286117225885391
123,blocks.3.conv2,0.04398530349135399
123,blocks.4.conv1,0.029940607026219368
123,blocks.4.conv2,0.024658340960741043
123,blocks.5.conv1,0.0218905508518219
123,blocks.5.conv2,0.021784285083413124
123,blocks.6.conv1,0.021087992936372757
123,blocks.6.conv2,0.019574373960494995
123,blocks.7.conv1,0.018865393474698067
123,blocks.7.conv2,0.01893489621579647
123,blocks.8.conv1,0.019367339089512825
123,blocks.8.conv2,0.01925070211291313
123,blocks.9.conv1,0.018283318728208542
123,blocks.9.conv2,0.018025852739810944
123,blocks.10.conv1,0.018221566453576088
123,blocks.10.conv2,0.018780678510665894
123,blocks.11.conv1,0.018505290150642395
123,blocks.11.conv2,0.02032698504626751
123,blocks.12.conv1,0.019651388749480247
123,blocks.12.conv2,0.02121834084391594
123,blocks.13.conv1,0.021337362006306648
123,blocks.13.conv2,0.020791346207261086
123,blocks.14.conv1,0.02208276465535164
123,blocks.14.conv2,0.02344748191535473
123,blocks.15.conv1,0.02190938964486122
123,blocks.15.conv2,0.021603276953101158
123,blocks.16.conv1,0.022626826539635658
123,blocks.16.conv2,0.024368079379200935
123,blocks.17.conv1,0.025092197582125664
123,blocks.17.conv2,0.024018121883273125
123,blocks.18.conv1,0.02688431926071644
123,blocks.18.conv2,0.03284889832139015
123,blocks.19.conv1,0.03058386594057083
123,blocks.19.conv2,0.033804722130298615
123,blocks.20.conv1,0.03671609237790108
123,blocks.20.conv2,0.04451529681682587
123,blocks.21.conv1,0.056392207741737366
123,blocks.21.conv2,0.06637097150087357
123,blocks.22.conv1,0.0740727111697197
123,blocks.22.conv2,0.08721596002578735
123,blocks.23.conv1,0.10006629675626755
123,blocks.23.conv2,0.10985436290502548
123,blocks.24.conv1,0.11894195526838303
123,blocks.24.conv2,0.13614310324192047
123,blocks.25.conv1,0.14918701350688934
123,blocks.25.conv2,0.16227330267429352
123,blocks.26.conv1,0.1762441098690033
123,blocks.26.conv2,0.17764686048030853
123,blocks.27.conv1,0.17313839495182037
123,blocks.27.conv2,0.1710888147354126
123,blocks.28.conv1,0.16735108196735382
123,blocks.28.conv2,0.16635683178901672
123,blocks.29.conv1,0.15769733488559723
123,blocks.29.conv2,0.15647077560424805
123,blocks.30.conv1,0.1526310294866562
123,blocks.30.conv2,0.1466311365365982
123,blocks.31.conv1,0.12701618671417236
123,blocks.31.conv2,0.09448440372943878
123,mean_conv2d_grad_norm,0.07219033032082595
124,stem.0,0.09579578787088394
124,blocks.0.conv1,0.1241571456193924
124,blocks.0.conv2,0.15266095101833344
124,blocks.1.conv1,0.16744060814380646
124,blocks.1.conv2,0.1610116958618164
124,blocks.2.conv1,0.13812047243118286
124,blocks.2.conv2,0.1110226958990097
124,blocks.3.conv1,0.08292184770107269
124,blocks.3.conv2,0.04877052456140518
124,blocks.4.conv1,0.03088880144059658
124,blocks.4.conv2,0.023348432034254074
124,blocks.5.conv1,0.021400554105639458
124,blocks.5.conv2,0.02154887467622757
124,blocks.6.conv1,0.020595235750079155
124,blocks.6.conv2,0.019994085654616356
124,blocks.7.conv1,0.018874891102313995
124,blocks.7.conv2,0.01869291253387928
124,blocks.8.conv1,0.018743840977549553
124,blocks.8.conv2,0.019280491396784782
124,blocks.9.conv1,0.018809406086802483
124,blocks.9.conv2,0.018245704472064972
124,blocks.10.conv1,0.018520377576351166
124,blocks.10.conv2,0.018382489681243896
124,blocks.11.conv1,0.01838890090584755
124,blocks.11.conv2,0.019796978682279587
124,blocks.12.conv1,0.02032102458178997
124,blocks.12.conv2,0.021930495277047157
124,blocks.13.conv1,0.02242707647383213
124,blocks.13.conv2,0.022197891026735306
124,blocks.14.conv1,0.023784220218658447
124,blocks.14.conv2,0.02569028176367283
124,blocks.15.conv1,0.0239336509257555
124,blocks.15.conv2,0.023721208795905113
124,blocks.16.conv1,0.023349009454250336
124,blocks.16.conv2,0.025351326912641525
124,blocks.17.conv1,0.027152039110660553
124,blocks.17.conv2,0.0293488297611475
124,blocks.18.conv1,0.033659543842077255
124,blocks.18.conv2,0.03630882874131203
124,blocks.19.conv1,0.03542158007621765
124,blocks.19.conv2,0.033376507461071014
124,blocks.20.conv1,0.04146052896976471
124,blocks.20.conv2,0.04810740053653717
124,blocks.21.conv1,0.059602197259664536
124,blocks.21.conv2,0.07039335370063782
124,blocks.22.conv1,0.08187088370323181
124,blocks.22.conv2,0.09192731976509094
124,blocks.23.conv1,0.1002705842256546
124,blocks.23.conv2,0.11009818315505981
124,blocks.24.conv1,0.12243788689374924
124,blocks.24.conv2,0.14212185144424438
124,blocks.25.conv1,0.15486544370651245
124,blocks.25.conv2,0.1727902740240097
124,blocks.26.conv1,0.17858488857746124
124,blocks.26.conv2,0.18112272024154663
124,blocks.27.conv1,0.1813933253288269
124,blocks.27.conv2,0.18825110793113708
124,blocks.28.conv1,0.18556350469589233
124,blocks.28.conv2,0.1856963038444519
124,blocks.29.conv1,0.17865175008773804
124,blocks.29.conv2,0.16509082913398743
124,blocks.30.conv1,0.16799810528755188
124,blocks.30.conv2,0.15514586865901947
124,blocks.31.conv1,0.12556420266628265
124,blocks.31.conv2,0.0889880508184433
124,mean_conv2d_grad_norm,0.0771289813117339
125,stem.0,0.06431682407855988
125,blocks.0.conv1,0.09565655142068863
125,blocks.0.conv2,0.12095907330513
125,blocks.1.conv1,0.12546488642692566
125,blocks.1.conv2,0.11952756345272064
125,blocks.2.conv1,0.1074821799993515
125,blocks.2.conv2,0.08719634264707565
125,blocks.3.conv1,0.0611630417406559
125,blocks.3.conv2,0.03916047886013985
125,blocks.4.conv1,0.02881203219294548
125,blocks.4.conv2,0.023393305018544197
125,blocks.5.conv1,0.02545105665922165
125,blocks.5.conv2,0.025198308750987053
125,blocks.6.conv1,0.025318961590528488
125,blocks.6.conv2,0.025346696376800537
125,blocks.7.conv1,0.025764137506484985
125,blocks.7.conv2,0.025539670139551163
125,blocks.8.conv1,0.025431454181671143
125,blocks.8.conv2,0.025616437196731567
125,blocks.9.conv1,0.02591138891875744
125,blocks.9.conv2,0.025445252656936646
125,blocks.10.conv1,0.02532353065907955
125,blocks.10.conv2,0.025467369705438614
125,blocks.11.conv1,0.0250263474881649
125,blocks.11.conv2,0.025516463443636894
125,blocks.12.conv1,0.024574967101216316
125,blocks.12.conv2,0.024190345779061317
125,blocks.13.conv1,0.024069584906101227
125,blocks.13.conv2,0.02445860579609871
125,blocks.14.conv1,0.025924675166606903
125,blocks.14.conv2,0.024970149621367455
125,blocks.15.conv1,0.02451373264193535
125,blocks.15.conv2,0.025170810520648956
125,blocks.16.conv1,0.024887267500162125
125,blocks.16.conv2,0.02604988031089306
125,blocks.17.conv1,0.02617257460951805
125,blocks.17.conv2,0.02644212916493416
125,blocks.18.conv1,0.028356479480862617
125,blocks.18.conv2,0.03162837773561478
125,blocks.19.conv1,0.02884429693222046
125,blocks.19.conv2,0.03086068667471409
125,blocks.20.conv1,0.0324304960668087
125,blocks.20.conv2,0.03929518535733223
125,blocks.21.conv1,0.04403604194521904
125,blocks.21.conv2,0.04993622750043869
125,blocks.22.conv1,0.05391538143157959
125,blocks.22.conv2,0.06309417635202408
125,blocks.23.conv1,0.07243898510932922
125,blocks.23.conv2,0.08127308636903763
125,blocks.24.conv1,0.09909112751483917
125,blocks.24.conv2,0.11150481551885605
125,blocks.25.conv1,0.12060604244470596
125,blocks.25.conv2,0.1336785852909088
125,blocks.26.conv1,0.13493552803993225
125,blocks.26.conv2,0.13810884952545166
125,blocks.27.conv1,0.1408717781305313
125,blocks.27.conv2,0.14335307478904724
125,blocks.28.conv1,0.14253337681293488
125,blocks.28.conv2,0.1414107382297516
125,blocks.29.conv1,0.13420908153057098
125,blocks.29.conv2,0.12314252555370331
125,blocks.30.conv1,0.1161518320441246
125,blocks.30.conv2,0.10111373662948608
125,blocks.31.conv1,0.08565889298915863
125,blocks.31.conv2,0.0605580098927021
125,mean_conv2d_grad_norm,0.061753099898879345
126,stem.0,0.14515358209609985
126,blocks.0.conv1,0.17128145694732666
126,blocks.0.conv2,0.20711305737495422
126,blocks.1.conv1,0.21034935116767883
126,blocks.1.conv2,0.20206262171268463
126,blocks.2.conv1,0.1760464310646057
126,blocks.2.conv2,0.14520364999771118
126,blocks.3.conv1,0.10826558619737625
126,blocks.3.conv2,0.07274464517831802
126,blocks.4.conv1,0.04938127472996712
126,blocks.4.conv2,0.03816148266196251
126,blocks.5.conv1,0.039817262440919876
126,blocks.5.conv2,0.04009147360920906
126,blocks.6.conv1,0.03711428865790367
126,blocks.6.conv2,0.036150943487882614
126,blocks.7.conv1,0.03438984230160713
126,blocks.7.conv2,0.034401245415210724
126,blocks.8.conv1,0.03458505496382713
126,blocks.8.conv2,0.03374369814991951
126,blocks.9.conv1,0.03295820578932762
126,blocks.9.conv2,0.032315660268068314
126,blocks.10.conv1,0.03273830562829971
126,blocks.10.conv2,0.03372909128665924
126,blocks.11.conv1,0.0340656042098999
126,blocks.11.conv2,0.03823193535208702
126,blocks.12.conv1,0.03770008683204651
126,blocks.12.conv2,0.0401722751557827
126,blocks.13.conv1,0.03987580165266991
126,blocks.13.conv2,0.039799369871616364
126,blocks.14.conv1,0.04383372142910957
126,blocks.14.conv2,0.04402931407094002
126,blocks.15.conv1,0.04097699373960495
126,blocks.15.conv2,0.043060947209596634
126,blocks.16.conv1,0.044224999845027924
126,blocks.16.conv2,0.04642539843916893
126,blocks.17.conv1,0.04559510946273804
126,blocks.17.conv2,0.043763622641563416
126,blocks.18.conv1,0.050425413995981216
126,blocks.18.conv2,0.05450126901268959
126,blocks.19.conv1,0.05034811422228813
126,blocks.19.conv2,0.052701108157634735
126,blocks.20.conv1,0.05884631723165512
126,blocks.20.conv2,0.06354014575481415
126,blocks.21.conv1,0.07655643671751022
126,blocks.21.conv2,0.08921249955892563
126,blocks.22.conv1,0.10094378888607025
126,blocks.22.conv2,0.11631495505571365
126,blocks.23.conv1,0.12866312265396118
126,blocks.23.conv2,0.13508494198322296
126,blocks.24.conv1,0.15674838423728943
126,blocks.24.conv2,0.17870505154132843
126,blocks.25.conv1,0.19316785037517548
126,blocks.25.conv2,0.2146698385477066
126,blocks.26.conv1,0.22016963362693787
126,blocks.26.conv2,0.2293524593114853
126,blocks.27.conv1,0.22989073395729065
126,blocks.27.conv2,0.2355487048625946
126,blocks.28.conv1,0.24587203562259674
126,blocks.28.conv2,0.23557625710964203
126,blocks.29.conv1,0.22929491102695465
126,blocks.29.conv2,0.21982045471668243
126,blocks.30.conv1,0.2021941989660263
126,blocks.30.conv2,0.1883964091539383
126,blocks.31.conv1,0.17082172632217407
126,blocks.31.conv2,0.12221044301986694
126,mean_conv2d_grad_norm,0.10429431687180812
127,stem.0,0.1065111830830574
127,blocks.0.conv1,0.16138912737369537
127,blocks.0.conv2,0.19782696664333344
127,blocks.1.conv1,0.21612955629825592
127,blocks.1.conv2,0.2083628624677658
127,blocks.2.conv1,0.18066491186618805
127,blocks.2.conv2,0.14840570092201233
127,blocks.3.conv1,0.1021161749958992
127,blocks.3.conv2,0.06326303631067276
127,blocks.4.conv1,0.0461992546916008
127,blocks.4.conv2,0.038437388837337494
127,blocks.5.conv1,0.036632973700761795
127,blocks.5.conv2,0.03900573030114174
127,blocks.6.conv1,0.03614235296845436
127,blocks.6.conv2,0.03631230443716049
127,blocks.7.conv1,0.034668538719415665
127,blocks.7.conv2,0.03491201624274254
127,blocks.8.conv1,0.0344395637512207
127,blocks.8.conv2,0.03425777703523636
127,blocks.9.conv1,0.033331144601106644
127,blocks.9.conv2,0.03354702517390251
127,blocks.10.conv1,0.03371869772672653
127,blocks.10.conv2,0.034070584923028946
127,blocks.11.conv1,0.034417327493429184
127,blocks.11.conv2,0.035942766815423965
127,blocks.12.conv1,0.03658426180481911
127,blocks.12.conv2,0.03860554099082947
127,blocks.13.conv1,0.04019271209836006
127,blocks.13.conv2,0.039660122245550156
127,blocks.14.conv1,0.0398356094956398
127,blocks.14.conv2,0.04389483854174614
127,blocks.15.conv1,0.03912408649921417
127,blocks.15.conv2,0.04022422805428505
127,blocks.16.conv1,0.04278688505291939
127,blocks.16.conv2,0.043402012437582016
127,blocks.17.conv1,0.04234079271554947
127,blocks.17.conv2,0.04204593226313591
127,blocks.18.conv1,0.0464417040348053
127,blocks.18.conv2,0.05002050846815109
127,blocks.19.conv1,0.04990613833069801
127,blocks.19.conv2,0.05144019052386284
127,blocks.20.conv1,0.05292540416121483
127,blocks.20.conv2,0.06026318296790123
127,blocks.21.conv1,0.07025286555290222
127,blocks.21.conv2,0.0801471620798111
127,blocks.22.conv1,0.09367655962705612
127,blocks.22.conv2,0.11071863025426865
127,blocks.23.conv1,0.12598757445812225
127,blocks.23.conv2,0.13758772611618042
127,blocks.24.conv1,0.15096870064735413
127,blocks.24.conv2,0.16776208579540253
127,blocks.25.conv1,0.1871798038482666
127,blocks.25.conv2,0.20627941191196442
127,blocks.26.conv1,0.21773605048656464
127,blocks.26.conv2,0.22273118793964386
127,blocks.27.conv1,0.22962599992752075
127,blocks.27.conv2,0.2371557056903839
127,blocks.28.conv1,0.2341212034225464
127,blocks.28.conv2,0.23623144626617432
127,blocks.29.conv1,0.2220764011144638
127,blocks.29.conv2,0.21862393617630005
127,blocks.30.conv1,0.20630745589733124
127,blocks.30.conv2,0.18822383880615234
127,blocks.31.conv1,0.16504885256290436
127,blocks.31.conv2,0.1253638118505478
127,mean_conv2d_grad_norm,0.10144931582304148
128,stem.0,0.10666674375534058
128,blocks.0.conv1,0.11329825967550278
128,blocks.0.conv2,0.14608295261859894
128,blocks.1.conv1,0.15629735589027405
128,blocks.1.conv2,0.15345530211925507
128,blocks.2.conv1,0.14031225442886353
128,blocks.2.conv2,0.11730486899614334
128,blocks.3.conv1,0.08805347979068756
128,blocks.3.conv2,0.057099297642707825
128,blocks.4.conv1,0.03654332086443901
128,blocks.4.conv2,0.027896417304873466
128,blocks.5.conv1,0.02543574571609497
128,blocks.5.conv2,0.024387124925851822
128,blocks.6.conv1,0.02355255000293255
128,blocks.6.conv2,0.02167971432209015
128,blocks.7.conv1,0.02097548544406891
128,blocks.7.conv2,0.02136346697807312
128,blocks.8.conv1,0.02067369595170021
128,blocks.8.conv2,0.021894546225667
128,blocks.9.conv1,0.02007763832807541
128,blocks.9.conv2,0.019947566092014313
128,blocks.10.conv1,0.0203326977789402
128,blocks.10.conv2,0.02086343616247177
128,blocks.11.conv1,0.020520010963082314
128,blocks.11.conv2,0.022885050624608994
128,blocks.12.conv1,0.0220081377774477
128,blocks.12.conv2,0.024988114833831787
128,blocks.13.conv1,0.023585842922329903
128,blocks.13.conv2,0.023745644837617874
128,blocks.14.conv1,0.026268882676959038
128,blocks.14.conv2,0.027314601466059685
128,blocks.15.conv1,0.02538895234465599
128,blocks.15.conv2,0.02744065225124359
128,blocks.16.conv1,0.02624409645795822
128,blocks.16.conv2,0.028431298211216927
128,blocks.17.conv1,0.028942544013261795
128,blocks.17.conv2,0.029623234644532204
128,blocks.18.conv1,0.03587643802165985
128,blocks.18.conv2,0.03933367878198624
128,blocks.19.conv1,0.03734317794442177
128,blocks.19.conv2,0.0401306077837944
128,blocks.20.conv1,0.04654759541153908
128,blocks.20.conv2,0.055003248155117035
128,blocks.21.conv1,0.07046700268983841
128,blocks.21.conv2,0.07264005392789841
128,blocks.22.conv1,0.08517862856388092
128,blocks.22.conv2,0.09718409180641174
128,blocks.23.conv1,0.110905721783638
128,blocks.23.conv2,0.12304321676492691
128,blocks.24.conv1,0.13533234596252441
128,blocks.24.conv2,0.1517629623413086
128,blocks.25.conv1,0.16626599431037903
128,blocks.25.conv2,0.18068964779376984
128,blocks.26.conv1,0.19243916869163513
128,blocks.26.conv2,0.1878816783428192
128,blocks.27.conv1,0.1943937987089157
128,blocks.27.conv2,0.19865086674690247
128,blocks.28.conv1,0.2016526609659195
128,blocks.28.conv2,0.20485088229179382
128,blocks.29.conv1,0.19610725343227386
128,blocks.29.conv2,0.17913921177387238
128,blocks.30.conv1,0.1811956912279129
128,blocks.30.conv2,0.1713997721672058
128,blocks.31.conv1,0.13898204267024994
128,blocks.31.conv2,0.10188189148902893
128,mean_conv2d_grad_norm,0.08242862023986303
129,stem.0,0.11773661524057388
129,blocks.0.conv1,0.17573830485343933
129,blocks.0.conv2,0.2174566239118576
129,blocks.1.conv1,0.22813533246517181
129,blocks.1.conv2,0.23244675993919373
129,blocks.2.conv1,0.18572314083576202
129,blocks.2.conv2,0.1520930677652359
129,blocks.3.conv1,0.11641755700111389
129,blocks.3.conv2,0.07282635569572449
129,blocks.4.conv1,0.052351534366607666
129,blocks.4.conv2,0.04020737484097481
129,blocks.5.conv1,0.03667692840099335
129,blocks.5.conv2,0.03754052892327309
129,blocks.6.conv1,0.03752690181136131
129,blocks.6.conv2,0.035355180501937866
129,blocks.7.conv1,0.034021247178316116
129,blocks.7.conv2,0.03392741456627846
129,blocks.8.conv1,0.033759765326976776
129,blocks.8.conv2,0.032961875200271606
129,blocks.9.conv1,0.033215466886758804
129,blocks.9.conv2,0.03237719088792801
129,blocks.10.conv1,0.03300682082772255
129,blocks.10.conv2,0.03282671794295311
129,blocks.11.conv1,0.03378043323755264
129,blocks.11.conv2,0.03561624139547348
129,blocks.12.conv1,0.03802945092320442
129,blocks.12.conv2,0.041985414922237396
129,blocks.13.conv1,0.03846482187509537
129,blocks.13.conv2,0.040049221366643906
129,blocks.14.conv1,0.04246385395526886
129,blocks.14.conv2,0.04175891354680061
129,blocks.15.conv1,0.03971876576542854
129,blocks.15.conv2,0.04058291018009186
129,blocks.16.conv1,0.041570451110601425
129,blocks.16.conv2,0.045000966638326645
129,blocks.17.conv1,0.043787822127342224
129,blocks.17.conv2,0.04547790810465813
129,blocks.18.conv1,0.05119151994585991
129,blocks.18.conv2,0.05577658861875534
129,blocks.19.conv1,0.050870463252067566
129,blocks.19.conv2,0.05099138990044594
129,blocks.20.conv1,0.05754512548446655
129,blocks.20.conv2,0.06930460780858994
129,blocks.21.conv1,0.08156801760196686
129,blocks.21.conv2,0.08815883845090866
129,blocks.22.conv1,0.10144494473934174
129,blocks.22.conv2,0.11343011260032654
129,blocks.23.conv1,0.12774652242660522
129,blocks.23.conv2,0.13720066845417023
129,blocks.24.conv1,0.15880142152309418
129,blocks.24.conv2,0.17105960845947266
129,blocks.25.conv1,0.1855885237455368
129,blocks.25.conv2,0.1995246708393097
129,blocks.26.conv1,0.2075926512479782
129,blocks.26.conv2,0.20878805220127106
129,blocks.27.conv1,0.2052517980337143
129,blocks.27.conv2,0.20161834359169006
129,blocks.28.conv1,0.19335311651229858
129,blocks.28.conv2,0.1998961865901947
129,blocks.29.conv1,0.19131533801555634
129,blocks.29.conv2,0.1860177218914032
129,blocks.30.conv1,0.17244043946266174
129,blocks.30.conv2,0.15616080164909363
129,blocks.31.conv1,0.12861007452011108
129,blocks.31.conv2,0.09260435402393341
129,mean_conv2d_grad_norm,0.0987148889555381
130,stem.0,0.10098719596862793
130,blocks.0.conv1,0.15626171231269836
130,blocks.0.conv2,0.19368870556354523
130,blocks.1.conv1,0.20783373713493347
130,blocks.1.conv2,0.20951658487319946
130,blocks.2.conv1,0.18055766820907593
130,blocks.2.conv2,0.15181267261505127
130,blocks.3.conv1,0.12665913999080658
130,blocks.3.conv2,0.08924741297960281
130,blocks.4.conv1,0.07726547867059708
130,blocks.4.conv2,0.07259748131036758
130,blocks.5.conv1,0.07260822504758835
130,blocks.5.conv2,0.07209400087594986
130,blocks.6.conv1,0.07312614470720291
130,blocks.6.conv2,0.0722084566950798
130,blocks.7.conv1,0.07397036999464035
130,blocks.7.conv2,0.07374582439661026
130,blocks.8.conv1,0.0740930587053299
130,blocks.8.conv2,0.07313621789216995
130,blocks.9.conv1,0.07348959892988205
130,blocks.9.conv2,0.07340118288993835
130,blocks.10.conv1,0.07332586497068405
130,blocks.10.conv2,0.07318631559610367
130,blocks.11.conv1,0.07299439609050751
130,blocks.11.conv2,0.07196766883134842
130,blocks.12.conv1,0.07156515121459961
130,blocks.12.conv2,0.06953034549951553
130,blocks.13.conv1,0.06977152824401855
130,blocks.13.conv2,0.07210641354322433
130,blocks.14.conv1,0.07077192515134811
130,blocks.14.conv2,0.06983521580696106
130,blocks.15.conv1,0.07008732110261917
130,blocks.15.conv2,0.07045170664787292
130,blocks.16.conv1,0.07072873413562775
130,blocks.16.conv2,0.07010537385940552
130,blocks.17.conv1,0.06969371438026428
130,blocks.17.conv2,0.07170622795820236
130,blocks.18.conv1,0.07233696430921555
130,blocks.18.conv2,0.07488160580396652
130,blocks.19.conv1,0.07377560436725616
130,blocks.19.conv2,0.07424909621477127
130,blocks.20.conv1,0.07330667227506638
130,blocks.20.conv2,0.07641381770372391
130,blocks.21.conv1,0.08830999583005905
130,blocks.21.conv2,0.0926172137260437
130,blocks.22.conv1,0.09965253621339798
130,blocks.22.conv2,0.10994590073823929
130,blocks.23.conv1,0.1235935240983963
130,blocks.23.conv2,0.13524745404720306
130,blocks.24.conv1,0.15211491286754608
130,blocks.24.conv2,0.16987073421478271
130,blocks.25.conv1,0.18414020538330078
130,blocks.25.conv2,0.20598281919956207
130,blocks.26.conv1,0.22413994371891022
130,blocks.26.conv2,0.22826319932937622
130,blocks.27.conv1,0.22280144691467285
130,blocks.27.conv2,0.22874540090560913
130,blocks.28.conv1,0.2257383167743683
130,blocks.28.conv2,0.23495721817016602
130,blocks.29.conv1,0.21391749382019043
130,blocks.29.conv2,0.2176584154367447
130,blocks.30.conv1,0.19660653173923492
130,blocks.30.conv2,0.18698355555534363
130,blocks.31.conv1,0.1495591253042221
130,blocks.31.conv2,0.10257530212402344
130,mean_conv2d_grad_norm,0.11806944276277835
131,stem.0,0.08457937836647034
131,blocks.0.conv1,0.10802328586578369
131,blocks.0.conv2,0.12671564519405365
131,blocks.1.conv1,0.12948381900787354
131,blocks.1.conv2,0.13059593737125397
131,blocks.2.conv1,0.11806870996952057
131,blocks.2.conv2,0.09998412430286407
131,blocks.3.conv1,0.07653982937335968
131,blocks.3.conv2,0.05086659640073776
131,blocks.4.conv1,0.03781236708164215
131,blocks.4.conv2,0.027538783848285675
131,blocks.5.conv1,0.02605104073882103
131,blocks.5.conv2,0.02622215636074543
131,blocks.6.conv1,0.027270158752799034
131,blocks.6.conv2,0.023983407765626907
131,blocks.7.conv1,0.02399817295372486
131,blocks.7.conv2,0.02418861724436283
131,blocks.8.conv1,0.024209510535001755
131,blocks.8.conv2,0.02236931584775448
131,blocks.9.conv1,0.022487904876470566
131,blocks.9.conv2,0.02212335728108883
131,blocks.10.conv1,0.022801684215664864
131,blocks.10.conv2,0.022965993732213974
131,blocks.11.conv1,0.024979377165436745
131,blocks.11.conv2,0.026885604485869408
131,blocks.12.conv1,0.029308948665857315
131,blocks.12.conv2,0.030491184443235397
131,blocks.13.conv1,0.029204832389950752
131,blocks.13.conv2,0.0287749283015728
131,blocks.14.conv1,0.03435734659433365
131,blocks.14.conv2,0.031016189604997635
131,blocks.15.conv1,0.03033449687063694
131,blocks.15.conv2,0.03194693103432655
131,blocks.16.conv1,0.03250133618712425
131,blocks.16.conv2,0.034028295427560806
131,blocks.17.conv1,0.03333805873990059
131,blocks.17.conv2,0.03445816412568092
131,blocks.18.conv1,0.04191141203045845
131,blocks.18.conv2,0.04854784533381462
131,blocks.19.conv1,0.04222525283694267
131,blocks.19.conv2,0.0480773001909256
131,blocks.20.conv1,0.047305356711149216
131,blocks.20.conv2,0.05247582122683525
131,blocks.21.conv1,0.06467010080814362
131,blocks.21.conv2,0.06637029349803925
131,blocks.22.conv1,0.07483720034360886
131,blocks.22.conv2,0.08522158861160278
131,blocks.23.conv1,0.09423594921827316
131,blocks.23.conv2,0.10186754167079926
131,blocks.24.conv1,0.1129063218832016
131,blocks.24.conv2,0.12697024643421173
131,blocks.25.conv1,0.14074380695819855
131,blocks.25.conv2,0.15383678674697876
131,blocks.26.conv1,0.16002504527568817
131,blocks.26.conv2,0.15829767286777496
131,blocks.27.conv1,0.16144926846027374
131,blocks.27.conv2,0.16621968150138855
131,blocks.28.conv1,0.15944135189056396
131,blocks.28.conv2,0.15846557915210724
131,blocks.29.conv1,0.15262369811534882
131,blocks.29.conv2,0.15394477546215057
131,blocks.30.conv1,0.14159101247787476
131,blocks.30.conv2,0.12075724452733994
131,blocks.31.conv1,0.10449322313070297
131,blocks.31.conv2,0.06836837530136108
131,mean_conv2d_grad_norm,0.07259054221212864
132,stem.0,0.16679254174232483
132,blocks.0.conv1,0.1729232668876648
132,blocks.0.conv2,0.20382189750671387
132,blocks.1.conv1,0.22738948464393616
132,blocks.1.conv2,0.23116230964660645
132,blocks.2.conv1,0.19945670664310455
132,blocks.2.conv2,0.16749364137649536
132,blocks.3.conv1,0.1198914423584938
132,blocks.3.conv2,0.07179509103298187
132,blocks.4.conv1,0.05165509134531021
132,blocks.4.conv2,0.038839615881443024
132,blocks.5.conv1,0.03955298289656639
132,blocks.5.conv2,0.038200780749320984
132,blocks.6.conv1,0.03757021948695183
132,blocks.6.conv2,0.035138990730047226
132,blocks.7.conv1,0.03569851815700531
132,blocks.7.conv2,0.035700395703315735
132,blocks.8.conv1,0.036102164536714554
132,blocks.8.conv2,0.0366319976747036
132,blocks.9.conv1,0.03571966663002968
132,blocks.9.conv2,0.03532934561371803
132,blocks.10.conv1,0.036005448549985886
132,blocks.10.conv2,0.03637809678912163
132,blocks.11.conv1,0.03677859529852867
132,blocks.11.conv2,0.03917749226093292
132,blocks.12.conv1,0.038920700550079346
132,blocks.12.conv2,0.04066268727183342
132,blocks.13.conv1,0.03888435289263725
132,blocks.13.conv2,0.03926922380924225
132,blocks.14.conv1,0.04399224743247032
132,blocks.14.conv2,0.040600743144750595
132,blocks.15.conv1,0.041077252477407455
132,blocks.15.conv2,0.04358399286866188
132,blocks.16.conv1,0.0441301204264164
132,blocks.16.conv2,0.04584505409002304
132,blocks.17.conv1,0.04562624543905258
132,blocks.17.conv2,0.04547615721821785
132,blocks.18.conv1,0.05426240712404251
132,blocks.18.conv2,0.05865321680903435
132,blocks.19.conv1,0.05305907875299454
132,blocks.19.conv2,0.05842426419258118
132,blocks.20.conv1,0.06285553425550461
132,blocks.20.conv2,0.0801640972495079
132,blocks.21.conv1,0.0875832661986351
132,blocks.21.conv2,0.10411341488361359
132,blocks.22.conv1,0.1151859313249588
132,blocks.22.conv2,0.13384950160980225
132,blocks.23.conv1,0.14849334955215454
132,blocks.23.conv2,0.1660083383321762
132,blocks.24.conv1,0.19292640686035156
132,blocks.24.conv2,0.20949427783489227
132,blocks.25.conv1,0.2179194986820221
132,blocks.25.conv2,0.23784826695919037
132,blocks.26.conv1,0.2557145357131958
132,blocks.26.conv2,0.2562646269798279
132,blocks.27.conv1,0.24562634527683258
132,blocks.27.conv2,0.24540245532989502
132,blocks.28.conv1,0.22984181344509125
132,blocks.28.conv2,0.23030796647071838
132,blocks.29.conv1,0.2283238023519516
132,blocks.29.conv2,0.23311541974544525
132,blocks.30.conv1,0.19904446601867676
132,blocks.30.conv2,0.16763970255851746
132,blocks.31.conv1,0.13772930204868317
132,blocks.31.conv2,0.08619807660579681
132,mean_conv2d_grad_norm,0.11029729115275236
133,stem.0,0.09313167631626129
133,blocks.0.conv1,0.10078932344913483
133,blocks.0.conv2,0.11590535193681717
133,blocks.1.conv1,0.13074152171611786
133,blocks.1.conv2,0.13390818238258362
133,blocks.2.conv1,0.11275558918714523
133,blocks.2.conv2,0.08643833547830582
133,blocks.3.conv1,0.06699429452419281
133,blocks.3.conv2,0.04420441389083862
133,blocks.4.conv1,0.029012994840741158
133,blocks.4.conv2,0.020579427480697632
133,blocks.5.conv1,0.018700027838349342
133,blocks.5.conv2,0.02061404474079609
133,blocks.6.conv1,0.01924540288746357
133,blocks.6.conv2,0.018434109166264534
133,blocks.7.conv1,0.01672537997364998
133,blocks.7.conv2,0.01739352196455002
133,blocks.8.conv1,0.01715202070772648
133,blocks.8.conv2,0.01684447005391121
133,blocks.9.conv1,0.016777459532022476
133,blocks.9.conv2,0.016389301046729088
133,blocks.10.conv1,0.016491485759615898
133,blocks.10.conv2,0.017217354848980904
133,blocks.11.conv1,0.017173921689391136
133,blocks.11.conv2,0.01869158446788788
133,blocks.12.conv1,0.01940029300749302
133,blocks.12.conv2,0.0210842564702034
133,blocks.13.conv1,0.021612389013171196
133,blocks.13.conv2,0.0219789519906044
133,blocks.14.conv1,0.022810708731412888
133,blocks.14.conv2,0.02408250793814659
133,blocks.15.conv1,0.022595373913645744
133,blocks.15.conv2,0.021940486505627632
133,blocks.16.conv1,0.02379005216062069
133,blocks.16.conv2,0.022260935977101326
133,blocks.17.conv1,0.022250710055232048
133,blocks.17.conv2,0.023580895736813545
133,blocks.18.conv1,0.027642609551548958
133,blocks.18.conv2,0.032374486327171326
133,blocks.19.conv1,0.02933039516210556
133,blocks.19.conv2,0.029704175889492035
133,blocks.20.conv1,0.032165300101041794
133,blocks.20.conv2,0.03980454057455063
133,blocks.21.conv1,0.04968658462166786
133,blocks.21.conv2,0.054774463176727295
133,blocks.22.conv1,0.06364399194717407
133,blocks.22.conv2,0.07737553119659424
133,blocks.23.conv1,0.08827906101942062
133,blocks.23.conv2,0.09639634191989899
133,blocks.24.conv1,0.10746718943119049
133,blocks.24.conv2,0.12282294780015945
133,blocks.25.conv1,0.1345871537923813
133,blocks.25.conv2,0.14591452479362488
133,blocks.26.conv1,0.15338002145290375
133,blocks.26.conv2,0.14737071096897125
133,blocks.27.conv1,0.15275119245052338
133,blocks.27.conv2,0.15878896415233612
133,blocks.28.conv1,0.1591130495071411
133,blocks.28.conv2,0.15534187853336334
133,blocks.29.conv1,0.13306178152561188
133,blocks.29.conv2,0.12870153784751892
133,blocks.30.conv1,0.11960279196500778
133,blocks.30.conv2,0.10833755135536194
133,blocks.31.conv1,0.09509512037038803
133,blocks.31.conv2,0.07093101739883423
133,mean_conv2d_grad_norm,0.06406374880327628
134,stem.0,0.10194458067417145
134,blocks.0.conv1,0.14701256155967712
134,blocks.0.conv2,0.18514187633991241
134,blocks.1.conv1,0.20613427460193634
134,blocks.1.conv2,0.20774118602275848
134,blocks.2.conv1,0.1882762461900711
134,blocks.2.conv2,0.1586730033159256
134,blocks.3.conv1,0.11444326490163803
134,blocks.3.conv2,0.07357349991798401
134,blocks.4.conv1,0.046667199581861496
134,blocks.4.conv2,0.03184842690825462
134,blocks.5.conv1,0.030689170584082603
134,blocks.5.conv2,0.03131403774023056
134,blocks.6.conv1,0.029973872005939484
134,blocks.6.conv2,0.029123326763510704
134,blocks.7.conv1,0.02953490987420082
134,blocks.7.conv2,0.029041245579719543
134,blocks.8.conv1,0.0294585432857275
134,blocks.8.conv2,0.028463659808039665
134,blocks.9.conv1,0.02823869325220585
134,blocks.9.conv2,0.02734118327498436
134,blocks.10.conv1,0.02780412882566452
134,blocks.10.conv2,0.027720822021365166
134,blocks.11.conv1,0.028682198375463486
134,blocks.11.conv2,0.02905113995075226
134,blocks.12.conv1,0.03196430951356888
134,blocks.12.conv2,0.031042736023664474
134,blocks.13.conv1,0.03273560106754303
134,blocks.13.conv2,0.031896304339170456
134,blocks.14.conv1,0.03410559520125389
134,blocks.14.conv2,0.036877673119306564
134,blocks.15.conv1,0.03403743728995323
134,blocks.15.conv2,0.03534304350614548
134,blocks.16.conv1,0.037404365837574005
134,blocks.16.conv2,0.042061205953359604
134,blocks.17.conv1,0.04079824686050415
134,blocks.17.conv2,0.03882716968655586
134,blocks.18.conv1,0.05379989370703697
134,blocks.18.conv2,0.0571853369474411
134,blocks.19.conv1,0.0525570809841156
134,blocks.19.conv2,0.05477391555905342
134,blocks.20.conv1,0.061784014105796814
134,blocks.20.conv2,0.07298712432384491
134,blocks.21.conv1,0.08832518011331558
134,blocks.21.conv2,0.09462966024875641
134,blocks.22.conv1,0.11048959195613861
134,blocks.22.conv2,0.11349044740200043
134,blocks.23.conv1,0.1329386830329895
134,blocks.23.conv2,0.1453610211610794
134,blocks.24.conv1,0.16661836206912994
134,blocks.24.conv2,0.18812166154384613
134,blocks.25.conv1,0.21259233355522156
134,blocks.25.conv2,0.23193247616291046
134,blocks.26.conv1,0.24817481637001038
134,blocks.26.conv2,0.25131550431251526
134,blocks.27.conv1,0.25275877118110657
134,blocks.27.conv2,0.24186962842941284
134,blocks.28.conv1,0.22857359051704407
134,blocks.28.conv2,0.22810305655002594
134,blocks.29.conv1,0.21643297374248505
134,blocks.29.conv2,0.2133994698524475
134,blocks.30.conv1,0.20661552250385284
134,blocks.30.conv2,0.20124928653240204
134,blocks.31.conv1,0.15795890986919403
134,blocks.31.conv2,0.09921049326658249
134,mean_conv2d_grad_norm,0.10274208531929896
135,stem.0,0.11811333894729614
135,blocks.0.conv1,0.11433559656143188
135,blocks.0.conv2,0.14067471027374268
135,blocks.1.conv1,0.15667536854743958
135,blocks.1.conv2,0.14429469406604767
135,blocks.2.conv1,0.12711679935455322
135,blocks.2.conv2,0.10481558740139008
135,blocks.3.conv1,0.0764601081609726
135,blocks.3.conv2,0.05381034314632416
135,blocks.4.conv1,0.03473006188869476
135,blocks.4.conv2,0.02192220278084278
135,blocks.5.conv1,0.02036353573203087
135,blocks.5.conv2,0.020743364468216896
135,blocks.6.conv1,0.020045379176735878
135,blocks.6.conv2,0.01940006949007511
135,blocks.7.conv1,0.018668798729777336
135,blocks.7.conv2,0.018479911610484123
135,blocks.8.conv1,0.01831132173538208
135,blocks.8.conv2,0.018282759934663773
135,blocks.9.conv1,0.018620502203702927
135,blocks.9.conv2,0.017826588824391365
135,blocks.10.conv1,0.01735137775540352
135,blocks.10.conv2,0.017694996669888496
135,blocks.11.conv1,0.017576582729816437
135,blocks.11.conv2,0.018589917570352554
135,blocks.12.conv1,0.018824515864253044
135,blocks.12.conv2,0.020777935162186623
135,blocks.13.conv1,0.01993367448449135
135,blocks.13.conv2,0.020204871892929077
135,blocks.14.conv1,0.023574167862534523
135,blocks.14.conv2,0.02241665869951248
135,blocks.15.conv1,0.02061670832335949
135,blocks.15.conv2,0.021302256733179092
135,blocks.16.conv1,0.022771522402763367
135,blocks.16.conv2,0.023484960198402405
135,blocks.17.conv1,0.02480587549507618
135,blocks.17.conv2,0.023631209507584572
135,blocks.18.conv1,0.029377134516835213
135,blocks.18.conv2,0.034127023071050644
135,blocks.19.conv1,0.032093439251184464
135,blocks.19.conv2,0.03472059592604637
135,blocks.20.conv1,0.03791665658354759
135,blocks.20.conv2,0.04568858444690704
135,blocks.21.conv1,0.06090818718075752
135,blocks.21.conv2,0.07013626396656036
135,blocks.22.conv1,0.0815374031662941
135,blocks.22.conv2,0.09651897102594376
135,blocks.23.conv1,0.11598803102970123
135,blocks.23.conv2,0.13691602647304535
135,blocks.24.conv1,0.15344981849193573
135,blocks.24.conv2,0.16157867014408112
135,blocks.25.conv1,0.1806241124868393
135,blocks.25.conv2,0.1899731308221817
135,blocks.26.conv1,0.19699691236019135
135,blocks.26.conv2,0.19343264400959015
135,blocks.27.conv1,0.19313442707061768
135,blocks.27.conv2,0.19711972773075104
135,blocks.28.conv1,0.19759973883628845
135,blocks.28.conv2,0.18366357684135437
135,blocks.29.conv1,0.1702161580324173
135,blocks.29.conv2,0.1599845588207245
135,blocks.30.conv1,0.1622273176908493
135,blocks.30.conv2,0.15358485281467438
135,blocks.31.conv1,0.125528484582901
135,blocks.31.conv2,0.08429908007383347
135,mean_conv2d_grad_norm,0.07840907387435436
136,stem.0,0.061263978481292725
136,blocks.0.conv1,0.08904798328876495
136,blocks.0.conv2,0.09979845583438873
136,blocks.1.conv1,0.11139340698719025
136,blocks.1.conv2,0.10658030211925507
136,blocks.2.conv1,0.09499651193618774
136,blocks.2.conv2,0.0811108872294426
136,blocks.3.conv1,0.05636434257030487
136,blocks.3.conv2,0.03338436409831047
136,blocks.4.conv1,0.02081599086523056
136,blocks.4.conv2,0.014589960686862469
136,blocks.5.conv1,0.014497312717139721
136,blocks.5.conv2,0.014353036880493164
136,blocks.6.conv1,0.014497284777462482
136,blocks.6.conv2,0.013738068751990795
136,blocks.7.conv1,0.013531126081943512
136,blocks.7.conv2,0.013614918105304241
136,blocks.8.conv1,0.013602146878838539
136,blocks.8.conv2,0.01339076366275549
136,blocks.9.conv1,0.013353613205254078
136,blocks.9.conv2,0.013185948133468628
136,blocks.10.conv1,0.013125323690474033
136,blocks.10.conv2,0.013209575787186623
136,blocks.11.conv1,0.013368502259254456
136,blocks.11.conv2,0.01374336052685976
136,blocks.12.conv1,0.013827036134898663
136,blocks.12.conv2,0.013978631235659122
136,blocks.13.conv1,0.01386987417936325
136,blocks.13.conv2,0.014172285795211792
136,blocks.14.conv1,0.01624203845858574
136,blocks.14.conv2,0.01521998830139637
136,blocks.15.conv1,0.014826561324298382
136,blocks.15.conv2,0.014878470450639725
136,blocks.16.conv1,0.015159103088080883
136,blocks.16.conv2,0.016439935192465782
136,blocks.17.conv1,0.016654014587402344
136,blocks.17.conv2,0.015900230035185814
136,blocks.18.conv1,0.021078936755657196
136,blocks.18.conv2,0.02259887009859085
136,blocks.19.conv1,0.021240264177322388
136,blocks.19.conv2,0.022882454097270966
136,blocks.20.conv1,0.02393874153494835
136,blocks.20.conv2,0.026967588812112808
136,blocks.21.conv1,0.03555621579289436
136,blocks.21.conv2,0.041797153651714325
136,blocks.22.conv1,0.05121723935008049
136,blocks.22.conv2,0.06081591546535492
136,blocks.23.conv1,0.06819310784339905
136,blocks.23.conv2,0.07396813482046127
136,blocks.24.conv1,0.08590729534626007
136,blocks.24.conv2,0.09560613334178925
136,blocks.25.conv1,0.10464578866958618
136,blocks.25.conv2,0.11153282970190048
136,blocks.26.conv1,0.11624196916818619
136,blocks.26.conv2,0.12025727331638336
136,blocks.27.conv1,0.1164686381816864
136,blocks.27.conv2,0.12596431374549866
136,blocks.28.conv1,0.12211497873067856
136,blocks.28.conv2,0.12342346459627151
136,blocks.29.conv1,0.11856626719236374
136,blocks.29.conv2,0.11499049514532089
136,blocks.30.conv1,0.10696293413639069
136,blocks.30.conv2,0.09696366637945175
136,blocks.31.conv1,0.0844007283449173
136,blocks.31.conv2,0.05657391995191574
136,mean_conv2d_grad_norm,0.05096308696441926
137,stem.0,0.14426378905773163
137,blocks.0.conv1,0.17828314006328583
137,blocks.0.conv2,0.22375749051570892
137,blocks.1.conv1,0.24735812842845917
137,blocks.1.conv2,0.2407863736152649
137,blocks.2.conv1,0.20824840664863586
137,blocks.2.conv2,0.17332252860069275
137,blocks.3.conv1,0.127247616648674
137,blocks.3.conv2,0.08419027924537659
137,blocks.4.conv1,0.06722712516784668
137,blocks.4.conv2,0.0687394067645073
137,blocks.5.conv1,0.06806110590696335
137,blocks.5.conv2,0.06696633249521255
137,blocks.6.conv1,0.0680810734629631
137,blocks.6.conv2,0.06791466474533081
137,blocks.7.conv1,0.06898665428161621
137,blocks.7.conv2,0.06843531876802444
137,blocks.8.conv1,0.06886347383260727
137,blocks.8.conv2,0.06972932815551758
137,blocks.9.conv1,0.06946657598018646
137,blocks.9.conv2,0.06966353207826614
137,blocks.10.conv1,0.0693921446800232
137,blocks.10.conv2,0.06912906467914581
137,blocks.11.conv1,0.06803978979587555
137,blocks.11.conv2,0.06728388369083405
137,blocks.12.conv1,0.06455819308757782
137,blocks.12.conv2,0.0639951080083847
137,blocks.13.conv1,0.06390392035245895
137,blocks.13.conv2,0.06543242931365967
137,blocks.14.conv1,0.06320700794458389
137,blocks.14.conv2,0.06449539959430695
137,blocks.15.conv1,0.06511984765529633
137,blocks.15.conv2,0.06509088724851608
137,blocks.16.conv1,0.0643039345741272
137,blocks.16.conv2,0.0671626552939415
137,blocks.17.conv1,0.06559522449970245
137,blocks.17.conv2,0.06872973591089249
137,blocks.18.conv1,0.06812361627817154
137,blocks.18.conv2,0.07164367288351059
137,blocks.19.conv1,0.07142247259616852
137,blocks.19.conv2,0.07291456311941147
137,blocks.20.conv1,0.07290877401828766
137,blocks.20.conv2,0.07950113713741302
137,blocks.21.conv1,0.0879053920507431
137,blocks.21.conv2,0.09962250292301178
137,blocks.22.conv1,0.10924284160137177
137,blocks.22.conv2,0.12015557289123535
137,blocks.23.conv1,0.14065048098564148
137,blocks.23.conv2,0.15704718232154846
137,blocks.24.conv1,0.17737767100334167
137,blocks.24.conv2,0.19586481153964996
137,blocks.25.conv1,0.2152043879032135
137,blocks.25.conv2,0.2293136864900589
137,blocks.26.conv1,0.24615556001663208
137,blocks.26.conv2,0.24596180021762848
137,blocks.27.conv1,0.24982509016990662
137,blocks.27.conv2,0.25018370151519775
137,blocks.28.conv1,0.2564433813095093
137,blocks.28.conv2,0.2727038860321045
137,blocks.29.conv1,0.24388045072555542
137,blocks.29.conv2,0.24202480912208557
137,blocks.30.conv1,0.22391685843467712
137,blocks.30.conv2,0.1995398849248886
137,blocks.31.conv1,0.1703777313232422
137,blocks.31.conv2,0.11158321052789688
137,mean_conv2d_grad_norm,0.1259465646285277
138,stem.0,0.12411154061555862
138,blocks.0.conv1,0.14595013856887817
138,blocks.0.conv2,0.17497915029525757
138,blocks.1.conv1,0.17625872790813446
138,blocks.1.conv2,0.17840303480625153
138,blocks.2.conv1,0.15872469544410706
138,blocks.2.conv2,0.1363459825515747
138,blocks.3.conv1,0.09490888565778732
138,blocks.3.conv2,0.06127908453345299
138,blocks.4.conv1,0.0433913916349411
138,blocks.4.conv2,0.037511564791202545
138,blocks.5.conv1,0.03652961924672127
138,blocks.5.conv2,0.03564814478158951
138,blocks.6.conv1,0.03512391448020935
138,blocks.6.conv2,0.03443990647792816
138,blocks.7.conv1,0.034617338329553604
138,blocks.7.conv2,0.03431316092610359
138,blocks.8.conv1,0.03436559811234474
138,blocks.8.conv2,0.03417431190609932
138,blocks.9.conv1,0.03402809426188469
138,blocks.9.conv2,0.033894140273332596
138,blocks.10.conv1,0.03367135301232338
138,blocks.10.conv2,0.0335519053041935
138,blocks.11.conv1,0.0330643504858017
138,blocks.11.conv2,0.03322514891624451
138,blocks.12.conv1,0.03271555155515671
138,blocks.12.conv2,0.032720327377319336
138,blocks.13.conv1,0.03325648605823517
138,blocks.13.conv2,0.03399167209863663
138,blocks.14.conv1,0.03399287164211273
138,blocks.14.conv2,0.03357042372226715
138,blocks.15.conv1,0.03561723604798317
138,blocks.15.conv2,0.03439401090145111
138,blocks.16.conv1,0.034420110285282135
138,blocks.16.conv2,0.03596171736717224
138,blocks.17.conv1,0.03660100698471069
138,blocks.17.conv2,0.03664190694689751
138,blocks.18.conv1,0.04137066751718521
138,blocks.18.conv2,0.04112271964550018
138,blocks.19.conv1,0.04047079756855965
138,blocks.19.conv2,0.04047298803925514
138,blocks.20.conv1,0.04260355979204178
138,blocks.20.conv2,0.0455966517329216
138,blocks.21.conv1,0.05457107722759247
138,blocks.21.conv2,0.06411660462617874
138,blocks.22.conv1,0.07581446319818497
138,blocks.22.conv2,0.08547575026750565
138,blocks.23.conv1,0.09972140938043594
138,blocks.23.conv2,0.10796552151441574
138,blocks.24.conv1,0.11884227395057678
138,blocks.24.conv2,0.12684454023838043
138,blocks.25.conv1,0.14320512115955353
138,blocks.25.conv2,0.1570073664188385
138,blocks.26.conv1,0.16426171362400055
138,blocks.26.conv2,0.16779017448425293
138,blocks.27.conv1,0.16708339750766754
138,blocks.27.conv2,0.16293838620185852
138,blocks.28.conv1,0.16344304382801056
138,blocks.28.conv2,0.16255682706832886
138,blocks.29.conv1,0.15377695858478546
138,blocks.29.conv2,0.14872154593467712
138,blocks.30.conv1,0.14319638907909393
138,blocks.30.conv2,0.1362949162721634
138,blocks.31.conv1,0.1103552058339119
138,blocks.31.conv2,0.0761033445596695
138,mean_conv2d_grad_norm,0.08104796799329611
139,stem.0,0.14038671553134918
139,blocks.0.conv1,0.16484783589839935
139,blocks.0.conv2,0.18581347167491913
139,blocks.1.conv1,0.20408573746681213
139,blocks.1.conv2,0.1927645206451416
139,blocks.2.conv1,0.169942706823349
139,blocks.2.conv2,0.14804790914058685
139,blocks.3.conv1,0.10336178541183472
139,blocks.3.conv2,0.06565594673156738
139,blocks.4.conv1,0.04858892410993576
139,blocks.4.conv2,0.04602895677089691
139,blocks.5.conv1,0.042775314301252365
139,blocks.5.conv2,0.04340854287147522
139,blocks.6.conv1,0.0432630255818367
139,blocks.6.conv2,0.042902786284685135
139,blocks.7.conv1,0.04226825758814812
139,blocks.7.conv2,0.04214015603065491
139,blocks.8.conv1,0.042349595576524734
139,blocks.8.conv2,0.042171236127614975
139,blocks.9.conv1,0.04221084713935852
139,blocks.9.conv2,0.04188309982419014
139,blocks.10.conv1,0.04199707508087158
139,blocks.10.conv2,0.04220035299658775
139,blocks.11.conv1,0.04249446466565132
139,blocks.11.conv2,0.043570294976234436
139,blocks.12.conv1,0.04398572817444801
139,blocks.12.conv2,0.04554649069905281
139,blocks.13.conv1,0.046371351927518845
139,blocks.13.conv2,0.044901829212903976
139,blocks.14.conv1,0.04817315563559532
139,blocks.14.conv2,0.048672303557395935
139,blocks.15.conv1,0.04806968569755554
139,blocks.15.conv2,0.04810865968465805
139,blocks.16.conv1,0.04779965803027153
139,blocks.16.conv2,0.04816226288676262
139,blocks.17.conv1,0.05057087913155556
139,blocks.17.conv2,0.04807369410991669
139,blocks.18.conv1,0.057727791368961334
139,blocks.18.conv2,0.05726150795817375
139,blocks.19.conv1,0.053726524114608765
139,blocks.19.conv2,0.05694729462265968
139,blocks.20.conv1,0.06300076097249985
139,blocks.20.conv2,0.062383245676755905
139,blocks.21.conv1,0.07886534929275513
139,blocks.21.conv2,0.0871594101190567
139,blocks.22.conv1,0.09974678605794907
139,blocks.22.conv2,0.11528918147087097
139,blocks.23.conv1,0.12732310593128204
139,blocks.23.conv2,0.14362618327140808
139,blocks.24.conv1,0.15998922288417816
139,blocks.24.conv2,0.1770225316286087
139,blocks.25.conv1,0.19191576540470123
139,blocks.25.conv2,0.20641742646694183
139,blocks.26.conv1,0.21440881490707397
139,blocks.26.conv2,0.22152291238307953
139,blocks.27.conv1,0.21783515810966492
139,blocks.27.conv2,0.22013190388679504
139,blocks.28.conv1,0.2375759780406952
139,blocks.28.conv2,0.23860903084278107
139,blocks.29.conv1,0.2218143343925476
139,blocks.29.conv2,0.21080364286899567
139,blocks.30.conv1,0.19878432154655457
139,blocks.30.conv2,0.17616869509220123
139,blocks.31.conv1,0.14053760468959808
139,blocks.31.conv2,0.10514802485704422
139,mean_conv2d_grad_norm,0.10423596564393778
140,stem.0,0.10666582733392715
140,blocks.0.conv1,0.16988003253936768
140,blocks.0.conv2,0.19036051630973816
140,blocks.1.conv1,0.19609063863754272
140,blocks.1.conv2,0.1919681280851364
140,blocks.2.conv1,0.17721568048000336
140,blocks.2.conv2,0.15104348957538605
140,blocks.3.conv1,0.11015202850103378
140,blocks.3.conv2,0.07049490511417389
140,blocks.4.conv1,0.05488046258687973
140,blocks.4.conv2,0.052825454622507095
140,blocks.5.conv1,0.053393371403217316
140,blocks.5.conv2,0.052522365003824234
140,blocks.6.conv1,0.05502824857831001
140,blocks.6.conv2,0.05486813932657242
140,blocks.7.conv1,0.05522423982620239
140,blocks.7.conv2,0.05503523722290993
140,blocks.8.conv1,0.05540014058351517
140,blocks.8.conv2,0.055171359330415726
140,blocks.9.conv1,0.05508803576231003
140,blocks.9.conv2,0.055509403347969055
140,blocks.10.conv1,0.055247772485017776
140,blocks.10.conv2,0.05552339181303978
140,blocks.11.conv1,0.05557243525981903
140,blocks.11.conv2,0.0555519163608551
140,blocks.12.conv1,0.05478070676326752
140,blocks.12.conv2,0.05523299798369408
140,blocks.13.conv1,0.055271539837121964
140,blocks.13.conv2,0.055371593683958054
140,blocks.14.conv1,0.05519889295101166
140,blocks.14.conv2,0.05497244372963905
140,blocks.15.conv1,0.05428936332464218
140,blocks.15.conv2,0.05497272312641144
140,blocks.16.conv1,0.05385106801986694
140,blocks.16.conv2,0.0547780767083168
140,blocks.17.conv1,0.05608442425727844
140,blocks.17.conv2,0.055262014269828796
140,blocks.18.conv1,0.05692984163761139
140,blocks.18.conv2,0.0578201562166214
140,blocks.19.conv1,0.05645250901579857
140,blocks.19.conv2,0.05544598773121834
140,blocks.20.conv1,0.05486190691590309
140,blocks.20.conv2,0.06094799563288689
140,blocks.21.conv1,0.07400472462177277
140,blocks.21.conv2,0.08298784494400024
140,blocks.22.conv1,0.095378577709198
140,blocks.22.conv2,0.10615009069442749
140,blocks.23.conv1,0.11715725064277649
140,blocks.23.conv2,0.12749888002872467
140,blocks.24.conv1,0.1377524584531784
140,blocks.24.conv2,0.15868979692459106
140,blocks.25.conv1,0.17272070050239563
140,blocks.25.conv2,0.185768261551857
140,blocks.26.conv1,0.18713919818401337
140,blocks.26.conv2,0.18874207139015198
140,blocks.27.conv1,0.18338079750537872
140,blocks.27.conv2,0.17667856812477112
140,blocks.28.conv1,0.17954014241695404
140,blocks.28.conv2,0.1797003298997879
140,blocks.29.conv1,0.16896426677703857
140,blocks.29.conv2,0.16353769600391388
140,blocks.30.conv1,0.1484871357679367
140,blocks.30.conv2,0.12944088876247406
140,blocks.31.conv1,0.10613158345222473
140,blocks.31.conv2,0.07652734965085983
140,mean_conv2d_grad_norm,0.0983017857831258
141,stem.0,0.17375046014785767
141,blocks.0.conv1,0.19373488426208496
141,blocks.0.conv2,0.2540048658847809
141,blocks.1.conv1,0.29034316539764404
141,blocks.1.conv2,0.29034554958343506
141,blocks.2.conv1,0.2607280910015106
141,blocks.2.conv2,0.21226170659065247
141,blocks.3.conv1,0.15750756859779358
141,blocks.3.conv2,0.1006069928407669
141,blocks.4.conv1,0.07976223528385162
141,blocks.4.conv2,0.07174045592546463
141,blocks.5.conv1,0.07587026804685593
141,blocks.5.conv2,0.07514315098524094
141,blocks.6.conv1,0.07455479353666306
141,blocks.6.conv2,0.07544656097888947
141,blocks.7.conv1,0.07675626128911972
141,blocks.7.conv2,0.07559841126203537
141,blocks.8.conv1,0.07548141479492188
141,blocks.8.conv2,0.07654622942209244
141,blocks.9.conv1,0.07637947797775269
141,blocks.9.conv2,0.076970674097538
141,blocks.10.conv1,0.07600890100002289
141,blocks.10.conv2,0.07605062425136566
141,blocks.11.conv1,0.0755239874124527
141,blocks.11.conv2,0.07465782016515732
141,blocks.12.conv1,0.07267531752586365
141,blocks.12.conv2,0.07162918150424957
141,blocks.13.conv1,0.07072092592716217
141,blocks.13.conv2,0.07290879637002945
141,blocks.14.conv1,0.07121621072292328
141,blocks.14.conv2,0.07215360552072525
141,blocks.15.conv1,0.07274403423070908
141,blocks.15.conv2,0.07261623442173004
141,blocks.16.conv1,0.07299162447452545
141,blocks.16.conv2,0.07370880991220474
141,blocks.17.conv1,0.0752655491232872
141,blocks.17.conv2,0.07428241521120071
141,blocks.18.conv1,0.08142904192209244
141,blocks.18.conv2,0.08306580036878586
141,blocks.19.conv1,0.0815366879105568
141,blocks.19.conv2,0.08287868648767471
141,blocks.20.conv1,0.09000153094530106
141,blocks.20.conv2,0.09365753084421158
141,blocks.21.conv1,0.10934950411319733
141,blocks.21.conv2,0.1258920431137085
141,blocks.22.conv1,0.145845428109169
141,blocks.22.conv2,0.17417731881141663
141,blocks.23.conv1,0.18460775911808014
141,blocks.23.conv2,0.21318309009075165
141,blocks.24.conv1,0.24037547409534454
141,blocks.24.conv2,0.27269473671913147
141,blocks.25.conv1,0.2998453378677368
141,blocks.25.conv2,0.32863640785217285
141,blocks.26.conv1,0.34923800826072693
141,blocks.26.conv2,0.3540535569190979
141,blocks.27.conv1,0.35308337211608887
141,blocks.27.conv2,0.3449883759021759
141,blocks.28.conv1,0.3328127861022949
141,blocks.28.conv2,0.33839571475982666
141,blocks.29.conv1,0.32311704754829407
141,blocks.29.conv2,0.31539762020111084
141,blocks.30.conv1,0.28778812289237976
141,blocks.30.conv2,0.25236305594444275
141,blocks.31.conv1,0.2332783043384552
141,blocks.31.conv2,0.16944746673107147
141,mean_conv2d_grad_norm,0.15815118562716704
142,stem.0,0.13671667873859406
142,blocks.0.conv1,0.15552043914794922
142,blocks.0.conv2,0.20472827553749084
142,blocks.1.conv1,0.2146628499031067
142,blocks.1.conv2,0.2114393413066864
142,blocks.2.conv1,0.1845788061618805
142,blocks.2.conv2,0.15776991844177246
142,blocks.3.conv1,0.11196094006299973
142,blocks.3.conv2,0.07538536936044693
142,blocks.4.conv1,0.058348845690488815
142,blocks.4.conv2,0.05320751294493675
142,blocks.5.conv1,0.057048093527555466
142,blocks.5.conv2,0.05439760908484459
142,blocks.6.conv1,0.0556824654340744
142,blocks.6.conv2,0.05455602705478668
142,blocks.7.conv1,0.055914442986249924
142,blocks.7.conv2,0.05512606352567673
142,blocks.8.conv1,0.05556076020002365
142,blocks.8.conv2,0.0558243952691555
142,blocks.9.conv1,0.05549038574099541
142,blocks.9.conv2,0.05543781816959381
142,blocks.10.conv1,0.05515746772289276
142,blocks.10.conv2,0.05572895705699921
142,blocks.11.conv1,0.05555912107229233
142,blocks.11.conv2,0.056527141481637955
142,blocks.12.conv1,0.05465219169855118
142,blocks.12.conv2,0.054062433540821075
142,blocks.13.conv1,0.05210939422249794
142,blocks.13.conv2,0.0537516251206398
142,blocks.14.conv1,0.05714811757206917
142,blocks.14.conv2,0.052547991275787354
142,blocks.15.conv1,0.05712280049920082
142,blocks.15.conv2,0.05772768333554268
142,blocks.16.conv1,0.05643575266003609
142,blocks.16.conv2,0.0576988086104393
142,blocks.17.conv1,0.05804279074072838
142,blocks.17.conv2,0.05798160657286644
142,blocks.18.conv1,0.062029995024204254
142,blocks.18.conv2,0.0677611231803894
142,blocks.19.conv1,0.06459154933691025
142,blocks.19.conv2,0.0671168863773346
142,blocks.20.conv1,0.06451313197612762
142,blocks.20.conv2,0.07082127034664154
142,blocks.21.conv1,0.0813349112868309
142,blocks.21.conv2,0.090645931661129
142,blocks.22.conv1,0.10251744091510773
142,blocks.22.conv2,0.11530590057373047
142,blocks.23.conv1,0.13000458478927612
142,blocks.23.conv2,0.1421188861131668
142,blocks.24.conv1,0.1622888594865799
142,blocks.24.conv2,0.17771436274051666
142,blocks.25.conv1,0.1922793984413147
142,blocks.25.conv2,0.2121938318014145
142,blocks.26.conv1,0.2209426760673523
142,blocks.26.conv2,0.21510080993175507
142,blocks.27.conv1,0.21434712409973145
142,blocks.27.conv2,0.20767757296562195
142,blocks.28.conv1,0.2090478092432022
142,blocks.28.conv2,0.20473526418209076
142,blocks.29.conv1,0.20567041635513306
142,blocks.29.conv2,0.20498616993427277
142,blocks.30.conv1,0.19847705960273743
142,blocks.30.conv2,0.19155652821063995
142,blocks.31.conv1,0.162660613656044
142,blocks.31.conv2,0.12144245952367783
142,mean_conv2d_grad_norm,0.11033066906608067
143,stem.0,0.21938738226890564
143,blocks.0.conv1,0.2995218336582184
143,blocks.0.conv2,0.3758355677127838
143,blocks.1.conv1,0.394868403673172
143,blocks.1.conv2,0.38021203875541687
143,blocks.2.conv1,0.32575294375419617
143,blocks.2.conv2,0.2694576382637024
143,blocks.3.conv1,0.19067849218845367
143,blocks.3.conv2,0.11582139134407043
143,blocks.4.conv1,0.07725757360458374
143,blocks.4.conv2,0.06062794849276543
143,blocks.5.conv1,0.05930109694600105
143,blocks.5.conv2,0.05861809849739075
143,blocks.6.conv1,0.057617850601673126
143,blocks.6.conv2,0.058155398815870285
143,blocks.7.conv1,0.0588044635951519
143,blocks.7.conv2,0.057098738849163055
143,blocks.8.conv1,0.05725063756108284
143,blocks.8.conv2,0.0571737065911293
143,blocks.9.conv1,0.05626094341278076
143,blocks.9.conv2,0.05571766942739487
143,blocks.10.conv1,0.055765021592378616
143,blocks.10.conv2,0.0557277575135231
143,blocks.11.conv1,0.05613689124584198
143,blocks.11.conv2,0.05666670203208923
143,blocks.12.conv1,0.057632364332675934
143,blocks.12.conv2,0.0581524595618248
143,blocks.13.conv1,0.059200167655944824
143,blocks.13.conv2,0.05910411477088928
143,blocks.14.conv1,0.0618123784661293
143,blocks.14.conv2,0.06624219566583633
143,blocks.15.conv1,0.06254430115222931
143,blocks.15.conv2,0.06404871493577957
143,blocks.16.conv1,0.06608090549707413
143,blocks.16.conv2,0.0682278573513031
143,blocks.17.conv1,0.06761828809976578
143,blocks.17.conv2,0.06622542440891266
143,blocks.18.conv1,0.07417505979537964
143,blocks.18.conv2,0.08197664469480515
143,blocks.19.conv1,0.07933095097541809
143,blocks.19.conv2,0.08493419736623764
143,blocks.20.conv1,0.0893932655453682
143,blocks.20.conv2,0.10653413087129593
143,blocks.21.conv1,0.11049982160329819
143,blocks.21.conv2,0.13236910104751587
143,blocks.22.conv1,0.15160535275936127
143,blocks.22.conv2,0.18201813101768494
143,blocks.23.conv1,0.20274530351161957
143,blocks.23.conv2,0.2260090708732605
143,blocks.24.conv1,0.2625364661216736
143,blocks.24.conv2,0.29140281677246094
143,blocks.25.conv1,0.32290586829185486
143,blocks.25.conv2,0.3544458746910095
143,blocks.26.conv1,0.37289199233055115
143,blocks.26.conv2,0.38512980937957764
143,blocks.27.conv1,0.3908260464668274
143,blocks.27.conv2,0.37860244512557983
143,blocks.28.conv1,0.3710618317127228
143,blocks.28.conv2,0.37316909432411194
143,blocks.29.conv1,0.3497565686702728
143,blocks.29.conv2,0.32685863971710205
143,blocks.30.conv1,0.3049716651439667
143,blocks.30.conv2,0.2877837121486664
143,blocks.31.conv1,0.254289835691452
143,blocks.31.conv2,0.17212551832199097
143,mean_conv2d_grad_norm,0.16903007041949492
144,stem.0,0.06105608865618706
144,blocks.0.conv1,0.08084271848201752
144,blocks.0.conv2,0.11547407507896423
144,blocks.1.conv1,0.12970885634422302
144,blocks.1.conv2,0.1320558786392212
144,blocks.2.conv1,0.10764028131961823
144,blocks.2.conv2,0.08582470566034317
144,blocks.3.conv1,0.06487425416707993
144,blocks.3.conv2,0.041321445256471634
144,blocks.4.conv1,0.031242651864886284
144,blocks.4.conv2,0.02853916399180889
144,blocks.5.conv1,0.02833978831768036
144,blocks.5.conv2,0.027736583724617958
144,blocks.6.conv1,0.028427578508853912
144,blocks.6.conv2,0.027969131246209145
144,blocks.7.conv1,0.028385762125253677
144,blocks.7.conv2,0.02818835712969303
144,blocks.8.conv1,0.028528084978461266
144,blocks.8.conv2,0.028773857280611992
144,blocks.9.conv1,0.028405025601387024
144,blocks.9.conv2,0.02835838869214058
144,blocks.10.conv1,0.028350001201033592
144,blocks.10.conv2,0.028270646929740906
144,blocks.11.conv1,0.027915922924876213
144,blocks.11.conv2,0.028195593506097794
144,blocks.12.conv1,0.027284283190965652
144,blocks.12.conv2,0.027449199929833412
144,blocks.13.conv1,0.027287820354104042
144,blocks.13.conv2,0.027151402086019516
144,blocks.14.conv1,0.027226243168115616
144,blocks.14.conv2,0.027027960866689682
144,blocks.15.conv1,0.027419114485383034
144,blocks.15.conv2,0.026641802862286568
144,blocks.16.conv1,0.027248766273260117
144,blocks.16.conv2,0.027707736939191818
144,blocks.17.conv1,0.02741597220301628
144,blocks.17.conv2,0.02736423909664154
144,blocks.18.conv1,0.028400415554642677
144,blocks.18.conv2,0.029461804777383804
144,blocks.19.conv1,0.027961401268839836
144,blocks.19.conv2,0.030641822144389153
144,blocks.20.conv1,0.03058599680662155
144,blocks.20.conv2,0.03442046046257019
144,blocks.21.conv1,0.04152023792266846
144,blocks.21.conv2,0.04559021443128586
144,blocks.22.conv1,0.05061137676239014
144,blocks.22.conv2,0.05839165300130844
144,blocks.23.conv1,0.06771097332239151
144,blocks.23.conv2,0.07360067218542099
144,blocks.24.conv1,0.0821734368801117
144,blocks.24.conv2,0.08745082467794418
144,blocks.25.conv1,0.09727288037538528
144,blocks.25.conv2,0.10815892368555069
144,blocks.26.conv1,0.11180303245782852
144,blocks.26.conv2,0.11541186273097992
144,blocks.27.conv1,0.11066887527704239
144,blocks.27.conv2,0.11318857222795486
144,blocks.28.conv1,0.11602595448493958
144,blocks.28.conv2,0.12105214595794678
144,blocks.29.conv1,0.11300477385520935
144,blocks.29.conv2,0.10894667357206345
144,blocks.30.conv1,0.09643352031707764
144,blocks.30.conv2,0.08502501249313354
144,blocks.31.conv1,0.07218874245882034
144,blocks.31.conv2,0.05151725187897682
144,mean_conv2d_grad_norm,0.05709029069313636
145,stem.0,0.14200261235237122
145,blocks.0.conv1,0.21542063355445862
145,blocks.0.conv2,0.29142096638679504
145,blocks.1.conv1,0.3140161335468292
145,blocks.1.conv2,0.2890724837779999
145,blocks.2.conv1,0.2544735074043274
145,blocks.2.conv2,0.21738921105861664
145,blocks.3.conv1,0.14842693507671356
145,blocks.3.conv2,0.09130027890205383
145,blocks.4.conv1,0.057501133531332016
145,blocks.4.conv2,0.04149666056036949
145,blocks.5.conv1,0.035384468734264374
145,blocks.5.conv2,0.037661898881196976
145,blocks.6.conv1,0.036270324140787125
145,blocks.6.conv2,0.03270861878991127
145,blocks.7.conv1,0.03203443065285683
145,blocks.7.conv2,0.03287433460354805
145,blocks.8.conv1,0.03218112885951996
145,blocks.8.conv2,0.0326746329665184
145,blocks.9.conv1,0.03181442245841026
145,blocks.9.conv2,0.03170197084546089
145,blocks.10.conv1,0.03123876266181469
145,blocks.10.conv2,0.03133280575275421
145,blocks.11.conv1,0.03147212415933609
145,blocks.11.conv2,0.03227347880601883
145,blocks.12.conv1,0.033905211836099625
145,blocks.12.conv2,0.03597256913781166
145,blocks.13.conv1,0.03553291782736778
145,blocks.13.conv2,0.03709971904754639
145,blocks.14.conv1,0.03823813423514366
145,blocks.14.conv2,0.04014207795262337
145,blocks.15.conv1,0.037293609231710434
145,blocks.15.conv2,0.03704487532377243
145,blocks.16.conv1,0.039355240762233734
145,blocks.16.conv2,0.040852345526218414
145,blocks.17.conv1,0.04093350097537041
145,blocks.17.conv2,0.039392855018377304
145,blocks.18.conv1,0.049323730170726776
145,blocks.18.conv2,0.052884429693222046
145,blocks.19.conv1,0.051589611917734146
145,blocks.19.conv2,0.05220242217183113
145,blocks.20.conv1,0.06231216341257095
145,blocks.20.conv2,0.07694776356220245
145,blocks.21.conv1,0.09450509399175644
145,blocks.21.conv2,0.11311116069555283
145,blocks.22.conv1,0.13518334925174713
145,blocks.22.conv2,0.1640634685754776
145,blocks.23.conv1,0.18101082742214203
145,blocks.23.conv2,0.19502274692058563
145,blocks.24.conv1,0.2228163331747055
145,blocks.24.conv2,0.2634645700454712
145,blocks.25.conv1,0.28250938653945923
145,blocks.25.conv2,0.30664727091789246
145,blocks.26.conv1,0.31675535440444946
145,blocks.26.conv2,0.3265140652656555
145,blocks.27.conv1,0.3177785873413086
145,blocks.27.conv2,0.32587382197380066
145,blocks.28.conv1,0.3212527334690094
145,blocks.28.conv2,0.3280491530895233
145,blocks.29.conv1,0.30726495385169983
145,blocks.29.conv2,0.30381983518600464
145,blocks.30.conv1,0.2770008444786072
145,blocks.30.conv2,0.25380897521972656
145,blocks.31.conv1,0.21837033331394196
145,blocks.31.conv2,0.1626911759376526
145,mean_conv2d_grad_norm,0.13450278734358456
146,stem.0,0.14213788509368896
146,blocks.0.conv1,0.16049551963806152
146,blocks.0.conv2,0.21942634880542755
146,blocks.1.conv1,0.25600725412368774
146,blocks.1.conv2,0.25711706280708313
146,blocks.2.conv1,0.2241302877664566
146,blocks.2.conv2,0.1814085841178894
146,blocks.3.conv1,0.13027897477149963
146,blocks.3.conv2,0.07940004765987396
146,blocks.4.conv1,0.04899655655026436
146,blocks.4.conv2,0.035652048885822296
146,blocks.5.conv1,0.028770949691534042
146,blocks.5.conv2,0.028613384813070297
146,blocks.6.conv1,0.027796300128102303
146,blocks.6.conv2,0.027055270969867706
146,blocks.7.conv1,0.024950146675109863
146,blocks.7.conv2,0.024808842688798904
146,blocks.8.conv1,0.024566613137722015
146,blocks.8.conv2,0.023257717490196228
146,blocks.9.conv1,0.02256672829389572
146,blocks.9.conv2,0.021656382828950882
146,blocks.10.conv1,0.022573119029402733
146,blocks.10.conv2,0.02315487526357174
146,blocks.11.conv1,0.024432985112071037
146,blocks.11.conv2,0.027409635484218597
146,blocks.12.conv1,0.02935725450515747
146,blocks.12.conv2,0.031599026173353195
146,blocks.13.conv1,0.03324466198682785
146,blocks.13.conv2,0.03121340647339821
146,blocks.14.conv1,0.03673240914940834
146,blocks.14.conv2,0.0368727408349514
146,blocks.15.conv1,0.03450388461351395
146,blocks.15.conv2,0.03606398403644562
146,blocks.16.conv1,0.03662794455885887
146,blocks.16.conv2,0.037400633096694946
146,blocks.17.conv1,0.037643857300281525
146,blocks.17.conv2,0.037667565047740936
146,blocks.18.conv1,0.04560132324695587
146,blocks.18.conv2,0.0499713197350502
146,blocks.19.conv1,0.048532869666814804
146,blocks.19.conv2,0.04469830170273781
146,blocks.20.conv1,0.05331578478217125
146,blocks.20.conv2,0.06834965199232101
146,blocks.21.conv1,0.08507320284843445
146,blocks.21.conv2,0.09281264990568161
146,blocks.22.conv1,0.10571949183940887
146,blocks.22.conv2,0.11788591742515564
146,blocks.23.conv1,0.13740231096744537
146,blocks.23.conv2,0.15896987915039062
146,blocks.24.conv1,0.17665494978427887
146,blocks.24.conv2,0.19041728973388672
146,blocks.25.conv1,0.196452796459198
146,blocks.25.conv2,0.2016567587852478
146,blocks.26.conv1,0.21129979193210602
146,blocks.26.conv2,0.21600544452667236
146,blocks.27.conv1,0.20939606428146362
146,blocks.27.conv2,0.20595337450504303
146,blocks.28.conv1,0.19653211534023285
146,blocks.28.conv2,0.2003004252910614
146,blocks.29.conv1,0.19851627945899963
146,blocks.29.conv2,0.19730037450790405
146,blocks.30.conv1,0.18810266256332397
146,blocks.30.conv2,0.1706957370042801
146,blocks.31.conv1,0.14628927409648895
146,blocks.31.conv2,0.09364841133356094
146,mean_conv2d_grad_norm,0.10020223603798793
147,stem.0,0.08246605098247528
147,blocks.0.conv1,0.10292622447013855
147,blocks.0.conv2,0.14060693979263306
147,blocks.1.conv1,0.16801764070987701
147,blocks.1.conv2,0.16080918908119202
147,blocks.2.conv1,0.14393556118011475
147,blocks.2.conv2,0.11847154796123505
147,blocks.3.conv1,0.08452900499105453
147,blocks.3.conv2,0.051812831312417984
147,blocks.4.conv1,0.03721116483211517
147,blocks.4.conv2,0.030630603432655334
147,blocks.5.conv1,0.03217364475131035
147,blocks.5.conv2,0.0323336124420166
147,blocks.6.conv1,0.03141090273857117
147,blocks.6.conv2,0.03188536316156387
147,blocks.7.conv1,0.03190150856971741
147,blocks.7.conv2,0.03177078813314438
147,blocks.8.conv1,0.031630806624889374
147,blocks.8.conv2,0.03175560012459755
147,blocks.9.conv1,0.03160593658685684
147,blocks.9.conv2,0.03169122338294983
147,blocks.10.conv1,0.031491734087467194
147,blocks.10.conv2,0.03148039057850838
147,blocks.11.conv1,0.03160129860043526
147,blocks.11.conv2,0.03223488852381706
147,blocks.12.conv1,0.03216838836669922
147,blocks.12.conv2,0.032826900482177734
147,blocks.13.conv1,0.03082512691617012
147,blocks.13.conv2,0.032678812742233276
147,blocks.14.conv1,0.03311990201473236
147,blocks.14.conv2,0.03376513347029686
147,blocks.15.conv1,0.03273790702223778
147,blocks.15.conv2,0.03371486812829971
147,blocks.16.conv1,0.03352054953575134
147,blocks.16.conv2,0.03456805646419525
147,blocks.17.conv1,0.03451056405901909
147,blocks.17.conv2,0.03376409038901329
147,blocks.18.conv1,0.03542070835828781
147,blocks.18.conv2,0.038039274513721466
147,blocks.19.conv1,0.038008127361536026
147,blocks.19.conv2,0.03783015161752701
147,blocks.20.conv1,0.03997704014182091
147,blocks.20.conv2,0.044663816690444946
147,blocks.21.conv1,0.05689205974340439
147,blocks.21.conv2,0.06438014656305313
147,blocks.22.conv1,0.07354944199323654
147,blocks.22.conv2,0.08102826774120331
147,blocks.23.conv1,0.09778772294521332
147,blocks.23.conv2,0.10907036066055298
147,blocks.24.conv1,0.12649321556091309
147,blocks.24.conv2,0.1399969756603241
147,blocks.25.conv1,0.153306782245636
147,blocks.25.conv2,0.16296440362930298
147,blocks.26.conv1,0.16797345876693726
147,blocks.26.conv2,0.16621622443199158
147,blocks.27.conv1,0.16270917654037476
147,blocks.27.conv2,0.16389451920986176
147,blocks.28.conv1,0.14538656175136566
147,blocks.28.conv2,0.136655792593956
147,blocks.29.conv1,0.12675148248672485
147,blocks.29.conv2,0.12045688182115555
147,blocks.30.conv1,0.11624031513929367
147,blocks.30.conv2,0.100823774933815
147,blocks.31.conv1,0.08761609345674515
147,blocks.31.conv2,0.05662473663687706
147,mean_conv2d_grad_norm,0.07408218876673625
148,stem.0,0.10964848846197128
148,blocks.0.conv1,0.12859171628952026
148,blocks.0.conv2,0.15430809557437897
148,blocks.1.conv1,0.1616228073835373
148,blocks.1.conv2,0.16661129891872406
148,blocks.2.conv1,0.14433345198631287
148,blocks.2.conv2,0.12625589966773987
148,blocks.3.conv1,0.08736631274223328
148,blocks.3.conv2,0.05849701538681984
148,blocks.4.conv1,0.04110061749815941
148,blocks.4.conv2,0.031202787533402443
148,blocks.5.conv1,0.02995499037206173
148,blocks.5.conv2,0.029616452753543854
148,blocks.6.conv1,0.02913643978536129
148,blocks.6.conv2,0.0288750808686018
148,blocks.7.conv1,0.02823738381266594
148,blocks.7.conv2,0.027672598138451576
148,blocks.8.conv1,0.027724193409085274
148,blocks.8.conv2,0.02847701869904995
148,blocks.9.conv1,0.027555344626307487
148,blocks.9.conv2,0.027425775304436684
148,blocks.10.conv1,0.027363261207938194
148,blocks.10.conv2,0.02752440609037876
148,blocks.11.conv1,0.027568208053708076
148,blocks.11.conv2,0.029273061081767082
148,blocks.12.conv1,0.02927403524518013
148,blocks.12.conv2,0.0317009836435318
148,blocks.13.conv1,0.030740322545170784
148,blocks.13.conv2,0.03014727123081684
148,blocks.14.conv1,0.032166507095098495
148,blocks.14.conv2,0.033221662044525146
148,blocks.15.conv1,0.031980983912944794
148,blocks.15.conv2,0.03189786523580551
148,blocks.16.conv1,0.03146664798259735
148,blocks.16.conv2,0.034138210117816925
148,blocks.17.conv1,0.03520810604095459
148,blocks.17.conv2,0.03386792168021202
148,blocks.18.conv1,0.036561015993356705
148,blocks.18.conv2,0.04011251777410507
148,blocks.19.conv1,0.03684060648083687
148,blocks.19.conv2,0.0393277183175087
148,blocks.20.conv1,0.039059318602085114
148,blocks.20.conv2,0.04692985862493515
148,blocks.21.conv1,0.05779748409986496
148,blocks.21.conv2,0.0684409886598587
148,blocks.22.conv1,0.07949298620223999
148,blocks.22.conv2,0.08693023771047592
148,blocks.23.conv1,0.09729408472776413
148,blocks.23.conv2,0.11136990040540695
148,blocks.24.conv1,0.12495874613523483
148,blocks.24.conv2,0.1445535123348236
148,blocks.25.conv1,0.15695244073867798
148,blocks.25.conv2,0.16778212785720825
148,blocks.26.conv1,0.17349255084991455
148,blocks.26.conv2,0.17372091114521027
148,blocks.27.conv1,0.17107701301574707
148,blocks.27.conv2,0.17349712550640106
148,blocks.28.conv1,0.17953839898109436
148,blocks.28.conv2,0.174163818359375
148,blocks.29.conv1,0.15828368067741394
148,blocks.29.conv2,0.15102769434452057
148,blocks.30.conv1,0.15035998821258545
148,blocks.30.conv2,0.13652688264846802
148,blocks.31.conv1,0.11069204658269882
148,blocks.31.conv2,0.06600248068571091
148,mean_conv2d_grad_norm,0.07914675935529746
149,stem.0,0.0896221175789833
149,blocks.0.conv1,0.16203710436820984
149,blocks.0.conv2,0.17052152752876282
149,blocks.1.conv1,0.20398597419261932
149,blocks.1.conv2,0.19791725277900696
149,blocks.2.conv1,0.17032335698604584
149,blocks.2.conv2,0.14156252145767212
149,blocks.3.conv1,0.10196119546890259
149,blocks.3.conv2,0.05863499268889427
149,blocks.4.conv1,0.03775075450539589
149,blocks.4.conv2,0.03025854006409645
149,blocks.5.conv1,0.02883724868297577
149,blocks.5.conv2,0.029798056930303574
149,blocks.6.conv1,0.02805524878203869
149,blocks.6.conv2,0.027118142694234848
149,blocks.7.conv1,0.02643587999045849
149,blocks.7.conv2,0.026283850893378258
149,blocks.8.conv1,0.02660371921956539
149,blocks.8.conv2,0.026479406282305717
149,blocks.9.conv1,0.02625744789838791
149,blocks.9.conv2,0.026579828932881355
149,blocks.10.conv1,0.026242904365062714
149,blocks.10.conv2,0.026529401540756226
149,blocks.11.conv1,0.026338519528508186
149,blocks.11.conv2,0.02652585692703724
149,blocks.12.conv1,0.027671029791235924
149,blocks.12.conv2,0.028948187828063965
149,blocks.13.conv1,0.027199765667319298
149,blocks.13.conv2,0.028575345873832703
149,blocks.14.conv1,0.030959397554397583
149,blocks.14.conv2,0.03192488104104996
149,blocks.15.conv1,0.0314328633248806
149,blocks.15.conv2,0.03079858049750328
149,blocks.16.conv1,0.031946077942848206
149,blocks.16.conv2,0.03357592225074768
149,blocks.17.conv1,0.034786298871040344
149,blocks.17.conv2,0.03266024962067604
149,blocks.18.conv1,0.038691189140081406
149,blocks.18.conv2,0.04461318254470825
149,blocks.19.conv1,0.04074753820896149
149,blocks.19.conv2,0.044663622975349426
149,blocks.20.conv1,0.05341268703341484
149,blocks.20.conv2,0.06227649003267288
149,blocks.21.conv1,0.07053624838590622
149,blocks.21.conv2,0.08329138904809952
149,blocks.22.conv1,0.09284982830286026
149,blocks.22.conv2,0.1074083000421524
149,blocks.23.conv1,0.1207222267985344
149,blocks.23.conv2,0.1398903876543045
149,blocks.24.conv1,0.15028397738933563
149,blocks.24.conv2,0.1670137196779251
149,blocks.25.conv1,0.17209236323833466
149,blocks.25.conv2,0.1958082616329193
149,blocks.26.conv1,0.2077551782131195
149,blocks.26.conv2,0.20478811860084534
149,blocks.27.conv1,0.20248690247535706
149,blocks.27.conv2,0.18620386719703674
149,blocks.28.conv1,0.1839071363210678
149,blocks.28.conv2,0.1802438199520111
149,blocks.29.conv1,0.16621838510036469
149,blocks.29.conv2,0.1577162742614746
149,blocks.30.conv1,0.13851258158683777
149,blocks.30.conv2,0.12293480336666107
149,blocks.31.conv1,0.09280437231063843
149,blocks.31.conv2,0.05929167941212654
149,mean_conv2d_grad_norm,0.0861585227915874
150,stem.0,0.042164165526628494
150,blocks.0.conv1,0.060138821601867676
150,blocks.0.conv2,0.07297395914793015
150,blocks.1.conv1,0.07860973477363586
150,blocks.1.conv2,0.08076028525829315
150,blocks.2.conv1,0.0721789225935936
150,blocks.2.conv2,0.06475042551755905
150,blocks.3.conv1,0.044907256960868835
150,blocks.3.conv2,0.027372481301426888
150,blocks.4.conv1,0.018790872767567635
150,blocks.4.conv2,0.016055390238761902
150,blocks.5.conv1,0.015943601727485657
150,blocks.5.conv2,0.015679752454161644
150,blocks.6.conv1,0.0156453438103199
150,blocks.6.conv2,0.015252480283379555
150,blocks.7.conv1,0.015513855032622814
150,blocks.7.conv2,0.015340681187808514
150,blocks.8.conv1,0.015550294890999794
150,blocks.8.conv2,0.015431485138833523
150,blocks.9.conv1,0.015296380035579205
150,blocks.9.conv2,0.015327668748795986
150,blocks.10.conv1,0.015469980426132679
150,blocks.10.conv2,0.015303763560950756
150,blocks.11.conv1,0.015443367883563042
150,blocks.11.conv2,0.015524511225521564
150,blocks.12.conv1,0.015797149389982224
150,blocks.12.conv2,0.015278263948857784
150,blocks.13.conv1,0.01569921337068081
150,blocks.13.conv2,0.015537356026470661
150,blocks.14.conv1,0.016392452642321587
150,blocks.14.conv2,0.016131674870848656
150,blocks.15.conv1,0.015963830053806305
150,blocks.15.conv2,0.01570306532084942
150,blocks.16.conv1,0.016171667724847794
150,blocks.16.conv2,0.016878174617886543
150,blocks.17.conv1,0.01643558032810688
150,blocks.17.conv2,0.01644105836749077
150,blocks.18.conv1,0.018900519236922264
150,blocks.18.conv2,0.018328731879591942
150,blocks.19.conv1,0.018623780459165573
150,blocks.19.conv2,0.01816568523645401
150,blocks.20.conv1,0.01997939683496952
150,blocks.20.conv2,0.02470378205180168
150,blocks.21.conv1,0.026518700644373894
150,blocks.21.conv2,0.029154494404792786
150,blocks.22.conv1,0.0353984609246254
150,blocks.22.conv2,0.04132434353232384
150,blocks.23.conv1,0.04731513187289238
150,blocks.23.conv2,0.053565796464681625
150,blocks.24.conv1,0.06031409278512001
150,blocks.24.conv2,0.06908582895994186
150,blocks.25.conv1,0.07514064759016037
150,blocks.25.conv2,0.07809797674417496
150,blocks.26.conv1,0.07911673933267593
150,blocks.26.conv2,0.08049196749925613
150,blocks.27.conv1,0.08405895531177521
150,blocks.27.conv2,0.08442187309265137
150,blocks.28.conv1,0.08173634856939316
150,blocks.28.conv2,0.08142495900392532
150,blocks.29.conv1,0.07620073854923248
150,blocks.29.conv2,0.0696423128247261
150,blocks.30.conv1,0.06827004253864288
150,blocks.30.conv2,0.06685777008533478
150,blocks.31.conv1,0.06047883257269859
150,blocks.31.conv2,0.04227493330836296
150,mean_conv2d_grad_norm,0.03842227401641699
151,stem.0,0.13924387097358704
151,blocks.0.conv1,0.1464472860097885
151,blocks.0.conv2,0.19577790796756744
151,blocks.1.conv1,0.21943290531635284
151,blocks.1.conv2,0.19476179778575897
151,blocks.2.conv1,0.15764735639095306
151,blocks.2.conv2,0.13693808019161224
151,blocks.3.conv1,0.09685877710580826
151,blocks.3.conv2,0.06499778479337692
151,blocks.4.conv1,0.046046338975429535
151,blocks.4.conv2,0.03386106342077255
151,blocks.5.conv1,0.033949945122003555
151,blocks.5.conv2,0.032059554010629654
151,blocks.6.conv1,0.03341609984636307
151,blocks.6.conv2,0.031107483431696892
151,blocks.7.conv1,0.03127746284008026
151,blocks.7.conv2,0.030997226014733315
151,blocks.8.conv1,0.030578484758734703
151,blocks.8.conv2,0.030820554122328758
151,blocks.9.conv1,0.029801594093441963
151,blocks.9.conv2,0.0299860667437315
151,blocks.10.conv1,0.02997000701725483
151,blocks.10.conv2,0.0305527001619339
151,blocks.11.conv1,0.031247222796082497
151,blocks.11.conv2,0.03343959525227547
151,blocks.12.conv1,0.035121239721775055
151,blocks.12.conv2,0.03808639571070671
151,blocks.13.conv1,0.033929601311683655
151,blocks.13.conv2,0.0356624573469162
151,blocks.14.conv1,0.03985252231359482
151,blocks.14.conv2,0.03538849949836731
151,blocks.15.conv1,0.0369698591530323
151,blocks.15.conv2,0.03580347076058388
151,blocks.16.conv1,0.03666134178638458
151,blocks.16.conv2,0.03851229324936867
151,blocks.17.conv1,0.03850722685456276
151,blocks.17.conv2,0.038805071264505386
151,blocks.18.conv1,0.044995952397584915
151,blocks.18.conv2,0.04790714010596275
151,blocks.19.conv1,0.04401169717311859
151,blocks.19.conv2,0.047489605844020844
151,blocks.20.conv1,0.05067111924290657
151,blocks.20.conv2,0.05943979695439339
151,blocks.21.conv1,0.07016291469335556
151,blocks.21.conv2,0.07935690879821777
151,blocks.22.conv1,0.0911254808306694
151,blocks.22.conv2,0.10164518654346466
151,blocks.23.conv1,0.10828158259391785
151,blocks.23.conv2,0.11690099537372589
151,blocks.24.conv1,0.1324155479669571
151,blocks.24.conv2,0.15065327286720276
151,blocks.25.conv1,0.16841726005077362
151,blocks.25.conv2,0.1885894536972046
151,blocks.26.conv1,0.19783341884613037
151,blocks.26.conv2,0.1935006082057953
151,blocks.27.conv1,0.19336232542991638
151,blocks.27.conv2,0.19755946099758148
151,blocks.28.conv1,0.19005408883094788
151,blocks.28.conv2,0.1885545551776886
151,blocks.29.conv1,0.1720210760831833
151,blocks.29.conv2,0.17444851994514465
151,blocks.30.conv1,0.16820833086967468
151,blocks.30.conv2,0.154151052236557
151,blocks.31.conv1,0.12313167005777359
151,blocks.31.conv2,0.07641934603452682
151,mean_conv2d_grad_norm,0.08993577710711038
152,stem.0,0.0655863881111145
152,blocks.0.conv1,0.09651500731706619
152,blocks.0.conv2,0.12072952836751938
152,blocks.1.conv1,0.1311405450105667
152,blocks.1.conv2,0.12818963825702667
152,blocks.2.conv1,0.11603402346372604
152,blocks.2.conv2,0.10219977051019669
152,blocks.3.conv1,0.07076757401227951
152,blocks.3.conv2,0.04029606282711029
152,blocks.4.conv1,0.028324466198682785
152,blocks.4.conv2,0.022031361237168312
152,blocks.5.conv1,0.020990289747714996
152,blocks.5.conv2,0.021204615011811256
152,blocks.6.conv1,0.02082979492843151
152,blocks.6.conv2,0.020890409126877785
152,blocks.7.conv1,0.020628884434700012
152,blocks.7.conv2,0.020420178771018982
152,blocks.8.conv1,0.02058516815304756
152,blocks.8.conv2,0.020765453577041626
152,blocks.9.conv1,0.0202145054936409
152,blocks.9.conv2,0.02015593647956848
152,blocks.10.conv1,0.020119035616517067
152,blocks.10.conv2,0.02019461803138256
152,blocks.11.conv1,0.020205765962600708
152,blocks.11.conv2,0.020646166056394577
152,blocks.12.conv1,0.02079993300139904
152,blocks.12.conv2,0.021565405651926994
152,blocks.13.conv1,0.02104257047176361
152,blocks.13.conv2,0.021734341979026794
152,blocks.14.conv1,0.021586807444691658
152,blocks.14.conv2,0.02380184456706047
152,blocks.15.conv1,0.023162107914686203
152,blocks.15.conv2,0.02219228632748127
152,blocks.16.conv1,0.023263854905962944
152,blocks.16.conv2,0.02357345260679722
152,blocks.17.conv1,0.02327350340783596
152,blocks.17.conv2,0.02327052690088749
152,blocks.18.conv1,0.028901921585202217
152,blocks.18.conv2,0.02934379316866398
152,blocks.19.conv1,0.02810041978955269
152,blocks.19.conv2,0.03042168729007244
152,blocks.20.conv1,0.033852171152830124
152,blocks.20.conv2,0.036809291690588
152,blocks.21.conv1,0.044248808175325394
152,blocks.21.conv2,0.04779765009880066
152,blocks.22.conv1,0.05326436087489128
152,blocks.22.conv2,0.06502726674079895
152,blocks.23.conv1,0.07612341642379761
152,blocks.23.conv2,0.08470813930034637
152,blocks.24.conv1,0.09785908460617065
152,blocks.24.conv2,0.11427579820156097
152,blocks.25.conv1,0.12731841206550598
152,blocks.25.conv2,0.13907665014266968
152,blocks.26.conv1,0.14228083193302155
152,blocks.26.conv2,0.14134865999221802
152,blocks.27.conv1,0.13619127869606018
152,blocks.27.conv2,0.1361088752746582
152,blocks.28.conv1,0.1370101422071457
152,blocks.28.conv2,0.13529521226882935
152,blocks.29.conv1,0.13349249958992004
152,blocks.29.conv2,0.13546577095985413
152,blocks.30.conv1,0.12719956040382385
152,blocks.30.conv2,0.115177683532238
152,blocks.31.conv1,0.09597285091876984
152,blocks.31.conv2,0.05889583006501198
152,mean_conv2d_grad_norm,0.06169999829278543
153,stem.0,0.07201580703258514
153,blocks.0.conv1,0.09986463934183121
153,blocks.0.conv2,0.10895226150751114
153,blocks.1.conv1,0.12467736005783081
153,blocks.1.conv2,0.1217072606086731
153,blocks.2.conv1,0.10658684372901917
153,blocks.2.conv2,0.0899449810385704
153,blocks.3.conv1,0.06328772008419037
153,blocks.3.conv2,0.03714294359087944
153,blocks.4.conv1,0.025563154369592667
153,blocks.4.conv2,0.019073566421866417
153,blocks.5.conv1,0.020436668768525124
153,blocks.5.conv2,0.02116757445037365
153,blocks.6.conv1,0.0198206789791584
153,blocks.6.conv2,0.01989320106804371
153,blocks.7.conv1,0.019889315590262413
153,blocks.7.conv2,0.01996249333024025
153,blocks.8.conv1,0.01982150226831436
153,blocks.8.conv2,0.01967417448759079
153,blocks.9.conv1,0.019596487283706665
153,blocks.9.conv2,0.020053135231137276
153,blocks.10.conv1,0.019559143111109734
153,blocks.10.conv2,0.019977260380983353
153,blocks.11.conv1,0.0201141145080328
153,blocks.11.conv2,0.020125268027186394
153,blocks.12.conv1,0.02060469053685665
153,blocks.12.conv2,0.021701766178011894
153,blocks.13.conv1,0.020452281460165977
153,blocks.13.conv2,0.02154058776795864
153,blocks.14.conv1,0.022677171975374222
153,blocks.14.conv2,0.022982647642493248
153,blocks.15.conv1,0.02279907464981079
153,blocks.15.conv2,0.0229394119232893
153,blocks.16.conv1,0.02428269013762474
153,blocks.16.conv2,0.023723362013697624
153,blocks.17.conv1,0.023664388805627823
153,blocks.17.conv2,0.022658472880721092
153,blocks.18.conv1,0.026914644986391068
153,blocks.18.conv2,0.028717195615172386
153,blocks.19.conv1,0.027851007878780365
153,blocks.19.conv2,0.02828598953783512
153,blocks.20.conv1,0.031139547005295753
153,blocks.20.conv2,0.03541611507534981
153,blocks.21.conv1,0.04223255068063736
153,blocks.21.conv2,0.048769161105155945
153,blocks.22.conv1,0.056786004453897476
153,blocks.22.conv2,0.0677669420838356
153,blocks.23.conv1,0.08010055124759674
153,blocks.23.conv2,0.08519988507032394
153,blocks.24.conv1,0.09907935559749603
153,blocks.24.conv2,0.11175297200679779
153,blocks.25.conv1,0.11640632897615433
153,blocks.25.conv2,0.12961885333061218
153,blocks.26.conv1,0.13134868443012238
153,blocks.26.conv2,0.13628634810447693
153,blocks.27.conv1,0.1292036920785904
153,blocks.27.conv2,0.1297326683998108
153,blocks.28.conv1,0.1299968957901001
153,blocks.28.conv2,0.13061051070690155
153,blocks.29.conv1,0.1258537918329239
153,blocks.29.conv2,0.12555085122585297
153,blocks.30.conv1,0.11428571492433548
153,blocks.30.conv2,0.10847393423318863
153,blocks.31.conv1,0.09427551925182343
153,blocks.31.conv2,0.0714552029967308
153,mean_conv2d_grad_norm,0.05941607722869286
154,stem.0,0.03706565126776695
154,blocks.0.conv1,0.044662412256002426
154,blocks.0.conv2,0.05572172626852989
154,blocks.1.conv1,0.06442248076200485
154,blocks.1.conv2,0.0611003078520298
154,blocks.2.conv1,0.05628110095858574
154,blocks.2.conv2,0.04899706691503525
154,blocks.3.conv1,0.035055968910455704
154,blocks.3.conv2,0.022531475871801376
154,blocks.4.conv1,0.016969116404652596
154,blocks.4.conv2,0.01570300944149494
154,blocks.5.conv1,0.016072820872068405
154,blocks.5.conv2,0.016152039170265198
154,blocks.6.conv1,0.01586364209651947
154,blocks.6.conv2,0.01603807508945465
154,blocks.7.conv1,0.01606261171400547
154,blocks.7.conv2,0.016119126230478287
154,blocks.8.conv1,0.01604599505662918
154,blocks.8.conv2,0.01607544906437397
154,blocks.9.conv1,0.016106072813272476
154,blocks.9.conv2,0.01622382178902626
154,blocks.10.conv1,0.016058392822742462
154,blocks.10.conv2,0.016120512038469315
154,blocks.11.conv1,0.015937117859721184
154,blocks.11.conv2,0.015620555728673935
154,blocks.12.conv1,0.01516439113765955
154,blocks.12.conv2,0.015299782156944275
154,blocks.13.conv1,0.015255547128617764
154,blocks.13.conv2,0.01552492380142212
154,blocks.14.conv1,0.01493296679109335
154,blocks.14.conv2,0.015770195052027702
154,blocks.15.conv1,0.01534020621329546
154,blocks.15.conv2,0.015280594117939472
154,blocks.16.conv1,0.015470152720808983
154,blocks.16.conv2,0.014922275207936764
154,blocks.17.conv1,0.01574290543794632
154,blocks.17.conv2,0.0150687824934721
154,blocks.18.conv1,0.015627769753336906
154,blocks.18.conv2,0.01704886369407177
154,blocks.19.conv1,0.01747145876288414
154,blocks.19.conv2,0.01735851913690567
154,blocks.20.conv1,0.017875736579298973
154,blocks.20.conv2,0.019663508981466293
154,blocks.21.conv1,0.023703936487436295
154,blocks.21.conv2,0.02537057176232338
154,blocks.22.conv1,0.03123154677450657
154,blocks.22.conv2,0.03633269667625427
154,blocks.23.conv1,0.039844218641519547
154,blocks.23.conv2,0.043514665216207504
154,blocks.24.conv1,0.04905710741877556
154,blocks.24.conv2,0.05369160696864128
154,blocks.25.conv1,0.05900504067540169
154,blocks.25.conv2,0.06654050946235657
154,blocks.26.conv1,0.06742473691701889
154,blocks.26.conv2,0.06785973906517029
154,blocks.27.conv1,0.06607519090175629
154,blocks.27.conv2,0.06759319454431534
154,blocks.28.conv1,0.07005202025175095
154,blocks.28.conv2,0.07129669934511185
154,blocks.29.conv1,0.06600116193294525
154,blocks.29.conv2,0.061041004955768585
154,blocks.30.conv1,0.058653730899095535
154,blocks.30.conv2,0.053218305110931396
154,blocks.31.conv1,0.04579935967922211
154,blocks.31.conv2,0.031217601150274277
154,mean_conv2d_grad_norm,0.03271307343473801
155,stem.0,0.06135426089167595
155,blocks.0.conv1,0.07016443461179733
155,blocks.0.conv2,0.08517268300056458
155,blocks.1.conv1,0.09540562331676483
155,blocks.1.conv2,0.0874151960015297
155,blocks.2.conv1,0.07733204215765
155,blocks.2.conv2,0.06762851029634476
155,blocks.3.conv1,0.04943876713514328
155,blocks.3.conv2,0.035024493932724
155,blocks.4.conv1,0.027032015845179558
155,blocks.4.conv2,0.026404311880469322
155,blocks.5.conv1,0.024175003170967102
155,blocks.5.conv2,0.0242566280066967
155,blocks.6.conv1,0.02453758381307125
155,blocks.6.conv2,0.024127641692757607
155,blocks.7.conv1,0.024054741486907005
155,blocks.7.conv2,0.023988129571080208
155,blocks.8.conv1,0.024065012112259865
155,blocks.8.conv2,0.023861544206738472
155,blocks.9.conv1,0.023672953248023987
155,blocks.9.conv2,0.023822784423828125
155,blocks.10.conv1,0.023811280727386475
155,blocks.10.conv2,0.023943960666656494
155,blocks.11.conv1,0.02391214668750763
155,blocks.11.conv2,0.024215104058384895
155,blocks.12.conv1,0.024632051587104797
155,blocks.12.conv2,0.02544333040714264
155,blocks.13.conv1,0.025154197588562965
155,blocks.13.conv2,0.024999158456921577
155,blocks.14.conv1,0.025079671293497086
155,blocks.14.conv2,0.02590615302324295
155,blocks.15.conv1,0.025213763117790222
155,blocks.15.conv2,0.025384243577718735
155,blocks.16.conv1,0.02500542812049389
155,blocks.16.conv2,0.025926565751433372
155,blocks.17.conv1,0.026816245168447495
155,blocks.17.conv2,0.026409821584820747
155,blocks.18.conv1,0.027896130457520485
155,blocks.18.conv2,0.02823363058269024
155,blocks.19.conv1,0.02806047350168228
155,blocks.19.conv2,0.02627387084066868
155,blocks.20.conv1,0.026803195476531982
155,blocks.20.conv2,0.030004696920514107
155,blocks.21.conv1,0.035153184086084366
155,blocks.21.conv2,0.03882119059562683
155,blocks.22.conv1,0.04282350838184357
155,blocks.22.conv2,0.047660015523433685
155,blocks.23.conv1,0.05308159068226814
155,blocks.23.conv2,0.05811600759625435
155,blocks.24.conv1,0.06369338929653168
155,blocks.24.conv2,0.07198777049779892
155,blocks.25.conv1,0.0731881782412529
155,blocks.25.conv2,0.07803584635257721
155,blocks.26.conv1,0.07871479541063309
155,blocks.26.conv2,0.0758146122097969
155,blocks.27.conv1,0.0758206769824028
155,blocks.27.conv2,0.07783044129610062
155,blocks.28.conv1,0.07656531035900116
155,blocks.28.conv2,0.07356748729944229
155,blocks.29.conv1,0.06783633679151535
155,blocks.29.conv2,0.06456949561834335
155,blocks.30.conv1,0.058472584933042526
155,blocks.30.conv2,0.05388682708144188
155,blocks.31.conv1,0.04583735018968582
155,blocks.31.conv2,0.031735196709632874
155,mean_conv2d_grad_norm,0.04361955810051698
156,stem.0,0.24931272864341736
156,blocks.0.conv1,0.27705997228622437
156,blocks.0.conv2,0.2907017469406128
156,blocks.1.conv1,0.31030723452568054
156,blocks.1.conv2,0.2950887680053711
156,blocks.2.conv1,0.2693154811859131
156,blocks.2.conv2,0.22857163846492767
156,blocks.3.conv1,0.16614742577075958
156,blocks.3.conv2,0.10198121517896652
156,blocks.4.conv1,0.07077900320291519
156,blocks.4.conv2,0.05682358518242836
156,blocks.5.conv1,0.05375945568084717
156,blocks.5.conv2,0.05583738163113594
156,blocks.6.conv1,0.05354365333914757
156,blocks.6.conv2,0.05316353961825371
156,blocks.7.conv1,0.05360667034983635
156,blocks.7.conv2,0.052990227937698364
156,blocks.8.conv1,0.053601544350385666
156,blocks.8.conv2,0.052421290427446365
156,blocks.9.conv1,0.05232676863670349
156,blocks.9.conv2,0.05193217098712921
156,blocks.10.conv1,0.052659980952739716
156,blocks.10.conv2,0.052611906081438065
156,blocks.11.conv1,0.05299888923764229
156,blocks.11.conv2,0.054184120148420334
156,blocks.12.conv1,0.05636194720864296
156,blocks.12.conv2,0.055382680147886276
156,blocks.13.conv1,0.057065948843955994
156,blocks.13.conv2,0.05678389593958855
156,blocks.14.conv1,0.05949098616838455
156,blocks.14.conv2,0.06424348801374435
156,blocks.15.conv1,0.06010199710726738
156,blocks.15.conv2,0.0588807575404644
156,blocks.16.conv1,0.06255053728818893
156,blocks.16.conv2,0.06582891196012497
156,blocks.17.conv1,0.06801176071166992
156,blocks.17.conv2,0.06560355424880981
156,blocks.18.conv1,0.07507417351007462
156,blocks.18.conv2,0.08111760765314102
156,blocks.19.conv1,0.07787255942821503
156,blocks.19.conv2,0.08064911514520645
156,blocks.20.conv1,0.08792860060930252
156,blocks.20.conv2,0.10494348406791687
156,blocks.21.conv1,0.12035586684942245
156,blocks.21.conv2,0.1339411735534668
156,blocks.22.conv1,0.15679870545864105
156,blocks.22.conv2,0.17495420575141907
156,blocks.23.conv1,0.1953384429216385
156,blocks.23.conv2,0.21631403267383575
156,blocks.24.conv1,0.23575818538665771
156,blocks.24.conv2,0.26744431257247925
156,blocks.25.conv1,0.2867891490459442
156,blocks.25.conv2,0.3151169419288635
156,blocks.26.conv1,0.33630090951919556
156,blocks.26.conv2,0.35188722610473633
156,blocks.27.conv1,0.350816011428833
156,blocks.27.conv2,0.3619827628135681
156,blocks.28.conv1,0.3557823896408081
156,blocks.28.conv2,0.36733970046043396
156,blocks.29.conv1,0.34546324610710144
156,blocks.29.conv2,0.3293669819831848
156,blocks.30.conv1,0.3055623173713684
156,blocks.30.conv2,0.28244832158088684
156,blocks.31.conv1,0.2452697902917862
156,blocks.31.conv2,0.16456730663776398
156,mean_conv2d_grad_norm,0.15691102129908707
157,stem.0,0.08147387206554413
157,blocks.0.conv1,0.0950888842344284
157,blocks.0.conv2,0.11882426589727402
157,blocks.1.conv1,0.13271085917949677
157,blocks.1.conv2,0.13535314798355103
157,blocks.2.conv1,0.12225840240716934
157,blocks.2.conv2,0.10157161206007004
157,blocks.3.conv1,0.07553086429834366
157,blocks.3.conv2,0.04702695831656456
157,blocks.4.conv1,0.029714742675423622
157,blocks.4.conv2,0.024223752319812775
157,blocks.5.conv1,0.023386450484395027
157,blocks.5.conv2,0.0237971730530262
157,blocks.6.conv1,0.023144327104091644
157,blocks.6.conv2,0.022875415161252022
157,blocks.7.conv1,0.02203294076025486
157,blocks.7.conv2,0.022146005183458328
157,blocks.8.conv1,0.021784601733088493
157,blocks.8.conv2,0.022674372419714928
157,blocks.9.conv1,0.021488007158041
157,blocks.9.conv2,0.02155272848904133
157,blocks.10.conv1,0.02150220423936844
157,blocks.10.conv2,0.021794738247990608
157,blocks.11.conv1,0.021939357742667198
157,blocks.11.conv2,0.022734707221388817
157,blocks.12.conv1,0.022720975801348686
157,blocks.12.conv2,0.02452103979885578
157,blocks.13.conv1,0.023068338632583618
157,blocks.13.conv2,0.024617355316877365
157,blocks.14.conv1,0.02488355152308941
157,blocks.14.conv2,0.028278037905693054
157,blocks.15.conv1,0.026495130732655525
157,blocks.15.conv2,0.02613425813615322
157,blocks.16.conv1,0.02646939642727375
157,blocks.16.conv2,0.028102435171604156
157,blocks.17.conv1,0.027661507949233055
157,blocks.17.conv2,0.02810944803059101
157,blocks.18.conv1,0.029699599370360374
157,blocks.18.conv2,0.03255964443087578
157,blocks.19.conv1,0.03223453089594841
157,blocks.19.conv2,0.029641635715961456
157,blocks.20.conv1,0.034659285098314285
157,blocks.20.conv2,0.038996193557977676
157,blocks.21.conv1,0.047966450452804565
157,blocks.21.conv2,0.0545760877430439
157,blocks.22.conv1,0.0641544759273529
157,blocks.22.conv2,0.07455448806285858
157,blocks.23.conv1,0.08218032121658325
157,blocks.23.conv2,0.09264057129621506
157,blocks.24.conv1,0.10196425765752792
157,blocks.24.conv2,0.11101536452770233
157,blocks.25.conv1,0.12166769057512283
157,blocks.25.conv2,0.13417597115039825
157,blocks.26.conv1,0.1388506293296814
157,blocks.26.conv2,0.14227284491062164
157,blocks.27.conv1,0.134499192237854
157,blocks.27.conv2,0.13294583559036255
157,blocks.28.conv1,0.12834981083869934
157,blocks.28.conv2,0.12505483627319336
157,blocks.29.conv1,0.11112953722476959
157,blocks.29.conv2,0.10796553641557693
157,blocks.30.conv1,0.10145585238933563
157,blocks.30.conv2,0.09814543277025223
157,blocks.31.conv1,0.08732324093580246
157,blocks.31.conv2,0.060678448528051376
157,mean_conv2d_grad_norm,0.06213922509207175
158,stem.0,0.02693682722747326
158,blocks.0.conv1,0.05103779584169388
158,blocks.0.conv2,0.05559783801436424
158,blocks.1.conv1,0.060533203184604645
158,blocks.1.conv2,0.05463786795735359
158,blocks.2.conv1,0.049404192715883255
158,blocks.2.conv2,0.04040144383907318
158,blocks.3.conv1,0.027682581916451454
158,blocks.3.conv2,0.01640065386891365
158,blocks.4.conv1,0.011229810304939747
158,blocks.4.conv2,0.006140935234725475
158,blocks.5.conv1,0.006085336674004793
158,blocks.5.conv2,0.00591431325301528
158,blocks.6.conv1,0.005819904617965221
158,blocks.6.conv2,0.005000859498977661
158,blocks.7.conv1,0.005042032804340124
158,blocks.7.conv2,0.0050383517518639565
158,blocks.8.conv1,0.004929414950311184
158,blocks.8.conv2,0.004606274887919426
158,blocks.9.conv1,0.004629152361303568
158,blocks.9.conv2,0.004503058269619942
158,blocks.10.conv1,0.004591355565935373
158,blocks.10.conv2,0.004691395442932844
158,blocks.11.conv1,0.005197133868932724
158,blocks.11.conv2,0.005871788132935762
158,blocks.12.conv1,0.0064826663583517075
158,blocks.12.conv2,0.007089751306921244
158,blocks.13.conv1,0.00640949746593833
158,blocks.13.conv2,0.006608386989682913
158,blocks.14.conv1,0.008037468418478966
158,blocks.14.conv2,0.007672347594052553
158,blocks.15.conv1,0.007417736109346151
158,blocks.15.conv2,0.007423825096338987
158,blocks.16.conv1,0.007472072262316942
158,blocks.16.conv2,0.007740494329482317
158,blocks.17.conv1,0.008253188803792
158,blocks.17.conv2,0.007796401157975197
158,blocks.18.conv1,0.010558298788964748
158,blocks.18.conv2,0.01078394241631031
158,blocks.19.conv1,0.009964607656002045
158,blocks.19.conv2,0.010166876018047333
158,blocks.20.conv1,0.011082682758569717
158,blocks.20.conv2,0.014728322625160217
158,blocks.21.conv1,0.01811458170413971
158,blocks.21.conv2,0.020968487486243248
158,blocks.22.conv1,0.025261295959353447
158,blocks.22.conv2,0.027874497696757317
158,blocks.23.conv1,0.03151910379528999
158,blocks.23.conv2,0.035457003861665726
158,blocks.24.conv1,0.04122195392847061
158,blocks.24.conv2,0.04665687307715416
158,blocks.25.conv1,0.05078742653131485
158,blocks.25.conv2,0.055342283099889755
158,blocks.26.conv1,0.05795089900493622
158,blocks.26.conv2,0.057158082723617554
158,blocks.27.conv1,0.056391842663288116
158,blocks.27.conv2,0.055823154747486115
158,blocks.28.conv1,0.05475075542926788
158,blocks.28.conv2,0.0539211742579937
158,blocks.29.conv1,0.053078871220350266
158,blocks.29.conv2,0.04858590289950371
158,blocks.30.conv1,0.04322558268904686
158,blocks.30.conv2,0.04008881747722626
158,blocks.31.conv1,0.03606889396905899
158,blocks.31.conv2,0.021617833524942398
158,mean_conv2d_grad_norm,0.023991960093665582
159,stem.0,0.12105382978916168
159,blocks.0.conv1,0.13441935181617737
159,blocks.0.conv2,0.15865446627140045
159,blocks.1.conv1,0.1958257406949997
159,blocks.1.conv2,0.1836698204278946
159,blocks.2.conv1,0.17103080451488495
159,blocks.2.conv2,0.14445818960666656
159,blocks.3.conv1,0.10674301534891129
159,blocks.3.conv2,0.06370373070240021
159,blocks.4.conv1,0.04274849221110344
159,blocks.4.conv2,0.03557181730866432
159,blocks.5.conv1,0.03380488231778145
159,blocks.5.conv2,0.033506687730550766
159,blocks.6.conv1,0.033536314964294434
159,blocks.6.conv2,0.032480768859386444
159,blocks.7.conv1,0.03220903128385544
159,blocks.7.conv2,0.03214375674724579
159,blocks.8.conv1,0.032619282603263855
159,blocks.8.conv2,0.03180156275629997
159,blocks.9.conv1,0.031188102439045906
159,blocks.9.conv2,0.030652260407805443
159,blocks.10.conv1,0.031077206134796143
159,blocks.10.conv2,0.031168127432465553
159,blocks.11.conv1,0.032033275812864304
159,blocks.11.conv2,0.03338399901986122
159,blocks.12.conv1,0.034981317818164825
159,blocks.12.conv2,0.03547272831201553
159,blocks.13.conv1,0.035166651010513306
159,blocks.13.conv2,0.03521227836608887
159,blocks.14.conv1,0.037866655737161636
159,blocks.14.conv2,0.038019467145204544
159,blocks.15.conv1,0.037149578332901
159,blocks.15.conv2,0.03730432689189911
159,blocks.16.conv1,0.03851541876792908
159,blocks.16.conv2,0.03856232762336731
159,blocks.17.conv1,0.03775576129555702
159,blocks.17.conv2,0.03784259036183357
159,blocks.18.conv1,0.04428072273731232
159,blocks.18.conv2,0.046489275991916656
159,blocks.19.conv1,0.04687695577740669
159,blocks.19.conv2,0.04421403259038925
159,blocks.20.conv1,0.04837418720126152
159,blocks.20.conv2,0.05656495317816734
159,blocks.21.conv1,0.06933096051216125
159,blocks.21.conv2,0.0799717903137207
159,blocks.22.conv1,0.08942174911499023
159,blocks.22.conv2,0.103829525411129
159,blocks.23.conv1,0.11199416220188141
159,blocks.23.conv2,0.12666425108909607
159,blocks.24.conv1,0.14502431452274323
159,blocks.24.conv2,0.1604243516921997
159,blocks.25.conv1,0.17610742151737213
159,blocks.25.conv2,0.20543280243873596
159,blocks.26.conv1,0.22492541372776031
159,blocks.26.conv2,0.21290527284145355
159,blocks.27.conv1,0.2166520357131958
159,blocks.27.conv2,0.2191113382577896
159,blocks.28.conv1,0.21426905691623688
159,blocks.28.conv2,0.213649183511734
159,blocks.29.conv1,0.19752736389636993
159,blocks.29.conv2,0.18294461071491241
159,blocks.30.conv1,0.1694873720407486
159,blocks.30.conv2,0.15332789719104767
159,blocks.31.conv1,0.12558461725711823
159,blocks.31.conv2,0.080849789083004
159,mean_conv2d_grad_norm,0.09260875425086572
160,stem.0,0.031969811767339706
160,blocks.0.conv1,0.05719515308737755
160,blocks.0.conv2,0.07624459266662598
160,blocks.1.conv1,0.07291299104690552
160,blocks.1.conv2,0.06357042491436005
160,blocks.2.conv1,0.05542321503162384
160,blocks.2.conv2,0.04771021381020546
160,blocks.3.conv1,0.034434642642736435
160,blocks.3.conv2,0.02160906419157982
160,blocks.4.conv1,0.013700637966394424
160,blocks.4.conv2,0.01003156416118145
160,blocks.5.conv1,0.007518838159739971
160,blocks.5.conv2,0.00815020501613617
160,blocks.6.conv1,0.008098157122731209
160,blocks.6.conv2,0.00776486424729228
160,blocks.7.conv1,0.00743996724486351
160,blocks.7.conv2,0.007228837348520756
160,blocks.8.conv1,0.007447402458637953
160,blocks.8.conv2,0.007199198938906193
160,blocks.9.conv1,0.006920198444277048
160,blocks.9.conv2,0.0068572997115552425
160,blocks.10.conv1,0.006860548164695501
160,blocks.10.conv2,0.007052937988191843
160,blocks.11.conv1,0.007195614278316498
160,blocks.11.conv2,0.007828948087990284
160,blocks.12.conv1,0.008433577604591846
160,blocks.12.conv2,0.00930013321340084
160,blocks.13.conv1,0.00988267082720995
160,blocks.13.conv2,0.009310496971011162
160,blocks.14.conv1,0.010264942422509193
160,blocks.14.conv2,0.01122369710355997
160,blocks.15.conv1,0.010136110708117485
160,blocks.15.conv2,0.010390276089310646
160,blocks.16.conv1,0.010176696814596653
160,blocks.16.conv2,0.010896429419517517
160,blocks.17.conv1,0.01091745588928461
160,blocks.17.conv2,0.010700060985982418
160,blocks.18.conv1,0.012532563880085945
160,blocks.18.conv2,0.013657206669449806
160,blocks.19.conv1,0.013142730109393597
160,blocks.19.conv2,0.013434655964374542
160,blocks.20.conv1,0.014572126790881157
160,blocks.20.conv2,0.019023923203349113
160,blocks.21.conv1,0.022478386759757996
160,blocks.21.conv2,0.028370507061481476
160,blocks.22.conv1,0.031466953456401825
160,blocks.22.conv2,0.03718944266438484
160,blocks.23.conv1,0.04117528721690178
160,blocks.23.conv2,0.04359358176589012
160,blocks.24.conv1,0.04782072454690933
160,blocks.24.conv2,0.05393422394990921
160,blocks.25.conv1,0.05837859585881233
160,blocks.25.conv2,0.06252375990152359
160,blocks.26.conv1,0.06489566713571548
160,blocks.26.conv2,0.06631087511777878
160,blocks.27.conv1,0.06495741009712219
160,blocks.27.conv2,0.06640347093343735
160,blocks.28.conv1,0.061943843960762024
160,blocks.28.conv2,0.05894222483038902
160,blocks.29.conv1,0.056836679577827454
160,blocks.29.conv2,0.05753123760223389
160,blocks.30.conv1,0.05463998392224312
160,blocks.30.conv2,0.05211777240037918
160,blocks.31.conv1,0.040928490459918976
160,blocks.31.conv2,0.0223072562366724
160,mean_conv2d_grad_norm,0.02909396090186559
161,stem.0,0.06874826550483704
161,blocks.0.conv1,0.10009544342756271
161,blocks.0.conv2,0.11846570670604706
161,blocks.1.conv1,0.13411760330200195
161,blocks.1.conv2,0.1345914602279663
161,blocks.2.conv1,0.11526282876729965
161,blocks.2.conv2,0.10138735175132751
161,blocks.3.conv1,0.07438072562217712
161,blocks.3.conv2,0.04239964112639427
161,blocks.4.conv1,0.029942376539111137
161,blocks.4.conv2,0.024874964728951454
161,blocks.5.conv1,0.025108899921178818
161,blocks.5.conv2,0.02483530156314373
161,blocks.6.conv1,0.024756815284490585
161,blocks.6.conv2,0.024136362597346306
161,blocks.7.conv1,0.024635110050439835
161,blocks.7.conv2,0.024523086845874786
161,blocks.8.conv1,0.024882635101675987
161,blocks.8.conv2,0.024950606748461723
161,blocks.9.conv1,0.024567464366555214
161,blocks.9.conv2,0.024172719568014145
161,blocks.10.conv1,0.024371037259697914
161,blocks.10.conv2,0.024297550320625305
161,blocks.11.conv1,0.023980185389518738
161,blocks.11.conv2,0.024407919496297836
161,blocks.12.conv1,0.023779883980751038
161,blocks.12.conv2,0.022846953943371773
161,blocks.13.conv1,0.023722996935248375
161,blocks.13.conv2,0.023578373715281487
161,blocks.14.conv1,0.026065735146403313
161,blocks.14.conv2,0.024835390970110893
161,blocks.15.conv1,0.024870656430721283
161,blocks.15.conv2,0.02519986964762211
161,blocks.16.conv1,0.025274058803915977
161,blocks.16.conv2,0.027188338339328766
161,blocks.17.conv1,0.027018630877137184
161,blocks.17.conv2,0.02800663933157921
161,blocks.18.conv1,0.029933298006653786
161,blocks.18.conv2,0.030982697382569313
161,blocks.19.conv1,0.03131500631570816
161,blocks.19.conv2,0.031085500493645668
161,blocks.20.conv1,0.034113284200429916
161,blocks.20.conv2,0.03911778703331947
161,blocks.21.conv1,0.046759795397520065
161,blocks.21.conv2,0.05495477840304375
161,blocks.22.conv1,0.06257573515176773
161,blocks.22.conv2,0.0736490935087204
161,blocks.23.conv1,0.08539971709251404
161,blocks.23.conv2,0.09599747508764267
161,blocks.24.conv1,0.11054150760173798
161,blocks.24.conv2,0.11797532439231873
161,blocks.25.conv1,0.12941934168338776
161,blocks.25.conv2,0.1375877559185028
161,blocks.26.conv1,0.14493000507354736
161,blocks.26.conv2,0.14163179695606232
161,blocks.27.conv1,0.1401328444480896
161,blocks.27.conv2,0.13206030428409576
161,blocks.28.conv1,0.12928971648216248
161,blocks.28.conv2,0.12686748802661896
161,blocks.29.conv1,0.12190359085798264
161,blocks.29.conv2,0.1145709976553917
161,blocks.30.conv1,0.10161834210157394
161,blocks.30.conv2,0.08758685737848282
161,blocks.31.conv1,0.08227648586034775
161,blocks.31.conv2,0.056198835372924805
161,mean_conv2d_grad_norm,0.0627808454231574
162,stem.0,0.050465285778045654
162,blocks.0.conv1,0.060184888541698456
162,blocks.0.conv2,0.07018124312162399
162,blocks.1.conv1,0.07713557034730911
162,blocks.1.conv2,0.07638828456401825
162,blocks.2.conv1,0.06568174064159393
162,blocks.2.conv2,0.056543849408626556
162,blocks.3.conv1,0.04068552330136299
162,blocks.3.conv2,0.02610359899699688
162,blocks.4.conv1,0.016702627763152122
162,blocks.4.conv2,0.01458754763007164
162,blocks.5.conv1,0.013859424740076065
162,blocks.5.conv2,0.014201986603438854
162,blocks.6.conv1,0.01356926653534174
162,blocks.6.conv2,0.01348466519266367
162,blocks.7.conv1,0.013195031322538853
162,blocks.7.conv2,0.013098789379000664
162,blocks.8.conv1,0.013042176142334938
162,blocks.8.conv2,0.01304703950881958
162,blocks.9.conv1,0.012920625507831573
162,blocks.9.conv2,0.013003820553421974
162,blocks.10.conv1,0.012936955317854881
162,blocks.10.conv2,0.01297061424702406
162,blocks.11.conv1,0.012966855429112911
162,blocks.11.conv2,0.013319036923348904
162,blocks.12.conv1,0.013527481816709042
162,blocks.12.conv2,0.013962398283183575
162,blocks.13.conv1,0.013932894915342331
162,blocks.13.conv2,0.01417079009115696
162,blocks.14.conv1,0.014155533164739609
162,blocks.14.conv2,0.01550595834851265
162,blocks.15.conv1,0.014484833925962448
162,blocks.15.conv2,0.014176007360219955
162,blocks.16.conv1,0.0142237339168787
162,blocks.16.conv2,0.01485488098114729
162,blocks.17.conv1,0.014741121791303158
162,blocks.17.conv2,0.014473318122327328
162,blocks.18.conv1,0.016925377771258354
162,blocks.18.conv2,0.018675943836569786
162,blocks.19.conv1,0.017943335697054863
162,blocks.19.conv2,0.01879417523741722
162,blocks.20.conv1,0.022777432575821877
162,blocks.20.conv2,0.02567964233458042
162,blocks.21.conv1,0.029900647699832916
162,blocks.21.conv2,0.031485192477703094
162,blocks.22.conv1,0.034873805940151215
162,blocks.22.conv2,0.03879839926958084
162,blocks.23.conv1,0.044830940663814545
162,blocks.23.conv2,0.05085374414920807
162,blocks.24.conv1,0.05805564671754837
162,blocks.24.conv2,0.06045456975698471
162,blocks.25.conv1,0.06756453216075897
162,blocks.25.conv2,0.07222765684127808
162,blocks.26.conv1,0.07647906988859177
162,blocks.26.conv2,0.07576562464237213
162,blocks.27.conv1,0.07443228363990784
162,blocks.27.conv2,0.07451172173023224
162,blocks.28.conv1,0.07623814791440964
162,blocks.28.conv2,0.07757040113210678
162,blocks.29.conv1,0.07561803609132767
162,blocks.29.conv2,0.07023059576749802
162,blocks.30.conv1,0.06552130728960037
162,blocks.30.conv2,0.05577707290649414
162,blocks.31.conv1,0.04708414152264595
162,blocks.31.conv2,0.03433789312839508
162,mean_conv2d_grad_norm,0.03578296521535287
163,stem.0,0.0465325228869915
163,blocks.0.conv1,0.0631406381726265
163,blocks.0.conv2,0.07730001956224442
163,blocks.1.conv1,0.08901647478342056
163,blocks.1.conv2,0.08593400567770004
163,blocks.2.conv1,0.07633434236049652
163,blocks.2.conv2,0.0655602440237999
163,blocks.3.conv1,0.0474560409784317
163,blocks.3.conv2,0.02970602922141552
163,blocks.4.conv1,0.022640639916062355
163,blocks.4.conv2,0.02182392217218876
163,blocks.5.conv1,0.021981339901685715
163,blocks.5.conv2,0.022089103236794472
163,blocks.6.conv1,0.022064484655857086
163,blocks.6.conv2,0.02177300490438938
163,blocks.7.conv1,0.022202378138899803
163,blocks.7.conv2,0.02200082503259182
163,blocks.8.conv1,0.022327352315187454
163,blocks.8.conv2,0.022250909358263016
163,blocks.9.conv1,0.02216252125799656
163,blocks.9.conv2,0.022200584411621094
163,blocks.10.conv1,0.02219054102897644
163,blocks.10.conv2,0.022235214710235596
163,blocks.11.conv1,0.022148065268993378
163,blocks.11.conv2,0.022152889519929886
163,blocks.12.conv1,0.021870851516723633
163,blocks.12.conv2,0.021433742716908455
163,blocks.13.conv1,0.021640561521053314
163,blocks.13.conv2,0.021556830033659935
163,blocks.14.conv1,0.02146746590733528
163,blocks.14.conv2,0.021682633087038994
163,blocks.15.conv1,0.021898720413446426
163,blocks.15.conv2,0.021613450720906258
163,blocks.16.conv1,0.021383821964263916
163,blocks.16.conv2,0.02171395719051361
163,blocks.17.conv1,0.022095292806625366
163,blocks.17.conv2,0.021732356399297714
163,blocks.18.conv1,0.02313215099275112
163,blocks.18.conv2,0.02339344471693039
163,blocks.19.conv1,0.023315006867051125
163,blocks.19.conv2,0.02347678132355213
163,blocks.20.conv1,0.024177994579076767
163,blocks.20.conv2,0.02621232345700264
163,blocks.21.conv1,0.029175886884331703
163,blocks.21.conv2,0.03197885677218437
163,blocks.22.conv1,0.03846163675189018
163,blocks.22.conv2,0.043622806668281555
163,blocks.23.conv1,0.04858480021357536
163,blocks.23.conv2,0.05266554281115532
163,blocks.24.conv1,0.06192905455827713
163,blocks.24.conv2,0.07204050570726395
163,blocks.25.conv1,0.07747674733400345
163,blocks.25.conv2,0.0809561088681221
163,blocks.26.conv1,0.08386577665805817
163,blocks.26.conv2,0.08576326072216034
163,blocks.27.conv1,0.08415306359529495
163,blocks.27.conv2,0.08171965926885605
163,blocks.28.conv1,0.08114653080701828
163,blocks.28.conv2,0.07898126542568207
163,blocks.29.conv1,0.08014169335365295
163,blocks.29.conv2,0.07853162288665771
163,blocks.30.conv1,0.07227535545825958
163,blocks.30.conv2,0.06746614724397659
163,blocks.31.conv1,0.06464284658432007
163,blocks.31.conv2,0.04764222726225853
163,mean_conv2d_grad_norm,0.042803736546864875
164,stem.0,0.10502726584672928
164,blocks.0.conv1,0.13645032048225403
164,blocks.0.conv2,0.16319431364536285
164,blocks.1.conv1,0.18439896404743195
164,blocks.1.conv2,0.18834874033927917
164,blocks.2.conv1,0.1811164915561676
164,blocks.2.conv2,0.15803851187229156
164,blocks.3.conv1,0.11207367479801178
164,blocks.3.conv2,0.06285662949085236
164,blocks.4.conv1,0.0431077741086483
164,blocks.4.conv2,0.035355351865291595
164,blocks.5.conv1,0.03240848332643509
164,blocks.5.conv2,0.03283817321062088
164,blocks.6.conv1,0.03223457932472229
164,blocks.6.conv2,0.03044179268181324
164,blocks.7.conv1,0.030827583745121956
164,blocks.7.conv2,0.030514156445860863
164,blocks.8.conv1,0.03125796467065811
164,blocks.8.conv2,0.029600925743579865
164,blocks.9.conv1,0.029905177652835846
164,blocks.9.conv2,0.029785597696900368
164,blocks.10.conv1,0.029841311275959015
164,blocks.10.conv2,0.029886115342378616
164,blocks.11.conv1,0.03072165884077549
164,blocks.11.conv2,0.0315476693212986
164,blocks.12.conv1,0.03305206075310707
164,blocks.12.conv2,0.032958000898361206
164,blocks.13.conv1,0.03354989364743233
164,blocks.13.conv2,0.033307306468486786
164,blocks.14.conv1,0.036639560014009476
164,blocks.14.conv2,0.03591965138912201
164,blocks.15.conv1,0.03555199131369591
164,blocks.15.conv2,0.03563189506530762
164,blocks.16.conv1,0.03662785515189171
164,blocks.16.conv2,0.03728187084197998
164,blocks.17.conv1,0.03565526008605957
164,blocks.17.conv2,0.035842254757881165
164,blocks.18.conv1,0.03993278369307518
164,blocks.18.conv2,0.04232237860560417
164,blocks.19.conv1,0.0402563102543354
164,blocks.19.conv2,0.03974337875843048
164,blocks.20.conv1,0.04305782914161682
164,blocks.20.conv2,0.05375911295413971
164,blocks.21.conv1,0.066684789955616
164,blocks.21.conv2,0.0758712887763977
164,blocks.22.conv1,0.09022434055805206
164,blocks.22.conv2,0.10563208907842636
164,blocks.23.conv1,0.1189955323934555
164,blocks.23.conv2,0.1324281096458435
164,blocks.24.conv1,0.14245328307151794
164,blocks.24.conv2,0.1555308699607849
164,blocks.25.conv1,0.1589217633008957
164,blocks.25.conv2,0.16099315881729126
164,blocks.26.conv1,0.16914591193199158
164,blocks.26.conv2,0.1726745069026947
164,blocks.27.conv1,0.15933819115161896
164,blocks.27.conv2,0.1451653093099594
164,blocks.28.conv1,0.145157128572464
164,blocks.28.conv2,0.1429595947265625
164,blocks.29.conv1,0.1410614401102066
164,blocks.29.conv2,0.12294315546751022
164,blocks.30.conv1,0.1029551550745964
164,blocks.30.conv2,0.09330674260854721
164,blocks.31.conv1,0.07943911850452423
164,blocks.31.conv2,0.05276188254356384
164,mean_conv2d_grad_norm,0.08026941513212828
165,stem.0,0.10313136875629425
165,blocks.0.conv1,0.12286866456270218
165,blocks.0.conv2,0.1579015702009201
165,blocks.1.conv1,0.1891627460718155
165,blocks.1.conv2,0.19537778198719025
165,blocks.2.conv1,0.1686723679304123
165,blocks.2.conv2,0.13197077810764313
165,blocks.3.conv1,0.09573127329349518
165,blocks.3.conv2,0.06682966649532318
165,blocks.4.conv1,0.054008711129426956
165,blocks.4.conv2,0.05321663245558739
165,blocks.5.conv1,0.05429031327366829
165,blocks.5.conv2,0.05397835746407509
165,blocks.6.conv1,0.05378885567188263
165,blocks.6.conv2,0.054455794394016266
165,blocks.7.conv1,0.055268965661525726
165,blocks.7.conv2,0.05503289774060249
165,blocks.8.conv1,0.0553768053650856
165,blocks.8.conv2,0.055939532816410065
165,blocks.9.conv1,0.05579869821667671
165,blocks.9.conv2,0.055803123861551285
165,blocks.10.conv1,0.055617980659008026
165,blocks.10.conv2,0.05551896244287491
165,blocks.11.conv1,0.05481208860874176
165,blocks.11.conv2,0.05445294827222824
165,blocks.12.conv1,0.05258690565824509
165,blocks.12.conv2,0.05154387652873993
165,blocks.13.conv1,0.051921360194683075
165,blocks.13.conv2,0.05263034254312515
165,blocks.14.conv1,0.051133010536432266
165,blocks.14.conv2,0.05149505287408829
165,blocks.15.conv1,0.05247114226222038
165,blocks.15.conv2,0.05185772851109505
165,blocks.16.conv1,0.05102553218603134
165,blocks.16.conv2,0.05252300947904587
165,blocks.17.conv1,0.051560573279857635
165,blocks.17.conv2,0.05334077030420303
165,blocks.18.conv1,0.053283367305994034
165,blocks.18.conv2,0.05393797904253006
165,blocks.19.conv1,0.05498356372117996
165,blocks.19.conv2,0.05591973662376404
165,blocks.20.conv1,0.05593755096197128
165,blocks.20.conv2,0.059064242988824844
165,blocks.21.conv1,0.06286339461803436
165,blocks.21.conv2,0.07062933593988419
165,blocks.22.conv1,0.08338718116283417
165,blocks.22.conv2,0.09277496486902237
165,blocks.23.conv1,0.10886206477880478
165,blocks.23.conv2,0.1162734404206276
165,blocks.24.conv1,0.13139866292476654
165,blocks.24.conv2,0.14694564044475555
165,blocks.25.conv1,0.15671370923519135
165,blocks.25.conv2,0.1686963587999344
165,blocks.26.conv1,0.18092022836208344
165,blocks.26.conv2,0.18028587102890015
165,blocks.27.conv1,0.17139461636543274
165,blocks.27.conv2,0.16883981227874756
165,blocks.28.conv1,0.15293805301189423
165,blocks.28.conv2,0.15103256702423096
165,blocks.29.conv1,0.14562226831912994
165,blocks.29.conv2,0.13828976452350616
165,blocks.30.conv1,0.13411793112754822
165,blocks.30.conv2,0.12766775488853455
165,blocks.31.conv1,0.11348210275173187
165,blocks.31.conv2,0.07894960045814514
165,mean_conv2d_grad_norm,0.09151243005807583
166,stem.0,0.030348561704158783
166,blocks.0.conv1,0.04918597638607025
166,blocks.0.conv2,0.0544314980506897
166,blocks.1.conv1,0.05341825634241104
166,blocks.1.conv2,0.04790735989809036
166,blocks.2.conv1,0.03903381898999214
166,blocks.2.conv2,0.033025335520505905
166,blocks.3.conv1,0.02303195931017399
166,blocks.3.conv2,0.012908763252198696
166,blocks.4.conv1,0.009185808710753918
166,blocks.4.conv2,0.007521959953010082
166,blocks.5.conv1,0.007476959843188524
166,blocks.5.conv2,0.007411353290081024
166,blocks.6.conv1,0.007203713525086641
166,blocks.6.conv2,0.007009933236986399
166,blocks.7.conv1,0.007008139975368977
166,blocks.7.conv2,0.0069826217368245125
166,blocks.8.conv1,0.007049845531582832
166,blocks.8.conv2,0.007021075580269098
166,blocks.9.conv1,0.006872187834233046
166,blocks.9.conv2,0.006912416312843561
166,blocks.10.conv1,0.0069276574067771435
166,blocks.10.conv2,0.0069270203821361065
166,blocks.11.conv1,0.0069483425468206406
166,blocks.11.conv2,0.006954136770218611
166,blocks.12.conv1,0.00712629547342658
166,blocks.12.conv2,0.00715960469096899
166,blocks.13.conv1,0.00710253743454814
166,blocks.13.conv2,0.0072397151961922646
166,blocks.14.conv1,0.007323507219552994
166,blocks.14.conv2,0.0073209223337471485
166,blocks.15.conv1,0.007331176660954952
166,blocks.15.conv2,0.006918624043464661
166,blocks.16.conv1,0.007161137647926807
166,blocks.16.conv2,0.007513088174164295
166,blocks.17.conv1,0.007234062533825636
166,blocks.17.conv2,0.007314502261579037
166,blocks.18.conv1,0.008186151273548603
166,blocks.18.conv2,0.00895000621676445
166,blocks.19.conv1,0.008443033322691917
166,blocks.19.conv2,0.008383641950786114
166,blocks.20.conv1,0.010008038021624088
166,blocks.20.conv2,0.012142227962613106
166,blocks.21.conv1,0.014822348952293396
166,blocks.21.conv2,0.016548248007893562
166,blocks.22.conv1,0.02006022073328495
166,blocks.22.conv2,0.0226067416369915
166,blocks.23.conv1,0.02485603280365467
166,blocks.23.conv2,0.028602829203009605
166,blocks.24.conv1,0.0313749685883522
166,blocks.24.conv2,0.035216182470321655
166,blocks.25.conv1,0.037843186408281326
166,blocks.25.conv2,0.04089358076453209
166,blocks.26.conv1,0.04176972061395645
166,blocks.26.conv2,0.04231607913970947
166,blocks.27.conv1,0.04259360954165459
166,blocks.27.conv2,0.04490957409143448
166,blocks.28.conv1,0.04495954141020775
166,blocks.28.conv2,0.04421013966202736
166,blocks.29.conv1,0.03981654718518257
166,blocks.29.conv2,0.03885192424058914
166,blocks.30.conv1,0.03597978502511978
166,blocks.30.conv2,0.03305509686470032
166,blocks.31.conv1,0.027202453464269638
166,blocks.31.conv2,0.01680334471166134
166,mean_conv2d_grad_norm,0.0204131558465843
167,stem.0,0.03690315783023834
167,blocks.0.conv1,0.05684685707092285
167,blocks.0.conv2,0.07187944650650024
167,blocks.1.conv1,0.07656512409448624
167,blocks.1.conv2,0.07606913149356842
167,blocks.2.conv1,0.06591739505529404
167,blocks.2.conv2,0.0578395277261734
167,blocks.3.conv1,0.04214194044470787
167,blocks.3.conv2,0.02722811885178089
167,blocks.4.conv1,0.02022412046790123
167,blocks.4.conv2,0.017742933705449104
167,blocks.5.conv1,0.017675908282399178
167,blocks.5.conv2,0.017782406881451607
167,blocks.6.conv1,0.01828652247786522
167,blocks.6.conv2,0.01796010136604309
167,blocks.7.conv1,0.018321974202990532
167,blocks.7.conv2,0.018227724358439445
167,blocks.8.conv1,0.018224122002720833
167,blocks.8.conv2,0.018275268375873566
167,blocks.9.conv1,0.01823875680565834
167,blocks.9.conv2,0.018241936340928078
167,blocks.10.conv1,0.018081804737448692
167,blocks.10.conv2,0.018162120133638382
167,blocks.11.conv1,0.017979765310883522
167,blocks.11.conv2,0.01796482317149639
167,blocks.12.conv1,0.01786409690976143
167,blocks.12.conv2,0.017929863184690475
167,blocks.13.conv1,0.017736369743943214
167,blocks.13.conv2,0.018019894137978554
167,blocks.14.conv1,0.018104052171111107
167,blocks.14.conv2,0.018388377502560616
167,blocks.15.conv1,0.01805049180984497
167,blocks.15.conv2,0.018386442214250565
167,blocks.16.conv1,0.018401334062218666
167,blocks.16.conv2,0.019004374742507935
167,blocks.17.conv1,0.01925511844456196
167,blocks.17.conv2,0.018743515014648438
167,blocks.18.conv1,0.020008236169815063
167,blocks.18.conv2,0.021857619285583496
167,blocks.19.conv1,0.02118266560137272
167,blocks.19.conv2,0.021386519074440002
167,blocks.20.conv1,0.02234610542654991
167,blocks.20.conv2,0.024582628160715103
167,blocks.21.conv1,0.02862212434411049
167,blocks.21.conv2,0.03195088729262352
167,blocks.22.conv1,0.03680608421564102
167,blocks.22.conv2,0.04260732978582382
167,blocks.23.conv1,0.04739377275109291
167,blocks.23.conv2,0.05267133191227913
167,blocks.24.conv1,0.0619438961148262
167,blocks.24.conv2,0.07030031830072403
167,blocks.25.conv1,0.07500156760215759
167,blocks.25.conv2,0.08481761068105698
167,blocks.26.conv1,0.08674314618110657
167,blocks.26.conv2,0.08841045200824738
167,blocks.27.conv1,0.08794278651475906
167,blocks.27.conv2,0.0880863294005394
167,blocks.28.conv1,0.08855626732110977
167,blocks.28.conv2,0.09113312512636185
167,blocks.29.conv1,0.08518555760383606
167,blocks.29.conv2,0.08734450489282608
167,blocks.30.conv1,0.0882129967212677
167,blocks.30.conv2,0.08694370090961456
167,blocks.31.conv1,0.07968702167272568
167,blocks.31.conv2,0.05560925230383873
167,mean_conv2d_grad_norm,0.04153844238473819
168,stem.0,0.08734779804944992
168,blocks.0.conv1,0.11562748998403549
168,blocks.0.conv2,0.15316364169120789
168,blocks.1.conv1,0.16684678196907043
168,blocks.1.conv2,0.15192770957946777
168,blocks.2.conv1,0.1350952386856079
168,blocks.2.conv2,0.11431277543306351
168,blocks.3.conv1,0.08160770684480667
168,blocks.3.conv2,0.05038854479789734
168,blocks.4.conv1,0.03259905427694321
168,blocks.4.conv2,0.02739221602678299
168,blocks.5.conv1,0.025355562567710876
168,blocks.5.conv2,0.025685222819447517
168,blocks.6.conv1,0.026143919676542282
168,blocks.6.conv2,0.02489892765879631
168,blocks.7.conv1,0.024763615801930428
168,blocks.7.conv2,0.024966398254036903
168,blocks.8.conv1,0.024667469784617424
168,blocks.8.conv2,0.02481071464717388
168,blocks.9.conv1,0.02443533018231392
168,blocks.9.conv2,0.024143222719430923
168,blocks.10.conv1,0.024278592318296432
168,blocks.10.conv2,0.024484487250447273
168,blocks.11.conv1,0.02445809356868267
168,blocks.11.conv2,0.025737397372722626
168,blocks.12.conv1,0.02574673853814602
168,blocks.12.conv2,0.02731064334511757
168,blocks.13.conv1,0.026687799021601677
168,blocks.13.conv2,0.026990629732608795
168,blocks.14.conv1,0.027963794767856598
168,blocks.14.conv2,0.028443340212106705
168,blocks.15.conv1,0.027746155858039856
168,blocks.15.conv2,0.02761256694793701
168,blocks.16.conv1,0.02796846069395542
168,blocks.16.conv2,0.029606537893414497
168,blocks.17.conv1,0.02920466475188732
168,blocks.17.conv2,0.029129954054951668
168,blocks.18.conv1,0.033962469547986984
168,blocks.18.conv2,0.03520846366882324
168,blocks.19.conv1,0.0343148335814476
168,blocks.19.conv2,0.03350763022899628
168,blocks.20.conv1,0.039217039942741394
168,blocks.20.conv2,0.04480782896280289
168,blocks.21.conv1,0.05239332094788551
168,blocks.21.conv2,0.058917880058288574
168,blocks.22.conv1,0.07074706256389618
168,blocks.22.conv2,0.08267484605312347
168,blocks.23.conv1,0.09298033267259598
168,blocks.23.conv2,0.10500840842723846
168,blocks.24.conv1,0.1199924647808075
168,blocks.24.conv2,0.12974992394447327
168,blocks.25.conv1,0.13610489666461945
168,blocks.25.conv2,0.14913532137870789
168,blocks.26.conv1,0.1591014862060547
168,blocks.26.conv2,0.16806252300739288
168,blocks.27.conv1,0.1702781617641449
168,blocks.27.conv2,0.16205957531929016
168,blocks.28.conv1,0.16639642417430878
168,blocks.28.conv2,0.15933002531528473
168,blocks.29.conv1,0.14840218424797058
168,blocks.29.conv2,0.13548743724822998
168,blocks.30.conv1,0.13349303603172302
168,blocks.30.conv2,0.1255301684141159
168,blocks.31.conv1,0.11093370616436005
168,blocks.31.conv2,0.07540889084339142
168,mean_conv2d_grad_norm,0.07281162369136628
169,stem.0,0.028348982334136963
169,blocks.0.conv1,0.045824144035577774
169,blocks.0.conv2,0.052874431014060974
169,blocks.1.conv1,0.060666851699352264
169,blocks.1.conv2,0.061308976262807846
169,blocks.2.conv1,0.051308613270521164
169,blocks.2.conv2,0.041245732456445694
169,blocks.3.conv1,0.030488507822155952
169,blocks.3.conv2,0.0189552903175354
169,blocks.4.conv1,0.01373493205755949
169,blocks.4.conv2,0.012263268232345581
169,blocks.5.conv1,0.012440296821296215
169,blocks.5.conv2,0.012517153285443783
169,blocks.6.conv1,0.012139738537371159
169,blocks.6.conv2,0.012102033942937851
169,blocks.7.conv1,0.01220196858048439
169,blocks.7.conv2,0.011977918446063995
169,blocks.8.conv1,0.012048047035932541
169,blocks.8.conv2,0.012011238373816013
169,blocks.9.conv1,0.011909178458154202
169,blocks.9.conv2,0.011880544945597649
169,blocks.10.conv1,0.011781311593949795
169,blocks.10.conv2,0.011844837106764317
169,blocks.11.conv1,0.01179835107177496
169,blocks.11.conv2,0.011862128973007202
169,blocks.12.conv1,0.012007937766611576
169,blocks.12.conv2,0.011709221638739109
169,blocks.13.conv1,0.011555186472833157
169,blocks.13.conv2,0.011988446116447449
169,blocks.14.conv1,0.011780095286667347
169,blocks.14.conv2,0.012589171528816223
169,blocks.15.conv1,0.012096944265067577
169,blocks.15.conv2,0.011829023249447346
169,blocks.16.conv1,0.011883080936968327
169,blocks.16.conv2,0.012243474833667278
169,blocks.17.conv1,0.013105073943734169
169,blocks.17.conv2,0.01227713841944933
169,blocks.18.conv1,0.013604318723082542
169,blocks.18.conv2,0.014462810009717941
169,blocks.19.conv1,0.014572301879525185
169,blocks.19.conv2,0.013865341432392597
169,blocks.20.conv1,0.01528251450508833
169,blocks.20.conv2,0.016057908535003662
169,blocks.21.conv1,0.018867680802941322
169,blocks.21.conv2,0.02137121558189392
169,blocks.22.conv1,0.02382194995880127
169,blocks.22.conv2,0.02872302010655403
169,blocks.23.conv1,0.033142272382974625
169,blocks.23.conv2,0.03740775212645531
169,blocks.24.conv1,0.041918739676475525
169,blocks.24.conv2,0.04723968729376793
169,blocks.25.conv1,0.05234449356794357
169,blocks.25.conv2,0.0552934966981411
169,blocks.26.conv1,0.061043016612529755
169,blocks.26.conv2,0.06230590119957924
169,blocks.27.conv1,0.06150895357131958
169,blocks.27.conv2,0.06043633446097374
169,blocks.28.conv1,0.06089124083518982
169,blocks.28.conv2,0.06112070009112358
169,blocks.29.conv1,0.05942756310105324
169,blocks.29.conv2,0.06174078583717346
169,blocks.30.conv1,0.05680987238883972
169,blocks.30.conv2,0.05200323462486267
169,blocks.31.conv1,0.04704434052109718
169,blocks.31.conv2,0.028935441747307777
169,mean_conv2d_grad_norm,0.028489879375466935
170,stem.0,0.06296356767416
170,blocks.0.conv1,0.08415918797254562
170,blocks.0.conv2,0.10479996353387833
170,blocks.1.conv1,0.12097077816724777
170,blocks.1.conv2,0.11651080846786499
170,blocks.2.conv1,0.10324009507894516
170,blocks.2.conv2,0.09026064723730087
170,blocks.3.conv1,0.0599149726331234
170,blocks.3.conv2,0.03585300222039223
170,blocks.4.conv1,0.02464151196181774
170,blocks.4.conv2,0.02077369950711727
170,blocks.5.conv1,0.017771948128938675
170,blocks.5.conv2,0.019820256158709526
170,blocks.6.conv1,0.01833226904273033
170,blocks.6.conv2,0.01783294789493084
170,blocks.7.conv1,0.016137998551130295
170,blocks.7.conv2,0.016781732439994812
170,blocks.8.conv1,0.016617869958281517
170,blocks.8.conv2,0.016941579058766365
170,blocks.9.conv1,0.01595410332083702
170,blocks.9.conv2,0.01579742319881916
170,blocks.10.conv1,0.01597275212407112
170,blocks.10.conv2,0.016378235071897507
170,blocks.11.conv1,0.016622204333543777
170,blocks.11.conv2,0.018146460875868797
170,blocks.12.conv1,0.01892807148396969
170,blocks.12.conv2,0.02183045819401741
170,blocks.13.conv1,0.02163616567850113
170,blocks.13.conv2,0.02081000991165638
170,blocks.14.conv1,0.02107127569615841
170,blocks.14.conv2,0.024600327014923096
170,blocks.15.conv1,0.02227802202105522
170,blocks.15.conv2,0.022009527310729027
170,blocks.16.conv1,0.02278219163417816
170,blocks.16.conv2,0.023191038519144058
170,blocks.17.conv1,0.023907756432890892
170,blocks.17.conv2,0.02355344034731388
170,blocks.18.conv1,0.027149617671966553
170,blocks.18.conv2,0.030688749626278877
170,blocks.19.conv1,0.02911456488072872
170,blocks.19.conv2,0.027438107877969742
170,blocks.20.conv1,0.030563874170184135
170,blocks.20.conv2,0.03480669856071472
170,blocks.21.conv1,0.04129201918840408
170,blocks.21.conv2,0.045858122408390045
170,blocks.22.conv1,0.052612580358982086
170,blocks.22.conv2,0.06278077512979507
170,blocks.23.conv1,0.0724245086312294
170,blocks.23.conv2,0.07884727418422699
170,blocks.24.conv1,0.08409189432859421
170,blocks.24.conv2,0.09568708389997482
170,blocks.25.conv1,0.10638994723558426
170,blocks.25.conv2,0.11563025414943695
170,blocks.26.conv1,0.1255229264497757
170,blocks.26.conv2,0.12757070362567902
170,blocks.27.conv1,0.13181625306606293
170,blocks.27.conv2,0.13368317484855652
170,blocks.28.conv1,0.13231439888477325
170,blocks.28.conv2,0.14421801269054413
170,blocks.29.conv1,0.13814891874790192
170,blocks.29.conv2,0.13480599224567413
170,blocks.30.conv1,0.13296329975128174
170,blocks.30.conv2,0.11608319729566574
170,blocks.31.conv1,0.10454661399126053
170,blocks.31.conv2,0.0702960342168808
170,mean_conv2d_grad_norm,0.05780215226113796
171,stem.0,0.0942331925034523
171,blocks.0.conv1,0.11598256975412369
171,blocks.0.conv2,0.13179722428321838
171,blocks.1.conv1,0.15128622949123383
171,blocks.1.conv2,0.1533721536397934
171,blocks.2.conv1,0.14105606079101562
171,blocks.2.conv2,0.12157657742500305
171,blocks.3.conv1,0.0840468481183052
171,blocks.3.conv2,0.05417393893003464
171,blocks.4.conv1,0.039478518068790436
171,blocks.4.conv2,0.03458623215556145
171,blocks.5.conv1,0.036613911390304565
171,blocks.5.conv2,0.03666580468416214
171,blocks.6.conv1,0.03526272997260094
171,blocks.6.conv2,0.03618182986974716
171,blocks.7.conv1,0.03676377236843109
171,blocks.7.conv2,0.03618806228041649
171,blocks.8.conv1,0.03700774535536766
171,blocks.8.conv2,0.036813635379076004
171,blocks.9.conv1,0.037080541253089905
171,blocks.9.conv2,0.036981768906116486
171,blocks.10.conv1,0.036716278642416
171,blocks.10.conv2,0.03686856850981712
171,blocks.11.conv1,0.03661203384399414
171,blocks.11.conv2,0.03677412122488022
171,blocks.12.conv1,0.03600958734750748
171,blocks.12.conv2,0.034730248153209686
171,blocks.13.conv1,0.034409694373607635
171,blocks.13.conv2,0.03538573905825615
171,blocks.14.conv1,0.035543061792850494
171,blocks.14.conv2,0.035497549921274185
171,blocks.15.conv1,0.03648045286536217
171,blocks.15.conv2,0.03539822995662689
171,blocks.16.conv1,0.035794612020254135
171,blocks.16.conv2,0.03719249740242958
171,blocks.17.conv1,0.03753581643104553
171,blocks.17.conv2,0.036845676600933075
171,blocks.18.conv1,0.03897188976407051
171,blocks.18.conv2,0.04160526767373085
171,blocks.19.conv1,0.04163696616888046
171,blocks.19.conv2,0.045635007321834564
171,blocks.20.conv1,0.04587547108530998
171,blocks.20.conv2,0.049482956528663635
171,blocks.21.conv1,0.05608534812927246
171,blocks.21.conv2,0.06253074109554291
171,blocks.22.conv1,0.07378826290369034
171,blocks.22.conv2,0.0837879478931427
171,blocks.23.conv1,0.09774275869131088
171,blocks.23.conv2,0.10374708473682404
171,blocks.24.conv1,0.12424704432487488
171,blocks.24.conv2,0.13558334112167358
171,blocks.25.conv1,0.1413729190826416
171,blocks.25.conv2,0.15486080944538116
171,blocks.26.conv1,0.16411356627941132
171,blocks.26.conv2,0.16691702604293823
171,blocks.27.conv1,0.1639997810125351
171,blocks.27.conv2,0.16751976311206818
171,blocks.28.conv1,0.1672648787498474
171,blocks.28.conv2,0.16867338120937347
171,blocks.29.conv1,0.16592007875442505
171,blocks.29.conv2,0.1676744669675827
171,blocks.30.conv1,0.16494078934192657
171,blocks.30.conv2,0.1564333736896515
171,blocks.31.conv1,0.1418856531381607
171,blocks.31.conv2,0.08946244418621063
171,mean_conv2d_grad_norm,0.08071850051100438
172,stem.0,0.029804494231939316
172,blocks.0.conv1,0.0339638814330101
172,blocks.0.conv2,0.03880798816680908
172,blocks.1.conv1,0.043945662677288055
172,blocks.1.conv2,0.043543748557567596
172,blocks.2.conv1,0.039422210305929184
172,blocks.2.conv2,0.03507746011018753
172,blocks.3.conv1,0.025214815512299538
172,blocks.3.conv2,0.014868054538965225
172,blocks.4.conv1,0.011406886391341686
172,blocks.4.conv2,0.009987733326852322
172,blocks.5.conv1,0.009294115006923676
172,blocks.5.conv2,0.009498587809503078
172,blocks.6.conv1,0.009454160928726196
172,blocks.6.conv2,0.00916297733783722
172,blocks.7.conv1,0.00919467955827713
172,blocks.7.conv2,0.009191082790493965
172,blocks.8.conv1,0.009327397681772709
172,blocks.8.conv2,0.00931598898023367
172,blocks.9.conv1,0.009209505282342434
172,blocks.9.conv2,0.009209851734340191
172,blocks.10.conv1,0.009228391572833061
172,blocks.10.conv2,0.009232738055288792
172,blocks.11.conv1,0.009262483566999435
172,blocks.11.conv2,0.009118542075157166
172,blocks.12.conv1,0.0091503681614995
172,blocks.12.conv2,0.009140151552855968
172,blocks.13.conv1,0.009622834622859955
172,blocks.13.conv2,0.009570809081196785
172,blocks.14.conv1,0.009608757682144642
172,blocks.14.conv2,0.010043080896139145
172,blocks.15.conv1,0.00997679028660059
172,blocks.15.conv2,0.0096944784745574
172,blocks.16.conv1,0.009945465251803398
172,blocks.16.conv2,0.010319688357412815
172,blocks.17.conv1,0.01007638406008482
172,blocks.17.conv2,0.01033144723623991
172,blocks.18.conv1,0.011546053923666477
172,blocks.18.conv2,0.011572376824915409
172,blocks.19.conv1,0.011466564610600471
172,blocks.19.conv2,0.011392185464501381
172,blocks.20.conv1,0.011842484585940838
172,blocks.20.conv2,0.01324587594717741
172,blocks.21.conv1,0.01630868762731552
172,blocks.21.conv2,0.018811658024787903
172,blocks.22.conv1,0.02271873503923416
172,blocks.22.conv2,0.026350174099206924
172,blocks.23.conv1,0.029492652043700218
172,blocks.23.conv2,0.03209186717867851
172,blocks.24.conv1,0.03564450889825821
172,blocks.24.conv2,0.03894347324967384
172,blocks.25.conv1,0.04278777167201042
172,blocks.25.conv2,0.04626050963997841
172,blocks.26.conv1,0.047196295112371445
172,blocks.26.conv2,0.04763456806540489
172,blocks.27.conv1,0.04781269654631615
172,blocks.27.conv2,0.04852703586220741
172,blocks.28.conv1,0.047893233597278595
172,blocks.28.conv2,0.0476059727370739
172,blocks.29.conv1,0.044372305274009705
172,blocks.29.conv2,0.0426507294178009
172,blocks.30.conv1,0.04023335874080658
172,blocks.30.conv2,0.037817467004060745
172,blocks.31.conv1,0.029931798577308655
172,blocks.31.conv2,0.017313610762357712
172,mean_conv2d_grad_norm,0.022349051443430093
173,stem.0,0.11295787990093231
173,blocks.0.conv1,0.1630219668149948
173,blocks.0.conv2,0.2022188901901245
173,blocks.1.conv1,0.2386985719203949
173,blocks.1.conv2,0.23719581961631775
173,blocks.2.conv1,0.21645718812942505
173,blocks.2.conv2,0.17624840140342712
173,blocks.3.conv1,0.12800796329975128
173,blocks.3.conv2,0.07764232903718948
173,blocks.4.conv1,0.056915365159511566
173,blocks.4.conv2,0.04176824167370796
173,blocks.5.conv1,0.03685211017727852
173,blocks.5.conv2,0.03917313367128372
173,blocks.6.conv1,0.03672095760703087
173,blocks.6.conv2,0.03608420863747597
173,blocks.7.conv1,0.03488287702202797
173,blocks.7.conv2,0.035396359860897064
173,blocks.8.conv1,0.034937046468257904
173,blocks.8.conv2,0.03482000157237053
173,blocks.9.conv1,0.03378479182720184
173,blocks.9.conv2,0.03367450833320618
173,blocks.10.conv1,0.03348188102245331
173,blocks.10.conv2,0.033621590584516525
173,blocks.11.conv1,0.03461596369743347
173,blocks.11.conv2,0.035752344876527786
173,blocks.12.conv1,0.038538601249456406
173,blocks.12.conv2,0.040559835731983185
173,blocks.13.conv1,0.0393197126686573
173,blocks.13.conv2,0.03991120681166649
173,blocks.14.conv1,0.04243677482008934
173,blocks.14.conv2,0.04316963627934456
173,blocks.15.conv1,0.041616007685661316
173,blocks.15.conv2,0.04277928173542023
173,blocks.16.conv1,0.04128725081682205
173,blocks.16.conv2,0.04644353687763214
173,blocks.17.conv1,0.04409794881939888
173,blocks.17.conv2,0.04424278065562248
173,blocks.18.conv1,0.051349490880966187
173,blocks.18.conv2,0.056990426033735275
173,blocks.19.conv1,0.05442441627383232
173,blocks.19.conv2,0.05259188637137413
173,blocks.20.conv1,0.05818723514676094
173,blocks.20.conv2,0.06559548527002335
173,blocks.21.conv1,0.0811697393655777
173,blocks.21.conv2,0.0896039754152298
173,blocks.22.conv1,0.104836106300354
173,blocks.22.conv2,0.12143117934465408
173,blocks.23.conv1,0.13170568645000458
173,blocks.23.conv2,0.15158453583717346
173,blocks.24.conv1,0.1735893338918686
173,blocks.24.conv2,0.1978047788143158
173,blocks.25.conv1,0.20846450328826904
173,blocks.25.conv2,0.22485873103141785
173,blocks.26.conv1,0.2353828251361847
173,blocks.26.conv2,0.22275754809379578
173,blocks.27.conv1,0.21257802844047546
173,blocks.27.conv2,0.21508333086967468
173,blocks.28.conv1,0.1909884661436081
173,blocks.28.conv2,0.19500502943992615
173,blocks.29.conv1,0.1785067915916443
173,blocks.29.conv2,0.17164026200771332
173,blocks.30.conv1,0.168776735663414
173,blocks.30.conv2,0.14101161062717438
173,blocks.31.conv1,0.12016177922487259
173,blocks.31.conv2,0.07779265940189362
173,mean_conv2d_grad_norm,0.10158777758479118
174,stem.0,0.05772034078836441
174,blocks.0.conv1,0.09351932257413864
174,blocks.0.conv2,0.11785312741994858
174,blocks.1.conv1,0.1181042268872261
174,blocks.1.conv2,0.12200681865215302
174,blocks.2.conv1,0.10949911922216415
174,blocks.2.conv2,0.09502626955509186
174,blocks.3.conv1,0.07082299143075943
174,blocks.3.conv2,0.042502470314502716
174,blocks.4.conv1,0.03170376643538475
174,blocks.4.conv2,0.027662737295031548
174,blocks.5.conv1,0.026616301387548447
174,blocks.5.conv2,0.026096388697624207
174,blocks.6.conv1,0.026071051135659218
174,blocks.6.conv2,0.025819964706897736
174,blocks.7.conv1,0.025653431192040443
174,blocks.7.conv2,0.025402788072824478
174,blocks.8.conv1,0.02541123516857624
174,blocks.8.conv2,0.025369159877300262
174,blocks.9.conv1,0.02505173534154892
174,blocks.9.conv2,0.02499721758067608
174,blocks.10.conv1,0.02503126859664917
174,blocks.10.conv2,0.025098348036408424
174,blocks.11.conv1,0.025393683463335037
174,blocks.11.conv2,0.025679275393486023
174,blocks.12.conv1,0.02594146877527237
174,blocks.12.conv2,0.02610931172966957
174,blocks.13.conv1,0.026244794949889183
174,blocks.13.conv2,0.025651829317212105
174,blocks.14.conv1,0.026960615068674088
174,blocks.14.conv2,0.027105662971735
174,blocks.15.conv1,0.02635950595140457
174,blocks.15.conv2,0.025327613577246666
174,blocks.16.conv1,0.025753889232873917
174,blocks.16.conv2,0.026431061327457428
174,blocks.17.conv1,0.026521705090999603
174,blocks.17.conv2,0.027339916676282883
174,blocks.18.conv1,0.030894054099917412
174,blocks.18.conv2,0.0325799286365509
174,blocks.19.conv1,0.03303223475813866
174,blocks.19.conv2,0.030535660684108734
174,blocks.20.conv1,0.032987579703330994
174,blocks.20.conv2,0.035162147134542465
174,blocks.21.conv1,0.04168036952614784
174,blocks.21.conv2,0.04577677324414253
174,blocks.22.conv1,0.050514593720436096
174,blocks.22.conv2,0.061625268310308456
174,blocks.23.conv1,0.06960403174161911
174,blocks.23.conv2,0.08126102387905121
174,blocks.24.conv1,0.09091392904520035
174,blocks.24.conv2,0.10186810791492462
174,blocks.25.conv1,0.11571402102708817
174,blocks.25.conv2,0.1254805326461792
174,blocks.26.conv1,0.13194546103477478
174,blocks.26.conv2,0.1381521224975586
174,blocks.27.conv1,0.13248638808727264
174,blocks.27.conv2,0.1306959092617035
174,blocks.28.conv1,0.1263059675693512
174,blocks.28.conv2,0.12352050840854645
174,blocks.29.conv1,0.11591899394989014
174,blocks.29.conv2,0.11264853179454803
174,blocks.30.conv1,0.11078346520662308
174,blocks.30.conv2,0.09653677046298981
174,blocks.31.conv1,0.08760367333889008
174,blocks.31.conv2,0.05637366324663162
174,mean_conv2d_grad_norm,0.06003787884345421
175,stem.0,0.04263373091816902
175,blocks.0.conv1,0.042812149971723557
175,blocks.0.conv2,0.05717112869024277
175,blocks.1.conv1,0.07031086087226868
175,blocks.1.conv2,0.07349376380443573
175,blocks.2.conv1,0.0670071393251419
175,blocks.2.conv2,0.05374058708548546
175,blocks.3.conv1,0.03950490429997444
175,blocks.3.conv2,0.02460419572889805
175,blocks.4.conv1,0.01643352210521698
175,blocks.4.conv2,0.014541261829435825
175,blocks.5.conv1,0.014471489936113358
175,blocks.5.conv2,0.014033093117177486
175,blocks.6.conv1,0.01429032627493143
175,blocks.6.conv2,0.013953512534499168
175,blocks.7.conv1,0.014127601869404316
175,blocks.7.conv2,0.014189855195581913
175,blocks.8.conv1,0.014231991022825241
175,blocks.8.conv2,0.01422711368650198
175,blocks.9.conv1,0.014203227125108242
175,blocks.9.conv2,0.014152836054563522
175,blocks.10.conv1,0.014151398092508316
175,blocks.10.conv2,0.01401312742382288
175,blocks.11.conv1,0.013959932141005993
175,blocks.11.conv2,0.013704650104045868
175,blocks.12.conv1,0.013575347140431404
175,blocks.12.conv2,0.013227219693362713
175,blocks.13.conv1,0.013834620825946331
175,blocks.13.conv2,0.01371468510478735
175,blocks.14.conv1,0.014427938498556614
175,blocks.14.conv2,0.014107517898082733
175,blocks.15.conv1,0.01404418982565403
175,blocks.15.conv2,0.013974125497043133
175,blocks.16.conv1,0.01444311160594225
175,blocks.16.conv2,0.015009982511401176
175,blocks.17.conv1,0.014976145699620247
175,blocks.17.conv2,0.014950115233659744
175,blocks.18.conv1,0.016714254394173622
175,blocks.18.conv2,0.016392072662711143
175,blocks.19.conv1,0.015752162784337997
175,blocks.19.conv2,0.014830955304205418
175,blocks.20.conv1,0.016757842153310776
175,blocks.20.conv2,0.019754264503717422
175,blocks.21.conv1,0.023951832205057144
175,blocks.21.conv2,0.027442604303359985
175,blocks.22.conv1,0.03218700736761093
175,blocks.22.conv2,0.039441317319869995
175,blocks.23.conv1,0.04431664198637009
175,blocks.23.conv2,0.05019992217421532
175,blocks.24.conv1,0.057889457792043686
175,blocks.24.conv2,0.06423589587211609
175,blocks.25.conv1,0.06901205331087112
175,blocks.25.conv2,0.07549560070037842
175,blocks.26.conv1,0.08038602024316788
175,blocks.26.conv2,0.08219652622938156
175,blocks.27.conv1,0.08043012022972107
175,blocks.27.conv2,0.07774346321821213
175,blocks.28.conv1,0.07457289844751358
175,blocks.28.conv2,0.07447703182697296
175,blocks.29.conv1,0.07238464802503586
175,blocks.29.conv2,0.07719092816114426
175,blocks.30.conv1,0.07571855187416077
175,blocks.30.conv2,0.06995836645364761
175,blocks.31.conv1,0.057393211871385574
175,blocks.31.conv2,0.03563195839524269
175,mean_conv2d_grad_norm,0.03558009243928469
176,stem.0,0.06123141571879387
176,blocks.0.conv1,0.0710669606924057
176,blocks.0.conv2,0.08713381737470627
176,blocks.1.conv1,0.09133803099393845
176,blocks.1.conv2,0.09084079414606094
176,blocks.2.conv1,0.0844501331448555
176,blocks.2.conv2,0.07038931548595428
176,blocks.3.conv1,0.04972603917121887
176,blocks.3.conv2,0.030535001307725906
176,blocks.4.conv1,0.0191210750490427
176,blocks.4.conv2,0.013830629177391529
176,blocks.5.conv1,0.014730158261954784
176,blocks.5.conv2,0.014270058833062649
176,blocks.6.conv1,0.014455600641667843
176,blocks.6.conv2,0.013974498026072979
176,blocks.7.conv1,0.014068885706365108
176,blocks.7.conv2,0.0140421437099576
176,blocks.8.conv1,0.01390129141509533
176,blocks.8.conv2,0.01364027988165617
176,blocks.9.conv1,0.013824217952787876
176,blocks.9.conv2,0.013652094639837742
176,blocks.10.conv1,0.01364840753376484
176,blocks.10.conv2,0.013645898550748825
176,blocks.11.conv1,0.014102710410952568
176,blocks.11.conv2,0.01443304680287838
176,blocks.12.conv1,0.014990630559623241
176,blocks.12.conv2,0.015458589419722557
176,blocks.13.conv1,0.015078902244567871
176,blocks.13.conv2,0.015329079702496529
176,blocks.14.conv1,0.01752665638923645
176,blocks.14.conv2,0.0168618094176054
176,blocks.15.conv1,0.016254233196377754
176,blocks.15.conv2,0.016577161848545074
176,blocks.16.conv1,0.01728878542780876
176,blocks.16.conv2,0.01742151938378811
176,blocks.17.conv1,0.017688676714897156
176,blocks.17.conv2,0.018239477649331093
176,blocks.18.conv1,0.021463127806782722
176,blocks.18.conv2,0.02245100773870945
176,blocks.19.conv1,0.021434498950839043
176,blocks.19.conv2,0.02173558436334133
176,blocks.20.conv1,0.02317664586007595
176,blocks.20.conv2,0.028393566608428955
176,blocks.21.conv1,0.03538191691040993
176,blocks.21.conv2,0.03871111944317818
176,blocks.22.conv1,0.04531368613243103
176,blocks.22.conv2,0.05342746526002884
176,blocks.23.conv1,0.06168416887521744
176,blocks.23.conv2,0.07083052396774292
176,blocks.24.conv1,0.08241602778434753
176,blocks.24.conv2,0.08820708096027374
176,blocks.25.conv1,0.09540069103240967
176,blocks.25.conv2,0.10253825783729553
176,blocks.26.conv1,0.11153911054134369
176,blocks.26.conv2,0.11156594753265381
176,blocks.27.conv1,0.11705952137708664
176,blocks.27.conv2,0.12022359669208527
176,blocks.28.conv1,0.13107745349407196
176,blocks.28.conv2,0.12877970933914185
176,blocks.29.conv1,0.12340226024389267
176,blocks.29.conv2,0.11669957637786865
176,blocks.30.conv1,0.10322635620832443
176,blocks.30.conv2,0.09148352593183517
176,blocks.31.conv1,0.07817740738391876
176,blocks.31.conv2,0.048070985823869705
176,mean_conv2d_grad_norm,0.048594443800930795
177,stem.0,0.1362440139055252
177,blocks.0.conv1,0.1984335035085678
177,blocks.0.conv2,0.2035561501979828
177,blocks.1.conv1,0.2233496904373169
177,blocks.1.conv2,0.2138572335243225
177,blocks.2.conv1,0.17418643832206726
177,blocks.2.conv2,0.149844691157341
177,blocks.3.conv1,0.10266559571027756
177,blocks.3.conv2,0.06174122169613838
177,blocks.4.conv1,0.040355365723371506
177,blocks.4.conv2,0.03096913732588291
177,blocks.5.conv1,0.029693614691495895
177,blocks.5.conv2,0.03295093774795532
177,blocks.6.conv1,0.02936187945306301
177,blocks.6.conv2,0.028654951602220535
177,blocks.7.conv1,0.02788316272199154
177,blocks.7.conv2,0.027781324461102486
177,blocks.8.conv1,0.02804822288453579
177,blocks.8.conv2,0.0271138958632946
177,blocks.9.conv1,0.02689536102116108
177,blocks.9.conv2,0.026719827204942703
177,blocks.10.conv1,0.02704979106783867
177,blocks.10.conv2,0.026857033371925354
177,blocks.11.conv1,0.02760658785700798
177,blocks.11.conv2,0.028275731950998306
177,blocks.12.conv1,0.03065013885498047
177,blocks.12.conv2,0.031123057007789612
177,blocks.13.conv1,0.030563099309802055
177,blocks.13.conv2,0.03089604154229164
177,blocks.14.conv1,0.03258955106139183
177,blocks.14.conv2,0.035350069403648376
177,blocks.15.conv1,0.03226081281900406
177,blocks.15.conv2,0.03191559016704559
177,blocks.16.conv1,0.03419025242328644
177,blocks.16.conv2,0.0350002683699131
177,blocks.17.conv1,0.03612986207008362
177,blocks.17.conv2,0.03354424238204956
177,blocks.18.conv1,0.04076290503144264
177,blocks.18.conv2,0.04278183728456497
177,blocks.19.conv1,0.044146209955215454
177,blocks.19.conv2,0.04687999561429024
177,blocks.20.conv1,0.0545930489897728
177,blocks.20.conv2,0.06116679310798645
177,blocks.21.conv1,0.06627780199050903
177,blocks.21.conv2,0.07678093016147614
177,blocks.22.conv1,0.0922527089715004
177,blocks.22.conv2,0.10630105435848236
177,blocks.23.conv1,0.11504421383142471
177,blocks.23.conv2,0.12986288964748383
177,blocks.24.conv1,0.1444801688194275
177,blocks.24.conv2,0.15975666046142578
177,blocks.25.conv1,0.17148824036121368
177,blocks.25.conv2,0.18313246965408325
177,blocks.26.conv1,0.18806591629981995
177,blocks.26.conv2,0.18652361631393433
177,blocks.27.conv1,0.18365426361560822
177,blocks.27.conv2,0.18281199038028717
177,blocks.28.conv1,0.18216125667095184
177,blocks.28.conv2,0.18552227318286896
177,blocks.29.conv1,0.1732904464006424
177,blocks.29.conv2,0.17388352751731873
177,blocks.30.conv1,0.17342175543308258
177,blocks.30.conv2,0.15681351721286774
177,blocks.31.conv1,0.1339648962020874
177,blocks.31.conv2,0.0939275398850441
177,mean_conv2d_grad_norm,0.09037011194114501
178,stem.0,0.01772708259522915
178,blocks.0.conv1,0.021705199033021927
178,blocks.0.conv2,0.025333447381854057
178,blocks.1.conv1,0.03171316906809807
178,blocks.1.conv2,0.031793899834156036
178,blocks.2.conv1,0.0273739006370306
178,blocks.2.conv2,0.02390999346971512
178,blocks.3.conv1,0.015920015051960945
178,blocks.3.conv2,0.009272141382098198
178,blocks.4.conv1,0.006200063042342663
178,blocks.4.conv2,0.005188695155084133
178,blocks.5.conv1,0.004898348823189735
178,blocks.5.conv2,0.004957369528710842
178,blocks.6.conv1,0.004944047424942255
178,blocks.6.conv2,0.004798269830644131
178,blocks.7.conv1,0.00466906325891614
178,blocks.7.conv2,0.004733476787805557
178,blocks.8.conv1,0.004734549205750227
178,blocks.8.conv2,0.004759247414767742
178,blocks.9.conv1,0.004618657752871513
178,blocks.9.conv2,0.004660930018872023
178,blocks.10.conv1,0.00465368153527379
178,blocks.10.conv2,0.004665042739361525
178,blocks.11.conv1,0.004692792426794767
178,blocks.11.conv2,0.004880589433014393
178,blocks.12.conv1,0.0048659550957381725
178,blocks.12.conv2,0.005135083571076393
178,blocks.13.conv1,0.00497979624196887
178,blocks.13.conv2,0.0050455862656235695
178,blocks.14.conv1,0.005333574488759041
178,blocks.14.conv2,0.005437940824776888
178,blocks.15.conv1,0.005228601861745119
178,blocks.15.conv2,0.005198743660002947
178,blocks.16.conv1,0.005286577623337507
178,blocks.16.conv2,0.005462840665131807
178,blocks.17.conv1,0.005383262410759926
178,blocks.17.conv2,0.005423829425126314
178,blocks.18.conv1,0.006386113818734884
178,blocks.18.conv2,0.007078091148287058
178,blocks.19.conv1,0.006255017593502998
178,blocks.19.conv2,0.006987342145293951
178,blocks.20.conv1,0.0073249321430921555
178,blocks.20.conv2,0.008335782214999199
178,blocks.21.conv1,0.010587310418486595
178,blocks.21.conv2,0.01241621095687151
178,blocks.22.conv1,0.015355953015387058
178,blocks.22.conv2,0.017084592953324318
178,blocks.23.conv1,0.019270483404397964
178,blocks.23.conv2,0.021264854818582535
178,blocks.24.conv1,0.02423109859228134
178,blocks.24.conv2,0.02642221935093403
178,blocks.25.conv1,0.028511537238955498
178,blocks.25.conv2,0.030290208756923676
178,blocks.26.conv1,0.03185443580150604
178,blocks.26.conv2,0.03260668367147446
178,blocks.27.conv1,0.03191613033413887
178,blocks.27.conv2,0.031191790476441383
178,blocks.28.conv1,0.029897082597017288
178,blocks.28.conv2,0.02890453301370144
178,blocks.29.conv1,0.027803849428892136
178,blocks.29.conv2,0.025638645514845848
178,blocks.30.conv1,0.02382665127515793
178,blocks.30.conv2,0.022781549021601677
178,blocks.31.conv1,0.019610470160841942
178,blocks.31.conv2,0.013579672202467918
178,mean_conv2d_grad_norm,0.01404613395436452
179,stem.0,0.18752779066562653
179,blocks.0.conv1,0.21028029918670654
179,blocks.0.conv2,0.28076156973838806
179,blocks.1.conv1,0.30364716053009033
179,blocks.1.conv2,0.29112085700035095
179,blocks.2.conv1,0.23119932413101196
179,blocks.2.conv2,0.17932569980621338
179,blocks.3.conv1,0.11571161448955536
179,blocks.3.conv2,0.07437293976545334
179,blocks.4.conv1,0.05048351362347603
179,blocks.4.conv2,0.04385161027312279
179,blocks.5.conv1,0.04116547852754593
179,blocks.5.conv2,0.04138798266649246
179,blocks.6.conv1,0.04155207425355911
179,blocks.6.conv2,0.04083387553691864
179,blocks.7.conv1,0.04123074561357498
179,blocks.7.conv2,0.04079264774918556
179,blocks.8.conv1,0.04123154282569885
179,blocks.8.conv2,0.04134060814976692
179,blocks.9.conv1,0.04089060798287392
179,blocks.9.conv2,0.04048008471727371
179,blocks.10.conv1,0.04063178971409798
179,blocks.10.conv2,0.040460556745529175
179,blocks.11.conv1,0.0405353307723999
179,blocks.11.conv2,0.0410102903842926
179,blocks.12.conv1,0.0410144068300724
179,blocks.12.conv2,0.04051269590854645
179,blocks.13.conv1,0.04167506471276283
179,blocks.13.conv2,0.040622465312480927
179,blocks.14.conv1,0.041659433394670486
179,blocks.14.conv2,0.04354691877961159
179,blocks.15.conv1,0.041582878679037094
179,blocks.15.conv2,0.04105137288570404
179,blocks.16.conv1,0.04148215427994728
179,blocks.16.conv2,0.043999701738357544
179,blocks.17.conv1,0.04417046159505844
179,blocks.17.conv2,0.046430084854364395
179,blocks.18.conv1,0.05726325884461403
179,blocks.18.conv2,0.06318153440952301
179,blocks.19.conv1,0.06156081706285477
179,blocks.19.conv2,0.06783125549554825
179,blocks.20.conv1,0.07092389464378357
179,blocks.20.conv2,0.0734640508890152
179,blocks.21.conv1,0.07962987571954727
179,blocks.21.conv2,0.0868760198354721
179,blocks.22.conv1,0.09880821406841278
179,blocks.22.conv2,0.11678926646709442
179,blocks.23.conv1,0.127279132604599
179,blocks.23.conv2,0.14262640476226807
179,blocks.24.conv1,0.1620039939880371
179,blocks.24.conv2,0.17594945430755615
179,blocks.25.conv1,0.1899838000535965
179,blocks.25.conv2,0.2103276550769806
179,blocks.26.conv1,0.23314815759658813
179,blocks.26.conv2,0.2353668063879013
179,blocks.27.conv1,0.2265125960111618
179,blocks.27.conv2,0.22101986408233643
179,blocks.28.conv1,0.1959129273891449
179,blocks.28.conv2,0.1882295161485672
179,blocks.29.conv1,0.18769612908363342
179,blocks.29.conv2,0.17191076278686523
179,blocks.30.conv1,0.1562957614660263
179,blocks.30.conv2,0.152116060256958
179,blocks.31.conv1,0.12423010170459747
179,blocks.31.conv2,0.07397442311048508
179,mean_conv2d_grad_norm,0.10769977489343056
180,stem.0,0.053757160902023315
180,blocks.0.conv1,0.07198243588209152
180,blocks.0.conv2,0.09799981862306595
180,blocks.1.conv1,0.11045843362808228
180,blocks.1.conv2,0.1077829897403717
180,blocks.2.conv1,0.0914260521531105
180,blocks.2.conv2,0.07207343727350235
180,blocks.3.conv1,0.048493072390556335
180,blocks.3.conv2,0.03119811974465847
180,blocks.4.conv1,0.02490345388650894
180,blocks.4.conv2,0.025589648634195328
180,blocks.5.conv1,0.02767331339418888
180,blocks.5.conv2,0.026868952438235283
180,blocks.6.conv1,0.027587151154875755
180,blocks.6.conv2,0.027615975588560104
180,blocks.7.conv1,0.028239088132977486
180,blocks.7.conv2,0.027942804619669914
180,blocks.8.conv1,0.028025930747389793
180,blocks.8.conv2,0.02824392542243004
180,blocks.9.conv1,0.028248358517885208
180,blocks.9.conv2,0.028411928564310074
180,blocks.10.conv1,0.028127025812864304
180,blocks.10.conv2,0.028137551620602608
180,blocks.11.conv1,0.027773002162575722
180,blocks.11.conv2,0.027213260531425476
180,blocks.12.conv1,0.026298444718122482
180,blocks.12.conv2,0.02588346228003502
180,blocks.13.conv1,0.026079878211021423
180,blocks.13.conv2,0.026618214324116707
180,blocks.14.conv1,0.025955533608794212
180,blocks.14.conv2,0.02575463056564331
180,blocks.15.conv1,0.02666647359728813
180,blocks.15.conv2,0.02679629810154438
180,blocks.16.conv1,0.02692553773522377
180,blocks.16.conv2,0.027221649885177612
180,blocks.17.conv1,0.026655085384845734
180,blocks.17.conv2,0.026675013825297356
180,blocks.18.conv1,0.02794228307902813
180,blocks.18.conv2,0.02736222743988037
180,blocks.19.conv1,0.027042949572205544
180,blocks.19.conv2,0.02712954580783844
180,blocks.20.conv1,0.028181428089737892
180,blocks.20.conv2,0.028619278222322464
180,blocks.21.conv1,0.033864669501781464
180,blocks.21.conv2,0.03603490814566612
180,blocks.22.conv1,0.04054988548159599
180,blocks.22.conv2,0.04890767112374306
180,blocks.23.conv1,0.05465781316161156
180,blocks.23.conv2,0.05798487737774849
180,blocks.24.conv1,0.06473152339458466
180,blocks.24.conv2,0.07212332636117935
180,blocks.25.conv1,0.07487694919109344
180,blocks.25.conv2,0.07987897098064423
180,blocks.26.conv1,0.08147843927145004
180,blocks.26.conv2,0.08368709683418274
180,blocks.27.conv1,0.08354502171278
180,blocks.27.conv2,0.08403944224119186
180,blocks.28.conv1,0.08262880146503448
180,blocks.28.conv2,0.08548101782798767
180,blocks.29.conv1,0.08791862428188324
180,blocks.29.conv2,0.08248788118362427
180,blocks.30.conv1,0.07947812974452972
180,blocks.30.conv2,0.06974034756422043
180,blocks.31.conv1,0.05648767575621605
180,blocks.31.conv2,0.039547666907310486
180,mean_conv2d_grad_norm,0.04753402408498984
181,stem.0,0.06417860090732574
181,blocks.0.conv1,0.054875630885362625
181,blocks.0.conv2,0.066532202064991
181,blocks.1.conv1,0.07151585817337036
181,blocks.1.conv2,0.07064027339220047
181,blocks.2.conv1,0.06461527198553085
181,blocks.2.conv2,0.05284755304455757
181,blocks.3.conv1,0.03571193665266037
181,blocks.3.conv2,0.01930062286555767
181,blocks.4.conv1,0.01261268649250269
181,blocks.4.conv2,0.008428088389337063
181,blocks.5.conv1,0.007669656537473202
181,blocks.5.conv2,0.007763184607028961
181,blocks.6.conv1,0.007818307727575302
181,blocks.6.conv2,0.006732186768203974
181,blocks.7.conv1,0.006054330617189407
181,blocks.7.conv2,0.006336256396025419
181,blocks.8.conv1,0.006148380693048239
181,blocks.8.conv2,0.006314608734101057
181,blocks.9.conv1,0.006099273916333914
181,blocks.9.conv2,0.005788804031908512
181,blocks.10.conv1,0.005857020616531372
181,blocks.10.conv2,0.005817420314997435
181,blocks.11.conv1,0.005763782653957605
181,blocks.11.conv2,0.006341750733554363
181,blocks.12.conv1,0.006694439332932234
181,blocks.12.conv2,0.007353263907134533
181,blocks.13.conv1,0.007171661127358675
181,blocks.13.conv2,0.00741604482755065
181,blocks.14.conv1,0.008389808237552643
181,blocks.14.conv2,0.008237703703343868
181,blocks.15.conv1,0.0078102038241922855
181,blocks.15.conv2,0.008055799640715122
181,blocks.16.conv1,0.007927467115223408
181,blocks.16.conv2,0.00912429578602314
181,blocks.17.conv1,0.009443236514925957
181,blocks.17.conv2,0.009518297389149666
181,blocks.18.conv1,0.013355230912566185
181,blocks.18.conv2,0.014817480929195881
181,blocks.19.conv1,0.01262813899666071
181,blocks.19.conv2,0.013789406977593899
181,blocks.20.conv1,0.018819143995642662
181,blocks.20.conv2,0.0220438651740551
181,blocks.21.conv1,0.02588452212512493
181,blocks.21.conv2,0.026900937780737877
181,blocks.22.conv1,0.03292674571275711
181,blocks.22.conv2,0.03752147778868675
181,blocks.23.conv1,0.04154948517680168
181,blocks.23.conv2,0.04616735130548477
181,blocks.24.conv1,0.05231313034892082
181,blocks.24.conv2,0.05846762657165527
181,blocks.25.conv1,0.06165090203285217
181,blocks.25.conv2,0.06842365860939026
181,blocks.26.conv1,0.07129155844449997
181,blocks.26.conv2,0.0687820240855217
181,blocks.27.conv1,0.06825299561023712
181,blocks.27.conv2,0.0697341114282608
181,blocks.28.conv1,0.06971780210733414
181,blocks.28.conv2,0.06737634539604187
181,blocks.29.conv1,0.06590726226568222
181,blocks.29.conv2,0.06169537082314491
181,blocks.30.conv1,0.058218516409397125
181,blocks.30.conv2,0.05218100547790527
181,blocks.31.conv1,0.04716900736093521
181,blocks.31.conv2,0.02985922433435917
181,mean_conv2d_grad_norm,0.030559234442905737
182,stem.0,0.023002026602625847
182,blocks.0.conv1,0.029529284685850143
182,blocks.0.conv2,0.034134261310100555
182,blocks.1.conv1,0.03874531388282776
182,blocks.1.conv2,0.03805879130959511
182,blocks.2.conv1,0.0348660871386528
182,blocks.2.conv2,0.02880789339542389
182,blocks.3.conv1,0.02028985507786274
182,blocks.3.conv2,0.01231514010578394
182,blocks.4.conv1,0.008058866485953331
182,blocks.4.conv2,0.006719859316945076
182,blocks.5.conv1,0.006220392417162657
182,blocks.5.conv2,0.006556158885359764
182,blocks.6.conv1,0.0062689404003322124
182,blocks.6.conv2,0.0061081042513251305
182,blocks.7.conv1,0.006151899229735136
182,blocks.7.conv2,0.006092608440667391
182,blocks.8.conv1,0.006075761280953884
182,blocks.8.conv2,0.0061610396951437
182,blocks.9.conv1,0.0061692483723163605
182,blocks.9.conv2,0.006071304436773062
182,blocks.10.conv1,0.006054205819964409
182,blocks.10.conv2,0.006056053098291159
182,blocks.11.conv1,0.005987280048429966
182,blocks.11.conv2,0.006071615498512983
182,blocks.12.conv1,0.006038131192326546
182,blocks.12.conv2,0.00627386849373579
182,blocks.13.conv1,0.006356104277074337
182,blocks.13.conv2,0.006360362749546766
182,blocks.14.conv1,0.0063239228911697865
182,blocks.14.conv2,0.006928388029336929
182,blocks.15.conv1,0.006535179913043976
182,blocks.15.conv2,0.00667502311989665
182,blocks.16.conv1,0.006712482776492834
182,blocks.16.conv2,0.006935049779713154
182,blocks.17.conv1,0.007024550810456276
182,blocks.17.conv2,0.007238938007503748
182,blocks.18.conv1,0.008802451193332672
182,blocks.18.conv2,0.008415797725319862
182,blocks.19.conv1,0.008138226345181465
182,blocks.19.conv2,0.008348651230335236
182,blocks.20.conv1,0.008704322390258312
182,blocks.20.conv2,0.009618183597922325
182,blocks.21.conv1,0.011672915890812874
182,blocks.21.conv2,0.014944407157599926
182,blocks.22.conv1,0.017513778060674667
182,blocks.22.conv2,0.019148491322994232
182,blocks.23.conv1,0.02174864336848259
182,blocks.23.conv2,0.02471037767827511
182,blocks.24.conv1,0.028039056807756424
182,blocks.24.conv2,0.03125716745853424
182,blocks.25.conv1,0.035206425935029984
182,blocks.25.conv2,0.03782203793525696
182,blocks.26.conv1,0.03923296928405762
182,blocks.26.conv2,0.04008594900369644
182,blocks.27.conv1,0.039490360766649246
182,blocks.27.conv2,0.038886524736881256
182,blocks.28.conv1,0.03880089148879051
182,blocks.28.conv2,0.03731028735637665
182,blocks.29.conv1,0.034569185227155685
182,blocks.29.conv2,0.03554699569940567
182,blocks.30.conv1,0.03491386026144028
182,blocks.30.conv2,0.029078368097543716
182,blocks.31.conv1,0.02409902960062027
182,blocks.31.conv2,0.013866093941032887
182,mean_conv2d_grad_norm,0.01753762219674312
183,stem.0,0.038463130593299866
183,blocks.0.conv1,0.045766543596982956
183,blocks.0.conv2,0.0659700334072113
183,blocks.1.conv1,0.07785084843635559
183,blocks.1.conv2,0.07861636579036713
183,blocks.2.conv1,0.07094842940568924
183,blocks.2.conv2,0.05875948444008827
183,blocks.3.conv1,0.041437212377786636
183,blocks.3.conv2,0.023564210161566734
183,blocks.4.conv1,0.015158738009631634
183,blocks.4.conv2,0.012372873723506927
183,blocks.5.conv1,0.01125994324684143
183,blocks.5.conv2,0.011404084973037243
183,blocks.6.conv1,0.011146861128509045
183,blocks.6.conv2,0.010674567893147469
183,blocks.7.conv1,0.01040768250823021
183,blocks.7.conv2,0.010459542274475098
183,blocks.8.conv1,0.010556587018072605
183,blocks.8.conv2,0.01048861164599657
183,blocks.9.conv1,0.010241380892693996
183,blocks.9.conv2,0.010097361169755459
183,blocks.10.conv1,0.010053709149360657
183,blocks.10.conv2,0.010198192670941353
183,blocks.11.conv1,0.010201324708759785
183,blocks.11.conv2,0.010576332919299603
183,blocks.12.conv1,0.01065443642437458
183,blocks.12.conv2,0.011111212894320488
183,blocks.13.conv1,0.011221857741475105
183,blocks.13.conv2,0.011169426143169403
183,blocks.14.conv1,0.01181889045983553
183,blocks.14.conv2,0.012038640677928925
183,blocks.15.conv1,0.011116341687738895
183,blocks.15.conv2,0.011158868670463562
183,blocks.16.conv1,0.011458690278232098
183,blocks.16.conv2,0.011917110532522202
183,blocks.17.conv1,0.012531171552836895
183,blocks.17.conv2,0.01235155574977398
183,blocks.18.conv1,0.014362304471433163
183,blocks.18.conv2,0.015278455801308155
183,blocks.19.conv1,0.013591407798230648
183,blocks.19.conv2,0.014790944755077362
183,blocks.20.conv1,0.015547358430922031
183,blocks.20.conv2,0.019061129540205002
183,blocks.21.conv1,0.02256426028907299
183,blocks.21.conv2,0.02667255699634552
183,blocks.22.conv1,0.03276227414608002
183,blocks.22.conv2,0.038731466978788376
183,blocks.23.conv1,0.04091624170541763
183,blocks.23.conv2,0.047434911131858826
183,blocks.24.conv1,0.052778564393520355
183,blocks.24.conv2,0.0588802844285965
183,blocks.25.conv1,0.06344889104366302
183,blocks.25.conv2,0.0689559280872345
183,blocks.26.conv1,0.0725109875202179
183,blocks.26.conv2,0.07317706942558289
183,blocks.27.conv1,0.07766273617744446
183,blocks.27.conv2,0.07964246720075607
183,blocks.28.conv1,0.07460658997297287
183,blocks.28.conv2,0.07641821354627609
183,blocks.29.conv1,0.06773735582828522
183,blocks.29.conv2,0.06728442013263702
183,blocks.30.conv1,0.06058632582426071
183,blocks.30.conv2,0.059059444814920425
183,blocks.31.conv1,0.04768262803554535
183,blocks.31.conv2,0.0311711635440588
183,mean_conv2d_grad_norm,0.033054440568846
184,stem.0,0.0903705507516861
184,blocks.0.conv1,0.08676827698945999
184,blocks.0.conv2,0.11345185339450836
184,blocks.1.conv1,0.12923072278499603
184,blocks.1.conv2,0.12367811799049377
184,blocks.2.conv1,0.10479851812124252
184,blocks.2.conv2,0.09012499451637268
184,blocks.3.conv1,0.06366781145334244
184,blocks.3.conv2,0.03738598898053169
184,blocks.4.conv1,0.02101743407547474
184,blocks.4.conv2,0.017344996333122253
184,blocks.5.conv1,0.0170066487044096
184,blocks.5.conv2,0.016636153683066368
184,blocks.6.conv1,0.01671307533979416
184,blocks.6.conv2,0.0162829402834177
184,blocks.7.conv1,0.016257915645837784
184,blocks.7.conv2,0.01597307249903679
184,blocks.8.conv1,0.016099220141768456
184,blocks.8.conv2,0.016414066776633263
184,blocks.9.conv1,0.015988998115062714
184,blocks.9.conv2,0.015834329649806023
184,blocks.10.conv1,0.015689725056290627
184,blocks.10.conv2,0.015649918466806412
184,blocks.11.conv1,0.015566437505185604
184,blocks.11.conv2,0.016019310802221298
184,blocks.12.conv1,0.01595502533018589
184,blocks.12.conv2,0.015823882073163986
184,blocks.13.conv1,0.016173023730516434
184,blocks.13.conv2,0.016231130808591843
184,blocks.14.conv1,0.017646946012973785
184,blocks.14.conv2,0.017721952870488167
184,blocks.15.conv1,0.017761973664164543
184,blocks.15.conv2,0.016731036826968193
184,blocks.16.conv1,0.016903605312108994
184,blocks.16.conv2,0.018708299845457077
184,blocks.17.conv1,0.017763527110219002
184,blocks.17.conv2,0.018475515767931938
184,blocks.18.conv1,0.019972845911979675
184,blocks.18.conv2,0.020962117239832878
184,blocks.19.conv1,0.021633917465806007
184,blocks.19.conv2,0.02141396515071392
184,blocks.20.conv1,0.024214724078774452
184,blocks.20.conv2,0.02873566374182701
184,blocks.21.conv1,0.033865850418806076
184,blocks.21.conv2,0.0396617129445076
184,blocks.22.conv1,0.04699273407459259
184,blocks.22.conv2,0.058768995106220245
184,blocks.23.conv1,0.06986135244369507
184,blocks.23.conv2,0.07690145820379257
184,blocks.24.conv1,0.09268397837877274
184,blocks.24.conv2,0.10488477349281311
184,blocks.25.conv1,0.11311808973550797
184,blocks.25.conv2,0.13153497874736786
184,blocks.26.conv1,0.133884996175766
184,blocks.26.conv2,0.13267144560813904
184,blocks.27.conv1,0.12721113860607147
184,blocks.27.conv2,0.12852592766284943
184,blocks.28.conv1,0.13815394043922424
184,blocks.28.conv2,0.13644103705883026
184,blocks.29.conv1,0.1199411079287529
184,blocks.29.conv2,0.1141730397939682
184,blocks.30.conv1,0.09910770505666733
184,blocks.30.conv2,0.08873236924409866
184,blocks.31.conv1,0.07366872578859329
184,blocks.31.conv2,0.05253338813781738
184,mean_conv2d_grad_norm,0.05477106116998654
185,stem.0,0.11741408705711365
185,blocks.0.conv1,0.13462865352630615
185,blocks.0.conv2,0.16390825808048248
185,blocks.1.conv1,0.18941760063171387
185,blocks.1.conv2,0.1820181906223297
185,blocks.2.conv1,0.16415664553642273
185,blocks.2.conv2,0.14376267790794373
185,blocks.3.conv1,0.10443827509880066
185,blocks.3.conv2,0.06477312743663788
185,blocks.4.conv1,0.041127752512693405
185,blocks.4.conv2,0.03451748937368393
185,blocks.5.conv1,0.028552856296300888
185,blocks.5.conv2,0.02797040529549122
185,blocks.6.conv1,0.028474127873778343
185,blocks.6.conv2,0.02659003995358944
185,blocks.7.conv1,0.025737710297107697
185,blocks.7.conv2,0.02617931179702282
185,blocks.8.conv1,0.025697771459817886
185,blocks.8.conv2,0.02535742148756981
185,blocks.9.conv1,0.024902259930968285
185,blocks.9.conv2,0.024574900045990944
185,blocks.10.conv1,0.02494601160287857
185,blocks.10.conv2,0.024991067126393318
185,blocks.11.conv1,0.025883642956614494
185,blocks.11.conv2,0.027711881324648857
185,blocks.12.conv1,0.02858833037316799
185,blocks.12.conv2,0.03065471164882183
185,blocks.13.conv1,0.029772751033306122
185,blocks.13.conv2,0.029234828427433968
185,blocks.14.conv1,0.03209388628602028
185,blocks.14.conv2,0.031248081475496292
185,blocks.15.conv1,0.03060106374323368
185,blocks.15.conv2,0.03122894838452339
185,blocks.16.conv1,0.03221571445465088
185,blocks.16.conv2,0.032350365072488785
185,blocks.17.conv1,0.03403722494840622
185,blocks.17.conv2,0.033568814396858215
185,blocks.18.conv1,0.03996714577078819
185,blocks.18.conv2,0.0433305948972702
185,blocks.19.conv1,0.040331337600946426
185,blocks.19.conv2,0.04097994789481163
185,blocks.20.conv1,0.04499809816479683
185,blocks.20.conv2,0.05190229415893555
185,blocks.21.conv1,0.06672895699739456
185,blocks.21.conv2,0.07578489929437637
185,blocks.22.conv1,0.0846564918756485
185,blocks.22.conv2,0.09955635666847229
185,blocks.23.conv1,0.11010961979627609
185,blocks.23.conv2,0.1264469027519226
185,blocks.24.conv1,0.13688895106315613
185,blocks.24.conv2,0.15642505884170532
185,blocks.25.conv1,0.17420229315757751
185,blocks.25.conv2,0.19094932079315186
185,blocks.26.conv1,0.20136462152004242
185,blocks.26.conv2,0.20517387986183167
185,blocks.27.conv1,0.19946148991584778
185,blocks.27.conv2,0.1995704472064972
185,blocks.28.conv1,0.19932883977890015
185,blocks.28.conv2,0.1953687071800232
185,blocks.29.conv1,0.1782762110233307
185,blocks.29.conv2,0.1661631464958191
185,blocks.30.conv1,0.1517016887664795
185,blocks.30.conv2,0.1448211818933487
185,blocks.31.conv1,0.12413691729307175
185,blocks.31.conv2,0.07780510932207108
185,mean_conv2d_grad_norm,0.08630395993017233
186,stem.0,0.1395091563463211
186,blocks.0.conv1,0.16219031810760498
186,blocks.0.conv2,0.19168812036514282
186,blocks.1.conv1,0.22513556480407715
186,blocks.1.conv2,0.23230621218681335
186,blocks.2.conv1,0.19853051006793976
186,blocks.2.conv2,0.163648322224617
186,blocks.3.conv1,0.11582434177398682
186,blocks.3.conv2,0.06907365471124649
186,blocks.4.conv1,0.04815128073096275
186,blocks.4.conv2,0.03417748957872391
186,blocks.5.conv1,0.03450462222099304
186,blocks.5.conv2,0.03437971696257591
186,blocks.6.conv1,0.03340378776192665
186,blocks.6.conv2,0.03151211142539978
186,blocks.7.conv1,0.03191804885864258
186,blocks.7.conv2,0.0313984639942646
186,blocks.8.conv1,0.032263096421957016
186,blocks.8.conv2,0.03224056586623192
186,blocks.9.conv1,0.0316554494202137
186,blocks.9.conv2,0.03136051446199417
186,blocks.10.conv1,0.031628288328647614
186,blocks.10.conv2,0.031935013830661774
186,blocks.11.conv1,0.031891658902168274
186,blocks.11.conv2,0.03282595053315163
186,blocks.12.conv1,0.03393537178635597
186,blocks.12.conv2,0.03513726592063904
186,blocks.13.conv1,0.034765273332595825
186,blocks.13.conv2,0.036636341363191605
186,blocks.14.conv1,0.03913595899939537
186,blocks.14.conv2,0.04168018326163292
186,blocks.15.conv1,0.04063605144619942
186,blocks.15.conv2,0.039414871484041214
186,blocks.16.conv1,0.039768826216459274
186,blocks.16.conv2,0.04543347284197807
186,blocks.17.conv1,0.045830536633729935
186,blocks.17.conv2,0.044765181839466095
186,blocks.18.conv1,0.05092349275946617
186,blocks.18.conv2,0.0524040050804615
186,blocks.19.conv1,0.04918704181909561
186,blocks.19.conv2,0.04983784630894661
186,blocks.20.conv1,0.051798123866319656
186,blocks.20.conv2,0.05982912331819534
186,blocks.21.conv1,0.07049417495727539
186,blocks.21.conv2,0.07967058569192886
186,blocks.22.conv1,0.09875495731830597
186,blocks.22.conv2,0.11551427096128464
186,blocks.23.conv1,0.12591542303562164
186,blocks.23.conv2,0.1361696869134903
186,blocks.24.conv1,0.15037395060062408
186,blocks.24.conv2,0.17122870683670044
186,blocks.25.conv1,0.19404996931552887
186,blocks.25.conv2,0.21385228633880615
186,blocks.26.conv1,0.22389668226242065
186,blocks.26.conv2,0.2207963615655899
186,blocks.27.conv1,0.22061967849731445
186,blocks.27.conv2,0.20832592248916626
186,blocks.28.conv1,0.20511265099048615
186,blocks.28.conv2,0.19535768032073975
186,blocks.29.conv1,0.17222613096237183
186,blocks.29.conv2,0.1631392240524292
186,blocks.30.conv1,0.15295785665512085
186,blocks.30.conv2,0.13741198182106018
186,blocks.31.conv1,0.12562228739261627
186,blocks.31.conv2,0.07913842052221298
186,mean_conv2d_grad_norm,0.09669077104100814
187,stem.0,0.05684461444616318
187,blocks.0.conv1,0.05805342644453049
187,blocks.0.conv2,0.07129862904548645
187,blocks.1.conv1,0.0712527185678482
187,blocks.1.conv2,0.07104403525590897
187,blocks.2.conv1,0.063845694065094
187,blocks.2.conv2,0.05883996561169624
187,blocks.3.conv1,0.04040848836302757
187,blocks.3.conv2,0.024546293541789055
187,blocks.4.conv1,0.01638459600508213
187,blocks.4.conv2,0.013414953835308552
187,blocks.5.conv1,0.013054152950644493
187,blocks.5.conv2,0.013311508111655712
187,blocks.6.conv1,0.013169325888156891
187,blocks.6.conv2,0.012339917942881584
187,blocks.7.conv1,0.012443103827536106
187,blocks.7.conv2,0.01255742833018303
187,blocks.8.conv1,0.012468088418245316
187,blocks.8.conv2,0.012475727126002312
187,blocks.9.conv1,0.012271134182810783
187,blocks.9.conv2,0.01223152969032526
187,blocks.10.conv1,0.012131157331168652
187,blocks.10.conv2,0.012446802109479904
187,blocks.11.conv1,0.012289770878851414
187,blocks.11.conv2,0.012895417399704456
187,blocks.12.conv1,0.012925715185701847
187,blocks.12.conv2,0.013524893671274185
187,blocks.13.conv1,0.01308740396052599
187,blocks.13.conv2,0.014531934633851051
187,blocks.14.conv1,0.013548703864216805
187,blocks.14.conv2,0.015387378633022308
187,blocks.15.conv1,0.014792169444262981
187,blocks.15.conv2,0.01515551470220089
187,blocks.16.conv1,0.015204827301204205
187,blocks.16.conv2,0.01597019098699093
187,blocks.17.conv1,0.016018524765968323
187,blocks.17.conv2,0.015738796442747116
187,blocks.18.conv1,0.017000531777739525
187,blocks.18.conv2,0.01851220242679119
187,blocks.19.conv1,0.01755416952073574
187,blocks.19.conv2,0.01713997684419155
187,blocks.20.conv1,0.020295333117246628
187,blocks.20.conv2,0.02489364705979824
187,blocks.21.conv1,0.029154974967241287
187,blocks.21.conv2,0.03357371315360069
187,blocks.22.conv1,0.038666244596242905
187,blocks.22.conv2,0.046160753816366196
187,blocks.23.conv1,0.053414538502693176
187,blocks.23.conv2,0.05868019908666611
187,blocks.24.conv1,0.06413332372903824
187,blocks.24.conv2,0.07043720781803131
187,blocks.25.conv1,0.07885387539863586
187,blocks.25.conv2,0.08235535770654678
187,blocks.26.conv1,0.08463510125875473
187,blocks.26.conv2,0.09260758757591248
187,blocks.27.conv1,0.09226633608341217
187,blocks.27.conv2,0.09280044585466385
187,blocks.28.conv1,0.09522828459739685
187,blocks.28.conv2,0.08989328891038895
187,blocks.29.conv1,0.08296073228120804
187,blocks.29.conv2,0.07784279435873032
187,blocks.30.conv1,0.0785745307803154
187,blocks.30.conv2,0.07463910430669785
187,blocks.31.conv1,0.07094209641218185
187,blocks.31.conv2,0.04487775266170502
187,mean_conv2d_grad_norm,0.03916920980868431
188,stem.0,0.08767641335725784
188,blocks.0.conv1,0.11835172027349472
188,blocks.0.conv2,0.16149643063545227
188,blocks.1.conv1,0.18162238597869873
188,blocks.1.conv2,0.17309510707855225
188,blocks.2.conv1,0.1534239500761032
188,blocks.2.conv2,0.12669266760349274
188,blocks.3.conv1,0.09062691032886505
188,blocks.3.conv2,0.055457789450883865
188,blocks.4.conv1,0.03981403261423111
188,blocks.4.conv2,0.03161051496863365
188,blocks.5.conv1,0.03034721501171589
188,blocks.5.conv2,0.029822425916790962
188,blocks.6.conv1,0.02928110584616661
188,blocks.6.conv2,0.029399652034044266
188,blocks.7.conv1,0.029051823541522026
188,blocks.7.conv2,0.02819303423166275
188,blocks.8.conv1,0.028630387037992477
188,blocks.8.conv2,0.0287940613925457
188,blocks.9.conv1,0.028073187917470932
188,blocks.9.conv2,0.027858518064022064
188,blocks.10.conv1,0.027621490880846977
188,blocks.10.conv2,0.027860498055815697
188,blocks.11.conv1,0.028034603223204613
188,blocks.11.conv2,0.028795529156923294
188,blocks.12.conv1,0.02895902842283249
188,blocks.12.conv2,0.03018585406243801
188,blocks.13.conv1,0.030077751725912094
188,blocks.13.conv2,0.029273733496665955
188,blocks.14.conv1,0.03023194707930088
188,blocks.14.conv2,0.033612798899412155
188,blocks.15.conv1,0.03034951351583004
188,blocks.15.conv2,0.029824336990714073
188,blocks.16.conv1,0.030688241124153137
188,blocks.16.conv2,0.03308578580617905
188,blocks.17.conv1,0.03361605852842331
188,blocks.17.conv2,0.032832227647304535
188,blocks.18.conv1,0.03637762367725372
188,blocks.18.conv2,0.03961865231394768
188,blocks.19.conv1,0.03830903023481369
188,blocks.19.conv2,0.03843335062265396
188,blocks.20.conv1,0.040445726364851
188,blocks.20.conv2,0.046956658363342285
188,blocks.21.conv1,0.06034252047538757
188,blocks.21.conv2,0.06863293051719666
188,blocks.22.conv1,0.08360200375318527
188,blocks.22.conv2,0.09869587421417236
188,blocks.23.conv1,0.10809174180030823
188,blocks.23.conv2,0.11857660859823227
188,blocks.24.conv1,0.13173189759254456
188,blocks.24.conv2,0.14789481461048126
188,blocks.25.conv1,0.15545380115509033
188,blocks.25.conv2,0.16772711277008057
188,blocks.26.conv1,0.1803353875875473
188,blocks.26.conv2,0.18029513955116272
188,blocks.27.conv1,0.17757949233055115
188,blocks.27.conv2,0.17480914294719696
188,blocks.28.conv1,0.16799478232860565
188,blocks.28.conv2,0.16839204728603363
188,blocks.29.conv1,0.15158836543560028
188,blocks.29.conv2,0.1594535857439041
188,blocks.30.conv1,0.1491086781024933
188,blocks.30.conv2,0.12739379703998566
188,blocks.31.conv1,0.1079847514629364
188,blocks.31.conv2,0.06288453936576843
188,mean_conv2d_grad_norm,0.07973967366493666
189,stem.0,0.04518100991845131
189,blocks.0.conv1,0.05461417883634567
189,blocks.0.conv2,0.06291837245225906
189,blocks.1.conv1,0.07104287296533585
189,blocks.1.conv2,0.07115229219198227
189,blocks.2.conv1,0.06344832479953766
189,blocks.2.conv2,0.05419612675905228
189,blocks.3.conv1,0.03992743045091629
189,blocks.3.conv2,0.02504655532538891
189,blocks.4.conv1,0.017160072922706604
189,blocks.4.conv2,0.013289125636219978
189,blocks.5.conv1,0.012256443500518799
189,blocks.5.conv2,0.012111878953874111
189,blocks.6.conv1,0.012294726446270943
189,blocks.6.conv2,0.011686783283948898
189,blocks.7.conv1,0.011571191251277924
189,blocks.7.conv2,0.011459248140454292
189,blocks.8.conv1,0.01139107532799244
189,blocks.8.conv2,0.011121329851448536
189,blocks.9.conv1,0.01096226554363966
189,blocks.9.conv2,0.010848324745893478
189,blocks.10.conv1,0.010922634042799473
189,blocks.10.conv2,0.010905006900429726
189,blocks.11.conv1,0.011258869431912899
189,blocks.11.conv2,0.011858928948640823
189,blocks.12.conv1,0.012262283824384212
189,blocks.12.conv2,0.012914716266095638
189,blocks.13.conv1,0.012513509951531887
189,blocks.13.conv2,0.012634893879294395
189,blocks.14.conv1,0.013805918395519257
189,blocks.14.conv2,0.013474133796989918
189,blocks.15.conv1,0.012722693383693695
189,blocks.15.conv2,0.012543763965368271
189,blocks.16.conv1,0.013186365365982056
189,blocks.16.conv2,0.013936731964349747
189,blocks.17.conv1,0.013233430683612823
189,blocks.17.conv2,0.013807636685669422
189,blocks.18.conv1,0.015951720997691154
189,blocks.18.conv2,0.01704697124660015
189,blocks.19.conv1,0.01626066491007805
189,blocks.19.conv2,0.01740129478275776
189,blocks.20.conv1,0.018542427569627762
189,blocks.20.conv2,0.022643810138106346
189,blocks.21.conv1,0.028231177479028702
189,blocks.21.conv2,0.03141731023788452
189,blocks.22.conv1,0.03584282100200653
189,blocks.22.conv2,0.039880380034446716
189,blocks.23.conv1,0.046672526746988297
189,blocks.23.conv2,0.05007946491241455
189,blocks.24.conv1,0.05666215717792511
189,blocks.24.conv2,0.06046660244464874
189,blocks.25.conv1,0.06670825928449631
189,blocks.25.conv2,0.07308037579059601
189,blocks.26.conv1,0.07714604586362839
189,blocks.26.conv2,0.0760774165391922
189,blocks.27.conv1,0.07468486577272415
189,blocks.27.conv2,0.07272036373615265
189,blocks.28.conv1,0.07219907641410828
189,blocks.28.conv2,0.07677400857210159
189,blocks.29.conv1,0.07297509163618088
189,blocks.29.conv2,0.06611824035644531
189,blocks.30.conv1,0.06025350093841553
189,blocks.30.conv2,0.05476921796798706
189,blocks.31.conv1,0.04906938225030899
189,blocks.31.conv2,0.03393106907606125
189,mean_conv2d_grad_norm,0.03414257524105219
190,stem.0,0.10421761125326157
190,blocks.0.conv1,0.12241682410240173
190,blocks.0.conv2,0.14741800725460052
190,blocks.1.conv1,0.16322657465934753
190,blocks.1.conv2,0.16319966316223145
190,blocks.2.conv1,0.13823150098323822
190,blocks.2.conv2,0.11922365427017212
190,blocks.3.conv1,0.08534496277570724
190,blocks.3.conv2,0.050310198217630386
190,blocks.4.conv1,0.03380265459418297
190,blocks.4.conv2,0.024126864969730377
190,blocks.5.conv1,0.024383652955293655
190,blocks.5.conv2,0.025341840460896492
190,blocks.6.conv1,0.024538908153772354
190,blocks.6.conv2,0.023489566519856453
190,blocks.7.conv1,0.023379217833280563
190,blocks.7.conv2,0.023367952555418015
190,blocks.8.conv1,0.02360452339053154
190,blocks.8.conv2,0.023074032738804817
190,blocks.9.conv1,0.022362539544701576
190,blocks.9.conv2,0.022984173148870468
190,blocks.10.conv1,0.0226002000272274
190,blocks.10.conv2,0.023039106279611588
190,blocks.11.conv1,0.023270588368177414
190,blocks.11.conv2,0.023961786180734634
190,blocks.12.conv1,0.02441384829580784
190,blocks.12.conv2,0.02705605886876583
190,blocks.13.conv1,0.02451186068356037
190,blocks.13.conv2,0.026029828935861588
190,blocks.14.conv1,0.028519535437226295
190,blocks.14.conv2,0.029727023094892502
190,blocks.15.conv1,0.028226623311638832
190,blocks.15.conv2,0.02924100123345852
190,blocks.16.conv1,0.030933387577533722
190,blocks.16.conv2,0.033430032432079315
190,blocks.17.conv1,0.032677702605724335
190,blocks.17.conv2,0.03181730955839157
190,blocks.18.conv1,0.03790609538555145
190,blocks.18.conv2,0.041685834527015686
190,blocks.19.conv1,0.03799862787127495
190,blocks.19.conv2,0.04289160296320915
190,blocks.20.conv1,0.045239537954330444
190,blocks.20.conv2,0.05392994359135628
190,blocks.21.conv1,0.0644463375210762
190,blocks.21.conv2,0.06872274726629257
190,blocks.22.conv1,0.07837043702602386
190,blocks.22.conv2,0.08632220327854156
190,blocks.23.conv1,0.09791344404220581
190,blocks.23.conv2,0.10775397717952728
190,blocks.24.conv1,0.12244530767202377
190,blocks.24.conv2,0.13231110572814941
190,blocks.25.conv1,0.14339247345924377
190,blocks.25.conv2,0.15843409299850464
190,blocks.26.conv1,0.16856591403484344
190,blocks.26.conv2,0.17930716276168823
190,blocks.27.conv1,0.1758265197277069
190,blocks.27.conv2,0.17098943889141083
190,blocks.28.conv1,0.18231439590454102
190,blocks.28.conv2,0.17673951387405396
190,blocks.29.conv1,0.15817643702030182
190,blocks.29.conv2,0.15781301259994507
190,blocks.30.conv1,0.14865940809249878
190,blocks.30.conv2,0.12683382630348206
190,blocks.31.conv1,0.10374302417039871
190,blocks.31.conv2,0.06707863509654999
190,mean_conv2d_grad_norm,0.0763586442057903
191,stem.0,0.0793478861451149
191,blocks.0.conv1,0.08462949842214584
191,blocks.0.conv2,0.09669921547174454
191,blocks.1.conv1,0.11424268782138824
191,blocks.1.conv2,0.10952625423669815
191,blocks.2.conv1,0.09746041148900986
191,blocks.2.conv2,0.08188794553279877
191,blocks.3.conv1,0.05853736773133278
191,blocks.3.conv2,0.03420429676771164
191,blocks.4.conv1,0.02438906580209732
191,blocks.4.conv2,0.021070104092359543
191,blocks.5.conv1,0.020579738542437553
191,blocks.5.conv2,0.02088579162955284
191,blocks.6.conv1,0.02090911939740181
191,blocks.6.conv2,0.021060887724161148
191,blocks.7.conv1,0.021268438547849655
191,blocks.7.conv2,0.021249284967780113
191,blocks.8.conv1,0.021368302404880524
191,blocks.8.conv2,0.02113535813987255
191,blocks.9.conv1,0.021301282569766045
191,blocks.9.conv2,0.02108123153448105
191,blocks.10.conv1,0.021114995703101158
191,blocks.10.conv2,0.021104656159877777
191,blocks.11.conv1,0.021132832393050194
191,blocks.11.conv2,0.02121141366660595
191,blocks.12.conv1,0.020956160500645638
191,blocks.12.conv2,0.020586632192134857
191,blocks.13.conv1,0.021102622151374817
191,blocks.13.conv2,0.021098915487527847
191,blocks.14.conv1,0.021053308621048927
191,blocks.14.conv2,0.022042041644454002
191,blocks.15.conv1,0.02092483453452587
191,blocks.15.conv2,0.020800545811653137
191,blocks.16.conv1,0.021544795483350754
191,blocks.16.conv2,0.021397655829787254
191,blocks.17.conv1,0.020850853994488716
191,blocks.17.conv2,0.021137487143278122
191,blocks.18.conv1,0.022854095324873924
191,blocks.18.conv2,0.024227306246757507
191,blocks.19.conv1,0.02294354885816574
191,blocks.19.conv2,0.0238154549151659
191,blocks.20.conv1,0.028013944625854492
191,blocks.20.conv2,0.03253917023539543
191,blocks.21.conv1,0.039515797048807144
191,blocks.21.conv2,0.042472753673791885
191,blocks.22.conv1,0.051101960241794586
191,blocks.22.conv2,0.05879948288202286
191,blocks.23.conv1,0.06436235457658768
191,blocks.23.conv2,0.07396405935287476
191,blocks.24.conv1,0.08719085901975632
191,blocks.24.conv2,0.09343903511762619
191,blocks.25.conv1,0.10128950327634811
191,blocks.25.conv2,0.10846073180437088
191,blocks.26.conv1,0.10834768414497375
191,blocks.26.conv2,0.10898154973983765
191,blocks.27.conv1,0.10656473785638809
191,blocks.27.conv2,0.10464168339967728
191,blocks.28.conv1,0.10818196833133698
191,blocks.28.conv2,0.11438804119825363
191,blocks.29.conv1,0.1039813831448555
191,blocks.29.conv2,0.09705912321805954
191,blocks.30.conv1,0.0893382877111435
191,blocks.30.conv2,0.08262992650270462
191,blocks.31.conv1,0.08201824128627777
191,blocks.31.conv2,0.06086933985352516
191,mean_conv2d_grad_norm,0.05219824529038026
192,stem.0,0.10489199310541153
192,blocks.0.conv1,0.10004878044128418
192,blocks.0.conv2,0.11704413592815399
192,blocks.1.conv1,0.12336493283510208
192,blocks.1.conv2,0.11463151127099991
192,blocks.2.conv1,0.10424550622701645
192,blocks.2.conv2,0.08815273642539978
192,blocks.3.conv1,0.05955619737505913
192,blocks.3.conv2,0.03322581946849823
192,blocks.4.conv1,0.021074797958135605
192,blocks.4.conv2,0.01657724753022194
192,blocks.5.conv1,0.015791697427630424
192,blocks.5.conv2,0.01619173027575016
192,blocks.6.conv1,0.01615247130393982
192,blocks.6.conv2,0.015897100791335106
192,blocks.7.conv1,0.01591658778488636
192,blocks.7.conv2,0.01585780270397663
192,blocks.8.conv1,0.015978360548615456
192,blocks.8.conv2,0.01580316573381424
192,blocks.9.conv1,0.015766160562634468
192,blocks.9.conv2,0.015620294958353043
192,blocks.10.conv1,0.015671798959374428
192,blocks.10.conv2,0.015724902972579002
192,blocks.11.conv1,0.01579521782696247
192,blocks.11.conv2,0.015840163454413414
192,blocks.12.conv1,0.015946898609399796
192,blocks.12.conv2,0.016076354309916496
192,blocks.13.conv1,0.01689833216369152
192,blocks.13.conv2,0.016342459246516228
192,blocks.14.conv1,0.016530103981494904
192,blocks.14.conv2,0.01764577627182007
192,blocks.15.conv1,0.01681135594844818
192,blocks.15.conv2,0.016466312110424042
192,blocks.16.conv1,0.017095880582928658
192,blocks.16.conv2,0.017730435356497765
192,blocks.17.conv1,0.01826641336083412
192,blocks.17.conv2,0.017786039039492607
192,blocks.18.conv1,0.020988373085856438
192,blocks.18.conv2,0.02441367879509926
192,blocks.19.conv1,0.021934106945991516
192,blocks.19.conv2,0.022728612646460533
192,blocks.20.conv1,0.023878196254372597
192,blocks.20.conv2,0.030068255960941315
192,blocks.21.conv1,0.03993292525410652
192,blocks.21.conv2,0.04233207926154137
192,blocks.22.conv1,0.04805031791329384
192,blocks.22.conv2,0.058228835463523865
192,blocks.23.conv1,0.06752374023199081
192,blocks.23.conv2,0.06904010474681854
192,blocks.24.conv1,0.076987124979496
192,blocks.24.conv2,0.08092329651117325
192,blocks.25.conv1,0.0912805125117302
192,blocks.25.conv2,0.09753303229808807
192,blocks.26.conv1,0.10408169031143188
192,blocks.26.conv2,0.10742326825857162
192,blocks.27.conv1,0.10823377221822739
192,blocks.27.conv2,0.11270291358232498
192,blocks.28.conv1,0.10835684835910797
192,blocks.28.conv2,0.10538803786039352
192,blocks.29.conv1,0.09658035635948181
192,blocks.29.conv2,0.09853845834732056
192,blocks.30.conv1,0.10007936507463455
192,blocks.30.conv2,0.08672744035720825
192,blocks.31.conv1,0.06328354775905609
192,blocks.31.conv2,0.04129299521446228
192,mean_conv2d_grad_norm,0.050106913252518724
193,stem.0,0.09361402690410614
193,blocks.0.conv1,0.11082986742258072
193,blocks.0.conv2,0.13449569046497345
193,blocks.1.conv1,0.15949271619319916
193,blocks.1.conv2,0.16730014979839325
193,blocks.2.conv1,0.1471860706806183
193,blocks.2.conv2,0.12467645108699799
193,blocks.3.conv1,0.08987054228782654
193,blocks.3.conv2,0.05374607443809509
193,blocks.4.conv1,0.04185793176293373
193,blocks.4.conv2,0.03401144593954086
193,blocks.5.conv1,0.03337373584508896
193,blocks.5.conv2,0.03330329805612564
193,blocks.6.conv1,0.03344586864113808
193,blocks.6.conv2,0.032014958560466766
193,blocks.7.conv1,0.03210986778140068
193,blocks.7.conv2,0.032223835587501526
193,blocks.8.conv1,0.03231395408511162
193,blocks.8.conv2,0.0324333980679512
193,blocks.9.conv1,0.03219956159591675
193,blocks.9.conv2,0.031910087913274765
193,blocks.10.conv1,0.031887270510196686
193,blocks.10.conv2,0.03192586451768875
193,blocks.11.conv1,0.03182440996170044
193,blocks.11.conv2,0.03242652863264084
193,blocks.12.conv1,0.032498329877853394
193,blocks.12.conv2,0.03282143548130989
193,blocks.13.conv1,0.03208543732762337
193,blocks.13.conv2,0.03257375210523605
193,blocks.14.conv1,0.033821962773799896
193,blocks.14.conv2,0.033599771559238434
193,blocks.15.conv1,0.03447941690683365
193,blocks.15.conv2,0.033057864755392075
193,blocks.16.conv1,0.03390708565711975
193,blocks.16.conv2,0.03525778651237488
193,blocks.17.conv1,0.03426146134734154
193,blocks.17.conv2,0.034206122159957886
193,blocks.18.conv1,0.03757485747337341
193,blocks.18.conv2,0.04199976474046707
193,blocks.19.conv1,0.037431031465530396
193,blocks.19.conv2,0.038847971707582474
193,blocks.20.conv1,0.040816452354192734
193,blocks.20.conv2,0.047174762934446335
193,blocks.21.conv1,0.055000219494104385
193,blocks.21.conv2,0.060096144676208496
193,blocks.22.conv1,0.06841666996479034
193,blocks.22.conv2,0.08157403767108917
193,blocks.23.conv1,0.09417163580656052
193,blocks.23.conv2,0.10817161947488785
193,blocks.24.conv1,0.12205121666193008
193,blocks.24.conv2,0.134028360247612
193,blocks.25.conv1,0.15420112013816833
193,blocks.25.conv2,0.1688036173582077
193,blocks.26.conv1,0.1784471571445465
193,blocks.26.conv2,0.18700909614562988
193,blocks.27.conv1,0.18427404761314392
193,blocks.27.conv2,0.18017016351222992
193,blocks.28.conv1,0.18617640435695648
193,blocks.28.conv2,0.18794259428977966
193,blocks.29.conv1,0.18366101384162903
193,blocks.29.conv2,0.18292587995529175
193,blocks.30.conv1,0.17095708847045898
193,blocks.30.conv2,0.13696403801441193
193,blocks.31.conv1,0.11654767394065857
193,blocks.31.conv2,0.07688287645578384
193,mean_conv2d_grad_norm,0.08115940844783416
194,stem.0,0.06955696642398834
194,blocks.0.conv1,0.10161804407835007
194,blocks.0.conv2,0.11340639740228653
194,blocks.1.conv1,0.13383729755878448
194,blocks.1.conv2,0.12973657250404358
194,blocks.2.conv1,0.12202711403369904
194,blocks.2.conv2,0.0956757441163063
194,blocks.3.conv1,0.06918168067932129
194,blocks.3.conv2,0.041163768619298935
194,blocks.4.conv1,0.02601405791938305
194,blocks.4.conv2,0.019765077158808708
194,blocks.5.conv1,0.018644127994775772
194,blocks.5.conv2,0.018895043060183525
194,blocks.6.conv1,0.019070766866207123
194,blocks.6.conv2,0.017637092620134354
194,blocks.7.conv1,0.01773574948310852
194,blocks.7.conv2,0.01733045093715191
194,blocks.8.conv1,0.017441485077142715
194,blocks.8.conv2,0.017335595563054085
194,blocks.9.conv1,0.016515815630555153
194,blocks.9.conv2,0.01659427396953106
194,blocks.10.conv1,0.016422130167484283
194,blocks.10.conv2,0.016894789412617683
194,blocks.11.conv1,0.016802383586764336
194,blocks.11.conv2,0.017930427566170692
194,blocks.12.conv1,0.018395252525806427
194,blocks.12.conv2,0.019852422177791595
194,blocks.13.conv1,0.019099297001957893
194,blocks.13.conv2,0.02003326453268528
194,blocks.14.conv1,0.022231224924325943
194,blocks.14.conv2,0.022227149456739426
194,blocks.15.conv1,0.021808216348290443
194,blocks.15.conv2,0.02140798792243004
194,blocks.16.conv1,0.02155083417892456
194,blocks.16.conv2,0.022843582555651665
194,blocks.17.conv1,0.02257855422794819
194,blocks.17.conv2,0.022260094061493874
194,blocks.18.conv1,0.02506130374968052
194,blocks.18.conv2,0.029183976352214813
194,blocks.19.conv1,0.027356797829270363
194,blocks.19.conv2,0.02726745791733265
194,blocks.20.conv1,0.030039243400096893
194,blocks.20.conv2,0.03447631001472473
194,blocks.21.conv1,0.039062246680259705
194,blocks.21.conv2,0.04287227243185043
194,blocks.22.conv1,0.04937585070729256
194,blocks.22.conv2,0.05910476669669151
194,blocks.23.conv1,0.0681384727358818
194,blocks.23.conv2,0.07286138832569122
194,blocks.24.conv1,0.08632750809192657
194,blocks.24.conv2,0.09927380830049515
194,blocks.25.conv1,0.10576707869768143
194,blocks.25.conv2,0.1110723465681076
194,blocks.26.conv1,0.11383233219385147
194,blocks.26.conv2,0.114275723695755
194,blocks.27.conv1,0.11153082549571991
194,blocks.27.conv2,0.11083762347698212
194,blocks.28.conv1,0.10969550162553787
194,blocks.28.conv2,0.10873392224311829
194,blocks.29.conv1,0.1065346971154213
194,blocks.29.conv2,0.09761688858270645
194,blocks.30.conv1,0.09165822714567184
194,blocks.30.conv2,0.08396308124065399
194,blocks.31.conv1,0.06619250774383545
194,blocks.31.conv2,0.04217706248164177
194,mean_conv2d_grad_norm,0.053627845444358314
195,stem.0,0.043747711926698685
195,blocks.0.conv1,0.057349905371665955
195,blocks.0.conv2,0.07907894253730774
195,blocks.1.conv1,0.09054616093635559
195,blocks.1.conv2,0.08880416303873062
195,blocks.2.conv1,0.07612622529268265
195,blocks.2.conv2,0.06589081138372421
195,blocks.3.conv1,0.0478377528488636
195,blocks.3.conv2,0.029682422056794167
195,blocks.4.conv1,0.01891227252781391
195,blocks.4.conv2,0.015959443524479866
195,blocks.5.conv1,0.01528050284832716
195,blocks.5.conv2,0.015550708398222923
195,blocks.6.conv1,0.015339545905590057
195,blocks.6.conv2,0.015204289928078651
195,blocks.7.conv1,0.015258576720952988
195,blocks.7.conv2,0.015281026251614094
195,blocks.8.conv1,0.015210247598588467
195,blocks.8.conv2,0.015324740670621395
195,blocks.9.conv1,0.015295145101845264
195,blocks.9.conv2,0.015070173889398575
195,blocks.10.conv1,0.014993848279118538
195,blocks.10.conv2,0.014965605922043324
195,blocks.11.conv1,0.01494473684579134
195,blocks.11.conv2,0.014956332743167877
195,blocks.12.conv1,0.015035673044621944
195,blocks.12.conv2,0.015333781018853188
195,blocks.13.conv1,0.015342394821345806
195,blocks.13.conv2,0.015810899436473846
195,blocks.14.conv1,0.015265186317265034
195,blocks.14.conv2,0.01644289866089821
195,blocks.15.conv1,0.01601460389792919
195,blocks.15.conv2,0.015825387090444565
195,blocks.16.conv1,0.01630602590739727
195,blocks.16.conv2,0.016182269901037216
195,blocks.17.conv1,0.015908367931842804
195,blocks.17.conv2,0.01637541688978672
195,blocks.18.conv1,0.019034691154956818
195,blocks.18.conv2,0.021495874971151352
195,blocks.19.conv1,0.020840894430875778
195,blocks.19.conv2,0.022215012460947037
195,blocks.20.conv1,0.02395414561033249
195,blocks.20.conv2,0.025502799078822136
195,blocks.21.conv1,0.030477385967969894
195,blocks.21.conv2,0.03532470017671585
195,blocks.22.conv1,0.043133556842803955
195,blocks.22.conv2,0.04998490586876869
195,blocks.23.conv1,0.05413927510380745
195,blocks.23.conv2,0.05976928398013115
195,blocks.24.conv1,0.0665215253829956
195,blocks.24.conv2,0.0740891769528389
195,blocks.25.conv1,0.07754217833280563
195,blocks.25.conv2,0.08342687785625458
195,blocks.26.conv1,0.08578484505414963
195,blocks.26.conv2,0.08744172006845474
195,blocks.27.conv1,0.0868435725569725
195,blocks.27.conv2,0.08752395957708359
195,blocks.28.conv1,0.08370102941989899
195,blocks.28.conv2,0.08158762007951736
195,blocks.29.conv1,0.07558794319629669
195,blocks.29.conv2,0.07184705138206482
195,blocks.30.conv1,0.07094546407461166
195,blocks.30.conv2,0.06222289800643921
195,blocks.31.conv1,0.0525902584195137
195,blocks.31.conv2,0.034763697534799576
195,mean_conv2d_grad_norm,0.04007302370782082
196,stem.0,0.06833770126104355
196,blocks.0.conv1,0.10157661885023117
196,blocks.0.conv2,0.12034671008586884
196,blocks.1.conv1,0.1324414163827896
196,blocks.1.conv2,0.13279661536216736
196,blocks.2.conv1,0.11755218356847763
196,blocks.2.conv2,0.10101240873336792
196,blocks.3.conv1,0.07000834494829178
196,blocks.3.conv2,0.040547337383031845
196,blocks.4.conv1,0.030261384323239326
196,blocks.4.conv2,0.025614144280552864
196,blocks.5.conv1,0.023791596293449402
196,blocks.5.conv2,0.024071069434285164
196,blocks.6.conv1,0.02280719392001629
196,blocks.6.conv2,0.022579066455364227
196,blocks.7.conv1,0.02241368591785431
196,blocks.7.conv2,0.022366931661963463
196,blocks.8.conv1,0.02252182736992836
196,blocks.8.conv2,0.02284989319741726
196,blocks.9.conv1,0.02213101089000702
196,blocks.9.conv2,0.022162213921546936
196,blocks.10.conv1,0.02221006713807583
196,blocks.10.conv2,0.022191708907485008
196,blocks.11.conv1,0.02217516489326954
196,blocks.11.conv2,0.022336749359965324
196,blocks.12.conv1,0.022489216178655624
196,blocks.12.conv2,0.02274909056723118
196,blocks.13.conv1,0.023442938923835754
196,blocks.13.conv2,0.023151149973273277
196,blocks.14.conv1,0.023020831868052483
196,blocks.14.conv2,0.025128290057182312
196,blocks.15.conv1,0.023708583787083626
196,blocks.15.conv2,0.02307002618908882
196,blocks.16.conv1,0.023252209648489952
196,blocks.16.conv2,0.024342535063624382
196,blocks.17.conv1,0.025072403252124786
196,blocks.17.conv2,0.025111284106969833
196,blocks.18.conv1,0.029329493641853333
196,blocks.18.conv2,0.030908845365047455
196,blocks.19.conv1,0.02980213053524494
196,blocks.19.conv2,0.02847141958773136
196,blocks.20.conv1,0.031599462032318115
196,blocks.20.conv2,0.037972886115312576
196,blocks.21.conv1,0.04585655778646469
196,blocks.21.conv2,0.05067303404211998
196,blocks.22.conv1,0.05935192480683327
196,blocks.22.conv2,0.06787551194429398
196,blocks.23.conv1,0.075706847012043
196,blocks.23.conv2,0.0843278020620346
196,blocks.24.conv1,0.09644357860088348
196,blocks.24.conv2,0.10922081023454666
196,blocks.25.conv1,0.12406917661428452
196,blocks.25.conv2,0.13265445828437805
196,blocks.26.conv1,0.14103469252586365
196,blocks.26.conv2,0.13675600290298462
196,blocks.27.conv1,0.13066473603248596
196,blocks.27.conv2,0.1254711002111435
196,blocks.28.conv1,0.12366267293691635
196,blocks.28.conv2,0.12281706929206848
196,blocks.29.conv1,0.11578449606895447
196,blocks.29.conv2,0.10810255259275436
196,blocks.30.conv1,0.10061812400817871
196,blocks.30.conv2,0.09161457419395447
196,blocks.31.conv1,0.0714799240231514
196,blocks.31.conv2,0.04019617289304733
196,mean_conv2d_grad_norm,0.059755502469264546
197,stem.0,0.02414901927113533
197,blocks.0.conv1,0.03817357122898102
197,blocks.0.conv2,0.04056399315595627
197,blocks.1.conv1,0.04461762681603432
197,blocks.1.conv2,0.04628416895866394
197,blocks.2.conv1,0.038882989436388016
197,blocks.2.conv2,0.03270813077688217
197,blocks.3.conv1,0.02369416132569313
197,blocks.3.conv2,0.012182207778096199
197,blocks.4.conv1,0.007055250927805901
197,blocks.4.conv2,0.005600586533546448
197,blocks.5.conv1,0.00562453456223011
197,blocks.5.conv2,0.005469915457069874
197,blocks.6.conv1,0.005445606540888548
197,blocks.6.conv2,0.005424741189926863
197,blocks.7.conv1,0.0055042440071702
197,blocks.7.conv2,0.005482955370098352
197,blocks.8.conv1,0.005448475945740938
197,blocks.8.conv2,0.005480438470840454
197,blocks.9.conv1,0.005463348235934973
197,blocks.9.conv2,0.005439717322587967
197,blocks.10.conv1,0.005439363420009613
197,blocks.10.conv2,0.005397011525928974
197,blocks.11.conv1,0.005393362138420343
197,blocks.11.conv2,0.005391187034547329
197,blocks.12.conv1,0.005375707522034645
197,blocks.12.conv2,0.005414979998022318
197,blocks.13.conv1,0.0054695201106369495
197,blocks.13.conv2,0.0055091893300414085
197,blocks.14.conv1,0.00569505151361227
197,blocks.14.conv2,0.005878749769181013
197,blocks.15.conv1,0.0057501052506268024
197,blocks.15.conv2,0.005668149329721928
197,blocks.16.conv1,0.005785396322607994
197,blocks.16.conv2,0.005852264817804098
197,blocks.17.conv1,0.005809556692838669
197,blocks.17.conv2,0.005767740774899721
197,blocks.18.conv1,0.006931560579687357
197,blocks.18.conv2,0.007405152078717947
197,blocks.19.conv1,0.00700311129912734
197,blocks.19.conv2,0.007990139536559582
197,blocks.20.conv1,0.008585144765675068
197,blocks.20.conv2,0.009496147744357586
197,blocks.21.conv1,0.012519880197942257
197,blocks.21.conv2,0.013736143708229065
197,blocks.22.conv1,0.017099875956773758
197,blocks.22.conv2,0.01974739506840706
197,blocks.23.conv1,0.02129872888326645
197,blocks.23.conv2,0.023587359115481377
197,blocks.24.conv1,0.027477113530039787
197,blocks.24.conv2,0.031273409724235535
197,blocks.25.conv1,0.034078340977430344
197,blocks.25.conv2,0.038003500550985336
197,blocks.26.conv1,0.03941596299409866
197,blocks.26.conv2,0.04082457721233368
197,blocks.27.conv1,0.04047324135899544
197,blocks.27.conv2,0.03959787264466286
197,blocks.28.conv1,0.040694210678339005
197,blocks.28.conv2,0.0399654246866703
197,blocks.29.conv1,0.03432955965399742
197,blocks.29.conv2,0.03268714249134064
197,blocks.30.conv1,0.029764743521809578
197,blocks.30.conv2,0.027540946379303932
197,blocks.31.conv1,0.022387098520994186
197,blocks.31.conv2,0.015422687865793705
197,mean_conv2d_grad_norm,0.017655838316736314
198,stem.0,0.01812281459569931
198,blocks.0.conv1,0.02317986451089382
198,blocks.0.conv2,0.02976786531507969
198,blocks.1.conv1,0.03360726684331894
198,blocks.1.conv2,0.03287532180547714
198,blocks.2.conv1,0.02925751358270645
198,blocks.2.conv2,0.02475736476480961
198,blocks.3.conv1,0.018262898549437523
198,blocks.3.conv2,0.010994159616529942
198,blocks.4.conv1,0.0077182454988360405
198,blocks.4.conv2,0.006757790222764015
198,blocks.5.conv1,0.006391545757651329
198,blocks.5.conv2,0.006434094626456499
198,blocks.6.conv1,0.006296887993812561
198,blocks.6.conv2,0.005971039179712534
198,blocks.7.conv1,0.005965877790004015
198,blocks.7.conv2,0.005852771457284689
198,blocks.8.conv1,0.005863338243216276
198,blocks.8.conv2,0.0058235409669578075
198,blocks.9.conv1,0.005783228203654289
198,blocks.9.conv2,0.005792016163468361
198,blocks.10.conv1,0.005682339426130056
198,blocks.10.conv2,0.00572581123560667
198,blocks.11.conv1,0.005765242502093315
198,blocks.11.conv2,0.005771351978182793
198,blocks.12.conv1,0.005876205395907164
198,blocks.12.conv2,0.005818174220621586
198,blocks.13.conv1,0.005729296710342169
198,blocks.13.conv2,0.005726336967200041
198,blocks.14.conv1,0.006257046479731798
198,blocks.14.conv2,0.006321771070361137
198,blocks.15.conv1,0.005981077905744314
198,blocks.15.conv2,0.005834648851305246
198,blocks.16.conv1,0.0059578935615718365
198,blocks.16.conv2,0.006252353545278311
198,blocks.17.conv1,0.006477949675172567
198,blocks.17.conv2,0.006353246979415417
198,blocks.18.conv1,0.00761830061674118
198,blocks.18.conv2,0.008052420802414417
198,blocks.19.conv1,0.0077396961860358715
198,blocks.19.conv2,0.008584067225456238
198,blocks.20.conv1,0.008482483215630054
198,blocks.20.conv2,0.009766984730958939
198,blocks.21.conv1,0.011734133586287498
198,blocks.21.conv2,0.012920128181576729
198,blocks.22.conv1,0.015572811476886272
198,blocks.22.conv2,0.018246011808514595
198,blocks.23.conv1,0.02046746015548706
198,blocks.23.conv2,0.022536644712090492
198,blocks.24.conv1,0.02634759433567524
198,blocks.24.conv2,0.028681032359600067
198,blocks.25.conv1,0.031164396554231644
198,blocks.25.conv2,0.03402230516076088
198,blocks.26.conv1,0.03408283740282059
198,blocks.26.conv2,0.03346258029341698
198,blocks.27.conv1,0.03304274007678032
198,blocks.27.conv2,0.0335128977894783
198,blocks.28.conv1,0.03253452107310295
198,blocks.28.conv2,0.030472809448838234
198,blocks.29.conv1,0.028967242687940598
198,blocks.29.conv2,0.027608484029769897
198,blocks.30.conv1,0.027784517034888268
198,blocks.30.conv2,0.02638750523328781
198,blocks.31.conv1,0.023281535133719444
198,blocks.31.conv2,0.013924888335168362
198,mean_conv2d_grad_norm,0.015507772643692219
199,stem.0,0.07460217922925949
199,blocks.0.conv1,0.07329106330871582
199,blocks.0.conv2,0.08788291364908218
199,blocks.1.conv1,0.09912103414535522
199,blocks.1.conv2,0.09845633804798126
199,blocks.2.conv1,0.08337463438510895
199,blocks.2.conv2,0.07314001768827438
199,blocks.3.conv1,0.05432207137346268
199,blocks.3.conv2,0.03347041457891464
199,blocks.4.conv1,0.022261518985033035
199,blocks.4.conv2,0.01637142151594162
199,blocks.5.conv1,0.014215418137609959
199,blocks.5.conv2,0.013960530050098896
199,blocks.6.conv1,0.01464512012898922
199,blocks.6.conv2,0.013291467912495136
199,blocks.7.conv1,0.013217016123235226
199,blocks.7.conv2,0.013042337261140347
199,blocks.8.conv1,0.012945887632668018
199,blocks.8.conv2,0.012852342799305916
199,blocks.9.conv1,0.012416373938322067
199,blocks.9.conv2,0.012133041396737099
199,blocks.10.conv1,0.012316158972680569
199,blocks.10.conv2,0.012321590445935726
199,blocks.11.conv1,0.012875989079475403
199,blocks.11.conv2,0.013858131133019924
199,blocks.12.conv1,0.014586935751140118
199,blocks.12.conv2,0.01565474644303322
199,blocks.13.conv1,0.01503980066627264
199,blocks.13.conv2,0.014981132932007313
199,blocks.14.conv1,0.01663135550916195
199,blocks.14.conv2,0.016711488366127014
199,blocks.15.conv1,0.015937326475977898
199,blocks.15.conv2,0.015956848859786987
199,blocks.16.conv1,0.016893837600946426
199,blocks.16.conv2,0.017377475276589394
199,blocks.17.conv1,0.01723283715546131
199,blocks.17.conv2,0.019717572256922722
199,blocks.18.conv1,0.024326566606760025
199,blocks.18.conv2,0.024864165112376213
199,blocks.19.conv1,0.022258210927248
199,blocks.19.conv2,0.023450268432497978
199,blocks.20.conv1,0.023872246965765953
199,blocks.20.conv2,0.029496949166059494
199,blocks.21.conv1,0.03734389692544937
199,blocks.21.conv2,0.04247793182730675
199,blocks.22.conv1,0.04901504144072533
199,blocks.22.conv2,0.056309401988983154
199,blocks.23.conv1,0.061141956597566605
199,blocks.23.conv2,0.06600873917341232
199,blocks.24.conv1,0.07585912197828293
199,blocks.24.conv2,0.08832600712776184
199,blocks.25.conv1,0.09792933613061905
199,blocks.25.conv2,0.10591445118188858
199,blocks.26.conv1,0.10642301291227341
199,blocks.26.conv2,0.1088799387216568
199,blocks.27.conv1,0.10515253990888596
199,blocks.27.conv2,0.10523847490549088
199,blocks.28.conv1,0.10014194250106812
199,blocks.28.conv2,0.09646371006965637
199,blocks.29.conv1,0.09177174419164658
199,blocks.29.conv2,0.0871814414858818
199,blocks.30.conv1,0.08286257088184357
199,blocks.30.conv2,0.0762263610959053
199,blocks.31.conv1,0.06685610860586166
199,blocks.31.conv2,0.04071057587862015
199,mean_conv2d_grad_norm,0.04605552433775022
200,stem.0,0.053114134818315506
200,blocks.0.conv1,0.08034657686948776
200,blocks.0.conv2,0.08597888052463531
200,blocks.1.conv1,0.09314247965812683
200,blocks.1.conv2,0.09504254907369614
200,blocks.2.conv1,0.08088766783475876
200,blocks.2.conv2,0.0674406886100769
200,blocks.3.conv1,0.04810349643230438
200,blocks.3.conv2,0.028582094237208366
200,blocks.4.conv1,0.022590043023228645
200,blocks.4.conv2,0.020839454606175423
200,blocks.5.conv1,0.020927634090185165
200,blocks.5.conv2,0.02130131796002388
200,blocks.6.conv1,0.02096191793680191
200,blocks.6.conv2,0.021407945081591606
200,blocks.7.conv1,0.02165951393544674
200,blocks.7.conv2,0.0215812586247921
200,blocks.8.conv1,0.02177126705646515
200,blocks.8.conv2,0.021947020664811134
200,blocks.9.conv1,0.021686801686882973
200,blocks.9.conv2,0.02181469276547432
200,blocks.10.conv1,0.021637385711073875
200,blocks.10.conv2,0.021656204015016556
200,blocks.11.conv1,0.021525060757994652
200,blocks.11.conv2,0.021492572501301765
200,blocks.12.conv1,0.021196480840444565
200,blocks.12.conv2,0.020915882661938667
200,blocks.13.conv1,0.02074260637164116
200,blocks.13.conv2,0.021427519619464874
200,blocks.14.conv1,0.020821956917643547
200,blocks.14.conv2,0.021658435463905334
200,blocks.15.conv1,0.02166770212352276
200,blocks.15.conv2,0.02150704152882099
200,blocks.16.conv1,0.021366950124502182
200,blocks.16.conv2,0.02231750264763832
200,blocks.17.conv1,0.022173570469021797
200,blocks.17.conv2,0.021864360198378563
200,blocks.18.conv1,0.02348335273563862
200,blocks.18.conv2,0.024648794904351234
200,blocks.19.conv1,0.02401299960911274
200,blocks.19.conv2,0.026021774858236313
200,blocks.20.conv1,0.026418615132570267
200,blocks.20.conv2,0.03000420704483986
200,blocks.21.conv1,0.03430340811610222
200,blocks.21.conv2,0.03787680342793465
200,blocks.22.conv1,0.04277494177222252
200,blocks.22.conv2,0.04788171499967575
200,blocks.23.conv1,0.052806902676820755
200,blocks.23.conv2,0.0595402754843235
200,blocks.24.conv1,0.06549356132745743
200,blocks.24.conv2,0.07408365607261658
200,blocks.25.conv1,0.07816246151924133
200,blocks.25.conv2,0.08685526251792908
200,blocks.26.conv1,0.08907754719257355
200,blocks.26.conv2,0.09154495596885681
200,blocks.27.conv1,0.09169020503759384
200,blocks.27.conv2,0.09641752392053604
200,blocks.28.conv1,0.09410319477319717
200,blocks.28.conv2,0.09085027873516083
200,blocks.29.conv1,0.08596685528755188
200,blocks.29.conv2,0.08486203104257584
200,blocks.30.conv1,0.08021094650030136
200,blocks.30.conv2,0.07429927587509155
200,blocks.31.conv1,0.06535577774047852
200,blocks.31.conv2,0.04002279043197632
200,mean_conv2d_grad_norm,0.04544413510996562
