epoch,layer,grad_norm
1,stem.0,0.5083262324333191
1,blocks.0.conv1,0.29712963104248047
1,blocks.0.conv2,0.2686206102371216
1,blocks.1.conv1,0.2172287553548813
1,blocks.1.conv2,0.1838797926902771
1,blocks.2.conv1,0.16775381565093994
1,blocks.2.conv2,0.13625924289226532
1,blocks.3.conv1,0.13219033181667328
1,blocks.3.conv2,0.11284125596284866
1,blocks.4.conv1,0.10593033581972122
1,blocks.4.conv2,0.10395584255456924
1,blocks.5.conv1,0.09743598848581314
1,blocks.5.conv2,0.09362109750509262
1,blocks.6.conv1,0.0851859599351883
1,blocks.6.conv2,0.07944054156541824
1,blocks.7.conv1,0.08223489671945572
1,blocks.7.conv2,0.07357670366764069
1,blocks.8.conv1,0.07448475062847137
1,blocks.8.conv2,0.06834740936756134
1,blocks.9.conv1,0.06560003757476807
1,blocks.9.conv2,0.06569160521030426
1,blocks.10.conv1,0.0625503733754158
1,blocks.10.conv2,0.059956613928079605
1,blocks.11.conv1,0.058132246136665344
1,blocks.11.conv2,0.05727395415306091
1,blocks.12.conv1,0.0577085018157959
1,blocks.12.conv2,0.05496389791369438
1,blocks.13.conv1,0.05329570546746254
1,blocks.13.conv2,0.05223047733306885
1,blocks.14.conv1,0.05506746098399162
1,blocks.14.conv2,0.05066767334938049
1,blocks.15.conv1,0.05376635119318962
1,blocks.15.conv2,0.05127796530723572
1,blocks.16.conv1,0.0481734499335289
1,blocks.16.conv2,0.04701348394155502
1,blocks.17.conv1,0.043818455189466476
1,blocks.17.conv2,0.04196426644921303
1,blocks.18.conv1,0.046573176980018616
1,blocks.18.conv2,0.04353000223636627
1,blocks.19.conv1,0.05871616303920746
1,blocks.19.conv2,0.04581877961754799
1,blocks.20.conv1,0.0475735068321228
1,blocks.20.conv2,0.04718529433012009
1,blocks.21.conv1,0.04581398144364357
1,blocks.21.conv2,0.04464146867394447
1,blocks.22.conv1,0.044528938829898834
1,blocks.22.conv2,0.04368290305137634
1,blocks.23.conv1,0.04187481477856636
1,blocks.23.conv2,0.04477435350418091
1,blocks.24.conv1,0.04031312093138695
1,blocks.24.conv2,0.045942630618810654
1,blocks.25.conv1,0.03807038068771362
1,blocks.25.conv2,0.04374082759022713
1,blocks.26.conv1,0.038803260773420334
1,blocks.26.conv2,0.03995193913578987
1,blocks.27.conv1,0.04650771990418434
1,blocks.27.conv2,0.04259124770760536
1,blocks.28.conv1,0.04364166408777237
1,blocks.28.conv2,0.038690898567438126
1,blocks.29.conv1,0.041473593562841415
1,blocks.29.conv2,0.03900149464607239
1,blocks.30.conv1,0.03930861875414848
1,blocks.30.conv2,0.03461907431483269
1,blocks.31.conv1,0.03383677452802658
1,blocks.31.conv2,0.03799232095479965
1,blocks.32.conv1,0.03742963820695877
1,blocks.32.conv2,0.03976266086101532
1,blocks.33.conv1,0.0362263061106205
1,blocks.33.conv2,0.03815069422125816
1,blocks.34.conv1,0.03739630803465843
1,blocks.34.conv2,0.03635615110397339
1,blocks.35.conv1,0.038376785814762115
1,blocks.35.conv2,0.03874051570892334
1,blocks.36.conv1,0.03706572577357292
1,blocks.36.conv2,0.038543350994586945
1,blocks.37.conv1,0.032250337302684784
1,blocks.37.conv2,0.039275143295526505
1,blocks.38.conv1,0.030955035239458084
1,blocks.38.conv2,0.03706515580415726
1,blocks.39.conv1,0.04196707531809807
1,blocks.39.conv2,0.03869979828596115
1,blocks.40.conv1,0.03464926779270172
1,blocks.40.conv2,0.03511013090610504
1,blocks.41.conv1,0.04104140028357506
1,blocks.41.conv2,0.03879658505320549
1,blocks.42.conv1,0.033104315400123596
1,blocks.42.conv2,0.036140184849500656
1,blocks.43.conv1,0.028994783759117126
1,blocks.43.conv2,0.03542365878820419
1,blocks.44.conv1,0.03982771560549736
1,blocks.44.conv2,0.03541243448853493
1,blocks.45.conv1,0.030917540192604065
1,blocks.45.conv2,0.03613689914345741
1,blocks.46.conv1,0.029368147253990173
1,blocks.46.conv2,0.03665638342499733
1,blocks.47.conv1,0.03812801465392113
1,blocks.47.conv2,0.036952462047338486
1,blocks.48.conv1,0.03712249919772148
1,blocks.48.conv2,0.034430306404829025
1,blocks.49.conv1,0.03359608352184296
1,blocks.49.conv2,0.03867407888174057
1,mean_conv2d_grad_norm,0.06312414096428616
2,stem.0,0.3656299114227295
2,blocks.0.conv1,0.2631170451641083
2,blocks.0.conv2,0.29343104362487793
2,blocks.1.conv1,0.2003723531961441
2,blocks.1.conv2,0.22975657880306244
2,blocks.2.conv1,0.20945775508880615
2,blocks.2.conv2,0.23393674194812775
2,blocks.3.conv1,0.11371296644210815
2,blocks.3.conv2,0.10214248299598694
2,blocks.4.conv1,0.1052481085062027
2,blocks.4.conv2,0.11506617814302444
2,blocks.5.conv1,0.11186448484659195
2,blocks.5.conv2,0.12559270858764648
2,blocks.6.conv1,0.07466358691453934
2,blocks.6.conv2,0.08374977856874466
2,blocks.7.conv1,0.12230383604764938
2,blocks.7.conv2,0.11805593967437744
2,blocks.8.conv1,0.0846673920750618
2,blocks.8.conv2,0.09839498996734619
2,blocks.9.conv1,0.0779300406575203
2,blocks.9.conv2,0.08885737508535385
2,blocks.10.conv1,0.07685763388872147
2,blocks.10.conv2,0.08316265046596527
2,blocks.11.conv1,0.08405588567256927
2,blocks.11.conv2,0.0974932610988617
2,blocks.12.conv1,0.0902174785733223
2,blocks.12.conv2,0.10109159350395203
2,blocks.13.conv1,0.08995940536260605
2,blocks.13.conv2,0.09254775941371918
2,blocks.14.conv1,0.09078557044267654
2,blocks.14.conv2,0.08501040190458298
2,blocks.15.conv1,0.08207502216100693
2,blocks.15.conv2,0.08186139911413193
2,blocks.16.conv1,0.11138974875211716
2,blocks.16.conv2,0.10972916334867477
2,blocks.17.conv1,0.08987917751073837
2,blocks.17.conv2,0.08610688894987106
2,blocks.18.conv1,0.09777472168207169
2,blocks.18.conv2,0.09043314307928085
2,blocks.19.conv1,0.09291614592075348
2,blocks.19.conv2,0.10629237443208694
2,blocks.20.conv1,0.12586253881454468
2,blocks.20.conv2,0.10325279831886292
2,blocks.21.conv1,0.11715726554393768
2,blocks.21.conv2,0.11716381460428238
2,blocks.22.conv1,0.14280176162719727
2,blocks.22.conv2,0.13781043887138367
2,blocks.23.conv1,0.13507281243801117
2,blocks.23.conv2,0.11573004722595215
2,blocks.24.conv1,0.1317308396100998
2,blocks.24.conv2,0.14729809761047363
2,blocks.25.conv1,0.12725156545639038
2,blocks.25.conv2,0.147197425365448
2,blocks.26.conv1,0.16136635839939117
2,blocks.26.conv2,0.13355915248394012
2,blocks.27.conv1,0.1670447438955307
2,blocks.27.conv2,0.13351579010486603
2,blocks.28.conv1,0.1423194259405136
2,blocks.28.conv2,0.12783341109752655
2,blocks.29.conv1,0.18653123080730438
2,blocks.29.conv2,0.18151618540287018
2,blocks.30.conv1,0.18047787249088287
2,blocks.30.conv2,0.1884569376707077
2,blocks.31.conv1,0.18280407786369324
2,blocks.31.conv2,0.17618203163146973
2,blocks.32.conv1,0.14212383329868317
2,blocks.32.conv2,0.1589074581861496
2,blocks.33.conv1,0.14688779413700104
2,blocks.33.conv2,0.13733527064323425
2,blocks.34.conv1,0.15610964596271515
2,blocks.34.conv2,0.1375695914030075
2,blocks.35.conv1,0.164227694272995
2,blocks.35.conv2,0.13936547935009003
2,blocks.36.conv1,0.20107460021972656
2,blocks.36.conv2,0.15550997853279114
2,blocks.37.conv1,0.1693050116300583
2,blocks.37.conv2,0.1622011810541153
2,blocks.38.conv1,0.169618621468544
2,blocks.38.conv2,0.17189562320709229
2,blocks.39.conv1,0.17164082825183868
2,blocks.39.conv2,0.1822216808795929
2,blocks.40.conv1,0.1707468032836914
2,blocks.40.conv2,0.16265907883644104
2,blocks.41.conv1,0.15599900484085083
2,blocks.41.conv2,0.153017058968544
2,blocks.42.conv1,0.1641547530889511
2,blocks.42.conv2,0.13459163904190063
2,blocks.43.conv1,0.18683859705924988
2,blocks.43.conv2,0.16616109013557434
2,blocks.44.conv1,0.17465537786483765
2,blocks.44.conv2,0.15407349169254303
2,blocks.45.conv1,0.1700267791748047
2,blocks.45.conv2,0.15227623283863068
2,blocks.46.conv1,0.1339363008737564
2,blocks.46.conv2,0.130024716258049
2,blocks.47.conv1,0.14980146288871765
2,blocks.47.conv2,0.15670837461948395
2,blocks.48.conv1,0.13917797803878784
2,blocks.48.conv2,0.16080503165721893
2,blocks.49.conv1,0.1724192053079605
2,blocks.49.conv2,0.1768120527267456
2,mean_conv2d_grad_norm,0.14156838285155815
3,stem.0,0.3965190649032593
3,blocks.0.conv1,0.35685786604881287
3,blocks.0.conv2,0.33495816588401794
3,blocks.1.conv1,0.26073938608169556
3,blocks.1.conv2,0.2733955383300781
3,blocks.2.conv1,0.20195788145065308
3,blocks.2.conv2,0.22668994963169098
3,blocks.3.conv1,0.14854609966278076
3,blocks.3.conv2,0.1677495539188385
3,blocks.4.conv1,0.14202439785003662
3,blocks.4.conv2,0.14888565242290497
3,blocks.5.conv1,0.13828738033771515
3,blocks.5.conv2,0.17366571724414825
3,blocks.6.conv1,0.09648041427135468
3,blocks.6.conv2,0.11039609462022781
3,blocks.7.conv1,0.11229315400123596
3,blocks.7.conv2,0.10976346582174301
3,blocks.8.conv1,0.1004544273018837
3,blocks.8.conv2,0.11515533179044724
3,blocks.9.conv1,0.08228651434183121
3,blocks.9.conv2,0.08485966175794601
3,blocks.10.conv1,0.1025158017873764
3,blocks.10.conv2,0.12119978666305542
3,blocks.11.conv1,0.11404169350862503
3,blocks.11.conv2,0.1117304116487503
3,blocks.12.conv1,0.12639498710632324
3,blocks.12.conv2,0.1135643795132637
3,blocks.13.conv1,0.12235719710588455
3,blocks.13.conv2,0.13781660795211792
3,blocks.14.conv1,0.11641518026590347
3,blocks.14.conv2,0.12262507528066635
3,blocks.15.conv1,0.11190192401409149
3,blocks.15.conv2,0.13146141171455383
3,blocks.16.conv1,0.10722067207098007
3,blocks.16.conv2,0.10192747414112091
3,blocks.17.conv1,0.10850465297698975
3,blocks.17.conv2,0.10474903136491776
3,blocks.18.conv1,0.10800193250179291
3,blocks.18.conv2,0.09788829833269119
3,blocks.19.conv1,0.1095784604549408
3,blocks.19.conv2,0.11206117272377014
3,blocks.20.conv1,0.11056342720985413
3,blocks.20.conv2,0.13230961561203003
3,blocks.21.conv1,0.1128404438495636
3,blocks.21.conv2,0.10248616337776184
3,blocks.22.conv1,0.12561430037021637
3,blocks.22.conv2,0.15092229843139648
3,blocks.23.conv1,0.15123043954372406
3,blocks.23.conv2,0.1441458910703659
3,blocks.24.conv1,0.11381267011165619
3,blocks.24.conv2,0.1169511154294014
3,blocks.25.conv1,0.13555550575256348
3,blocks.25.conv2,0.1653953641653061
3,blocks.26.conv1,0.1413906216621399
3,blocks.26.conv2,0.13757196068763733
3,blocks.27.conv1,0.11855742335319519
3,blocks.27.conv2,0.1264975517988205
3,blocks.28.conv1,0.1405661255121231
3,blocks.28.conv2,0.15131351351737976
3,blocks.29.conv1,0.14633402228355408
3,blocks.29.conv2,0.1548585146665573
3,blocks.30.conv1,0.15666477382183075
3,blocks.30.conv2,0.1515451818704605
3,blocks.31.conv1,0.14818710088729858
3,blocks.31.conv2,0.14262230694293976
3,blocks.32.conv1,0.13363300263881683
3,blocks.32.conv2,0.13021208345890045
3,blocks.33.conv1,0.11574188619852066
3,blocks.33.conv2,0.11293646693229675
3,blocks.34.conv1,0.1391783207654953
3,blocks.34.conv2,0.1274862289428711
3,blocks.35.conv1,0.14118275046348572
3,blocks.35.conv2,0.13385124504566193
3,blocks.36.conv1,0.15008339285850525
3,blocks.36.conv2,0.130859375
3,blocks.37.conv1,0.1485215723514557
3,blocks.37.conv2,0.148426815867424
3,blocks.38.conv1,0.15955303609371185
3,blocks.38.conv2,0.15355370938777924
3,blocks.39.conv1,0.14372646808624268
3,blocks.39.conv2,0.15296874940395355
3,blocks.40.conv1,0.14661534130573273
3,blocks.40.conv2,0.14352945983409882
3,blocks.41.conv1,0.16349206864833832
3,blocks.41.conv2,0.1767384558916092
3,blocks.42.conv1,0.1639678180217743
3,blocks.42.conv2,0.1551433801651001
3,blocks.43.conv1,0.1521446257829666
3,blocks.43.conv2,0.15386304259300232
3,blocks.44.conv1,0.158431276679039
3,blocks.44.conv2,0.16823667287826538
3,blocks.45.conv1,0.1317027509212494
3,blocks.45.conv2,0.14839527010917664
3,blocks.46.conv1,0.1091461181640625
3,blocks.46.conv2,0.1357421576976776
3,blocks.47.conv1,0.12436933070421219
3,blocks.47.conv2,0.16589753329753876
3,blocks.48.conv1,0.15744397044181824
3,blocks.48.conv2,0.17936435341835022
3,blocks.49.conv1,0.14979828894138336
3,blocks.49.conv2,0.18841955065727234
3,mean_conv2d_grad_norm,0.144913017528482
4,stem.0,0.2777368426322937
4,blocks.0.conv1,0.2248162180185318
4,blocks.0.conv2,0.21278809010982513
4,blocks.1.conv1,0.18323074281215668
4,blocks.1.conv2,0.1872355043888092
4,blocks.2.conv1,0.14807139337062836
4,blocks.2.conv2,0.15639197826385498
4,blocks.3.conv1,0.09093859046697617
4,blocks.3.conv2,0.1109747365117073
4,blocks.4.conv1,0.10866889357566833
4,blocks.4.conv2,0.12440396845340729
4,blocks.5.conv1,0.07331110537052155
4,blocks.5.conv2,0.08494019508361816
4,blocks.6.conv1,0.05987020209431648
4,blocks.6.conv2,0.06427757441997528
4,blocks.7.conv1,0.07689446210861206
4,blocks.7.conv2,0.07203236222267151
4,blocks.8.conv1,0.07160824537277222
4,blocks.8.conv2,0.06963086873292923
4,blocks.9.conv1,0.06401316076517105
4,blocks.9.conv2,0.06379695236682892
4,blocks.10.conv1,0.0748341828584671
4,blocks.10.conv2,0.07663631439208984
4,blocks.11.conv1,0.07048491388559341
4,blocks.11.conv2,0.0679422989487648
4,blocks.12.conv1,0.06851460784673691
4,blocks.12.conv2,0.06781753897666931
4,blocks.13.conv1,0.08304977416992188
4,blocks.13.conv2,0.08341073244810104
4,blocks.14.conv1,0.08007265627384186
4,blocks.14.conv2,0.07777437567710876
4,blocks.15.conv1,0.07876814156770706
4,blocks.15.conv2,0.08332037180662155
4,blocks.16.conv1,0.07657226920127869
4,blocks.16.conv2,0.07932470738887787
4,blocks.17.conv1,0.07009721547365189
4,blocks.17.conv2,0.06440556049346924
4,blocks.18.conv1,0.07341691106557846
4,blocks.18.conv2,0.071997731924057
4,blocks.19.conv1,0.08204315602779388
4,blocks.19.conv2,0.07175550609827042
4,blocks.20.conv1,0.07300383597612381
4,blocks.20.conv2,0.07326585799455643
4,blocks.21.conv1,0.09740227460861206
4,blocks.21.conv2,0.10038809478282928
4,blocks.22.conv1,0.10731807351112366
4,blocks.22.conv2,0.11151911318302155
4,blocks.23.conv1,0.09811750054359436
4,blocks.23.conv2,0.10761076211929321
4,blocks.24.conv1,0.09302443265914917
4,blocks.24.conv2,0.09127779304981232
4,blocks.25.conv1,0.10499349981546402
4,blocks.25.conv2,0.10677940398454666
4,blocks.26.conv1,0.11040425300598145
4,blocks.26.conv2,0.12075702100992203
4,blocks.27.conv1,0.10018593817949295
4,blocks.27.conv2,0.10191857069730759
4,blocks.28.conv1,0.10109568387269974
4,blocks.28.conv2,0.10166424512863159
4,blocks.29.conv1,0.11925024539232254
4,blocks.29.conv2,0.1296352595090866
4,blocks.30.conv1,0.14388756453990936
4,blocks.30.conv2,0.16004498302936554
4,blocks.31.conv1,0.11933726817369461
4,blocks.31.conv2,0.11183437705039978
4,blocks.32.conv1,0.10463272780179977
4,blocks.32.conv2,0.12019221484661102
4,blocks.33.conv1,0.09339490532875061
4,blocks.33.conv2,0.09406793862581253
4,blocks.34.conv1,0.1296425759792328
4,blocks.34.conv2,0.13324792683124542
4,blocks.35.conv1,0.10274715721607208
4,blocks.35.conv2,0.1015903428196907
4,blocks.36.conv1,0.13199469447135925
4,blocks.36.conv2,0.12367938458919525
4,blocks.37.conv1,0.1392335146665573
4,blocks.37.conv2,0.1417860984802246
4,blocks.38.conv1,0.11312280595302582
4,blocks.38.conv2,0.11374906450510025
4,blocks.39.conv1,0.13151390850543976
4,blocks.39.conv2,0.12622442841529846
4,blocks.40.conv1,0.1276986300945282
4,blocks.40.conv2,0.12008991092443466
4,blocks.41.conv1,0.14659953117370605
4,blocks.41.conv2,0.148093581199646
4,blocks.42.conv1,0.1159985139966011
4,blocks.42.conv2,0.11735156923532486
4,blocks.43.conv1,0.10932597517967224
4,blocks.43.conv2,0.11865692585706711
4,blocks.44.conv1,0.13148929178714752
4,blocks.44.conv2,0.128397136926651
4,blocks.45.conv1,0.12321034073829651
4,blocks.45.conv2,0.14266462624073029
4,blocks.46.conv1,0.11248072236776352
4,blocks.46.conv2,0.11490599811077118
4,blocks.47.conv1,0.12657199800014496
4,blocks.47.conv2,0.16433373093605042
4,blocks.48.conv1,0.14267902076244354
4,blocks.48.conv2,0.15207915008068085
4,blocks.49.conv1,0.14329583942890167
4,blocks.49.conv2,0.16701136529445648
4,mean_conv2d_grad_norm,0.11055782824607178
5,stem.0,0.2828723192214966
5,blocks.0.conv1,0.2474808245897293
5,blocks.0.conv2,0.23986594378948212
5,blocks.1.conv1,0.20600861310958862
5,blocks.1.conv2,0.22112666070461273
5,blocks.2.conv1,0.19421425461769104
5,blocks.2.conv2,0.20223228633403778
5,blocks.3.conv1,0.11847761273384094
5,blocks.3.conv2,0.12799043953418732
5,blocks.4.conv1,0.1095024049282074
5,blocks.4.conv2,0.11882377415895462
5,blocks.5.conv1,0.10933336615562439
5,blocks.5.conv2,0.12093798071146011
5,blocks.6.conv1,0.07722502201795578
5,blocks.6.conv2,0.07773763686418533
5,blocks.7.conv1,0.10334532707929611
5,blocks.7.conv2,0.09445320814847946
5,blocks.8.conv1,0.08999371528625488
5,blocks.8.conv2,0.09332293272018433
5,blocks.9.conv1,0.09074094146490097
5,blocks.9.conv2,0.09465237706899643
5,blocks.10.conv1,0.09197014570236206
5,blocks.10.conv2,0.09557235985994339
5,blocks.11.conv1,0.0840860903263092
5,blocks.11.conv2,0.08202119916677475
5,blocks.12.conv1,0.0898977592587471
5,blocks.12.conv2,0.0900348424911499
5,blocks.13.conv1,0.09243346005678177
5,blocks.13.conv2,0.09918692708015442
5,blocks.14.conv1,0.10296173393726349
5,blocks.14.conv2,0.10161763429641724
5,blocks.15.conv1,0.10056699812412262
5,blocks.15.conv2,0.08447802066802979
5,blocks.16.conv1,0.08406868577003479
5,blocks.16.conv2,0.085915207862854
5,blocks.17.conv1,0.08243435621261597
5,blocks.17.conv2,0.06787068396806717
5,blocks.18.conv1,0.09413241595029831
5,blocks.18.conv2,0.09322928637266159
5,blocks.19.conv1,0.09201887995004654
5,blocks.19.conv2,0.08040951937437057
5,blocks.20.conv1,0.09105392545461655
5,blocks.20.conv2,0.07307946681976318
5,blocks.21.conv1,0.09900020062923431
5,blocks.21.conv2,0.09008026868104935
5,blocks.22.conv1,0.12819938361644745
5,blocks.22.conv2,0.13217569887638092
5,blocks.23.conv1,0.11850839108228683
5,blocks.23.conv2,0.11590354889631271
5,blocks.24.conv1,0.10632350295782089
5,blocks.24.conv2,0.09908626973628998
5,blocks.25.conv1,0.11886894702911377
5,blocks.25.conv2,0.12998631596565247
5,blocks.26.conv1,0.11834671348333359
5,blocks.26.conv2,0.1094076931476593
5,blocks.27.conv1,0.12792043387889862
5,blocks.27.conv2,0.1267678588628769
5,blocks.28.conv1,0.11850100010633469
5,blocks.28.conv2,0.11863091588020325
5,blocks.29.conv1,0.11824600398540497
5,blocks.29.conv2,0.11557197570800781
5,blocks.30.conv1,0.14778847992420197
5,blocks.30.conv2,0.14747823774814606
5,blocks.31.conv1,0.11336184293031693
5,blocks.31.conv2,0.10668767988681793
5,blocks.32.conv1,0.10191795974969864
5,blocks.32.conv2,0.09602919220924377
5,blocks.33.conv1,0.10998266190290451
5,blocks.33.conv2,0.10331276804208755
5,blocks.34.conv1,0.14274217188358307
5,blocks.34.conv2,0.1417664885520935
5,blocks.35.conv1,0.10154955834150314
5,blocks.35.conv2,0.09387709200382233
5,blocks.36.conv1,0.13345837593078613
5,blocks.36.conv2,0.12947048246860504
5,blocks.37.conv1,0.1627698540687561
5,blocks.37.conv2,0.15888221561908722
5,blocks.38.conv1,0.13120515644550323
5,blocks.38.conv2,0.12383884936571121
5,blocks.39.conv1,0.1440258026123047
5,blocks.39.conv2,0.15508486330509186
5,blocks.40.conv1,0.14776094257831573
5,blocks.40.conv2,0.1281968355178833
5,blocks.41.conv1,0.1563722938299179
5,blocks.41.conv2,0.1566140353679657
5,blocks.42.conv1,0.14192380011081696
5,blocks.42.conv2,0.13443054258823395
5,blocks.43.conv1,0.12048771232366562
5,blocks.43.conv2,0.10313841700553894
5,blocks.44.conv1,0.14768783748149872
5,blocks.44.conv2,0.14359818398952484
5,blocks.45.conv1,0.12665505707263947
5,blocks.45.conv2,0.1298396736383438
5,blocks.46.conv1,0.1188209131360054
5,blocks.46.conv2,0.11985674500465393
5,blocks.47.conv1,0.14381101727485657
5,blocks.47.conv2,0.13983996212482452
5,blocks.48.conv1,0.14502042531967163
5,blocks.48.conv2,0.15109466016292572
5,blocks.49.conv1,0.14134369790554047
5,blocks.49.conv2,0.1636153906583786
5,mean_conv2d_grad_norm,0.122537032064825
6,stem.0,0.24725382030010223
6,blocks.0.conv1,0.1459767073392868
6,blocks.0.conv2,0.14600436389446259
6,blocks.1.conv1,0.11229556798934937
6,blocks.1.conv2,0.11859994381666183
6,blocks.2.conv1,0.09973984211683273
6,blocks.2.conv2,0.10397075116634369
6,blocks.3.conv1,0.06663717329502106
6,blocks.3.conv2,0.06608358770608902
6,blocks.4.conv1,0.06567678600549698
6,blocks.4.conv2,0.0675845816731453
6,blocks.5.conv1,0.06063384190201759
6,blocks.5.conv2,0.06571005284786224
6,blocks.6.conv1,0.04712493717670441
6,blocks.6.conv2,0.044682327657938004
6,blocks.7.conv1,0.05954470485448837
6,blocks.7.conv2,0.057695597410202026
6,blocks.8.conv1,0.05457429215312004
6,blocks.8.conv2,0.05245998874306679
6,blocks.9.conv1,0.04460811987519264
6,blocks.9.conv2,0.04345964267849922
6,blocks.10.conv1,0.047862570732831955
6,blocks.10.conv2,0.04569604992866516
6,blocks.11.conv1,0.04419983550906181
6,blocks.11.conv2,0.03893867880105972
6,blocks.12.conv1,0.05484810844063759
6,blocks.12.conv2,0.05424831807613373
6,blocks.13.conv1,0.05417628958821297
6,blocks.13.conv2,0.05681527033448219
6,blocks.14.conv1,0.05200566351413727
6,blocks.14.conv2,0.048560336232185364
6,blocks.15.conv1,0.049363873898983
6,blocks.15.conv2,0.05220189690589905
6,blocks.16.conv1,0.052345000207424164
6,blocks.16.conv2,0.0509544238448143
6,blocks.17.conv1,0.04327745363116264
6,blocks.17.conv2,0.04467964544892311
6,blocks.18.conv1,0.0416906364262104
6,blocks.18.conv2,0.04353231191635132
6,blocks.19.conv1,0.0491865798830986
6,blocks.19.conv2,0.04832824692130089
6,blocks.20.conv1,0.05360868573188782
6,blocks.20.conv2,0.048808157444000244
6,blocks.21.conv1,0.05665850266814232
6,blocks.21.conv2,0.055403463542461395
6,blocks.22.conv1,0.06999398022890091
6,blocks.22.conv2,0.07056748121976852
6,blocks.23.conv1,0.07268784195184708
6,blocks.23.conv2,0.07606768608093262
6,blocks.24.conv1,0.06504058837890625
6,blocks.24.conv2,0.06472837924957275
6,blocks.25.conv1,0.06467099487781525
6,blocks.25.conv2,0.06906335800886154
6,blocks.26.conv1,0.07489161938428879
6,blocks.26.conv2,0.07403651624917984
6,blocks.27.conv1,0.0630679652094841
6,blocks.27.conv2,0.06214667484164238
6,blocks.28.conv1,0.07180076837539673
6,blocks.28.conv2,0.07075147330760956
6,blocks.29.conv1,0.0778726190328598
6,blocks.29.conv2,0.08448910713195801
6,blocks.30.conv1,0.08476019650697708
6,blocks.30.conv2,0.08680075407028198
6,blocks.31.conv1,0.0683736726641655
6,blocks.31.conv2,0.068341925740242
6,blocks.32.conv1,0.06004757434129715
6,blocks.32.conv2,0.06083657592535019
6,blocks.33.conv1,0.06331641227006912
6,blocks.33.conv2,0.06330996006727219
6,blocks.34.conv1,0.09015822410583496
6,blocks.34.conv2,0.08359424769878387
6,blocks.35.conv1,0.07551293820142746
6,blocks.35.conv2,0.07450806349515915
6,blocks.36.conv1,0.09155682474374771
6,blocks.36.conv2,0.08519258350133896
6,blocks.37.conv1,0.09923485666513443
6,blocks.37.conv2,0.09375690668821335
6,blocks.38.conv1,0.076943039894104
6,blocks.38.conv2,0.07668895274400711
6,blocks.39.conv1,0.09877146780490875
6,blocks.39.conv2,0.10004346072673798
6,blocks.40.conv1,0.08072331547737122
6,blocks.40.conv2,0.07269439846277237
6,blocks.41.conv1,0.11009237915277481
6,blocks.41.conv2,0.10741277039051056
6,blocks.42.conv1,0.10953699052333832
6,blocks.42.conv2,0.08637718856334686
6,blocks.43.conv1,0.07194975763559341
6,blocks.43.conv2,0.08031347393989563
6,blocks.44.conv1,0.10550391674041748
6,blocks.44.conv2,0.09983968734741211
6,blocks.45.conv1,0.08700832724571228
6,blocks.45.conv2,0.09116166830062866
6,blocks.46.conv1,0.0807231068611145
6,blocks.46.conv2,0.06519520282745361
6,blocks.47.conv1,0.10093728452920914
6,blocks.47.conv2,0.09948698431253433
6,blocks.48.conv1,0.09258927404880524
6,blocks.48.conv2,0.08751410990953445
6,blocks.49.conv1,0.1140773743391037
6,blocks.49.conv2,0.09867691248655319
6,mean_conv2d_grad_norm,0.07458560836344662
7,stem.0,0.1892489343881607
7,blocks.0.conv1,0.1651361882686615
7,blocks.0.conv2,0.18341569602489471
7,blocks.1.conv1,0.15065144002437592
7,blocks.1.conv2,0.16486267745494843
7,blocks.2.conv1,0.13818731904029846
7,blocks.2.conv2,0.151261568069458
7,blocks.3.conv1,0.10059911012649536
7,blocks.3.conv2,0.09921178221702576
7,blocks.4.conv1,0.09105566889047623
7,blocks.4.conv2,0.0963536873459816
7,blocks.5.conv1,0.07895101606845856
7,blocks.5.conv2,0.09351984411478043
7,blocks.6.conv1,0.06711658835411072
7,blocks.6.conv2,0.06521548330783844
7,blocks.7.conv1,0.08628339320421219
7,blocks.7.conv2,0.08868607878684998
7,blocks.8.conv1,0.06939373165369034
7,blocks.8.conv2,0.061604928225278854
7,blocks.9.conv1,0.06198078766465187
7,blocks.9.conv2,0.06346715986728668
7,blocks.10.conv1,0.05881136283278465
7,blocks.10.conv2,0.06467504799365997
7,blocks.11.conv1,0.06510521471500397
7,blocks.11.conv2,0.06132015213370323
7,blocks.12.conv1,0.06107132509350777
7,blocks.12.conv2,0.06082141399383545
7,blocks.13.conv1,0.06785222142934799
7,blocks.13.conv2,0.06774856895208359
7,blocks.14.conv1,0.06275536119937897
7,blocks.14.conv2,0.0595015250146389
7,blocks.15.conv1,0.07447753846645355
7,blocks.15.conv2,0.07863941788673401
7,blocks.16.conv1,0.06787517666816711
7,blocks.16.conv2,0.06649785488843918
7,blocks.17.conv1,0.058119602501392365
7,blocks.17.conv2,0.06239613518118858
7,blocks.18.conv1,0.061581503599882126
7,blocks.18.conv2,0.06322953850030899
7,blocks.19.conv1,0.06437382102012634
7,blocks.19.conv2,0.0655607357621193
7,blocks.20.conv1,0.06330138444900513
7,blocks.20.conv2,0.05880173295736313
7,blocks.21.conv1,0.07314173132181168
7,blocks.21.conv2,0.07084014266729355
7,blocks.22.conv1,0.09523098170757294
7,blocks.22.conv2,0.09442868828773499
7,blocks.23.conv1,0.09399999678134918
7,blocks.23.conv2,0.08435419201850891
7,blocks.24.conv1,0.08244990557432175
7,blocks.24.conv2,0.0846727192401886
7,blocks.25.conv1,0.0892254114151001
7,blocks.25.conv2,0.08979105204343796
7,blocks.26.conv1,0.09579025208950043
7,blocks.26.conv2,0.09048514068126678
7,blocks.27.conv1,0.0908106192946434
7,blocks.27.conv2,0.09239023923873901
7,blocks.28.conv1,0.0929095447063446
7,blocks.28.conv2,0.09469135105609894
7,blocks.29.conv1,0.09981662034988403
7,blocks.29.conv2,0.10607418417930603
7,blocks.30.conv1,0.12198669463396072
7,blocks.30.conv2,0.1242150291800499
7,blocks.31.conv1,0.0954352542757988
7,blocks.31.conv2,0.08890125155448914
7,blocks.32.conv1,0.09313064068555832
7,blocks.32.conv2,0.09516602009534836
7,blocks.33.conv1,0.08009158819913864
7,blocks.33.conv2,0.08368130773305893
7,blocks.34.conv1,0.10395575314760208
7,blocks.34.conv2,0.11579175293445587
7,blocks.35.conv1,0.08980012685060501
7,blocks.35.conv2,0.09642922878265381
7,blocks.36.conv1,0.11584632843732834
7,blocks.36.conv2,0.11499111354351044
7,blocks.37.conv1,0.12515795230865479
7,blocks.37.conv2,0.12017358094453812
7,blocks.38.conv1,0.09980962425470352
7,blocks.38.conv2,0.11030635237693787
7,blocks.39.conv1,0.11020173132419586
7,blocks.39.conv2,0.10668529570102692
7,blocks.40.conv1,0.10082581639289856
7,blocks.40.conv2,0.1037512868642807
7,blocks.41.conv1,0.12006382644176483
7,blocks.41.conv2,0.12446325272321701
7,blocks.42.conv1,0.11128626763820648
7,blocks.42.conv2,0.11768850684165955
7,blocks.43.conv1,0.10521643608808517
7,blocks.43.conv2,0.10839256644248962
7,blocks.44.conv1,0.11154939234256744
7,blocks.44.conv2,0.11392929404973984
7,blocks.45.conv1,0.10488709807395935
7,blocks.45.conv2,0.11015517264604568
7,blocks.46.conv1,0.10251037031412125
7,blocks.46.conv2,0.10441119968891144
7,blocks.47.conv1,0.12294493615627289
7,blocks.47.conv2,0.1155254915356636
7,blocks.48.conv1,0.13020235300064087
7,blocks.48.conv2,0.13016775250434875
7,blocks.49.conv1,0.14548683166503906
7,blocks.49.conv2,0.13830669224262238
7,mean_conv2d_grad_norm,0.09619152140204269
8,stem.0,0.16205836832523346
8,blocks.0.conv1,0.16569726169109344
8,blocks.0.conv2,0.15627959370613098
8,blocks.1.conv1,0.13952228426933289
8,blocks.1.conv2,0.1349501758813858
8,blocks.2.conv1,0.11401718109846115
8,blocks.2.conv2,0.11608509719371796
8,blocks.3.conv1,0.07716633379459381
8,blocks.3.conv2,0.07931089401245117
8,blocks.4.conv1,0.08165225386619568
8,blocks.4.conv2,0.08578677475452423
8,blocks.5.conv1,0.06259922683238983
8,blocks.5.conv2,0.0628931000828743
8,blocks.6.conv1,0.057325318455696106
8,blocks.6.conv2,0.05415542051196098
8,blocks.7.conv1,0.06830239295959473
8,blocks.7.conv2,0.06528904289007187
8,blocks.8.conv1,0.06103598326444626
8,blocks.8.conv2,0.05989605560898781
8,blocks.9.conv1,0.060244668275117874
8,blocks.9.conv2,0.05865718051791191
8,blocks.10.conv1,0.05436170473694801
8,blocks.10.conv2,0.056056782603263855
8,blocks.11.conv1,0.05536358058452606
8,blocks.11.conv2,0.059361789375543594
8,blocks.12.conv1,0.05932829529047012
8,blocks.12.conv2,0.059579718858003616
8,blocks.13.conv1,0.059463080018758774
8,blocks.13.conv2,0.061726778745651245
8,blocks.14.conv1,0.0583919994533062
8,blocks.14.conv2,0.05958030745387077
8,blocks.15.conv1,0.057262226939201355
8,blocks.15.conv2,0.059256747364997864
8,blocks.16.conv1,0.056958891451358795
8,blocks.16.conv2,0.05702393501996994
8,blocks.17.conv1,0.05336020886898041
8,blocks.17.conv2,0.05369238182902336
8,blocks.18.conv1,0.04862336441874504
8,blocks.18.conv2,0.05288507416844368
8,blocks.19.conv1,0.06153874844312668
8,blocks.19.conv2,0.06129847839474678
8,blocks.20.conv1,0.06537619233131409
8,blocks.20.conv2,0.0659329816699028
8,blocks.21.conv1,0.06929492950439453
8,blocks.21.conv2,0.06783543527126312
8,blocks.22.conv1,0.07389885187149048
8,blocks.22.conv2,0.07825423777103424
8,blocks.23.conv1,0.07997501641511917
8,blocks.23.conv2,0.08429068326950073
8,blocks.24.conv1,0.07390858978033066
8,blocks.24.conv2,0.06956569105386734
8,blocks.25.conv1,0.07955995202064514
8,blocks.25.conv2,0.08436239510774612
8,blocks.26.conv1,0.08506566286087036
8,blocks.26.conv2,0.08530595153570175
8,blocks.27.conv1,0.0778123065829277
8,blocks.27.conv2,0.07988200336694717
8,blocks.28.conv1,0.08397983014583588
8,blocks.28.conv2,0.0823977142572403
8,blocks.29.conv1,0.09147316962480545
8,blocks.29.conv2,0.09844771027565002
8,blocks.30.conv1,0.1050148755311966
8,blocks.30.conv2,0.1060744896531105
8,blocks.31.conv1,0.08142125606536865
8,blocks.31.conv2,0.07952210307121277
8,blocks.32.conv1,0.0798921212553978
8,blocks.32.conv2,0.0819380059838295
8,blocks.33.conv1,0.07994125783443451
8,blocks.33.conv2,0.07542172819375992
8,blocks.34.conv1,0.10837143659591675
8,blocks.34.conv2,0.11104971915483475
8,blocks.35.conv1,0.08772093802690506
8,blocks.35.conv2,0.08737777173519135
8,blocks.36.conv1,0.10828255116939545
8,blocks.36.conv2,0.09901966154575348
8,blocks.37.conv1,0.11066095530986786
8,blocks.37.conv2,0.108685702085495
8,blocks.38.conv1,0.09768224507570267
8,blocks.38.conv2,0.08896254003047943
8,blocks.39.conv1,0.11592903733253479
8,blocks.39.conv2,0.1061515361070633
8,blocks.40.conv1,0.08691088110208511
8,blocks.40.conv2,0.08458211272954941
8,blocks.41.conv1,0.10533127188682556
8,blocks.41.conv2,0.10558765381574631
8,blocks.42.conv1,0.09232991933822632
8,blocks.42.conv2,0.0897035300731659
8,blocks.43.conv1,0.08400297164916992
8,blocks.43.conv2,0.07758951932191849
8,blocks.44.conv1,0.09721548110246658
8,blocks.44.conv2,0.08823519200086594
8,blocks.45.conv1,0.09376157075166702
8,blocks.45.conv2,0.08743031322956085
8,blocks.46.conv1,0.07719866931438446
8,blocks.46.conv2,0.07871034741401672
8,blocks.47.conv1,0.09441234916448593
8,blocks.47.conv2,0.09904927760362625
8,blocks.48.conv1,0.09918652474880219
8,blocks.48.conv2,0.09524478018283844
8,blocks.49.conv1,0.10911884158849716
8,blocks.49.conv2,0.09787998348474503
8,mean_conv2d_grad_norm,0.0832401893959187
9,stem.0,0.16351191699504852
9,blocks.0.conv1,0.1696997582912445
9,blocks.0.conv2,0.16651879251003265
9,blocks.1.conv1,0.14369024336338043
9,blocks.1.conv2,0.1411210298538208
9,blocks.2.conv1,0.12242644280195236
9,blocks.2.conv2,0.1298539936542511
9,blocks.3.conv1,0.08852772414684296
9,blocks.3.conv2,0.09417406469583511
9,blocks.4.conv1,0.07620332390069962
9,blocks.4.conv2,0.08152448385953903
9,blocks.5.conv1,0.07104828953742981
9,blocks.5.conv2,0.07368919998407364
9,blocks.6.conv1,0.06524324417114258
9,blocks.6.conv2,0.07064242660999298
9,blocks.7.conv1,0.06706180423498154
9,blocks.7.conv2,0.07615266740322113
9,blocks.8.conv1,0.06500910967588425
9,blocks.8.conv2,0.06786409020423889
9,blocks.9.conv1,0.05877244099974632
9,blocks.9.conv2,0.06941767036914825
9,blocks.10.conv1,0.05495206639170647
9,blocks.10.conv2,0.05962904915213585
9,blocks.11.conv1,0.05640503019094467
9,blocks.11.conv2,0.060664985328912735
9,blocks.12.conv1,0.05883593112230301
9,blocks.12.conv2,0.0656009167432785
9,blocks.13.conv1,0.06204838305711746
9,blocks.13.conv2,0.06598152220249176
9,blocks.14.conv1,0.06288108974695206
9,blocks.14.conv2,0.06417031586170197
9,blocks.15.conv1,0.055712778121232986
9,blocks.15.conv2,0.05818265676498413
9,blocks.16.conv1,0.06311877816915512
9,blocks.16.conv2,0.06266233325004578
9,blocks.17.conv1,0.05461716651916504
9,blocks.17.conv2,0.05368030071258545
9,blocks.18.conv1,0.06102675944566727
9,blocks.18.conv2,0.0659632682800293
9,blocks.19.conv1,0.057661328464746475
9,blocks.19.conv2,0.05843890830874443
9,blocks.20.conv1,0.06610231846570969
9,blocks.20.conv2,0.06227952986955643
9,blocks.21.conv1,0.069606252014637
9,blocks.21.conv2,0.0697406530380249
9,blocks.22.conv1,0.0889676883816719
9,blocks.22.conv2,0.09179962426424026
9,blocks.23.conv1,0.08920825272798538
9,blocks.23.conv2,0.0873950645327568
9,blocks.24.conv1,0.08705909550189972
9,blocks.24.conv2,0.08907165378332138
9,blocks.25.conv1,0.09218385815620422
9,blocks.25.conv2,0.09656936675310135
9,blocks.26.conv1,0.09698841720819473
9,blocks.26.conv2,0.10392854362726212
9,blocks.27.conv1,0.1011735275387764
9,blocks.27.conv2,0.1038263589143753
9,blocks.28.conv1,0.09280195087194443
9,blocks.28.conv2,0.09696242213249207
9,blocks.29.conv1,0.1176537424325943
9,blocks.29.conv2,0.11767902970314026
9,blocks.30.conv1,0.12989935278892517
9,blocks.30.conv2,0.12744097411632538
9,blocks.31.conv1,0.10044804215431213
9,blocks.31.conv2,0.09455245733261108
9,blocks.32.conv1,0.10135117173194885
9,blocks.32.conv2,0.0939331129193306
9,blocks.33.conv1,0.09696996212005615
9,blocks.33.conv2,0.09030277281999588
9,blocks.34.conv1,0.11484678089618683
9,blocks.34.conv2,0.11030679941177368
9,blocks.35.conv1,0.09011580795049667
9,blocks.35.conv2,0.09000765532255173
9,blocks.36.conv1,0.11511421948671341
9,blocks.36.conv2,0.1013568788766861
9,blocks.37.conv1,0.12295155972242355
9,blocks.37.conv2,0.11290035396814346
9,blocks.38.conv1,0.10470455139875412
9,blocks.38.conv2,0.09622463583946228
9,blocks.39.conv1,0.10192565619945526
9,blocks.39.conv2,0.09813280403614044
9,blocks.40.conv1,0.09367452561855316
9,blocks.40.conv2,0.08890274912118912
9,blocks.41.conv1,0.11488192528486252
9,blocks.41.conv2,0.10144168138504028
9,blocks.42.conv1,0.09983614087104797
9,blocks.42.conv2,0.09188906848430634
9,blocks.43.conv1,0.08501119911670685
9,blocks.43.conv2,0.08306707441806793
9,blocks.44.conv1,0.10747676342725754
9,blocks.44.conv2,0.10523110628128052
9,blocks.45.conv1,0.10057641565799713
9,blocks.45.conv2,0.09556072950363159
9,blocks.46.conv1,0.09101952612400055
9,blocks.46.conv2,0.091321662068367
9,blocks.47.conv1,0.10832476615905762
9,blocks.47.conv2,0.09683757275342941
9,blocks.48.conv1,0.1164284497499466
9,blocks.48.conv2,0.10006469488143921
9,blocks.49.conv1,0.11965923756361008
9,blocks.49.conv2,0.09916111081838608
9,mean_conv2d_grad_norm,0.09078451072668085
10,stem.0,0.16592532396316528
10,blocks.0.conv1,0.1544923633337021
10,blocks.0.conv2,0.15232521295547485
10,blocks.1.conv1,0.11904767155647278
10,blocks.1.conv2,0.12529252469539642
10,blocks.2.conv1,0.11442785710096359
10,blocks.2.conv2,0.10832702368497849
10,blocks.3.conv1,0.08656221628189087
10,blocks.3.conv2,0.08203381299972534
10,blocks.4.conv1,0.0791717991232872
10,blocks.4.conv2,0.07789672166109085
10,blocks.5.conv1,0.06430598348379135
10,blocks.5.conv2,0.06478767842054367
10,blocks.6.conv1,0.05721099674701691
10,blocks.6.conv2,0.057807959616184235
10,blocks.7.conv1,0.0645081028342247
10,blocks.7.conv2,0.06324371695518494
10,blocks.8.conv1,0.06210780516266823
10,blocks.8.conv2,0.05758737400174141
10,blocks.9.conv1,0.05262342840433121
10,blocks.9.conv2,0.05541818588972092
10,blocks.10.conv1,0.050598617643117905
10,blocks.10.conv2,0.05090910196304321
10,blocks.11.conv1,0.048876143991947174
10,blocks.11.conv2,0.05118381232023239
10,blocks.12.conv1,0.05743101239204407
10,blocks.12.conv2,0.061019621789455414
10,blocks.13.conv1,0.05447467043995857
10,blocks.13.conv2,0.05596742406487465
10,blocks.14.conv1,0.05525806173682213
10,blocks.14.conv2,0.052352409809827805
10,blocks.15.conv1,0.05410546809434891
10,blocks.15.conv2,0.05361924692988396
10,blocks.16.conv1,0.05378030613064766
10,blocks.16.conv2,0.054953329265117645
10,blocks.17.conv1,0.05115697905421257
10,blocks.17.conv2,0.05021240562200546
10,blocks.18.conv1,0.04773673415184021
10,blocks.18.conv2,0.050306111574172974
10,blocks.19.conv1,0.057783860713243484
10,blocks.19.conv2,0.05270913615822792
10,blocks.20.conv1,0.055606354027986526
10,blocks.20.conv2,0.053315892815589905
10,blocks.21.conv1,0.06447187066078186
10,blocks.21.conv2,0.06338348239660263
10,blocks.22.conv1,0.07419180870056152
10,blocks.22.conv2,0.0764191523194313
10,blocks.23.conv1,0.07309185713529587
10,blocks.23.conv2,0.07430323213338852
10,blocks.24.conv1,0.0683530941605568
10,blocks.24.conv2,0.06594955176115036
10,blocks.25.conv1,0.08011853694915771
10,blocks.25.conv2,0.0835307165980339
10,blocks.26.conv1,0.07794797420501709
10,blocks.26.conv2,0.07732249051332474
10,blocks.27.conv1,0.06846987456083298
10,blocks.27.conv2,0.07244622707366943
10,blocks.28.conv1,0.07672912627458572
10,blocks.28.conv2,0.0763237476348877
10,blocks.29.conv1,0.08392302691936493
10,blocks.29.conv2,0.08133375644683838
10,blocks.30.conv1,0.09459780156612396
10,blocks.30.conv2,0.0951312929391861
10,blocks.31.conv1,0.07792911678552628
10,blocks.31.conv2,0.07225087285041809
10,blocks.32.conv1,0.07302512973546982
10,blocks.32.conv2,0.06581999361515045
10,blocks.33.conv1,0.06896543502807617
10,blocks.33.conv2,0.06371431052684784
10,blocks.34.conv1,0.09528979659080505
10,blocks.34.conv2,0.09005525708198547
10,blocks.35.conv1,0.07467025518417358
10,blocks.35.conv2,0.06656051427125931
10,blocks.36.conv1,0.08698045462369919
10,blocks.36.conv2,0.08252386003732681
10,blocks.37.conv1,0.09931789338588715
10,blocks.37.conv2,0.09206686168909073
10,blocks.38.conv1,0.08129566162824631
10,blocks.38.conv2,0.08089879900217056
10,blocks.39.conv1,0.08203669637441635
10,blocks.39.conv2,0.085193932056427
10,blocks.40.conv1,0.08033401519060135
10,blocks.40.conv2,0.07395247370004654
10,blocks.41.conv1,0.09154137223958969
10,blocks.41.conv2,0.08994432538747787
10,blocks.42.conv1,0.08616141229867935
10,blocks.42.conv2,0.08025497943162918
10,blocks.43.conv1,0.07912527769804001
10,blocks.43.conv2,0.07594064623117447
10,blocks.44.conv1,0.10275252163410187
10,blocks.44.conv2,0.09386608749628067
10,blocks.45.conv1,0.08019491285085678
10,blocks.45.conv2,0.07916273921728134
10,blocks.46.conv1,0.07818889617919922
10,blocks.46.conv2,0.06668674945831299
10,blocks.47.conv1,0.08516094088554382
10,blocks.47.conv2,0.0840226486325264
10,blocks.48.conv1,0.08825570344924927
10,blocks.48.conv2,0.08521551638841629
10,blocks.49.conv1,0.09310796856880188
10,blocks.49.conv2,0.09316394478082657
10,mean_conv2d_grad_norm,0.07615967378905504
11,stem.0,0.13810062408447266
11,blocks.0.conv1,0.1274944394826889
11,blocks.0.conv2,0.13371789455413818
11,blocks.1.conv1,0.12078265100717545
11,blocks.1.conv2,0.11877080798149109
11,blocks.2.conv1,0.11256393045186996
11,blocks.2.conv2,0.11764717847108841
11,blocks.3.conv1,0.08672384917736053
11,blocks.3.conv2,0.09144199639558792
11,blocks.4.conv1,0.07767564803361893
11,blocks.4.conv2,0.08248265087604523
11,blocks.5.conv1,0.06681855022907257
11,blocks.5.conv2,0.07196783274412155
11,blocks.6.conv1,0.0519552007317543
11,blocks.6.conv2,0.05251428857445717
11,blocks.7.conv1,0.06660202145576477
11,blocks.7.conv2,0.07657375186681747
11,blocks.8.conv1,0.058676764369010925
11,blocks.8.conv2,0.06387142837047577
11,blocks.9.conv1,0.05377211794257164
11,blocks.9.conv2,0.05746908113360405
11,blocks.10.conv1,0.055736761540174484
11,blocks.10.conv2,0.05945459008216858
11,blocks.11.conv1,0.05558452010154724
11,blocks.11.conv2,0.05850642919540405
11,blocks.12.conv1,0.059720877557992935
11,blocks.12.conv2,0.061418093740940094
11,blocks.13.conv1,0.058899376541376114
11,blocks.13.conv2,0.062752366065979
11,blocks.14.conv1,0.06502491980791092
11,blocks.14.conv2,0.06527146697044373
11,blocks.15.conv1,0.05909101665019989
11,blocks.15.conv2,0.06109810620546341
11,blocks.16.conv1,0.05502946302294731
11,blocks.16.conv2,0.05372525751590729
11,blocks.17.conv1,0.05549636110663414
11,blocks.17.conv2,0.06047496572136879
11,blocks.18.conv1,0.05729823559522629
11,blocks.18.conv2,0.056677814573049545
11,blocks.19.conv1,0.06752720475196838
11,blocks.19.conv2,0.0652443915605545
11,blocks.20.conv1,0.06277764588594437
11,blocks.20.conv2,0.06594876199960709
11,blocks.21.conv1,0.08147725462913513
11,blocks.21.conv2,0.07482775300741196
11,blocks.22.conv1,0.08637376874685287
11,blocks.22.conv2,0.09411894530057907
11,blocks.23.conv1,0.09202154725790024
11,blocks.23.conv2,0.09180516004562378
11,blocks.24.conv1,0.09058289974927902
11,blocks.24.conv2,0.0871206521987915
11,blocks.25.conv1,0.08689399063587189
11,blocks.25.conv2,0.09914439171552658
11,blocks.26.conv1,0.09139429032802582
11,blocks.26.conv2,0.09346669167280197
11,blocks.27.conv1,0.08981430530548096
11,blocks.27.conv2,0.09159369766712189
11,blocks.28.conv1,0.09421331435441971
11,blocks.28.conv2,0.09980279952287674
11,blocks.29.conv1,0.10616503655910492
11,blocks.29.conv2,0.11762907356023788
11,blocks.30.conv1,0.11307917535305023
11,blocks.30.conv2,0.11222366988658905
11,blocks.31.conv1,0.08511647582054138
11,blocks.31.conv2,0.08305863291025162
11,blocks.32.conv1,0.08352833986282349
11,blocks.32.conv2,0.08453266322612762
11,blocks.33.conv1,0.07533876597881317
11,blocks.33.conv2,0.0723302960395813
11,blocks.34.conv1,0.11199087649583817
11,blocks.34.conv2,0.11670339852571487
11,blocks.35.conv1,0.077177494764328
11,blocks.35.conv2,0.07485327124595642
11,blocks.36.conv1,0.09236453473567963
11,blocks.36.conv2,0.08232201635837555
11,blocks.37.conv1,0.09770016372203827
11,blocks.37.conv2,0.1016978994011879
11,blocks.38.conv1,0.09260182082653046
11,blocks.38.conv2,0.08786667138338089
11,blocks.39.conv1,0.09909890592098236
11,blocks.39.conv2,0.08497133105993271
11,blocks.40.conv1,0.07839943468570709
11,blocks.40.conv2,0.07616927474737167
11,blocks.41.conv1,0.09146630018949509
11,blocks.41.conv2,0.08731593936681747
11,blocks.42.conv1,0.08694098889827728
11,blocks.42.conv2,0.08087184280157089
11,blocks.43.conv1,0.08373505622148514
11,blocks.43.conv2,0.07479530572891235
11,blocks.44.conv1,0.09185633808374405
11,blocks.44.conv2,0.08955279737710953
11,blocks.45.conv1,0.08344575762748718
11,blocks.45.conv2,0.07794445753097534
11,blocks.46.conv1,0.0795452743768692
11,blocks.46.conv2,0.08054346591234207
11,blocks.47.conv1,0.08881928026676178
11,blocks.47.conv2,0.08393055200576782
11,blocks.48.conv1,0.0902351662516594
11,blocks.48.conv2,0.07710883766412735
11,blocks.49.conv1,0.09568425267934799
11,blocks.49.conv2,0.09121547639369965
11,mean_conv2d_grad_norm,0.08254414959119098
12,stem.0,0.22589804232120514
12,blocks.0.conv1,0.19586719572544098
12,blocks.0.conv2,0.2025616466999054
12,blocks.1.conv1,0.16546891629695892
12,blocks.1.conv2,0.16822125017642975
12,blocks.2.conv1,0.1432037353515625
12,blocks.2.conv2,0.15420807898044586
12,blocks.3.conv1,0.10744212567806244
12,blocks.3.conv2,0.10997147113084793
12,blocks.4.conv1,0.09270390123128891
12,blocks.4.conv2,0.09314272552728653
12,blocks.5.conv1,0.08090991526842117
12,blocks.5.conv2,0.07929139584302902
12,blocks.6.conv1,0.06635203957557678
12,blocks.6.conv2,0.06560903042554855
12,blocks.7.conv1,0.08458153903484344
12,blocks.7.conv2,0.08473337441682816
12,blocks.8.conv1,0.06778169423341751
12,blocks.8.conv2,0.06821000576019287
12,blocks.9.conv1,0.06678637862205505
12,blocks.9.conv2,0.06323601305484772
12,blocks.10.conv1,0.0677432045340538
12,blocks.10.conv2,0.06724420189857483
12,blocks.11.conv1,0.060512322932481766
12,blocks.11.conv2,0.059341635555028915
12,blocks.12.conv1,0.06794454902410507
12,blocks.12.conv2,0.06773556768894196
12,blocks.13.conv1,0.06312736868858337
12,blocks.13.conv2,0.061534587293863297
12,blocks.14.conv1,0.07154898345470428
12,blocks.14.conv2,0.0685701072216034
12,blocks.15.conv1,0.06495276838541031
12,blocks.15.conv2,0.06856796890497208
12,blocks.16.conv1,0.06808865070343018
12,blocks.16.conv2,0.06540300697088242
12,blocks.17.conv1,0.05739850923418999
12,blocks.17.conv2,0.05552244186401367
12,blocks.18.conv1,0.06847274303436279
12,blocks.18.conv2,0.06466726958751678
12,blocks.19.conv1,0.07005413621664047
12,blocks.19.conv2,0.06403795629739761
12,blocks.20.conv1,0.07495526224374771
12,blocks.20.conv2,0.06624581664800644
12,blocks.21.conv1,0.08007660508155823
12,blocks.21.conv2,0.077604278922081
12,blocks.22.conv1,0.09392570704221725
12,blocks.22.conv2,0.09247558563947678
12,blocks.23.conv1,0.09850114583969116
12,blocks.23.conv2,0.09293094277381897
12,blocks.24.conv1,0.09013296663761139
12,blocks.24.conv2,0.087350994348526
12,blocks.25.conv1,0.09746456146240234
12,blocks.25.conv2,0.0974697545170784
12,blocks.26.conv1,0.10403552651405334
12,blocks.26.conv2,0.09569283574819565
12,blocks.27.conv1,0.08932725340127945
12,blocks.27.conv2,0.08954139053821564
12,blocks.28.conv1,0.09338074177503586
12,blocks.28.conv2,0.09582396596670151
12,blocks.29.conv1,0.10277295112609863
12,blocks.29.conv2,0.09591685980558395
12,blocks.30.conv1,0.12901242077350616
12,blocks.30.conv2,0.11505360156297684
12,blocks.31.conv1,0.09008089452981949
12,blocks.31.conv2,0.08535470813512802
12,blocks.32.conv1,0.0921570211648941
12,blocks.32.conv2,0.08809587359428406
12,blocks.33.conv1,0.09519071877002716
12,blocks.33.conv2,0.08277050405740738
12,blocks.34.conv1,0.11758552491664886
12,blocks.34.conv2,0.10840775817632675
12,blocks.35.conv1,0.09557044506072998
12,blocks.35.conv2,0.09153908491134644
12,blocks.36.conv1,0.12187442928552628
12,blocks.36.conv2,0.10451921075582504
12,blocks.37.conv1,0.11971963942050934
12,blocks.37.conv2,0.11855053156614304
12,blocks.38.conv1,0.11136863380670547
12,blocks.38.conv2,0.09802704304456711
12,blocks.39.conv1,0.1152062639594078
12,blocks.39.conv2,0.10108253359794617
12,blocks.40.conv1,0.11180637031793594
12,blocks.40.conv2,0.09616746008396149
12,blocks.41.conv1,0.11259734630584717
12,blocks.41.conv2,0.10808581113815308
12,blocks.42.conv1,0.1044589951634407
12,blocks.42.conv2,0.09381098300218582
12,blocks.43.conv1,0.08853186666965485
12,blocks.43.conv2,0.08717887848615646
12,blocks.44.conv1,0.10747404396533966
12,blocks.44.conv2,0.09750282019376755
12,blocks.45.conv1,0.09061313420534134
12,blocks.45.conv2,0.08409078419208527
12,blocks.46.conv1,0.08318150043487549
12,blocks.46.conv2,0.08343756943941116
12,blocks.47.conv1,0.09523073583841324
12,blocks.47.conv2,0.08837240934371948
12,blocks.48.conv1,0.0925307497382164
12,blocks.48.conv2,0.08491075783967972
12,blocks.49.conv1,0.09170185774564743
12,blocks.49.conv2,0.08972132951021194
12,mean_conv2d_grad_norm,0.09383015688693169
13,stem.0,0.1687094122171402
13,blocks.0.conv1,0.12130696326494217
13,blocks.0.conv2,0.1427937000989914
13,blocks.1.conv1,0.11895188689231873
13,blocks.1.conv2,0.13033372163772583
13,blocks.2.conv1,0.11285101622343063
13,blocks.2.conv2,0.11657005548477173
13,blocks.3.conv1,0.08471965044736862
13,blocks.3.conv2,0.08398352563381195
13,blocks.4.conv1,0.07843681424856186
13,blocks.4.conv2,0.07924631237983704
13,blocks.5.conv1,0.0648922398686409
13,blocks.5.conv2,0.06804874539375305
13,blocks.6.conv1,0.052683740854263306
13,blocks.6.conv2,0.05608547478914261
13,blocks.7.conv1,0.062088776379823685
13,blocks.7.conv2,0.06035739183425903
13,blocks.8.conv1,0.055744774639606476
13,blocks.8.conv2,0.05325524881482124
13,blocks.9.conv1,0.05213054642081261
13,blocks.9.conv2,0.049843985587358475
13,blocks.10.conv1,0.04779879003763199
13,blocks.10.conv2,0.04865402355790138
13,blocks.11.conv1,0.05227319896221161
13,blocks.11.conv2,0.05046426132321358
13,blocks.12.conv1,0.0540357306599617
13,blocks.12.conv2,0.05281106382608414
13,blocks.13.conv1,0.05280998721718788
13,blocks.13.conv2,0.05219466611742973
13,blocks.14.conv1,0.056634895503520966
13,blocks.14.conv2,0.051947660744190216
13,blocks.15.conv1,0.05407366529107094
13,blocks.15.conv2,0.05230678245425224
13,blocks.16.conv1,0.05215535685420036
13,blocks.16.conv2,0.04932906851172447
13,blocks.17.conv1,0.04508860409259796
13,blocks.17.conv2,0.04476688429713249
13,blocks.18.conv1,0.050184205174446106
13,blocks.18.conv2,0.04682688042521477
13,blocks.19.conv1,0.05712548643350601
13,blocks.19.conv2,0.05139670893549919
13,blocks.20.conv1,0.05698143690824509
13,blocks.20.conv2,0.050570715218782425
13,blocks.21.conv1,0.06307920813560486
13,blocks.21.conv2,0.05932077392935753
13,blocks.22.conv1,0.0764850452542305
13,blocks.22.conv2,0.07578044384717941
13,blocks.23.conv1,0.07697403430938721
13,blocks.23.conv2,0.07467104494571686
13,blocks.24.conv1,0.06716782599687576
13,blocks.24.conv2,0.06658224761486053
13,blocks.25.conv1,0.08177384734153748
13,blocks.25.conv2,0.07972469180822372
13,blocks.26.conv1,0.08088060468435287
13,blocks.26.conv2,0.08109695464372635
13,blocks.27.conv1,0.07289960980415344
13,blocks.27.conv2,0.07560837268829346
13,blocks.28.conv1,0.07536228001117706
13,blocks.28.conv2,0.07945029437541962
13,blocks.29.conv1,0.08099114149808884
13,blocks.29.conv2,0.08239137381315231
13,blocks.30.conv1,0.09734824299812317
13,blocks.30.conv2,0.0954403281211853
13,blocks.31.conv1,0.07972552627325058
13,blocks.31.conv2,0.07789411395788193
13,blocks.32.conv1,0.07407466322183609
13,blocks.32.conv2,0.07170113921165466
13,blocks.33.conv1,0.07403919100761414
13,blocks.33.conv2,0.06514130532741547
13,blocks.34.conv1,0.10160047560930252
13,blocks.34.conv2,0.09729909151792526
13,blocks.35.conv1,0.07589256763458252
13,blocks.35.conv2,0.07630451768636703
13,blocks.36.conv1,0.09730128943920135
13,blocks.36.conv2,0.09708581864833832
13,blocks.37.conv1,0.1078631728887558
13,blocks.37.conv2,0.09434404224157333
13,blocks.38.conv1,0.09463388472795486
13,blocks.38.conv2,0.09356056153774261
13,blocks.39.conv1,0.10442231595516205
13,blocks.39.conv2,0.09455568343400955
13,blocks.40.conv1,0.08628023415803909
13,blocks.40.conv2,0.08627446740865707
13,blocks.41.conv1,0.1074974536895752
13,blocks.41.conv2,0.09773913025856018
13,blocks.42.conv1,0.08678747713565826
13,blocks.42.conv2,0.07805686444044113
13,blocks.43.conv1,0.0905236229300499
13,blocks.43.conv2,0.08904702961444855
13,blocks.44.conv1,0.10685262829065323
13,blocks.44.conv2,0.08853139728307724
13,blocks.45.conv1,0.08814598619937897
13,blocks.45.conv2,0.08822859078645706
13,blocks.46.conv1,0.07751861959695816
13,blocks.46.conv2,0.0768752321600914
13,blocks.47.conv1,0.10191717743873596
13,blocks.47.conv2,0.08667976409196854
13,blocks.48.conv1,0.09307549148797989
13,blocks.48.conv2,0.08051374554634094
13,blocks.49.conv1,0.10718584060668945
13,blocks.49.conv2,0.08770690113306046
13,mean_conv2d_grad_norm,0.07791454887183585
14,stem.0,0.1451687514781952
14,blocks.0.conv1,0.1558944284915924
14,blocks.0.conv2,0.1526457965373993
14,blocks.1.conv1,0.14253689348697662
14,blocks.1.conv2,0.13952423632144928
14,blocks.2.conv1,0.12703320384025574
14,blocks.2.conv2,0.12349990755319595
14,blocks.3.conv1,0.09356679022312164
14,blocks.3.conv2,0.09862739592790604
14,blocks.4.conv1,0.08442246168851852
14,blocks.4.conv2,0.0884765163064003
14,blocks.5.conv1,0.07415929436683655
14,blocks.5.conv2,0.07574956864118576
14,blocks.6.conv1,0.060174256563186646
14,blocks.6.conv2,0.060570165514945984
14,blocks.7.conv1,0.07020261138677597
14,blocks.7.conv2,0.07039046287536621
14,blocks.8.conv1,0.06296978145837784
14,blocks.8.conv2,0.06251431256532669
14,blocks.9.conv1,0.06138918921351433
14,blocks.9.conv2,0.06344230473041534
14,blocks.10.conv1,0.06079621985554695
14,blocks.10.conv2,0.05933770909905434
14,blocks.11.conv1,0.05375983566045761
14,blocks.11.conv2,0.05465519428253174
14,blocks.12.conv1,0.06096936762332916
14,blocks.12.conv2,0.060393866151571274
14,blocks.13.conv1,0.05832944065332413
14,blocks.13.conv2,0.05979882925748825
14,blocks.14.conv1,0.06389179825782776
14,blocks.14.conv2,0.061630334705114365
14,blocks.15.conv1,0.06099363788962364
14,blocks.15.conv2,0.06596827507019043
14,blocks.16.conv1,0.06278084963560104
14,blocks.16.conv2,0.06236490607261658
14,blocks.17.conv1,0.05803891643881798
14,blocks.17.conv2,0.05339452996850014
14,blocks.18.conv1,0.05499356612563133
14,blocks.18.conv2,0.054282233119010925
14,blocks.19.conv1,0.058988671749830246
14,blocks.19.conv2,0.057887379080057144
14,blocks.20.conv1,0.0643877312541008
14,blocks.20.conv2,0.0655069649219513
14,blocks.21.conv1,0.07052022963762283
14,blocks.21.conv2,0.06725355237722397
14,blocks.22.conv1,0.07938379794359207
14,blocks.22.conv2,0.07958031445741653
14,blocks.23.conv1,0.08335653692483902
14,blocks.23.conv2,0.08255590498447418
14,blocks.24.conv1,0.07544903457164764
14,blocks.24.conv2,0.07465542107820511
14,blocks.25.conv1,0.08730737119913101
14,blocks.25.conv2,0.09010705351829529
14,blocks.26.conv1,0.08568566292524338
14,blocks.26.conv2,0.08596504479646683
14,blocks.27.conv1,0.07603749632835388
14,blocks.27.conv2,0.07800392061471939
14,blocks.28.conv1,0.08126112818717957
14,blocks.28.conv2,0.08392239362001419
14,blocks.29.conv1,0.08604656904935837
14,blocks.29.conv2,0.09001622349023819
14,blocks.30.conv1,0.10415064543485641
14,blocks.30.conv2,0.10577035695314407
14,blocks.31.conv1,0.09094255417585373
14,blocks.31.conv2,0.08483488112688065
14,blocks.32.conv1,0.09424298256635666
14,blocks.32.conv2,0.08577241003513336
14,blocks.33.conv1,0.08395848423242569
14,blocks.33.conv2,0.08428872376680374
14,blocks.34.conv1,0.10817238688468933
14,blocks.34.conv2,0.10311602801084518
14,blocks.35.conv1,0.08529093861579895
14,blocks.35.conv2,0.07873838394880295
14,blocks.36.conv1,0.10977934300899506
14,blocks.36.conv2,0.09489157795906067
14,blocks.37.conv1,0.1156863421201706
14,blocks.37.conv2,0.09809480607509613
14,blocks.38.conv1,0.08761013299226761
14,blocks.38.conv2,0.07979534566402435
14,blocks.39.conv1,0.09537028521299362
14,blocks.39.conv2,0.07653462141752243
14,blocks.40.conv1,0.08410683274269104
14,blocks.40.conv2,0.07691667228937149
14,blocks.41.conv1,0.09537071734666824
14,blocks.41.conv2,0.08895369619131088
14,blocks.42.conv1,0.08683197945356369
14,blocks.42.conv2,0.08538064360618591
14,blocks.43.conv1,0.07621229439973831
14,blocks.43.conv2,0.0719330683350563
14,blocks.44.conv1,0.09343278408050537
14,blocks.44.conv2,0.08499118685722351
14,blocks.45.conv1,0.07527581602334976
14,blocks.45.conv2,0.07533823698759079
14,blocks.46.conv1,0.07628373056650162
14,blocks.46.conv2,0.07965472340583801
14,blocks.47.conv1,0.08087451010942459
14,blocks.47.conv2,0.08026052266359329
14,blocks.48.conv1,0.10361199080944061
14,blocks.48.conv2,0.08288668096065521
14,blocks.49.conv1,0.08588888496160507
14,blocks.49.conv2,0.08076546341180801
14,mean_conv2d_grad_norm,0.08232898917971271
15,stem.0,0.2782961130142212
15,blocks.0.conv1,0.22951623797416687
15,blocks.0.conv2,0.20656263828277588
15,blocks.1.conv1,0.18204909563064575
15,blocks.1.conv2,0.17537879943847656
15,blocks.2.conv1,0.15144790709018707
15,blocks.2.conv2,0.15091507136821747
15,blocks.3.conv1,0.13754001259803772
15,blocks.3.conv2,0.12799964845180511
15,blocks.4.conv1,0.11220568418502808
15,blocks.4.conv2,0.10967181622982025
15,blocks.5.conv1,0.09149112552404404
15,blocks.5.conv2,0.0930071547627449
15,blocks.6.conv1,0.0765741690993309
15,blocks.6.conv2,0.07757896184921265
15,blocks.7.conv1,0.08693265169858932
15,blocks.7.conv2,0.08857458084821701
15,blocks.8.conv1,0.08878924697637558
15,blocks.8.conv2,0.08655991405248642
15,blocks.9.conv1,0.07681410759687424
15,blocks.9.conv2,0.0800684243440628
15,blocks.10.conv1,0.07558329403400421
15,blocks.10.conv2,0.07240277528762817
15,blocks.11.conv1,0.0786246806383133
15,blocks.11.conv2,0.07651697099208832
15,blocks.12.conv1,0.08316780626773834
15,blocks.12.conv2,0.08442512154579163
15,blocks.13.conv1,0.07674944400787354
15,blocks.13.conv2,0.07714483886957169
15,blocks.14.conv1,0.07865452766418457
15,blocks.14.conv2,0.0781763419508934
15,blocks.15.conv1,0.0834871456027031
15,blocks.15.conv2,0.08305718749761581
15,blocks.16.conv1,0.08717487752437592
15,blocks.16.conv2,0.08199438452720642
15,blocks.17.conv1,0.06820095330476761
15,blocks.17.conv2,0.07075304538011551
15,blocks.18.conv1,0.07528775185346603
15,blocks.18.conv2,0.07880325615406036
15,blocks.19.conv1,0.07823097705841064
15,blocks.19.conv2,0.07975290715694427
15,blocks.20.conv1,0.08673198521137238
15,blocks.20.conv2,0.08100628852844238
15,blocks.21.conv1,0.09874935448169708
15,blocks.21.conv2,0.09012496471405029
15,blocks.22.conv1,0.10374175757169724
15,blocks.22.conv2,0.10266733169555664
15,blocks.23.conv1,0.102439284324646
15,blocks.23.conv2,0.10311105847358704
15,blocks.24.conv1,0.10089300572872162
15,blocks.24.conv2,0.10670878738164902
15,blocks.25.conv1,0.12123990058898926
15,blocks.25.conv2,0.1180502399802208
15,blocks.26.conv1,0.11030017584562302
15,blocks.26.conv2,0.10777479410171509
15,blocks.27.conv1,0.10613106936216354
15,blocks.27.conv2,0.1026662290096283
15,blocks.28.conv1,0.11550196260213852
15,blocks.28.conv2,0.11913549154996872
15,blocks.29.conv1,0.1253076046705246
15,blocks.29.conv2,0.12189812958240509
15,blocks.30.conv1,0.15219272673130035
15,blocks.30.conv2,0.14761807024478912
15,blocks.31.conv1,0.13181333243846893
15,blocks.31.conv2,0.12667158246040344
15,blocks.32.conv1,0.12735334038734436
15,blocks.32.conv2,0.11630134284496307
15,blocks.33.conv1,0.11578693240880966
15,blocks.33.conv2,0.10726628452539444
15,blocks.34.conv1,0.15622268617153168
15,blocks.34.conv2,0.14584968984127045
15,blocks.35.conv1,0.11998745799064636
15,blocks.35.conv2,0.11075633764266968
15,blocks.36.conv1,0.15512380003929138
15,blocks.36.conv2,0.14184382557868958
15,blocks.37.conv1,0.15242448449134827
15,blocks.37.conv2,0.1449805498123169
15,blocks.38.conv1,0.13380639255046844
15,blocks.38.conv2,0.11452317982912064
15,blocks.39.conv1,0.13170060515403748
15,blocks.39.conv2,0.12706080079078674
15,blocks.40.conv1,0.1288912147283554
15,blocks.40.conv2,0.1163548156619072
15,blocks.41.conv1,0.14174257218837738
15,blocks.41.conv2,0.13079890608787537
15,blocks.42.conv1,0.12378185242414474
15,blocks.42.conv2,0.11496172100305557
15,blocks.43.conv1,0.13361108303070068
15,blocks.43.conv2,0.1382274627685547
15,blocks.44.conv1,0.14491990208625793
15,blocks.44.conv2,0.12449658662080765
15,blocks.45.conv1,0.10672874003648758
15,blocks.45.conv2,0.11606720834970474
15,blocks.46.conv1,0.1112055629491806
15,blocks.46.conv2,0.10582610964775085
15,blocks.47.conv1,0.124111607670784
15,blocks.47.conv2,0.1098666787147522
15,blocks.48.conv1,0.13471679389476776
15,blocks.48.conv2,0.10979218780994415
15,blocks.49.conv1,0.12705427408218384
15,blocks.49.conv2,0.1254739761352539
15,mean_conv2d_grad_norm,0.11414112615408284
16,stem.0,0.17786549031734467
16,blocks.0.conv1,0.14139068126678467
16,blocks.0.conv2,0.1594655066728592
16,blocks.1.conv1,0.1365767866373062
16,blocks.1.conv2,0.1427813619375229
16,blocks.2.conv1,0.12188483029603958
16,blocks.2.conv2,0.12731464207172394
16,blocks.3.conv1,0.10326988250017166
16,blocks.3.conv2,0.10290319472551346
16,blocks.4.conv1,0.09444869309663773
16,blocks.4.conv2,0.09536340832710266
16,blocks.5.conv1,0.07972690463066101
16,blocks.5.conv2,0.07953950762748718
16,blocks.6.conv1,0.06190347298979759
16,blocks.6.conv2,0.06313588470220566
16,blocks.7.conv1,0.07484923303127289
16,blocks.7.conv2,0.0783662497997284
16,blocks.8.conv1,0.0683891549706459
16,blocks.8.conv2,0.06724801659584045
16,blocks.9.conv1,0.0703519880771637
16,blocks.9.conv2,0.07124137878417969
16,blocks.10.conv1,0.06441575288772583
16,blocks.10.conv2,0.0645555928349495
16,blocks.11.conv1,0.0657084658741951
16,blocks.11.conv2,0.06459099054336548
16,blocks.12.conv1,0.0729437917470932
16,blocks.12.conv2,0.07587679475545883
16,blocks.13.conv1,0.06755129247903824
16,blocks.13.conv2,0.06696855276823044
16,blocks.14.conv1,0.07587147504091263
16,blocks.14.conv2,0.06837127357721329
16,blocks.15.conv1,0.07715728878974915
16,blocks.15.conv2,0.07087361812591553
16,blocks.16.conv1,0.07308275252580643
16,blocks.16.conv2,0.07178867608308792
16,blocks.17.conv1,0.06314437091350555
16,blocks.17.conv2,0.05914837494492531
16,blocks.18.conv1,0.06625621020793915
16,blocks.18.conv2,0.06686510145664215
16,blocks.19.conv1,0.07901528477668762
16,blocks.19.conv2,0.07776928693056107
16,blocks.20.conv1,0.07956385612487793
16,blocks.20.conv2,0.0790061205625534
16,blocks.21.conv1,0.08562443405389786
16,blocks.21.conv2,0.08200693130493164
16,blocks.22.conv1,0.09635185450315475
16,blocks.22.conv2,0.09522054344415665
16,blocks.23.conv1,0.09805860370397568
16,blocks.23.conv2,0.09976062923669815
16,blocks.24.conv1,0.09829148650169373
16,blocks.24.conv2,0.09635511040687561
16,blocks.25.conv1,0.11418797820806503
16,blocks.25.conv2,0.11101438105106354
16,blocks.26.conv1,0.10926268249750137
16,blocks.26.conv2,0.10019197314977646
16,blocks.27.conv1,0.0981849655508995
16,blocks.27.conv2,0.09355774521827698
16,blocks.28.conv1,0.10119244456291199
16,blocks.28.conv2,0.09414353966712952
16,blocks.29.conv1,0.11161002516746521
16,blocks.29.conv2,0.1112445667386055
16,blocks.30.conv1,0.13401788473129272
16,blocks.30.conv2,0.12355707585811615
16,blocks.31.conv1,0.10435350239276886
16,blocks.31.conv2,0.08930101990699768
16,blocks.32.conv1,0.10512014478445053
16,blocks.32.conv2,0.1029951274394989
16,blocks.33.conv1,0.1036100909113884
16,blocks.33.conv2,0.0946531668305397
16,blocks.34.conv1,0.14252805709838867
16,blocks.34.conv2,0.128994882106781
16,blocks.35.conv1,0.10624764114618301
16,blocks.35.conv2,0.10524453967809677
16,blocks.36.conv1,0.14835992455482483
16,blocks.36.conv2,0.12449514865875244
16,blocks.37.conv1,0.14213766157627106
16,blocks.37.conv2,0.13216860592365265
16,blocks.38.conv1,0.121934674680233
16,blocks.38.conv2,0.11682846397161484
16,blocks.39.conv1,0.13445433974266052
16,blocks.39.conv2,0.13277097046375275
16,blocks.40.conv1,0.127772256731987
16,blocks.40.conv2,0.13104987144470215
16,blocks.41.conv1,0.15270735323429108
16,blocks.41.conv2,0.13771803677082062
16,blocks.42.conv1,0.13028571009635925
16,blocks.42.conv2,0.11763492971658707
16,blocks.43.conv1,0.11972404271364212
16,blocks.43.conv2,0.11394662410020828
16,blocks.44.conv1,0.13248522579669952
16,blocks.44.conv2,0.12639105319976807
16,blocks.45.conv1,0.11962193995714188
16,blocks.45.conv2,0.10879075527191162
16,blocks.46.conv1,0.11622630804777145
16,blocks.46.conv2,0.10028081387281418
16,blocks.47.conv1,0.12602195143699646
16,blocks.47.conv2,0.10353896766901016
16,blocks.48.conv1,0.1275539994239807
16,blocks.48.conv2,0.1090613454580307
16,blocks.49.conv1,0.11750271171331406
16,blocks.49.conv2,0.09904462099075317
16,mean_conv2d_grad_norm,0.10174190621859956
17,stem.0,0.1641213446855545
17,blocks.0.conv1,0.15347452461719513
17,blocks.0.conv2,0.15447759628295898
17,blocks.1.conv1,0.13919200003147125
17,blocks.1.conv2,0.1428658664226532
17,blocks.2.conv1,0.12616439163684845
17,blocks.2.conv2,0.12955155968666077
17,blocks.3.conv1,0.09620973467826843
17,blocks.3.conv2,0.09443116933107376
17,blocks.4.conv1,0.08604324609041214
17,blocks.4.conv2,0.08845140784978867
17,blocks.5.conv1,0.07587473094463348
17,blocks.5.conv2,0.07975135743618011
17,blocks.6.conv1,0.057882461696863174
17,blocks.6.conv2,0.05803699046373367
17,blocks.7.conv1,0.07504615932703018
17,blocks.7.conv2,0.07463109493255615
17,blocks.8.conv1,0.06324085593223572
17,blocks.8.conv2,0.06392689794301987
17,blocks.9.conv1,0.057191405445337296
17,blocks.9.conv2,0.05884172394871712
17,blocks.10.conv1,0.06157767027616501
17,blocks.10.conv2,0.061684492975473404
17,blocks.11.conv1,0.06025414541363716
17,blocks.11.conv2,0.05992896109819412
17,blocks.12.conv1,0.06772072613239288
17,blocks.12.conv2,0.06425422430038452
17,blocks.13.conv1,0.06211471185088158
17,blocks.13.conv2,0.061508629471063614
17,blocks.14.conv1,0.06193334609270096
17,blocks.14.conv2,0.06076325103640556
17,blocks.15.conv1,0.06423771381378174
17,blocks.15.conv2,0.06393514573574066
17,blocks.16.conv1,0.060164909809827805
17,blocks.16.conv2,0.06237193942070007
17,blocks.17.conv1,0.0550508089363575
17,blocks.17.conv2,0.05458243191242218
17,blocks.18.conv1,0.057759661227464676
17,blocks.18.conv2,0.05963021144270897
17,blocks.19.conv1,0.0680324137210846
17,blocks.19.conv2,0.06336108595132828
17,blocks.20.conv1,0.06743928045034409
17,blocks.20.conv2,0.0684017539024353
17,blocks.21.conv1,0.07457821816205978
17,blocks.21.conv2,0.07401018589735031
17,blocks.22.conv1,0.08964355289936066
17,blocks.22.conv2,0.09152121096849442
17,blocks.23.conv1,0.0950031727552414
17,blocks.23.conv2,0.09450226277112961
17,blocks.24.conv1,0.08414753526449203
17,blocks.24.conv2,0.08496519923210144
17,blocks.25.conv1,0.09809094667434692
17,blocks.25.conv2,0.09969894587993622
17,blocks.26.conv1,0.1038312017917633
17,blocks.26.conv2,0.10767706483602524
17,blocks.27.conv1,0.09624534100294113
17,blocks.27.conv2,0.09791428595781326
17,blocks.28.conv1,0.09632503241300583
17,blocks.28.conv2,0.10278774052858353
17,blocks.29.conv1,0.1039695218205452
17,blocks.29.conv2,0.10946640372276306
17,blocks.30.conv1,0.12259770184755325
17,blocks.30.conv2,0.12123969942331314
17,blocks.31.conv1,0.10448279231786728
17,blocks.31.conv2,0.09964270144701004
17,blocks.32.conv1,0.11072446405887604
17,blocks.32.conv2,0.10924282670021057
17,blocks.33.conv1,0.1046767458319664
17,blocks.33.conv2,0.09760569036006927
17,blocks.34.conv1,0.1252385675907135
17,blocks.34.conv2,0.12537728250026703
17,blocks.35.conv1,0.1091742068529129
17,blocks.35.conv2,0.11194217950105667
17,blocks.36.conv1,0.13362546265125275
17,blocks.36.conv2,0.12106634676456451
17,blocks.37.conv1,0.13528797030448914
17,blocks.37.conv2,0.12180425971746445
17,blocks.38.conv1,0.12511681020259857
17,blocks.38.conv2,0.10670781135559082
17,blocks.39.conv1,0.1187179833650589
17,blocks.39.conv2,0.11121606826782227
17,blocks.40.conv1,0.11370536684989929
17,blocks.40.conv2,0.10679630190134048
17,blocks.41.conv1,0.12313561141490936
17,blocks.41.conv2,0.11493763327598572
17,blocks.42.conv1,0.12462961673736572
17,blocks.42.conv2,0.10728881508111954
17,blocks.43.conv1,0.09841674566268921
17,blocks.43.conv2,0.09607992321252823
17,blocks.44.conv1,0.12086524814367294
17,blocks.44.conv2,0.11381642520427704
17,blocks.45.conv1,0.09529974311590195
17,blocks.45.conv2,0.09750459343194962
17,blocks.46.conv1,0.09525925666093826
17,blocks.46.conv2,0.09656242281198502
17,blocks.47.conv1,0.10139134526252747
17,blocks.47.conv2,0.08415503799915314
17,blocks.48.conv1,0.09398423135280609
17,blocks.48.conv2,0.08292090892791748
17,blocks.49.conv1,0.09945984184741974
17,blocks.49.conv2,0.0851030945777893
17,mean_conv2d_grad_norm,0.09383457021252943
18,stem.0,0.1878293752670288
18,blocks.0.conv1,0.1674354374408722
18,blocks.0.conv2,0.1704626977443695
18,blocks.1.conv1,0.15502677857875824
18,blocks.1.conv2,0.15900132060050964
18,blocks.2.conv1,0.1374405473470688
18,blocks.2.conv2,0.15052901208400726
18,blocks.3.conv1,0.11801308393478394
18,blocks.3.conv2,0.11103329807519913
18,blocks.4.conv1,0.11417388170957565
18,blocks.4.conv2,0.11330994963645935
18,blocks.5.conv1,0.10411611944437027
18,blocks.5.conv2,0.09961366653442383
18,blocks.6.conv1,0.07899979501962662
18,blocks.6.conv2,0.07757609337568283
18,blocks.7.conv1,0.0917399600148201
18,blocks.7.conv2,0.08965277671813965
18,blocks.8.conv1,0.06775876879692078
18,blocks.8.conv2,0.07073315978050232
18,blocks.9.conv1,0.06987505406141281
18,blocks.9.conv2,0.06822100281715393
18,blocks.10.conv1,0.0641850158572197
18,blocks.10.conv2,0.06540093570947647
18,blocks.11.conv1,0.060358088463544846
18,blocks.11.conv2,0.061677370220422745
18,blocks.12.conv1,0.06710159033536911
18,blocks.12.conv2,0.06535221636295319
18,blocks.13.conv1,0.06671149283647537
18,blocks.13.conv2,0.06446388363838196
18,blocks.14.conv1,0.06558914482593536
18,blocks.14.conv2,0.06624260544776917
18,blocks.15.conv1,0.06955660134553909
18,blocks.15.conv2,0.07143961638212204
18,blocks.16.conv1,0.0663963034749031
18,blocks.16.conv2,0.06389009952545166
18,blocks.17.conv1,0.06103453412652016
18,blocks.17.conv2,0.060888342559337616
18,blocks.18.conv1,0.06191199645400047
18,blocks.18.conv2,0.05898600444197655
18,blocks.19.conv1,0.08403007686138153
18,blocks.19.conv2,0.07879415154457092
18,blocks.20.conv1,0.0766110047698021
18,blocks.20.conv2,0.07564278692007065
18,blocks.21.conv1,0.0824369341135025
18,blocks.21.conv2,0.08144620805978775
18,blocks.22.conv1,0.1013425961136818
18,blocks.22.conv2,0.09719880670309067
18,blocks.23.conv1,0.10603667795658112
18,blocks.23.conv2,0.10341435670852661
18,blocks.24.conv1,0.09619920700788498
18,blocks.24.conv2,0.08839298784732819
18,blocks.25.conv1,0.11250852048397064
18,blocks.25.conv2,0.10429171472787857
18,blocks.26.conv1,0.11656102538108826
18,blocks.26.conv2,0.10815102607011795
18,blocks.27.conv1,0.1020013689994812
18,blocks.27.conv2,0.09757357835769653
18,blocks.28.conv1,0.1019686758518219
18,blocks.28.conv2,0.09703706204891205
18,blocks.29.conv1,0.11548440903425217
18,blocks.29.conv2,0.11045979708433151
18,blocks.30.conv1,0.1452132761478424
18,blocks.30.conv2,0.1283055990934372
18,blocks.31.conv1,0.10901884734630585
18,blocks.31.conv2,0.10292141139507294
18,blocks.32.conv1,0.10877776890993118
18,blocks.32.conv2,0.10062511265277863
18,blocks.33.conv1,0.10310250520706177
18,blocks.33.conv2,0.09769544750452042
18,blocks.34.conv1,0.14032906293869019
18,blocks.34.conv2,0.13231976330280304
18,blocks.35.conv1,0.11320731043815613
18,blocks.35.conv2,0.11170674860477448
18,blocks.36.conv1,0.14501215517520905
18,blocks.36.conv2,0.12542077898979187
18,blocks.37.conv1,0.1452520191669464
18,blocks.37.conv2,0.13016261160373688
18,blocks.38.conv1,0.13768017292022705
18,blocks.38.conv2,0.12184610962867737
18,blocks.39.conv1,0.13519510626792908
18,blocks.39.conv2,0.11923299729824066
18,blocks.40.conv1,0.11629002541303635
18,blocks.40.conv2,0.10696597397327423
18,blocks.41.conv1,0.13915030658245087
18,blocks.41.conv2,0.1158011257648468
18,blocks.42.conv1,0.12314832210540771
18,blocks.42.conv2,0.11216133832931519
18,blocks.43.conv1,0.10349176079034805
18,blocks.43.conv2,0.1109369769692421
18,blocks.44.conv1,0.12396989017724991
18,blocks.44.conv2,0.11411990970373154
18,blocks.45.conv1,0.10362522304058075
18,blocks.45.conv2,0.09879330545663834
18,blocks.46.conv1,0.09705378860235214
18,blocks.46.conv2,0.09341192245483398
18,blocks.47.conv1,0.111384317278862
18,blocks.47.conv2,0.10653723776340485
18,blocks.48.conv1,0.12188882380723953
18,blocks.48.conv2,0.0982397273182869
18,blocks.49.conv1,0.11482279002666473
18,blocks.49.conv2,0.0977533608675003
18,mean_conv2d_grad_norm,0.10261268836289349
19,stem.0,0.14417394995689392
19,blocks.0.conv1,0.14819155633449554
19,blocks.0.conv2,0.14802256226539612
19,blocks.1.conv1,0.13010236620903015
19,blocks.1.conv2,0.13302697241306305
19,blocks.2.conv1,0.11213281750679016
19,blocks.2.conv2,0.11840254813432693
19,blocks.3.conv1,0.09790076315402985
19,blocks.3.conv2,0.10172507911920547
19,blocks.4.conv1,0.09023291617631912
19,blocks.4.conv2,0.09070451557636261
19,blocks.5.conv1,0.08221197128295898
19,blocks.5.conv2,0.08233850449323654
19,blocks.6.conv1,0.06144705414772034
19,blocks.6.conv2,0.06168919801712036
19,blocks.7.conv1,0.07541896402835846
19,blocks.7.conv2,0.0750107392668724
19,blocks.8.conv1,0.05876246094703674
19,blocks.8.conv2,0.06208992749452591
19,blocks.9.conv1,0.05436578392982483
19,blocks.9.conv2,0.05592938885092735
19,blocks.10.conv1,0.06412222981452942
19,blocks.10.conv2,0.06256872415542603
19,blocks.11.conv1,0.054825156927108765
19,blocks.11.conv2,0.05161071941256523
19,blocks.12.conv1,0.06397969275712967
19,blocks.12.conv2,0.06353911757469177
19,blocks.13.conv1,0.05963914468884468
19,blocks.13.conv2,0.05859072133898735
19,blocks.14.conv1,0.056243475526571274
19,blocks.14.conv2,0.055626366287469864
19,blocks.15.conv1,0.06419328600168228
19,blocks.15.conv2,0.063624307513237
19,blocks.16.conv1,0.059694092720746994
19,blocks.16.conv2,0.05737067386507988
19,blocks.17.conv1,0.05500483885407448
19,blocks.17.conv2,0.0534345842897892
19,blocks.18.conv1,0.05596940591931343
19,blocks.18.conv2,0.05687808245420456
19,blocks.19.conv1,0.06525017321109772
19,blocks.19.conv2,0.05902247503399849
19,blocks.20.conv1,0.06433367729187012
19,blocks.20.conv2,0.059673648327589035
19,blocks.21.conv1,0.07151542603969574
19,blocks.21.conv2,0.06947316974401474
19,blocks.22.conv1,0.08501733094453812
19,blocks.22.conv2,0.08381213992834091
19,blocks.23.conv1,0.08687680214643478
19,blocks.23.conv2,0.08174128830432892
19,blocks.24.conv1,0.07835002988576889
19,blocks.24.conv2,0.07482937723398209
19,blocks.25.conv1,0.09167605638504028
19,blocks.25.conv2,0.081839419901371
19,blocks.26.conv1,0.09391763061285019
19,blocks.26.conv2,0.08559489995241165
19,blocks.27.conv1,0.08340481668710709
19,blocks.27.conv2,0.07923741638660431
19,blocks.28.conv1,0.092729851603508
19,blocks.28.conv2,0.08874163031578064
19,blocks.29.conv1,0.09051981568336487
19,blocks.29.conv2,0.09295134991407394
19,blocks.30.conv1,0.11009416729211807
19,blocks.30.conv2,0.10076113045215607
19,blocks.31.conv1,0.08791083097457886
19,blocks.31.conv2,0.08397254347801208
19,blocks.32.conv1,0.08635213226079941
19,blocks.32.conv2,0.08190599083900452
19,blocks.33.conv1,0.08449403196573257
19,blocks.33.conv2,0.08065960556268692
19,blocks.34.conv1,0.10652147978544235
19,blocks.34.conv2,0.10308454185724258
19,blocks.35.conv1,0.0848575234413147
19,blocks.35.conv2,0.08423417061567307
19,blocks.36.conv1,0.10483253002166748
19,blocks.36.conv2,0.09444497525691986
19,blocks.37.conv1,0.11570268124341965
19,blocks.37.conv2,0.10877471417188644
19,blocks.38.conv1,0.10067592561244965
19,blocks.38.conv2,0.09287513792514801
19,blocks.39.conv1,0.11049780249595642
19,blocks.39.conv2,0.09921020269393921
19,blocks.40.conv1,0.093229278922081
19,blocks.40.conv2,0.08168338239192963
19,blocks.41.conv1,0.10999193042516708
19,blocks.41.conv2,0.10606666654348373
19,blocks.42.conv1,0.10035358369350433
19,blocks.42.conv2,0.09251555800437927
19,blocks.43.conv1,0.08317124843597412
19,blocks.43.conv2,0.07922922074794769
19,blocks.44.conv1,0.09918329119682312
19,blocks.44.conv2,0.09062691032886505
19,blocks.45.conv1,0.08896933495998383
19,blocks.45.conv2,0.08130958676338196
19,blocks.46.conv1,0.0939401313662529
19,blocks.46.conv2,0.08289913088083267
19,blocks.47.conv1,0.0918366089463234
19,blocks.47.conv2,0.08414620161056519
19,blocks.48.conv1,0.09999314695596695
19,blocks.48.conv2,0.08375688642263412
19,blocks.49.conv1,0.09153531491756439
19,blocks.49.conv2,0.08122888952493668
19,mean_conv2d_grad_norm,0.08454288619727192
20,stem.0,0.2000337690114975
20,blocks.0.conv1,0.16405652463436127
20,blocks.0.conv2,0.16348671913146973
20,blocks.1.conv1,0.1419612020254135
20,blocks.1.conv2,0.13873575627803802
20,blocks.2.conv1,0.12990295886993408
20,blocks.2.conv2,0.13422098755836487
20,blocks.3.conv1,0.1072605773806572
20,blocks.3.conv2,0.11189490556716919
20,blocks.4.conv1,0.10900777578353882
20,blocks.4.conv2,0.10742753744125366
20,blocks.5.conv1,0.08755578845739365
20,blocks.5.conv2,0.0934111475944519
20,blocks.6.conv1,0.07135668396949768
20,blocks.6.conv2,0.0743982270359993
20,blocks.7.conv1,0.07507716119289398
20,blocks.7.conv2,0.07602029293775558
20,blocks.8.conv1,0.06803888827562332
20,blocks.8.conv2,0.06583906710147858
20,blocks.9.conv1,0.06295675784349442
20,blocks.9.conv2,0.06644230335950851
20,blocks.10.conv1,0.06080983206629753
20,blocks.10.conv2,0.060761693865060806
20,blocks.11.conv1,0.06393106281757355
20,blocks.11.conv2,0.06585361063480377
20,blocks.12.conv1,0.0710449144244194
20,blocks.12.conv2,0.06595174223184586
20,blocks.13.conv1,0.07293881475925446
20,blocks.13.conv2,0.07113737612962723
20,blocks.14.conv1,0.06626736372709274
20,blocks.14.conv2,0.06679221987724304
20,blocks.15.conv1,0.06748176366090775
20,blocks.15.conv2,0.06673423945903778
20,blocks.16.conv1,0.06662584841251373
20,blocks.16.conv2,0.06446386128664017
20,blocks.17.conv1,0.06026419997215271
20,blocks.17.conv2,0.060132380574941635
20,blocks.18.conv1,0.061626169830560684
20,blocks.18.conv2,0.0647544413805008
20,blocks.19.conv1,0.06610330939292908
20,blocks.19.conv2,0.06702443957328796
20,blocks.20.conv1,0.06789042055606842
20,blocks.20.conv2,0.0697980672121048
20,blocks.21.conv1,0.07715525478124619
20,blocks.21.conv2,0.07893956452608109
20,blocks.22.conv1,0.09066193550825119
20,blocks.22.conv2,0.09034819900989532
20,blocks.23.conv1,0.09228119999170303
20,blocks.23.conv2,0.093649722635746
20,blocks.24.conv1,0.0898769274353981
20,blocks.24.conv2,0.08753063529729843
20,blocks.25.conv1,0.10041715204715729
20,blocks.25.conv2,0.0989338830113411
20,blocks.26.conv1,0.09966341406106949
20,blocks.26.conv2,0.09054619073867798
20,blocks.27.conv1,0.09522254765033722
20,blocks.27.conv2,0.08945517241954803
20,blocks.28.conv1,0.09073735773563385
20,blocks.28.conv2,0.09023338556289673
20,blocks.29.conv1,0.10362382978200912
20,blocks.29.conv2,0.10367561131715775
20,blocks.30.conv1,0.11432049423456192
20,blocks.30.conv2,0.10560671985149384
20,blocks.31.conv1,0.09447021037340164
20,blocks.31.conv2,0.0898294448852539
20,blocks.32.conv1,0.09433837234973907
20,blocks.32.conv2,0.08314517885446548
20,blocks.33.conv1,0.09075544774532318
20,blocks.33.conv2,0.07573366910219193
20,blocks.34.conv1,0.10794012248516083
20,blocks.34.conv2,0.09868084639310837
20,blocks.35.conv1,0.09058134257793427
20,blocks.35.conv2,0.08665915578603745
20,blocks.36.conv1,0.11270660161972046
20,blocks.36.conv2,0.09777925163507462
20,blocks.37.conv1,0.12509135901927948
20,blocks.37.conv2,0.1113836020231247
20,blocks.38.conv1,0.09986909478902817
20,blocks.38.conv2,0.08903258293867111
20,blocks.39.conv1,0.09895400702953339
20,blocks.39.conv2,0.09382219612598419
20,blocks.40.conv1,0.10016264766454697
20,blocks.40.conv2,0.08520101755857468
20,blocks.41.conv1,0.10158360004425049
20,blocks.41.conv2,0.09701810777187347
20,blocks.42.conv1,0.0975872054696083
20,blocks.42.conv2,0.08832816034555435
20,blocks.43.conv1,0.08623147010803223
20,blocks.43.conv2,0.07654412090778351
20,blocks.44.conv1,0.09149809181690216
20,blocks.44.conv2,0.08988019078969955
20,blocks.45.conv1,0.08999871462583542
20,blocks.45.conv2,0.08383644372224808
20,blocks.46.conv1,0.0913415402173996
20,blocks.46.conv2,0.08283612132072449
20,blocks.47.conv1,0.08803301304578781
20,blocks.47.conv2,0.08446338027715683
20,blocks.48.conv1,0.10403012484312057
20,blocks.48.conv2,0.0834585428237915
20,blocks.49.conv1,0.09834779798984528
20,blocks.49.conv2,0.08339590579271317
20,mean_conv2d_grad_norm,0.0903455513243628
21,stem.0,0.1588357836008072
21,blocks.0.conv1,0.16095614433288574
21,blocks.0.conv2,0.17301377654075623
21,blocks.1.conv1,0.15265819430351257
21,blocks.1.conv2,0.15495546162128448
21,blocks.2.conv1,0.13844707608222961
21,blocks.2.conv2,0.13457006216049194
21,blocks.3.conv1,0.10104700177907944
21,blocks.3.conv2,0.10685338824987411
21,blocks.4.conv1,0.09901393204927444
21,blocks.4.conv2,0.09454237669706345
21,blocks.5.conv1,0.07884560525417328
21,blocks.5.conv2,0.08272791653871536
21,blocks.6.conv1,0.06416109204292297
21,blocks.6.conv2,0.06381143629550934
21,blocks.7.conv1,0.0750536322593689
21,blocks.7.conv2,0.0756506696343422
21,blocks.8.conv1,0.06972754001617432
21,blocks.8.conv2,0.06852545589208603
21,blocks.9.conv1,0.06860258430242538
21,blocks.9.conv2,0.06664706021547318
21,blocks.10.conv1,0.0710454061627388
21,blocks.10.conv2,0.06964512914419174
21,blocks.11.conv1,0.06552359461784363
21,blocks.11.conv2,0.06534579396247864
21,blocks.12.conv1,0.0699017271399498
21,blocks.12.conv2,0.06871160864830017
21,blocks.13.conv1,0.06655517220497131
21,blocks.13.conv2,0.0655943974852562
21,blocks.14.conv1,0.07208354026079178
21,blocks.14.conv2,0.07109220325946808
21,blocks.15.conv1,0.06647265702486038
21,blocks.15.conv2,0.06872749328613281
21,blocks.16.conv1,0.07050330191850662
21,blocks.16.conv2,0.06743277609348297
21,blocks.17.conv1,0.055273521691560745
21,blocks.17.conv2,0.053589802235364914
21,blocks.18.conv1,0.062307778745889664
21,blocks.18.conv2,0.06218985095620155
21,blocks.19.conv1,0.06874552369117737
21,blocks.19.conv2,0.06847372651100159
21,blocks.20.conv1,0.07284156233072281
21,blocks.20.conv2,0.06521804630756378
21,blocks.21.conv1,0.07362737506628036
21,blocks.21.conv2,0.0754292830824852
21,blocks.22.conv1,0.09207884222269058
21,blocks.22.conv2,0.08590266853570938
21,blocks.23.conv1,0.10531417280435562
21,blocks.23.conv2,0.09865856170654297
21,blocks.24.conv1,0.09388422220945358
21,blocks.24.conv2,0.08677283674478531
21,blocks.25.conv1,0.09816394746303558
21,blocks.25.conv2,0.09273627400398254
21,blocks.26.conv1,0.10062406212091446
21,blocks.26.conv2,0.09129674732685089
21,blocks.27.conv1,0.09071852266788483
21,blocks.27.conv2,0.08501240611076355
21,blocks.28.conv1,0.09211491048336029
21,blocks.28.conv2,0.08775393664836884
21,blocks.29.conv1,0.1076023206114769
21,blocks.29.conv2,0.10223311185836792
21,blocks.30.conv1,0.12077566981315613
21,blocks.30.conv2,0.11420036852359772
21,blocks.31.conv1,0.09773879498243332
21,blocks.31.conv2,0.0919286459684372
21,blocks.32.conv1,0.0955585166811943
21,blocks.32.conv2,0.0895853117108345
21,blocks.33.conv1,0.09126938879489899
21,blocks.33.conv2,0.08453929424285889
21,blocks.34.conv1,0.12386864423751831
21,blocks.34.conv2,0.11455180495977402
21,blocks.35.conv1,0.10219031572341919
21,blocks.35.conv2,0.09337899088859558
21,blocks.36.conv1,0.1196611225605011
21,blocks.36.conv2,0.11105819791555405
21,blocks.37.conv1,0.12491901963949203
21,blocks.37.conv2,0.11511921137571335
21,blocks.38.conv1,0.11708905547857285
21,blocks.38.conv2,0.10426454246044159
21,blocks.39.conv1,0.11320772022008896
21,blocks.39.conv2,0.10563777387142181
21,blocks.40.conv1,0.12982679903507233
21,blocks.40.conv2,0.11487478762865067
21,blocks.41.conv1,0.12482822686433792
21,blocks.41.conv2,0.11265216022729874
21,blocks.42.conv1,0.1089218482375145
21,blocks.42.conv2,0.09562955796718597
21,blocks.43.conv1,0.0945645272731781
21,blocks.43.conv2,0.09038863331079483
21,blocks.44.conv1,0.11616186797618866
21,blocks.44.conv2,0.09737355262041092
21,blocks.45.conv1,0.09839332103729248
21,blocks.45.conv2,0.0833052545785904
21,blocks.46.conv1,0.09919928759336472
21,blocks.46.conv2,0.09182799607515335
21,blocks.47.conv1,0.09229312837123871
21,blocks.47.conv2,0.08307046443223953
21,blocks.48.conv1,0.10828568786382675
21,blocks.48.conv2,0.09339391440153122
21,blocks.49.conv1,0.10778886079788208
21,blocks.49.conv2,0.08232849091291428
21,mean_conv2d_grad_norm,0.0937771857670038
22,stem.0,0.24296000599861145
22,blocks.0.conv1,0.21445393562316895
22,blocks.0.conv2,0.2145611196756363
22,blocks.1.conv1,0.1880093514919281
22,blocks.1.conv2,0.19237206876277924
22,blocks.2.conv1,0.16697841882705688
22,blocks.2.conv2,0.17232128977775574
22,blocks.3.conv1,0.14056354761123657
22,blocks.3.conv2,0.14804606139659882
22,blocks.4.conv1,0.12817853689193726
22,blocks.4.conv2,0.12971627712249756
22,blocks.5.conv1,0.11514551192522049
22,blocks.5.conv2,0.11121027916669846
22,blocks.6.conv1,0.0871916338801384
22,blocks.6.conv2,0.08672045171260834
22,blocks.7.conv1,0.10790246725082397
22,blocks.7.conv2,0.11052250862121582
22,blocks.8.conv1,0.0928705707192421
22,blocks.8.conv2,0.09276984632015228
22,blocks.9.conv1,0.0865936130285263
22,blocks.9.conv2,0.08916211873292923
22,blocks.10.conv1,0.09133065491914749
22,blocks.10.conv2,0.09041164070367813
22,blocks.11.conv1,0.07950214296579361
22,blocks.11.conv2,0.08177028596401215
22,blocks.12.conv1,0.09664052724838257
22,blocks.12.conv2,0.09875655919313431
22,blocks.13.conv1,0.09526626020669937
22,blocks.13.conv2,0.0952586755156517
22,blocks.14.conv1,0.09935508668422699
22,blocks.14.conv2,0.09395118057727814
22,blocks.15.conv1,0.1050766184926033
22,blocks.15.conv2,0.10701645910739899
22,blocks.16.conv1,0.10425975918769836
22,blocks.16.conv2,0.10273275524377823
22,blocks.17.conv1,0.09284846484661102
22,blocks.17.conv2,0.08886338770389557
22,blocks.18.conv1,0.10083979368209839
22,blocks.18.conv2,0.0997595340013504
22,blocks.19.conv1,0.10787010192871094
22,blocks.19.conv2,0.10744647681713104
22,blocks.20.conv1,0.11218345910310745
22,blocks.20.conv2,0.10930303484201431
22,blocks.21.conv1,0.1190110519528389
22,blocks.21.conv2,0.11566289514303207
22,blocks.22.conv1,0.1401224136352539
22,blocks.22.conv2,0.14454957842826843
22,blocks.23.conv1,0.1391967535018921
22,blocks.23.conv2,0.12777581810951233
22,blocks.24.conv1,0.13236476480960846
22,blocks.24.conv2,0.12218999117612839
22,blocks.25.conv1,0.1493721902370453
22,blocks.25.conv2,0.13890333473682404
22,blocks.26.conv1,0.15256081521511078
22,blocks.26.conv2,0.1401619166135788
22,blocks.27.conv1,0.12802784144878387
22,blocks.27.conv2,0.12550991773605347
22,blocks.28.conv1,0.15313103795051575
22,blocks.28.conv2,0.14415329694747925
22,blocks.29.conv1,0.15762339532375336
22,blocks.29.conv2,0.15190903842449188
22,blocks.30.conv1,0.16180409491062164
22,blocks.30.conv2,0.1520472913980484
22,blocks.31.conv1,0.1542891561985016
22,blocks.31.conv2,0.14018669724464417
22,blocks.32.conv1,0.14585712552070618
22,blocks.32.conv2,0.14293839037418365
22,blocks.33.conv1,0.13836079835891724
22,blocks.33.conv2,0.12732265889644623
22,blocks.34.conv1,0.1729007363319397
22,blocks.34.conv2,0.15966176986694336
22,blocks.35.conv1,0.1394735872745514
22,blocks.35.conv2,0.12959112226963043
22,blocks.36.conv1,0.18224073946475983
22,blocks.36.conv2,0.1571512520313263
22,blocks.37.conv1,0.18312041461467743
22,blocks.37.conv2,0.17436504364013672
22,blocks.38.conv1,0.17489607632160187
22,blocks.38.conv2,0.15493787825107574
22,blocks.39.conv1,0.16450123488903046
22,blocks.39.conv2,0.15329356491565704
22,blocks.40.conv1,0.1613411158323288
22,blocks.40.conv2,0.1421067863702774
22,blocks.41.conv1,0.17790016531944275
22,blocks.41.conv2,0.16722355782985687
22,blocks.42.conv1,0.1593749076128006
22,blocks.42.conv2,0.14839203655719757
22,blocks.43.conv1,0.15836617350578308
22,blocks.43.conv2,0.1623600274324417
22,blocks.44.conv1,0.16405758261680603
22,blocks.44.conv2,0.15938244760036469
22,blocks.45.conv1,0.14853350818157196
22,blocks.45.conv2,0.1545918881893158
22,blocks.46.conv1,0.14830882847309113
22,blocks.46.conv2,0.14439480006694794
22,blocks.47.conv1,0.14856791496276855
22,blocks.47.conv2,0.16061952710151672
22,blocks.48.conv1,0.18134988844394684
22,blocks.48.conv2,0.17330743372440338
22,blocks.49.conv1,0.19381952285766602
22,blocks.49.conv2,0.1930188685655594
22,mean_conv2d_grad_norm,0.13779084295919625
23,stem.0,0.09972239285707474
23,blocks.0.conv1,0.11924603581428528
23,blocks.0.conv2,0.13056421279907227
23,blocks.1.conv1,0.11507842689752579
23,blocks.1.conv2,0.12141808867454529
23,blocks.2.conv1,0.10783287137746811
23,blocks.2.conv2,0.11003082990646362
23,blocks.3.conv1,0.08599793910980225
23,blocks.3.conv2,0.08845766633749008
23,blocks.4.conv1,0.07986035943031311
23,blocks.4.conv2,0.07946526259183884
23,blocks.5.conv1,0.06790228933095932
23,blocks.5.conv2,0.06675688177347183
23,blocks.6.conv1,0.053357407450675964
23,blocks.6.conv2,0.054418593645095825
23,blocks.7.conv1,0.06561504304409027
23,blocks.7.conv2,0.06784942001104355
23,blocks.8.conv1,0.05936797708272934
23,blocks.8.conv2,0.058215752243995667
23,blocks.9.conv1,0.0531342513859272
23,blocks.9.conv2,0.0528198778629303
23,blocks.10.conv1,0.052204906940460205
23,blocks.10.conv2,0.05246511101722717
23,blocks.11.conv1,0.0524410717189312
23,blocks.11.conv2,0.05045296251773834
23,blocks.12.conv1,0.0570523738861084
23,blocks.12.conv2,0.056851714849472046
23,blocks.13.conv1,0.05996086448431015
23,blocks.13.conv2,0.05960295349359512
23,blocks.14.conv1,0.054140616208314896
23,blocks.14.conv2,0.05359455943107605
23,blocks.15.conv1,0.05797947943210602
23,blocks.15.conv2,0.059159670025110245
23,blocks.16.conv1,0.0627061203122139
23,blocks.16.conv2,0.06107420474290848
23,blocks.17.conv1,0.0534723699092865
23,blocks.17.conv2,0.05211633816361427
23,blocks.18.conv1,0.052854884415864944
23,blocks.18.conv2,0.054663702845573425
23,blocks.19.conv1,0.05906916782259941
23,blocks.19.conv2,0.056404415518045425
23,blocks.20.conv1,0.054453011602163315
23,blocks.20.conv2,0.053455207496881485
23,blocks.21.conv1,0.06828860193490982
23,blocks.21.conv2,0.06911328434944153
23,blocks.22.conv1,0.07916440814733505
23,blocks.22.conv2,0.0745973065495491
23,blocks.23.conv1,0.0840812548995018
23,blocks.23.conv2,0.07917221635580063
23,blocks.24.conv1,0.07083631306886673
23,blocks.24.conv2,0.06885654479265213
23,blocks.25.conv1,0.08744504302740097
23,blocks.25.conv2,0.0829252079129219
23,blocks.26.conv1,0.08455919474363327
23,blocks.26.conv2,0.07746560126543045
23,blocks.27.conv1,0.07613331079483032
23,blocks.27.conv2,0.07379154860973358
23,blocks.28.conv1,0.08419311046600342
23,blocks.28.conv2,0.08142901957035065
23,blocks.29.conv1,0.08845457434654236
23,blocks.29.conv2,0.08666031062602997
23,blocks.30.conv1,0.10074257105588913
23,blocks.30.conv2,0.09545838832855225
23,blocks.31.conv1,0.08829307556152344
23,blocks.31.conv2,0.08085092902183533
23,blocks.32.conv1,0.09086596220731735
23,blocks.32.conv2,0.08425433933734894
23,blocks.33.conv1,0.08261220902204514
23,blocks.33.conv2,0.07975558936595917
23,blocks.34.conv1,0.10258041322231293
23,blocks.34.conv2,0.09714891016483307
23,blocks.35.conv1,0.09175291657447815
23,blocks.35.conv2,0.08637262135744095
23,blocks.36.conv1,0.11306855082511902
23,blocks.36.conv2,0.09446551650762558
23,blocks.37.conv1,0.10906502604484558
23,blocks.37.conv2,0.09569606930017471
23,blocks.38.conv1,0.10043204575777054
23,blocks.38.conv2,0.09218376874923706
23,blocks.39.conv1,0.09824562817811966
23,blocks.39.conv2,0.09265143424272537
23,blocks.40.conv1,0.09230145066976547
23,blocks.40.conv2,0.08576121181249619
23,blocks.41.conv1,0.11035551130771637
23,blocks.41.conv2,0.09738858789205551
23,blocks.42.conv1,0.09608691185712814
23,blocks.42.conv2,0.08668636530637741
23,blocks.43.conv1,0.08673564344644547
23,blocks.43.conv2,0.08812223374843597
23,blocks.44.conv1,0.09835760295391083
23,blocks.44.conv2,0.08947890251874924
23,blocks.45.conv1,0.0857781395316124
23,blocks.45.conv2,0.08644786477088928
23,blocks.46.conv1,0.08901052922010422
23,blocks.46.conv2,0.08223092555999756
23,blocks.47.conv1,0.09395680576562881
23,blocks.47.conv2,0.08188659697771072
23,blocks.48.conv1,0.08880667388439178
23,blocks.48.conv2,0.07976968586444855
23,blocks.49.conv1,0.09510496258735657
23,blocks.49.conv2,0.08936087787151337
23,mean_conv2d_grad_norm,0.0798076988741903
24,stem.0,0.19035345315933228
24,blocks.0.conv1,0.2049802988767624
24,blocks.0.conv2,0.21467487514019012
24,blocks.1.conv1,0.1783631145954132
24,blocks.1.conv2,0.1860412210226059
24,blocks.2.conv1,0.16745240986347198
24,blocks.2.conv2,0.16451622545719147
24,blocks.3.conv1,0.13889065384864807
24,blocks.3.conv2,0.13977593183517456
24,blocks.4.conv1,0.12309471517801285
24,blocks.4.conv2,0.1232689917087555
24,blocks.5.conv1,0.0994672030210495
24,blocks.5.conv2,0.09928582608699799
24,blocks.6.conv1,0.07519315928220749
24,blocks.6.conv2,0.077745221555233
24,blocks.7.conv1,0.10360001027584076
24,blocks.7.conv2,0.10233791172504425
24,blocks.8.conv1,0.08598551899194717
24,blocks.8.conv2,0.08114031702280045
24,blocks.9.conv1,0.07938098162412643
24,blocks.9.conv2,0.07990364730358124
24,blocks.10.conv1,0.08128336817026138
24,blocks.10.conv2,0.07914932817220688
24,blocks.11.conv1,0.07722455263137817
24,blocks.11.conv2,0.07683524489402771
24,blocks.12.conv1,0.08786323666572571
24,blocks.12.conv2,0.0859215185046196
24,blocks.13.conv1,0.08670125901699066
24,blocks.13.conv2,0.08387573063373566
24,blocks.14.conv1,0.08570237457752228
24,blocks.14.conv2,0.08208370208740234
24,blocks.15.conv1,0.09218794107437134
24,blocks.15.conv2,0.09343822300434113
24,blocks.16.conv1,0.09730830043554306
24,blocks.16.conv2,0.09037856757640839
24,blocks.17.conv1,0.07903318107128143
24,blocks.17.conv2,0.07214769721031189
24,blocks.18.conv1,0.0871288850903511
24,blocks.18.conv2,0.08151105046272278
24,blocks.19.conv1,0.10533813387155533
24,blocks.19.conv2,0.09621688723564148
24,blocks.20.conv1,0.09615235775709152
24,blocks.20.conv2,0.09364723414182663
24,blocks.21.conv1,0.10147309303283691
24,blocks.21.conv2,0.09953305870294571
24,blocks.22.conv1,0.12723492085933685
24,blocks.22.conv2,0.1192801222205162
24,blocks.23.conv1,0.13412368297576904
24,blocks.23.conv2,0.1281718909740448
24,blocks.24.conv1,0.13350889086723328
24,blocks.24.conv2,0.1254577934741974
24,blocks.25.conv1,0.1429126262664795
24,blocks.25.conv2,0.13170480728149414
24,blocks.26.conv1,0.14745421707630157
24,blocks.26.conv2,0.1370793730020523
24,blocks.27.conv1,0.13303124904632568
24,blocks.27.conv2,0.1255403608083725
24,blocks.28.conv1,0.1436091661453247
24,blocks.28.conv2,0.13665521144866943
24,blocks.29.conv1,0.15362975001335144
24,blocks.29.conv2,0.1500106304883957
24,blocks.30.conv1,0.16676448285579681
24,blocks.30.conv2,0.15617811679840088
24,blocks.31.conv1,0.15021038055419922
24,blocks.31.conv2,0.1357957273721695
24,blocks.32.conv1,0.14795342087745667
24,blocks.32.conv2,0.1350412666797638
24,blocks.33.conv1,0.14835986495018005
24,blocks.33.conv2,0.13493646681308746
24,blocks.34.conv1,0.17573806643486023
24,blocks.34.conv2,0.15753404796123505
24,blocks.35.conv1,0.14200885593891144
24,blocks.35.conv2,0.13640736043453217
24,blocks.36.conv1,0.171984001994133
24,blocks.36.conv2,0.15216141939163208
24,blocks.37.conv1,0.16901424527168274
24,blocks.37.conv2,0.15238967537879944
24,blocks.38.conv1,0.15354283154010773
24,blocks.38.conv2,0.14912262558937073
24,blocks.39.conv1,0.15505577623844147
24,blocks.39.conv2,0.15003348886966705
24,blocks.40.conv1,0.15692004561424255
24,blocks.40.conv2,0.15003442764282227
24,blocks.41.conv1,0.1751326620578766
24,blocks.41.conv2,0.15542414784431458
24,blocks.42.conv1,0.15338271856307983
24,blocks.42.conv2,0.14068326354026794
24,blocks.43.conv1,0.1362791657447815
24,blocks.43.conv2,0.12618006765842438
24,blocks.44.conv1,0.14978884160518646
24,blocks.44.conv2,0.13074080646038055
24,blocks.45.conv1,0.12764038145542145
24,blocks.45.conv2,0.11840455234050751
24,blocks.46.conv1,0.12646718323230743
24,blocks.46.conv2,0.11749853193759918
24,blocks.47.conv1,0.13623741269111633
24,blocks.47.conv2,0.1162668988108635
24,blocks.48.conv1,0.14729341864585876
24,blocks.48.conv2,0.12660279870033264
24,blocks.49.conv1,0.14812330901622772
24,blocks.49.conv2,0.11773503571748734
24,mean_conv2d_grad_norm,0.1266738524531374
25,stem.0,0.1463828682899475
25,blocks.0.conv1,0.14689689874649048
25,blocks.0.conv2,0.15738917887210846
25,blocks.1.conv1,0.1330186426639557
25,blocks.1.conv2,0.1407415121793747
25,blocks.2.conv1,0.11614121496677399
25,blocks.2.conv2,0.12199965864419937
25,blocks.3.conv1,0.0958399847149849
25,blocks.3.conv2,0.09867014735937119
25,blocks.4.conv1,0.09064454585313797
25,blocks.4.conv2,0.09350575506687164
25,blocks.5.conv1,0.07511675357818604
25,blocks.5.conv2,0.07435515522956848
25,blocks.6.conv1,0.06060238182544708
25,blocks.6.conv2,0.06339940428733826
25,blocks.7.conv1,0.073313407599926
25,blocks.7.conv2,0.07482216507196426
25,blocks.8.conv1,0.05962729454040527
25,blocks.8.conv2,0.05866672471165657
25,blocks.9.conv1,0.06223919987678528
25,blocks.9.conv2,0.060155753046274185
25,blocks.10.conv1,0.06643880158662796
25,blocks.10.conv2,0.06419418752193451
25,blocks.11.conv1,0.06238410249352455
25,blocks.11.conv2,0.0590323880314827
25,blocks.12.conv1,0.07195629179477692
25,blocks.12.conv2,0.06978053599596024
25,blocks.13.conv1,0.07719045132398605
25,blocks.13.conv2,0.07502277195453644
25,blocks.14.conv1,0.06603185832500458
25,blocks.14.conv2,0.06361085176467896
25,blocks.15.conv1,0.06812971085309982
25,blocks.15.conv2,0.06877858191728592
25,blocks.16.conv1,0.0663621723651886
25,blocks.16.conv2,0.0641498863697052
25,blocks.17.conv1,0.0570925809442997
25,blocks.17.conv2,0.05692867934703827
25,blocks.18.conv1,0.059529609978199005
25,blocks.18.conv2,0.06130246818065643
25,blocks.19.conv1,0.0699751228094101
25,blocks.19.conv2,0.07015027850866318
25,blocks.20.conv1,0.0734483152627945
25,blocks.20.conv2,0.07045605778694153
25,blocks.21.conv1,0.07841736078262329
25,blocks.21.conv2,0.07669545710086823
25,blocks.22.conv1,0.10266387462615967
25,blocks.22.conv2,0.10282143205404282
25,blocks.23.conv1,0.10534799844026566
25,blocks.23.conv2,0.09544278681278229
25,blocks.24.conv1,0.0843193456530571
25,blocks.24.conv2,0.08307833224534988
25,blocks.25.conv1,0.09706611186265945
25,blocks.25.conv2,0.09660263359546661
25,blocks.26.conv1,0.09983751177787781
25,blocks.26.conv2,0.08912928402423859
25,blocks.27.conv1,0.08903387933969498
25,blocks.27.conv2,0.08740649372339249
25,blocks.28.conv1,0.09603150188922882
25,blocks.28.conv2,0.09812309592962265
25,blocks.29.conv1,0.10232226550579071
25,blocks.29.conv2,0.1003972589969635
25,blocks.30.conv1,0.11523767560720444
25,blocks.30.conv2,0.11575178056955338
25,blocks.31.conv1,0.10088519752025604
25,blocks.31.conv2,0.0965486466884613
25,blocks.32.conv1,0.09834708273410797
25,blocks.32.conv2,0.09209189563989639
25,blocks.33.conv1,0.10073751956224442
25,blocks.33.conv2,0.09366163611412048
25,blocks.34.conv1,0.12395309656858444
25,blocks.34.conv2,0.11563469469547272
25,blocks.35.conv1,0.09919564425945282
25,blocks.35.conv2,0.08708661049604416
25,blocks.36.conv1,0.12156905233860016
25,blocks.36.conv2,0.10976714640855789
25,blocks.37.conv1,0.12755396962165833
25,blocks.37.conv2,0.11098618805408478
25,blocks.38.conv1,0.11455858498811722
25,blocks.38.conv2,0.09659399837255478
25,blocks.39.conv1,0.11056891828775406
25,blocks.39.conv2,0.09512847661972046
25,blocks.40.conv1,0.10366459935903549
25,blocks.40.conv2,0.0945034921169281
25,blocks.41.conv1,0.12118380516767502
25,blocks.41.conv2,0.10398959368467331
25,blocks.42.conv1,0.09992434084415436
25,blocks.42.conv2,0.0838620513677597
25,blocks.43.conv1,0.09738947451114655
25,blocks.43.conv2,0.09051746875047684
25,blocks.44.conv1,0.10708220303058624
25,blocks.44.conv2,0.09363579005002975
25,blocks.45.conv1,0.10220334678888321
25,blocks.45.conv2,0.08697351068258286
25,blocks.46.conv1,0.08970341831445694
25,blocks.46.conv2,0.08090866357088089
25,blocks.47.conv1,0.09618692100048065
25,blocks.47.conv2,0.07898984849452972
25,blocks.48.conv1,0.09772776067256927
25,blocks.48.conv2,0.0808475986123085
25,blocks.49.conv1,0.09732525795698166
25,blocks.49.conv2,0.08721937239170074
25,mean_conv2d_grad_norm,0.09079116147638548
26,stem.0,0.13870804011821747
26,blocks.0.conv1,0.13605713844299316
26,blocks.0.conv2,0.1427815854549408
26,blocks.1.conv1,0.12200506776571274
26,blocks.1.conv2,0.1252216398715973
26,blocks.2.conv1,0.10622312128543854
26,blocks.2.conv2,0.10957840830087662
26,blocks.3.conv1,0.09020724147558212
26,blocks.3.conv2,0.09293457120656967
26,blocks.4.conv1,0.0824192464351654
26,blocks.4.conv2,0.08440187573432922
26,blocks.5.conv1,0.07322932034730911
26,blocks.5.conv2,0.07091782242059708
26,blocks.6.conv1,0.05341445654630661
26,blocks.6.conv2,0.0555722676217556
26,blocks.7.conv1,0.06940265744924545
26,blocks.7.conv2,0.06553354114294052
26,blocks.8.conv1,0.05992988497018814
26,blocks.8.conv2,0.060115136206150055
26,blocks.9.conv1,0.05682055279612541
26,blocks.9.conv2,0.05569116398692131
26,blocks.10.conv1,0.051121216267347336
26,blocks.10.conv2,0.05108892172574997
26,blocks.11.conv1,0.05173905938863754
26,blocks.11.conv2,0.053827401250600815
26,blocks.12.conv1,0.05934809148311615
26,blocks.12.conv2,0.05851946771144867
26,blocks.13.conv1,0.0574711412191391
26,blocks.13.conv2,0.05719820782542229
26,blocks.14.conv1,0.060271427035331726
26,blocks.14.conv2,0.06004142016172409
26,blocks.15.conv1,0.061677660793066025
26,blocks.15.conv2,0.06168939173221588
26,blocks.16.conv1,0.059525132179260254
26,blocks.16.conv2,0.05904512107372284
26,blocks.17.conv1,0.04597333446145058
26,blocks.17.conv2,0.04517391696572304
26,blocks.18.conv1,0.04944273829460144
26,blocks.18.conv2,0.05085255205631256
26,blocks.19.conv1,0.059955894947052
26,blocks.19.conv2,0.05683807283639908
26,blocks.20.conv1,0.0573224313557148
26,blocks.20.conv2,0.05568188056349754
26,blocks.21.conv1,0.06533977389335632
26,blocks.21.conv2,0.06352384388446808
26,blocks.22.conv1,0.0790034607052803
26,blocks.22.conv2,0.07785658538341522
26,blocks.23.conv1,0.08961799740791321
26,blocks.23.conv2,0.08338586241006851
26,blocks.24.conv1,0.08189190924167633
26,blocks.24.conv2,0.07786641269922256
26,blocks.25.conv1,0.0896771103143692
26,blocks.25.conv2,0.08281534165143967
26,blocks.26.conv1,0.0981561541557312
26,blocks.26.conv2,0.0874040275812149
26,blocks.27.conv1,0.08843474090099335
26,blocks.27.conv2,0.08346576243638992
26,blocks.28.conv1,0.08967279642820358
26,blocks.28.conv2,0.08940292149782181
26,blocks.29.conv1,0.10259518772363663
26,blocks.29.conv2,0.09656786918640137
26,blocks.30.conv1,0.1136309802532196
26,blocks.30.conv2,0.10156496614217758
26,blocks.31.conv1,0.09966041892766953
26,blocks.31.conv2,0.09336759150028229
26,blocks.32.conv1,0.1038275808095932
26,blocks.32.conv2,0.08932969719171524
26,blocks.33.conv1,0.0964614748954773
26,blocks.33.conv2,0.08655918389558792
26,blocks.34.conv1,0.11589121073484421
26,blocks.34.conv2,0.10398309677839279
26,blocks.35.conv1,0.10441671311855316
26,blocks.35.conv2,0.09698048233985901
26,blocks.36.conv1,0.1256350874900818
26,blocks.36.conv2,0.10950994491577148
26,blocks.37.conv1,0.12165488302707672
26,blocks.37.conv2,0.10576248914003372
26,blocks.38.conv1,0.11041989922523499
26,blocks.38.conv2,0.09535535424947739
26,blocks.39.conv1,0.12030953168869019
26,blocks.39.conv2,0.10648784041404724
26,blocks.40.conv1,0.11261625587940216
26,blocks.40.conv2,0.10043831169605255
26,blocks.41.conv1,0.12387289851903915
26,blocks.41.conv2,0.10791360586881638
26,blocks.42.conv1,0.11004234850406647
26,blocks.42.conv2,0.08985260128974915
26,blocks.43.conv1,0.10275349766016006
26,blocks.43.conv2,0.08963998407125473
26,blocks.44.conv1,0.10760082304477692
26,blocks.44.conv2,0.09615364670753479
26,blocks.45.conv1,0.09360204637050629
26,blocks.45.conv2,0.07795499265193939
26,blocks.46.conv1,0.09229059517383575
26,blocks.46.conv2,0.08812347054481506
26,blocks.47.conv1,0.0962630957365036
26,blocks.47.conv2,0.08472120761871338
26,blocks.48.conv1,0.09269198030233383
26,blocks.48.conv2,0.09036632627248764
26,blocks.49.conv1,0.10519683361053467
26,blocks.49.conv2,0.0988038033246994
26,mean_conv2d_grad_norm,0.08577577950488223
27,stem.0,0.14890530705451965
27,blocks.0.conv1,0.15736034512519836
27,blocks.0.conv2,0.16006667912006378
27,blocks.1.conv1,0.13265804946422577
27,blocks.1.conv2,0.14048287272453308
27,blocks.2.conv1,0.12574289739131927
27,blocks.2.conv2,0.12834303081035614
27,blocks.3.conv1,0.10202164202928543
27,blocks.3.conv2,0.10433609038591385
27,blocks.4.conv1,0.09567597508430481
27,blocks.4.conv2,0.09785881638526917
27,blocks.5.conv1,0.08249319344758987
27,blocks.5.conv2,0.08712193369865417
27,blocks.6.conv1,0.06836917996406555
27,blocks.6.conv2,0.07223336398601532
27,blocks.7.conv1,0.0793524906039238
27,blocks.7.conv2,0.07850795239210129
27,blocks.8.conv1,0.07103405147790909
27,blocks.8.conv2,0.07132340222597122
27,blocks.9.conv1,0.06370581686496735
27,blocks.9.conv2,0.06406670808792114
27,blocks.10.conv1,0.06619323045015335
27,blocks.10.conv2,0.06425502151250839
27,blocks.11.conv1,0.06832028180360794
27,blocks.11.conv2,0.06696272641420364
27,blocks.12.conv1,0.06911759823560715
27,blocks.12.conv2,0.0684002935886383
27,blocks.13.conv1,0.06838976591825485
27,blocks.13.conv2,0.06811216473579407
27,blocks.14.conv1,0.06858313828706741
27,blocks.14.conv2,0.06704992055892944
27,blocks.15.conv1,0.07476815581321716
27,blocks.15.conv2,0.07313024997711182
27,blocks.16.conv1,0.06815189123153687
27,blocks.16.conv2,0.06536415219306946
27,blocks.17.conv1,0.06191330775618553
27,blocks.17.conv2,0.061354659497737885
27,blocks.18.conv1,0.06377004086971283
27,blocks.18.conv2,0.06610222905874252
27,blocks.19.conv1,0.07687348127365112
27,blocks.19.conv2,0.07523543387651443
27,blocks.20.conv1,0.07305354624986649
27,blocks.20.conv2,0.07471442222595215
27,blocks.21.conv1,0.08306778222322464
27,blocks.21.conv2,0.0783032551407814
27,blocks.22.conv1,0.09501822292804718
27,blocks.22.conv2,0.09410495311021805
27,blocks.23.conv1,0.09922517091035843
27,blocks.23.conv2,0.09400182962417603
27,blocks.24.conv1,0.09080889821052551
27,blocks.24.conv2,0.08786328136920929
27,blocks.25.conv1,0.09853174537420273
27,blocks.25.conv2,0.0945148915052414
27,blocks.26.conv1,0.10508253425359726
27,blocks.26.conv2,0.09453631937503815
27,blocks.27.conv1,0.08947958797216415
27,blocks.27.conv2,0.0886027067899704
27,blocks.28.conv1,0.09749352931976318
27,blocks.28.conv2,0.08827554434537888
27,blocks.29.conv1,0.09988740086555481
27,blocks.29.conv2,0.0963338315486908
27,blocks.30.conv1,0.12094852328300476
27,blocks.30.conv2,0.10566523671150208
27,blocks.31.conv1,0.1020890325307846
27,blocks.31.conv2,0.09946510940790176
27,blocks.32.conv1,0.10580991953611374
27,blocks.32.conv2,0.09184403717517853
27,blocks.33.conv1,0.09694559127092361
27,blocks.33.conv2,0.09297958016395569
27,blocks.34.conv1,0.11628283560276031
27,blocks.34.conv2,0.1064266487956047
27,blocks.35.conv1,0.10075628757476807
27,blocks.35.conv2,0.09642737358808517
27,blocks.36.conv1,0.12604063749313354
27,blocks.36.conv2,0.10872750729322433
27,blocks.37.conv1,0.12784171104431152
27,blocks.37.conv2,0.11518657207489014
27,blocks.38.conv1,0.1113869920372963
27,blocks.38.conv2,0.10133872926235199
27,blocks.39.conv1,0.1249295249581337
27,blocks.39.conv2,0.11069000512361526
27,blocks.40.conv1,0.10933613032102585
27,blocks.40.conv2,0.10082144290208817
27,blocks.41.conv1,0.11680933088064194
27,blocks.41.conv2,0.1142454445362091
27,blocks.42.conv1,0.1093573123216629
27,blocks.42.conv2,0.09992918372154236
27,blocks.43.conv1,0.10657386481761932
27,blocks.43.conv2,0.0908537432551384
27,blocks.44.conv1,0.11912509053945541
27,blocks.44.conv2,0.1020258441567421
27,blocks.45.conv1,0.0977589562535286
27,blocks.45.conv2,0.09449537098407745
27,blocks.46.conv1,0.1068144217133522
27,blocks.46.conv2,0.09297409653663635
27,blocks.47.conv1,0.09835264086723328
27,blocks.47.conv2,0.08505282551050186
27,blocks.48.conv1,0.10227780789136887
27,blocks.48.conv2,0.07855264097452164
27,blocks.49.conv1,0.09487413614988327
27,blocks.49.conv2,0.0874079167842865
27,mean_conv2d_grad_norm,0.09392105990854821
28,stem.0,0.1439170092344284
28,blocks.0.conv1,0.1515909731388092
28,blocks.0.conv2,0.15167851746082306
28,blocks.1.conv1,0.13084132969379425
28,blocks.1.conv2,0.13835692405700684
28,blocks.2.conv1,0.1196068525314331
28,blocks.2.conv2,0.11930534243583679
28,blocks.3.conv1,0.10263766348361969
28,blocks.3.conv2,0.09907786548137665
28,blocks.4.conv1,0.09313502162694931
28,blocks.4.conv2,0.09420876950025558
28,blocks.5.conv1,0.08066769689321518
28,blocks.5.conv2,0.07960997521877289
28,blocks.6.conv1,0.0642070397734642
28,blocks.6.conv2,0.06498563289642334
28,blocks.7.conv1,0.0794043317437172
28,blocks.7.conv2,0.07915050536394119
28,blocks.8.conv1,0.06758267432451248
28,blocks.8.conv2,0.06966736167669296
28,blocks.9.conv1,0.06183580309152603
28,blocks.9.conv2,0.05929035693407059
28,blocks.10.conv1,0.06029635667800903
28,blocks.10.conv2,0.05788767710328102
28,blocks.11.conv1,0.05819152295589447
28,blocks.11.conv2,0.05741981789469719
28,blocks.12.conv1,0.06427136808633804
28,blocks.12.conv2,0.06601003557443619
28,blocks.13.conv1,0.06643323600292206
28,blocks.13.conv2,0.06497933715581894
28,blocks.14.conv1,0.0652729794383049
28,blocks.14.conv2,0.061763305217027664
28,blocks.15.conv1,0.0685533657670021
28,blocks.15.conv2,0.06653697788715363
28,blocks.16.conv1,0.06809569150209427
28,blocks.16.conv2,0.06256034970283508
28,blocks.17.conv1,0.0609007366001606
28,blocks.17.conv2,0.05864422768354416
28,blocks.18.conv1,0.058180250227451324
28,blocks.18.conv2,0.05922864004969597
28,blocks.19.conv1,0.07671134173870087
28,blocks.19.conv2,0.0689658373594284
28,blocks.20.conv1,0.06922599673271179
28,blocks.20.conv2,0.0658574029803276
28,blocks.21.conv1,0.0813298150897026
28,blocks.21.conv2,0.07667656242847443
28,blocks.22.conv1,0.08812179416418076
28,blocks.22.conv2,0.0845680981874466
28,blocks.23.conv1,0.10304010659456253
28,blocks.23.conv2,0.09397298097610474
28,blocks.24.conv1,0.09401821345090866
28,blocks.24.conv2,0.0849582850933075
28,blocks.25.conv1,0.10415712743997574
28,blocks.25.conv2,0.0944281592965126
28,blocks.26.conv1,0.09977257996797562
28,blocks.26.conv2,0.09049394726753235
28,blocks.27.conv1,0.09553506970405579
28,blocks.27.conv2,0.08568743616342545
28,blocks.28.conv1,0.09584101289510727
28,blocks.28.conv2,0.08689948916435242
28,blocks.29.conv1,0.10236962139606476
28,blocks.29.conv2,0.09492944180965424
28,blocks.30.conv1,0.12181781232357025
28,blocks.30.conv2,0.10523314028978348
28,blocks.31.conv1,0.10498011857271194
28,blocks.31.conv2,0.09823822975158691
28,blocks.32.conv1,0.11072669178247452
28,blocks.32.conv2,0.096919484436512
28,blocks.33.conv1,0.10082991421222687
28,blocks.33.conv2,0.08816328644752502
28,blocks.34.conv1,0.12328381836414337
28,blocks.34.conv2,0.11071646213531494
28,blocks.35.conv1,0.0973224937915802
28,blocks.35.conv2,0.0907701775431633
28,blocks.36.conv1,0.12107344716787338
28,blocks.36.conv2,0.10296203941106796
28,blocks.37.conv1,0.12419047206640244
28,blocks.37.conv2,0.11107858270406723
28,blocks.38.conv1,0.11247359216213226
28,blocks.38.conv2,0.09424275904893875
28,blocks.39.conv1,0.10995738208293915
28,blocks.39.conv2,0.1040550172328949
28,blocks.40.conv1,0.11101099103689194
28,blocks.40.conv2,0.10392875224351883
28,blocks.41.conv1,0.11996184289455414
28,blocks.41.conv2,0.11210224032402039
28,blocks.42.conv1,0.1107703372836113
28,blocks.42.conv2,0.09123782068490982
28,blocks.43.conv1,0.09200599789619446
28,blocks.43.conv2,0.09094077348709106
28,blocks.44.conv1,0.11897169798612595
28,blocks.44.conv2,0.09802655130624771
28,blocks.45.conv1,0.09437881410121918
28,blocks.45.conv2,0.0852619931101799
28,blocks.46.conv1,0.09383397549390793
28,blocks.46.conv2,0.07989373803138733
28,blocks.47.conv1,0.10016141831874847
28,blocks.47.conv2,0.08918934315443039
28,blocks.48.conv1,0.10460305213928223
28,blocks.48.conv2,0.09505918622016907
28,blocks.49.conv1,0.1102370023727417
28,blocks.49.conv2,0.09333691745996475
28,mean_conv2d_grad_norm,0.0914603090005936
29,stem.0,0.195774108171463
29,blocks.0.conv1,0.14398910105228424
29,blocks.0.conv2,0.14440709352493286
29,blocks.1.conv1,0.12486463785171509
29,blocks.1.conv2,0.13196755945682526
29,blocks.2.conv1,0.1163729801774025
29,blocks.2.conv2,0.11768033355474472
29,blocks.3.conv1,0.10091568529605865
29,blocks.3.conv2,0.10072965174913406
29,blocks.4.conv1,0.09653636813163757
29,blocks.4.conv2,0.09058260172605515
29,blocks.5.conv1,0.07933016866445541
29,blocks.5.conv2,0.07587791234254837
29,blocks.6.conv1,0.059539180248975754
29,blocks.6.conv2,0.0630720779299736
29,blocks.7.conv1,0.07772383838891983
29,blocks.7.conv2,0.07765787094831467
29,blocks.8.conv1,0.07421071827411652
29,blocks.8.conv2,0.07842670381069183
29,blocks.9.conv1,0.06627817451953888
29,blocks.9.conv2,0.06795927882194519
29,blocks.10.conv1,0.066460981965065
29,blocks.10.conv2,0.06491263955831528
29,blocks.11.conv1,0.06328815966844559
29,blocks.11.conv2,0.0643184706568718
29,blocks.12.conv1,0.0640159621834755
29,blocks.12.conv2,0.06407959014177322
29,blocks.13.conv1,0.0698915496468544
29,blocks.13.conv2,0.06897028535604477
29,blocks.14.conv1,0.06897512823343277
29,blocks.14.conv2,0.06649165600538254
29,blocks.15.conv1,0.06244361400604248
29,blocks.15.conv2,0.06061999127268791
29,blocks.16.conv1,0.07006292790174484
29,blocks.16.conv2,0.06895311176776886
29,blocks.17.conv1,0.06601740419864655
29,blocks.17.conv2,0.06153052672743797
29,blocks.18.conv1,0.06260203570127487
29,blocks.18.conv2,0.06312552839517593
29,blocks.19.conv1,0.06773410737514496
29,blocks.19.conv2,0.06775762140750885
29,blocks.20.conv1,0.06719914823770523
29,blocks.20.conv2,0.06379842758178711
29,blocks.21.conv1,0.07581844925880432
29,blocks.21.conv2,0.07055238634347916
29,blocks.22.conv1,0.0916704535484314
29,blocks.22.conv2,0.0893813893198967
29,blocks.23.conv1,0.09698866307735443
29,blocks.23.conv2,0.08979684859514236
29,blocks.24.conv1,0.08306343108415604
29,blocks.24.conv2,0.07890072464942932
29,blocks.25.conv1,0.1007925346493721
29,blocks.25.conv2,0.09486572444438934
29,blocks.26.conv1,0.10397011786699295
29,blocks.26.conv2,0.09613009542226791
29,blocks.27.conv1,0.09142536669969559
29,blocks.27.conv2,0.08684972673654556
29,blocks.28.conv1,0.09908847510814667
29,blocks.28.conv2,0.09012196213006973
29,blocks.29.conv1,0.10643593966960907
29,blocks.29.conv2,0.09844708442687988
29,blocks.30.conv1,0.12502267956733704
29,blocks.30.conv2,0.1061611920595169
29,blocks.31.conv1,0.09709656238555908
29,blocks.31.conv2,0.0881057009100914
29,blocks.32.conv1,0.09897385537624359
29,blocks.32.conv2,0.08861367404460907
29,blocks.33.conv1,0.09659241139888763
29,blocks.33.conv2,0.08579858392477036
29,blocks.34.conv1,0.10956915467977524
29,blocks.34.conv2,0.10288725048303604
29,blocks.35.conv1,0.09454447031021118
29,blocks.35.conv2,0.08464636653661728
29,blocks.36.conv1,0.11436127871274948
29,blocks.36.conv2,0.09483429044485092
29,blocks.37.conv1,0.11359881609678268
29,blocks.37.conv2,0.09936676174402237
29,blocks.38.conv1,0.10593658685684204
29,blocks.38.conv2,0.09211402386426926
29,blocks.39.conv1,0.10929914563894272
29,blocks.39.conv2,0.09482076019048691
29,blocks.40.conv1,0.09712179750204086
29,blocks.40.conv2,0.09036783874034882
29,blocks.41.conv1,0.10869253426790237
29,blocks.41.conv2,0.0988471657037735
29,blocks.42.conv1,0.09671492129564285
29,blocks.42.conv2,0.08292359858751297
29,blocks.43.conv1,0.085749551653862
29,blocks.43.conv2,0.0762355849146843
29,blocks.44.conv1,0.10547294467687607
29,blocks.44.conv2,0.0837303176522255
29,blocks.45.conv1,0.08797821402549744
29,blocks.45.conv2,0.07640533149242401
29,blocks.46.conv1,0.08234547078609467
29,blocks.46.conv2,0.07203873991966248
29,blocks.47.conv1,0.09267673641443253
29,blocks.47.conv2,0.0742177963256836
29,blocks.48.conv1,0.08861609548330307
29,blocks.48.conv2,0.07415587455034256
29,blocks.49.conv1,0.09726796299219131
29,blocks.49.conv2,0.07832436263561249
29,mean_conv2d_grad_norm,0.08835317515353165
30,stem.0,0.16725553572177887
30,blocks.0.conv1,0.16440249979496002
30,blocks.0.conv2,0.17990709841251373
30,blocks.1.conv1,0.16550405323505402
30,blocks.1.conv2,0.1638011932373047
30,blocks.2.conv1,0.1417861133813858
30,blocks.2.conv2,0.1407555341720581
30,blocks.3.conv1,0.11372596025466919
30,blocks.3.conv2,0.11908318847417831
30,blocks.4.conv1,0.1141410693526268
30,blocks.4.conv2,0.11376430839300156
30,blocks.5.conv1,0.10051209479570389
30,blocks.5.conv2,0.09668861329555511
30,blocks.6.conv1,0.08053530007600784
30,blocks.6.conv2,0.08360443264245987
30,blocks.7.conv1,0.10282792150974274
30,blocks.7.conv2,0.10129038244485855
30,blocks.8.conv1,0.08967074006795883
30,blocks.8.conv2,0.09120730310678482
30,blocks.9.conv1,0.08082474768161774
30,blocks.9.conv2,0.08322002738714218
30,blocks.10.conv1,0.08061569184064865
30,blocks.10.conv2,0.07786236703395844
30,blocks.11.conv1,0.07308296114206314
30,blocks.11.conv2,0.07311825454235077
30,blocks.12.conv1,0.08562047779560089
30,blocks.12.conv2,0.08686257898807526
30,blocks.13.conv1,0.07611659914255142
30,blocks.13.conv2,0.07500061392784119
30,blocks.14.conv1,0.08658964931964874
30,blocks.14.conv2,0.08065226674079895
30,blocks.15.conv1,0.07752502709627151
30,blocks.15.conv2,0.07617852091789246
30,blocks.16.conv1,0.08239533007144928
30,blocks.16.conv2,0.07791324704885483
30,blocks.17.conv1,0.06246863678097725
30,blocks.17.conv2,0.05752059444785118
30,blocks.18.conv1,0.07249554991722107
30,blocks.18.conv2,0.07118158787488937
30,blocks.19.conv1,0.07568566501140594
30,blocks.19.conv2,0.07034073024988174
30,blocks.20.conv1,0.08216459304094315
30,blocks.20.conv2,0.07818609476089478
30,blocks.21.conv1,0.0889313817024231
30,blocks.21.conv2,0.0842946246266365
30,blocks.22.conv1,0.10238716006278992
30,blocks.22.conv2,0.09744656831026077
30,blocks.23.conv1,0.116403728723526
30,blocks.23.conv2,0.10394398123025894
30,blocks.24.conv1,0.1033811867237091
30,blocks.24.conv2,0.09285201877355576
30,blocks.25.conv1,0.11193611472845078
30,blocks.25.conv2,0.10317044705152512
30,blocks.26.conv1,0.1136956438422203
30,blocks.26.conv2,0.10271944850683212
30,blocks.27.conv1,0.105429507791996
30,blocks.27.conv2,0.09819623082876205
30,blocks.28.conv1,0.10797429829835892
30,blocks.28.conv2,0.09540952742099762
30,blocks.29.conv1,0.10919623076915741
30,blocks.29.conv2,0.10156889259815216
30,blocks.30.conv1,0.1260613203048706
30,blocks.30.conv2,0.11344321072101593
30,blocks.31.conv1,0.11455664783716202
30,blocks.31.conv2,0.10498777776956558
30,blocks.32.conv1,0.11337964236736298
30,blocks.32.conv2,0.10128960013389587
30,blocks.33.conv1,0.11182989180088043
30,blocks.33.conv2,0.10382865369319916
30,blocks.34.conv1,0.12962523102760315
30,blocks.34.conv2,0.11246926337480545
30,blocks.35.conv1,0.11573570221662521
30,blocks.35.conv2,0.1033412516117096
30,blocks.36.conv1,0.1302017718553543
30,blocks.36.conv2,0.11983420699834824
30,blocks.37.conv1,0.13596944510936737
30,blocks.37.conv2,0.11617046594619751
30,blocks.38.conv1,0.12776745855808258
30,blocks.38.conv2,0.10923672467470169
30,blocks.39.conv1,0.12448025494813919
30,blocks.39.conv2,0.11517217755317688
30,blocks.40.conv1,0.12120874226093292
30,blocks.40.conv2,0.11216536164283752
30,blocks.41.conv1,0.12563766539096832
30,blocks.41.conv2,0.1107669472694397
30,blocks.42.conv1,0.11563800275325775
30,blocks.42.conv2,0.09827351570129395
30,blocks.43.conv1,0.10453808307647705
30,blocks.43.conv2,0.09304653108119965
30,blocks.44.conv1,0.11914385855197906
30,blocks.44.conv2,0.09843727946281433
30,blocks.45.conv1,0.10473717749118805
30,blocks.45.conv2,0.08919516950845718
30,blocks.46.conv1,0.10365108400583267
30,blocks.46.conv2,0.09328451752662659
30,blocks.47.conv1,0.0976528748869896
30,blocks.47.conv2,0.08120731264352798
30,blocks.48.conv1,0.11160683631896973
30,blocks.48.conv2,0.08928504586219788
30,blocks.49.conv1,0.11290794610977173
30,blocks.49.conv2,0.08602725714445114
30,mean_conv2d_grad_norm,0.10307736687435962
31,stem.0,0.17849625647068024
31,blocks.0.conv1,0.1759810596704483
31,blocks.0.conv2,0.18584077060222626
31,blocks.1.conv1,0.1622169315814972
31,blocks.1.conv2,0.16474248468875885
31,blocks.2.conv1,0.141349196434021
31,blocks.2.conv2,0.14659492671489716
31,blocks.3.conv1,0.12043549865484238
31,blocks.3.conv2,0.12120646238327026
31,blocks.4.conv1,0.11992254108190536
31,blocks.4.conv2,0.11795603483915329
31,blocks.5.conv1,0.10083413869142532
31,blocks.5.conv2,0.0995345339179039
31,blocks.6.conv1,0.08234328776597977
31,blocks.6.conv2,0.07966277003288269
31,blocks.7.conv1,0.09767016023397446
31,blocks.7.conv2,0.09895467758178711
31,blocks.8.conv1,0.08827924728393555
31,blocks.8.conv2,0.09000853449106216
31,blocks.9.conv1,0.07480262219905853
31,blocks.9.conv2,0.07578593492507935
31,blocks.10.conv1,0.07318709045648575
31,blocks.10.conv2,0.07245165854692459
31,blocks.11.conv1,0.08231262117624283
31,blocks.11.conv2,0.08109670132398605
31,blocks.12.conv1,0.08268953114748001
31,blocks.12.conv2,0.08260015398263931
31,blocks.13.conv1,0.0915108174085617
31,blocks.13.conv2,0.09194713830947876
31,blocks.14.conv1,0.09666702896356583
31,blocks.14.conv2,0.09112042188644409
31,blocks.15.conv1,0.0999622717499733
31,blocks.15.conv2,0.09720618277788162
31,blocks.16.conv1,0.09314550459384918
31,blocks.16.conv2,0.09603619575500488
31,blocks.17.conv1,0.08008859306573868
31,blocks.17.conv2,0.07843204587697983
31,blocks.18.conv1,0.09144262224435806
31,blocks.18.conv2,0.09423346817493439
31,blocks.19.conv1,0.10244918614625931
31,blocks.19.conv2,0.09553296864032745
31,blocks.20.conv1,0.10049786418676376
31,blocks.20.conv2,0.09852112829685211
31,blocks.21.conv1,0.11565049737691879
31,blocks.21.conv2,0.11353420466184616
31,blocks.22.conv1,0.1272779256105423
31,blocks.22.conv2,0.11764529347419739
31,blocks.23.conv1,0.13391776382923126
31,blocks.23.conv2,0.12675543129444122
31,blocks.24.conv1,0.1296880543231964
31,blocks.24.conv2,0.11681977659463882
31,blocks.25.conv1,0.1299578845500946
31,blocks.25.conv2,0.12280236929655075
31,blocks.26.conv1,0.1431126892566681
31,blocks.26.conv2,0.12465880066156387
31,blocks.27.conv1,0.1254201978445053
31,blocks.27.conv2,0.11509519070386887
31,blocks.28.conv1,0.13100041449069977
31,blocks.28.conv2,0.11753890663385391
31,blocks.29.conv1,0.14187222719192505
31,blocks.29.conv2,0.12069278955459595
31,blocks.30.conv1,0.14941875636577606
31,blocks.30.conv2,0.1265663057565689
31,blocks.31.conv1,0.13182806968688965
31,blocks.31.conv2,0.12025006860494614
31,blocks.32.conv1,0.13293878734111786
31,blocks.32.conv2,0.11894720047712326
31,blocks.33.conv1,0.12961594760417938
31,blocks.33.conv2,0.11836053431034088
31,blocks.34.conv1,0.14104507863521576
31,blocks.34.conv2,0.12933142483234406
31,blocks.35.conv1,0.1378389298915863
31,blocks.35.conv2,0.12083835899829865
31,blocks.36.conv1,0.16172172129154205
31,blocks.36.conv2,0.13527385890483856
31,blocks.37.conv1,0.16864842176437378
31,blocks.37.conv2,0.142843097448349
31,blocks.38.conv1,0.13507582247257233
31,blocks.38.conv2,0.1244911476969719
31,blocks.39.conv1,0.13948509097099304
31,blocks.39.conv2,0.13091835379600525
31,blocks.40.conv1,0.14258775115013123
31,blocks.40.conv2,0.13423840701580048
31,blocks.41.conv1,0.1521124541759491
31,blocks.41.conv2,0.137225940823555
31,blocks.42.conv1,0.13870376348495483
31,blocks.42.conv2,0.11858024448156357
31,blocks.43.conv1,0.11935696005821228
31,blocks.43.conv2,0.11239787191152573
31,blocks.44.conv1,0.15254978835582733
31,blocks.44.conv2,0.1267203539609909
31,blocks.45.conv1,0.11882442981004715
31,blocks.45.conv2,0.10762634128332138
31,blocks.46.conv1,0.11790312826633453
31,blocks.46.conv2,0.10507432371377945
31,blocks.47.conv1,0.11038364470005035
31,blocks.47.conv2,0.0936584323644638
31,blocks.48.conv1,0.12780702114105225
31,blocks.48.conv2,0.10567531734704971
31,blocks.49.conv1,0.1219387799501419
31,blocks.49.conv2,0.11720830202102661
31,mean_conv2d_grad_norm,0.11787326648683831
32,stem.0,0.14481845498085022
32,blocks.0.conv1,0.13776707649230957
32,blocks.0.conv2,0.12603060901165009
32,blocks.1.conv1,0.11325617879629135
32,blocks.1.conv2,0.10723136365413666
32,blocks.2.conv1,0.09776481240987778
32,blocks.2.conv2,0.09655749052762985
32,blocks.3.conv1,0.08431989699602127
32,blocks.3.conv2,0.08766203373670578
32,blocks.4.conv1,0.0744580402970314
32,blocks.4.conv2,0.07330666482448578
32,blocks.5.conv1,0.0694456472992897
32,blocks.5.conv2,0.06752311438322067
32,blocks.6.conv1,0.05807173252105713
32,blocks.6.conv2,0.0545145682990551
32,blocks.7.conv1,0.06481734663248062
32,blocks.7.conv2,0.0629366785287857
32,blocks.8.conv1,0.057411372661590576
32,blocks.8.conv2,0.05703238025307655
32,blocks.9.conv1,0.051467541605234146
32,blocks.9.conv2,0.053248949348926544
32,blocks.10.conv1,0.05186482146382332
32,blocks.10.conv2,0.05052432417869568
32,blocks.11.conv1,0.051967691630125046
32,blocks.11.conv2,0.04937645420432091
32,blocks.12.conv1,0.0567636601626873
32,blocks.12.conv2,0.055439725518226624
32,blocks.13.conv1,0.059381186962127686
32,blocks.13.conv2,0.057212360203266144
32,blocks.14.conv1,0.05585892125964165
32,blocks.14.conv2,0.051609523594379425
32,blocks.15.conv1,0.05976389721035957
32,blocks.15.conv2,0.05786750838160515
32,blocks.16.conv1,0.059077490121126175
32,blocks.16.conv2,0.0555286779999733
32,blocks.17.conv1,0.056119155138731
32,blocks.17.conv2,0.05314936861395836
32,blocks.18.conv1,0.056582625955343246
32,blocks.18.conv2,0.05588413029909134
32,blocks.19.conv1,0.06017782539129257
32,blocks.19.conv2,0.057071615010499954
32,blocks.20.conv1,0.05832044780254364
32,blocks.20.conv2,0.05405406281352043
32,blocks.21.conv1,0.06770595163106918
32,blocks.21.conv2,0.06455350667238235
32,blocks.22.conv1,0.07930409163236618
32,blocks.22.conv2,0.07729870080947876
32,blocks.23.conv1,0.08115499466657639
32,blocks.23.conv2,0.07584720849990845
32,blocks.24.conv1,0.06849828362464905
32,blocks.24.conv2,0.06535477936267853
32,blocks.25.conv1,0.08312641829252243
32,blocks.25.conv2,0.07780537754297256
32,blocks.26.conv1,0.08889510482549667
32,blocks.26.conv2,0.07805769890546799
32,blocks.27.conv1,0.08438990265130997
32,blocks.27.conv2,0.07938501983880997
32,blocks.28.conv1,0.0868263989686966
32,blocks.28.conv2,0.073945552110672
32,blocks.29.conv1,0.08516836911439896
32,blocks.29.conv2,0.0821496769785881
32,blocks.30.conv1,0.09809232503175735
32,blocks.30.conv2,0.08891983330249786
32,blocks.31.conv1,0.08794396370649338
32,blocks.31.conv2,0.0803385078907013
32,blocks.32.conv1,0.08795338869094849
32,blocks.32.conv2,0.073634572327137
32,blocks.33.conv1,0.08092845976352692
32,blocks.33.conv2,0.07826258987188339
32,blocks.34.conv1,0.10067815333604813
32,blocks.34.conv2,0.08929714560508728
32,blocks.35.conv1,0.09510461241006851
32,blocks.35.conv2,0.07902810722589493
32,blocks.36.conv1,0.0993170291185379
32,blocks.36.conv2,0.08916119486093521
32,blocks.37.conv1,0.09899842739105225
32,blocks.37.conv2,0.08518211543560028
32,blocks.38.conv1,0.08540841937065125
32,blocks.38.conv2,0.07701682299375534
32,blocks.39.conv1,0.09329638630151749
32,blocks.39.conv2,0.0867423489689827
32,blocks.40.conv1,0.08487872779369354
32,blocks.40.conv2,0.0910586342215538
32,blocks.41.conv1,0.08974289149045944
32,blocks.41.conv2,0.07749082893133163
32,blocks.42.conv1,0.07827487587928772
32,blocks.42.conv2,0.06888684630393982
32,blocks.43.conv1,0.07445552945137024
32,blocks.43.conv2,0.06388325989246368
32,blocks.44.conv1,0.07852709293365479
32,blocks.44.conv2,0.07194941490888596
32,blocks.45.conv1,0.07472029328346252
32,blocks.45.conv2,0.06222553178668022
32,blocks.46.conv1,0.0681789293885231
32,blocks.46.conv2,0.062230177223682404
32,blocks.47.conv1,0.07885991036891937
32,blocks.47.conv2,0.0706402137875557
32,blocks.48.conv1,0.08573301881551743
32,blocks.48.conv2,0.06941144168376923
32,blocks.49.conv1,0.08041159063577652
32,blocks.49.conv2,0.0708366334438324
32,mean_conv2d_grad_norm,0.07544955157554976
33,stem.0,0.17601576447486877
33,blocks.0.conv1,0.13479727506637573
33,blocks.0.conv2,0.13177020847797394
33,blocks.1.conv1,0.11461243033409119
33,blocks.1.conv2,0.11714398115873337
33,blocks.2.conv1,0.10655093938112259
33,blocks.2.conv2,0.104977548122406
33,blocks.3.conv1,0.09515579789876938
33,blocks.3.conv2,0.09337572008371353
33,blocks.4.conv1,0.08393800258636475
33,blocks.4.conv2,0.08567290008068085
33,blocks.5.conv1,0.07768084853887558
33,blocks.5.conv2,0.07705558836460114
33,blocks.6.conv1,0.06375012546777725
33,blocks.6.conv2,0.061937764286994934
33,blocks.7.conv1,0.07288587093353271
33,blocks.7.conv2,0.07338138669729233
33,blocks.8.conv1,0.06961343437433243
33,blocks.8.conv2,0.0686069205403328
33,blocks.9.conv1,0.05969001725316048
33,blocks.9.conv2,0.06157078593969345
33,blocks.10.conv1,0.060681961476802826
33,blocks.10.conv2,0.05895952880382538
33,blocks.11.conv1,0.06001375988125801
33,blocks.11.conv2,0.058887217193841934
33,blocks.12.conv1,0.06712895631790161
33,blocks.12.conv2,0.0665404424071312
33,blocks.13.conv1,0.06706790626049042
33,blocks.13.conv2,0.06821701675653458
33,blocks.14.conv1,0.062036484479904175
33,blocks.14.conv2,0.06133611500263214
33,blocks.15.conv1,0.07410009950399399
33,blocks.15.conv2,0.06735143065452576
33,blocks.16.conv1,0.06367108970880508
33,blocks.16.conv2,0.06495124846696854
33,blocks.17.conv1,0.053967755287885666
33,blocks.17.conv2,0.05410065874457359
33,blocks.18.conv1,0.05860242620110512
33,blocks.18.conv2,0.060977596789598465
33,blocks.19.conv1,0.06962862610816956
33,blocks.19.conv2,0.0646759495139122
33,blocks.20.conv1,0.061139147728681564
33,blocks.20.conv2,0.05870167538523674
33,blocks.21.conv1,0.07236219197511673
33,blocks.21.conv2,0.06875506788492203
33,blocks.22.conv1,0.08235734701156616
33,blocks.22.conv2,0.08097190409898758
33,blocks.23.conv1,0.09619569778442383
33,blocks.23.conv2,0.08904814720153809
33,blocks.24.conv1,0.0876191183924675
33,blocks.24.conv2,0.08003053814172745
33,blocks.25.conv1,0.09563684463500977
33,blocks.25.conv2,0.0883760154247284
33,blocks.26.conv1,0.09641671180725098
33,blocks.26.conv2,0.08645655959844589
33,blocks.27.conv1,0.08304356783628464
33,blocks.27.conv2,0.07664939016103745
33,blocks.28.conv1,0.09154435992240906
33,blocks.28.conv2,0.08479399234056473
33,blocks.29.conv1,0.09980197250843048
33,blocks.29.conv2,0.09373652189970016
33,blocks.30.conv1,0.1162712499499321
33,blocks.30.conv2,0.09617667645215988
33,blocks.31.conv1,0.09300041198730469
33,blocks.31.conv2,0.08457114547491074
33,blocks.32.conv1,0.09499827772378922
33,blocks.32.conv2,0.0832582637667656
33,blocks.33.conv1,0.10027962923049927
33,blocks.33.conv2,0.0848873183131218
33,blocks.34.conv1,0.11233530193567276
33,blocks.34.conv2,0.1015525534749031
33,blocks.35.conv1,0.09515529125928879
33,blocks.35.conv2,0.09129265695810318
33,blocks.36.conv1,0.10867374390363693
33,blocks.36.conv2,0.09539683908224106
33,blocks.37.conv1,0.12093512713909149
33,blocks.37.conv2,0.10542656481266022
33,blocks.38.conv1,0.10743112117052078
33,blocks.38.conv2,0.08742976933717728
33,blocks.39.conv1,0.10979662835597992
33,blocks.39.conv2,0.10188222676515579
33,blocks.40.conv1,0.10054560005664825
33,blocks.40.conv2,0.09061715006828308
33,blocks.41.conv1,0.10580316185951233
33,blocks.41.conv2,0.09542019665241241
33,blocks.42.conv1,0.09216596931219101
33,blocks.42.conv2,0.08256831020116806
33,blocks.43.conv1,0.09158540517091751
33,blocks.43.conv2,0.08685038983821869
33,blocks.44.conv1,0.10137282311916351
33,blocks.44.conv2,0.08010977506637573
33,blocks.45.conv1,0.08135750144720078
33,blocks.45.conv2,0.07785040885210037
33,blocks.46.conv1,0.09567754715681076
33,blocks.46.conv2,0.07336732745170593
33,blocks.47.conv1,0.09388529509305954
33,blocks.47.conv2,0.07739511877298355
33,blocks.48.conv1,0.08723363280296326
33,blocks.48.conv2,0.07246796786785126
33,blocks.49.conv1,0.09225403517484665
33,blocks.49.conv2,0.0795687735080719
33,mean_conv2d_grad_norm,0.08530260928639091
34,stem.0,0.14992234110832214
34,blocks.0.conv1,0.16454778611660004
34,blocks.0.conv2,0.1609465479850769
34,blocks.1.conv1,0.14716897904872894
34,blocks.1.conv2,0.140797957777977
34,blocks.2.conv1,0.1248142272233963
34,blocks.2.conv2,0.13098736107349396
34,blocks.3.conv1,0.10839661955833435
34,blocks.3.conv2,0.10792113095521927
34,blocks.4.conv1,0.10049973428249359
34,blocks.4.conv2,0.09813101589679718
34,blocks.5.conv1,0.08713455498218536
34,blocks.5.conv2,0.0867922306060791
34,blocks.6.conv1,0.07346056401729584
34,blocks.6.conv2,0.07261078804731369
34,blocks.7.conv1,0.08463577181100845
34,blocks.7.conv2,0.08166228234767914
34,blocks.8.conv1,0.07691437751054764
34,blocks.8.conv2,0.0781150534749031
34,blocks.9.conv1,0.07187006622552872
34,blocks.9.conv2,0.0703643336892128
34,blocks.10.conv1,0.06641406565904617
34,blocks.10.conv2,0.06404272466897964
34,blocks.11.conv1,0.0722174197435379
34,blocks.11.conv2,0.06986555457115173
34,blocks.12.conv1,0.08597556501626968
34,blocks.12.conv2,0.07815301418304443
34,blocks.13.conv1,0.07954660058021545
34,blocks.13.conv2,0.07467173784971237
34,blocks.14.conv1,0.0762898400425911
34,blocks.14.conv2,0.07314106076955795
34,blocks.15.conv1,0.08601181209087372
34,blocks.15.conv2,0.07999962568283081
34,blocks.16.conv1,0.08088193088769913
34,blocks.16.conv2,0.07741442322731018
34,blocks.17.conv1,0.06563583016395569
34,blocks.17.conv2,0.06244301423430443
34,blocks.18.conv1,0.07277729362249374
34,blocks.18.conv2,0.07064176350831985
34,blocks.19.conv1,0.07979165017604828
34,blocks.19.conv2,0.07515259087085724
34,blocks.20.conv1,0.08668889850378036
34,blocks.20.conv2,0.07973738759756088
34,blocks.21.conv1,0.08861226588487625
34,blocks.21.conv2,0.08330991119146347
34,blocks.22.conv1,0.11175896227359772
34,blocks.22.conv2,0.1002316102385521
34,blocks.23.conv1,0.11183954030275345
34,blocks.23.conv2,0.1010354533791542
34,blocks.24.conv1,0.10160377621650696
34,blocks.24.conv2,0.09389358758926392
34,blocks.25.conv1,0.10944366455078125
34,blocks.25.conv2,0.09897579252719879
34,blocks.26.conv1,0.12227112799882889
34,blocks.26.conv2,0.10453321039676666
34,blocks.27.conv1,0.10204753279685974
34,blocks.27.conv2,0.09322015941143036
34,blocks.28.conv1,0.11262859404087067
34,blocks.28.conv2,0.0969710648059845
34,blocks.29.conv1,0.10362205654382706
34,blocks.29.conv2,0.09133540838956833
34,blocks.30.conv1,0.12142215669155121
34,blocks.30.conv2,0.10341568291187286
34,blocks.31.conv1,0.1078227236866951
34,blocks.31.conv2,0.09243201464414597
34,blocks.32.conv1,0.1046060249209404
34,blocks.32.conv2,0.08831547200679779
34,blocks.33.conv1,0.10758186876773834
34,blocks.33.conv2,0.09366206079721451
34,blocks.34.conv1,0.11402586847543716
34,blocks.34.conv2,0.10193689912557602
34,blocks.35.conv1,0.10348925739526749
34,blocks.35.conv2,0.09503490477800369
34,blocks.36.conv1,0.1297532021999359
34,blocks.36.conv2,0.10627835243940353
34,blocks.37.conv1,0.13068673014640808
34,blocks.37.conv2,0.11307370662689209
34,blocks.38.conv1,0.11374524235725403
34,blocks.38.conv2,0.09320542216300964
34,blocks.39.conv1,0.11709737777709961
34,blocks.39.conv2,0.09803788363933563
34,blocks.40.conv1,0.10744545608758926
34,blocks.40.conv2,0.09518273174762726
34,blocks.41.conv1,0.11786168068647385
34,blocks.41.conv2,0.09957461804151535
34,blocks.42.conv1,0.11292406916618347
34,blocks.42.conv2,0.09527318924665451
34,blocks.43.conv1,0.09226784855127335
34,blocks.43.conv2,0.08118748664855957
34,blocks.44.conv1,0.10843240469694138
34,blocks.44.conv2,0.09142294526100159
34,blocks.45.conv1,0.09744155406951904
34,blocks.45.conv2,0.0955091267824173
34,blocks.46.conv1,0.10154499858617783
34,blocks.46.conv2,0.08969709277153015
34,blocks.47.conv1,0.10363230854272842
34,blocks.47.conv2,0.0897318497300148
34,blocks.48.conv1,0.10630351305007935
34,blocks.48.conv2,0.0871930792927742
34,blocks.49.conv1,0.11283867806196213
34,blocks.49.conv2,0.10363570600748062
34,mean_conv2d_grad_norm,0.0972994498465911
35,stem.0,0.16547462344169617
35,blocks.0.conv1,0.1756160706281662
35,blocks.0.conv2,0.1877242773771286
35,blocks.1.conv1,0.16130538284778595
35,blocks.1.conv2,0.16165784001350403
35,blocks.2.conv1,0.14735925197601318
35,blocks.2.conv2,0.1468067616224289
35,blocks.3.conv1,0.12316861003637314
35,blocks.3.conv2,0.1202239915728569
35,blocks.4.conv1,0.11210817843675613
35,blocks.4.conv2,0.10691017657518387
35,blocks.5.conv1,0.09666943550109863
35,blocks.5.conv2,0.09609685093164444
35,blocks.6.conv1,0.08210930973291397
35,blocks.6.conv2,0.0876583680510521
35,blocks.7.conv1,0.10069921612739563
35,blocks.7.conv2,0.10786888003349304
35,blocks.8.conv1,0.09336985647678375
35,blocks.8.conv2,0.09297396242618561
35,blocks.9.conv1,0.09702086448669434
35,blocks.9.conv2,0.09547589719295502
35,blocks.10.conv1,0.09074459969997406
35,blocks.10.conv2,0.08461520820856094
35,blocks.11.conv1,0.08332625031471252
35,blocks.11.conv2,0.08641600608825684
35,blocks.12.conv1,0.10040868818759918
35,blocks.12.conv2,0.10091657191514969
35,blocks.13.conv1,0.09357044845819473
35,blocks.13.conv2,0.09625152498483658
35,blocks.14.conv1,0.1025133803486824
35,blocks.14.conv2,0.09904342144727707
35,blocks.15.conv1,0.09957187622785568
35,blocks.15.conv2,0.10156460106372833
35,blocks.16.conv1,0.09660185128450394
35,blocks.16.conv2,0.09431871026754379
35,blocks.17.conv1,0.0975276455283165
35,blocks.17.conv2,0.09317468106746674
35,blocks.18.conv1,0.09634365886449814
35,blocks.18.conv2,0.09368055313825607
35,blocks.19.conv1,0.10860311985015869
35,blocks.19.conv2,0.1022501289844513
35,blocks.20.conv1,0.10646924376487732
35,blocks.20.conv2,0.09821069985628128
35,blocks.21.conv1,0.11140407621860504
35,blocks.21.conv2,0.10163147002458572
35,blocks.22.conv1,0.1036149114370346
35,blocks.22.conv2,0.10473647713661194
35,blocks.23.conv1,0.12430624663829803
35,blocks.23.conv2,0.11119759827852249
35,blocks.24.conv1,0.1114865317940712
35,blocks.24.conv2,0.10321922600269318
35,blocks.25.conv1,0.12268665432929993
35,blocks.25.conv2,0.11331290006637573
35,blocks.26.conv1,0.11813430488109589
35,blocks.26.conv2,0.11349724233150482
35,blocks.27.conv1,0.11863207072019577
35,blocks.27.conv2,0.1090410128235817
35,blocks.28.conv1,0.12730443477630615
35,blocks.28.conv2,0.10559627413749695
35,blocks.29.conv1,0.12211161851882935
35,blocks.29.conv2,0.11004576832056046
35,blocks.30.conv1,0.1349550038576126
35,blocks.30.conv2,0.11954403668642044
35,blocks.31.conv1,0.12121357023715973
35,blocks.31.conv2,0.10718312114477158
35,blocks.32.conv1,0.11146118491888046
35,blocks.32.conv2,0.10054396837949753
35,blocks.33.conv1,0.10446956753730774
35,blocks.33.conv2,0.09839432686567307
35,blocks.34.conv1,0.12215898185968399
35,blocks.34.conv2,0.11272599548101425
35,blocks.35.conv1,0.11011666804552078
35,blocks.35.conv2,0.10076311975717545
35,blocks.36.conv1,0.1455482393503189
35,blocks.36.conv2,0.11979284137487411
35,blocks.37.conv1,0.15462271869182587
35,blocks.37.conv2,0.12269645184278488
35,blocks.38.conv1,0.1252669245004654
35,blocks.38.conv2,0.11622843891382217
35,blocks.39.conv1,0.12192011624574661
35,blocks.39.conv2,0.10993550717830658
35,blocks.40.conv1,0.11966260522603989
35,blocks.40.conv2,0.12239812314510345
35,blocks.41.conv1,0.13585264980793
35,blocks.41.conv2,0.11831290274858475
35,blocks.42.conv1,0.11738114058971405
35,blocks.42.conv2,0.10017998516559601
35,blocks.43.conv1,0.1130906268954277
35,blocks.43.conv2,0.09886115789413452
35,blocks.44.conv1,0.12866823375225067
35,blocks.44.conv2,0.11005915701389313
35,blocks.45.conv1,0.10911981761455536
35,blocks.45.conv2,0.10175617784261703
35,blocks.46.conv1,0.1169876754283905
35,blocks.46.conv2,0.09852050989866257
35,blocks.47.conv1,0.11923807859420776
35,blocks.47.conv2,0.10092943906784058
35,blocks.48.conv1,0.11839359253644943
35,blocks.48.conv2,0.10269037634134293
35,blocks.49.conv1,0.13194559514522552
35,blocks.49.conv2,0.12078730016946793
35,mean_conv2d_grad_norm,0.11248272694278472
36,stem.0,0.3125069737434387
36,blocks.0.conv1,0.25615182518959045
36,blocks.0.conv2,0.24869981408119202
36,blocks.1.conv1,0.19420070946216583
36,blocks.1.conv2,0.2026234269142151
36,blocks.2.conv1,0.18106946349143982
36,blocks.2.conv2,0.18527700006961823
36,blocks.3.conv1,0.14453014731407166
36,blocks.3.conv2,0.15474171936511993
36,blocks.4.conv1,0.14235647022724152
36,blocks.4.conv2,0.1430773138999939
36,blocks.5.conv1,0.12863624095916748
36,blocks.5.conv2,0.12656867504119873
36,blocks.6.conv1,0.10355959087610245
36,blocks.6.conv2,0.1063118651509285
36,blocks.7.conv1,0.12415464967489243
36,blocks.7.conv2,0.1240982636809349
36,blocks.8.conv1,0.11149054765701294
36,blocks.8.conv2,0.11061429232358932
36,blocks.9.conv1,0.10152216255664825
36,blocks.9.conv2,0.10220243781805038
36,blocks.10.conv1,0.09921237081289291
36,blocks.10.conv2,0.10122860223054886
36,blocks.11.conv1,0.100284643471241
36,blocks.11.conv2,0.09865132719278336
36,blocks.12.conv1,0.11185840517282486
36,blocks.12.conv2,0.10676892101764679
36,blocks.13.conv1,0.11365614831447601
36,blocks.13.conv2,0.11589717864990234
36,blocks.14.conv1,0.11600998044013977
36,blocks.14.conv2,0.11303446441888809
36,blocks.15.conv1,0.11141873151063919
36,blocks.15.conv2,0.10935649275779724
36,blocks.16.conv1,0.10871881246566772
36,blocks.16.conv2,0.10606830567121506
36,blocks.17.conv1,0.08781587332487106
36,blocks.17.conv2,0.0872940644621849
36,blocks.18.conv1,0.09059297293424606
36,blocks.18.conv2,0.09416837245225906
36,blocks.19.conv1,0.11127456277608871
36,blocks.19.conv2,0.11478925496339798
36,blocks.20.conv1,0.10840209573507309
36,blocks.20.conv2,0.10692866146564484
36,blocks.21.conv1,0.1239052265882492
36,blocks.21.conv2,0.12324602156877518
36,blocks.22.conv1,0.13283631205558777
36,blocks.22.conv2,0.13229645788669586
36,blocks.23.conv1,0.16038772463798523
36,blocks.23.conv2,0.15207162499427795
36,blocks.24.conv1,0.14291422069072723
36,blocks.24.conv2,0.14273174107074738
36,blocks.25.conv1,0.15251758694648743
36,blocks.25.conv2,0.14734101295471191
36,blocks.26.conv1,0.16599801182746887
36,blocks.26.conv2,0.14731745421886444
36,blocks.27.conv1,0.15557490289211273
36,blocks.27.conv2,0.15108755230903625
36,blocks.28.conv1,0.15811586380004883
36,blocks.28.conv2,0.14443258941173553
36,blocks.29.conv1,0.15268868207931519
36,blocks.29.conv2,0.14865276217460632
36,blocks.30.conv1,0.18050384521484375
36,blocks.30.conv2,0.16467761993408203
36,blocks.31.conv1,0.17172101140022278
36,blocks.31.conv2,0.16096307337284088
36,blocks.32.conv1,0.16255120933055878
36,blocks.32.conv2,0.14623229205608368
36,blocks.33.conv1,0.1611696034669876
36,blocks.33.conv2,0.15031354129314423
36,blocks.34.conv1,0.19852739572525024
36,blocks.34.conv2,0.1799379289150238
36,blocks.35.conv1,0.17646338045597076
36,blocks.35.conv2,0.1549636870622635
36,blocks.36.conv1,0.20294424891471863
36,blocks.36.conv2,0.16836443543434143
36,blocks.37.conv1,0.1981489211320877
36,blocks.37.conv2,0.17364691197872162
36,blocks.38.conv1,0.18552449345588684
36,blocks.38.conv2,0.16187578439712524
36,blocks.39.conv1,0.17229196429252625
36,blocks.39.conv2,0.1606658548116684
36,blocks.40.conv1,0.19128848612308502
36,blocks.40.conv2,0.16422444581985474
36,blocks.41.conv1,0.213749960064888
36,blocks.41.conv2,0.17618492245674133
36,blocks.42.conv1,0.18820615112781525
36,blocks.42.conv2,0.14582328498363495
36,blocks.43.conv1,0.17900685966014862
36,blocks.43.conv2,0.14597982168197632
36,blocks.44.conv1,0.17275291681289673
36,blocks.44.conv2,0.15152035653591156
36,blocks.45.conv1,0.17879241704940796
36,blocks.45.conv2,0.1413237750530243
36,blocks.46.conv1,0.147585928440094
36,blocks.46.conv2,0.1340448260307312
36,blocks.47.conv1,0.17272935807704926
36,blocks.47.conv2,0.15949450433254242
36,blocks.48.conv1,0.1865631341934204
36,blocks.48.conv2,0.15454965829849243
36,blocks.49.conv1,0.17869782447814941
36,blocks.49.conv2,0.1834648847579956
36,mean_conv2d_grad_norm,0.14900406236105626
37,stem.0,0.12849919497966766
37,blocks.0.conv1,0.1296621859073639
37,blocks.0.conv2,0.1333152949810028
37,blocks.1.conv1,0.12164963781833649
37,blocks.1.conv2,0.12280959635972977
37,blocks.2.conv1,0.10862332582473755
37,blocks.2.conv2,0.11344510316848755
37,blocks.3.conv1,0.09298653900623322
37,blocks.3.conv2,0.095536008477211
37,blocks.4.conv1,0.09095475822687149
37,blocks.4.conv2,0.09194926172494888
37,blocks.5.conv1,0.07938754558563232
37,blocks.5.conv2,0.07673124223947525
37,blocks.6.conv1,0.07312467694282532
37,blocks.6.conv2,0.07382843643426895
37,blocks.7.conv1,0.08136990666389465
37,blocks.7.conv2,0.08277297019958496
37,blocks.8.conv1,0.07550901174545288
37,blocks.8.conv2,0.0711822658777237
37,blocks.9.conv1,0.06468084454536438
37,blocks.9.conv2,0.06564125418663025
37,blocks.10.conv1,0.06936556100845337
37,blocks.10.conv2,0.06440449506044388
37,blocks.11.conv1,0.06146428734064102
37,blocks.11.conv2,0.060830503702163696
37,blocks.12.conv1,0.06528186053037643
37,blocks.12.conv2,0.06565996259450912
37,blocks.13.conv1,0.06493186950683594
37,blocks.13.conv2,0.06411244720220566
37,blocks.14.conv1,0.06493164598941803
37,blocks.14.conv2,0.06320799142122269
37,blocks.15.conv1,0.06686101108789444
37,blocks.15.conv2,0.06759617477655411
37,blocks.16.conv1,0.06315762549638748
37,blocks.16.conv2,0.06005847454071045
37,blocks.17.conv1,0.05381420627236366
37,blocks.17.conv2,0.05156141147017479
37,blocks.18.conv1,0.06502505391836166
37,blocks.18.conv2,0.06371984630823135
37,blocks.19.conv1,0.07117561250925064
37,blocks.19.conv2,0.06509745866060257
37,blocks.20.conv1,0.06864947825670242
37,blocks.20.conv2,0.06297842413187027
37,blocks.21.conv1,0.07462610304355621
37,blocks.21.conv2,0.0717148631811142
37,blocks.22.conv1,0.09213744848966599
37,blocks.22.conv2,0.08432923257350922
37,blocks.23.conv1,0.09494440257549286
37,blocks.23.conv2,0.0911657065153122
37,blocks.24.conv1,0.09276559948921204
37,blocks.24.conv2,0.08219622820615768
37,blocks.25.conv1,0.10023183375597
37,blocks.25.conv2,0.0900643914937973
37,blocks.26.conv1,0.10526967793703079
37,blocks.26.conv2,0.08862543106079102
37,blocks.27.conv1,0.08715816587209702
37,blocks.27.conv2,0.08452903479337692
37,blocks.28.conv1,0.09948138147592545
37,blocks.28.conv2,0.08732277154922485
37,blocks.29.conv1,0.10592440515756607
37,blocks.29.conv2,0.09298713505268097
37,blocks.30.conv1,0.11420318484306335
37,blocks.30.conv2,0.1022753193974495
37,blocks.31.conv1,0.10368938744068146
37,blocks.31.conv2,0.08904861658811569
37,blocks.32.conv1,0.10326474905014038
37,blocks.32.conv2,0.08955860137939453
37,blocks.33.conv1,0.1012621596455574
37,blocks.33.conv2,0.0900944322347641
37,blocks.34.conv1,0.1200394406914711
37,blocks.34.conv2,0.11187566816806793
37,blocks.35.conv1,0.10181363672018051
37,blocks.35.conv2,0.0898061990737915
37,blocks.36.conv1,0.12743747234344482
37,blocks.36.conv2,0.1025523766875267
37,blocks.37.conv1,0.12077554315328598
37,blocks.37.conv2,0.09853433072566986
37,blocks.38.conv1,0.10577823966741562
37,blocks.38.conv2,0.08676716685295105
37,blocks.39.conv1,0.10471075028181076
37,blocks.39.conv2,0.09108822792768478
37,blocks.40.conv1,0.09704708307981491
37,blocks.40.conv2,0.0850766971707344
37,blocks.41.conv1,0.10368309170007706
37,blocks.41.conv2,0.09599580615758896
37,blocks.42.conv1,0.09545138478279114
37,blocks.42.conv2,0.07773782312870026
37,blocks.43.conv1,0.08356337249279022
37,blocks.43.conv2,0.07565703988075256
37,blocks.44.conv1,0.08868145197629929
37,blocks.44.conv2,0.07916343957185745
37,blocks.45.conv1,0.08597342669963837
37,blocks.45.conv2,0.07415637373924255
37,blocks.46.conv1,0.08614348620176315
37,blocks.46.conv2,0.06962116062641144
37,blocks.47.conv1,0.0793568417429924
37,blocks.47.conv2,0.0692257508635521
37,blocks.48.conv1,0.08192748576402664
37,blocks.48.conv2,0.06731346994638443
37,blocks.49.conv1,0.08509083092212677
37,blocks.49.conv2,0.07502289861440659
37,mean_conv2d_grad_norm,0.08627210586968034
38,stem.0,0.1546870619058609
38,blocks.0.conv1,0.12610234320163727
38,blocks.0.conv2,0.13312087953090668
38,blocks.1.conv1,0.10911591351032257
38,blocks.1.conv2,0.11720400303602219
38,blocks.2.conv1,0.10906220972537994
38,blocks.2.conv2,0.10436046868562698
38,blocks.3.conv1,0.09159953892230988
38,blocks.3.conv2,0.08782706409692764
38,blocks.4.conv1,0.0829939991235733
38,blocks.4.conv2,0.08407990634441376
38,blocks.5.conv1,0.07417518645524979
38,blocks.5.conv2,0.0731583908200264
38,blocks.6.conv1,0.057493649423122406
38,blocks.6.conv2,0.0595451258122921
38,blocks.7.conv1,0.07057718932628632
38,blocks.7.conv2,0.07272583991289139
38,blocks.8.conv1,0.06471608579158783
38,blocks.8.conv2,0.06535311788320541
38,blocks.9.conv1,0.06619859486818314
38,blocks.9.conv2,0.06550450623035431
38,blocks.10.conv1,0.05454012751579285
38,blocks.10.conv2,0.05329336225986481
38,blocks.11.conv1,0.06091993674635887
38,blocks.11.conv2,0.057831935584545135
38,blocks.12.conv1,0.060621365904808044
38,blocks.12.conv2,0.06157620996236801
38,blocks.13.conv1,0.05921696498990059
38,blocks.13.conv2,0.061512574553489685
38,blocks.14.conv1,0.06913358718156815
38,blocks.14.conv2,0.06454826146364212
38,blocks.15.conv1,0.06635668128728867
38,blocks.15.conv2,0.06471674889326096
38,blocks.16.conv1,0.06770606338977814
38,blocks.16.conv2,0.06372292339801788
38,blocks.17.conv1,0.055268555879592896
38,blocks.17.conv2,0.053915947675704956
38,blocks.18.conv1,0.06794022768735886
38,blocks.18.conv2,0.06432434171438217
38,blocks.19.conv1,0.06965312361717224
38,blocks.19.conv2,0.06393366307020187
38,blocks.20.conv1,0.0651695504784584
38,blocks.20.conv2,0.06165290251374245
38,blocks.21.conv1,0.07496237009763718
38,blocks.21.conv2,0.06934080272912979
38,blocks.22.conv1,0.08641710877418518
38,blocks.22.conv2,0.0839170590043068
38,blocks.23.conv1,0.08705447614192963
38,blocks.23.conv2,0.08160055428743362
38,blocks.24.conv1,0.08754687011241913
38,blocks.24.conv2,0.07951575517654419
38,blocks.25.conv1,0.09236922115087509
38,blocks.25.conv2,0.08797769993543625
38,blocks.26.conv1,0.09913589060306549
38,blocks.26.conv2,0.08444561809301376
38,blocks.27.conv1,0.08906041830778122
38,blocks.27.conv2,0.08630479872226715
38,blocks.28.conv1,0.09554041177034378
38,blocks.28.conv2,0.09295834600925446
38,blocks.29.conv1,0.10056757181882858
38,blocks.29.conv2,0.09940234571695328
38,blocks.30.conv1,0.11919170618057251
38,blocks.30.conv2,0.10384295135736465
38,blocks.31.conv1,0.10498804599046707
38,blocks.31.conv2,0.08912847936153412
38,blocks.32.conv1,0.09694116562604904
38,blocks.32.conv2,0.08648202568292618
38,blocks.33.conv1,0.09514475613832474
38,blocks.33.conv2,0.0831676796078682
38,blocks.34.conv1,0.11334306746721268
38,blocks.34.conv2,0.10766222327947617
38,blocks.35.conv1,0.0877007320523262
38,blocks.35.conv2,0.08663669973611832
38,blocks.36.conv1,0.12239090353250504
38,blocks.36.conv2,0.10686863958835602
38,blocks.37.conv1,0.11361228674650192
38,blocks.37.conv2,0.10180136561393738
38,blocks.38.conv1,0.1091451421380043
38,blocks.38.conv2,0.09515992552042007
38,blocks.39.conv1,0.1144062727689743
38,blocks.39.conv2,0.09891212731599808
38,blocks.40.conv1,0.12688176333904266
38,blocks.40.conv2,0.10230010002851486
38,blocks.41.conv1,0.10366030037403107
38,blocks.41.conv2,0.09367626905441284
38,blocks.42.conv1,0.09296807646751404
38,blocks.42.conv2,0.08080503344535828
38,blocks.43.conv1,0.0935894250869751
38,blocks.43.conv2,0.08249302208423615
38,blocks.44.conv1,0.08670961856842041
38,blocks.44.conv2,0.07390055805444717
38,blocks.45.conv1,0.08911595493555069
38,blocks.45.conv2,0.07690462470054626
38,blocks.46.conv1,0.0952201709151268
38,blocks.46.conv2,0.06862601637840271
38,blocks.47.conv1,0.08170286566019058
38,blocks.47.conv2,0.06924407184123993
38,blocks.48.conv1,0.0924672856926918
38,blocks.48.conv2,0.07483155280351639
38,blocks.49.conv1,0.08634805679321289
38,blocks.49.conv2,0.07342547178268433
38,mean_conv2d_grad_norm,0.08511554339144489
39,stem.0,0.12835803627967834
39,blocks.0.conv1,0.13867329061031342
39,blocks.0.conv2,0.143887460231781
39,blocks.1.conv1,0.12954503297805786
39,blocks.1.conv2,0.12959027290344238
39,blocks.2.conv1,0.11734510213136673
39,blocks.2.conv2,0.11691847443580627
39,blocks.3.conv1,0.09787613153457642
39,blocks.3.conv2,0.09721852093935013
39,blocks.4.conv1,0.09038946777582169
39,blocks.4.conv2,0.09132130444049835
39,blocks.5.conv1,0.07877279818058014
39,blocks.5.conv2,0.07974065840244293
39,blocks.6.conv1,0.06220685690641403
39,blocks.6.conv2,0.060897476971149445
39,blocks.7.conv1,0.074179507791996
39,blocks.7.conv2,0.07371598482131958
39,blocks.8.conv1,0.06959935277700424
39,blocks.8.conv2,0.06814992427825928
39,blocks.9.conv1,0.06525012850761414
39,blocks.9.conv2,0.06705847382545471
39,blocks.10.conv1,0.06330844014883041
39,blocks.10.conv2,0.06003150716423988
39,blocks.11.conv1,0.06589982658624649
39,blocks.11.conv2,0.06579124182462692
39,blocks.12.conv1,0.07504760473966599
39,blocks.12.conv2,0.06749584525823593
39,blocks.13.conv1,0.06851856410503387
39,blocks.13.conv2,0.0653747022151947
39,blocks.14.conv1,0.0800517126917839
39,blocks.14.conv2,0.07610534876585007
39,blocks.15.conv1,0.07388751208782196
39,blocks.15.conv2,0.0733567327260971
39,blocks.16.conv1,0.07884923368692398
39,blocks.16.conv2,0.07488633692264557
39,blocks.17.conv1,0.06893735378980637
39,blocks.17.conv2,0.06444214284420013
39,blocks.18.conv1,0.07063838094472885
39,blocks.18.conv2,0.06625477969646454
39,blocks.19.conv1,0.07704687118530273
39,blocks.19.conv2,0.07610660791397095
39,blocks.20.conv1,0.08216623961925507
39,blocks.20.conv2,0.07694453746080399
39,blocks.21.conv1,0.0905957743525505
39,blocks.21.conv2,0.08168181031942368
39,blocks.22.conv1,0.09445077180862427
39,blocks.22.conv2,0.0871637836098671
39,blocks.23.conv1,0.1008690595626831
39,blocks.23.conv2,0.09063499420881271
39,blocks.24.conv1,0.09240354597568512
39,blocks.24.conv2,0.08655612170696259
39,blocks.25.conv1,0.10558215528726578
39,blocks.25.conv2,0.09383334219455719
39,blocks.26.conv1,0.10605061054229736
39,blocks.26.conv2,0.09286021441221237
39,blocks.27.conv1,0.09819016605615616
39,blocks.27.conv2,0.08826760202646255
39,blocks.28.conv1,0.10549779236316681
39,blocks.28.conv2,0.09166020154953003
39,blocks.29.conv1,0.10478346794843674
39,blocks.29.conv2,0.09675455838441849
39,blocks.30.conv1,0.11783688515424728
39,blocks.30.conv2,0.10389576852321625
39,blocks.31.conv1,0.10564843565225601
39,blocks.31.conv2,0.09369924664497375
39,blocks.32.conv1,0.09814739972352982
39,blocks.32.conv2,0.0868643969297409
39,blocks.33.conv1,0.10403481870889664
39,blocks.33.conv2,0.09254052489995956
39,blocks.34.conv1,0.11824365705251694
39,blocks.34.conv2,0.10712789744138718
39,blocks.35.conv1,0.10564114898443222
39,blocks.35.conv2,0.09813876450061798
39,blocks.36.conv1,0.11786102503538132
39,blocks.36.conv2,0.10435756295919418
39,blocks.37.conv1,0.12527009844779968
39,blocks.37.conv2,0.11283449828624725
39,blocks.38.conv1,0.11700141429901123
39,blocks.38.conv2,0.09765397757291794
39,blocks.39.conv1,0.1173827201128006
39,blocks.39.conv2,0.10251712799072266
39,blocks.40.conv1,0.11123106628656387
39,blocks.40.conv2,0.09740101546049118
39,blocks.41.conv1,0.11834583431482315
39,blocks.41.conv2,0.10927540808916092
39,blocks.42.conv1,0.0957125723361969
39,blocks.42.conv2,0.08812972158193588
39,blocks.43.conv1,0.10106199234724045
39,blocks.43.conv2,0.09076238423585892
39,blocks.44.conv1,0.0972728282213211
39,blocks.44.conv2,0.08906599134206772
39,blocks.45.conv1,0.0986909568309784
39,blocks.45.conv2,0.08923757076263428
39,blocks.46.conv1,0.0914141982793808
39,blocks.46.conv2,0.0788595974445343
39,blocks.47.conv1,0.09567049145698547
39,blocks.47.conv2,0.09141722321510315
39,blocks.48.conv1,0.10734830051660538
39,blocks.48.conv2,0.0884266272187233
39,blocks.49.conv1,0.10176646709442139
39,blocks.49.conv2,0.10248840600252151
39,mean_conv2d_grad_norm,0.09237572052838779
40,stem.0,0.24342888593673706
40,blocks.0.conv1,0.1942228078842163
40,blocks.0.conv2,0.20484666526317596
40,blocks.1.conv1,0.17944809794425964
40,blocks.1.conv2,0.1855655312538147
40,blocks.2.conv1,0.16220879554748535
40,blocks.2.conv2,0.17086230218410492
40,blocks.3.conv1,0.13517118990421295
40,blocks.3.conv2,0.13967664539813995
40,blocks.4.conv1,0.1291736662387848
40,blocks.4.conv2,0.12982416152954102
40,blocks.5.conv1,0.11163382232189178
40,blocks.5.conv2,0.11006594449281693
40,blocks.6.conv1,0.09779582172632217
40,blocks.6.conv2,0.09982747584581375
40,blocks.7.conv1,0.11361183226108551
40,blocks.7.conv2,0.1120719462633133
40,blocks.8.conv1,0.10063435137271881
40,blocks.8.conv2,0.09960944205522537
40,blocks.9.conv1,0.09092101454734802
40,blocks.9.conv2,0.0923730731010437
40,blocks.10.conv1,0.08106500655412674
40,blocks.10.conv2,0.08216466009616852
40,blocks.11.conv1,0.09322240203619003
40,blocks.11.conv2,0.09675071388483047
40,blocks.12.conv1,0.1035979762673378
40,blocks.12.conv2,0.10616700351238251
40,blocks.13.conv1,0.10359169542789459
40,blocks.13.conv2,0.10111448913812637
40,blocks.14.conv1,0.10953046381473541
40,blocks.14.conv2,0.1065758690237999
40,blocks.15.conv1,0.11402767896652222
40,blocks.15.conv2,0.1069917380809784
40,blocks.16.conv1,0.1107955127954483
40,blocks.16.conv2,0.10470467060804367
40,blocks.17.conv1,0.09549426287412643
40,blocks.17.conv2,0.09130354225635529
40,blocks.18.conv1,0.11014629155397415
40,blocks.18.conv2,0.1040879413485527
40,blocks.19.conv1,0.11134292930364609
40,blocks.19.conv2,0.1093597263097763
40,blocks.20.conv1,0.11222367733716965
40,blocks.20.conv2,0.11001767218112946
40,blocks.21.conv1,0.11805746704339981
40,blocks.21.conv2,0.11639995127916336
40,blocks.22.conv1,0.12283831089735031
40,blocks.22.conv2,0.12006592005491257
40,blocks.23.conv1,0.13476485013961792
40,blocks.23.conv2,0.1266859918832779
40,blocks.24.conv1,0.13107122480869293
40,blocks.24.conv2,0.11750544607639313
40,blocks.25.conv1,0.13484729826450348
40,blocks.25.conv2,0.12563574314117432
40,blocks.26.conv1,0.1419760137796402
40,blocks.26.conv2,0.12915441393852234
40,blocks.27.conv1,0.12821480631828308
40,blocks.27.conv2,0.11384943127632141
40,blocks.28.conv1,0.13879382610321045
40,blocks.28.conv2,0.1373652070760727
40,blocks.29.conv1,0.15584446489810944
40,blocks.29.conv2,0.13435223698616028
40,blocks.30.conv1,0.1602042317390442
40,blocks.30.conv2,0.1462971568107605
40,blocks.31.conv1,0.13365797698497772
40,blocks.31.conv2,0.12658745050430298
40,blocks.32.conv1,0.12941649556159973
40,blocks.32.conv2,0.11862824112176895
40,blocks.33.conv1,0.1246841624379158
40,blocks.33.conv2,0.11495194584131241
40,blocks.34.conv1,0.15284806489944458
40,blocks.34.conv2,0.13466519117355347
40,blocks.35.conv1,0.13836324214935303
40,blocks.35.conv2,0.11772865802049637
40,blocks.36.conv1,0.15019506216049194
40,blocks.36.conv2,0.1257159560918808
40,blocks.37.conv1,0.14205065369606018
40,blocks.37.conv2,0.12600521743297577
40,blocks.38.conv1,0.14730298519134521
40,blocks.38.conv2,0.12322056293487549
40,blocks.39.conv1,0.14525862038135529
40,blocks.39.conv2,0.12119246274232864
40,blocks.40.conv1,0.13649433851242065
40,blocks.40.conv2,0.11742207407951355
40,blocks.41.conv1,0.1465388983488083
40,blocks.41.conv2,0.1227661743760109
40,blocks.42.conv1,0.13437338173389435
40,blocks.42.conv2,0.11307632178068161
40,blocks.43.conv1,0.12511201202869415
40,blocks.43.conv2,0.11368253082036972
40,blocks.44.conv1,0.13246525824069977
40,blocks.44.conv2,0.11485004425048828
40,blocks.45.conv1,0.12581482529640198
40,blocks.45.conv2,0.12499099224805832
40,blocks.46.conv1,0.11294033378362656
40,blocks.46.conv2,0.10560888797044754
40,blocks.47.conv1,0.13459451496601105
40,blocks.47.conv2,0.11616428196430206
40,blocks.48.conv1,0.13676419854164124
40,blocks.48.conv2,0.10396836698055267
40,blocks.49.conv1,0.13659699261188507
40,blocks.49.conv2,0.12407229840755463
40,mean_conv2d_grad_norm,0.12526676302204037
41,stem.0,0.1343342512845993
41,blocks.0.conv1,0.14428140223026276
41,blocks.0.conv2,0.14938661456108093
41,blocks.1.conv1,0.13465534150600433
41,blocks.1.conv2,0.13638004660606384
41,blocks.2.conv1,0.12594382464885712
41,blocks.2.conv2,0.12927596271038055
41,blocks.3.conv1,0.10857509821653366
41,blocks.3.conv2,0.10758676379919052
41,blocks.4.conv1,0.10159368067979813
41,blocks.4.conv2,0.09888759255409241
41,blocks.5.conv1,0.09372672438621521
41,blocks.5.conv2,0.09372805058956146
41,blocks.6.conv1,0.07476749271154404
41,blocks.6.conv2,0.07390455156564713
41,blocks.7.conv1,0.08977137506008148
41,blocks.7.conv2,0.08573952317237854
41,blocks.8.conv1,0.08163442462682724
41,blocks.8.conv2,0.08003870397806168
41,blocks.9.conv1,0.07130023092031479
41,blocks.9.conv2,0.06953410804271698
41,blocks.10.conv1,0.06899326294660568
41,blocks.10.conv2,0.06516133248806
41,blocks.11.conv1,0.07256853580474854
41,blocks.11.conv2,0.06864690780639648
41,blocks.12.conv1,0.07564719766378403
41,blocks.12.conv2,0.07580410689115524
41,blocks.13.conv1,0.07345634698867798
41,blocks.13.conv2,0.07152674347162247
41,blocks.14.conv1,0.07730025798082352
41,blocks.14.conv2,0.07106709480285645
41,blocks.15.conv1,0.08483488857746124
41,blocks.15.conv2,0.0800519809126854
41,blocks.16.conv1,0.08192137628793716
41,blocks.16.conv2,0.07913660258054733
41,blocks.17.conv1,0.06339054554700851
41,blocks.17.conv2,0.058470986783504486
41,blocks.18.conv1,0.07387253642082214
41,blocks.18.conv2,0.07075684517621994
41,blocks.19.conv1,0.07239203155040741
41,blocks.19.conv2,0.06895459443330765
41,blocks.20.conv1,0.0744747593998909
41,blocks.20.conv2,0.06951241940259933
41,blocks.21.conv1,0.08715900778770447
41,blocks.21.conv2,0.07852671295404434
41,blocks.22.conv1,0.09946636855602264
41,blocks.22.conv2,0.09105725586414337
41,blocks.23.conv1,0.11033019423484802
41,blocks.23.conv2,0.09533306211233139
41,blocks.24.conv1,0.10127762705087662
41,blocks.24.conv2,0.09023874253034592
41,blocks.25.conv1,0.10985671728849411
41,blocks.25.conv2,0.1010163426399231
41,blocks.26.conv1,0.11917893588542938
41,blocks.26.conv2,0.09909633547067642
41,blocks.27.conv1,0.09938538074493408
41,blocks.27.conv2,0.09276216477155685
41,blocks.28.conv1,0.11336076259613037
41,blocks.28.conv2,0.09398919343948364
41,blocks.29.conv1,0.11080743372440338
41,blocks.29.conv2,0.09744779020547867
41,blocks.30.conv1,0.12149959802627563
41,blocks.30.conv2,0.10226328670978546
41,blocks.31.conv1,0.10641603171825409
41,blocks.31.conv2,0.09524261206388474
41,blocks.32.conv1,0.10774210095405579
41,blocks.32.conv2,0.09409641474485397
41,blocks.33.conv1,0.10241279006004333
41,blocks.33.conv2,0.0902094841003418
41,blocks.34.conv1,0.12364961206912994
41,blocks.34.conv2,0.10479471832513809
41,blocks.35.conv1,0.10978847742080688
41,blocks.35.conv2,0.09624149650335312
41,blocks.36.conv1,0.12254707515239716
41,blocks.36.conv2,0.10552982240915298
41,blocks.37.conv1,0.1367557942867279
41,blocks.37.conv2,0.11435003578662872
41,blocks.38.conv1,0.1136838048696518
41,blocks.38.conv2,0.09641551226377487
41,blocks.39.conv1,0.11828473955392838
41,blocks.39.conv2,0.09925806522369385
41,blocks.40.conv1,0.10857799649238586
41,blocks.40.conv2,0.101205013692379
41,blocks.41.conv1,0.12285441160202026
41,blocks.41.conv2,0.10893405228853226
41,blocks.42.conv1,0.1176181435585022
41,blocks.42.conv2,0.09472007304430008
41,blocks.43.conv1,0.1078566163778305
41,blocks.43.conv2,0.09487959742546082
41,blocks.44.conv1,0.11298465728759766
41,blocks.44.conv2,0.09758102893829346
41,blocks.45.conv1,0.10141249746084213
41,blocks.45.conv2,0.09170868992805481
41,blocks.46.conv1,0.10364599525928497
41,blocks.46.conv2,0.08561714738607407
41,blocks.47.conv1,0.10010974854230881
41,blocks.47.conv2,0.0859922543168068
41,blocks.48.conv1,0.106044240295887
41,blocks.48.conv2,0.08186246454715729
41,blocks.49.conv1,0.10298877209424973
41,blocks.49.conv2,0.09518689662218094
41,mean_conv2d_grad_norm,0.09659642490124938
42,stem.0,0.1559714823961258
42,blocks.0.conv1,0.14709606766700745
42,blocks.0.conv2,0.1540275365114212
42,blocks.1.conv1,0.14179794490337372
42,blocks.1.conv2,0.1450052559375763
42,blocks.2.conv1,0.12111625075340271
42,blocks.2.conv2,0.12281889468431473
42,blocks.3.conv1,0.10538558661937714
42,blocks.3.conv2,0.10843800008296967
42,blocks.4.conv1,0.10004300624132156
42,blocks.4.conv2,0.09955928474664688
42,blocks.5.conv1,0.08594159781932831
42,blocks.5.conv2,0.08857326209545135
42,blocks.6.conv1,0.08744330704212189
42,blocks.6.conv2,0.08664382994174957
42,blocks.7.conv1,0.08817324787378311
42,blocks.7.conv2,0.08820303529500961
42,blocks.8.conv1,0.08514884114265442
42,blocks.8.conv2,0.08567889034748077
42,blocks.9.conv1,0.08052930980920792
42,blocks.9.conv2,0.08319035917520523
42,blocks.10.conv1,0.07910854369401932
42,blocks.10.conv2,0.0746210440993309
42,blocks.11.conv1,0.08189820498228073
42,blocks.11.conv2,0.08047573268413544
42,blocks.12.conv1,0.08544415980577469
42,blocks.12.conv2,0.08252650499343872
42,blocks.13.conv1,0.0783054381608963
42,blocks.13.conv2,0.0824655219912529
42,blocks.14.conv1,0.08191908895969391
42,blocks.14.conv2,0.08061031252145767
42,blocks.15.conv1,0.08252304792404175
42,blocks.15.conv2,0.08121772855520248
42,blocks.16.conv1,0.08750823140144348
42,blocks.16.conv2,0.08674828708171844
42,blocks.17.conv1,0.09145015478134155
42,blocks.17.conv2,0.08493825048208237
42,blocks.18.conv1,0.08517824858427048
42,blocks.18.conv2,0.08223838359117508
42,blocks.19.conv1,0.08885131776332855
42,blocks.19.conv2,0.08446713536977768
42,blocks.20.conv1,0.08579117059707642
42,blocks.20.conv2,0.08288305997848511
42,blocks.21.conv1,0.09471148997545242
42,blocks.21.conv2,0.08956162631511688
42,blocks.22.conv1,0.10838212072849274
42,blocks.22.conv2,0.10036677122116089
42,blocks.23.conv1,0.11147157102823257
42,blocks.23.conv2,0.10136552900075912
42,blocks.24.conv1,0.10520908236503601
42,blocks.24.conv2,0.09319186955690384
42,blocks.25.conv1,0.1129765585064888
42,blocks.25.conv2,0.10384107381105423
42,blocks.26.conv1,0.10633064061403275
42,blocks.26.conv2,0.1001473069190979
42,blocks.27.conv1,0.10262954235076904
42,blocks.27.conv2,0.09433083981275558
42,blocks.28.conv1,0.10549516975879669
42,blocks.28.conv2,0.1001739352941513
42,blocks.29.conv1,0.1131141185760498
42,blocks.29.conv2,0.10060791671276093
42,blocks.30.conv1,0.12076707184314728
42,blocks.30.conv2,0.11408931761980057
42,blocks.31.conv1,0.10840829461812973
42,blocks.31.conv2,0.09796418994665146
42,blocks.32.conv1,0.11584123969078064
42,blocks.32.conv2,0.09790103882551193
42,blocks.33.conv1,0.10908568650484085
42,blocks.33.conv2,0.09536086767911911
42,blocks.34.conv1,0.12902261316776276
42,blocks.34.conv2,0.1081334725022316
42,blocks.35.conv1,0.11592766642570496
42,blocks.35.conv2,0.09641068428754807
42,blocks.36.conv1,0.1296147108078003
42,blocks.36.conv2,0.10892118513584137
42,blocks.37.conv1,0.13279056549072266
42,blocks.37.conv2,0.11082175374031067
42,blocks.38.conv1,0.12152265012264252
42,blocks.38.conv2,0.10380709171295166
42,blocks.39.conv1,0.1203998401761055
42,blocks.39.conv2,0.10527108609676361
42,blocks.40.conv1,0.11524273455142975
42,blocks.40.conv2,0.10169918835163116
42,blocks.41.conv1,0.11655533313751221
42,blocks.41.conv2,0.10582785308361053
42,blocks.42.conv1,0.10974182188510895
42,blocks.42.conv2,0.09117551892995834
42,blocks.43.conv1,0.10152897238731384
42,blocks.43.conv2,0.09378756582736969
42,blocks.44.conv1,0.1028207391500473
42,blocks.44.conv2,0.08950716257095337
42,blocks.45.conv1,0.10238830000162125
42,blocks.45.conv2,0.08830265700817108
42,blocks.46.conv1,0.09643680602312088
42,blocks.46.conv2,0.0803515762090683
42,blocks.47.conv1,0.10243656486272812
42,blocks.47.conv2,0.09117402136325836
42,blocks.48.conv1,0.1063794419169426
42,blocks.48.conv2,0.08065461367368698
42,blocks.49.conv1,0.11209266632795334
42,blocks.49.conv2,0.09289573132991791
42,mean_conv2d_grad_norm,0.10058338630317461
43,stem.0,0.12196990102529526
43,blocks.0.conv1,0.11366497725248337
43,blocks.0.conv2,0.12740181386470795
43,blocks.1.conv1,0.11308495700359344
43,blocks.1.conv2,0.1118268370628357
43,blocks.2.conv1,0.09894881397485733
43,blocks.2.conv2,0.0974155068397522
43,blocks.3.conv1,0.08254773914813995
43,blocks.3.conv2,0.08171913772821426
43,blocks.4.conv1,0.07603748142719269
43,blocks.4.conv2,0.07617349177598953
43,blocks.5.conv1,0.07246114313602448
43,blocks.5.conv2,0.06880628317594528
43,blocks.6.conv1,0.0587380975484848
43,blocks.6.conv2,0.06011687591671944
43,blocks.7.conv1,0.06640373170375824
43,blocks.7.conv2,0.06781277805566788
43,blocks.8.conv1,0.061878398060798645
43,blocks.8.conv2,0.06316973268985748
43,blocks.9.conv1,0.06243519484996796
43,blocks.9.conv2,0.06084435433149338
43,blocks.10.conv1,0.05991915613412857
43,blocks.10.conv2,0.058846697211265564
43,blocks.11.conv1,0.06363537907600403
43,blocks.11.conv2,0.06107645109295845
43,blocks.12.conv1,0.06664630770683289
43,blocks.12.conv2,0.06566624343395233
43,blocks.13.conv1,0.065242700278759
43,blocks.13.conv2,0.06320498138666153
43,blocks.14.conv1,0.0660208985209465
43,blocks.14.conv2,0.0628233551979065
43,blocks.15.conv1,0.07082187384366989
43,blocks.15.conv2,0.06691845506429672
43,blocks.16.conv1,0.06930814683437347
43,blocks.16.conv2,0.06570910662412643
43,blocks.17.conv1,0.06661341339349747
43,blocks.17.conv2,0.06458670645952225
43,blocks.18.conv1,0.0692523717880249
43,blocks.18.conv2,0.0662965178489685
43,blocks.19.conv1,0.0704047903418541
43,blocks.19.conv2,0.06725628674030304
43,blocks.20.conv1,0.06611336022615433
43,blocks.20.conv2,0.062214430421590805
43,blocks.21.conv1,0.07265123724937439
43,blocks.21.conv2,0.06752317398786545
43,blocks.22.conv1,0.08269667625427246
43,blocks.22.conv2,0.0767919272184372
43,blocks.23.conv1,0.08643995225429535
43,blocks.23.conv2,0.07972512394189835
43,blocks.24.conv1,0.08275871723890305
43,blocks.24.conv2,0.0737282931804657
43,blocks.25.conv1,0.09046990424394608
43,blocks.25.conv2,0.07946089655160904
43,blocks.26.conv1,0.09592265635728836
43,blocks.26.conv2,0.08695939928293228
43,blocks.27.conv1,0.08814921975135803
43,blocks.27.conv2,0.08469928056001663
43,blocks.28.conv1,0.08647753298282623
43,blocks.28.conv2,0.07830315828323364
43,blocks.29.conv1,0.10259105265140533
43,blocks.29.conv2,0.08427964895963669
43,blocks.30.conv1,0.09851467609405518
43,blocks.30.conv2,0.08681000769138336
43,blocks.31.conv1,0.0918697714805603
43,blocks.31.conv2,0.07792136073112488
43,blocks.32.conv1,0.08994961529970169
43,blocks.32.conv2,0.07404732704162598
43,blocks.33.conv1,0.08385581523180008
43,blocks.33.conv2,0.07619255036115646
43,blocks.34.conv1,0.10065947473049164
43,blocks.34.conv2,0.09081044793128967
43,blocks.35.conv1,0.09809384495019913
43,blocks.35.conv2,0.0810486450791359
43,blocks.36.conv1,0.10569673031568527
43,blocks.36.conv2,0.08558973670005798
43,blocks.37.conv1,0.10763818770647049
43,blocks.37.conv2,0.09320121258497238
43,blocks.38.conv1,0.093013696372509
43,blocks.38.conv2,0.07813239842653275
43,blocks.39.conv1,0.09246563911437988
43,blocks.39.conv2,0.08427337557077408
43,blocks.40.conv1,0.09461087733507156
43,blocks.40.conv2,0.08298210799694061
43,blocks.41.conv1,0.09275137633085251
43,blocks.41.conv2,0.08916224539279938
43,blocks.42.conv1,0.09196823090314865
43,blocks.42.conv2,0.07783670723438263
43,blocks.43.conv1,0.0832657590508461
43,blocks.43.conv2,0.07945678383111954
43,blocks.44.conv1,0.09713943302631378
43,blocks.44.conv2,0.0842154249548912
43,blocks.45.conv1,0.08724802732467651
43,blocks.45.conv2,0.06996738165616989
43,blocks.46.conv1,0.08058948814868927
43,blocks.46.conv2,0.0651974007487297
43,blocks.47.conv1,0.07637209445238113
43,blocks.47.conv2,0.06499198824167252
43,blocks.48.conv1,0.08974345773458481
43,blocks.48.conv2,0.07581503689289093
43,blocks.49.conv1,0.09019169956445694
43,blocks.49.conv2,0.07375732809305191
43,mean_conv2d_grad_norm,0.08038326821262294
44,stem.0,0.15128616988658905
44,blocks.0.conv1,0.14780765771865845
44,blocks.0.conv2,0.16013136506080627
44,blocks.1.conv1,0.12742485105991364
44,blocks.1.conv2,0.13834096491336823
44,blocks.2.conv1,0.127491757273674
44,blocks.2.conv2,0.12809771299362183
44,blocks.3.conv1,0.10617131739854813
44,blocks.3.conv2,0.1077597513794899
44,blocks.4.conv1,0.09798210859298706
44,blocks.4.conv2,0.09566798806190491
44,blocks.5.conv1,0.08923124521970749
44,blocks.5.conv2,0.08838574588298798
44,blocks.6.conv1,0.0680261105298996
44,blocks.6.conv2,0.06901311874389648
44,blocks.7.conv1,0.08639489114284515
44,blocks.7.conv2,0.08619041740894318
44,blocks.8.conv1,0.07919362932443619
44,blocks.8.conv2,0.07784084975719452
44,blocks.9.conv1,0.07154697179794312
44,blocks.9.conv2,0.0715925469994545
44,blocks.10.conv1,0.0675579085946083
44,blocks.10.conv2,0.06379812955856323
44,blocks.11.conv1,0.07387427985668182
44,blocks.11.conv2,0.07349630445241928
44,blocks.12.conv1,0.08328130096197128
44,blocks.12.conv2,0.0802241712808609
44,blocks.13.conv1,0.08192363381385803
44,blocks.13.conv2,0.07891926914453506
44,blocks.14.conv1,0.08260092884302139
44,blocks.14.conv2,0.0785149335861206
44,blocks.15.conv1,0.07707396149635315
44,blocks.15.conv2,0.07807962596416473
44,blocks.16.conv1,0.081780806183815
44,blocks.16.conv2,0.0764017179608345
44,blocks.17.conv1,0.07212277501821518
44,blocks.17.conv2,0.06826923787593842
44,blocks.18.conv1,0.0755510926246643
44,blocks.18.conv2,0.07307558506727219
44,blocks.19.conv1,0.08115009218454361
44,blocks.19.conv2,0.07875730842351913
44,blocks.20.conv1,0.07842790335416794
44,blocks.20.conv2,0.07720135152339935
44,blocks.21.conv1,0.08963365107774734
44,blocks.21.conv2,0.08626025915145874
44,blocks.22.conv1,0.09781432896852493
44,blocks.22.conv2,0.09441042691469193
44,blocks.23.conv1,0.10474987328052521
44,blocks.23.conv2,0.09834524989128113
44,blocks.24.conv1,0.09847123920917511
44,blocks.24.conv2,0.0920875072479248
44,blocks.25.conv1,0.10835257917642593
44,blocks.25.conv2,0.0994582548737526
44,blocks.26.conv1,0.11440489441156387
44,blocks.26.conv2,0.10016514360904694
44,blocks.27.conv1,0.09900934249162674
44,blocks.27.conv2,0.09100770950317383
44,blocks.28.conv1,0.1117357686161995
44,blocks.28.conv2,0.10006400942802429
44,blocks.29.conv1,0.12903159856796265
44,blocks.29.conv2,0.11271917819976807
44,blocks.30.conv1,0.12771816551685333
44,blocks.30.conv2,0.11400992423295975
44,blocks.31.conv1,0.11150451004505157
44,blocks.31.conv2,0.10204470902681351
44,blocks.32.conv1,0.10834194719791412
44,blocks.32.conv2,0.09642887860536575
44,blocks.33.conv1,0.11263507604598999
44,blocks.33.conv2,0.0943797305226326
44,blocks.34.conv1,0.13948394358158112
44,blocks.34.conv2,0.1308894157409668
44,blocks.35.conv1,0.11901488900184631
44,blocks.35.conv2,0.10204096883535385
44,blocks.36.conv1,0.1398678869009018
44,blocks.36.conv2,0.12080621719360352
44,blocks.37.conv1,0.13722601532936096
44,blocks.37.conv2,0.12909968197345734
44,blocks.38.conv1,0.13138148188591003
44,blocks.38.conv2,0.11294516175985336
44,blocks.39.conv1,0.14280462265014648
44,blocks.39.conv2,0.11555271595716476
44,blocks.40.conv1,0.12134648859500885
44,blocks.40.conv2,0.1095200926065445
44,blocks.41.conv1,0.1342414915561676
44,blocks.41.conv2,0.11550408601760864
44,blocks.42.conv1,0.11056972295045853
44,blocks.42.conv2,0.09839506447315216
44,blocks.43.conv1,0.11605171114206314
44,blocks.43.conv2,0.09961069375276566
44,blocks.44.conv1,0.12513019144535065
44,blocks.44.conv2,0.10231711715459824
44,blocks.45.conv1,0.12038973718881607
44,blocks.45.conv2,0.10462184995412827
44,blocks.46.conv1,0.10620084404945374
44,blocks.46.conv2,0.08863423764705658
44,blocks.47.conv1,0.1063200905919075
44,blocks.47.conv2,0.09189144521951675
44,blocks.48.conv1,0.12605275213718414
44,blocks.48.conv2,0.09965042769908905
44,blocks.49.conv1,0.12251221388578415
44,blocks.49.conv2,0.11203386634588242
44,mean_conv2d_grad_norm,0.10182723336585678
45,stem.0,0.18594345450401306
45,blocks.0.conv1,0.17724040150642395
45,blocks.0.conv2,0.18146587908267975
45,blocks.1.conv1,0.1514885127544403
45,blocks.1.conv2,0.15884838998317719
45,blocks.2.conv1,0.13593517243862152
45,blocks.2.conv2,0.138326033949852
45,blocks.3.conv1,0.12307822704315186
45,blocks.3.conv2,0.12097953259944916
45,blocks.4.conv1,0.1117071732878685
45,blocks.4.conv2,0.11225774139165878
45,blocks.5.conv1,0.10012944042682648
45,blocks.5.conv2,0.10239583253860474
45,blocks.6.conv1,0.08208286017179489
45,blocks.6.conv2,0.08411983400583267
45,blocks.7.conv1,0.10388275980949402
45,blocks.7.conv2,0.1035977154970169
45,blocks.8.conv1,0.092829629778862
45,blocks.8.conv2,0.08895886689424515
45,blocks.9.conv1,0.08395792543888092
45,blocks.9.conv2,0.08541913330554962
45,blocks.10.conv1,0.08910330384969711
45,blocks.10.conv2,0.08510086685419083
45,blocks.11.conv1,0.08817007392644882
45,blocks.11.conv2,0.08481670916080475
45,blocks.12.conv1,0.093614861369133
45,blocks.12.conv2,0.0895654633641243
45,blocks.13.conv1,0.08746523410081863
45,blocks.13.conv2,0.08758103102445602
45,blocks.14.conv1,0.09676884859800339
45,blocks.14.conv2,0.09150243550539017
45,blocks.15.conv1,0.09875804930925369
45,blocks.15.conv2,0.09475021064281464
45,blocks.16.conv1,0.09643829613924026
45,blocks.16.conv2,0.09095408767461777
45,blocks.17.conv1,0.08816926926374435
45,blocks.17.conv2,0.08438202738761902
45,blocks.18.conv1,0.09199400246143341
45,blocks.18.conv2,0.09073424339294434
45,blocks.19.conv1,0.10281843692064285
45,blocks.19.conv2,0.09427386522293091
45,blocks.20.conv1,0.10371080040931702
45,blocks.20.conv2,0.09803652763366699
45,blocks.21.conv1,0.10500935465097427
45,blocks.21.conv2,0.0949159488081932
45,blocks.22.conv1,0.12316109240055084
45,blocks.22.conv2,0.10892375558614731
45,blocks.23.conv1,0.12395920604467392
45,blocks.23.conv2,0.10901877284049988
45,blocks.24.conv1,0.1143435388803482
45,blocks.24.conv2,0.10593773424625397
45,blocks.25.conv1,0.12764568626880646
45,blocks.25.conv2,0.10968039929866791
45,blocks.26.conv1,0.13467839360237122
45,blocks.26.conv2,0.11340155452489853
45,blocks.27.conv1,0.12289983034133911
45,blocks.27.conv2,0.10570449382066727
45,blocks.28.conv1,0.12352234125137329
45,blocks.28.conv2,0.1034325435757637
45,blocks.29.conv1,0.12973465025424957
45,blocks.29.conv2,0.1099076196551323
45,blocks.30.conv1,0.14069941639900208
45,blocks.30.conv2,0.12027983367443085
45,blocks.31.conv1,0.12686873972415924
45,blocks.31.conv2,0.11200779676437378
45,blocks.32.conv1,0.120478056371212
45,blocks.32.conv2,0.10243986546993256
45,blocks.33.conv1,0.11246509104967117
45,blocks.33.conv2,0.0997336134314537
45,blocks.34.conv1,0.13200080394744873
45,blocks.34.conv2,0.12247061729431152
45,blocks.35.conv1,0.1277429759502411
45,blocks.35.conv2,0.11229489743709564
45,blocks.36.conv1,0.1508101373910904
45,blocks.36.conv2,0.12794212996959686
45,blocks.37.conv1,0.16032567620277405
45,blocks.37.conv2,0.12618975341320038
45,blocks.38.conv1,0.14313241839408875
45,blocks.38.conv2,0.1175643652677536
45,blocks.39.conv1,0.1366480588912964
45,blocks.39.conv2,0.11999575048685074
45,blocks.40.conv1,0.1284804791212082
45,blocks.40.conv2,0.11364918202161789
45,blocks.41.conv1,0.13345809280872345
45,blocks.41.conv2,0.12464846670627594
45,blocks.42.conv1,0.12238861620426178
45,blocks.42.conv2,0.10773682594299316
45,blocks.43.conv1,0.1170334666967392
45,blocks.43.conv2,0.10531539469957352
45,blocks.44.conv1,0.1334950029850006
45,blocks.44.conv2,0.11175484955310822
45,blocks.45.conv1,0.11178740859031677
45,blocks.45.conv2,0.0958680808544159
45,blocks.46.conv1,0.10759861022233963
45,blocks.46.conv2,0.08858824521303177
45,blocks.47.conv1,0.11289721727371216
45,blocks.47.conv2,0.10024119913578033
45,blocks.48.conv1,0.12308799475431442
45,blocks.48.conv2,0.09509503096342087
45,blocks.49.conv1,0.1174517348408699
45,blocks.49.conv2,0.09704972058534622
45,mean_conv2d_grad_norm,0.11266282864726417
46,stem.0,0.19521719217300415
46,blocks.0.conv1,0.16923999786376953
46,blocks.0.conv2,0.17120641469955444
46,blocks.1.conv1,0.14564362168312073
46,blocks.1.conv2,0.15452325344085693
46,blocks.2.conv1,0.1420126110315323
46,blocks.2.conv2,0.1448424756526947
46,blocks.3.conv1,0.11669842153787613
46,blocks.3.conv2,0.1262473613023758
46,blocks.4.conv1,0.11856557428836823
46,blocks.4.conv2,0.11845233291387558
46,blocks.5.conv1,0.10460545867681503
46,blocks.5.conv2,0.10586253553628922
46,blocks.6.conv1,0.08824518322944641
46,blocks.6.conv2,0.08694223314523697
46,blocks.7.conv1,0.1021544486284256
46,blocks.7.conv2,0.10229840129613876
46,blocks.8.conv1,0.09239958971738815
46,blocks.8.conv2,0.09344939142465591
46,blocks.9.conv1,0.09104255586862564
46,blocks.9.conv2,0.09037885069847107
46,blocks.10.conv1,0.08639414608478546
46,blocks.10.conv2,0.08492087572813034
46,blocks.11.conv1,0.09180603176355362
46,blocks.11.conv2,0.09057736396789551
46,blocks.12.conv1,0.09882654994726181
46,blocks.12.conv2,0.09208498150110245
46,blocks.13.conv1,0.09491848945617676
46,blocks.13.conv2,0.09193094819784164
46,blocks.14.conv1,0.09664216637611389
46,blocks.14.conv2,0.09369100630283356
46,blocks.15.conv1,0.10195552557706833
46,blocks.15.conv2,0.09666796028614044
46,blocks.16.conv1,0.09815017133951187
46,blocks.16.conv2,0.0923338383436203
46,blocks.17.conv1,0.09511039406061172
46,blocks.17.conv2,0.09099835902452469
46,blocks.18.conv1,0.08733098953962326
46,blocks.18.conv2,0.0906718522310257
46,blocks.19.conv1,0.10897008329629898
46,blocks.19.conv2,0.09846377372741699
46,blocks.20.conv1,0.10277590900659561
46,blocks.20.conv2,0.09370618313550949
46,blocks.21.conv1,0.11137180030345917
46,blocks.21.conv2,0.09763085842132568
46,blocks.22.conv1,0.12248681485652924
46,blocks.22.conv2,0.10944090038537979
46,blocks.23.conv1,0.12599989771842957
46,blocks.23.conv2,0.11270121484994888
46,blocks.24.conv1,0.12771642208099365
46,blocks.24.conv2,0.11112307757139206
46,blocks.25.conv1,0.12084704637527466
46,blocks.25.conv2,0.11220855265855789
46,blocks.26.conv1,0.13911260664463043
46,blocks.26.conv2,0.11715730279684067
46,blocks.27.conv1,0.11947178840637207
46,blocks.27.conv2,0.10458478331565857
46,blocks.28.conv1,0.11975957453250885
46,blocks.28.conv2,0.10837153345346451
46,blocks.29.conv1,0.13156262040138245
46,blocks.29.conv2,0.12255962193012238
46,blocks.30.conv1,0.14438742399215698
46,blocks.30.conv2,0.12416418641805649
46,blocks.31.conv1,0.12291108816862106
46,blocks.31.conv2,0.11387250572443008
46,blocks.32.conv1,0.12031794339418411
46,blocks.32.conv2,0.11256006360054016
46,blocks.33.conv1,0.14056797325611115
46,blocks.33.conv2,0.11878334730863571
46,blocks.34.conv1,0.138401597738266
46,blocks.34.conv2,0.12680940330028534
46,blocks.35.conv1,0.14518505334854126
46,blocks.35.conv2,0.12283815443515778
46,blocks.36.conv1,0.16552592813968658
46,blocks.36.conv2,0.1269666701555252
46,blocks.37.conv1,0.169805109500885
46,blocks.37.conv2,0.13738849759101868
46,blocks.38.conv1,0.13809137046337128
46,blocks.38.conv2,0.1158052384853363
46,blocks.39.conv1,0.14492441713809967
46,blocks.39.conv2,0.11888428032398224
46,blocks.40.conv1,0.14608930051326752
46,blocks.40.conv2,0.11310304701328278
46,blocks.41.conv1,0.13789290189743042
46,blocks.41.conv2,0.11869516968727112
46,blocks.42.conv1,0.11843173205852509
46,blocks.42.conv2,0.10303229838609695
46,blocks.43.conv1,0.10927898436784744
46,blocks.43.conv2,0.09590224921703339
46,blocks.44.conv1,0.13058587908744812
46,blocks.44.conv2,0.10176705569028854
46,blocks.45.conv1,0.10873199254274368
46,blocks.45.conv2,0.09122204035520554
46,blocks.46.conv1,0.10362576693296432
46,blocks.46.conv2,0.08469775319099426
46,blocks.47.conv1,0.1074843630194664
46,blocks.47.conv2,0.08762476593255997
46,blocks.48.conv1,0.11482639610767365
46,blocks.48.conv2,0.09306807816028595
46,blocks.49.conv1,0.10877493768930435
46,blocks.49.conv2,0.1013197973370552
46,mean_conv2d_grad_norm,0.11462778893142643
47,stem.0,0.13623635470867157
47,blocks.0.conv1,0.12579388916492462
47,blocks.0.conv2,0.126140758395195
47,blocks.1.conv1,0.10496614128351212
47,blocks.1.conv2,0.11028247326612473
47,blocks.2.conv1,0.0949421301484108
47,blocks.2.conv2,0.10236475616693497
47,blocks.3.conv1,0.08383233100175858
47,blocks.3.conv2,0.09444254636764526
47,blocks.4.conv1,0.07598280161619186
47,blocks.4.conv2,0.07541137933731079
47,blocks.5.conv1,0.07332005351781845
47,blocks.5.conv2,0.07323428988456726
47,blocks.6.conv1,0.05623827874660492
47,blocks.6.conv2,0.058177050203084946
47,blocks.7.conv1,0.06811206787824631
47,blocks.7.conv2,0.06663482636213303
47,blocks.8.conv1,0.06086404249072075
47,blocks.8.conv2,0.058035485446453094
47,blocks.9.conv1,0.055967461317777634
47,blocks.9.conv2,0.056488100439310074
47,blocks.10.conv1,0.06377711147069931
47,blocks.10.conv2,0.060365475714206696
47,blocks.11.conv1,0.056025680154561996
47,blocks.11.conv2,0.054729726165533066
47,blocks.12.conv1,0.06433381885290146
47,blocks.12.conv2,0.060300324112176895
47,blocks.13.conv1,0.0596049502491951
47,blocks.13.conv2,0.05721098929643631
47,blocks.14.conv1,0.0614011213183403
47,blocks.14.conv2,0.05709964409470558
47,blocks.15.conv1,0.05969439446926117
47,blocks.15.conv2,0.06213981658220291
47,blocks.16.conv1,0.06270091235637665
47,blocks.16.conv2,0.058304328471422195
47,blocks.17.conv1,0.05206190049648285
47,blocks.17.conv2,0.052218660712242126
47,blocks.18.conv1,0.0573403500020504
47,blocks.18.conv2,0.05838657170534134
47,blocks.19.conv1,0.06115061044692993
47,blocks.19.conv2,0.05711532011628151
47,blocks.20.conv1,0.061248812824487686
47,blocks.20.conv2,0.05792757868766785
47,blocks.21.conv1,0.06595328450202942
47,blocks.21.conv2,0.06327947974205017
47,blocks.22.conv1,0.07350216060876846
47,blocks.22.conv2,0.068357914686203
47,blocks.23.conv1,0.08021989464759827
47,blocks.23.conv2,0.0713944360613823
47,blocks.24.conv1,0.07437857985496521
47,blocks.24.conv2,0.07006705552339554
47,blocks.25.conv1,0.08136708289384842
47,blocks.25.conv2,0.07227537035942078
47,blocks.26.conv1,0.0822015181183815
47,blocks.26.conv2,0.07380133122205734
47,blocks.27.conv1,0.08342091739177704
47,blocks.27.conv2,0.071469746530056
47,blocks.28.conv1,0.07786118239164352
47,blocks.28.conv2,0.0680638998746872
47,blocks.29.conv1,0.08132142573595047
47,blocks.29.conv2,0.07515385001897812
47,blocks.30.conv1,0.09071607142686844
47,blocks.30.conv2,0.08250787109136581
47,blocks.31.conv1,0.08440033346414566
47,blocks.31.conv2,0.07627435773611069
47,blocks.32.conv1,0.08044520765542984
47,blocks.32.conv2,0.07064235955476761
47,blocks.33.conv1,0.07171335071325302
47,blocks.33.conv2,0.06583752483129501
47,blocks.34.conv1,0.08261625468730927
47,blocks.34.conv2,0.07421505451202393
47,blocks.35.conv1,0.08302342146635056
47,blocks.35.conv2,0.0711335614323616
47,blocks.36.conv1,0.09869164973497391
47,blocks.36.conv2,0.08391888439655304
47,blocks.37.conv1,0.10092488676309586
47,blocks.37.conv2,0.0848335549235344
47,blocks.38.conv1,0.0967395156621933
47,blocks.38.conv2,0.07656493782997131
47,blocks.39.conv1,0.0842689499258995
47,blocks.39.conv2,0.08119891583919525
47,blocks.40.conv1,0.08963995426893234
47,blocks.40.conv2,0.07703223824501038
47,blocks.41.conv1,0.0899127721786499
47,blocks.41.conv2,0.0789898931980133
47,blocks.42.conv1,0.09190298616886139
47,blocks.42.conv2,0.07447364926338196
47,blocks.43.conv1,0.07434020936489105
47,blocks.43.conv2,0.06527231633663177
47,blocks.44.conv1,0.08796774595975876
47,blocks.44.conv2,0.07071644812822342
47,blocks.45.conv1,0.07453509420156479
47,blocks.45.conv2,0.0689762756228447
47,blocks.46.conv1,0.07693195343017578
47,blocks.46.conv2,0.06455058604478836
47,blocks.47.conv1,0.06405770033597946
47,blocks.47.conv2,0.055877890437841415
47,blocks.48.conv1,0.0765804797410965
47,blocks.48.conv2,0.06533850729465485
47,blocks.49.conv1,0.08169571310281754
47,blocks.49.conv2,0.07426545023918152
47,mean_conv2d_grad_norm,0.07455860369718902
48,stem.0,0.18956147134304047
48,blocks.0.conv1,0.1719377189874649
48,blocks.0.conv2,0.17167307436466217
48,blocks.1.conv1,0.14103645086288452
48,blocks.1.conv2,0.14018088579177856
48,blocks.2.conv1,0.12185605615377426
48,blocks.2.conv2,0.12721921503543854
48,blocks.3.conv1,0.10818780958652496
48,blocks.3.conv2,0.1122727319598198
48,blocks.4.conv1,0.10277578979730606
48,blocks.4.conv2,0.10290315002202988
48,blocks.5.conv1,0.09486697614192963
48,blocks.5.conv2,0.09473089873790741
48,blocks.6.conv1,0.07833100855350494
48,blocks.6.conv2,0.08116353303194046
48,blocks.7.conv1,0.0991041287779808
48,blocks.7.conv2,0.09572042524814606
48,blocks.8.conv1,0.08282479643821716
48,blocks.8.conv2,0.08088711649179459
48,blocks.9.conv1,0.0805622860789299
48,blocks.9.conv2,0.07599452883005142
48,blocks.10.conv1,0.08516564220190048
48,blocks.10.conv2,0.08075480163097382
48,blocks.11.conv1,0.07541729509830475
48,blocks.11.conv2,0.075095534324646
48,blocks.12.conv1,0.0868930071592331
48,blocks.12.conv2,0.08230091631412506
48,blocks.13.conv1,0.08069325983524323
48,blocks.13.conv2,0.0791010707616806
48,blocks.14.conv1,0.08589419722557068
48,blocks.14.conv2,0.08092887699604034
48,blocks.15.conv1,0.08421671390533447
48,blocks.15.conv2,0.07987140864133835
48,blocks.16.conv1,0.08091611415147781
48,blocks.16.conv2,0.07916998118162155
48,blocks.17.conv1,0.0807095319032669
48,blocks.17.conv2,0.0717092901468277
48,blocks.18.conv1,0.07809320092201233
48,blocks.18.conv2,0.07777679711580276
48,blocks.19.conv1,0.0786336287856102
48,blocks.19.conv2,0.07752878218889236
48,blocks.20.conv1,0.08693862706422806
48,blocks.20.conv2,0.08199823647737503
48,blocks.21.conv1,0.09597823768854141
48,blocks.21.conv2,0.08799350261688232
48,blocks.22.conv1,0.09610231220722198
48,blocks.22.conv2,0.08899419009685516
48,blocks.23.conv1,0.10930041968822479
48,blocks.23.conv2,0.09765352308750153
48,blocks.24.conv1,0.10270150005817413
48,blocks.24.conv2,0.09221667051315308
48,blocks.25.conv1,0.11258826404809952
48,blocks.25.conv2,0.09818647801876068
48,blocks.26.conv1,0.13136547803878784
48,blocks.26.conv2,0.10518068820238113
48,blocks.27.conv1,0.10282723605632782
48,blocks.27.conv2,0.09306415170431137
48,blocks.28.conv1,0.1064784824848175
48,blocks.28.conv2,0.09232483059167862
48,blocks.29.conv1,0.11981701105833054
48,blocks.29.conv2,0.10670515894889832
48,blocks.30.conv1,0.13211317360401154
48,blocks.30.conv2,0.11068786680698395
48,blocks.31.conv1,0.10952495783567429
48,blocks.31.conv2,0.09794029593467712
48,blocks.32.conv1,0.1072753444314003
48,blocks.32.conv2,0.09385190904140472
48,blocks.33.conv1,0.09991906583309174
48,blocks.33.conv2,0.08840631693601608
48,blocks.34.conv1,0.1216590404510498
48,blocks.34.conv2,0.10378991812467575
48,blocks.35.conv1,0.1037762463092804
48,blocks.35.conv2,0.0878835991024971
48,blocks.36.conv1,0.12251219898462296
48,blocks.36.conv2,0.10111559182405472
48,blocks.37.conv1,0.12398035824298859
48,blocks.37.conv2,0.10124189406633377
48,blocks.38.conv1,0.09971536695957184
48,blocks.38.conv2,0.08682160824537277
48,blocks.39.conv1,0.10327298939228058
48,blocks.39.conv2,0.08866658806800842
48,blocks.40.conv1,0.10933248698711395
48,blocks.40.conv2,0.09053752571344376
48,blocks.41.conv1,0.11099384725093842
48,blocks.41.conv2,0.09332433342933655
48,blocks.42.conv1,0.09859281033277512
48,blocks.42.conv2,0.08334022015333176
48,blocks.43.conv1,0.09096331149339676
48,blocks.43.conv2,0.07605259120464325
48,blocks.44.conv1,0.09260157495737076
48,blocks.44.conv2,0.07701871544122696
48,blocks.45.conv1,0.10389027744531631
48,blocks.45.conv2,0.08333177864551544
48,blocks.46.conv1,0.0898166075348854
48,blocks.46.conv2,0.07068157941102982
48,blocks.47.conv1,0.085983045399189
48,blocks.47.conv2,0.07693363726139069
48,blocks.48.conv1,0.09281057864427567
48,blocks.48.conv2,0.07169011980295181
48,blocks.49.conv1,0.08717385679483414
48,blocks.49.conv2,0.0694211795926094
48,mean_conv2d_grad_norm,0.09704672781252625
49,stem.0,0.16522841155529022
49,blocks.0.conv1,0.14473548531532288
49,blocks.0.conv2,0.1532047688961029
49,blocks.1.conv1,0.1287127435207367
49,blocks.1.conv2,0.1374836564064026
49,blocks.2.conv1,0.12565933167934418
49,blocks.2.conv2,0.12474383413791656
49,blocks.3.conv1,0.09946887195110321
49,blocks.3.conv2,0.09923230856657028
49,blocks.4.conv1,0.0922035500407219
49,blocks.4.conv2,0.09144238382577896
49,blocks.5.conv1,0.08890367299318314
49,blocks.5.conv2,0.08379215002059937
49,blocks.6.conv1,0.06666470319032669
49,blocks.6.conv2,0.06864544749259949
49,blocks.7.conv1,0.08360638469457626
49,blocks.7.conv2,0.08154117316007614
49,blocks.8.conv1,0.07583563029766083
49,blocks.8.conv2,0.0753345713019371
49,blocks.9.conv1,0.07170916348695755
49,blocks.9.conv2,0.07340424507856369
49,blocks.10.conv1,0.06721106916666031
49,blocks.10.conv2,0.06538835167884827
49,blocks.11.conv1,0.06997854262590408
49,blocks.11.conv2,0.07068933546543121
49,blocks.12.conv1,0.07535088807344437
49,blocks.12.conv2,0.07414551824331284
49,blocks.13.conv1,0.07450495660305023
49,blocks.13.conv2,0.0734514370560646
49,blocks.14.conv1,0.07791419327259064
49,blocks.14.conv2,0.07498408854007721
49,blocks.15.conv1,0.07679595053195953
49,blocks.15.conv2,0.0735652968287468
49,blocks.16.conv1,0.07475613057613373
49,blocks.16.conv2,0.0724794790148735
49,blocks.17.conv1,0.06871310621500015
49,blocks.17.conv2,0.06654062867164612
49,blocks.18.conv1,0.07132580131292343
49,blocks.18.conv2,0.06905895471572876
49,blocks.19.conv1,0.08527703583240509
49,blocks.19.conv2,0.07948198914527893
49,blocks.20.conv1,0.08005249500274658
49,blocks.20.conv2,0.07509718835353851
49,blocks.21.conv1,0.08626767992973328
49,blocks.21.conv2,0.08116600662469864
49,blocks.22.conv1,0.09515628218650818
49,blocks.22.conv2,0.08649644255638123
49,blocks.23.conv1,0.104568250477314
49,blocks.23.conv2,0.09321209043264389
49,blocks.24.conv1,0.09737718105316162
49,blocks.24.conv2,0.08968865126371384
49,blocks.25.conv1,0.09634179621934891
49,blocks.25.conv2,0.09060382843017578
49,blocks.26.conv1,0.11014891415834427
49,blocks.26.conv2,0.09493716061115265
49,blocks.27.conv1,0.09843860566616058
49,blocks.27.conv2,0.08753950148820877
49,blocks.28.conv1,0.09341710060834885
49,blocks.28.conv2,0.08763596415519714
49,blocks.29.conv1,0.10461399704217911
49,blocks.29.conv2,0.10197538882493973
49,blocks.30.conv1,0.11479175090789795
49,blocks.30.conv2,0.10497961193323135
49,blocks.31.conv1,0.10491631925106049
49,blocks.31.conv2,0.09598661959171295
49,blocks.32.conv1,0.10746634006500244
49,blocks.32.conv2,0.09146354347467422
49,blocks.33.conv1,0.10794458538293839
49,blocks.33.conv2,0.09060275554656982
49,blocks.34.conv1,0.11937391012907028
49,blocks.34.conv2,0.1026199534535408
49,blocks.35.conv1,0.11478256434202194
49,blocks.35.conv2,0.0986529067158699
49,blocks.36.conv1,0.1304222196340561
49,blocks.36.conv2,0.10715719312429428
49,blocks.37.conv1,0.1337224692106247
49,blocks.37.conv2,0.11091971397399902
49,blocks.38.conv1,0.11759450286626816
49,blocks.38.conv2,0.10386554151773453
49,blocks.39.conv1,0.10969395935535431
49,blocks.39.conv2,0.09761033952236176
49,blocks.40.conv1,0.11894181370735168
49,blocks.40.conv2,0.10046404600143433
49,blocks.41.conv1,0.13401676714420319
49,blocks.41.conv2,0.1091114804148674
49,blocks.42.conv1,0.11160128563642502
49,blocks.42.conv2,0.09433847665786743
49,blocks.43.conv1,0.10586012154817581
49,blocks.43.conv2,0.08697865903377533
49,blocks.44.conv1,0.11087900400161743
49,blocks.44.conv2,0.0923667922616005
49,blocks.45.conv1,0.10552062094211578
49,blocks.45.conv2,0.08358993381261826
49,blocks.46.conv1,0.09644812345504761
49,blocks.46.conv2,0.0863531157374382
49,blocks.47.conv1,0.09260713309049606
49,blocks.47.conv2,0.08477950096130371
49,blocks.48.conv1,0.10754971951246262
49,blocks.48.conv2,0.08574538677930832
49,blocks.49.conv1,0.10163569450378418
49,blocks.49.conv2,0.0862107127904892
49,mean_conv2d_grad_norm,0.09512341538868328
50,stem.0,0.15173795819282532
50,blocks.0.conv1,0.1300147920846939
50,blocks.0.conv2,0.12997670471668243
50,blocks.1.conv1,0.11242852360010147
50,blocks.1.conv2,0.11085796356201172
50,blocks.2.conv1,0.0978255644440651
50,blocks.2.conv2,0.10253384709358215
50,blocks.3.conv1,0.08553598821163177
50,blocks.3.conv2,0.08677978813648224
50,blocks.4.conv1,0.08630311489105225
50,blocks.4.conv2,0.08634496480226517
50,blocks.5.conv1,0.07595936954021454
50,blocks.5.conv2,0.0748145654797554
50,blocks.6.conv1,0.06225205585360527
50,blocks.6.conv2,0.06434395909309387
50,blocks.7.conv1,0.07253088057041168
50,blocks.7.conv2,0.0745813176035881
50,blocks.8.conv1,0.06768059730529785
50,blocks.8.conv2,0.06630412489175797
50,blocks.9.conv1,0.07117141038179398
50,blocks.9.conv2,0.06840630620718002
50,blocks.10.conv1,0.05968887731432915
50,blocks.10.conv2,0.05760211497545242
50,blocks.11.conv1,0.06385350972414017
50,blocks.11.conv2,0.06461189687252045
50,blocks.12.conv1,0.06956706196069717
50,blocks.12.conv2,0.06640105694532394
50,blocks.13.conv1,0.06914085149765015
50,blocks.13.conv2,0.06716467440128326
50,blocks.14.conv1,0.06864561885595322
50,blocks.14.conv2,0.06535901874303818
50,blocks.15.conv1,0.07058683037757874
50,blocks.15.conv2,0.06838411837816238
50,blocks.16.conv1,0.07451321929693222
50,blocks.16.conv2,0.06632408499717712
50,blocks.17.conv1,0.0618073008954525
50,blocks.17.conv2,0.057495489716529846
50,blocks.18.conv1,0.06223097816109657
50,blocks.18.conv2,0.06182071939110756
50,blocks.19.conv1,0.0702318623661995
50,blocks.19.conv2,0.0692080408334732
50,blocks.20.conv1,0.07108135521411896
50,blocks.20.conv2,0.06797961890697479
50,blocks.21.conv1,0.0773024782538414
50,blocks.21.conv2,0.07176225632429123
50,blocks.22.conv1,0.08270692080259323
50,blocks.22.conv2,0.08026838302612305
50,blocks.23.conv1,0.09258680045604706
50,blocks.23.conv2,0.08392953127622604
50,blocks.24.conv1,0.0834147185087204
50,blocks.24.conv2,0.0789845883846283
50,blocks.25.conv1,0.09275785833597183
50,blocks.25.conv2,0.08547329157590866
50,blocks.26.conv1,0.09618954360485077
50,blocks.26.conv2,0.08341901004314423
50,blocks.27.conv1,0.08695074915885925
50,blocks.27.conv2,0.0757993683218956
50,blocks.28.conv1,0.10314980894327164
50,blocks.28.conv2,0.08940357714891434
50,blocks.29.conv1,0.10509292036294937
50,blocks.29.conv2,0.09356079250574112
50,blocks.30.conv1,0.10788232833147049
50,blocks.30.conv2,0.0976281613111496
50,blocks.31.conv1,0.09553933888673782
50,blocks.31.conv2,0.08539312332868576
50,blocks.32.conv1,0.08983134478330612
50,blocks.32.conv2,0.07985607534646988
50,blocks.33.conv1,0.08808035403490067
50,blocks.33.conv2,0.0802098959684372
50,blocks.34.conv1,0.10249638557434082
50,blocks.34.conv2,0.09240912646055222
50,blocks.35.conv1,0.09181563556194305
50,blocks.35.conv2,0.08137046545743942
50,blocks.36.conv1,0.11461040377616882
50,blocks.36.conv2,0.09217604249715805
50,blocks.37.conv1,0.11169297993183136
50,blocks.37.conv2,0.09500894695520401
50,blocks.38.conv1,0.10414036363363266
50,blocks.38.conv2,0.08586545288562775
50,blocks.39.conv1,0.1037544533610344
50,blocks.39.conv2,0.08863746374845505
50,blocks.40.conv1,0.10015416145324707
50,blocks.40.conv2,0.07913804799318314
50,blocks.41.conv1,0.10291612148284912
50,blocks.41.conv2,0.09111762046813965
50,blocks.42.conv1,0.08822092413902283
50,blocks.42.conv2,0.07798261940479279
50,blocks.43.conv1,0.08600864559412003
50,blocks.43.conv2,0.07638879865407944
50,blocks.44.conv1,0.09142553061246872
50,blocks.44.conv2,0.07884907722473145
50,blocks.45.conv1,0.07905031740665436
50,blocks.45.conv2,0.06979215145111084
50,blocks.46.conv1,0.08304288983345032
50,blocks.46.conv2,0.07630102336406708
50,blocks.47.conv1,0.07979360967874527
50,blocks.47.conv2,0.06754469871520996
50,blocks.48.conv1,0.090084508061409
50,blocks.48.conv2,0.075787752866745
50,blocks.49.conv1,0.09414750337600708
50,blocks.49.conv2,0.08072524517774582
50,mean_conv2d_grad_norm,0.0836802404189464
51,stem.0,0.2188315987586975
51,blocks.0.conv1,0.192928284406662
51,blocks.0.conv2,0.19163194298744202
51,blocks.1.conv1,0.17043983936309814
51,blocks.1.conv2,0.1704098880290985
51,blocks.2.conv1,0.144651859998703
51,blocks.2.conv2,0.15133081376552582
51,blocks.3.conv1,0.12903498113155365
51,blocks.3.conv2,0.13130532205104828
51,blocks.4.conv1,0.11737941205501556
51,blocks.4.conv2,0.11589385569095612
51,blocks.5.conv1,0.1115914136171341
51,blocks.5.conv2,0.10894127190113068
51,blocks.6.conv1,0.09293650090694427
51,blocks.6.conv2,0.09247087687253952
51,blocks.7.conv1,0.10294423997402191
51,blocks.7.conv2,0.1017656922340393
51,blocks.8.conv1,0.10363107174634933
51,blocks.8.conv2,0.09967063367366791
51,blocks.9.conv1,0.09331739693880081
51,blocks.9.conv2,0.09258043020963669
51,blocks.10.conv1,0.09138611704111099
51,blocks.10.conv2,0.0897083729505539
51,blocks.11.conv1,0.09134241193532944
51,blocks.11.conv2,0.09106805175542831
51,blocks.12.conv1,0.09841553121805191
51,blocks.12.conv2,0.09907040745019913
51,blocks.13.conv1,0.09432393312454224
51,blocks.13.conv2,0.09268195927143097
51,blocks.14.conv1,0.09453514963388443
51,blocks.14.conv2,0.09443807601928711
51,blocks.15.conv1,0.10156376659870148
51,blocks.15.conv2,0.09632252156734467
51,blocks.16.conv1,0.10372760146856308
51,blocks.16.conv2,0.09827985614538193
51,blocks.17.conv1,0.09248043596744537
51,blocks.17.conv2,0.0855623409152031
51,blocks.18.conv1,0.09128065407276154
51,blocks.18.conv2,0.08812688291072845
51,blocks.19.conv1,0.0981794074177742
51,blocks.19.conv2,0.09340506047010422
51,blocks.20.conv1,0.10430879890918732
51,blocks.20.conv2,0.09176827222108841
51,blocks.21.conv1,0.10113586485385895
51,blocks.21.conv2,0.09225507080554962
51,blocks.22.conv1,0.11497277766466141
51,blocks.22.conv2,0.10728929936885834
51,blocks.23.conv1,0.12500527501106262
51,blocks.23.conv2,0.11474044620990753
51,blocks.24.conv1,0.12340620905160904
51,blocks.24.conv2,0.10729122161865234
51,blocks.25.conv1,0.12083736062049866
51,blocks.25.conv2,0.1093994677066803
51,blocks.26.conv1,0.14514434337615967
51,blocks.26.conv2,0.12058651447296143
51,blocks.27.conv1,0.12010776251554489
51,blocks.27.conv2,0.1067647859454155
51,blocks.28.conv1,0.12055318057537079
51,blocks.28.conv2,0.10686914622783661
51,blocks.29.conv1,0.12940485775470734
51,blocks.29.conv2,0.11736739426851273
51,blocks.30.conv1,0.13636554777622223
51,blocks.30.conv2,0.12311860173940659
51,blocks.31.conv1,0.13036836683750153
51,blocks.31.conv2,0.11415360867977142
51,blocks.32.conv1,0.13490688800811768
51,blocks.32.conv2,0.11239977926015854
51,blocks.33.conv1,0.12293494492769241
51,blocks.33.conv2,0.10697022825479507
51,blocks.34.conv1,0.14793063700199127
51,blocks.34.conv2,0.11769349128007889
51,blocks.35.conv1,0.11973948776721954
51,blocks.35.conv2,0.1090032085776329
51,blocks.36.conv1,0.14754562079906464
51,blocks.36.conv2,0.11837286502122879
51,blocks.37.conv1,0.14221744239330292
51,blocks.37.conv2,0.12091204524040222
51,blocks.38.conv1,0.12653447687625885
51,blocks.38.conv2,0.1008530855178833
51,blocks.39.conv1,0.12045673280954361
51,blocks.39.conv2,0.10623587667942047
51,blocks.40.conv1,0.11676914989948273
51,blocks.40.conv2,0.10167525708675385
51,blocks.41.conv1,0.1228623017668724
51,blocks.41.conv2,0.10807862877845764
51,blocks.42.conv1,0.10522612929344177
51,blocks.42.conv2,0.09246768802404404
51,blocks.43.conv1,0.10637189447879791
51,blocks.43.conv2,0.09383338689804077
51,blocks.44.conv1,0.11333861202001572
51,blocks.44.conv2,0.09405364841222763
51,blocks.45.conv1,0.10084594041109085
51,blocks.45.conv2,0.08409922569990158
51,blocks.46.conv1,0.09844762831926346
51,blocks.46.conv2,0.08367229998111725
51,blocks.47.conv1,0.10391609370708466
51,blocks.47.conv2,0.0819932222366333
51,blocks.48.conv1,0.10339219123125076
51,blocks.48.conv2,0.09142143279314041
51,blocks.49.conv1,0.11473573744297028
51,blocks.49.conv2,0.10033821314573288
51,mean_conv2d_grad_norm,0.1126242131732478
52,stem.0,0.2175697386264801
52,blocks.0.conv1,0.17228804528713226
52,blocks.0.conv2,0.1865886002779007
52,blocks.1.conv1,0.15917648375034332
52,blocks.1.conv2,0.17190934717655182
52,blocks.2.conv1,0.14410479366779327
52,blocks.2.conv2,0.15061093866825104
52,blocks.3.conv1,0.12196990847587585
52,blocks.3.conv2,0.12979932129383087
52,blocks.4.conv1,0.11060928553342819
52,blocks.4.conv2,0.11042442172765732
52,blocks.5.conv1,0.1084873303771019
52,blocks.5.conv2,0.10959528386592865
52,blocks.6.conv1,0.08465710282325745
52,blocks.6.conv2,0.08851275593042374
52,blocks.7.conv1,0.10079602897167206
52,blocks.7.conv2,0.09985637664794922
52,blocks.8.conv1,0.08975618332624435
52,blocks.8.conv2,0.08984016627073288
52,blocks.9.conv1,0.09093953669071198
52,blocks.9.conv2,0.09143701195716858
52,blocks.10.conv1,0.08931267261505127
52,blocks.10.conv2,0.08424092829227448
52,blocks.11.conv1,0.09028250724077225
52,blocks.11.conv2,0.08771293610334396
52,blocks.12.conv1,0.10049710422754288
52,blocks.12.conv2,0.09552211314439774
52,blocks.13.conv1,0.09725011140108109
52,blocks.13.conv2,0.09326092153787613
52,blocks.14.conv1,0.10157879441976547
52,blocks.14.conv2,0.09395776689052582
52,blocks.15.conv1,0.09965834766626358
52,blocks.15.conv2,0.09473778307437897
52,blocks.16.conv1,0.10008211433887482
52,blocks.16.conv2,0.09625149518251419
52,blocks.17.conv1,0.08535824716091156
52,blocks.17.conv2,0.08135055750608444
52,blocks.18.conv1,0.09580205380916595
52,blocks.18.conv2,0.10114287585020065
52,blocks.19.conv1,0.10353375226259232
52,blocks.19.conv2,0.10047420114278793
52,blocks.20.conv1,0.10467903316020966
52,blocks.20.conv2,0.09481330960988998
52,blocks.21.conv1,0.10629132390022278
52,blocks.21.conv2,0.10233423858880997
52,blocks.22.conv1,0.12303494662046432
52,blocks.22.conv2,0.1200626790523529
52,blocks.23.conv1,0.12990817427635193
52,blocks.23.conv2,0.12092610448598862
52,blocks.24.conv1,0.12321553379297256
52,blocks.24.conv2,0.11671299487352371
52,blocks.25.conv1,0.12975002825260162
52,blocks.25.conv2,0.1214313730597496
52,blocks.26.conv1,0.1435953825712204
52,blocks.26.conv2,0.1233781948685646
52,blocks.27.conv1,0.1319485306739807
52,blocks.27.conv2,0.1196085587143898
52,blocks.28.conv1,0.1446298211812973
52,blocks.28.conv2,0.12311351299285889
52,blocks.29.conv1,0.149907186627388
52,blocks.29.conv2,0.13136887550354004
52,blocks.30.conv1,0.14555679261684418
52,blocks.30.conv2,0.1341259479522705
52,blocks.31.conv1,0.1364019513130188
52,blocks.31.conv2,0.12538829445838928
52,blocks.32.conv1,0.133858323097229
52,blocks.32.conv2,0.11785852164030075
52,blocks.33.conv1,0.13014042377471924
52,blocks.33.conv2,0.11636409163475037
52,blocks.34.conv1,0.15459772944450378
52,blocks.34.conv2,0.14109547436237335
52,blocks.35.conv1,0.13916966319084167
52,blocks.35.conv2,0.12104541063308716
52,blocks.36.conv1,0.15088686347007751
52,blocks.36.conv2,0.13822220265865326
52,blocks.37.conv1,0.16374164819717407
52,blocks.37.conv2,0.13899806141853333
52,blocks.38.conv1,0.1468319296836853
52,blocks.38.conv2,0.12405195087194443
52,blocks.39.conv1,0.15122422575950623
52,blocks.39.conv2,0.1277368664741516
52,blocks.40.conv1,0.1624232977628708
52,blocks.40.conv2,0.1328868567943573
52,blocks.41.conv1,0.1596498042345047
52,blocks.41.conv2,0.14107967913150787
52,blocks.42.conv1,0.13599996268749237
52,blocks.42.conv2,0.11682990938425064
52,blocks.43.conv1,0.13037675619125366
52,blocks.43.conv2,0.11489487439393997
52,blocks.44.conv1,0.13475029170513153
52,blocks.44.conv2,0.1230049654841423
52,blocks.45.conv1,0.13332992792129517
52,blocks.45.conv2,0.1147284060716629
52,blocks.46.conv1,0.12680159509181976
52,blocks.46.conv2,0.09957373887300491
52,blocks.47.conv1,0.12320706248283386
52,blocks.47.conv2,0.10414665192365646
52,blocks.48.conv1,0.13601209223270416
52,blocks.48.conv2,0.11105877161026001
52,blocks.49.conv1,0.13042964041233063
52,blocks.49.conv2,0.11376283317804337
52,mean_conv2d_grad_norm,0.12142464592315183
53,stem.0,0.2094660997390747
53,blocks.0.conv1,0.18284717202186584
53,blocks.0.conv2,0.19798019528388977
53,blocks.1.conv1,0.18512973189353943
53,blocks.1.conv2,0.1856883019208908
53,blocks.2.conv1,0.16835884749889374
53,blocks.2.conv2,0.17752110958099365
53,blocks.3.conv1,0.1437966227531433
53,blocks.3.conv2,0.1498688906431198
53,blocks.4.conv1,0.14192450046539307
53,blocks.4.conv2,0.13650329411029816
53,blocks.5.conv1,0.1197311133146286
53,blocks.5.conv2,0.12601231038570404
53,blocks.6.conv1,0.10955590009689331
53,blocks.6.conv2,0.11768550425767899
53,blocks.7.conv1,0.1185510903596878
53,blocks.7.conv2,0.12453040480613708
53,blocks.8.conv1,0.10327644646167755
53,blocks.8.conv2,0.10777755081653595
53,blocks.9.conv1,0.10428021103143692
53,blocks.9.conv2,0.10202572494745255
53,blocks.10.conv1,0.10064816474914551
53,blocks.10.conv2,0.09798260778188705
53,blocks.11.conv1,0.10255167633295059
53,blocks.11.conv2,0.10159805417060852
53,blocks.12.conv1,0.11492864042520523
53,blocks.12.conv2,0.1060250997543335
53,blocks.13.conv1,0.10761231929063797
53,blocks.13.conv2,0.10766994953155518
53,blocks.14.conv1,0.10929474979639053
53,blocks.14.conv2,0.10519208759069443
53,blocks.15.conv1,0.11722336709499359
53,blocks.15.conv2,0.11482679098844528
53,blocks.16.conv1,0.11609651893377304
53,blocks.16.conv2,0.10642405599355698
53,blocks.17.conv1,0.09537490457296371
53,blocks.17.conv2,0.09169598668813705
53,blocks.18.conv1,0.10424720495939255
53,blocks.18.conv2,0.10178989917039871
53,blocks.19.conv1,0.11293672770261765
53,blocks.19.conv2,0.10811834782361984
53,blocks.20.conv1,0.11800653487443924
53,blocks.20.conv2,0.10975505411624908
53,blocks.21.conv1,0.1288871467113495
53,blocks.21.conv2,0.1110854372382164
53,blocks.22.conv1,0.14873026311397552
53,blocks.22.conv2,0.13477011024951935
53,blocks.23.conv1,0.14657723903656006
53,blocks.23.conv2,0.13659080862998962
53,blocks.24.conv1,0.1357806921005249
53,blocks.24.conv2,0.12537600100040436
53,blocks.25.conv1,0.1413397192955017
53,blocks.25.conv2,0.12999007105827332
53,blocks.26.conv1,0.15705400705337524
53,blocks.26.conv2,0.13481733202934265
53,blocks.27.conv1,0.13407084345817566
53,blocks.27.conv2,0.12490162253379822
53,blocks.28.conv1,0.1445656418800354
53,blocks.28.conv2,0.13422000408172607
53,blocks.29.conv1,0.1582433581352234
53,blocks.29.conv2,0.14050020277500153
53,blocks.30.conv1,0.1669302135705948
53,blocks.30.conv2,0.14093048870563507
53,blocks.31.conv1,0.14852945506572723
53,blocks.31.conv2,0.12630200386047363
53,blocks.32.conv1,0.14499954879283905
53,blocks.32.conv2,0.12102411687374115
53,blocks.33.conv1,0.14083997905254364
53,blocks.33.conv2,0.11854789406061172
53,blocks.34.conv1,0.15742520987987518
53,blocks.34.conv2,0.13385477662086487
53,blocks.35.conv1,0.1573077142238617
53,blocks.35.conv2,0.13007526099681854
53,blocks.36.conv1,0.16551466286182404
53,blocks.36.conv2,0.13775677978992462
53,blocks.37.conv1,0.17608630657196045
53,blocks.37.conv2,0.1514299362897873
53,blocks.38.conv1,0.16264963150024414
53,blocks.38.conv2,0.13273198902606964
53,blocks.39.conv1,0.14648126065731049
53,blocks.39.conv2,0.1300792098045349
53,blocks.40.conv1,0.15105749666690826
53,blocks.40.conv2,0.13151948153972626
53,blocks.41.conv1,0.16686087846755981
53,blocks.41.conv2,0.14807066321372986
53,blocks.42.conv1,0.1428716778755188
53,blocks.42.conv2,0.12535901367664337
53,blocks.43.conv1,0.14603501558303833
53,blocks.43.conv2,0.12234808504581451
53,blocks.44.conv1,0.15418772399425507
53,blocks.44.conv2,0.1330253779888153
53,blocks.45.conv1,0.13773012161254883
53,blocks.45.conv2,0.117873914539814
53,blocks.46.conv1,0.13065163791179657
53,blocks.46.conv2,0.10740593075752258
53,blocks.47.conv1,0.13060803711414337
53,blocks.47.conv2,0.10503333061933517
53,blocks.48.conv1,0.13214747607707977
53,blocks.48.conv2,0.10639066249132156
53,blocks.49.conv1,0.13067983090877533
53,blocks.49.conv2,0.10980874300003052
53,mean_conv2d_grad_norm,0.13217001784555982
54,stem.0,0.1400851160287857
54,blocks.0.conv1,0.1252899169921875
54,blocks.0.conv2,0.12650679051876068
54,blocks.1.conv1,0.11682868003845215
54,blocks.1.conv2,0.11456248164176941
54,blocks.2.conv1,0.09893307089805603
54,blocks.2.conv2,0.0983300656080246
54,blocks.3.conv1,0.08737469464540482
54,blocks.3.conv2,0.08829673379659653
54,blocks.4.conv1,0.08022041618824005
54,blocks.4.conv2,0.07907411456108093
54,blocks.5.conv1,0.06779451668262482
54,blocks.5.conv2,0.06905680894851685
54,blocks.6.conv1,0.06141658127307892
54,blocks.6.conv2,0.05954686179757118
54,blocks.7.conv1,0.07141956686973572
54,blocks.7.conv2,0.06738924235105515
54,blocks.8.conv1,0.06400354206562042
54,blocks.8.conv2,0.06083996593952179
54,blocks.9.conv1,0.06103477254509926
54,blocks.9.conv2,0.0625455379486084
54,blocks.10.conv1,0.059049949049949646
54,blocks.10.conv2,0.056419745087623596
54,blocks.11.conv1,0.060629356652498245
54,blocks.11.conv2,0.05753997713327408
54,blocks.12.conv1,0.0645371675491333
54,blocks.12.conv2,0.06231781467795372
54,blocks.13.conv1,0.060967858880758286
54,blocks.13.conv2,0.060118384659290314
54,blocks.14.conv1,0.06902561336755753
54,blocks.14.conv2,0.06499956548213959
54,blocks.15.conv1,0.07344189286231995
54,blocks.15.conv2,0.0631762221455574
54,blocks.16.conv1,0.06447339057922363
54,blocks.16.conv2,0.06378740072250366
54,blocks.17.conv1,0.058211471885442734
54,blocks.17.conv2,0.05648713558912277
54,blocks.18.conv1,0.06164040043950081
54,blocks.18.conv2,0.05798434093594551
54,blocks.19.conv1,0.06604187935590744
54,blocks.19.conv2,0.06252048909664154
54,blocks.20.conv1,0.0657898560166359
54,blocks.20.conv2,0.06031276285648346
54,blocks.21.conv1,0.07464386522769928
54,blocks.21.conv2,0.06409892439842224
54,blocks.22.conv1,0.08203895390033722
54,blocks.22.conv2,0.0740823969244957
54,blocks.23.conv1,0.08217190206050873
54,blocks.23.conv2,0.07256821542978287
54,blocks.24.conv1,0.07914482802152634
54,blocks.24.conv2,0.06923156976699829
54,blocks.25.conv1,0.08135202527046204
54,blocks.25.conv2,0.07276392728090286
54,blocks.26.conv1,0.09013905376195908
54,blocks.26.conv2,0.07523707300424576
54,blocks.27.conv1,0.08083713799715042
54,blocks.27.conv2,0.07303103059530258
54,blocks.28.conv1,0.08781435340642929
54,blocks.28.conv2,0.07478666305541992
54,blocks.29.conv1,0.09059569239616394
54,blocks.29.conv2,0.07655888050794601
54,blocks.30.conv1,0.0897269919514656
54,blocks.30.conv2,0.07838790863752365
54,blocks.31.conv1,0.0819334089756012
54,blocks.31.conv2,0.07162842154502869
54,blocks.32.conv1,0.08193236589431763
54,blocks.32.conv2,0.07096562534570694
54,blocks.33.conv1,0.07798969745635986
54,blocks.33.conv2,0.06617822498083115
54,blocks.34.conv1,0.08773108571767807
54,blocks.34.conv2,0.07507719844579697
54,blocks.35.conv1,0.08638018369674683
54,blocks.35.conv2,0.07547562569379807
54,blocks.36.conv1,0.09470627456903458
54,blocks.36.conv2,0.08445502817630768
54,blocks.37.conv1,0.0912029892206192
54,blocks.37.conv2,0.07837843894958496
54,blocks.38.conv1,0.07879997044801712
54,blocks.38.conv2,0.07060341536998749
54,blocks.39.conv1,0.083362877368927
54,blocks.39.conv2,0.07280558347702026
54,blocks.40.conv1,0.08522272855043411
54,blocks.40.conv2,0.06892266124486923
54,blocks.41.conv1,0.08774037659168243
54,blocks.41.conv2,0.07608942687511444
54,blocks.42.conv1,0.07673420011997223
54,blocks.42.conv2,0.059648800641298294
54,blocks.43.conv1,0.06639780104160309
54,blocks.43.conv2,0.0578608363866806
54,blocks.44.conv1,0.07967525720596313
54,blocks.44.conv2,0.060193706303834915
54,blocks.45.conv1,0.06383773684501648
54,blocks.45.conv2,0.04962654784321785
54,blocks.46.conv1,0.06378833204507828
54,blocks.46.conv2,0.047590892761945724
54,blocks.47.conv1,0.058634158223867416
54,blocks.47.conv2,0.045019008219242096
54,blocks.48.conv1,0.060256995260715485
54,blocks.48.conv2,0.04502973333001137
54,blocks.49.conv1,0.058234140276908875
54,blocks.49.conv2,0.04533868283033371
54,mean_conv2d_grad_norm,0.07351170281077375
55,stem.0,0.1520605981349945
55,blocks.0.conv1,0.13676998019218445
55,blocks.0.conv2,0.15893401205539703
55,blocks.1.conv1,0.13689249753952026
55,blocks.1.conv2,0.14126725494861603
55,blocks.2.conv1,0.12013787776231766
55,blocks.2.conv2,0.1306898593902588
55,blocks.3.conv1,0.09880830347537994
55,blocks.3.conv2,0.10010406374931335
55,blocks.4.conv1,0.09228391200304031
55,blocks.4.conv2,0.09542497247457504
55,blocks.5.conv1,0.08120076358318329
55,blocks.5.conv2,0.08646268397569656
55,blocks.6.conv1,0.07166662812232971
55,blocks.6.conv2,0.07302607595920563
55,blocks.7.conv1,0.08170031011104584
55,blocks.7.conv2,0.08332005888223648
55,blocks.8.conv1,0.07793714106082916
55,blocks.8.conv2,0.07827103137969971
55,blocks.9.conv1,0.07937223464250565
55,blocks.9.conv2,0.07541275769472122
55,blocks.10.conv1,0.07328229397535324
55,blocks.10.conv2,0.07399886846542358
55,blocks.11.conv1,0.07415265589952469
55,blocks.11.conv2,0.07588949799537659
55,blocks.12.conv1,0.08271428942680359
55,blocks.12.conv2,0.07946200668811798
55,blocks.13.conv1,0.08731237798929214
55,blocks.13.conv2,0.08459000289440155
55,blocks.14.conv1,0.08588801324367523
55,blocks.14.conv2,0.07895400375127792
55,blocks.15.conv1,0.08102601021528244
55,blocks.15.conv2,0.07740210741758347
55,blocks.16.conv1,0.08718650788068771
55,blocks.16.conv2,0.0786096379160881
55,blocks.17.conv1,0.07441059499979019
55,blocks.17.conv2,0.06865125894546509
55,blocks.18.conv1,0.07839250564575195
55,blocks.18.conv2,0.07228236645460129
55,blocks.19.conv1,0.09054720401763916
55,blocks.19.conv2,0.07778497040271759
55,blocks.20.conv1,0.08801984786987305
55,blocks.20.conv2,0.07690496742725372
55,blocks.21.conv1,0.08943216502666473
55,blocks.21.conv2,0.0806027501821518
55,blocks.22.conv1,0.10331195592880249
55,blocks.22.conv2,0.09492915868759155
55,blocks.23.conv1,0.10802905261516571
55,blocks.23.conv2,0.0972433015704155
55,blocks.24.conv1,0.09921999275684357
55,blocks.24.conv2,0.09339632093906403
55,blocks.25.conv1,0.1150778979063034
55,blocks.25.conv2,0.10196571052074432
55,blocks.26.conv1,0.1127552017569542
55,blocks.26.conv2,0.10061484575271606
55,blocks.27.conv1,0.10989625751972198
55,blocks.27.conv2,0.10044462978839874
55,blocks.28.conv1,0.10705716162919998
55,blocks.28.conv2,0.10702493041753769
55,blocks.29.conv1,0.11121688038110733
55,blocks.29.conv2,0.10446024686098099
55,blocks.30.conv1,0.11886598914861679
55,blocks.30.conv2,0.10479063540697098
55,blocks.31.conv1,0.10794621706008911
55,blocks.31.conv2,0.1001376360654831
55,blocks.32.conv1,0.10955634713172913
55,blocks.32.conv2,0.0965009555220604
55,blocks.33.conv1,0.1048864796757698
55,blocks.33.conv2,0.09009838104248047
55,blocks.34.conv1,0.11946325749158859
55,blocks.34.conv2,0.10559013485908508
55,blocks.35.conv1,0.11146944761276245
55,blocks.35.conv2,0.10729726403951645
55,blocks.36.conv1,0.12339451909065247
55,blocks.36.conv2,0.10795610398054123
55,blocks.37.conv1,0.13674400746822357
55,blocks.37.conv2,0.11446265131235123
55,blocks.38.conv1,0.12591807544231415
55,blocks.38.conv2,0.10260579735040665
55,blocks.39.conv1,0.11113589257001877
55,blocks.39.conv2,0.1026138961315155
55,blocks.40.conv1,0.12342958152294159
55,blocks.40.conv2,0.10845823585987091
55,blocks.41.conv1,0.13849450647830963
55,blocks.41.conv2,0.11119025200605392
55,blocks.42.conv1,0.11050987988710403
55,blocks.42.conv2,0.09701741486787796
55,blocks.43.conv1,0.10143602639436722
55,blocks.43.conv2,0.08514131605625153
55,blocks.44.conv1,0.12057098746299744
55,blocks.44.conv2,0.0904102474451065
55,blocks.45.conv1,0.10916081070899963
55,blocks.45.conv2,0.08679833263158798
55,blocks.46.conv1,0.10175265371799469
55,blocks.46.conv2,0.0807889923453331
55,blocks.47.conv1,0.09648560732603073
55,blocks.47.conv2,0.08542153239250183
55,blocks.48.conv1,0.11247055232524872
55,blocks.48.conv2,0.08855823427438736
55,blocks.49.conv1,0.1056084856390953
55,blocks.49.conv2,0.09531471878290176
55,mean_conv2d_grad_norm,0.09887460914283695
56,stem.0,0.1340087652206421
56,blocks.0.conv1,0.12072007358074188
56,blocks.0.conv2,0.12226250022649765
56,blocks.1.conv1,0.09913016110658646
56,blocks.1.conv2,0.11395189166069031
56,blocks.2.conv1,0.09225023537874222
56,blocks.2.conv2,0.09922238439321518
56,blocks.3.conv1,0.07991950958967209
56,blocks.3.conv2,0.08163434267044067
56,blocks.4.conv1,0.0816822424530983
56,blocks.4.conv2,0.08367754518985748
56,blocks.5.conv1,0.0702061876654625
56,blocks.5.conv2,0.07094667106866837
56,blocks.6.conv1,0.05790296569466591
56,blocks.6.conv2,0.06183400750160217
56,blocks.7.conv1,0.06625210493803024
56,blocks.7.conv2,0.06778077781200409
56,blocks.8.conv1,0.0627145767211914
56,blocks.8.conv2,0.06191195547580719
56,blocks.9.conv1,0.06292656064033508
56,blocks.9.conv2,0.06185557320713997
56,blocks.10.conv1,0.05667908862233162
56,blocks.10.conv2,0.05884620547294617
56,blocks.11.conv1,0.056207410991191864
56,blocks.11.conv2,0.05472816154360771
56,blocks.12.conv1,0.06311088800430298
56,blocks.12.conv2,0.06243326887488365
56,blocks.13.conv1,0.06431543081998825
56,blocks.13.conv2,0.06391648203134537
56,blocks.14.conv1,0.07212091982364655
56,blocks.14.conv2,0.06803956627845764
56,blocks.15.conv1,0.07329237461090088
56,blocks.15.conv2,0.06737590581178665
56,blocks.16.conv1,0.06789447367191315
56,blocks.16.conv2,0.06396409869194031
56,blocks.17.conv1,0.06013757362961769
56,blocks.17.conv2,0.05628472939133644
56,blocks.18.conv1,0.0633755475282669
56,blocks.18.conv2,0.059222541749477386
56,blocks.19.conv1,0.07192574441432953
56,blocks.19.conv2,0.06639241427183151
56,blocks.20.conv1,0.07212303578853607
56,blocks.20.conv2,0.06869450211524963
56,blocks.21.conv1,0.07973223179578781
56,blocks.21.conv2,0.0752299427986145
56,blocks.22.conv1,0.08621089905500412
56,blocks.22.conv2,0.08176105469465256
56,blocks.23.conv1,0.09263549000024796
56,blocks.23.conv2,0.0853128731250763
56,blocks.24.conv1,0.0829978659749031
56,blocks.24.conv2,0.07682652771472931
56,blocks.25.conv1,0.09150470793247223
56,blocks.25.conv2,0.08492390066385269
56,blocks.26.conv1,0.09841616451740265
56,blocks.26.conv2,0.08934222161769867
56,blocks.27.conv1,0.09600851684808731
56,blocks.27.conv2,0.08507099002599716
56,blocks.28.conv1,0.09587282687425613
56,blocks.28.conv2,0.0857299417257309
56,blocks.29.conv1,0.09531330317258835
56,blocks.29.conv2,0.08825144916772842
56,blocks.30.conv1,0.11018320173025131
56,blocks.30.conv2,0.09894298762083054
56,blocks.31.conv1,0.10738258808851242
56,blocks.31.conv2,0.09470333904027939
56,blocks.32.conv1,0.09716973453760147
56,blocks.32.conv2,0.09070934355258942
56,blocks.33.conv1,0.09375230222940445
56,blocks.33.conv2,0.08602631092071533
56,blocks.34.conv1,0.11501625925302505
56,blocks.34.conv2,0.09686798602342606
56,blocks.35.conv1,0.09918448328971863
56,blocks.35.conv2,0.08857202529907227
56,blocks.36.conv1,0.10475034266710281
56,blocks.36.conv2,0.09888822585344315
56,blocks.37.conv1,0.11735735088586807
56,blocks.37.conv2,0.09610256552696228
56,blocks.38.conv1,0.10906565189361572
56,blocks.38.conv2,0.0924852043390274
56,blocks.39.conv1,0.10592865198850632
56,blocks.39.conv2,0.089838907122612
56,blocks.40.conv1,0.1016189455986023
56,blocks.40.conv2,0.09205444157123566
56,blocks.41.conv1,0.10977581143379211
56,blocks.41.conv2,0.0952155664563179
56,blocks.42.conv1,0.10413157194852829
56,blocks.42.conv2,0.092886783182621
56,blocks.43.conv1,0.10322403907775879
56,blocks.43.conv2,0.08102183043956757
56,blocks.44.conv1,0.09221812337636948
56,blocks.44.conv2,0.0755280926823616
56,blocks.45.conv1,0.0908413827419281
56,blocks.45.conv2,0.0729486271739006
56,blocks.46.conv1,0.08910439908504486
56,blocks.46.conv2,0.07432767003774643
56,blocks.47.conv1,0.08320352435112
56,blocks.47.conv2,0.06632713228464127
56,blocks.48.conv1,0.08552108705043793
56,blocks.48.conv2,0.07283533364534378
56,blocks.49.conv1,0.08984585106372833
56,blocks.49.conv2,0.08065108209848404
56,mean_conv2d_grad_norm,0.08397248575445448
57,stem.0,0.15887309610843658
57,blocks.0.conv1,0.12420859932899475
57,blocks.0.conv2,0.12955597043037415
57,blocks.1.conv1,0.11343254148960114
57,blocks.1.conv2,0.11866891384124756
57,blocks.2.conv1,0.10167732834815979
57,blocks.2.conv2,0.10628978163003922
57,blocks.3.conv1,0.08809130638837814
57,blocks.3.conv2,0.0969475507736206
57,blocks.4.conv1,0.08677336573600769
57,blocks.4.conv2,0.0864352285861969
57,blocks.5.conv1,0.07711397856473923
57,blocks.5.conv2,0.07566395401954651
57,blocks.6.conv1,0.06530268490314484
57,blocks.6.conv2,0.06617801636457443
57,blocks.7.conv1,0.07112114876508713
57,blocks.7.conv2,0.07530851662158966
57,blocks.8.conv1,0.06645911186933517
57,blocks.8.conv2,0.06537032127380371
57,blocks.9.conv1,0.06435897946357727
57,blocks.9.conv2,0.06550075113773346
57,blocks.10.conv1,0.06348922103643417
57,blocks.10.conv2,0.06272578984498978
57,blocks.11.conv1,0.06498046964406967
57,blocks.11.conv2,0.06525103002786636
57,blocks.12.conv1,0.06999802589416504
57,blocks.12.conv2,0.06835641711950302
57,blocks.13.conv1,0.06589304655790329
57,blocks.13.conv2,0.0676826611161232
57,blocks.14.conv1,0.07616889476776123
57,blocks.14.conv2,0.06853849440813065
57,blocks.15.conv1,0.07112308591604233
57,blocks.15.conv2,0.06911889463663101
57,blocks.16.conv1,0.07590582966804504
57,blocks.16.conv2,0.06966383010149002
57,blocks.17.conv1,0.062484290450811386
57,blocks.17.conv2,0.05830592289566994
57,blocks.18.conv1,0.06802379339933395
57,blocks.18.conv2,0.06248860061168671
57,blocks.19.conv1,0.07389223575592041
57,blocks.19.conv2,0.07032202929258347
57,blocks.20.conv1,0.07460078597068787
57,blocks.20.conv2,0.06839807331562042
57,blocks.21.conv1,0.07483969628810883
57,blocks.21.conv2,0.07071899622678757
57,blocks.22.conv1,0.09144734591245651
57,blocks.22.conv2,0.08518825471401215
57,blocks.23.conv1,0.09550154954195023
57,blocks.23.conv2,0.08565710484981537
57,blocks.24.conv1,0.09307868033647537
57,blocks.24.conv2,0.08076753467321396
57,blocks.25.conv1,0.09633040428161621
57,blocks.25.conv2,0.09216119349002838
57,blocks.26.conv1,0.0980374813079834
57,blocks.26.conv2,0.08714401721954346
57,blocks.27.conv1,0.10061280429363251
57,blocks.27.conv2,0.08846350759267807
57,blocks.28.conv1,0.10944784432649612
57,blocks.28.conv2,0.09544893354177475
57,blocks.29.conv1,0.11659172177314758
57,blocks.29.conv2,0.09341345727443695
57,blocks.30.conv1,0.11482887715101242
57,blocks.30.conv2,0.09686137735843658
57,blocks.31.conv1,0.10453374683856964
57,blocks.31.conv2,0.08329460024833679
57,blocks.32.conv1,0.09886783361434937
57,blocks.32.conv2,0.08065850287675858
57,blocks.33.conv1,0.09519995748996735
57,blocks.33.conv2,0.08118798583745956
57,blocks.34.conv1,0.10841602832078934
57,blocks.34.conv2,0.09517954289913177
57,blocks.35.conv1,0.09661246836185455
57,blocks.35.conv2,0.07849552482366562
57,blocks.36.conv1,0.11017116904258728
57,blocks.36.conv2,0.08993232250213623
57,blocks.37.conv1,0.11063209176063538
57,blocks.37.conv2,0.09104106575250626
57,blocks.38.conv1,0.10180801153182983
57,blocks.38.conv2,0.08670833706855774
57,blocks.39.conv1,0.09675583243370056
57,blocks.39.conv2,0.08705087006092072
57,blocks.40.conv1,0.10864250361919403
57,blocks.40.conv2,0.08912476897239685
57,blocks.41.conv1,0.09940619766712189
57,blocks.41.conv2,0.08636969327926636
57,blocks.42.conv1,0.08682814240455627
57,blocks.42.conv2,0.07199378311634064
57,blocks.43.conv1,0.07940417528152466
57,blocks.43.conv2,0.07319673150777817
57,blocks.44.conv1,0.08721838146448135
57,blocks.44.conv2,0.06875398755073547
57,blocks.45.conv1,0.08900253474712372
57,blocks.45.conv2,0.07753285765647888
57,blocks.46.conv1,0.08425692468881607
57,blocks.46.conv2,0.06700608134269714
57,blocks.47.conv1,0.08175395429134369
57,blocks.47.conv2,0.07239068299531937
57,blocks.48.conv1,0.10191217809915543
57,blocks.48.conv2,0.07656432688236237
57,blocks.49.conv1,0.09058786928653717
57,blocks.49.conv2,0.08427169919013977
57,mean_conv2d_grad_norm,0.085545016987489
58,stem.0,0.11923038959503174
58,blocks.0.conv1,0.12435008585453033
58,blocks.0.conv2,0.1367395967245102
58,blocks.1.conv1,0.10665768384933472
58,blocks.1.conv2,0.12378629297018051
58,blocks.2.conv1,0.11053501069545746
58,blocks.2.conv2,0.11764322221279144
58,blocks.3.conv1,0.09506884217262268
58,blocks.3.conv2,0.09597417712211609
58,blocks.4.conv1,0.08692655712366104
58,blocks.4.conv2,0.09034951031208038
58,blocks.5.conv1,0.0718216747045517
58,blocks.5.conv2,0.0804230123758316
58,blocks.6.conv1,0.06817881762981415
58,blocks.6.conv2,0.07048395276069641
58,blocks.7.conv1,0.07900653034448624
58,blocks.7.conv2,0.0765804871916771
58,blocks.8.conv1,0.07305450737476349
58,blocks.8.conv2,0.07209303230047226
58,blocks.9.conv1,0.06327283382415771
58,blocks.9.conv2,0.06392332166433334
58,blocks.10.conv1,0.06571336090564728
58,blocks.10.conv2,0.06339909881353378
58,blocks.11.conv1,0.06536371260881424
58,blocks.11.conv2,0.06431560218334198
58,blocks.12.conv1,0.07195525616407394
58,blocks.12.conv2,0.0745832547545433
58,blocks.13.conv1,0.07529454678297043
58,blocks.13.conv2,0.07196406275033951
58,blocks.14.conv1,0.07470372319221497
58,blocks.14.conv2,0.06886439025402069
58,blocks.15.conv1,0.07978463917970657
58,blocks.15.conv2,0.07307834178209305
58,blocks.16.conv1,0.07539202272891998
58,blocks.16.conv2,0.07145469635725021
58,blocks.17.conv1,0.06397029012441635
58,blocks.17.conv2,0.061927858740091324
58,blocks.18.conv1,0.0712045207619667
58,blocks.18.conv2,0.07207014411687851
58,blocks.19.conv1,0.07428179681301117
58,blocks.19.conv2,0.07286259531974792
58,blocks.20.conv1,0.07336192578077316
58,blocks.20.conv2,0.07075103372335434
58,blocks.21.conv1,0.07998109608888626
58,blocks.21.conv2,0.07666615396738052
58,blocks.22.conv1,0.0988180935382843
58,blocks.22.conv2,0.09128312766551971
58,blocks.23.conv1,0.10202625393867493
58,blocks.23.conv2,0.0925467386841774
58,blocks.24.conv1,0.09283415973186493
58,blocks.24.conv2,0.08539444953203201
58,blocks.25.conv1,0.09894606471061707
58,blocks.25.conv2,0.09151219576597214
58,blocks.26.conv1,0.10557457059621811
58,blocks.26.conv2,0.09125328063964844
58,blocks.27.conv1,0.09744764119386673
58,blocks.27.conv2,0.08847666531801224
58,blocks.28.conv1,0.10713411867618561
58,blocks.28.conv2,0.0927637368440628
58,blocks.29.conv1,0.10917391628026962
58,blocks.29.conv2,0.1030002236366272
58,blocks.30.conv1,0.12349652498960495
58,blocks.30.conv2,0.10432198643684387
58,blocks.31.conv1,0.10009993612766266
58,blocks.31.conv2,0.08988520503044128
58,blocks.32.conv1,0.10448595136404037
58,blocks.32.conv2,0.08971737325191498
58,blocks.33.conv1,0.09172489494085312
58,blocks.33.conv2,0.08450759202241898
58,blocks.34.conv1,0.11095646023750305
58,blocks.34.conv2,0.098492830991745
58,blocks.35.conv1,0.10345064103603363
58,blocks.35.conv2,0.08997370302677155
58,blocks.36.conv1,0.11790464073419571
58,blocks.36.conv2,0.1065821722149849
58,blocks.37.conv1,0.11650445312261581
58,blocks.37.conv2,0.10493658483028412
58,blocks.38.conv1,0.11684497445821762
58,blocks.38.conv2,0.10104148089885712
58,blocks.39.conv1,0.11011103540658951
58,blocks.39.conv2,0.09552106261253357
58,blocks.40.conv1,0.1251380294561386
58,blocks.40.conv2,0.09423616528511047
58,blocks.41.conv1,0.12165198475122452
58,blocks.41.conv2,0.10135292261838913
58,blocks.42.conv1,0.10013560950756073
58,blocks.42.conv2,0.08661048114299774
58,blocks.43.conv1,0.09839361160993576
58,blocks.43.conv2,0.08562547713518143
58,blocks.44.conv1,0.10293459892272949
58,blocks.44.conv2,0.08368227630853653
58,blocks.45.conv1,0.0956055149435997
58,blocks.45.conv2,0.07856149971485138
58,blocks.46.conv1,0.08721639961004257
58,blocks.46.conv2,0.0767541155219078
58,blocks.47.conv1,0.09434816986322403
58,blocks.47.conv2,0.09290662407875061
58,blocks.48.conv1,0.11006472259759903
58,blocks.48.conv2,0.10204467177391052
58,blocks.49.conv1,0.11480288207530975
58,blocks.49.conv2,0.10887055099010468
58,mean_conv2d_grad_norm,0.09117549218901314
59,stem.0,0.18312481045722961
59,blocks.0.conv1,0.18259474635124207
59,blocks.0.conv2,0.18227489292621613
59,blocks.1.conv1,0.1524808257818222
59,blocks.1.conv2,0.16468563675880432
59,blocks.2.conv1,0.14033588767051697
59,blocks.2.conv2,0.1519434154033661
59,blocks.3.conv1,0.128375843167305
59,blocks.3.conv2,0.1319907307624817
59,blocks.4.conv1,0.11631442606449127
59,blocks.4.conv2,0.12360917031764984
59,blocks.5.conv1,0.10381461679935455
59,blocks.5.conv2,0.10694316774606705
59,blocks.6.conv1,0.09227459132671356
59,blocks.6.conv2,0.09007909148931503
59,blocks.7.conv1,0.10166000574827194
59,blocks.7.conv2,0.10393337160348892
59,blocks.8.conv1,0.0912102460861206
59,blocks.8.conv2,0.09534300118684769
59,blocks.9.conv1,0.08829338103532791
59,blocks.9.conv2,0.09208878129720688
59,blocks.10.conv1,0.08488927781581879
59,blocks.10.conv2,0.08648459613323212
59,blocks.11.conv1,0.09210773557424545
59,blocks.11.conv2,0.09027881920337677
59,blocks.12.conv1,0.10023150593042374
59,blocks.12.conv2,0.09913703799247742
59,blocks.13.conv1,0.09584943950176239
59,blocks.13.conv2,0.09339714050292969
59,blocks.14.conv1,0.1040034070611
59,blocks.14.conv2,0.10358844697475433
59,blocks.15.conv1,0.10779177397489548
59,blocks.15.conv2,0.099512480199337
59,blocks.16.conv1,0.10383957624435425
59,blocks.16.conv2,0.09763102978467941
59,blocks.17.conv1,0.09372580796480179
59,blocks.17.conv2,0.08835336565971375
59,blocks.18.conv1,0.1008603647351265
59,blocks.18.conv2,0.09245341271162033
59,blocks.19.conv1,0.11266794800758362
59,blocks.19.conv2,0.09925813227891922
59,blocks.20.conv1,0.1054520234465599
59,blocks.20.conv2,0.09911331534385681
59,blocks.21.conv1,0.11076954007148743
59,blocks.21.conv2,0.10006818920373917
59,blocks.22.conv1,0.13491925597190857
59,blocks.22.conv2,0.12477465718984604
59,blocks.23.conv1,0.13685816526412964
59,blocks.23.conv2,0.12504734098911285
59,blocks.24.conv1,0.1299191415309906
59,blocks.24.conv2,0.11737962812185287
59,blocks.25.conv1,0.13974444568157196
59,blocks.25.conv2,0.11926953494548798
59,blocks.26.conv1,0.14099939167499542
59,blocks.26.conv2,0.1239824965596199
59,blocks.27.conv1,0.13151675462722778
59,blocks.27.conv2,0.11831101775169373
59,blocks.28.conv1,0.13096098601818085
59,blocks.28.conv2,0.12055006623268127
59,blocks.29.conv1,0.1495877355337143
59,blocks.29.conv2,0.1277148425579071
59,blocks.30.conv1,0.15266892313957214
59,blocks.30.conv2,0.13587957620620728
59,blocks.31.conv1,0.14254909753799438
59,blocks.31.conv2,0.1250685155391693
59,blocks.32.conv1,0.13187198340892792
59,blocks.32.conv2,0.11861933767795563
59,blocks.33.conv1,0.13088400661945343
59,blocks.33.conv2,0.11886681616306305
59,blocks.34.conv1,0.15468516945838928
59,blocks.34.conv2,0.1322598159313202
59,blocks.35.conv1,0.14168785512447357
59,blocks.35.conv2,0.1246175691485405
59,blocks.36.conv1,0.14997461438179016
59,blocks.36.conv2,0.1266506463289261
59,blocks.37.conv1,0.15077656507492065
59,blocks.37.conv2,0.13469794392585754
59,blocks.38.conv1,0.1436474472284317
59,blocks.38.conv2,0.12026012688875198
59,blocks.39.conv1,0.1447000354528427
59,blocks.39.conv2,0.12456812709569931
59,blocks.40.conv1,0.14074131846427917
59,blocks.40.conv2,0.11664111912250519
59,blocks.41.conv1,0.15194843709468842
59,blocks.41.conv2,0.14300751686096191
59,blocks.42.conv1,0.1409830003976822
59,blocks.42.conv2,0.1206572949886322
59,blocks.43.conv1,0.13660183548927307
59,blocks.43.conv2,0.12064210325479507
59,blocks.44.conv1,0.12810862064361572
59,blocks.44.conv2,0.11355719715356827
59,blocks.45.conv1,0.1290472149848938
59,blocks.45.conv2,0.10803528875112534
59,blocks.46.conv1,0.12595953047275543
59,blocks.46.conv2,0.10050125420093536
59,blocks.47.conv1,0.13554175198078156
59,blocks.47.conv2,0.1171819344162941
59,blocks.48.conv1,0.14318905770778656
59,blocks.48.conv2,0.11988461017608643
59,blocks.49.conv1,0.13203714787960052
59,blocks.49.conv2,0.10947395116090775
59,mean_conv2d_grad_norm,0.1217331170740694
60,stem.0,0.12452121824026108
60,blocks.0.conv1,0.11383605748414993
60,blocks.0.conv2,0.12910223007202148
60,blocks.1.conv1,0.09974502772092819
60,blocks.1.conv2,0.10307145863771439
60,blocks.2.conv1,0.09165731072425842
60,blocks.2.conv2,0.08897934854030609
60,blocks.3.conv1,0.08099706470966339
60,blocks.3.conv2,0.07951866090297699
60,blocks.4.conv1,0.07033263146877289
60,blocks.4.conv2,0.06915853172540665
60,blocks.5.conv1,0.06578496098518372
60,blocks.5.conv2,0.06580090522766113
60,blocks.6.conv1,0.05773552134633064
60,blocks.6.conv2,0.05914914980530739
60,blocks.7.conv1,0.06457332521677017
60,blocks.7.conv2,0.06417461484670639
60,blocks.8.conv1,0.05581746622920036
60,blocks.8.conv2,0.05798725783824921
60,blocks.9.conv1,0.056048404425382614
60,blocks.9.conv2,0.059479378163814545
60,blocks.10.conv1,0.052640512585639954
60,blocks.10.conv2,0.05067620053887367
60,blocks.11.conv1,0.05116915702819824
60,blocks.11.conv2,0.05261527746915817
60,blocks.12.conv1,0.06366588175296783
60,blocks.12.conv2,0.062429074198007584
60,blocks.13.conv1,0.053104106336832047
60,blocks.13.conv2,0.05470989644527435
60,blocks.14.conv1,0.05883911997079849
60,blocks.14.conv2,0.0553441047668457
60,blocks.15.conv1,0.0610707625746727
60,blocks.15.conv2,0.05750637128949165
60,blocks.16.conv1,0.05955103412270546
60,blocks.16.conv2,0.05667264014482498
60,blocks.17.conv1,0.05249243602156639
60,blocks.17.conv2,0.0481240414083004
60,blocks.18.conv1,0.05895834043622017
60,blocks.18.conv2,0.05463676527142525
60,blocks.19.conv1,0.05795751139521599
60,blocks.19.conv2,0.057571157813072205
60,blocks.20.conv1,0.05959607660770416
60,blocks.20.conv2,0.05803605914115906
60,blocks.21.conv1,0.06669880449771881
60,blocks.21.conv2,0.06163029745221138
60,blocks.22.conv1,0.06884028762578964
60,blocks.22.conv2,0.06709158420562744
60,blocks.23.conv1,0.07627921551465988
60,blocks.23.conv2,0.07127229124307632
60,blocks.24.conv1,0.07232553511857986
60,blocks.24.conv2,0.06798746436834335
60,blocks.25.conv1,0.07252626121044159
60,blocks.25.conv2,0.06666111946105957
60,blocks.26.conv1,0.07915585488080978
60,blocks.26.conv2,0.06661169975996017
60,blocks.27.conv1,0.07854796946048737
60,blocks.27.conv2,0.07060220092535019
60,blocks.28.conv1,0.06936716288328171
60,blocks.28.conv2,0.06200427561998367
60,blocks.29.conv1,0.07683533430099487
60,blocks.29.conv2,0.070807546377182
60,blocks.30.conv1,0.08183780312538147
60,blocks.30.conv2,0.07715293020009995
60,blocks.31.conv1,0.07732981443405151
60,blocks.31.conv2,0.06681367009878159
60,blocks.32.conv1,0.08042207360267639
60,blocks.32.conv2,0.06462947279214859
60,blocks.33.conv1,0.0710482969880104
60,blocks.33.conv2,0.06314067542552948
60,blocks.34.conv1,0.08692183345556259
60,blocks.34.conv2,0.07012880593538284
60,blocks.35.conv1,0.08025810867547989
60,blocks.35.conv2,0.06874704360961914
60,blocks.36.conv1,0.08960969746112823
60,blocks.36.conv2,0.07732590287923813
60,blocks.37.conv1,0.09466516971588135
60,blocks.37.conv2,0.0784010961651802
60,blocks.38.conv1,0.0849616527557373
60,blocks.38.conv2,0.06878332048654556
60,blocks.39.conv1,0.07603362947702408
60,blocks.39.conv2,0.06728357076644897
60,blocks.40.conv1,0.07842180877923965
60,blocks.40.conv2,0.07440205663442612
60,blocks.41.conv1,0.08391658961772919
60,blocks.41.conv2,0.07399667054414749
60,blocks.42.conv1,0.07097502052783966
60,blocks.42.conv2,0.061437588185071945
60,blocks.43.conv1,0.0648653581738472
60,blocks.43.conv2,0.0613459013402462
60,blocks.44.conv1,0.07562971860170364
60,blocks.44.conv2,0.06580498814582825
60,blocks.45.conv1,0.08315753191709518
60,blocks.45.conv2,0.07102575898170471
60,blocks.46.conv1,0.07602222263813019
60,blocks.46.conv2,0.060450587421655655
60,blocks.47.conv1,0.07018700987100601
60,blocks.47.conv2,0.06043102964758873
60,blocks.48.conv1,0.07887843251228333
60,blocks.48.conv2,0.06773054599761963
60,blocks.49.conv1,0.07570570707321167
60,blocks.49.conv2,0.06198602542281151
60,mean_conv2d_grad_norm,0.07031630768929378
61,stem.0,0.1765303760766983
61,blocks.0.conv1,0.1542898714542389
61,blocks.0.conv2,0.172934427857399
61,blocks.1.conv1,0.14694157242774963
61,blocks.1.conv2,0.15998797118663788
61,blocks.2.conv1,0.1330925077199936
61,blocks.2.conv2,0.14426064491271973
61,blocks.3.conv1,0.11556464433670044
61,blocks.3.conv2,0.12587042152881622
61,blocks.4.conv1,0.11206002533435822
61,blocks.4.conv2,0.11333612352609634
61,blocks.5.conv1,0.10075432062149048
61,blocks.5.conv2,0.10914887487888336
61,blocks.6.conv1,0.08861933648586273
61,blocks.6.conv2,0.09171220660209656
61,blocks.7.conv1,0.09874442219734192
61,blocks.7.conv2,0.1012277752161026
61,blocks.8.conv1,0.10086657106876373
61,blocks.8.conv2,0.0964200496673584
61,blocks.9.conv1,0.09953757375478745
61,blocks.9.conv2,0.0933978408575058
61,blocks.10.conv1,0.0959245041012764
61,blocks.10.conv2,0.094678595662117
61,blocks.11.conv1,0.08259286731481552
61,blocks.11.conv2,0.08267253637313843
61,blocks.12.conv1,0.09464312344789505
61,blocks.12.conv2,0.09129559248685837
61,blocks.13.conv1,0.09363378584384918
61,blocks.13.conv2,0.0917082279920578
61,blocks.14.conv1,0.09919016808271408
61,blocks.14.conv2,0.09102129191160202
61,blocks.15.conv1,0.09191738814115524
61,blocks.15.conv2,0.09066415578126907
61,blocks.16.conv1,0.0966138243675232
61,blocks.16.conv2,0.09207216650247574
61,blocks.17.conv1,0.08918320387601852
61,blocks.17.conv2,0.08375164866447449
61,blocks.18.conv1,0.0907258540391922
61,blocks.18.conv2,0.09165535122156143
61,blocks.19.conv1,0.1096770241856575
61,blocks.19.conv2,0.09930960834026337
61,blocks.20.conv1,0.10475395619869232
61,blocks.20.conv2,0.09608184546232224
61,blocks.21.conv1,0.1117178201675415
61,blocks.21.conv2,0.10005282610654831
61,blocks.22.conv1,0.12067212909460068
61,blocks.22.conv2,0.11252571642398834
61,blocks.23.conv1,0.1272658407688141
61,blocks.23.conv2,0.11322666704654694
61,blocks.24.conv1,0.11795607954263687
61,blocks.24.conv2,0.10779578238725662
61,blocks.25.conv1,0.12412405014038086
61,blocks.25.conv2,0.11206846684217453
61,blocks.26.conv1,0.13568812608718872
61,blocks.26.conv2,0.11661940068006516
61,blocks.27.conv1,0.11981770396232605
61,blocks.27.conv2,0.11454634368419647
61,blocks.28.conv1,0.1307366043329239
61,blocks.28.conv2,0.12225722521543503
61,blocks.29.conv1,0.14669694006443024
61,blocks.29.conv2,0.12478034198284149
61,blocks.30.conv1,0.14839868247509003
61,blocks.30.conv2,0.12497525662183762
61,blocks.31.conv1,0.12878277897834778
61,blocks.31.conv2,0.10939601808786392
61,blocks.32.conv1,0.12211815267801285
61,blocks.32.conv2,0.11113463342189789
61,blocks.33.conv1,0.12596280872821808
61,blocks.33.conv2,0.10612168163061142
61,blocks.34.conv1,0.13171839714050293
61,blocks.34.conv2,0.11491335928440094
61,blocks.35.conv1,0.12761308252811432
61,blocks.35.conv2,0.10974010080099106
61,blocks.36.conv1,0.16503232717514038
61,blocks.36.conv2,0.12501458823680878
61,blocks.37.conv1,0.14497752487659454
61,blocks.37.conv2,0.11564376205205917
61,blocks.38.conv1,0.12575674057006836
61,blocks.38.conv2,0.1037643626332283
61,blocks.39.conv1,0.13340166211128235
61,blocks.39.conv2,0.11097745597362518
61,blocks.40.conv1,0.12708820402622223
61,blocks.40.conv2,0.11409623175859451
61,blocks.41.conv1,0.14508944749832153
61,blocks.41.conv2,0.11530417948961258
61,blocks.42.conv1,0.12549076974391937
61,blocks.42.conv2,0.10137835144996643
61,blocks.43.conv1,0.12020031362771988
61,blocks.43.conv2,0.10140063613653183
61,blocks.44.conv1,0.12559278309345245
61,blocks.44.conv2,0.09919540584087372
61,blocks.45.conv1,0.10029140114784241
61,blocks.45.conv2,0.09192486107349396
61,blocks.46.conv1,0.10987874120473862
61,blocks.46.conv2,0.08743179589509964
61,blocks.47.conv1,0.11658086627721786
61,blocks.47.conv2,0.08210849016904831
61,blocks.48.conv1,0.10007768124341965
61,blocks.48.conv2,0.0771477222442627
61,blocks.49.conv1,0.10439250618219376
61,blocks.49.conv2,0.09049800783395767
61,mean_conv2d_grad_norm,0.11255667439781793
62,stem.0,0.15210102498531342
62,blocks.0.conv1,0.16770963370800018
62,blocks.0.conv2,0.17261864244937897
62,blocks.1.conv1,0.13854758441448212
62,blocks.1.conv2,0.152024045586586
62,blocks.2.conv1,0.12653817236423492
62,blocks.2.conv2,0.13058537244796753
62,blocks.3.conv1,0.10823438316583633
62,blocks.3.conv2,0.1131158098578453
62,blocks.4.conv1,0.10378073155879974
62,blocks.4.conv2,0.1014668270945549
62,blocks.5.conv1,0.08959910273551941
62,blocks.5.conv2,0.09111618995666504
62,blocks.6.conv1,0.08230572938919067
62,blocks.6.conv2,0.08264285326004028
62,blocks.7.conv1,0.09911234676837921
62,blocks.7.conv2,0.09690940380096436
62,blocks.8.conv1,0.088686503469944
62,blocks.8.conv2,0.08677278459072113
62,blocks.9.conv1,0.08476579189300537
62,blocks.9.conv2,0.08757072687149048
62,blocks.10.conv1,0.07969355583190918
62,blocks.10.conv2,0.08061318099498749
62,blocks.11.conv1,0.08114919811487198
62,blocks.11.conv2,0.08102898299694061
62,blocks.12.conv1,0.08766485750675201
62,blocks.12.conv2,0.08627485483884811
62,blocks.13.conv1,0.08357787132263184
62,blocks.13.conv2,0.08118558675050735
62,blocks.14.conv1,0.08877401053905487
62,blocks.14.conv2,0.08440697938203812
62,blocks.15.conv1,0.08978229761123657
62,blocks.15.conv2,0.08422163128852844
62,blocks.16.conv1,0.09077290445566177
62,blocks.16.conv2,0.08384311199188232
62,blocks.17.conv1,0.0830657109618187
62,blocks.17.conv2,0.07862409949302673
62,blocks.18.conv1,0.08175560086965561
62,blocks.18.conv2,0.07697155326604843
62,blocks.19.conv1,0.08819198608398438
62,blocks.19.conv2,0.08162368088960648
62,blocks.20.conv1,0.08461979031562805
62,blocks.20.conv2,0.07785090059041977
62,blocks.21.conv1,0.09261772036552429
62,blocks.21.conv2,0.08653997629880905
62,blocks.22.conv1,0.10004018992185593
62,blocks.22.conv2,0.09252432733774185
62,blocks.23.conv1,0.10976205766201019
62,blocks.23.conv2,0.09932944178581238
62,blocks.24.conv1,0.10312057286500931
62,blocks.24.conv2,0.09356296062469482
62,blocks.25.conv1,0.11412562429904938
62,blocks.25.conv2,0.1075834259390831
62,blocks.26.conv1,0.12596778571605682
62,blocks.26.conv2,0.1068418025970459
62,blocks.27.conv1,0.10847866535186768
62,blocks.27.conv2,0.09504495561122894
62,blocks.28.conv1,0.11535433679819107
62,blocks.28.conv2,0.09870205074548721
62,blocks.29.conv1,0.12064094096422195
62,blocks.29.conv2,0.0955284833908081
62,blocks.30.conv1,0.12305937707424164
62,blocks.30.conv2,0.11224094033241272
62,blocks.31.conv1,0.108930803835392
62,blocks.31.conv2,0.09625919163227081
62,blocks.32.conv1,0.0990767851471901
62,blocks.32.conv2,0.08302762359380722
62,blocks.33.conv1,0.09489964693784714
62,blocks.33.conv2,0.0852278620004654
62,blocks.34.conv1,0.11815638095140457
62,blocks.34.conv2,0.09857062250375748
62,blocks.35.conv1,0.10327083617448807
62,blocks.35.conv2,0.090413399040699
62,blocks.36.conv1,0.13200326263904572
62,blocks.36.conv2,0.11316380649805069
62,blocks.37.conv1,0.12806366384029388
62,blocks.37.conv2,0.10395348072052002
62,blocks.38.conv1,0.11611662060022354
62,blocks.38.conv2,0.0901309922337532
62,blocks.39.conv1,0.10419219732284546
62,blocks.39.conv2,0.09030715376138687
62,blocks.40.conv1,0.10516969114542007
62,blocks.40.conv2,0.08960020542144775
62,blocks.41.conv1,0.11048021167516708
62,blocks.41.conv2,0.09864209592342377
62,blocks.42.conv1,0.10226061940193176
62,blocks.42.conv2,0.0961378812789917
62,blocks.43.conv1,0.09836394339799881
62,blocks.43.conv2,0.08740182220935822
62,blocks.44.conv1,0.10752996802330017
62,blocks.44.conv2,0.10268979519605637
62,blocks.45.conv1,0.09182392060756683
62,blocks.45.conv2,0.09275659173727036
62,blocks.46.conv1,0.09468436241149902
62,blocks.46.conv2,0.08020742237567902
62,blocks.47.conv1,0.1102282777428627
62,blocks.47.conv2,0.09698078036308289
62,blocks.48.conv1,0.11959691345691681
62,blocks.48.conv2,0.09759214520454407
62,blocks.49.conv1,0.1292349398136139
62,blocks.49.conv2,0.10886082053184509
62,mean_conv2d_grad_norm,0.10068285524254979
63,stem.0,0.16180996596813202
63,blocks.0.conv1,0.13306163251399994
63,blocks.0.conv2,0.1346975564956665
63,blocks.1.conv1,0.11826851218938828
63,blocks.1.conv2,0.12264126539230347
63,blocks.2.conv1,0.10643448680639267
63,blocks.2.conv2,0.10983530431985855
63,blocks.3.conv1,0.08756014704704285
63,blocks.3.conv2,0.09337034076452255
63,blocks.4.conv1,0.09122168272733688
63,blocks.4.conv2,0.08913866430521011
63,blocks.5.conv1,0.07833851873874664
63,blocks.5.conv2,0.0804663747549057
63,blocks.6.conv1,0.06909281760454178
63,blocks.6.conv2,0.07223347574472427
63,blocks.7.conv1,0.08191099017858505
63,blocks.7.conv2,0.08208958804607391
63,blocks.8.conv1,0.07395704090595245
63,blocks.8.conv2,0.07473822683095932
63,blocks.9.conv1,0.06806303560733795
63,blocks.9.conv2,0.07167614251375198
63,blocks.10.conv1,0.07401680946350098
63,blocks.10.conv2,0.07060015946626663
63,blocks.11.conv1,0.07411263138055801
63,blocks.11.conv2,0.0752420425415039
63,blocks.12.conv1,0.07927276939153671
63,blocks.12.conv2,0.07581102102994919
63,blocks.13.conv1,0.07930254191160202
63,blocks.13.conv2,0.07554018497467041
63,blocks.14.conv1,0.0774417594075203
63,blocks.14.conv2,0.07640766352415085
63,blocks.15.conv1,0.08186338096857071
63,blocks.15.conv2,0.07830169796943665
63,blocks.16.conv1,0.08177237212657928
63,blocks.16.conv2,0.07695016264915466
63,blocks.17.conv1,0.07451049983501434
63,blocks.17.conv2,0.06914779543876648
63,blocks.18.conv1,0.07914445549249649
63,blocks.18.conv2,0.07231448590755463
63,blocks.19.conv1,0.08542801439762115
63,blocks.19.conv2,0.07543385773897171
63,blocks.20.conv1,0.07847936451435089
63,blocks.20.conv2,0.07173090428113937
63,blocks.21.conv1,0.09025132656097412
63,blocks.21.conv2,0.08758712559938431
63,blocks.22.conv1,0.09869536012411118
63,blocks.22.conv2,0.09449559450149536
63,blocks.23.conv1,0.1095583513379097
63,blocks.23.conv2,0.09707582741975784
63,blocks.24.conv1,0.0949399545788765
63,blocks.24.conv2,0.08381299674510956
63,blocks.25.conv1,0.10189522057771683
63,blocks.25.conv2,0.0990893617272377
63,blocks.26.conv1,0.10137005895376205
63,blocks.26.conv2,0.08976783603429794
63,blocks.27.conv1,0.10243308544158936
63,blocks.27.conv2,0.09233945608139038
63,blocks.28.conv1,0.11184858530759811
63,blocks.28.conv2,0.09509193897247314
63,blocks.29.conv1,0.10449147969484329
63,blocks.29.conv2,0.09449924528598785
63,blocks.30.conv1,0.1092093363404274
63,blocks.30.conv2,0.09828361123800278
63,blocks.31.conv1,0.10302451997995377
63,blocks.31.conv2,0.08899014443159103
63,blocks.32.conv1,0.09881141036748886
63,blocks.32.conv2,0.0843476951122284
63,blocks.33.conv1,0.09985807538032532
63,blocks.33.conv2,0.08394207805395126
63,blocks.34.conv1,0.11315756291151047
63,blocks.34.conv2,0.10132540762424469
63,blocks.35.conv1,0.1041286438703537
63,blocks.35.conv2,0.09586605429649353
63,blocks.36.conv1,0.11737484484910965
63,blocks.36.conv2,0.10902398824691772
63,blocks.37.conv1,0.13054035604000092
63,blocks.37.conv2,0.11213713884353638
63,blocks.38.conv1,0.11270789802074432
63,blocks.38.conv2,0.1041305661201477
63,blocks.39.conv1,0.11025482416152954
63,blocks.39.conv2,0.09688136726617813
63,blocks.40.conv1,0.11008144915103912
63,blocks.40.conv2,0.09386728703975677
63,blocks.41.conv1,0.12137413769960403
63,blocks.41.conv2,0.09769346565008163
63,blocks.42.conv1,0.09869103133678436
63,blocks.42.conv2,0.08569726347923279
63,blocks.43.conv1,0.10192880034446716
63,blocks.43.conv2,0.08009997010231018
63,blocks.44.conv1,0.09799736738204956
63,blocks.44.conv2,0.08543715626001358
63,blocks.45.conv1,0.1023244634270668
63,blocks.45.conv2,0.08471865952014923
63,blocks.46.conv1,0.09942202270030975
63,blocks.46.conv2,0.07881713658571243
63,blocks.47.conv1,0.09080589562654495
63,blocks.47.conv2,0.08453182876110077
63,blocks.48.conv1,0.10734778642654419
63,blocks.48.conv2,0.08100347965955734
63,blocks.49.conv1,0.10134770721197128
63,blocks.49.conv2,0.08163387328386307
63,mean_conv2d_grad_norm,0.09298504409518572
64,stem.0,0.1700509786605835
64,blocks.0.conv1,0.1069662943482399
64,blocks.0.conv2,0.10054995119571686
64,blocks.1.conv1,0.08705052733421326
64,blocks.1.conv2,0.08869242668151855
64,blocks.2.conv1,0.07757914066314697
64,blocks.2.conv2,0.08226041495800018
64,blocks.3.conv1,0.06530409306287766
64,blocks.3.conv2,0.06782490015029907
64,blocks.4.conv1,0.06286893039941788
64,blocks.4.conv2,0.06474258005619049
64,blocks.5.conv1,0.05788210406899452
64,blocks.5.conv2,0.05878119170665741
64,blocks.6.conv1,0.04896074905991554
64,blocks.6.conv2,0.05207653343677521
64,blocks.7.conv1,0.0592045858502388
64,blocks.7.conv2,0.06009969860315323
64,blocks.8.conv1,0.05419713631272316
64,blocks.8.conv2,0.05314137041568756
64,blocks.9.conv1,0.05118449404835701
64,blocks.9.conv2,0.05280925706028938
64,blocks.10.conv1,0.05151493102312088
64,blocks.10.conv2,0.05092141777276993
64,blocks.11.conv1,0.04921954125165939
64,blocks.11.conv2,0.04970695078372955
64,blocks.12.conv1,0.050439298152923584
64,blocks.12.conv2,0.052594806998968124
64,blocks.13.conv1,0.05333979055285454
64,blocks.13.conv2,0.05514980107545853
64,blocks.14.conv1,0.05215334892272949
64,blocks.14.conv2,0.05184824392199516
64,blocks.15.conv1,0.053701143711805344
64,blocks.15.conv2,0.05127083510160446
64,blocks.16.conv1,0.05804114043712616
64,blocks.16.conv2,0.05580058693885803
64,blocks.17.conv1,0.05035385116934776
64,blocks.17.conv2,0.04588070884346962
64,blocks.18.conv1,0.04982564225792885
64,blocks.18.conv2,0.049532778561115265
64,blocks.19.conv1,0.06214213743805885
64,blocks.19.conv2,0.05504067242145538
64,blocks.20.conv1,0.05698346346616745
64,blocks.20.conv2,0.05389939621090889
64,blocks.21.conv1,0.06031889095902443
64,blocks.21.conv2,0.05494515225291252
64,blocks.22.conv1,0.07006574422121048
64,blocks.22.conv2,0.062221676111221313
64,blocks.23.conv1,0.0715724378824234
64,blocks.23.conv2,0.06378796696662903
64,blocks.24.conv1,0.06603681296110153
64,blocks.24.conv2,0.061093416064977646
64,blocks.25.conv1,0.07020574808120728
64,blocks.25.conv2,0.0658826157450676
64,blocks.26.conv1,0.07637956738471985
64,blocks.26.conv2,0.06357212364673615
64,blocks.27.conv1,0.06366530060768127
64,blocks.27.conv2,0.05699121206998825
64,blocks.28.conv1,0.06499390304088593
64,blocks.28.conv2,0.05627425014972687
64,blocks.29.conv1,0.07450732588768005
64,blocks.29.conv2,0.06837373971939087
64,blocks.30.conv1,0.08144773542881012
64,blocks.30.conv2,0.06989763677120209
64,blocks.31.conv1,0.07033663243055344
64,blocks.31.conv2,0.062087301164865494
64,blocks.32.conv1,0.06804917752742767
64,blocks.32.conv2,0.058854635804891586
64,blocks.33.conv1,0.07195956259965897
64,blocks.33.conv2,0.06369633972644806
64,blocks.34.conv1,0.07684566080570221
64,blocks.34.conv2,0.07326605170965195
64,blocks.35.conv1,0.07803592085838318
64,blocks.35.conv2,0.07025205343961716
64,blocks.36.conv1,0.08156566321849823
64,blocks.36.conv2,0.07255470007658005
64,blocks.37.conv1,0.09192848950624466
64,blocks.37.conv2,0.07719645649194717
64,blocks.38.conv1,0.08222362399101257
64,blocks.38.conv2,0.07061345875263214
64,blocks.39.conv1,0.08636365085840225
64,blocks.39.conv2,0.07094066590070724
64,blocks.40.conv1,0.0796673446893692
64,blocks.40.conv2,0.07013452053070068
64,blocks.41.conv1,0.082261823117733
64,blocks.41.conv2,0.0717601329088211
64,blocks.42.conv1,0.06622058153152466
64,blocks.42.conv2,0.06011959910392761
64,blocks.43.conv1,0.06726477295160294
64,blocks.43.conv2,0.05542051047086716
64,blocks.44.conv1,0.08670628070831299
64,blocks.44.conv2,0.06867412477731705
64,blocks.45.conv1,0.06036651134490967
64,blocks.45.conv2,0.05243616923689842
64,blocks.46.conv1,0.06338505446910858
64,blocks.46.conv2,0.05296626687049866
64,blocks.47.conv1,0.06571457535028458
64,blocks.47.conv2,0.053265463560819626
64,blocks.48.conv1,0.07255786657333374
64,blocks.48.conv2,0.05866868793964386
64,blocks.49.conv1,0.07770606875419617
64,blocks.49.conv2,0.06401831656694412
64,mean_conv2d_grad_norm,0.0659396615580167
65,stem.0,0.16812464594841003
65,blocks.0.conv1,0.1314273625612259
65,blocks.0.conv2,0.1491248905658722
65,blocks.1.conv1,0.12497055530548096
65,blocks.1.conv2,0.14059321582317352
65,blocks.2.conv1,0.117592953145504
65,blocks.2.conv2,0.1285315304994583
65,blocks.3.conv1,0.108058862388134
65,blocks.3.conv2,0.10720574855804443
65,blocks.4.conv1,0.09708557277917862
65,blocks.4.conv2,0.09888400137424469
65,blocks.5.conv1,0.08555348217487335
65,blocks.5.conv2,0.08924344182014465
65,blocks.6.conv1,0.07821140438318253
65,blocks.6.conv2,0.07825915515422821
65,blocks.7.conv1,0.08990513533353806
65,blocks.7.conv2,0.08943308144807816
65,blocks.8.conv1,0.08177739381790161
65,blocks.8.conv2,0.08028732985258102
65,blocks.9.conv1,0.07773222774267197
65,blocks.9.conv2,0.07964985817670822
65,blocks.10.conv1,0.07478467375040054
65,blocks.10.conv2,0.07315980643033981
65,blocks.11.conv1,0.08126139640808105
65,blocks.11.conv2,0.07880902290344238
65,blocks.12.conv1,0.08453168720006943
65,blocks.12.conv2,0.07877612859010696
65,blocks.13.conv1,0.08620131760835648
65,blocks.13.conv2,0.08376529067754745
65,blocks.14.conv1,0.08168920874595642
65,blocks.14.conv2,0.07684628665447235
65,blocks.15.conv1,0.09463902562856674
65,blocks.15.conv2,0.08450865745544434
65,blocks.16.conv1,0.08941244333982468
65,blocks.16.conv2,0.08280294388532639
65,blocks.17.conv1,0.08218878507614136
65,blocks.17.conv2,0.07462699711322784
65,blocks.18.conv1,0.078800268471241
65,blocks.18.conv2,0.07580196112394333
65,blocks.19.conv1,0.08976918458938599
65,blocks.19.conv2,0.08307253569364548
65,blocks.20.conv1,0.08743976801633835
65,blocks.20.conv2,0.08109454810619354
65,blocks.21.conv1,0.10179850459098816
65,blocks.21.conv2,0.08819913864135742
65,blocks.22.conv1,0.10949601233005524
65,blocks.22.conv2,0.10151541978120804
65,blocks.23.conv1,0.11783825606107712
65,blocks.23.conv2,0.10363167524337769
65,blocks.24.conv1,0.10453516244888306
65,blocks.24.conv2,0.09767943620681763
65,blocks.25.conv1,0.10796321928501129
65,blocks.25.conv2,0.09883219003677368
65,blocks.26.conv1,0.12183506786823273
65,blocks.26.conv2,0.10347654670476913
65,blocks.27.conv1,0.09995151311159134
65,blocks.27.conv2,0.09263167530298233
65,blocks.28.conv1,0.10584564507007599
65,blocks.28.conv2,0.09333259612321854
65,blocks.29.conv1,0.11902647465467453
65,blocks.29.conv2,0.10658346116542816
65,blocks.30.conv1,0.11972450464963913
65,blocks.30.conv2,0.10737331956624985
65,blocks.31.conv1,0.11427318304777145
65,blocks.31.conv2,0.10462260991334915
65,blocks.32.conv1,0.11591462045907974
65,blocks.32.conv2,0.0969645157456398
65,blocks.33.conv1,0.10839159786701202
65,blocks.33.conv2,0.0984654650092125
65,blocks.34.conv1,0.12388893961906433
65,blocks.34.conv2,0.11020883917808533
65,blocks.35.conv1,0.11298071593046188
65,blocks.35.conv2,0.10123316198587418
65,blocks.36.conv1,0.13620255887508392
65,blocks.36.conv2,0.11476003378629684
65,blocks.37.conv1,0.13645398616790771
65,blocks.37.conv2,0.12174033373594284
65,blocks.38.conv1,0.1181197538971901
65,blocks.38.conv2,0.09751342982053757
65,blocks.39.conv1,0.11858633905649185
65,blocks.39.conv2,0.1009436547756195
65,blocks.40.conv1,0.11747913062572479
65,blocks.40.conv2,0.0986088439822197
65,blocks.41.conv1,0.12670522928237915
65,blocks.41.conv2,0.10982052981853485
65,blocks.42.conv1,0.11422030627727509
65,blocks.42.conv2,0.09048264473676682
65,blocks.43.conv1,0.10777949541807175
65,blocks.43.conv2,0.08891580253839493
65,blocks.44.conv1,0.1191062182188034
65,blocks.44.conv2,0.10377580672502518
65,blocks.45.conv1,0.10786224901676178
65,blocks.45.conv2,0.08916187286376953
65,blocks.46.conv1,0.11054528504610062
65,blocks.46.conv2,0.08757025003433228
65,blocks.47.conv1,0.10643836855888367
65,blocks.47.conv2,0.08405166864395142
65,blocks.48.conv1,0.11177603900432587
65,blocks.48.conv2,0.08187711983919144
65,blocks.49.conv1,0.10542922466993332
65,blocks.49.conv2,0.08865965902805328
65,mean_conv2d_grad_norm,0.10087557513229918
66,stem.0,0.2076410949230194
66,blocks.0.conv1,0.1737174689769745
66,blocks.0.conv2,0.18465270102024078
66,blocks.1.conv1,0.15737874805927277
66,blocks.1.conv2,0.15956252813339233
66,blocks.2.conv1,0.14764583110809326
66,blocks.2.conv2,0.15305456519126892
66,blocks.3.conv1,0.12063424289226532
66,blocks.3.conv2,0.13104064762592316
66,blocks.4.conv1,0.12327428162097931
66,blocks.4.conv2,0.12427529692649841
66,blocks.5.conv1,0.10655805468559265
66,blocks.5.conv2,0.10756582766771317
66,blocks.6.conv1,0.09970574080944061
66,blocks.6.conv2,0.10031529515981674
66,blocks.7.conv1,0.11300567537546158
66,blocks.7.conv2,0.10962844640016556
66,blocks.8.conv1,0.10616994649171829
66,blocks.8.conv2,0.1032419428229332
66,blocks.9.conv1,0.09811089187860489
66,blocks.9.conv2,0.09715669602155685
66,blocks.10.conv1,0.09220316261053085
66,blocks.10.conv2,0.08986933529376984
66,blocks.11.conv1,0.09991929680109024
66,blocks.11.conv2,0.09752020984888077
66,blocks.12.conv1,0.10069887340068817
66,blocks.12.conv2,0.09887640923261642
66,blocks.13.conv1,0.10155970603227615
66,blocks.13.conv2,0.0969061553478241
66,blocks.14.conv1,0.09583810716867447
66,blocks.14.conv2,0.09424556791782379
66,blocks.15.conv1,0.0951303094625473
66,blocks.15.conv2,0.08895068615674973
66,blocks.16.conv1,0.10283667594194412
66,blocks.16.conv2,0.09285159409046173
66,blocks.17.conv1,0.09424138069152832
66,blocks.17.conv2,0.08795086294412613
66,blocks.18.conv1,0.09619439393281937
66,blocks.18.conv2,0.09231116622686386
66,blocks.19.conv1,0.1119086891412735
66,blocks.19.conv2,0.09694074839353561
66,blocks.20.conv1,0.10455144196748734
66,blocks.20.conv2,0.09747093915939331
66,blocks.21.conv1,0.1150689497590065
66,blocks.21.conv2,0.10320550203323364
66,blocks.22.conv1,0.12136907875537872
66,blocks.22.conv2,0.11048690974712372
66,blocks.23.conv1,0.12279070168733597
66,blocks.23.conv2,0.11254415661096573
66,blocks.24.conv1,0.1183086708188057
66,blocks.24.conv2,0.11140242218971252
66,blocks.25.conv1,0.1276431530714035
66,blocks.25.conv2,0.11380232870578766
66,blocks.26.conv1,0.1443176567554474
66,blocks.26.conv2,0.11404286324977875
66,blocks.27.conv1,0.12531894445419312
66,blocks.27.conv2,0.11043738573789597
66,blocks.28.conv1,0.13397888839244843
66,blocks.28.conv2,0.11078830063343048
66,blocks.29.conv1,0.14113090932369232
66,blocks.29.conv2,0.11916804313659668
66,blocks.30.conv1,0.14710628986358643
66,blocks.30.conv2,0.12105338275432587
66,blocks.31.conv1,0.13117268681526184
66,blocks.31.conv2,0.11686184257268906
66,blocks.32.conv1,0.133919358253479
66,blocks.32.conv2,0.1130957156419754
66,blocks.33.conv1,0.12541425228118896
66,blocks.33.conv2,0.11022403091192245
66,blocks.34.conv1,0.13918256759643555
66,blocks.34.conv2,0.12545765936374664
66,blocks.35.conv1,0.13936978578567505
66,blocks.35.conv2,0.11848060041666031
66,blocks.36.conv1,0.15640148520469666
66,blocks.36.conv2,0.12625117599964142
66,blocks.37.conv1,0.16112497448921204
66,blocks.37.conv2,0.12810789048671722
66,blocks.38.conv1,0.1364237666130066
66,blocks.38.conv2,0.11367348581552505
66,blocks.39.conv1,0.15264996886253357
66,blocks.39.conv2,0.12196628749370575
66,blocks.40.conv1,0.13200990855693817
66,blocks.40.conv2,0.10942333191633224
66,blocks.41.conv1,0.13748979568481445
66,blocks.41.conv2,0.12555436789989471
66,blocks.42.conv1,0.12456360459327698
66,blocks.42.conv2,0.10613321512937546
66,blocks.43.conv1,0.11788248270750046
66,blocks.43.conv2,0.10850635170936584
66,blocks.44.conv1,0.1413838118314743
66,blocks.44.conv2,0.1169137954711914
66,blocks.45.conv1,0.11892863363027573
66,blocks.45.conv2,0.10721898078918457
66,blocks.46.conv1,0.12629437446594238
66,blocks.46.conv2,0.09735105186700821
66,blocks.47.conv1,0.11378991603851318
66,blocks.47.conv2,0.08824076503515244
66,blocks.48.conv1,0.12074047327041626
66,blocks.48.conv2,0.09564746171236038
66,blocks.49.conv1,0.1155104711651802
66,blocks.49.conv2,0.10244350135326385
66,mean_conv2d_grad_norm,0.11814930695708435
67,stem.0,0.14072741568088531
67,blocks.0.conv1,0.13669119775295258
67,blocks.0.conv2,0.135737806558609
67,blocks.1.conv1,0.1198047399520874
67,blocks.1.conv2,0.12505628168582916
67,blocks.2.conv1,0.11393614858388901
67,blocks.2.conv2,0.112800732254982
67,blocks.3.conv1,0.09274113178253174
67,blocks.3.conv2,0.09634719789028168
67,blocks.4.conv1,0.0816572830080986
67,blocks.4.conv2,0.0874623954296112
67,blocks.5.conv1,0.08787383884191513
67,blocks.5.conv2,0.08023117482662201
67,blocks.6.conv1,0.06492563337087631
67,blocks.6.conv2,0.06489908695220947
67,blocks.7.conv1,0.07786308974027634
67,blocks.7.conv2,0.07483768463134766
67,blocks.8.conv1,0.06718438863754272
67,blocks.8.conv2,0.06860504299402237
67,blocks.9.conv1,0.0656621903181076
67,blocks.9.conv2,0.06778158992528915
67,blocks.10.conv1,0.05957941338419914
67,blocks.10.conv2,0.06057030335068703
67,blocks.11.conv1,0.06465385854244232
67,blocks.11.conv2,0.06234624236822128
67,blocks.12.conv1,0.06761663407087326
67,blocks.12.conv2,0.0661347508430481
67,blocks.13.conv1,0.07276664674282074
67,blocks.13.conv2,0.06831818073987961
67,blocks.14.conv1,0.0761386901140213
67,blocks.14.conv2,0.06775008887052536
67,blocks.15.conv1,0.06539694219827652
67,blocks.15.conv2,0.062032550573349
67,blocks.16.conv1,0.07007990032434464
67,blocks.16.conv2,0.06595060229301453
67,blocks.17.conv1,0.06385268270969391
67,blocks.17.conv2,0.0582725889980793
67,blocks.18.conv1,0.06963307410478592
67,blocks.18.conv2,0.06858456879854202
67,blocks.19.conv1,0.07316666841506958
67,blocks.19.conv2,0.0663503035902977
67,blocks.20.conv1,0.07241656631231308
67,blocks.20.conv2,0.06478431820869446
67,blocks.21.conv1,0.07982251048088074
67,blocks.21.conv2,0.07524693757295609
67,blocks.22.conv1,0.08750582486391068
67,blocks.22.conv2,0.08156042546033859
67,blocks.23.conv1,0.0929863229393959
67,blocks.23.conv2,0.08024770766496658
67,blocks.24.conv1,0.08686330914497375
67,blocks.24.conv2,0.0814315676689148
67,blocks.25.conv1,0.0924905315041542
67,blocks.25.conv2,0.08247541636228561
67,blocks.26.conv1,0.09780506044626236
67,blocks.26.conv2,0.08447283506393433
67,blocks.27.conv1,0.09739010035991669
67,blocks.27.conv2,0.08527971804141998
67,blocks.28.conv1,0.10293613374233246
67,blocks.28.conv2,0.0900053009390831
67,blocks.29.conv1,0.0954054594039917
67,blocks.29.conv2,0.09644551575183868
67,blocks.30.conv1,0.12089879810810089
67,blocks.30.conv2,0.10104197263717651
67,blocks.31.conv1,0.10369298607110977
67,blocks.31.conv2,0.09025260806083679
67,blocks.32.conv1,0.09586787968873978
67,blocks.32.conv2,0.08490519970655441
67,blocks.33.conv1,0.09782789647579193
67,blocks.33.conv2,0.08498962223529816
67,blocks.34.conv1,0.10759991407394409
67,blocks.34.conv2,0.09470541030168533
67,blocks.35.conv1,0.09810342639684677
67,blocks.35.conv2,0.0902346521615982
67,blocks.36.conv1,0.12175280600786209
67,blocks.36.conv2,0.09876883774995804
67,blocks.37.conv1,0.11238808929920197
67,blocks.37.conv2,0.0938170924782753
67,blocks.38.conv1,0.10227499157190323
67,blocks.38.conv2,0.09202729910612106
67,blocks.39.conv1,0.09924594312906265
67,blocks.39.conv2,0.08863372355699539
67,blocks.40.conv1,0.10958872735500336
67,blocks.40.conv2,0.08629749715328217
67,blocks.41.conv1,0.1007981076836586
67,blocks.41.conv2,0.09052003175020218
67,blocks.42.conv1,0.08848875015974045
67,blocks.42.conv2,0.07739299535751343
67,blocks.43.conv1,0.09181880205869675
67,blocks.43.conv2,0.08299407362937927
67,blocks.44.conv1,0.0824432224035263
67,blocks.44.conv2,0.07411415874958038
67,blocks.45.conv1,0.08527668565511703
67,blocks.45.conv2,0.07625233381986618
67,blocks.46.conv1,0.07926516234874725
67,blocks.46.conv2,0.062323328107595444
67,blocks.47.conv1,0.09277673065662384
67,blocks.47.conv2,0.07766111195087433
67,blocks.48.conv1,0.09125068038702011
67,blocks.48.conv2,0.0750817283987999
67,blocks.49.conv1,0.08922586590051651
67,blocks.49.conv2,0.08261953294277191
67,mean_conv2d_grad_norm,0.08608723741651762
68,stem.0,0.1564958542585373
68,blocks.0.conv1,0.16280654072761536
68,blocks.0.conv2,0.168208047747612
68,blocks.1.conv1,0.14572663605213165
68,blocks.1.conv2,0.15615421533584595
68,blocks.2.conv1,0.13672909140586853
68,blocks.2.conv2,0.143011212348938
68,blocks.3.conv1,0.11279679834842682
68,blocks.3.conv2,0.1197911724448204
68,blocks.4.conv1,0.10974805802106857
68,blocks.4.conv2,0.1111118271946907
68,blocks.5.conv1,0.09895751625299454
68,blocks.5.conv2,0.09632781893014908
68,blocks.6.conv1,0.08540641516447067
68,blocks.6.conv2,0.0846555233001709
68,blocks.7.conv1,0.09717334061861038
68,blocks.7.conv2,0.09664981067180634
68,blocks.8.conv1,0.09083396196365356
68,blocks.8.conv2,0.08567377924919128
68,blocks.9.conv1,0.08411035686731339
68,blocks.9.conv2,0.08548066020011902
68,blocks.10.conv1,0.08359181135892868
68,blocks.10.conv2,0.08148883283138275
68,blocks.11.conv1,0.08198332786560059
68,blocks.11.conv2,0.0782729834318161
68,blocks.12.conv1,0.08763188123703003
68,blocks.12.conv2,0.08503969758749008
68,blocks.13.conv1,0.0961594432592392
68,blocks.13.conv2,0.09032521396875381
68,blocks.14.conv1,0.09545104950666428
68,blocks.14.conv2,0.08967544883489609
68,blocks.15.conv1,0.09708312153816223
68,blocks.15.conv2,0.0882880836725235
68,blocks.16.conv1,0.09229922294616699
68,blocks.16.conv2,0.08818798512220383
68,blocks.17.conv1,0.08877034485340118
68,blocks.17.conv2,0.08427371829748154
68,blocks.18.conv1,0.0907793641090393
68,blocks.18.conv2,0.08406341075897217
68,blocks.19.conv1,0.09671545773744583
68,blocks.19.conv2,0.08608844876289368
68,blocks.20.conv1,0.09813319146633148
68,blocks.20.conv2,0.08660877496004105
68,blocks.21.conv1,0.10267768055200577
68,blocks.21.conv2,0.09055221825838089
68,blocks.22.conv1,0.11416643857955933
68,blocks.22.conv2,0.09858756512403488
68,blocks.23.conv1,0.12320034205913544
68,blocks.23.conv2,0.10578420758247375
68,blocks.24.conv1,0.11241359263658524
68,blocks.24.conv2,0.10142316669225693
68,blocks.25.conv1,0.11821780353784561
68,blocks.25.conv2,0.10262764245271683
68,blocks.26.conv1,0.12360256910324097
68,blocks.26.conv2,0.11316476762294769
68,blocks.27.conv1,0.11134684085845947
68,blocks.27.conv2,0.10040659457445145
68,blocks.28.conv1,0.11056768894195557
68,blocks.28.conv2,0.09907321631908417
68,blocks.29.conv1,0.11593105643987656
68,blocks.29.conv2,0.1096365675330162
68,blocks.30.conv1,0.12228745222091675
68,blocks.30.conv2,0.11133968830108643
68,blocks.31.conv1,0.11562158912420273
68,blocks.31.conv2,0.10612258315086365
68,blocks.32.conv1,0.11982426047325134
68,blocks.32.conv2,0.10247098654508591
68,blocks.33.conv1,0.12050729990005493
68,blocks.33.conv2,0.09679052233695984
68,blocks.34.conv1,0.1253640502691269
68,blocks.34.conv2,0.11180344223976135
68,blocks.35.conv1,0.1102038323879242
68,blocks.35.conv2,0.09484539180994034
68,blocks.36.conv1,0.1323109269142151
68,blocks.36.conv2,0.11091461032629013
68,blocks.37.conv1,0.14421242475509644
68,blocks.37.conv2,0.11574844270944595
68,blocks.38.conv1,0.12022260576486588
68,blocks.38.conv2,0.09928649663925171
68,blocks.39.conv1,0.11238029599189758
68,blocks.39.conv2,0.09816821664571762
68,blocks.40.conv1,0.12550118565559387
68,blocks.40.conv2,0.09449279308319092
68,blocks.41.conv1,0.12592311203479767
68,blocks.41.conv2,0.10436245054006577
68,blocks.42.conv1,0.11419685930013657
68,blocks.42.conv2,0.09604243189096451
68,blocks.43.conv1,0.11264881491661072
68,blocks.43.conv2,0.09187524765729904
68,blocks.44.conv1,0.12211789935827255
68,blocks.44.conv2,0.09318835288286209
68,blocks.45.conv1,0.10566577315330505
68,blocks.45.conv2,0.08461327105760574
68,blocks.46.conv1,0.11117380112409592
68,blocks.46.conv2,0.08368248492479324
68,blocks.47.conv1,0.10003634542226791
68,blocks.47.conv2,0.08256947994232178
68,blocks.48.conv1,0.11914025992155075
68,blocks.48.conv2,0.09542766213417053
68,blocks.49.conv1,0.10977112501859665
68,blocks.49.conv2,0.09951458126306534
68,mean_conv2d_grad_norm,0.10568820257293116
69,stem.0,0.11907993257045746
69,blocks.0.conv1,0.1440388262271881
69,blocks.0.conv2,0.1434931606054306
69,blocks.1.conv1,0.12761197984218597
69,blocks.1.conv2,0.1362522840499878
69,blocks.2.conv1,0.11738594621419907
69,blocks.2.conv2,0.12330983579158783
69,blocks.3.conv1,0.09898562729358673
69,blocks.3.conv2,0.10573578625917435
69,blocks.4.conv1,0.09297539293766022
69,blocks.4.conv2,0.09635321795940399
69,blocks.5.conv1,0.08617036044597626
69,blocks.5.conv2,0.088502436876297
69,blocks.6.conv1,0.07939812541007996
69,blocks.6.conv2,0.07622489333152771
69,blocks.7.conv1,0.09131645411252975
69,blocks.7.conv2,0.08955421298742294
69,blocks.8.conv1,0.07933761924505234
69,blocks.8.conv2,0.07759673148393631
69,blocks.9.conv1,0.07572431117296219
69,blocks.9.conv2,0.07548150420188904
69,blocks.10.conv1,0.07726258039474487
69,blocks.10.conv2,0.07141659408807755
69,blocks.11.conv1,0.07375972718000412
69,blocks.11.conv2,0.07110992074012756
69,blocks.12.conv1,0.08352520316839218
69,blocks.12.conv2,0.07865048199892044
69,blocks.13.conv1,0.07084356248378754
69,blocks.13.conv2,0.07111060619354248
69,blocks.14.conv1,0.08379992842674255
69,blocks.14.conv2,0.07899780571460724
69,blocks.15.conv1,0.08820834755897522
69,blocks.15.conv2,0.08333508670330048
69,blocks.16.conv1,0.08333999663591385
69,blocks.16.conv2,0.07602944225072861
69,blocks.17.conv1,0.06723155081272125
69,blocks.17.conv2,0.06506313383579254
69,blocks.18.conv1,0.08038177341222763
69,blocks.18.conv2,0.07655458897352219
69,blocks.19.conv1,0.08701768517494202
69,blocks.19.conv2,0.0795956701040268
69,blocks.20.conv1,0.08128691464662552
69,blocks.20.conv2,0.07608609646558762
69,blocks.21.conv1,0.09386187046766281
69,blocks.21.conv2,0.08275046944618225
69,blocks.22.conv1,0.09870489686727524
69,blocks.22.conv2,0.08896174281835556
69,blocks.23.conv1,0.109969861805439
69,blocks.23.conv2,0.09969034045934677
69,blocks.24.conv1,0.10410736501216888
69,blocks.24.conv2,0.08994607627391815
69,blocks.25.conv1,0.10256386548280716
69,blocks.25.conv2,0.08976547420024872
69,blocks.26.conv1,0.11754395067691803
69,blocks.26.conv2,0.09576048702001572
69,blocks.27.conv1,0.10343532264232635
69,blocks.27.conv2,0.09078697860240936
69,blocks.28.conv1,0.10313557088375092
69,blocks.28.conv2,0.08945843577384949
69,blocks.29.conv1,0.10737157613039017
69,blocks.29.conv2,0.09711148589849472
69,blocks.30.conv1,0.11382029950618744
69,blocks.30.conv2,0.10170554369688034
69,blocks.31.conv1,0.10592210292816162
69,blocks.31.conv2,0.09017006307840347
69,blocks.32.conv1,0.1116771399974823
69,blocks.32.conv2,0.08878567814826965
69,blocks.33.conv1,0.10117749124765396
69,blocks.33.conv2,0.08314584940671921
69,blocks.34.conv1,0.10906421393156052
69,blocks.34.conv2,0.09186161309480667
69,blocks.35.conv1,0.10036895424127579
69,blocks.35.conv2,0.08637230843305588
69,blocks.36.conv1,0.11037250608205795
69,blocks.36.conv2,0.09192169457674026
69,blocks.37.conv1,0.12052091956138611
69,blocks.37.conv2,0.09708241373300552
69,blocks.38.conv1,0.10454485565423965
69,blocks.38.conv2,0.08557151257991791
69,blocks.39.conv1,0.09899450838565826
69,blocks.39.conv2,0.08312159776687622
69,blocks.40.conv1,0.09700088948011398
69,blocks.40.conv2,0.08485418558120728
69,blocks.41.conv1,0.1086508184671402
69,blocks.41.conv2,0.0948045402765274
69,blocks.42.conv1,0.0915214866399765
69,blocks.42.conv2,0.08028752356767654
69,blocks.43.conv1,0.09378491342067719
69,blocks.43.conv2,0.08513914793729782
69,blocks.44.conv1,0.10383640974760056
69,blocks.44.conv2,0.0843820869922638
69,blocks.45.conv1,0.0916895642876625
69,blocks.45.conv2,0.0750945433974266
69,blocks.46.conv1,0.09357559680938721
69,blocks.46.conv2,0.07426252961158752
69,blocks.47.conv1,0.08496429026126862
69,blocks.47.conv2,0.06756824254989624
69,blocks.48.conv1,0.09129612892866135
69,blocks.48.conv2,0.07267532497644424
69,blocks.49.conv1,0.09050253033638
69,blocks.49.conv2,0.07202228903770447
69,mean_conv2d_grad_norm,0.09216015262178856
70,stem.0,0.20656390488147736
70,blocks.0.conv1,0.23036150634288788
70,blocks.0.conv2,0.2376798391342163
70,blocks.1.conv1,0.20834515988826752
70,blocks.1.conv2,0.22487449645996094
70,blocks.2.conv1,0.19096185266971588
70,blocks.2.conv2,0.19686304032802582
70,blocks.3.conv1,0.17436248064041138
70,blocks.3.conv2,0.1697729080915451
70,blocks.4.conv1,0.15660396218299866
70,blocks.4.conv2,0.15944665670394897
70,blocks.5.conv1,0.14707890152931213
70,blocks.5.conv2,0.138764426112175
70,blocks.6.conv1,0.11473755538463593
70,blocks.6.conv2,0.11606547236442566
70,blocks.7.conv1,0.1448569893836975
70,blocks.7.conv2,0.13168151676654816
70,blocks.8.conv1,0.1289503276348114
70,blocks.8.conv2,0.12386935204267502
70,blocks.9.conv1,0.12395469844341278
70,blocks.9.conv2,0.12120542675256729
70,blocks.10.conv1,0.11944781243801117
70,blocks.10.conv2,0.1097090020775795
70,blocks.11.conv1,0.11507204920053482
70,blocks.11.conv2,0.1145361065864563
70,blocks.12.conv1,0.12577754259109497
70,blocks.12.conv2,0.11902002990245819
70,blocks.13.conv1,0.11861805617809296
70,blocks.13.conv2,0.11750779300928116
70,blocks.14.conv1,0.12712329626083374
70,blocks.14.conv2,0.12354212254285812
70,blocks.15.conv1,0.1320149004459381
70,blocks.15.conv2,0.1259620487689972
70,blocks.16.conv1,0.11910557746887207
70,blocks.16.conv2,0.11705195158720016
70,blocks.17.conv1,0.11948692798614502
70,blocks.17.conv2,0.1150892823934555
70,blocks.18.conv1,0.1237296462059021
70,blocks.18.conv2,0.11858886480331421
70,blocks.19.conv1,0.14801041781902313
70,blocks.19.conv2,0.12631642818450928
70,blocks.20.conv1,0.1453917771577835
70,blocks.20.conv2,0.12800872325897217
70,blocks.21.conv1,0.14661194384098053
70,blocks.21.conv2,0.1380959153175354
70,blocks.22.conv1,0.16429105401039124
70,blocks.22.conv2,0.14934737980365753
70,blocks.23.conv1,0.16152893006801605
70,blocks.23.conv2,0.1444084644317627
70,blocks.24.conv1,0.15367528796195984
70,blocks.24.conv2,0.13781005144119263
70,blocks.25.conv1,0.162698432803154
70,blocks.25.conv2,0.14062228798866272
70,blocks.26.conv1,0.17070405185222626
70,blocks.26.conv2,0.14707446098327637
70,blocks.27.conv1,0.15216435492038727
70,blocks.27.conv2,0.13783270120620728
70,blocks.28.conv1,0.15051288902759552
70,blocks.28.conv2,0.13529840111732483
70,blocks.29.conv1,0.16002021729946136
70,blocks.29.conv2,0.14306707680225372
70,blocks.30.conv1,0.17843782901763916
70,blocks.30.conv2,0.1560538411140442
70,blocks.31.conv1,0.16159121692180634
70,blocks.31.conv2,0.1448185294866562
70,blocks.32.conv1,0.16384625434875488
70,blocks.32.conv2,0.1466238796710968
70,blocks.33.conv1,0.16393603384494781
70,blocks.33.conv2,0.14841511845588684
70,blocks.34.conv1,0.17459754645824432
70,blocks.34.conv2,0.1568250209093094
70,blocks.35.conv1,0.16349756717681885
70,blocks.35.conv2,0.14719745516777039
70,blocks.36.conv1,0.18002784252166748
70,blocks.36.conv2,0.15837788581848145
70,blocks.37.conv1,0.1922943890094757
70,blocks.37.conv2,0.16100968420505524
70,blocks.38.conv1,0.15993548929691315
70,blocks.38.conv2,0.14724574983119965
70,blocks.39.conv1,0.1742498129606247
70,blocks.39.conv2,0.15281163156032562
70,blocks.40.conv1,0.16595010459423065
70,blocks.40.conv2,0.14719730615615845
70,blocks.41.conv1,0.181362584233284
70,blocks.41.conv2,0.15989038348197937
70,blocks.42.conv1,0.15575990080833435
70,blocks.42.conv2,0.1468864381313324
70,blocks.43.conv1,0.16546806693077087
70,blocks.43.conv2,0.14262457191944122
70,blocks.44.conv1,0.19431263208389282
70,blocks.44.conv2,0.16606906056404114
70,blocks.45.conv1,0.15253068506717682
70,blocks.45.conv2,0.12337332963943481
70,blocks.46.conv1,0.12294667959213257
70,blocks.46.conv2,0.11408909410238266
70,blocks.47.conv1,0.15473292768001556
70,blocks.47.conv2,0.11651187390089035
70,blocks.48.conv1,0.14678694307804108
70,blocks.48.conv2,0.11449979245662689
70,blocks.49.conv1,0.1529647409915924
70,blocks.49.conv2,0.12993739545345306
70,mean_conv2d_grad_norm,0.1488867526744852
71,stem.0,0.17370833456516266
71,blocks.0.conv1,0.12913700938224792
71,blocks.0.conv2,0.14268001914024353
71,blocks.1.conv1,0.12050330638885498
71,blocks.1.conv2,0.13072630763053894
71,blocks.2.conv1,0.11116892099380493
71,blocks.2.conv2,0.1164391040802002
71,blocks.3.conv1,0.0911661684513092
71,blocks.3.conv2,0.09559157490730286
71,blocks.4.conv1,0.0923219695687294
71,blocks.4.conv2,0.09081070870161057
71,blocks.5.conv1,0.08201640844345093
71,blocks.5.conv2,0.08531796932220459
71,blocks.6.conv1,0.0738213062286377
71,blocks.6.conv2,0.07437977194786072
71,blocks.7.conv1,0.09069563448429108
71,blocks.7.conv2,0.0893625020980835
71,blocks.8.conv1,0.07879418879747391
71,blocks.8.conv2,0.08062472939491272
71,blocks.9.conv1,0.07873886823654175
71,blocks.9.conv2,0.07851497083902359
71,blocks.10.conv1,0.07318221032619476
71,blocks.10.conv2,0.07155320048332214
71,blocks.11.conv1,0.0722426325082779
71,blocks.11.conv2,0.07350225746631622
71,blocks.12.conv1,0.08020239323377609
71,blocks.12.conv2,0.08205306529998779
71,blocks.13.conv1,0.07853339612483978
71,blocks.13.conv2,0.07850103825330734
71,blocks.14.conv1,0.08147712796926498
71,blocks.14.conv2,0.07950811088085175
71,blocks.15.conv1,0.08622293919324875
71,blocks.15.conv2,0.08178997784852982
71,blocks.16.conv1,0.08127760142087936
71,blocks.16.conv2,0.08101706951856613
71,blocks.17.conv1,0.0710490345954895
71,blocks.17.conv2,0.06994173675775528
71,blocks.18.conv1,0.0703631192445755
71,blocks.18.conv2,0.07059460878372192
71,blocks.19.conv1,0.07673356682062149
71,blocks.19.conv2,0.07807573676109314
71,blocks.20.conv1,0.08101197332143784
71,blocks.20.conv2,0.07729925215244293
71,blocks.21.conv1,0.0894922986626625
71,blocks.21.conv2,0.08573009073734283
71,blocks.22.conv1,0.09638455510139465
71,blocks.22.conv2,0.08968394249677658
71,blocks.23.conv1,0.10624964535236359
71,blocks.23.conv2,0.09298228472471237
71,blocks.24.conv1,0.09297274798154831
71,blocks.24.conv2,0.08765610307455063
71,blocks.25.conv1,0.10022522509098053
71,blocks.25.conv2,0.09063152223825455
71,blocks.26.conv1,0.1106404960155487
71,blocks.26.conv2,0.09801271557807922
71,blocks.27.conv1,0.1022786796092987
71,blocks.27.conv2,0.092425137758255
71,blocks.28.conv1,0.10347558557987213
71,blocks.28.conv2,0.08956129103899002
71,blocks.29.conv1,0.10337032377719879
71,blocks.29.conv2,0.08827575296163559
71,blocks.30.conv1,0.11499067395925522
71,blocks.30.conv2,0.09850908070802689
71,blocks.31.conv1,0.10910878330469131
71,blocks.31.conv2,0.0901782289147377
71,blocks.32.conv1,0.09417884796857834
71,blocks.32.conv2,0.08142266422510147
71,blocks.33.conv1,0.09844759851694107
71,blocks.33.conv2,0.0847972109913826
71,blocks.34.conv1,0.10557186603546143
71,blocks.34.conv2,0.09166592359542847
71,blocks.35.conv1,0.10610786825418472
71,blocks.35.conv2,0.09278851747512817
71,blocks.36.conv1,0.12395869195461273
71,blocks.36.conv2,0.0991508811712265
71,blocks.37.conv1,0.12903346121311188
71,blocks.37.conv2,0.1026054248213768
71,blocks.38.conv1,0.11530882120132446
71,blocks.38.conv2,0.08585332334041595
71,blocks.39.conv1,0.10486067086458206
71,blocks.39.conv2,0.08750902861356735
71,blocks.40.conv1,0.09168519824743271
71,blocks.40.conv2,0.07664543390274048
71,blocks.41.conv1,0.0985277071595192
71,blocks.41.conv2,0.088957279920578
71,blocks.42.conv1,0.08306977897882462
71,blocks.42.conv2,0.07646390795707703
71,blocks.43.conv1,0.08636344969272614
71,blocks.43.conv2,0.07435908168554306
71,blocks.44.conv1,0.09186678379774094
71,blocks.44.conv2,0.07596970349550247
71,blocks.45.conv1,0.0858788788318634
71,blocks.45.conv2,0.07178988307714462
71,blocks.46.conv1,0.07548486441373825
71,blocks.46.conv2,0.05895029753446579
71,blocks.47.conv1,0.08285211026668549
71,blocks.47.conv2,0.07082725316286087
71,blocks.48.conv1,0.09029433876276016
71,blocks.48.conv2,0.07201623171567917
71,blocks.49.conv1,0.08155835419893265
71,blocks.49.conv2,0.07607226073741913
71,mean_conv2d_grad_norm,0.09057802559420614
72,stem.0,0.20332738757133484
72,blocks.0.conv1,0.14221899211406708
72,blocks.0.conv2,0.14765550196170807
72,blocks.1.conv1,0.124155692756176
72,blocks.1.conv2,0.1387689858675003
72,blocks.2.conv1,0.12360956519842148
72,blocks.2.conv2,0.12107342481613159
72,blocks.3.conv1,0.10774385929107666
72,blocks.3.conv2,0.11316757649183273
72,blocks.4.conv1,0.09794428199529648
72,blocks.4.conv2,0.09741765260696411
72,blocks.5.conv1,0.08878199756145477
72,blocks.5.conv2,0.09015610814094543
72,blocks.6.conv1,0.07938481122255325
72,blocks.6.conv2,0.07939307391643524
72,blocks.7.conv1,0.09024248272180557
72,blocks.7.conv2,0.08999297767877579
72,blocks.8.conv1,0.08487283438444138
72,blocks.8.conv2,0.08633988350629807
72,blocks.9.conv1,0.0823683962225914
72,blocks.9.conv2,0.08439131826162338
72,blocks.10.conv1,0.07918833196163177
72,blocks.10.conv2,0.0730343610048294
72,blocks.11.conv1,0.08231799304485321
72,blocks.11.conv2,0.08197673410177231
72,blocks.12.conv1,0.08963384479284286
72,blocks.12.conv2,0.09008500725030899
72,blocks.13.conv1,0.08481021970510483
72,blocks.13.conv2,0.08436375111341476
72,blocks.14.conv1,0.08778127282857895
72,blocks.14.conv2,0.08233296126127243
72,blocks.15.conv1,0.08781756460666656
72,blocks.15.conv2,0.08284810930490494
72,blocks.16.conv1,0.0885891318321228
72,blocks.16.conv2,0.0814228281378746
72,blocks.17.conv1,0.07534801214933395
72,blocks.17.conv2,0.07175232470035553
72,blocks.18.conv1,0.08403807133436203
72,blocks.18.conv2,0.08239825069904327
72,blocks.19.conv1,0.09407181292772293
72,blocks.19.conv2,0.08911556750535965
72,blocks.20.conv1,0.0927431732416153
72,blocks.20.conv2,0.08755213767290115
72,blocks.21.conv1,0.10344802588224411
72,blocks.21.conv2,0.09266828745603561
72,blocks.22.conv1,0.10121478140354156
72,blocks.22.conv2,0.0962158739566803
72,blocks.23.conv1,0.11466768383979797
72,blocks.23.conv2,0.10428638011217117
72,blocks.24.conv1,0.10933736711740494
72,blocks.24.conv2,0.10518799722194672
72,blocks.25.conv1,0.11230216920375824
72,blocks.25.conv2,0.10598613321781158
72,blocks.26.conv1,0.12879320979118347
72,blocks.26.conv2,0.11291807889938354
72,blocks.27.conv1,0.11198897659778595
72,blocks.27.conv2,0.09855985641479492
72,blocks.28.conv1,0.11915843188762665
72,blocks.28.conv2,0.11314067989587784
72,blocks.29.conv1,0.12761525809764862
72,blocks.29.conv2,0.12160350382328033
72,blocks.30.conv1,0.1392485350370407
72,blocks.30.conv2,0.11895754188299179
72,blocks.31.conv1,0.12558622658252716
72,blocks.31.conv2,0.12139548361301422
72,blocks.32.conv1,0.12723307311534882
72,blocks.32.conv2,0.1096804067492485
72,blocks.33.conv1,0.11424145102500916
72,blocks.33.conv2,0.09860944002866745
72,blocks.34.conv1,0.13151730597019196
72,blocks.34.conv2,0.1158284917473793
72,blocks.35.conv1,0.12544666230678558
72,blocks.35.conv2,0.10818149894475937
72,blocks.36.conv1,0.14680388569831848
72,blocks.36.conv2,0.12174297124147415
72,blocks.37.conv1,0.15151365101337433
72,blocks.37.conv2,0.12756207585334778
72,blocks.38.conv1,0.13179700076580048
72,blocks.38.conv2,0.10811495780944824
72,blocks.39.conv1,0.12492532283067703
72,blocks.39.conv2,0.11442752927541733
72,blocks.40.conv1,0.1338011771440506
72,blocks.40.conv2,0.1122875064611435
72,blocks.41.conv1,0.14062237739562988
72,blocks.41.conv2,0.11877618730068207
72,blocks.42.conv1,0.11697951704263687
72,blocks.42.conv2,0.08774221688508987
72,blocks.43.conv1,0.12621697783470154
72,blocks.43.conv2,0.10810025036334991
72,blocks.44.conv1,0.1252795308828354
72,blocks.44.conv2,0.10233082622289658
72,blocks.45.conv1,0.11723067611455917
72,blocks.45.conv2,0.10026208311319351
72,blocks.46.conv1,0.10269112139940262
72,blocks.46.conv2,0.08713420480489731
72,blocks.47.conv1,0.11149164289236069
72,blocks.47.conv2,0.09041536599397659
72,blocks.48.conv1,0.11523669213056564
72,blocks.48.conv2,0.08486217260360718
72,blocks.49.conv1,0.11419735848903656
72,blocks.49.conv2,0.09636936336755753
72,mean_conv2d_grad_norm,0.10653625465560668
73,stem.0,0.12357555329799652
73,blocks.0.conv1,0.11398685723543167
73,blocks.0.conv2,0.12616172432899475
73,blocks.1.conv1,0.10269878059625626
73,blocks.1.conv2,0.11098843067884445
73,blocks.2.conv1,0.09966453909873962
73,blocks.2.conv2,0.10401788353919983
73,blocks.3.conv1,0.08618641644716263
73,blocks.3.conv2,0.08872275799512863
73,blocks.4.conv1,0.08181164413690567
73,blocks.4.conv2,0.08229675143957138
73,blocks.5.conv1,0.07395919412374496
73,blocks.5.conv2,0.07199903577566147
73,blocks.6.conv1,0.068159319460392
73,blocks.6.conv2,0.0662277340888977
73,blocks.7.conv1,0.0716877207159996
73,blocks.7.conv2,0.07494392991065979
73,blocks.8.conv1,0.06962642818689346
73,blocks.8.conv2,0.06719492375850677
73,blocks.9.conv1,0.06555886566638947
73,blocks.9.conv2,0.06778984516859055
73,blocks.10.conv1,0.06047101318836212
73,blocks.10.conv2,0.0626969039440155
73,blocks.11.conv1,0.06336812674999237
73,blocks.11.conv2,0.065273217856884
73,blocks.12.conv1,0.0677478164434433
73,blocks.12.conv2,0.06698502600193024
73,blocks.13.conv1,0.06765228509902954
73,blocks.13.conv2,0.06746317446231842
73,blocks.14.conv1,0.06611791998147964
73,blocks.14.conv2,0.06556973606348038
73,blocks.15.conv1,0.06675723940134048
73,blocks.15.conv2,0.0694199874997139
73,blocks.16.conv1,0.07497047632932663
73,blocks.16.conv2,0.07083510607481003
73,blocks.17.conv1,0.06326627731323242
73,blocks.17.conv2,0.062288325279951096
73,blocks.18.conv1,0.06979360431432724
73,blocks.18.conv2,0.06717680394649506
73,blocks.19.conv1,0.07286448776721954
73,blocks.19.conv2,0.06876861304044724
73,blocks.20.conv1,0.07285280525684357
73,blocks.20.conv2,0.066607765853405
73,blocks.21.conv1,0.07828020304441452
73,blocks.21.conv2,0.07110645622015
73,blocks.22.conv1,0.08314085751771927
73,blocks.22.conv2,0.07965833693742752
73,blocks.23.conv1,0.09312574565410614
73,blocks.23.conv2,0.08330842852592468
73,blocks.24.conv1,0.08555365353822708
73,blocks.24.conv2,0.0804457738995552
73,blocks.25.conv1,0.08725395798683167
73,blocks.25.conv2,0.0796586126089096
73,blocks.26.conv1,0.0970563292503357
73,blocks.26.conv2,0.08205410093069077
73,blocks.27.conv1,0.08829537034034729
73,blocks.27.conv2,0.08363950252532959
73,blocks.28.conv1,0.08774807304143906
73,blocks.28.conv2,0.08111334592103958
73,blocks.29.conv1,0.09070195257663727
73,blocks.29.conv2,0.08358774334192276
73,blocks.30.conv1,0.0978945791721344
73,blocks.30.conv2,0.08626235276460648
73,blocks.31.conv1,0.09079569578170776
73,blocks.31.conv2,0.08174729347229004
73,blocks.32.conv1,0.08864860236644745
73,blocks.32.conv2,0.07629170268774033
73,blocks.33.conv1,0.0881618857383728
73,blocks.33.conv2,0.07458698749542236
73,blocks.34.conv1,0.1042955219745636
73,blocks.34.conv2,0.09465856105089188
73,blocks.35.conv1,0.09437333792448044
73,blocks.35.conv2,0.08785180002450943
73,blocks.36.conv1,0.11026264727115631
73,blocks.36.conv2,0.09236268699169159
73,blocks.37.conv1,0.11373437196016312
73,blocks.37.conv2,0.09594143182039261
73,blocks.38.conv1,0.11284886300563812
73,blocks.38.conv2,0.08790376782417297
73,blocks.39.conv1,0.10337222367525101
73,blocks.39.conv2,0.08973945677280426
73,blocks.40.conv1,0.09783110022544861
73,blocks.40.conv2,0.08765845000743866
73,blocks.41.conv1,0.09862034022808075
73,blocks.41.conv2,0.08623604476451874
73,blocks.42.conv1,0.09553263336420059
73,blocks.42.conv2,0.08024357259273529
73,blocks.43.conv1,0.07479842007160187
73,blocks.43.conv2,0.06700901687145233
73,blocks.44.conv1,0.10642597824335098
73,blocks.44.conv2,0.07793320715427399
73,blocks.45.conv1,0.07653201371431351
73,blocks.45.conv2,0.07058323919773102
73,blocks.46.conv1,0.07611285895109177
73,blocks.46.conv2,0.06685386598110199
73,blocks.47.conv1,0.08487922698259354
73,blocks.47.conv2,0.06168344244360924
73,blocks.48.conv1,0.09305250644683838
73,blocks.48.conv2,0.072199746966362
73,blocks.49.conv1,0.08574508875608444
73,blocks.49.conv2,0.07320023328065872
73,mean_conv2d_grad_norm,0.08234453710294005
74,stem.0,0.10120463371276855
74,blocks.0.conv1,0.10058891773223877
74,blocks.0.conv2,0.11902092397212982
74,blocks.1.conv1,0.10180414468050003
74,blocks.1.conv2,0.11378331482410431
74,blocks.2.conv1,0.09474948048591614
74,blocks.2.conv2,0.10518571734428406
74,blocks.3.conv1,0.08325521647930145
74,blocks.3.conv2,0.08737768977880478
74,blocks.4.conv1,0.07556939870119095
74,blocks.4.conv2,0.08084333688020706
74,blocks.5.conv1,0.06953909248113632
74,blocks.5.conv2,0.07100148499011993
74,blocks.6.conv1,0.060097791254520416
74,blocks.6.conv2,0.06096963956952095
74,blocks.7.conv1,0.07017029821872711
74,blocks.7.conv2,0.06973042339086533
74,blocks.8.conv1,0.06322013586759567
74,blocks.8.conv2,0.0649319440126419
74,blocks.9.conv1,0.06256960332393646
74,blocks.9.conv2,0.06403622031211853
74,blocks.10.conv1,0.06715129315853119
74,blocks.10.conv2,0.06337488442659378
74,blocks.11.conv1,0.06316708028316498
74,blocks.11.conv2,0.06299827992916107
74,blocks.12.conv1,0.06738423556089401
74,blocks.12.conv2,0.06396956741809845
74,blocks.13.conv1,0.06392988562583923
74,blocks.13.conv2,0.0645315945148468
74,blocks.14.conv1,0.06453277170658112
74,blocks.14.conv2,0.06215893477201462
74,blocks.15.conv1,0.06761258840560913
74,blocks.15.conv2,0.06534244865179062
74,blocks.16.conv1,0.06884532421827316
74,blocks.16.conv2,0.06830308586359024
74,blocks.17.conv1,0.05965201184153557
74,blocks.17.conv2,0.06197747215628624
74,blocks.18.conv1,0.0683530867099762
74,blocks.18.conv2,0.06751184910535812
74,blocks.19.conv1,0.07137046754360199
74,blocks.19.conv2,0.06617074459791183
74,blocks.20.conv1,0.06960424035787582
74,blocks.20.conv2,0.06706731021404266
74,blocks.21.conv1,0.06981150060892105
74,blocks.21.conv2,0.06863878667354584
74,blocks.22.conv1,0.08181245625019073
74,blocks.22.conv2,0.07837774604558945
74,blocks.23.conv1,0.08823733031749725
74,blocks.23.conv2,0.07975669205188751
74,blocks.24.conv1,0.08526835590600967
74,blocks.24.conv2,0.07841260731220245
74,blocks.25.conv1,0.08904262632131577
74,blocks.25.conv2,0.07800503075122833
74,blocks.26.conv1,0.09260193258523941
74,blocks.26.conv2,0.07878107577562332
74,blocks.27.conv1,0.08552488684654236
74,blocks.27.conv2,0.07457929104566574
74,blocks.28.conv1,0.08598288148641586
74,blocks.28.conv2,0.07864314317703247
74,blocks.29.conv1,0.09267894178628922
74,blocks.29.conv2,0.07799889147281647
74,blocks.30.conv1,0.09874565899372101
74,blocks.30.conv2,0.08403553813695908
74,blocks.31.conv1,0.08664195984601974
74,blocks.31.conv2,0.07719971239566803
74,blocks.32.conv1,0.08884558826684952
74,blocks.32.conv2,0.07455627620220184
74,blocks.33.conv1,0.0814346969127655
74,blocks.33.conv2,0.07094034552574158
74,blocks.34.conv1,0.0916820764541626
74,blocks.34.conv2,0.07707501202821732
74,blocks.35.conv1,0.09227052330970764
74,blocks.35.conv2,0.07983911782503128
74,blocks.36.conv1,0.09862419962882996
74,blocks.36.conv2,0.08068088442087173
74,blocks.37.conv1,0.10189880430698395
74,blocks.37.conv2,0.08417410403490067
74,blocks.38.conv1,0.08799811452627182
74,blocks.38.conv2,0.07465057820081711
74,blocks.39.conv1,0.08579307049512863
74,blocks.39.conv2,0.07638043910264969
74,blocks.40.conv1,0.09066449105739594
74,blocks.40.conv2,0.08345494419336319
74,blocks.41.conv1,0.09494059532880783
74,blocks.41.conv2,0.07678894698619843
74,blocks.42.conv1,0.08573226630687714
74,blocks.42.conv2,0.071415476500988
74,blocks.43.conv1,0.0790276899933815
74,blocks.43.conv2,0.06545311212539673
74,blocks.44.conv1,0.08843247592449188
74,blocks.44.conv2,0.08143213391304016
74,blocks.45.conv1,0.07953077554702759
74,blocks.45.conv2,0.07225099951028824
74,blocks.46.conv1,0.08800164610147476
74,blocks.46.conv2,0.06319397687911987
74,blocks.47.conv1,0.08642571419477463
74,blocks.47.conv2,0.06687896698713303
74,blocks.48.conv1,0.09115692973136902
74,blocks.48.conv2,0.07580707222223282
74,blocks.49.conv1,0.10082033276557922
74,blocks.49.conv2,0.08194204419851303
74,mean_conv2d_grad_norm,0.07866960428286307
75,stem.0,0.18900670111179352
75,blocks.0.conv1,0.1489030420780182
75,blocks.0.conv2,0.14340879023075104
75,blocks.1.conv1,0.1254958212375641
75,blocks.1.conv2,0.13042616844177246
75,blocks.2.conv1,0.11880059540271759
75,blocks.2.conv2,0.12313976138830185
75,blocks.3.conv1,0.10707291960716248
75,blocks.3.conv2,0.10323505848646164
75,blocks.4.conv1,0.09144265204668045
75,blocks.4.conv2,0.09107595682144165
75,blocks.5.conv1,0.08401717245578766
75,blocks.5.conv2,0.08279503881931305
75,blocks.6.conv1,0.07498899847269058
75,blocks.6.conv2,0.07761836051940918
75,blocks.7.conv1,0.08819364756345749
75,blocks.7.conv2,0.08411865681409836
75,blocks.8.conv1,0.07820947468280792
75,blocks.8.conv2,0.075137659907341
75,blocks.9.conv1,0.08568841218948364
75,blocks.9.conv2,0.08035662025213242
75,blocks.10.conv1,0.07093359529972076
75,blocks.10.conv2,0.0679643303155899
75,blocks.11.conv1,0.07151184976100922
75,blocks.11.conv2,0.07111278921365738
75,blocks.12.conv1,0.0772651731967926
75,blocks.12.conv2,0.07487473636865616
75,blocks.13.conv1,0.08024735003709793
75,blocks.13.conv2,0.07848827540874481
75,blocks.14.conv1,0.07885385304689407
75,blocks.14.conv2,0.07767003774642944
75,blocks.15.conv1,0.08470911532640457
75,blocks.15.conv2,0.0795959010720253
75,blocks.16.conv1,0.07915832102298737
75,blocks.16.conv2,0.07863026857376099
75,blocks.17.conv1,0.07404068857431412
75,blocks.17.conv2,0.06985513120889664
75,blocks.18.conv1,0.08009491115808487
75,blocks.18.conv2,0.07842165976762772
75,blocks.19.conv1,0.0855901837348938
75,blocks.19.conv2,0.08277727663516998
75,blocks.20.conv1,0.09087329357862473
75,blocks.20.conv2,0.08538171648979187
75,blocks.21.conv1,0.08615012466907501
75,blocks.21.conv2,0.07996228337287903
75,blocks.22.conv1,0.0996638685464859
75,blocks.22.conv2,0.09561076760292053
75,blocks.23.conv1,0.11540693044662476
75,blocks.23.conv2,0.09997176378965378
75,blocks.24.conv1,0.10573256760835648
75,blocks.24.conv2,0.09395018219947815
75,blocks.25.conv1,0.11151432991027832
75,blocks.25.conv2,0.09585505723953247
75,blocks.26.conv1,0.11006041616201401
75,blocks.26.conv2,0.09769359230995178
75,blocks.27.conv1,0.10085497051477432
75,blocks.27.conv2,0.09031487256288528
75,blocks.28.conv1,0.10348935425281525
75,blocks.28.conv2,0.09031793475151062
75,blocks.29.conv1,0.10595301538705826
75,blocks.29.conv2,0.09519778937101364
75,blocks.30.conv1,0.12227069586515427
75,blocks.30.conv2,0.10851156711578369
75,blocks.31.conv1,0.1085071861743927
75,blocks.31.conv2,0.10043799877166748
75,blocks.32.conv1,0.11065874993801117
75,blocks.32.conv2,0.09437083452939987
75,blocks.33.conv1,0.11202412843704224
75,blocks.33.conv2,0.09505841135978699
75,blocks.34.conv1,0.10660788416862488
75,blocks.34.conv2,0.0956788882613182
75,blocks.35.conv1,0.10580684244632721
75,blocks.35.conv2,0.0921427384018898
75,blocks.36.conv1,0.13358962535858154
75,blocks.36.conv2,0.10439091175794601
75,blocks.37.conv1,0.13215242326259613
75,blocks.37.conv2,0.11329150944948196
75,blocks.38.conv1,0.1137576475739479
75,blocks.38.conv2,0.09559401869773865
75,blocks.39.conv1,0.1132262572646141
75,blocks.39.conv2,0.09925142675638199
75,blocks.40.conv1,0.10353022068738937
75,blocks.40.conv2,0.0946907252073288
75,blocks.41.conv1,0.112825907766819
75,blocks.41.conv2,0.10202726721763611
75,blocks.42.conv1,0.10745936632156372
75,blocks.42.conv2,0.08566612005233765
75,blocks.43.conv1,0.09201262891292572
75,blocks.43.conv2,0.08370182663202286
75,blocks.44.conv1,0.10974445194005966
75,blocks.44.conv2,0.09220641851425171
75,blocks.45.conv1,0.0955054834485054
75,blocks.45.conv2,0.07566244155168533
75,blocks.46.conv1,0.09330007433891296
75,blocks.46.conv2,0.07531813532114029
75,blocks.47.conv1,0.09982132911682129
75,blocks.47.conv2,0.07098545879125595
75,blocks.48.conv1,0.09485219419002533
75,blocks.48.conv2,0.08007306605577469
75,blocks.49.conv1,0.09769850969314575
75,blocks.49.conv2,0.09003038704395294
75,mean_conv2d_grad_norm,0.09597350044710802
76,stem.0,0.19767124950885773
76,blocks.0.conv1,0.17437905073165894
76,blocks.0.conv2,0.1843775361776352
76,blocks.1.conv1,0.1646197885274887
76,blocks.1.conv2,0.16606126725673676
76,blocks.2.conv1,0.153457373380661
76,blocks.2.conv2,0.15300071239471436
76,blocks.3.conv1,0.13101965188980103
76,blocks.3.conv2,0.13624051213264465
76,blocks.4.conv1,0.12755925953388214
76,blocks.4.conv2,0.13407501578330994
76,blocks.5.conv1,0.11910835653543472
76,blocks.5.conv2,0.12625780701637268
76,blocks.6.conv1,0.09790640324354172
76,blocks.6.conv2,0.09847823530435562
76,blocks.7.conv1,0.11565343290567398
76,blocks.7.conv2,0.11470142751932144
76,blocks.8.conv1,0.1047130897641182
76,blocks.8.conv2,0.1064845472574234
76,blocks.9.conv1,0.10677127540111542
76,blocks.9.conv2,0.10478104650974274
76,blocks.10.conv1,0.10049716383218765
76,blocks.10.conv2,0.1011175885796547
76,blocks.11.conv1,0.09862860292196274
76,blocks.11.conv2,0.09639168530702591
76,blocks.12.conv1,0.11112044006586075
76,blocks.12.conv2,0.10584306716918945
76,blocks.13.conv1,0.11096450686454773
76,blocks.13.conv2,0.10553177446126938
76,blocks.14.conv1,0.11088968068361282
76,blocks.14.conv2,0.10615385323762894
76,blocks.15.conv1,0.11535412073135376
76,blocks.15.conv2,0.10772749781608582
76,blocks.16.conv1,0.11998523771762848
76,blocks.16.conv2,0.11473087221384048
76,blocks.17.conv1,0.10291838645935059
76,blocks.17.conv2,0.092216357588768
76,blocks.18.conv1,0.11863839626312256
76,blocks.18.conv2,0.11460697650909424
76,blocks.19.conv1,0.11628683656454086
76,blocks.19.conv2,0.11020443588495255
76,blocks.20.conv1,0.1206500455737114
76,blocks.20.conv2,0.11535046994686127
76,blocks.21.conv1,0.12785740196704865
76,blocks.21.conv2,0.11366234719753265
76,blocks.22.conv1,0.14304092526435852
76,blocks.22.conv2,0.14804285764694214
76,blocks.23.conv1,0.1443043202161789
76,blocks.23.conv2,0.1338442713022232
76,blocks.24.conv1,0.13208192586898804
76,blocks.24.conv2,0.12531377375125885
76,blocks.25.conv1,0.15478861331939697
76,blocks.25.conv2,0.1416466385126114
76,blocks.26.conv1,0.16471503674983978
76,blocks.26.conv2,0.1384047120809555
76,blocks.27.conv1,0.14041511714458466
76,blocks.27.conv2,0.1213173195719719
76,blocks.28.conv1,0.16212332248687744
76,blocks.28.conv2,0.13729345798492432
76,blocks.29.conv1,0.16839894652366638
76,blocks.29.conv2,0.13841412961483002
76,blocks.30.conv1,0.16206569969654083
76,blocks.30.conv2,0.14432674646377563
76,blocks.31.conv1,0.13720527291297913
76,blocks.31.conv2,0.12911459803581238
76,blocks.32.conv1,0.14726205170154572
76,blocks.32.conv2,0.13125728070735931
76,blocks.33.conv1,0.14296892285346985
76,blocks.33.conv2,0.1197061762213707
76,blocks.34.conv1,0.1607549488544464
76,blocks.34.conv2,0.13925355672836304
76,blocks.35.conv1,0.14675968885421753
76,blocks.35.conv2,0.1279119998216629
76,blocks.36.conv1,0.19117361307144165
76,blocks.36.conv2,0.14723753929138184
76,blocks.37.conv1,0.1735665649175644
76,blocks.37.conv2,0.14439745247364044
76,blocks.38.conv1,0.1513250172138214
76,blocks.38.conv2,0.11440545320510864
76,blocks.39.conv1,0.1586768627166748
76,blocks.39.conv2,0.1349984109401703
76,blocks.40.conv1,0.15950945019721985
76,blocks.40.conv2,0.13930262625217438
76,blocks.41.conv1,0.14239861071109772
76,blocks.41.conv2,0.13156944513320923
76,blocks.42.conv1,0.12665261328220367
76,blocks.42.conv2,0.13101860880851746
76,blocks.43.conv1,0.11692290008068085
76,blocks.43.conv2,0.10185225307941437
76,blocks.44.conv1,0.16021576523780823
76,blocks.44.conv2,0.12002193927764893
76,blocks.45.conv1,0.12350638955831528
76,blocks.45.conv2,0.10924414545297623
76,blocks.46.conv1,0.14213980734348297
76,blocks.46.conv2,0.11176031827926636
76,blocks.47.conv1,0.11579868197441101
76,blocks.47.conv2,0.09037285298109055
76,blocks.48.conv1,0.14083576202392578
76,blocks.48.conv2,0.1203770861029625
76,blocks.49.conv1,0.1312953382730484
76,blocks.49.conv2,0.12753959000110626
76,mean_conv2d_grad_norm,0.13064843755547362
77,stem.0,0.1628740429878235
77,blocks.0.conv1,0.15547925233840942
77,blocks.0.conv2,0.1586505025625229
77,blocks.1.conv1,0.13691547513008118
77,blocks.1.conv2,0.14273668825626373
77,blocks.2.conv1,0.1303640604019165
77,blocks.2.conv2,0.13095317780971527
77,blocks.3.conv1,0.11122620105743408
77,blocks.3.conv2,0.11663594096899033
77,blocks.4.conv1,0.10402228683233261
77,blocks.4.conv2,0.10180220007896423
77,blocks.5.conv1,0.08804652839899063
77,blocks.5.conv2,0.09176333993673325
77,blocks.6.conv1,0.07946158945560455
77,blocks.6.conv2,0.08277667313814163
77,blocks.7.conv1,0.09169264882802963
77,blocks.7.conv2,0.09418408572673798
77,blocks.8.conv1,0.08167770504951477
77,blocks.8.conv2,0.07954869419336319
77,blocks.9.conv1,0.07649851590394974
77,blocks.9.conv2,0.07812003046274185
77,blocks.10.conv1,0.0835539773106575
77,blocks.10.conv2,0.07452244311571121
77,blocks.11.conv1,0.08152758330106735
77,blocks.11.conv2,0.07972631603479385
77,blocks.12.conv1,0.08326736837625504
77,blocks.12.conv2,0.08267200738191605
77,blocks.13.conv1,0.08715682476758957
77,blocks.13.conv2,0.08323555439710617
77,blocks.14.conv1,0.08498978614807129
77,blocks.14.conv2,0.0836641788482666
77,blocks.15.conv1,0.0942327156662941
77,blocks.15.conv2,0.09003902971744537
77,blocks.16.conv1,0.08582422137260437
77,blocks.16.conv2,0.0851474329829216
77,blocks.17.conv1,0.08251962810754776
77,blocks.17.conv2,0.07684778422117233
77,blocks.18.conv1,0.08231706917285919
77,blocks.18.conv2,0.07932642847299576
77,blocks.19.conv1,0.09139150381088257
77,blocks.19.conv2,0.0823906809091568
77,blocks.20.conv1,0.08198968321084976
77,blocks.20.conv2,0.07822868227958679
77,blocks.21.conv1,0.09598235040903091
77,blocks.21.conv2,0.08880738168954849
77,blocks.22.conv1,0.11211799085140228
77,blocks.22.conv2,0.10502418875694275
77,blocks.23.conv1,0.12526313960552216
77,blocks.23.conv2,0.11074436455965042
77,blocks.24.conv1,0.10312973707914352
77,blocks.24.conv2,0.09393657743930817
77,blocks.25.conv1,0.11356794089078903
77,blocks.25.conv2,0.10007507354021072
77,blocks.26.conv1,0.11776571720838547
77,blocks.26.conv2,0.10247772186994553
77,blocks.27.conv1,0.10869446396827698
77,blocks.27.conv2,0.09618660062551498
77,blocks.28.conv1,0.113217294216156
77,blocks.28.conv2,0.10256560146808624
77,blocks.29.conv1,0.12424952536821365
77,blocks.29.conv2,0.10863340646028519
77,blocks.30.conv1,0.1275123804807663
77,blocks.30.conv2,0.11025706678628922
77,blocks.31.conv1,0.12771277129650116
77,blocks.31.conv2,0.10261743515729904
77,blocks.32.conv1,0.12335281819105148
77,blocks.32.conv2,0.10239923745393753
77,blocks.33.conv1,0.10935398191213608
77,blocks.33.conv2,0.095926932990551
77,blocks.34.conv1,0.13131706416606903
77,blocks.34.conv2,0.12801434099674225
77,blocks.35.conv1,0.11861864477396011
77,blocks.35.conv2,0.10396505147218704
77,blocks.36.conv1,0.12577159702777863
77,blocks.36.conv2,0.11075787246227264
77,blocks.37.conv1,0.14055755734443665
77,blocks.37.conv2,0.11302588880062103
77,blocks.38.conv1,0.13411109149456024
77,blocks.38.conv2,0.10427943617105484
77,blocks.39.conv1,0.1145297959446907
77,blocks.39.conv2,0.10597474128007889
77,blocks.40.conv1,0.1218230277299881
77,blocks.40.conv2,0.11020559817552567
77,blocks.41.conv1,0.12497510761022568
77,blocks.41.conv2,0.11415012180805206
77,blocks.42.conv1,0.10662326216697693
77,blocks.42.conv2,0.09087678045034409
77,blocks.43.conv1,0.1029975488781929
77,blocks.43.conv2,0.08100360631942749
77,blocks.44.conv1,0.1092592254281044
77,blocks.44.conv2,0.08974394202232361
77,blocks.45.conv1,0.11213388293981552
77,blocks.45.conv2,0.08822645992040634
77,blocks.46.conv1,0.10053497552871704
77,blocks.46.conv2,0.07724512368440628
77,blocks.47.conv1,0.09040028601884842
77,blocks.47.conv2,0.07200436294078827
77,blocks.48.conv1,0.10251886397600174
77,blocks.48.conv2,0.08267588913440704
77,blocks.49.conv1,0.09165564924478531
77,blocks.49.conv2,0.07830723375082016
77,mean_conv2d_grad_norm,0.10227580464417392
78,stem.0,0.2289554327726364
78,blocks.0.conv1,0.17417339980602264
78,blocks.0.conv2,0.18606936931610107
78,blocks.1.conv1,0.16372275352478027
78,blocks.1.conv2,0.1706751585006714
78,blocks.2.conv1,0.1409827321767807
78,blocks.2.conv2,0.15055344998836517
78,blocks.3.conv1,0.12510880827903748
78,blocks.3.conv2,0.13658840954303741
78,blocks.4.conv1,0.12979929149150848
78,blocks.4.conv2,0.1327880173921585
78,blocks.5.conv1,0.10988953709602356
78,blocks.5.conv2,0.11666155606508255
78,blocks.6.conv1,0.1022171676158905
78,blocks.6.conv2,0.10302607715129852
78,blocks.7.conv1,0.11481872200965881
78,blocks.7.conv2,0.11553081125020981
78,blocks.8.conv1,0.10307209193706512
78,blocks.8.conv2,0.10242824256420135
78,blocks.9.conv1,0.09870181977748871
78,blocks.9.conv2,0.096359483897686
78,blocks.10.conv1,0.09041409939527512
78,blocks.10.conv2,0.09269023686647415
78,blocks.11.conv1,0.09221004694700241
78,blocks.11.conv2,0.09341598302125931
78,blocks.12.conv1,0.10285501182079315
78,blocks.12.conv2,0.099434494972229
78,blocks.13.conv1,0.10606822371482849
78,blocks.13.conv2,0.09846758097410202
78,blocks.14.conv1,0.09921619296073914
78,blocks.14.conv2,0.09724481403827667
78,blocks.15.conv1,0.1102166548371315
78,blocks.15.conv2,0.10192956030368805
78,blocks.16.conv1,0.1048244759440422
78,blocks.16.conv2,0.098460353910923
78,blocks.17.conv1,0.09017066657543182
78,blocks.17.conv2,0.08831588923931122
78,blocks.18.conv1,0.10597328096628189
78,blocks.18.conv2,0.10139782726764679
78,blocks.19.conv1,0.11620185524225235
78,blocks.19.conv2,0.11030338704586029
78,blocks.20.conv1,0.1091439351439476
78,blocks.20.conv2,0.10293932259082794
78,blocks.21.conv1,0.11324500292539597
78,blocks.21.conv2,0.10033543407917023
78,blocks.22.conv1,0.1244569644331932
78,blocks.22.conv2,0.11414811760187149
78,blocks.23.conv1,0.13968126475811005
78,blocks.23.conv2,0.11861080676317215
78,blocks.24.conv1,0.12815868854522705
78,blocks.24.conv2,0.1136220172047615
78,blocks.25.conv1,0.13969998061656952
78,blocks.25.conv2,0.12423710525035858
78,blocks.26.conv1,0.14239871501922607
78,blocks.26.conv2,0.12831278145313263
78,blocks.27.conv1,0.1393015831708908
78,blocks.27.conv2,0.1191253736615181
78,blocks.28.conv1,0.14232169091701508
78,blocks.28.conv2,0.12768037617206573
78,blocks.29.conv1,0.13971716165542603
78,blocks.29.conv2,0.1293604075908661
78,blocks.30.conv1,0.1507125049829483
78,blocks.30.conv2,0.13155043125152588
78,blocks.31.conv1,0.14513429999351501
78,blocks.31.conv2,0.12879976630210876
78,blocks.32.conv1,0.14418047666549683
78,blocks.32.conv2,0.12311413139104843
78,blocks.33.conv1,0.13983412086963654
78,blocks.33.conv2,0.11038871854543686
78,blocks.34.conv1,0.1521974802017212
78,blocks.34.conv2,0.15043479204177856
78,blocks.35.conv1,0.1410655528306961
78,blocks.35.conv2,0.1249995231628418
78,blocks.36.conv1,0.16711944341659546
78,blocks.36.conv2,0.1397702842950821
78,blocks.37.conv1,0.1518106758594513
78,blocks.37.conv2,0.1333674043416977
78,blocks.38.conv1,0.1513151228427887
78,blocks.38.conv2,0.1213536262512207
78,blocks.39.conv1,0.1492343693971634
78,blocks.39.conv2,0.1274183690547943
78,blocks.40.conv1,0.14539553225040436
78,blocks.40.conv2,0.13815975189208984
78,blocks.41.conv1,0.1729649156332016
78,blocks.41.conv2,0.14520063996315002
78,blocks.42.conv1,0.13648691773414612
78,blocks.42.conv2,0.12447988241910934
78,blocks.43.conv1,0.12411023676395416
78,blocks.43.conv2,0.11153720319271088
78,blocks.44.conv1,0.14970546960830688
78,blocks.44.conv2,0.12722139060497284
78,blocks.45.conv1,0.12286491692066193
78,blocks.45.conv2,0.09964704513549805
78,blocks.46.conv1,0.11975934356451035
78,blocks.46.conv2,0.110538549721241
78,blocks.47.conv1,0.11470077186822891
78,blocks.47.conv2,0.0942644402384758
78,blocks.48.conv1,0.13795755803585052
78,blocks.48.conv2,0.11915802955627441
78,blocks.49.conv1,0.12468808889389038
78,blocks.49.conv2,0.11799326539039612
78,mean_conv2d_grad_norm,0.12494123505778831
79,stem.0,0.13131310045719147
79,blocks.0.conv1,0.12667472660541534
79,blocks.0.conv2,0.13971562683582306
79,blocks.1.conv1,0.10986632108688354
79,blocks.1.conv2,0.12426614761352539
79,blocks.2.conv1,0.1011062040925026
79,blocks.2.conv2,0.10888764262199402
79,blocks.3.conv1,0.08632694184780121
79,blocks.3.conv2,0.0977495089173317
79,blocks.4.conv1,0.09373465925455093
79,blocks.4.conv2,0.09836888313293457
79,blocks.5.conv1,0.0825665295124054
79,blocks.5.conv2,0.0868229791522026
79,blocks.6.conv1,0.068203866481781
79,blocks.6.conv2,0.0742315948009491
79,blocks.7.conv1,0.0762149840593338
79,blocks.7.conv2,0.07839655876159668
79,blocks.8.conv1,0.07385671883821487
79,blocks.8.conv2,0.07279963791370392
79,blocks.9.conv1,0.0739872008562088
79,blocks.9.conv2,0.07337667793035507
79,blocks.10.conv1,0.0680852085351944
79,blocks.10.conv2,0.06273997575044632
79,blocks.11.conv1,0.06546851247549057
79,blocks.11.conv2,0.06594543904066086
79,blocks.12.conv1,0.07635419815778732
79,blocks.12.conv2,0.07752994447946548
79,blocks.13.conv1,0.07403703778982162
79,blocks.13.conv2,0.07588692009449005
79,blocks.14.conv1,0.06844139099121094
79,blocks.14.conv2,0.06809751689434052
79,blocks.15.conv1,0.08326897770166397
79,blocks.15.conv2,0.07828117161989212
79,blocks.16.conv1,0.07834207266569138
79,blocks.16.conv2,0.07197220623493195
79,blocks.17.conv1,0.06904888153076172
79,blocks.17.conv2,0.06715289503335953
79,blocks.18.conv1,0.07366585731506348
79,blocks.18.conv2,0.076235331594944
79,blocks.19.conv1,0.0876365453004837
79,blocks.19.conv2,0.08078193664550781
79,blocks.20.conv1,0.08202452212572098
79,blocks.20.conv2,0.0762866660952568
79,blocks.21.conv1,0.0867261067032814
79,blocks.21.conv2,0.08273277431726456
79,blocks.22.conv1,0.09745150059461594
79,blocks.22.conv2,0.09318048506975174
79,blocks.23.conv1,0.10227646678686142
79,blocks.23.conv2,0.0901966392993927
79,blocks.24.conv1,0.09171370416879654
79,blocks.24.conv2,0.08579976111650467
79,blocks.25.conv1,0.0951019823551178
79,blocks.25.conv2,0.08485870063304901
79,blocks.26.conv1,0.10357330739498138
79,blocks.26.conv2,0.09276076406240463
79,blocks.27.conv1,0.10116641968488693
79,blocks.27.conv2,0.0839821845293045
79,blocks.28.conv1,0.10935871303081512
79,blocks.28.conv2,0.08920697867870331
79,blocks.29.conv1,0.11096207052469254
79,blocks.29.conv2,0.1057182177901268
79,blocks.30.conv1,0.11998933553695679
79,blocks.30.conv2,0.10573587566614151
79,blocks.31.conv1,0.10098747909069061
79,blocks.31.conv2,0.09214846044778824
79,blocks.32.conv1,0.10092444717884064
79,blocks.32.conv2,0.09052307158708572
79,blocks.33.conv1,0.09741540998220444
79,blocks.33.conv2,0.08654795587062836
79,blocks.34.conv1,0.11858434230089188
79,blocks.34.conv2,0.10576225072145462
79,blocks.35.conv1,0.11389385163784027
79,blocks.35.conv2,0.09827148914337158
79,blocks.36.conv1,0.1170763447880745
79,blocks.36.conv2,0.10778547078371048
79,blocks.37.conv1,0.1240486353635788
79,blocks.37.conv2,0.10404211282730103
79,blocks.38.conv1,0.126130148768425
79,blocks.38.conv2,0.0975864827632904
79,blocks.39.conv1,0.13189736008644104
79,blocks.39.conv2,0.11179742217063904
79,blocks.40.conv1,0.11426106840372086
79,blocks.40.conv2,0.09710699319839478
79,blocks.41.conv1,0.11191006004810333
79,blocks.41.conv2,0.09697505086660385
79,blocks.42.conv1,0.09687775373458862
79,blocks.42.conv2,0.0766599252820015
79,blocks.43.conv1,0.10801725834608078
79,blocks.43.conv2,0.08622778952121735
79,blocks.44.conv1,0.11029814928770065
79,blocks.44.conv2,0.08178100734949112
79,blocks.45.conv1,0.10032179206609726
79,blocks.45.conv2,0.08033972233533859
79,blocks.46.conv1,0.07736340165138245
79,blocks.46.conv2,0.061669591814279556
79,blocks.47.conv1,0.08805559575557709
79,blocks.47.conv2,0.07632086426019669
79,blocks.48.conv1,0.10544434189796448
79,blocks.48.conv2,0.0792606770992279
79,blocks.49.conv1,0.08797906339168549
79,blocks.49.conv2,0.08117710798978806
79,mean_conv2d_grad_norm,0.09189813521386374
80,stem.0,0.1739363670349121
80,blocks.0.conv1,0.1459021121263504
80,blocks.0.conv2,0.15899886190891266
80,blocks.1.conv1,0.134439155459404
80,blocks.1.conv2,0.14160488545894623
80,blocks.2.conv1,0.11975504457950592
80,blocks.2.conv2,0.1284978687763214
80,blocks.3.conv1,0.10355900973081589
80,blocks.3.conv2,0.10513527691364288
80,blocks.4.conv1,0.09795001894235611
80,blocks.4.conv2,0.10350252687931061
80,blocks.5.conv1,0.08945450931787491
80,blocks.5.conv2,0.08768656849861145
80,blocks.6.conv1,0.0809067040681839
80,blocks.6.conv2,0.07960565388202667
80,blocks.7.conv1,0.09104765206575394
80,blocks.7.conv2,0.09308844059705734
80,blocks.8.conv1,0.07519274204969406
80,blocks.8.conv2,0.07623808085918427
80,blocks.9.conv1,0.08211030811071396
80,blocks.9.conv2,0.0788424089550972
80,blocks.10.conv1,0.07915827631950378
80,blocks.10.conv2,0.07607601583003998
80,blocks.11.conv1,0.07859645783901215
80,blocks.11.conv2,0.07629899680614471
80,blocks.12.conv1,0.08385279774665833
80,blocks.12.conv2,0.08193948119878769
80,blocks.13.conv1,0.08180254697799683
80,blocks.13.conv2,0.07914397120475769
80,blocks.14.conv1,0.09104543924331665
80,blocks.14.conv2,0.08277826011180878
80,blocks.15.conv1,0.08208992332220078
80,blocks.15.conv2,0.08118816465139389
80,blocks.16.conv1,0.08545027673244476
80,blocks.16.conv2,0.08219580352306366
80,blocks.17.conv1,0.07656700164079666
80,blocks.17.conv2,0.07265637814998627
80,blocks.18.conv1,0.08158408105373383
80,blocks.18.conv2,0.07892442494630814
80,blocks.19.conv1,0.09182342141866684
80,blocks.19.conv2,0.08515875041484833
80,blocks.20.conv1,0.08791075646877289
80,blocks.20.conv2,0.08056528866291046
80,blocks.21.conv1,0.08971776813268661
80,blocks.21.conv2,0.08231692016124725
80,blocks.22.conv1,0.10279607027769089
80,blocks.22.conv2,0.09490218758583069
80,blocks.23.conv1,0.1049259603023529
80,blocks.23.conv2,0.09273462742567062
80,blocks.24.conv1,0.09860475361347198
80,blocks.24.conv2,0.08909990638494492
80,blocks.25.conv1,0.1059335395693779
80,blocks.25.conv2,0.09273230284452438
80,blocks.26.conv1,0.11128778010606766
80,blocks.26.conv2,0.09534543007612228
80,blocks.27.conv1,0.10607347637414932
80,blocks.27.conv2,0.09448449313640594
80,blocks.28.conv1,0.09844868630170822
80,blocks.28.conv2,0.08629631996154785
80,blocks.29.conv1,0.10271278023719788
80,blocks.29.conv2,0.08847636729478836
80,blocks.30.conv1,0.11358066648244858
80,blocks.30.conv2,0.09883096069097519
80,blocks.31.conv1,0.10591283440589905
80,blocks.31.conv2,0.09102852642536163
80,blocks.32.conv1,0.11184605956077576
80,blocks.32.conv2,0.09282159060239792
80,blocks.33.conv1,0.09958964586257935
80,blocks.33.conv2,0.0873681977391243
80,blocks.34.conv1,0.1122724711894989
80,blocks.34.conv2,0.09955739229917526
80,blocks.35.conv1,0.11545585095882416
80,blocks.35.conv2,0.09429784119129181
80,blocks.36.conv1,0.11844891309738159
80,blocks.36.conv2,0.09921529144048691
80,blocks.37.conv1,0.13053692877292633
80,blocks.37.conv2,0.10223575681447983
80,blocks.38.conv1,0.1190861314535141
80,blocks.38.conv2,0.09127162396907806
80,blocks.39.conv1,0.11192348599433899
80,blocks.39.conv2,0.09707880765199661
80,blocks.40.conv1,0.11000718176364899
80,blocks.40.conv2,0.10106763988733292
80,blocks.41.conv1,0.11337084323167801
80,blocks.41.conv2,0.09904049336910248
80,blocks.42.conv1,0.09771236777305603
80,blocks.42.conv2,0.0883413553237915
80,blocks.43.conv1,0.10052549839019775
80,blocks.43.conv2,0.08325881510972977
80,blocks.44.conv1,0.10562022775411606
80,blocks.44.conv2,0.08389408886432648
80,blocks.45.conv1,0.10325850546360016
80,blocks.45.conv2,0.07969249039888382
80,blocks.46.conv1,0.0943906232714653
80,blocks.46.conv2,0.07086285203695297
80,blocks.47.conv1,0.08443363755941391
80,blocks.47.conv2,0.0675925463438034
80,blocks.48.conv1,0.0952165275812149
80,blocks.48.conv2,0.07659900933504105
80,blocks.49.conv1,0.0826587826013565
80,blocks.49.conv2,0.0725504457950592
80,mean_conv2d_grad_norm,0.09587725731405881
81,stem.0,0.1569197028875351
81,blocks.0.conv1,0.1362418681383133
81,blocks.0.conv2,0.15130040049552917
81,blocks.1.conv1,0.1276445835828781
81,blocks.1.conv2,0.13736523687839508
81,blocks.2.conv1,0.11684173345565796
81,blocks.2.conv2,0.12732963263988495
81,blocks.3.conv1,0.10681449621915817
81,blocks.3.conv2,0.11734618246555328
81,blocks.4.conv1,0.09323135763406754
81,blocks.4.conv2,0.1026369035243988
81,blocks.5.conv1,0.09377080202102661
81,blocks.5.conv2,0.0945936068892479
81,blocks.6.conv1,0.08243612200021744
81,blocks.6.conv2,0.08145999908447266
81,blocks.7.conv1,0.09128192067146301
81,blocks.7.conv2,0.09824540466070175
81,blocks.8.conv1,0.08293956518173218
81,blocks.8.conv2,0.08359723538160324
81,blocks.9.conv1,0.08480433374643326
81,blocks.9.conv2,0.08391819149255753
81,blocks.10.conv1,0.07882292568683624
81,blocks.10.conv2,0.07503420114517212
81,blocks.11.conv1,0.08264724165201187
81,blocks.11.conv2,0.08321114629507065
81,blocks.12.conv1,0.09001091122627258
81,blocks.12.conv2,0.0868348553776741
81,blocks.13.conv1,0.08743412792682648
81,blocks.13.conv2,0.08944875746965408
81,blocks.14.conv1,0.0900886133313179
81,blocks.14.conv2,0.08930542320013046
81,blocks.15.conv1,0.09415140002965927
81,blocks.15.conv2,0.09254621714353561
81,blocks.16.conv1,0.08579658716917038
81,blocks.16.conv2,0.0812714472413063
81,blocks.17.conv1,0.08205429464578629
81,blocks.17.conv2,0.07782694697380066
81,blocks.18.conv1,0.08710901439189911
81,blocks.18.conv2,0.07970567792654037
81,blocks.19.conv1,0.0884832963347435
81,blocks.19.conv2,0.08464013040065765
81,blocks.20.conv1,0.09107585996389389
81,blocks.20.conv2,0.08427688479423523
81,blocks.21.conv1,0.10656648874282837
81,blocks.21.conv2,0.09058445692062378
81,blocks.22.conv1,0.1134093627333641
81,blocks.22.conv2,0.10070858895778656
81,blocks.23.conv1,0.11879708617925644
81,blocks.23.conv2,0.10121997445821762
81,blocks.24.conv1,0.1163591518998146
81,blocks.24.conv2,0.09670732170343399
81,blocks.25.conv1,0.12187151610851288
81,blocks.25.conv2,0.09555599093437195
81,blocks.26.conv1,0.1317370980978012
81,blocks.26.conv2,0.10551553219556808
81,blocks.27.conv1,0.11583849042654037
81,blocks.27.conv2,0.09335428476333618
81,blocks.28.conv1,0.10659209638834
81,blocks.28.conv2,0.09746276587247849
81,blocks.29.conv1,0.11286430805921555
81,blocks.29.conv2,0.10092641413211823
81,blocks.30.conv1,0.12300378084182739
81,blocks.30.conv2,0.1050688847899437
81,blocks.31.conv1,0.11196639388799667
81,blocks.31.conv2,0.10125237703323364
81,blocks.32.conv1,0.11022359877824783
81,blocks.32.conv2,0.09743330627679825
81,blocks.33.conv1,0.11095958203077316
81,blocks.33.conv2,0.0922468826174736
81,blocks.34.conv1,0.12611129879951477
81,blocks.34.conv2,0.10986252129077911
81,blocks.35.conv1,0.11398038268089294
81,blocks.35.conv2,0.09780554473400116
81,blocks.36.conv1,0.13080786168575287
81,blocks.36.conv2,0.10927244275808334
81,blocks.37.conv1,0.136637344956398
81,blocks.37.conv2,0.11092580109834671
81,blocks.38.conv1,0.11855580657720566
81,blocks.38.conv2,0.09985625743865967
81,blocks.39.conv1,0.12362686544656754
81,blocks.39.conv2,0.10468538105487823
81,blocks.40.conv1,0.11236459016799927
81,blocks.40.conv2,0.09425783902406693
81,blocks.41.conv1,0.11027421057224274
81,blocks.41.conv2,0.10118327289819717
81,blocks.42.conv1,0.10770022869110107
81,blocks.42.conv2,0.09577120095491409
81,blocks.43.conv1,0.10447454452514648
81,blocks.43.conv2,0.07949673384428024
81,blocks.44.conv1,0.11555355042219162
81,blocks.44.conv2,0.09514317661523819
81,blocks.45.conv1,0.09946620464324951
81,blocks.45.conv2,0.08223675936460495
81,blocks.46.conv1,0.10524029284715652
81,blocks.46.conv2,0.0859026312828064
81,blocks.47.conv1,0.09457003325223923
81,blocks.47.conv2,0.07342284172773361
81,blocks.48.conv1,0.11555176973342896
81,blocks.48.conv2,0.08685169368982315
81,blocks.49.conv1,0.09414616972208023
81,blocks.49.conv2,0.08718836307525635
81,mean_conv2d_grad_norm,0.10132321376021546
82,stem.0,0.25695815682411194
82,blocks.0.conv1,0.1663309782743454
82,blocks.0.conv2,0.17381669580936432
82,blocks.1.conv1,0.14274129271507263
82,blocks.1.conv2,0.1543860286474228
82,blocks.2.conv1,0.13414344191551208
82,blocks.2.conv2,0.14397533237934113
82,blocks.3.conv1,0.11510138213634491
82,blocks.3.conv2,0.11962402611970901
82,blocks.4.conv1,0.11241494864225388
82,blocks.4.conv2,0.11568885296583176
82,blocks.5.conv1,0.10221680998802185
82,blocks.5.conv2,0.10238945484161377
82,blocks.6.conv1,0.08637365698814392
82,blocks.6.conv2,0.08688180148601532
82,blocks.7.conv1,0.09466402977705002
82,blocks.7.conv2,0.09890097379684448
82,blocks.8.conv1,0.08569438755512238
82,blocks.8.conv2,0.0913143903017044
82,blocks.9.conv1,0.09087710827589035
82,blocks.9.conv2,0.08953376859426498
82,blocks.10.conv1,0.08761504292488098
82,blocks.10.conv2,0.08412005007266998
82,blocks.11.conv1,0.09320402890443802
82,blocks.11.conv2,0.0940813198685646
82,blocks.12.conv1,0.09124284237623215
82,blocks.12.conv2,0.09122210741043091
82,blocks.13.conv1,0.09660162776708603
82,blocks.13.conv2,0.09115586429834366
82,blocks.14.conv1,0.09381401538848877
82,blocks.14.conv2,0.09000704437494278
82,blocks.15.conv1,0.1006888747215271
82,blocks.15.conv2,0.09264039993286133
82,blocks.16.conv1,0.10239864140748978
82,blocks.16.conv2,0.09093700349330902
82,blocks.17.conv1,0.08323900401592255
82,blocks.17.conv2,0.07797663658857346
82,blocks.18.conv1,0.08730006963014603
82,blocks.18.conv2,0.0855051726102829
82,blocks.19.conv1,0.09617669135332108
82,blocks.19.conv2,0.08827441185712814
82,blocks.20.conv1,0.09715148061513901
82,blocks.20.conv2,0.0880383625626564
82,blocks.21.conv1,0.10787364095449448
82,blocks.21.conv2,0.09747963398694992
82,blocks.22.conv1,0.12161581963300705
82,blocks.22.conv2,0.10579723864793777
82,blocks.23.conv1,0.12581183016300201
82,blocks.23.conv2,0.11389140039682388
82,blocks.24.conv1,0.11947434395551682
82,blocks.24.conv2,0.10567352175712585
82,blocks.25.conv1,0.11693131923675537
82,blocks.25.conv2,0.10995737463235855
82,blocks.26.conv1,0.1307637095451355
82,blocks.26.conv2,0.11760178953409195
82,blocks.27.conv1,0.12285438925027847
82,blocks.27.conv2,0.10820549726486206
82,blocks.28.conv1,0.1298341453075409
82,blocks.28.conv2,0.11298583447933197
82,blocks.29.conv1,0.12974141538143158
82,blocks.29.conv2,0.11472266912460327
82,blocks.30.conv1,0.13830310106277466
82,blocks.30.conv2,0.11676686257123947
82,blocks.31.conv1,0.11668188124895096
82,blocks.31.conv2,0.10741132497787476
82,blocks.32.conv1,0.12457326799631119
82,blocks.32.conv2,0.10699198395013809
82,blocks.33.conv1,0.1215425580739975
82,blocks.33.conv2,0.10593438148498535
82,blocks.34.conv1,0.13498353958129883
82,blocks.34.conv2,0.11248956620693207
82,blocks.35.conv1,0.12385590374469757
82,blocks.35.conv2,0.11027690023183823
82,blocks.36.conv1,0.13802717626094818
82,blocks.36.conv2,0.12055335938930511
82,blocks.37.conv1,0.1484321802854538
82,blocks.37.conv2,0.12711699306964874
82,blocks.38.conv1,0.13381512463092804
82,blocks.38.conv2,0.11174511909484863
82,blocks.39.conv1,0.11970696598291397
82,blocks.39.conv2,0.11098600924015045
82,blocks.40.conv1,0.12944529950618744
82,blocks.40.conv2,0.11633995920419693
82,blocks.41.conv1,0.14033345878124237
82,blocks.41.conv2,0.11911055445671082
82,blocks.42.conv1,0.12227105349302292
82,blocks.42.conv2,0.10036545246839523
82,blocks.43.conv1,0.11760897934436798
82,blocks.43.conv2,0.10167527943849564
82,blocks.44.conv1,0.12097195535898209
82,blocks.44.conv2,0.10077768564224243
82,blocks.45.conv1,0.10421106964349747
82,blocks.45.conv2,0.08590951561927795
82,blocks.46.conv1,0.10801868885755539
82,blocks.46.conv2,0.08521146327257156
82,blocks.47.conv1,0.11271744966506958
82,blocks.47.conv2,0.0926387831568718
82,blocks.48.conv1,0.12516582012176514
82,blocks.48.conv2,0.09421341121196747
82,blocks.49.conv1,0.11314196139574051
82,blocks.49.conv2,0.09621714800596237
82,mean_conv2d_grad_norm,0.11163537595236656
83,stem.0,0.20881390571594238
83,blocks.0.conv1,0.16937077045440674
83,blocks.0.conv2,0.16958504915237427
83,blocks.1.conv1,0.14583347737789154
83,blocks.1.conv2,0.15317745506763458
83,blocks.2.conv1,0.12770293653011322
83,blocks.2.conv2,0.1405569314956665
83,blocks.3.conv1,0.11540935933589935
83,blocks.3.conv2,0.11615335196256638
83,blocks.4.conv1,0.10772741585969925
83,blocks.4.conv2,0.11301957070827484
83,blocks.5.conv1,0.09426293522119522
83,blocks.5.conv2,0.09821512550115585
83,blocks.6.conv1,0.08672626316547394
83,blocks.6.conv2,0.08279461413621902
83,blocks.7.conv1,0.100460946559906
83,blocks.7.conv2,0.10542432963848114
83,blocks.8.conv1,0.09037214517593384
83,blocks.8.conv2,0.0891604796051979
83,blocks.9.conv1,0.09411510080099106
83,blocks.9.conv2,0.09482166916131973
83,blocks.10.conv1,0.0830245390534401
83,blocks.10.conv2,0.08947832137346268
83,blocks.11.conv1,0.0889941155910492
83,blocks.11.conv2,0.08799567818641663
83,blocks.12.conv1,0.10124702006578445
83,blocks.12.conv2,0.09913861751556396
83,blocks.13.conv1,0.09645628184080124
83,blocks.13.conv2,0.09189581871032715
83,blocks.14.conv1,0.09288036078214645
83,blocks.14.conv2,0.0877581462264061
83,blocks.15.conv1,0.0921197161078453
83,blocks.15.conv2,0.0890405997633934
83,blocks.16.conv1,0.09595363587141037
83,blocks.16.conv2,0.08755096048116684
83,blocks.17.conv1,0.08549192547798157
83,blocks.17.conv2,0.07972944527864456
83,blocks.18.conv1,0.08973796665668488
83,blocks.18.conv2,0.08358456939458847
83,blocks.19.conv1,0.093907929956913
83,blocks.19.conv2,0.09357571601867676
83,blocks.20.conv1,0.09237261116504669
83,blocks.20.conv2,0.0834878459572792
83,blocks.21.conv1,0.09534163028001785
83,blocks.21.conv2,0.08680862933397293
83,blocks.22.conv1,0.1064722016453743
83,blocks.22.conv2,0.1014740988612175
83,blocks.23.conv1,0.12029017508029938
83,blocks.23.conv2,0.1117914691567421
83,blocks.24.conv1,0.12154250591993332
83,blocks.24.conv2,0.1056337058544159
83,blocks.25.conv1,0.13407956063747406
83,blocks.25.conv2,0.11639543622732162
83,blocks.26.conv1,0.11698032170534134
83,blocks.26.conv2,0.11146899312734604
83,blocks.27.conv1,0.12066696584224701
83,blocks.27.conv2,0.10913234204053879
83,blocks.28.conv1,0.13560053706169128
83,blocks.28.conv2,0.1288580298423767
83,blocks.29.conv1,0.1455954909324646
83,blocks.29.conv2,0.12233959883451462
83,blocks.30.conv1,0.12950465083122253
83,blocks.30.conv2,0.1130102276802063
83,blocks.31.conv1,0.12702861428260803
83,blocks.31.conv2,0.11806100606918335
83,blocks.32.conv1,0.13501931726932526
83,blocks.32.conv2,0.10266724973917007
83,blocks.33.conv1,0.11137134581804276
83,blocks.33.conv2,0.0929010733962059
83,blocks.34.conv1,0.13516826927661896
83,blocks.34.conv2,0.12615928053855896
83,blocks.35.conv1,0.12570440769195557
83,blocks.35.conv2,0.10903873294591904
83,blocks.36.conv1,0.1474752426147461
83,blocks.36.conv2,0.12232393771409988
83,blocks.37.conv1,0.1367531418800354
83,blocks.37.conv2,0.12819580733776093
83,blocks.38.conv1,0.13851699233055115
83,blocks.38.conv2,0.11977381259202957
83,blocks.39.conv1,0.12768173217773438
83,blocks.39.conv2,0.10553144663572311
83,blocks.40.conv1,0.12863855063915253
83,blocks.40.conv2,0.10916270315647125
83,blocks.41.conv1,0.1370454728603363
83,blocks.41.conv2,0.11973868310451508
83,blocks.42.conv1,0.1224639043211937
83,blocks.42.conv2,0.09641554206609726
83,blocks.43.conv1,0.1242215484380722
83,blocks.43.conv2,0.10568959265947342
83,blocks.44.conv1,0.11384150385856628
83,blocks.44.conv2,0.09958662837743759
83,blocks.45.conv1,0.11154747009277344
83,blocks.45.conv2,0.08911851048469543
83,blocks.46.conv1,0.10628361999988556
83,blocks.46.conv2,0.08635727316141129
83,blocks.47.conv1,0.11240094155073166
83,blocks.47.conv2,0.09909747540950775
83,blocks.48.conv1,0.1293770968914032
83,blocks.48.conv2,0.10201173275709152
83,blocks.49.conv1,0.11025539040565491
83,blocks.49.conv2,0.09400896728038788
83,mean_conv2d_grad_norm,0.11117570537446748
84,stem.0,0.14261753857135773
84,blocks.0.conv1,0.1381208747625351
84,blocks.0.conv2,0.15778397023677826
84,blocks.1.conv1,0.13067924976348877
84,blocks.1.conv2,0.13276539742946625
84,blocks.2.conv1,0.11855494230985641
84,blocks.2.conv2,0.12176021188497543
84,blocks.3.conv1,0.10698186606168747
84,blocks.3.conv2,0.10518120229244232
84,blocks.4.conv1,0.10131809860467911
84,blocks.4.conv2,0.09867589175701141
84,blocks.5.conv1,0.08566470444202423
84,blocks.5.conv2,0.08842018246650696
84,blocks.6.conv1,0.08663513511419296
84,blocks.6.conv2,0.08590935915708542
84,blocks.7.conv1,0.0901825949549675
84,blocks.7.conv2,0.09014131873846054
84,blocks.8.conv1,0.07528149336576462
84,blocks.8.conv2,0.07625333964824677
84,blocks.9.conv1,0.07893933355808258
84,blocks.9.conv2,0.08630946278572083
84,blocks.10.conv1,0.07977073639631271
84,blocks.10.conv2,0.07833819836378098
84,blocks.11.conv1,0.08122511208057404
84,blocks.11.conv2,0.08085803687572479
84,blocks.12.conv1,0.08694208413362503
84,blocks.12.conv2,0.08486118167638779
84,blocks.13.conv1,0.08466821908950806
84,blocks.13.conv2,0.08477157354354858
84,blocks.14.conv1,0.09199462831020355
84,blocks.14.conv2,0.08708402514457703
84,blocks.15.conv1,0.08648378401994705
84,blocks.15.conv2,0.08118567615747452
84,blocks.16.conv1,0.08265824615955353
84,blocks.16.conv2,0.08301002532243729
84,blocks.17.conv1,0.07533874362707138
84,blocks.17.conv2,0.07047154754400253
84,blocks.18.conv1,0.0804729014635086
84,blocks.18.conv2,0.0777001902461052
84,blocks.19.conv1,0.08693493902683258
84,blocks.19.conv2,0.08025739341974258
84,blocks.20.conv1,0.08435645699501038
84,blocks.20.conv2,0.07966478914022446
84,blocks.21.conv1,0.09798483550548553
84,blocks.21.conv2,0.08879552781581879
84,blocks.22.conv1,0.10376956313848495
84,blocks.22.conv2,0.09131692349910736
84,blocks.23.conv1,0.10957396030426025
84,blocks.23.conv2,0.09464406967163086
84,blocks.24.conv1,0.10269096493721008
84,blocks.24.conv2,0.09219306707382202
84,blocks.25.conv1,0.10802346467971802
84,blocks.25.conv2,0.09789122641086578
84,blocks.26.conv1,0.11208315193653107
84,blocks.26.conv2,0.10599469393491745
84,blocks.27.conv1,0.10739616304636002
84,blocks.27.conv2,0.09590888768434525
84,blocks.28.conv1,0.11042553186416626
84,blocks.28.conv2,0.09730274230241776
84,blocks.29.conv1,0.1216200664639473
84,blocks.29.conv2,0.1082514226436615
84,blocks.30.conv1,0.11760441958904266
84,blocks.30.conv2,0.10806366056203842
84,blocks.31.conv1,0.11959314346313477
84,blocks.31.conv2,0.10067049413919449
84,blocks.32.conv1,0.11304467916488647
84,blocks.32.conv2,0.09642037749290466
84,blocks.33.conv1,0.11378004401922226
84,blocks.33.conv2,0.0979803204536438
84,blocks.34.conv1,0.12355118989944458
84,blocks.34.conv2,0.10076069086790085
84,blocks.35.conv1,0.10784372687339783
84,blocks.35.conv2,0.0974813774228096
84,blocks.36.conv1,0.12621159851551056
84,blocks.36.conv2,0.10748164355754852
84,blocks.37.conv1,0.11673500388860703
84,blocks.37.conv2,0.1037331372499466
84,blocks.38.conv1,0.1127619817852974
84,blocks.38.conv2,0.09585926681756973
84,blocks.39.conv1,0.1181267499923706
84,blocks.39.conv2,0.10700475424528122
84,blocks.40.conv1,0.12011497467756271
84,blocks.40.conv2,0.10137659311294556
84,blocks.41.conv1,0.13377328217029572
84,blocks.41.conv2,0.10749365389347076
84,blocks.42.conv1,0.10490982979536057
84,blocks.42.conv2,0.089227594435215
84,blocks.43.conv1,0.10398343950510025
84,blocks.43.conv2,0.08467771857976913
84,blocks.44.conv1,0.10187038034200668
84,blocks.44.conv2,0.08321463316679001
84,blocks.45.conv1,0.0998535230755806
84,blocks.45.conv2,0.082565076649189
84,blocks.46.conv1,0.09874364733695984
84,blocks.46.conv2,0.07594956457614899
84,blocks.47.conv1,0.08976825326681137
84,blocks.47.conv2,0.0708189457654953
84,blocks.48.conv1,0.11226450651884079
84,blocks.48.conv2,0.09083899110555649
84,blocks.49.conv1,0.09754545241594315
84,blocks.49.conv2,0.08809348195791245
84,mean_conv2d_grad_norm,0.09876121506832614
85,stem.0,0.10567018389701843
85,blocks.0.conv1,0.10091739147901535
85,blocks.0.conv2,0.10880685597658157
85,blocks.1.conv1,0.0926087498664856
85,blocks.1.conv2,0.09837980568408966
85,blocks.2.conv1,0.08663976937532425
85,blocks.2.conv2,0.09214036911725998
85,blocks.3.conv1,0.06970515847206116
85,blocks.3.conv2,0.08245396614074707
85,blocks.4.conv1,0.07285787165164948
85,blocks.4.conv2,0.07914278656244278
85,blocks.5.conv1,0.062369201332330704
85,blocks.5.conv2,0.07237225770950317
85,blocks.6.conv1,0.055740002542734146
85,blocks.6.conv2,0.0657164603471756
85,blocks.7.conv1,0.06300453096628189
85,blocks.7.conv2,0.06628970056772232
85,blocks.8.conv1,0.056866876780986786
85,blocks.8.conv2,0.05922474339604378
85,blocks.9.conv1,0.05884911119937897
85,blocks.9.conv2,0.06021307036280632
85,blocks.10.conv1,0.05437152087688446
85,blocks.10.conv2,0.056210096925497055
85,blocks.11.conv1,0.05670106038451195
85,blocks.11.conv2,0.05768007040023804
85,blocks.12.conv1,0.06292102485895157
85,blocks.12.conv2,0.06355534493923187
85,blocks.13.conv1,0.06259091943502426
85,blocks.13.conv2,0.06308003515005112
85,blocks.14.conv1,0.06412196159362793
85,blocks.14.conv2,0.06232254579663277
85,blocks.15.conv1,0.06319136917591095
85,blocks.15.conv2,0.06003753840923309
85,blocks.16.conv1,0.06204371899366379
85,blocks.16.conv2,0.06302422285079956
85,blocks.17.conv1,0.05731312185525894
85,blocks.17.conv2,0.05453616380691528
85,blocks.18.conv1,0.05939582735300064
85,blocks.18.conv2,0.05848219618201256
85,blocks.19.conv1,0.06858577579259872
85,blocks.19.conv2,0.064179927110672
85,blocks.20.conv1,0.06172099709510803
85,blocks.20.conv2,0.06194821372628212
85,blocks.21.conv1,0.07250258326530457
85,blocks.21.conv2,0.0669984444975853
85,blocks.22.conv1,0.07899119704961777
85,blocks.22.conv2,0.07616657018661499
85,blocks.23.conv1,0.08767715841531754
85,blocks.23.conv2,0.07985387742519379
85,blocks.24.conv1,0.08344410359859467
85,blocks.24.conv2,0.07523979991674423
85,blocks.25.conv1,0.08374710381031036
85,blocks.25.conv2,0.07791981846094131
85,blocks.26.conv1,0.08661620318889618
85,blocks.26.conv2,0.076885886490345
85,blocks.27.conv1,0.07864128053188324
85,blocks.27.conv2,0.0735115185379982
85,blocks.28.conv1,0.08101754635572433
85,blocks.28.conv2,0.07325577735900879
85,blocks.29.conv1,0.08499220758676529
85,blocks.29.conv2,0.07614810764789581
85,blocks.30.conv1,0.09141033887863159
85,blocks.30.conv2,0.08288443088531494
85,blocks.31.conv1,0.08810258656740189
85,blocks.31.conv2,0.07774209976196289
85,blocks.32.conv1,0.082889623939991
85,blocks.32.conv2,0.07202275842428207
85,blocks.33.conv1,0.07917732000350952
85,blocks.33.conv2,0.07185176014900208
85,blocks.34.conv1,0.09212484210729599
85,blocks.34.conv2,0.07912951707839966
85,blocks.35.conv1,0.09300695359706879
85,blocks.35.conv2,0.07738929241895676
85,blocks.36.conv1,0.09894400835037231
85,blocks.36.conv2,0.08657612651586533
85,blocks.37.conv1,0.09506957978010178
85,blocks.37.conv2,0.0804334357380867
85,blocks.38.conv1,0.08616840839385986
85,blocks.38.conv2,0.07254104316234589
85,blocks.39.conv1,0.09246061742305756
85,blocks.39.conv2,0.07356606423854828
85,blocks.40.conv1,0.09511076658964157
85,blocks.40.conv2,0.07982038706541061
85,blocks.41.conv1,0.09518694132566452
85,blocks.41.conv2,0.0797080546617508
85,blocks.42.conv1,0.08249377459287643
85,blocks.42.conv2,0.06515885144472122
85,blocks.43.conv1,0.07427573204040527
85,blocks.43.conv2,0.06200685352087021
85,blocks.44.conv1,0.08310204744338989
85,blocks.44.conv2,0.07029028236865997
85,blocks.45.conv1,0.08880665898323059
85,blocks.45.conv2,0.09172771126031876
85,blocks.46.conv1,0.07932981848716736
85,blocks.46.conv2,0.061595361679792404
85,blocks.47.conv1,0.07540636509656906
85,blocks.47.conv2,0.0691075250506401
85,blocks.48.conv1,0.0958242118358612
85,blocks.48.conv2,0.08102534711360931
85,blocks.49.conv1,0.08577733486890793
85,blocks.49.conv2,0.07719454169273376
85,mean_conv2d_grad_norm,0.07552506014852241
86,stem.0,0.1808648705482483
86,blocks.0.conv1,0.16610315442085266
86,blocks.0.conv2,0.17908567190170288
86,blocks.1.conv1,0.14376044273376465
86,blocks.1.conv2,0.15880215167999268
86,blocks.2.conv1,0.13302990794181824
86,blocks.2.conv2,0.14157183468341827
86,blocks.3.conv1,0.11752650886774063
86,blocks.3.conv2,0.12021635472774506
86,blocks.4.conv1,0.12104766815900803
86,blocks.4.conv2,0.12023515999317169
86,blocks.5.conv1,0.10591114312410355
86,blocks.5.conv2,0.10391082614660263
86,blocks.6.conv1,0.08999188989400864
86,blocks.6.conv2,0.0946088582277298
86,blocks.7.conv1,0.10340727120637894
86,blocks.7.conv2,0.10563713312149048
86,blocks.8.conv1,0.09659125655889511
86,blocks.8.conv2,0.09438944607973099
86,blocks.9.conv1,0.09325255453586578
86,blocks.9.conv2,0.09013375639915466
86,blocks.10.conv1,0.09517934173345566
86,blocks.10.conv2,0.08831623196601868
86,blocks.11.conv1,0.08832824975252151
86,blocks.11.conv2,0.08778183162212372
86,blocks.12.conv1,0.09719659388065338
86,blocks.12.conv2,0.09576181322336197
86,blocks.13.conv1,0.1005655825138092
86,blocks.13.conv2,0.09160691499710083
86,blocks.14.conv1,0.10043098032474518
86,blocks.14.conv2,0.09331589937210083
86,blocks.15.conv1,0.1016998440027237
86,blocks.15.conv2,0.09885967522859573
86,blocks.16.conv1,0.10412915050983429
86,blocks.16.conv2,0.09460939466953278
86,blocks.17.conv1,0.0951034426689148
86,blocks.17.conv2,0.08791200816631317
86,blocks.18.conv1,0.09268634021282196
86,blocks.18.conv2,0.09002824127674103
86,blocks.19.conv1,0.10725561529397964
86,blocks.19.conv2,0.09860357642173767
86,blocks.20.conv1,0.10046442598104477
86,blocks.20.conv2,0.08988498896360397
86,blocks.21.conv1,0.11499945819377899
86,blocks.21.conv2,0.10190421342849731
86,blocks.22.conv1,0.12496400624513626
86,blocks.22.conv2,0.11671999841928482
86,blocks.23.conv1,0.13503894209861755
86,blocks.23.conv2,0.1196516826748848
86,blocks.24.conv1,0.11697641760110855
86,blocks.24.conv2,0.10492498427629471
86,blocks.25.conv1,0.12946972250938416
86,blocks.25.conv2,0.11403452605009079
86,blocks.26.conv1,0.13053004443645477
86,blocks.26.conv2,0.11591461300849915
86,blocks.27.conv1,0.12056194990873337
86,blocks.27.conv2,0.11079125851392746
86,blocks.28.conv1,0.1263362169265747
86,blocks.28.conv2,0.11319682002067566
86,blocks.29.conv1,0.12941265106201172
86,blocks.29.conv2,0.12144456803798676
86,blocks.30.conv1,0.13984833657741547
86,blocks.30.conv2,0.12734167277812958
86,blocks.31.conv1,0.1368996500968933
86,blocks.31.conv2,0.11668766289949417
86,blocks.32.conv1,0.13662435114383698
86,blocks.32.conv2,0.11751077324151993
86,blocks.33.conv1,0.12893667817115784
86,blocks.33.conv2,0.11096707731485367
86,blocks.34.conv1,0.13503509759902954
86,blocks.34.conv2,0.12298756092786789
86,blocks.35.conv1,0.13266582787036896
86,blocks.35.conv2,0.11141858994960785
86,blocks.36.conv1,0.14668472111225128
86,blocks.36.conv2,0.1264423131942749
86,blocks.37.conv1,0.1555829644203186
86,blocks.37.conv2,0.1308886855840683
86,blocks.38.conv1,0.14436881244182587
86,blocks.38.conv2,0.11952365189790726
86,blocks.39.conv1,0.1331137716770172
86,blocks.39.conv2,0.11805107444524765
86,blocks.40.conv1,0.14320150017738342
86,blocks.40.conv2,0.11501206457614899
86,blocks.41.conv1,0.14069657027721405
86,blocks.41.conv2,0.12943583726882935
86,blocks.42.conv1,0.13454364240169525
86,blocks.42.conv2,0.10844342410564423
86,blocks.43.conv1,0.12478328496217728
86,blocks.43.conv2,0.1038227379322052
86,blocks.44.conv1,0.13249914348125458
86,blocks.44.conv2,0.10718053579330444
86,blocks.45.conv1,0.12139137089252472
86,blocks.45.conv2,0.10191847383975983
86,blocks.46.conv1,0.13125468790531158
86,blocks.46.conv2,0.08377677947282791
86,blocks.47.conv1,0.11243133246898651
86,blocks.47.conv2,0.09237787872552872
86,blocks.48.conv1,0.1338665783405304
86,blocks.48.conv2,0.09997311234474182
86,blocks.49.conv1,0.11788349598646164
86,blocks.49.conv2,0.10741203278303146
86,mean_conv2d_grad_norm,0.11623914687350245
87,stem.0,0.25022077560424805
87,blocks.0.conv1,0.184088796377182
87,blocks.0.conv2,0.19371949136257172
87,blocks.1.conv1,0.1527521163225174
87,blocks.1.conv2,0.1664801687002182
87,blocks.2.conv1,0.1461036503314972
87,blocks.2.conv2,0.16054664552211761
87,blocks.3.conv1,0.14128388464450836
87,blocks.3.conv2,0.1433345377445221
87,blocks.4.conv1,0.1196468323469162
87,blocks.4.conv2,0.12674744427204132
87,blocks.5.conv1,0.11126963794231415
87,blocks.5.conv2,0.11318492144346237
87,blocks.6.conv1,0.10566342622041702
87,blocks.6.conv2,0.10421711206436157
87,blocks.7.conv1,0.11711527407169342
87,blocks.7.conv2,0.11011557281017303
87,blocks.8.conv1,0.1014028787612915
87,blocks.8.conv2,0.09845118969678879
87,blocks.9.conv1,0.10604993999004364
87,blocks.9.conv2,0.09969679266214371
87,blocks.10.conv1,0.09233558923006058
87,blocks.10.conv2,0.08891501277685165
87,blocks.11.conv1,0.10078217834234238
87,blocks.11.conv2,0.09536342322826385
87,blocks.12.conv1,0.09965578466653824
87,blocks.12.conv2,0.09680402278900146
87,blocks.13.conv1,0.10313335061073303
87,blocks.13.conv2,0.09791053831577301
87,blocks.14.conv1,0.11311367899179459
87,blocks.14.conv2,0.1031544879078865
87,blocks.15.conv1,0.11177494376897812
87,blocks.15.conv2,0.10321208834648132
87,blocks.16.conv1,0.10610099881887436
87,blocks.16.conv2,0.10168177634477615
87,blocks.17.conv1,0.09572844952344894
87,blocks.17.conv2,0.09066219627857208
87,blocks.18.conv1,0.09721097350120544
87,blocks.18.conv2,0.09383576363325119
87,blocks.19.conv1,0.10433219373226166
87,blocks.19.conv2,0.10395082086324692
87,blocks.20.conv1,0.11159102618694305
87,blocks.20.conv2,0.10528506338596344
87,blocks.21.conv1,0.11763188987970352
87,blocks.21.conv2,0.10633452236652374
87,blocks.22.conv1,0.1238652914762497
87,blocks.22.conv2,0.11989466100931168
87,blocks.23.conv1,0.13624811172485352
87,blocks.23.conv2,0.12486456334590912
87,blocks.24.conv1,0.13425950706005096
87,blocks.24.conv2,0.11837553232908249
87,blocks.25.conv1,0.13360127806663513
87,blocks.25.conv2,0.11965496838092804
87,blocks.26.conv1,0.14470608532428741
87,blocks.26.conv2,0.11903098225593567
87,blocks.27.conv1,0.12806493043899536
87,blocks.27.conv2,0.11608827114105225
87,blocks.28.conv1,0.1328396499156952
87,blocks.28.conv2,0.11609280109405518
87,blocks.29.conv1,0.13582950830459595
87,blocks.29.conv2,0.12173856794834137
87,blocks.30.conv1,0.16150067746639252
87,blocks.30.conv2,0.1344200074672699
87,blocks.31.conv1,0.13324911892414093
87,blocks.31.conv2,0.11943979561328888
87,blocks.32.conv1,0.14960750937461853
87,blocks.32.conv2,0.1252245306968689
87,blocks.33.conv1,0.1357196420431137
87,blocks.33.conv2,0.11440347880125046
87,blocks.34.conv1,0.1562129259109497
87,blocks.34.conv2,0.1317254900932312
87,blocks.35.conv1,0.1404421627521515
87,blocks.35.conv2,0.12760049104690552
87,blocks.36.conv1,0.15946198999881744
87,blocks.36.conv2,0.1506759226322174
87,blocks.37.conv1,0.16336539387702942
87,blocks.37.conv2,0.12906475365161896
87,blocks.38.conv1,0.1329273283481598
87,blocks.38.conv2,0.11470672488212585
87,blocks.39.conv1,0.144813671708107
87,blocks.39.conv2,0.12167485803365707
87,blocks.40.conv1,0.12979824841022491
87,blocks.40.conv2,0.11498410254716873
87,blocks.41.conv1,0.1456841230392456
87,blocks.41.conv2,0.12664029002189636
87,blocks.42.conv1,0.12308266013860703
87,blocks.42.conv2,0.10441523790359497
87,blocks.43.conv1,0.11866096407175064
87,blocks.43.conv2,0.11163390427827835
87,blocks.44.conv1,0.14231492578983307
87,blocks.44.conv2,0.12242995202541351
87,blocks.45.conv1,0.12494947016239166
87,blocks.45.conv2,0.10497238487005234
87,blocks.46.conv1,0.11656275391578674
87,blocks.46.conv2,0.0894642248749733
87,blocks.47.conv1,0.13740582764148712
87,blocks.47.conv2,0.10480399429798126
87,blocks.48.conv1,0.12414384633302689
87,blocks.48.conv2,0.10732214152812958
87,blocks.49.conv1,0.1454518735408783
87,blocks.49.conv2,0.11920031905174255
87,mean_conv2d_grad_norm,0.12354360683129566
88,stem.0,0.2324635237455368
88,blocks.0.conv1,0.1742188036441803
88,blocks.0.conv2,0.18487800657749176
88,blocks.1.conv1,0.15517160296440125
88,blocks.1.conv2,0.17822910845279694
88,blocks.2.conv1,0.14783060550689697
88,blocks.2.conv2,0.14906106889247894
88,blocks.3.conv1,0.13588635623455048
88,blocks.3.conv2,0.13254818320274353
88,blocks.4.conv1,0.11869509518146515
88,blocks.4.conv2,0.1174764558672905
88,blocks.5.conv1,0.1124848797917366
88,blocks.5.conv2,0.10912694036960602
88,blocks.6.conv1,0.09580652415752411
88,blocks.6.conv2,0.09953468292951584
88,blocks.7.conv1,0.10963241755962372
88,blocks.7.conv2,0.1108798161149025
88,blocks.8.conv1,0.10177171975374222
88,blocks.8.conv2,0.10077737271785736
88,blocks.9.conv1,0.10041560232639313
88,blocks.9.conv2,0.09982644766569138
88,blocks.10.conv1,0.09483844041824341
88,blocks.10.conv2,0.09402298927307129
88,blocks.11.conv1,0.0949915274977684
88,blocks.11.conv2,0.09666011482477188
88,blocks.12.conv1,0.11145928502082825
88,blocks.12.conv2,0.10907557606697083
88,blocks.13.conv1,0.10859712958335876
88,blocks.13.conv2,0.10245893895626068
88,blocks.14.conv1,0.11454002559185028
88,blocks.14.conv2,0.10513000190258026
88,blocks.15.conv1,0.10635382682085037
88,blocks.15.conv2,0.0986681580543518
88,blocks.16.conv1,0.10975249856710434
88,blocks.16.conv2,0.10578566044569016
88,blocks.17.conv1,0.09991544485092163
88,blocks.17.conv2,0.09194454550743103
88,blocks.18.conv1,0.10793204605579376
88,blocks.18.conv2,0.0977071225643158
88,blocks.19.conv1,0.11269649863243103
88,blocks.19.conv2,0.10247431695461273
88,blocks.20.conv1,0.1091352254152298
88,blocks.20.conv2,0.10284046828746796
88,blocks.21.conv1,0.11868191510438919
88,blocks.21.conv2,0.10724004358053207
88,blocks.22.conv1,0.12716475129127502
88,blocks.22.conv2,0.11517666280269623
88,blocks.23.conv1,0.13815151154994965
88,blocks.23.conv2,0.1272450089454651
88,blocks.24.conv1,0.12742739915847778
88,blocks.24.conv2,0.11827369034290314
88,blocks.25.conv1,0.14040017127990723
88,blocks.25.conv2,0.12849117815494537
88,blocks.26.conv1,0.1412055492401123
88,blocks.26.conv2,0.1262940615415573
88,blocks.27.conv1,0.13814286887645721
88,blocks.27.conv2,0.11658094823360443
88,blocks.28.conv1,0.1398462951183319
88,blocks.28.conv2,0.11843983083963394
88,blocks.29.conv1,0.14537261426448822
88,blocks.29.conv2,0.12998135387897491
88,blocks.30.conv1,0.15175198018550873
88,blocks.30.conv2,0.13505595922470093
88,blocks.31.conv1,0.1381969451904297
88,blocks.31.conv2,0.12726347148418427
88,blocks.32.conv1,0.1394086480140686
88,blocks.32.conv2,0.12267769873142242
88,blocks.33.conv1,0.13567471504211426
88,blocks.33.conv2,0.11542262136936188
88,blocks.34.conv1,0.15248332917690277
88,blocks.34.conv2,0.12450890243053436
88,blocks.35.conv1,0.1462019979953766
88,blocks.35.conv2,0.1286846250295639
88,blocks.36.conv1,0.16558173298835754
88,blocks.36.conv2,0.13317379355430603
88,blocks.37.conv1,0.1607971489429474
88,blocks.37.conv2,0.12588532269001007
88,blocks.38.conv1,0.1422443389892578
88,blocks.38.conv2,0.112700454890728
88,blocks.39.conv1,0.13854727149009705
88,blocks.39.conv2,0.11498703807592392
88,blocks.40.conv1,0.14626595377922058
88,blocks.40.conv2,0.12258826196193695
88,blocks.41.conv1,0.14240871369838715
88,blocks.41.conv2,0.1260463148355484
88,blocks.42.conv1,0.11744365841150284
88,blocks.42.conv2,0.10861287266016006
88,blocks.43.conv1,0.11101766675710678
88,blocks.43.conv2,0.0963226780295372
88,blocks.44.conv1,0.13768340647220612
88,blocks.44.conv2,0.1038733571767807
88,blocks.45.conv1,0.12046292424201965
88,blocks.45.conv2,0.09293881058692932
88,blocks.46.conv1,0.11176453530788422
88,blocks.46.conv2,0.09501603990793228
88,blocks.47.conv1,0.10533854365348816
88,blocks.47.conv2,0.08138955384492874
88,blocks.48.conv1,0.12776315212249756
88,blocks.48.conv2,0.10014282912015915
88,blocks.49.conv1,0.10059968382120132
88,blocks.49.conv2,0.08976595848798752
88,mean_conv2d_grad_norm,0.12174756256955685
89,stem.0,0.1485900580883026
89,blocks.0.conv1,0.15066742897033691
89,blocks.0.conv2,0.15762174129486084
89,blocks.1.conv1,0.14105257391929626
89,blocks.1.conv2,0.15283310413360596
89,blocks.2.conv1,0.12761572003364563
89,blocks.2.conv2,0.135622039437294
89,blocks.3.conv1,0.12100400030612946
89,blocks.3.conv2,0.12408021092414856
89,blocks.4.conv1,0.109181247651577
89,blocks.4.conv2,0.1120595708489418
89,blocks.5.conv1,0.10645288228988647
89,blocks.5.conv2,0.10534550994634628
89,blocks.6.conv1,0.0953015610575676
89,blocks.6.conv2,0.09836512058973312
89,blocks.7.conv1,0.1032111793756485
89,blocks.7.conv2,0.10301341116428375
89,blocks.8.conv1,0.09054218232631683
89,blocks.8.conv2,0.09421467781066895
89,blocks.9.conv1,0.09095925092697144
89,blocks.9.conv2,0.0952569842338562
89,blocks.10.conv1,0.08407164365053177
89,blocks.10.conv2,0.08262796700000763
89,blocks.11.conv1,0.08868375420570374
89,blocks.11.conv2,0.08929819613695145
89,blocks.12.conv1,0.10250431299209595
89,blocks.12.conv2,0.10186352580785751
89,blocks.13.conv1,0.09332379698753357
89,blocks.13.conv2,0.09279029816389084
89,blocks.14.conv1,0.09767486155033112
89,blocks.14.conv2,0.0958855152130127
89,blocks.15.conv1,0.09485571086406708
89,blocks.15.conv2,0.08921310305595398
89,blocks.16.conv1,0.09110352396965027
89,blocks.16.conv2,0.0875924751162529
89,blocks.17.conv1,0.093120276927948
89,blocks.17.conv2,0.08617201447486877
89,blocks.18.conv1,0.09374744445085526
89,blocks.18.conv2,0.0881364718079567
89,blocks.19.conv1,0.10314088314771652
89,blocks.19.conv2,0.09250108897686005
89,blocks.20.conv1,0.09898857027292252
89,blocks.20.conv2,0.09195533394813538
89,blocks.21.conv1,0.11178772151470184
89,blocks.21.conv2,0.1039000079035759
89,blocks.22.conv1,0.12724097073078156
89,blocks.22.conv2,0.11223211884498596
89,blocks.23.conv1,0.13218402862548828
89,blocks.23.conv2,0.11252676695585251
89,blocks.24.conv1,0.11604294180870056
89,blocks.24.conv2,0.10389949381351471
89,blocks.25.conv1,0.11847718060016632
89,blocks.25.conv2,0.11053579300642014
89,blocks.26.conv1,0.13774797320365906
89,blocks.26.conv2,0.11692409962415695
89,blocks.27.conv1,0.1250096559524536
89,blocks.27.conv2,0.11200151592493057
89,blocks.28.conv1,0.12700898945331573
89,blocks.28.conv2,0.11421018093824387
89,blocks.29.conv1,0.1307106763124466
89,blocks.29.conv2,0.1240655705332756
89,blocks.30.conv1,0.13724283874034882
89,blocks.30.conv2,0.12577442824840546
89,blocks.31.conv1,0.12440881133079529
89,blocks.31.conv2,0.11235643923282623
89,blocks.32.conv1,0.11367408186197281
89,blocks.32.conv2,0.09870261698961258
89,blocks.33.conv1,0.11902467906475067
89,blocks.33.conv2,0.10651375353336334
89,blocks.34.conv1,0.13143324851989746
89,blocks.34.conv2,0.12130171060562134
89,blocks.35.conv1,0.12894494831562042
89,blocks.35.conv2,0.11260228604078293
89,blocks.36.conv1,0.1418163776397705
89,blocks.36.conv2,0.11929672211408615
89,blocks.37.conv1,0.1323566734790802
89,blocks.37.conv2,0.1115691140294075
89,blocks.38.conv1,0.1296497881412506
89,blocks.38.conv2,0.10383328050374985
89,blocks.39.conv1,0.12981167435646057
89,blocks.39.conv2,0.10861008614301682
89,blocks.40.conv1,0.12816262245178223
89,blocks.40.conv2,0.11968723684549332
89,blocks.41.conv1,0.1322670578956604
89,blocks.41.conv2,0.11323800683021545
89,blocks.42.conv1,0.10866958647966385
89,blocks.42.conv2,0.08966238796710968
89,blocks.43.conv1,0.11173167079687119
89,blocks.43.conv2,0.09529189020395279
89,blocks.44.conv1,0.11671645939350128
89,blocks.44.conv2,0.08607301115989685
89,blocks.45.conv1,0.10082679241895676
89,blocks.45.conv2,0.08328971266746521
89,blocks.46.conv1,0.10291054099798203
89,blocks.46.conv2,0.07708822935819626
89,blocks.47.conv1,0.10834119468927383
89,blocks.47.conv2,0.08626832813024521
89,blocks.48.conv1,0.09617029875516891
89,blocks.48.conv2,0.07465610653162003
89,blocks.49.conv1,0.0956742987036705
89,blocks.49.conv2,0.08532463759183884
89,mean_conv2d_grad_norm,0.10950218355006511
90,stem.0,0.15346336364746094
90,blocks.0.conv1,0.10415371507406235
90,blocks.0.conv2,0.11096478998661041
90,blocks.1.conv1,0.09501653164625168
90,blocks.1.conv2,0.10185082256793976
90,blocks.2.conv1,0.08952236920595169
90,blocks.2.conv2,0.09183520823717117
90,blocks.3.conv1,0.07408729940652847
90,blocks.3.conv2,0.07656387984752655
90,blocks.4.conv1,0.07214514166116714
90,blocks.4.conv2,0.0741497352719307
90,blocks.5.conv1,0.0625595673918724
90,blocks.5.conv2,0.06533020734786987
90,blocks.6.conv1,0.06100396811962128
90,blocks.6.conv2,0.06406653672456741
90,blocks.7.conv1,0.06247009336948395
90,blocks.7.conv2,0.06576716899871826
90,blocks.8.conv1,0.06305555999279022
90,blocks.8.conv2,0.0658326968550682
90,blocks.9.conv1,0.0617910698056221
90,blocks.9.conv2,0.0630062073469162
90,blocks.10.conv1,0.057990264147520065
90,blocks.10.conv2,0.05643573775887489
90,blocks.11.conv1,0.05856914073228836
90,blocks.11.conv2,0.06015082448720932
90,blocks.12.conv1,0.0627826452255249
90,blocks.12.conv2,0.061536017805337906
90,blocks.13.conv1,0.06271982192993164
90,blocks.13.conv2,0.0634893923997879
90,blocks.14.conv1,0.0700380802154541
90,blocks.14.conv2,0.06784463673830032
90,blocks.15.conv1,0.0662679597735405
90,blocks.15.conv2,0.06319301575422287
90,blocks.16.conv1,0.06638851016759872
90,blocks.16.conv2,0.0621432289481163
90,blocks.17.conv1,0.0608622245490551
90,blocks.17.conv2,0.058138057589530945
90,blocks.18.conv1,0.06638186424970627
90,blocks.18.conv2,0.06608562916517258
90,blocks.19.conv1,0.06834311038255692
90,blocks.19.conv2,0.06605593860149384
90,blocks.20.conv1,0.06882741302251816
90,blocks.20.conv2,0.06371268630027771
90,blocks.21.conv1,0.07632596045732498
90,blocks.21.conv2,0.06833510845899582
90,blocks.22.conv1,0.08576253056526184
90,blocks.22.conv2,0.08058816194534302
90,blocks.23.conv1,0.09084045886993408
90,blocks.23.conv2,0.0814627856016159
90,blocks.24.conv1,0.0861111730337143
90,blocks.24.conv2,0.07810617238283157
90,blocks.25.conv1,0.09129699319601059
90,blocks.25.conv2,0.0843326598405838
90,blocks.26.conv1,0.09336778521537781
90,blocks.26.conv2,0.08278366178274155
90,blocks.27.conv1,0.08939726650714874
90,blocks.27.conv2,0.07656680792570114
90,blocks.28.conv1,0.09238513559103012
90,blocks.28.conv2,0.08417017012834549
90,blocks.29.conv1,0.09538965672254562
90,blocks.29.conv2,0.08794781565666199
90,blocks.30.conv1,0.09743577241897583
90,blocks.30.conv2,0.08514575660228729
90,blocks.31.conv1,0.08906199783086777
90,blocks.31.conv2,0.07649138569831848
90,blocks.32.conv1,0.08568841964006424
90,blocks.32.conv2,0.0715247169137001
90,blocks.33.conv1,0.08433431386947632
90,blocks.33.conv2,0.07592076808214188
90,blocks.34.conv1,0.09333183616399765
90,blocks.34.conv2,0.08661476522684097
90,blocks.35.conv1,0.09425841271877289
90,blocks.35.conv2,0.07870323210954666
90,blocks.36.conv1,0.10544342547655106
90,blocks.36.conv2,0.08975733071565628
90,blocks.37.conv1,0.10208249092102051
90,blocks.37.conv2,0.08622826635837555
90,blocks.38.conv1,0.08678442239761353
90,blocks.38.conv2,0.07244988530874252
90,blocks.39.conv1,0.10173146426677704
90,blocks.39.conv2,0.0841553583741188
90,blocks.40.conv1,0.09509288519620895
90,blocks.40.conv2,0.08306747674942017
90,blocks.41.conv1,0.10260941833257675
90,blocks.41.conv2,0.08479247242212296
90,blocks.42.conv1,0.0838209018111229
90,blocks.42.conv2,0.07700931280851364
90,blocks.43.conv1,0.07940532267093658
90,blocks.43.conv2,0.07042189687490463
90,blocks.44.conv1,0.09594905376434326
90,blocks.44.conv2,0.07478124648332596
90,blocks.45.conv1,0.08312124758958817
90,blocks.45.conv2,0.07523397356271744
90,blocks.46.conv1,0.08811342716217041
90,blocks.46.conv2,0.0669163316488266
90,blocks.47.conv1,0.07544692605733871
90,blocks.47.conv2,0.061379529535770416
90,blocks.48.conv1,0.09580372273921967
90,blocks.48.conv2,0.0768062099814415
90,blocks.49.conv1,0.08263682574033737
90,blocks.49.conv2,0.07341038435697556
90,mean_conv2d_grad_norm,0.07895767349417847
91,stem.0,0.17787866294384003
91,blocks.0.conv1,0.15044532716274261
91,blocks.0.conv2,0.15254324674606323
91,blocks.1.conv1,0.1294133961200714
91,blocks.1.conv2,0.13758957386016846
91,blocks.2.conv1,0.12278816848993301
91,blocks.2.conv2,0.12499972432851791
91,blocks.3.conv1,0.10579723864793777
91,blocks.3.conv2,0.10960975289344788
91,blocks.4.conv1,0.1026577278971672
91,blocks.4.conv2,0.09883393347263336
91,blocks.5.conv1,0.08718781173229218
91,blocks.5.conv2,0.08508824557065964
91,blocks.6.conv1,0.07688886672258377
91,blocks.6.conv2,0.07614019513130188
91,blocks.7.conv1,0.08545931428670883
91,blocks.7.conv2,0.08618559688329697
91,blocks.8.conv1,0.08395328372716904
91,blocks.8.conv2,0.08101336658000946
91,blocks.9.conv1,0.0827827975153923
91,blocks.9.conv2,0.08433708548545837
91,blocks.10.conv1,0.0743354856967926
91,blocks.10.conv2,0.07109429687261581
91,blocks.11.conv1,0.07646235078573227
91,blocks.11.conv2,0.07569382339715958
91,blocks.12.conv1,0.08036456257104874
91,blocks.12.conv2,0.0791330337524414
91,blocks.13.conv1,0.079489566385746
91,blocks.13.conv2,0.08146826177835464
91,blocks.14.conv1,0.08936899900436401
91,blocks.14.conv2,0.08441061526536942
91,blocks.15.conv1,0.0907294973731041
91,blocks.15.conv2,0.08394842594861984
91,blocks.16.conv1,0.08882652223110199
91,blocks.16.conv2,0.0846901535987854
91,blocks.17.conv1,0.0747845470905304
91,blocks.17.conv2,0.07412558794021606
91,blocks.18.conv1,0.0873359814286232
91,blocks.18.conv2,0.0816839411854744
91,blocks.19.conv1,0.08540456742048264
91,blocks.19.conv2,0.08323755115270615
91,blocks.20.conv1,0.08399061858654022
91,blocks.20.conv2,0.07908441871404648
91,blocks.21.conv1,0.09668704867362976
91,blocks.21.conv2,0.09013794362545013
91,blocks.22.conv1,0.1023884043097496
91,blocks.22.conv2,0.09260624647140503
91,blocks.23.conv1,0.1100631058216095
91,blocks.23.conv2,0.10340738296508789
91,blocks.24.conv1,0.10159885883331299
91,blocks.24.conv2,0.09116069972515106
91,blocks.25.conv1,0.10857345908880234
91,blocks.25.conv2,0.10069433599710464
91,blocks.26.conv1,0.12094984203577042
91,blocks.26.conv2,0.09870128333568573
91,blocks.27.conv1,0.10978703945875168
91,blocks.27.conv2,0.09584055840969086
91,blocks.28.conv1,0.1123322919011116
91,blocks.28.conv2,0.09621023386716843
91,blocks.29.conv1,0.11607953906059265
91,blocks.29.conv2,0.10032247751951218
91,blocks.30.conv1,0.13295812904834747
91,blocks.30.conv2,0.11208925396203995
91,blocks.31.conv1,0.10636179894208908
91,blocks.31.conv2,0.09889112412929535
91,blocks.32.conv1,0.10570868849754333
91,blocks.32.conv2,0.09749030321836472
91,blocks.33.conv1,0.10010500997304916
91,blocks.33.conv2,0.09030305594205856
91,blocks.34.conv1,0.11226126551628113
91,blocks.34.conv2,0.10453765094280243
91,blocks.35.conv1,0.11539895087480545
91,blocks.35.conv2,0.1019342839717865
91,blocks.36.conv1,0.13726653158664703
91,blocks.36.conv2,0.10647796094417572
91,blocks.37.conv1,0.13204681873321533
91,blocks.37.conv2,0.10737521946430206
91,blocks.38.conv1,0.11556485295295715
91,blocks.38.conv2,0.09802146255970001
91,blocks.39.conv1,0.11017663031816483
91,blocks.39.conv2,0.09294482320547104
91,blocks.40.conv1,0.10766302049160004
91,blocks.40.conv2,0.09536319226026535
91,blocks.41.conv1,0.11375885456800461
91,blocks.41.conv2,0.10023930668830872
91,blocks.42.conv1,0.11163728684186935
91,blocks.42.conv2,0.1033967062830925
91,blocks.43.conv1,0.09710342437028885
91,blocks.43.conv2,0.08006846159696579
91,blocks.44.conv1,0.10830092430114746
91,blocks.44.conv2,0.08509133011102676
91,blocks.45.conv1,0.10598006844520569
91,blocks.45.conv2,0.08407557755708694
91,blocks.46.conv1,0.09841882437467575
91,blocks.46.conv2,0.07595262676477432
91,blocks.47.conv1,0.09775476157665253
91,blocks.47.conv2,0.0747823640704155
91,blocks.48.conv1,0.10906994342803955
91,blocks.48.conv2,0.09126711636781693
91,blocks.49.conv1,0.10335568338632584
91,blocks.49.conv2,0.09086816012859344
91,mean_conv2d_grad_norm,0.09891938934526821
92,stem.0,0.15513145923614502
92,blocks.0.conv1,0.17308874428272247
92,blocks.0.conv2,0.17875155806541443
92,blocks.1.conv1,0.15148866176605225
92,blocks.1.conv2,0.1629810631275177
92,blocks.2.conv1,0.13530944287776947
92,blocks.2.conv2,0.14175793528556824
92,blocks.3.conv1,0.1290508359670639
92,blocks.3.conv2,0.12494169175624847
92,blocks.4.conv1,0.10706930607557297
92,blocks.4.conv2,0.10474178194999695
92,blocks.5.conv1,0.1019757017493248
92,blocks.5.conv2,0.09945426136255264
92,blocks.6.conv1,0.08705077320337296
92,blocks.6.conv2,0.0931040346622467
92,blocks.7.conv1,0.098398357629776
92,blocks.7.conv2,0.09849823266267776
92,blocks.8.conv1,0.09569787979125977
92,blocks.8.conv2,0.09162214398384094
92,blocks.9.conv1,0.09742071479558945
92,blocks.9.conv2,0.0945461094379425
92,blocks.10.conv1,0.07922429591417313
92,blocks.10.conv2,0.07789845764636993
92,blocks.11.conv1,0.08164877444505692
92,blocks.11.conv2,0.08061428368091583
92,blocks.12.conv1,0.09478546679019928
92,blocks.12.conv2,0.09156155586242676
92,blocks.13.conv1,0.09530685842037201
92,blocks.13.conv2,0.0922611877322197
92,blocks.14.conv1,0.10302048921585083
92,blocks.14.conv2,0.09426962584257126
92,blocks.15.conv1,0.10032859444618225
92,blocks.15.conv2,0.09395875781774521
92,blocks.16.conv1,0.10066825896501541
92,blocks.16.conv2,0.09444475919008255
92,blocks.17.conv1,0.08448955416679382
92,blocks.17.conv2,0.0838276743888855
92,blocks.18.conv1,0.08877252787351608
92,blocks.18.conv2,0.0833020731806755
92,blocks.19.conv1,0.08937391638755798
92,blocks.19.conv2,0.08478691428899765
92,blocks.20.conv1,0.08847538381814957
92,blocks.20.conv2,0.08732835948467255
92,blocks.21.conv1,0.10755226016044617
92,blocks.21.conv2,0.10027818381786346
92,blocks.22.conv1,0.10974107682704926
92,blocks.22.conv2,0.1020236387848854
92,blocks.23.conv1,0.12301505357027054
92,blocks.23.conv2,0.11017011106014252
92,blocks.24.conv1,0.11127008497714996
92,blocks.24.conv2,0.1020609438419342
92,blocks.25.conv1,0.12372462451457977
92,blocks.25.conv2,0.1093660518527031
92,blocks.26.conv1,0.12024439871311188
92,blocks.26.conv2,0.10175904631614685
92,blocks.27.conv1,0.11157472431659698
92,blocks.27.conv2,0.10543935000896454
92,blocks.28.conv1,0.13177603483200073
92,blocks.28.conv2,0.10904255509376526
92,blocks.29.conv1,0.1196545958518982
92,blocks.29.conv2,0.1058802604675293
92,blocks.30.conv1,0.1294870525598526
92,blocks.30.conv2,0.113035649061203
92,blocks.31.conv1,0.1278117150068283
92,blocks.31.conv2,0.11343493312597275
92,blocks.32.conv1,0.11351819336414337
92,blocks.32.conv2,0.10376020520925522
92,blocks.33.conv1,0.1086096242070198
92,blocks.33.conv2,0.09729964286088943
92,blocks.34.conv1,0.13966192305088043
92,blocks.34.conv2,0.12621331214904785
92,blocks.35.conv1,0.12278388440608978
92,blocks.35.conv2,0.11760716140270233
92,blocks.36.conv1,0.13229502737522125
92,blocks.36.conv2,0.11963585019111633
92,blocks.37.conv1,0.13952967524528503
92,blocks.37.conv2,0.12228774279356003
92,blocks.38.conv1,0.14088693261146545
92,blocks.38.conv2,0.1116822361946106
92,blocks.39.conv1,0.14385192096233368
92,blocks.39.conv2,0.1167726069688797
92,blocks.40.conv1,0.1331266313791275
92,blocks.40.conv2,0.12379853427410126
92,blocks.41.conv1,0.15399226546287537
92,blocks.41.conv2,0.12382827699184418
92,blocks.42.conv1,0.12463762611150742
92,blocks.42.conv2,0.10225582122802734
92,blocks.43.conv1,0.12032824009656906
92,blocks.43.conv2,0.09544844925403595
92,blocks.44.conv1,0.140589639544487
92,blocks.44.conv2,0.11662840098142624
92,blocks.45.conv1,0.12865562736988068
92,blocks.45.conv2,0.10620362311601639
92,blocks.46.conv1,0.10813430696725845
92,blocks.46.conv2,0.08288154751062393
92,blocks.47.conv1,0.1264715939760208
92,blocks.47.conv2,0.09096109122037888
92,blocks.48.conv1,0.1252845972776413
92,blocks.48.conv2,0.09647588431835175
92,blocks.49.conv1,0.11038868129253387
92,blocks.49.conv2,0.09556156396865845
92,mean_conv2d_grad_norm,0.11131504104279055
93,stem.0,0.11608909070491791
93,blocks.0.conv1,0.11385451257228851
93,blocks.0.conv2,0.12110158801078796
93,blocks.1.conv1,0.09657608717679977
93,blocks.1.conv2,0.11162514984607697
93,blocks.2.conv1,0.09909268468618393
93,blocks.2.conv2,0.10177791118621826
93,blocks.3.conv1,0.08433547616004944
93,blocks.3.conv2,0.08243429660797119
93,blocks.4.conv1,0.0765368789434433
93,blocks.4.conv2,0.07671262323856354
93,blocks.5.conv1,0.07392539083957672
93,blocks.5.conv2,0.07404597103595734
93,blocks.6.conv1,0.05855816602706909
93,blocks.6.conv2,0.06035429611802101
93,blocks.7.conv1,0.07232028245925903
93,blocks.7.conv2,0.07198087871074677
93,blocks.8.conv1,0.0635940358042717
93,blocks.8.conv2,0.06327436119318008
93,blocks.9.conv1,0.06018828973174095
93,blocks.9.conv2,0.06206540763378143
93,blocks.10.conv1,0.06744593381881714
93,blocks.10.conv2,0.05953624099493027
93,blocks.11.conv1,0.06695559620857239
93,blocks.11.conv2,0.05996289476752281
93,blocks.12.conv1,0.06837458908557892
93,blocks.12.conv2,0.06874269992113113
93,blocks.13.conv1,0.06460726261138916
93,blocks.13.conv2,0.062070176005363464
93,blocks.14.conv1,0.07593298703432083
93,blocks.14.conv2,0.06889752298593521
93,blocks.15.conv1,0.07491033524274826
93,blocks.15.conv2,0.07105942815542221
93,blocks.16.conv1,0.06855081021785736
93,blocks.16.conv2,0.06391608715057373
93,blocks.17.conv1,0.06053469702601433
93,blocks.17.conv2,0.056361787021160126
93,blocks.18.conv1,0.06302686780691147
93,blocks.18.conv2,0.05969659239053726
93,blocks.19.conv1,0.0696396753191948
93,blocks.19.conv2,0.06367185711860657
93,blocks.20.conv1,0.06763049960136414
93,blocks.20.conv2,0.06521321088075638
93,blocks.21.conv1,0.08013615012168884
93,blocks.21.conv2,0.06902308762073517
93,blocks.22.conv1,0.07980401068925858
93,blocks.22.conv2,0.07191043347120285
93,blocks.23.conv1,0.08555694669485092
93,blocks.23.conv2,0.07640741765499115
93,blocks.24.conv1,0.07811713218688965
93,blocks.24.conv2,0.07428576797246933
93,blocks.25.conv1,0.08643443137407303
93,blocks.25.conv2,0.075965516269207
93,blocks.26.conv1,0.08989065140485764
93,blocks.26.conv2,0.0774826854467392
93,blocks.27.conv1,0.08432824909687042
93,blocks.27.conv2,0.07625462114810944
93,blocks.28.conv1,0.08993345499038696
93,blocks.28.conv2,0.08245940506458282
93,blocks.29.conv1,0.08947000652551651
93,blocks.29.conv2,0.08090423792600632
93,blocks.30.conv1,0.09070955961942673
93,blocks.30.conv2,0.07868751138448715
93,blocks.31.conv1,0.08982962369918823
93,blocks.31.conv2,0.07707635313272476
93,blocks.32.conv1,0.0911359041929245
93,blocks.32.conv2,0.08144454658031464
93,blocks.33.conv1,0.08621016889810562
93,blocks.33.conv2,0.07839474827051163
93,blocks.34.conv1,0.09716512262821198
93,blocks.34.conv2,0.07847827672958374
93,blocks.35.conv1,0.08774694055318832
93,blocks.35.conv2,0.07466735690832138
93,blocks.36.conv1,0.09940823912620544
93,blocks.36.conv2,0.07980255782604218
93,blocks.37.conv1,0.09664236009120941
93,blocks.37.conv2,0.07740187644958496
93,blocks.38.conv1,0.094740130007267
93,blocks.38.conv2,0.08111141622066498
93,blocks.39.conv1,0.09486576914787292
93,blocks.39.conv2,0.07590918242931366
93,blocks.40.conv1,0.09356706589460373
93,blocks.40.conv2,0.08089324086904526
93,blocks.41.conv1,0.0922265350818634
93,blocks.41.conv2,0.07596367597579956
93,blocks.42.conv1,0.08122099190950394
93,blocks.42.conv2,0.0741279274225235
93,blocks.43.conv1,0.08974842727184296
93,blocks.43.conv2,0.07316683232784271
93,blocks.44.conv1,0.08169403672218323
93,blocks.44.conv2,0.07438406348228455
93,blocks.45.conv1,0.08254887908697128
93,blocks.45.conv2,0.07051394879817963
93,blocks.46.conv1,0.08623296022415161
93,blocks.46.conv2,0.06548237055540085
93,blocks.47.conv1,0.07627890259027481
93,blocks.47.conv2,0.06802809983491898
93,blocks.48.conv1,0.09373313188552856
93,blocks.48.conv2,0.07565449178218842
93,blocks.49.conv1,0.0805891677737236
93,blocks.49.conv2,0.08310550451278687
93,mean_conv2d_grad_norm,0.07867458647135461
94,stem.0,0.11809282004833221
94,blocks.0.conv1,0.0894375741481781
94,blocks.0.conv2,0.08779777586460114
94,blocks.1.conv1,0.0767132118344307
94,blocks.1.conv2,0.08394765108823776
94,blocks.2.conv1,0.07045083492994308
94,blocks.2.conv2,0.07333189249038696
94,blocks.3.conv1,0.057918794453144073
94,blocks.3.conv2,0.06262257695198059
94,blocks.4.conv1,0.059463225305080414
94,blocks.4.conv2,0.05958201363682747
94,blocks.5.conv1,0.04963934049010277
94,blocks.5.conv2,0.050358012318611145
94,blocks.6.conv1,0.046087369322776794
94,blocks.6.conv2,0.04780886694788933
94,blocks.7.conv1,0.05065928399562836
94,blocks.7.conv2,0.05215049535036087
94,blocks.8.conv1,0.04570918530225754
94,blocks.8.conv2,0.04661618173122406
94,blocks.9.conv1,0.049219902604818344
94,blocks.9.conv2,0.04813452810049057
94,blocks.10.conv1,0.04350399598479271
94,blocks.10.conv2,0.04232334718108177
94,blocks.11.conv1,0.04669974744319916
94,blocks.11.conv2,0.047156382352113724
94,blocks.12.conv1,0.05078259855508804
94,blocks.12.conv2,0.05116880312561989
94,blocks.13.conv1,0.04629718139767647
94,blocks.13.conv2,0.04886287823319435
94,blocks.14.conv1,0.055096324533224106
94,blocks.14.conv2,0.053203701972961426
94,blocks.15.conv1,0.054857287555933
94,blocks.15.conv2,0.05217939615249634
94,blocks.16.conv1,0.0495612658560276
94,blocks.16.conv2,0.04983091726899147
94,blocks.17.conv1,0.044508520513772964
94,blocks.17.conv2,0.04192246124148369
94,blocks.18.conv1,0.05007225647568703
94,blocks.18.conv2,0.046815719455480576
94,blocks.19.conv1,0.05437841638922691
94,blocks.19.conv2,0.05294026434421539
94,blocks.20.conv1,0.05202661454677582
94,blocks.20.conv2,0.04865361377596855
94,blocks.21.conv1,0.0565488338470459
94,blocks.21.conv2,0.052344758063554764
94,blocks.22.conv1,0.06105269491672516
94,blocks.22.conv2,0.05778902769088745
94,blocks.23.conv1,0.06882040202617645
94,blocks.23.conv2,0.06045801565051079
94,blocks.24.conv1,0.06244904175400734
94,blocks.24.conv2,0.05746278166770935
94,blocks.25.conv1,0.06626509130001068
94,blocks.25.conv2,0.059986986219882965
94,blocks.26.conv1,0.0665176659822464
94,blocks.26.conv2,0.059594202786684036
94,blocks.27.conv1,0.06832582503557205
94,blocks.27.conv2,0.061674125492572784
94,blocks.28.conv1,0.06614837795495987
94,blocks.28.conv2,0.05564503371715546
94,blocks.29.conv1,0.06635493040084839
94,blocks.29.conv2,0.06441711634397507
94,blocks.30.conv1,0.07592467963695526
94,blocks.30.conv2,0.06780260801315308
94,blocks.31.conv1,0.07121441513299942
94,blocks.31.conv2,0.061016131192445755
94,blocks.32.conv1,0.06966399401426315
94,blocks.32.conv2,0.05868510529398918
94,blocks.33.conv1,0.06613635271787643
94,blocks.33.conv2,0.05902226269245148
94,blocks.34.conv1,0.07743106782436371
94,blocks.34.conv2,0.06608947366476059
94,blocks.35.conv1,0.07002037018537521
94,blocks.35.conv2,0.06172292307019234
94,blocks.36.conv1,0.07618445158004761
94,blocks.36.conv2,0.06444534659385681
94,blocks.37.conv1,0.07808022946119308
94,blocks.37.conv2,0.0696609765291214
94,blocks.38.conv1,0.0728987455368042
94,blocks.38.conv2,0.06037447974085808
94,blocks.39.conv1,0.07429862022399902
94,blocks.39.conv2,0.06290792673826218
94,blocks.40.conv1,0.08115561306476593
94,blocks.40.conv2,0.06946150213479996
94,blocks.41.conv1,0.07910032570362091
94,blocks.41.conv2,0.06948557496070862
94,blocks.42.conv1,0.06620640307664871
94,blocks.42.conv2,0.053145647048950195
94,blocks.43.conv1,0.06401845812797546
94,blocks.43.conv2,0.05474700406193733
94,blocks.44.conv1,0.07054877281188965
94,blocks.44.conv2,0.05842922627925873
94,blocks.45.conv1,0.0641288086771965
94,blocks.45.conv2,0.05603337287902832
94,blocks.46.conv1,0.06006700173020363
94,blocks.46.conv2,0.05379576236009598
94,blocks.47.conv1,0.05832379311323166
94,blocks.47.conv2,0.05587536469101906
94,blocks.48.conv1,0.08347105234861374
94,blocks.48.conv2,0.07824250310659409
94,blocks.49.conv1,0.07775343954563141
94,blocks.49.conv2,0.07612287998199463
94,mean_conv2d_grad_norm,0.06152604760067298
95,stem.0,0.1876930445432663
95,blocks.0.conv1,0.1674303412437439
95,blocks.0.conv2,0.17449529469013214
95,blocks.1.conv1,0.15031306445598602
95,blocks.1.conv2,0.16959239542484283
95,blocks.2.conv1,0.145314022898674
95,blocks.2.conv2,0.1503332406282425
95,blocks.3.conv1,0.12201602011919022
95,blocks.3.conv2,0.13150131702423096
95,blocks.4.conv1,0.11167799681425095
95,blocks.4.conv2,0.1230635717511177
95,blocks.5.conv1,0.10855793207883835
95,blocks.5.conv2,0.11141185462474823
95,blocks.6.conv1,0.10071104764938354
95,blocks.6.conv2,0.10337887704372406
95,blocks.7.conv1,0.10529358685016632
95,blocks.7.conv2,0.11225713789463043
95,blocks.8.conv1,0.10274171084165573
95,blocks.8.conv2,0.1031854972243309
95,blocks.9.conv1,0.10250118374824524
95,blocks.9.conv2,0.10486847162246704
95,blocks.10.conv1,0.0933617576956749
95,blocks.10.conv2,0.09357203543186188
95,blocks.11.conv1,0.09450847655534744
95,blocks.11.conv2,0.09570325911045074
95,blocks.12.conv1,0.09965700656175613
95,blocks.12.conv2,0.10467246919870377
95,blocks.13.conv1,0.10589665919542313
95,blocks.13.conv2,0.10458188503980637
95,blocks.14.conv1,0.10417252779006958
95,blocks.14.conv2,0.10092464089393616
95,blocks.15.conv1,0.09546087682247162
95,blocks.15.conv2,0.09617315232753754
95,blocks.16.conv1,0.1091555804014206
95,blocks.16.conv2,0.10366468876600266
95,blocks.17.conv1,0.09426844120025635
95,blocks.17.conv2,0.09313410520553589
95,blocks.18.conv1,0.09968946129083633
95,blocks.18.conv2,0.09732137620449066
95,blocks.19.conv1,0.10846631973981857
95,blocks.19.conv2,0.10869096219539642
95,blocks.20.conv1,0.1090686246752739
95,blocks.20.conv2,0.10272987186908722
95,blocks.21.conv1,0.11782396584749222
95,blocks.21.conv2,0.1096278503537178
95,blocks.22.conv1,0.13003024458885193
95,blocks.22.conv2,0.12156544625759125
95,blocks.23.conv1,0.14059007167816162
95,blocks.23.conv2,0.12972071766853333
95,blocks.24.conv1,0.13075940310955048
95,blocks.24.conv2,0.11896121501922607
95,blocks.25.conv1,0.13302505016326904
95,blocks.25.conv2,0.12539440393447876
95,blocks.26.conv1,0.1524704545736313
95,blocks.26.conv2,0.1271052062511444
95,blocks.27.conv1,0.1231694221496582
95,blocks.27.conv2,0.11224599182605743
95,blocks.28.conv1,0.13508276641368866
95,blocks.28.conv2,0.12526270747184753
95,blocks.29.conv1,0.14134542644023895
95,blocks.29.conv2,0.13607044517993927
95,blocks.30.conv1,0.16094660758972168
95,blocks.30.conv2,0.13773906230926514
95,blocks.31.conv1,0.1490350365638733
95,blocks.31.conv2,0.130071222782135
95,blocks.32.conv1,0.14200295507907867
95,blocks.32.conv2,0.11691153049468994
95,blocks.33.conv1,0.14107252657413483
95,blocks.33.conv2,0.12226499617099762
95,blocks.34.conv1,0.16280126571655273
95,blocks.34.conv2,0.14216281473636627
95,blocks.35.conv1,0.1505998969078064
95,blocks.35.conv2,0.1290586292743683
95,blocks.36.conv1,0.15758666396141052
95,blocks.36.conv2,0.1337239146232605
95,blocks.37.conv1,0.16853494942188263
95,blocks.37.conv2,0.13982538878917694
95,blocks.38.conv1,0.15471455454826355
95,blocks.38.conv2,0.13165122270584106
95,blocks.39.conv1,0.15309378504753113
95,blocks.39.conv2,0.13295839726924896
95,blocks.40.conv1,0.15502989292144775
95,blocks.40.conv2,0.13168275356292725
95,blocks.41.conv1,0.15926504135131836
95,blocks.41.conv2,0.13484224677085876
95,blocks.42.conv1,0.12820017337799072
95,blocks.42.conv2,0.10970719903707504
95,blocks.43.conv1,0.13610531389713287
95,blocks.43.conv2,0.10869498550891876
95,blocks.44.conv1,0.1558726578950882
95,blocks.44.conv2,0.1335316151380539
95,blocks.45.conv1,0.1266050487756729
95,blocks.45.conv2,0.09416978061199188
95,blocks.46.conv1,0.12980009615421295
95,blocks.46.conv2,0.09390319138765335
95,blocks.47.conv1,0.11772976815700531
95,blocks.47.conv2,0.09637299180030823
95,blocks.48.conv1,0.12374471873044968
95,blocks.48.conv2,0.09308009594678879
95,blocks.49.conv1,0.11026541888713837
95,blocks.49.conv2,0.09149660915136337
95,mean_conv2d_grad_norm,0.12376552075147629
96,stem.0,0.08415406942367554
96,blocks.0.conv1,0.08208110183477402
96,blocks.0.conv2,0.09511223435401917
96,blocks.1.conv1,0.08321373164653778
96,blocks.1.conv2,0.08571732044219971
96,blocks.2.conv1,0.0773831456899643
96,blocks.2.conv2,0.08767391741275787
96,blocks.3.conv1,0.06250835955142975
96,blocks.3.conv2,0.07116463035345078
96,blocks.4.conv1,0.060780130326747894
96,blocks.4.conv2,0.06820682436227798
96,blocks.5.conv1,0.055849261581897736
96,blocks.5.conv2,0.05888395011425018
96,blocks.6.conv1,0.051651742309331894
96,blocks.6.conv2,0.052904706448316574
96,blocks.7.conv1,0.06706468015909195
96,blocks.7.conv2,0.0663180723786354
96,blocks.8.conv1,0.05277496203780174
96,blocks.8.conv2,0.0503961555659771
96,blocks.9.conv1,0.04665756970643997
96,blocks.9.conv2,0.049798887223005295
96,blocks.10.conv1,0.04327145963907242
96,blocks.10.conv2,0.043277058750391006
96,blocks.11.conv1,0.05145678669214249
96,blocks.11.conv2,0.05165273696184158
96,blocks.12.conv1,0.05584121122956276
96,blocks.12.conv2,0.05516704171895981
96,blocks.13.conv1,0.05813688784837723
96,blocks.13.conv2,0.058873895555734634
96,blocks.14.conv1,0.05566180497407913
96,blocks.14.conv2,0.0547817200422287
96,blocks.15.conv1,0.05702187120914459
96,blocks.15.conv2,0.0548970103263855
96,blocks.16.conv1,0.052879780530929565
96,blocks.16.conv2,0.05088883638381958
96,blocks.17.conv1,0.04877644032239914
96,blocks.17.conv2,0.048593662679195404
96,blocks.18.conv1,0.05597854405641556
96,blocks.18.conv2,0.05031649395823479
96,blocks.19.conv1,0.05653546750545502
96,blocks.19.conv2,0.05407664179801941
96,blocks.20.conv1,0.058843281120061874
96,blocks.20.conv2,0.05261364206671715
96,blocks.21.conv1,0.05853990837931633
96,blocks.21.conv2,0.0590544156730175
96,blocks.22.conv1,0.06296860426664352
96,blocks.22.conv2,0.05958156660199165
96,blocks.23.conv1,0.06903842091560364
96,blocks.23.conv2,0.060612618923187256
96,blocks.24.conv1,0.06335508078336716
96,blocks.24.conv2,0.061367813497781754
96,blocks.25.conv1,0.06938950717449188
96,blocks.25.conv2,0.06055140122771263
96,blocks.26.conv1,0.07501175999641418
96,blocks.26.conv2,0.06071164086461067
96,blocks.27.conv1,0.06622724235057831
96,blocks.27.conv2,0.0574779212474823
96,blocks.28.conv1,0.07513583451509476
96,blocks.28.conv2,0.06434077024459839
96,blocks.29.conv1,0.0691148042678833
96,blocks.29.conv2,0.05954989418387413
96,blocks.30.conv1,0.06923416256904602
96,blocks.30.conv2,0.06378629803657532
96,blocks.31.conv1,0.0705467090010643
96,blocks.31.conv2,0.06524819880723953
96,blocks.32.conv1,0.07013500481843948
96,blocks.32.conv2,0.05810993164777756
96,blocks.33.conv1,0.06540492922067642
96,blocks.33.conv2,0.05913865938782692
96,blocks.34.conv1,0.07709351181983948
96,blocks.34.conv2,0.06584300845861435
96,blocks.35.conv1,0.07710842043161392
96,blocks.35.conv2,0.06760944426059723
96,blocks.36.conv1,0.08279690891504288
96,blocks.36.conv2,0.07081632316112518
96,blocks.37.conv1,0.08111174404621124
96,blocks.37.conv2,0.06896758824586868
96,blocks.38.conv1,0.07946257293224335
96,blocks.38.conv2,0.07348835468292236
96,blocks.39.conv1,0.07626732438802719
96,blocks.39.conv2,0.06667590886354446
96,blocks.40.conv1,0.0708106979727745
96,blocks.40.conv2,0.060122109949588776
96,blocks.41.conv1,0.07814064621925354
96,blocks.41.conv2,0.06942100077867508
96,blocks.42.conv1,0.06415668874979019
96,blocks.42.conv2,0.053341031074523926
96,blocks.43.conv1,0.0679759681224823
96,blocks.43.conv2,0.054484594613313675
96,blocks.44.conv1,0.07325024902820587
96,blocks.44.conv2,0.05757411941885948
96,blocks.45.conv1,0.06783974170684814
96,blocks.45.conv2,0.052300337702035904
96,blocks.46.conv1,0.05882928892970085
96,blocks.46.conv2,0.048855844885110855
96,blocks.47.conv1,0.07182236760854721
96,blocks.47.conv2,0.05446447432041168
96,blocks.48.conv1,0.08023836463689804
96,blocks.48.conv2,0.05553746223449707
96,blocks.49.conv1,0.06245816498994827
96,blocks.49.conv2,0.05398517847061157
96,mean_conv2d_grad_norm,0.0633299036486314
97,stem.0,0.1650761365890503
97,blocks.0.conv1,0.15973572432994843
97,blocks.0.conv2,0.16668587923049927
97,blocks.1.conv1,0.14179739356040955
97,blocks.1.conv2,0.15839940309524536
97,blocks.2.conv1,0.12476605921983719
97,blocks.2.conv2,0.13162866234779358
97,blocks.3.conv1,0.10647263377904892
97,blocks.3.conv2,0.1154436469078064
97,blocks.4.conv1,0.10492778569459915
97,blocks.4.conv2,0.10776875913143158
97,blocks.5.conv1,0.09799838811159134
97,blocks.5.conv2,0.10034830123186111
97,blocks.6.conv1,0.08411945402622223
97,blocks.6.conv2,0.08668962121009827
97,blocks.7.conv1,0.09217860549688339
97,blocks.7.conv2,0.09377153217792511
97,blocks.8.conv1,0.08606939017772675
97,blocks.8.conv2,0.08899849653244019
97,blocks.9.conv1,0.08868015557527542
97,blocks.9.conv2,0.08656845986843109
97,blocks.10.conv1,0.08475400507450104
97,blocks.10.conv2,0.08080097287893295
97,blocks.11.conv1,0.0866980031132698
97,blocks.11.conv2,0.08602126687765121
97,blocks.12.conv1,0.09217920154333115
97,blocks.12.conv2,0.09220647811889648
97,blocks.13.conv1,0.08018588274717331
97,blocks.13.conv2,0.0853264257311821
97,blocks.14.conv1,0.09319449961185455
97,blocks.14.conv2,0.09531056135892868
97,blocks.15.conv1,0.09750575572252274
97,blocks.15.conv2,0.09084177017211914
97,blocks.16.conv1,0.09334611147642136
97,blocks.16.conv2,0.08931964635848999
97,blocks.17.conv1,0.07917308807373047
97,blocks.17.conv2,0.07626388967037201
97,blocks.18.conv1,0.08720244467258453
97,blocks.18.conv2,0.08541494607925415
97,blocks.19.conv1,0.09538059681653976
97,blocks.19.conv2,0.0894174724817276
97,blocks.20.conv1,0.09175337105989456
97,blocks.20.conv2,0.08919620513916016
97,blocks.21.conv1,0.10909810662269592
97,blocks.21.conv2,0.0988331064581871
97,blocks.22.conv1,0.11546701937913895
97,blocks.22.conv2,0.1092413142323494
97,blocks.23.conv1,0.1208263486623764
97,blocks.23.conv2,0.11018446087837219
97,blocks.24.conv1,0.11060301959514618
97,blocks.24.conv2,0.10228493064641953
97,blocks.25.conv1,0.11804155260324478
97,blocks.25.conv2,0.10335515439510345
97,blocks.26.conv1,0.12527725100517273
97,blocks.26.conv2,0.10435301065444946
97,blocks.27.conv1,0.11323363333940506
97,blocks.27.conv2,0.10071340948343277
97,blocks.28.conv1,0.11562346667051315
97,blocks.28.conv2,0.10006778687238693
97,blocks.29.conv1,0.11938446015119553
97,blocks.29.conv2,0.11201775074005127
97,blocks.30.conv1,0.13332684338092804
97,blocks.30.conv2,0.11628207564353943
97,blocks.31.conv1,0.11676298081874847
97,blocks.31.conv2,0.10215327143669128
97,blocks.32.conv1,0.12287548184394836
97,blocks.32.conv2,0.09599229693412781
97,blocks.33.conv1,0.11250440776348114
97,blocks.33.conv2,0.09804235398769379
97,blocks.34.conv1,0.13029330968856812
97,blocks.34.conv2,0.11335773020982742
97,blocks.35.conv1,0.12244849652051926
97,blocks.35.conv2,0.10771661251783371
97,blocks.36.conv1,0.12779493629932404
97,blocks.36.conv2,0.10956650227308273
97,blocks.37.conv1,0.13399289548397064
97,blocks.37.conv2,0.11597100645303726
97,blocks.38.conv1,0.13271832466125488
97,blocks.38.conv2,0.09981133043766022
97,blocks.39.conv1,0.12363094091415405
97,blocks.39.conv2,0.09866208583116531
97,blocks.40.conv1,0.12432460486888885
97,blocks.40.conv2,0.11310217529535294
97,blocks.41.conv1,0.12473805993795395
97,blocks.41.conv2,0.11244811117649078
97,blocks.42.conv1,0.11058296263217926
97,blocks.42.conv2,0.09110130369663239
97,blocks.43.conv1,0.09988315403461456
97,blocks.43.conv2,0.08554155379533768
97,blocks.44.conv1,0.11352580040693283
97,blocks.44.conv2,0.09875555336475372
97,blocks.45.conv1,0.10883229225873947
97,blocks.45.conv2,0.08776559680700302
97,blocks.46.conv1,0.11143334209918976
97,blocks.46.conv2,0.08769367635250092
97,blocks.47.conv1,0.09758100658655167
97,blocks.47.conv2,0.08155861496925354
97,blocks.48.conv1,0.12038552016019821
97,blocks.48.conv2,0.09411884844303131
97,blocks.49.conv1,0.09710864722728729
97,blocks.49.conv2,0.08737284690141678
97,mean_conv2d_grad_norm,0.10574238039184325
98,stem.0,0.11461679637432098
98,blocks.0.conv1,0.15779972076416016
98,blocks.0.conv2,0.15704506635665894
98,blocks.1.conv1,0.1350277066230774
98,blocks.1.conv2,0.15373165905475616
98,blocks.2.conv1,0.12799496948719025
98,blocks.2.conv2,0.13230526447296143
98,blocks.3.conv1,0.11278342455625534
98,blocks.3.conv2,0.11033971607685089
98,blocks.4.conv1,0.10068529844284058
98,blocks.4.conv2,0.10603976249694824
98,blocks.5.conv1,0.09153275191783905
98,blocks.5.conv2,0.09342136234045029
98,blocks.6.conv1,0.0901765376329422
98,blocks.6.conv2,0.09462413191795349
98,blocks.7.conv1,0.09169986099004745
98,blocks.7.conv2,0.08839722722768784
98,blocks.8.conv1,0.09125722199678421
98,blocks.8.conv2,0.09018227458000183
98,blocks.9.conv1,0.09592441469430923
98,blocks.9.conv2,0.09576989710330963
98,blocks.10.conv1,0.07994066923856735
98,blocks.10.conv2,0.08168347179889679
98,blocks.11.conv1,0.08327626436948776
98,blocks.11.conv2,0.08257824182510376
98,blocks.12.conv1,0.08940177410840988
98,blocks.12.conv2,0.08801470696926117
98,blocks.13.conv1,0.08806920796632767
98,blocks.13.conv2,0.08280226588249207
98,blocks.14.conv1,0.09335672855377197
98,blocks.14.conv2,0.08769869804382324
98,blocks.15.conv1,0.08968070149421692
98,blocks.15.conv2,0.08543404936790466
98,blocks.16.conv1,0.097248874604702
98,blocks.16.conv2,0.08611008524894714
98,blocks.17.conv1,0.08225136995315552
98,blocks.17.conv2,0.07643826305866241
98,blocks.18.conv1,0.08867532014846802
98,blocks.18.conv2,0.08434044569730759
98,blocks.19.conv1,0.09889651089906693
98,blocks.19.conv2,0.08554603159427643
98,blocks.20.conv1,0.09236884862184525
98,blocks.20.conv2,0.08708031475543976
98,blocks.21.conv1,0.1055402085185051
98,blocks.21.conv2,0.09682188928127289
98,blocks.22.conv1,0.11340413987636566
98,blocks.22.conv2,0.09996272623538971
98,blocks.23.conv1,0.12228348106145859
98,blocks.23.conv2,0.10793861001729965
98,blocks.24.conv1,0.11128377169370651
98,blocks.24.conv2,0.09749124199151993
98,blocks.25.conv1,0.12051855027675629
98,blocks.25.conv2,0.10238638520240784
98,blocks.26.conv1,0.1284523606300354
98,blocks.26.conv2,0.10205346345901489
98,blocks.27.conv1,0.10548663139343262
98,blocks.27.conv2,0.09373262524604797
98,blocks.28.conv1,0.11007336527109146
98,blocks.28.conv2,0.10094247758388519
98,blocks.29.conv1,0.1218596026301384
98,blocks.29.conv2,0.11504925042390823
98,blocks.30.conv1,0.13902385532855988
98,blocks.30.conv2,0.11695250123739243
98,blocks.31.conv1,0.12003747373819351
98,blocks.31.conv2,0.11205867677927017
98,blocks.32.conv1,0.11535568535327911
98,blocks.32.conv2,0.10617750883102417
98,blocks.33.conv1,0.12099728733301163
98,blocks.33.conv2,0.1032484695315361
98,blocks.34.conv1,0.14069485664367676
98,blocks.34.conv2,0.12857264280319214
98,blocks.35.conv1,0.12588509917259216
98,blocks.35.conv2,0.11229868233203888
98,blocks.36.conv1,0.13971491158008575
98,blocks.36.conv2,0.11472621560096741
98,blocks.37.conv1,0.14897988736629486
98,blocks.37.conv2,0.11659607291221619
98,blocks.38.conv1,0.11342023313045502
98,blocks.38.conv2,0.09795845299959183
98,blocks.39.conv1,0.12517644464969635
98,blocks.39.conv2,0.0965055525302887
98,blocks.40.conv1,0.1160808578133583
98,blocks.40.conv2,0.1036236584186554
98,blocks.41.conv1,0.1265026181936264
98,blocks.41.conv2,0.10436979681253433
98,blocks.42.conv1,0.1264617145061493
98,blocks.42.conv2,0.09774996340274811
98,blocks.43.conv1,0.1050378605723381
98,blocks.43.conv2,0.09813615679740906
98,blocks.44.conv1,0.11221440136432648
98,blocks.44.conv2,0.09039048850536346
98,blocks.45.conv1,0.09994067251682281
98,blocks.45.conv2,0.08387071639299393
98,blocks.46.conv1,0.09851952642202377
98,blocks.46.conv2,0.07779999822378159
98,blocks.47.conv1,0.10285429656505585
98,blocks.47.conv2,0.08235184848308563
98,blocks.48.conv1,0.10302531719207764
98,blocks.48.conv2,0.08367747813463211
98,blocks.49.conv1,0.10523349791765213
98,blocks.49.conv2,0.0933876484632492
98,mean_conv2d_grad_norm,0.10498156155099964
99,stem.0,0.07833075523376465
99,blocks.0.conv1,0.06783117353916168
99,blocks.0.conv2,0.07950034737586975
99,blocks.1.conv1,0.07344735413789749
99,blocks.1.conv2,0.08058059215545654
99,blocks.2.conv1,0.06595303863286972
99,blocks.2.conv2,0.07107440382242203
99,blocks.3.conv1,0.05874524265527725
99,blocks.3.conv2,0.05990314856171608
99,blocks.4.conv1,0.06007669121026993
99,blocks.4.conv2,0.06345043331384659
99,blocks.5.conv1,0.04911786690354347
99,blocks.5.conv2,0.050774820148944855
99,blocks.6.conv1,0.049006056040525436
99,blocks.6.conv2,0.04783503711223602
99,blocks.7.conv1,0.052352845668792725
99,blocks.7.conv2,0.05230117589235306
99,blocks.8.conv1,0.04663561284542084
99,blocks.8.conv2,0.04730560630559921
99,blocks.9.conv1,0.047764476388692856
99,blocks.9.conv2,0.050052568316459656
99,blocks.10.conv1,0.04511602967977524
99,blocks.10.conv2,0.045911725610494614
99,blocks.11.conv1,0.04782291129231453
99,blocks.11.conv2,0.04541177302598953
99,blocks.12.conv1,0.051431238651275635
99,blocks.12.conv2,0.0494544617831707
99,blocks.13.conv1,0.05060408636927605
99,blocks.13.conv2,0.04920491576194763
99,blocks.14.conv1,0.05363423749804497
99,blocks.14.conv2,0.050552498549222946
99,blocks.15.conv1,0.05143284797668457
99,blocks.15.conv2,0.04835999757051468
99,blocks.16.conv1,0.049985371530056
99,blocks.16.conv2,0.04719947651028633
99,blocks.17.conv1,0.04840425029397011
99,blocks.17.conv2,0.04559860751032829
99,blocks.18.conv1,0.052974581718444824
99,blocks.18.conv2,0.04964114725589752
99,blocks.19.conv1,0.050989776849746704
99,blocks.19.conv2,0.04860902577638626
99,blocks.20.conv1,0.0535459965467453
99,blocks.20.conv2,0.05064859241247177
99,blocks.21.conv1,0.05512910708785057
99,blocks.21.conv2,0.05122711881995201
99,blocks.22.conv1,0.061306700110435486
99,blocks.22.conv2,0.05663307383656502
99,blocks.23.conv1,0.06992865353822708
99,blocks.23.conv2,0.059229400008916855
99,blocks.24.conv1,0.061338696628808975
99,blocks.24.conv2,0.0554380901157856
99,blocks.25.conv1,0.06496218591928482
99,blocks.25.conv2,0.058890316635370255
99,blocks.26.conv1,0.07015861570835114
99,blocks.26.conv2,0.060743410140275955
99,blocks.27.conv1,0.07027028501033783
99,blocks.27.conv2,0.05985940620303154
99,blocks.28.conv1,0.06478974223136902
99,blocks.28.conv2,0.0654001235961914
99,blocks.29.conv1,0.07334322482347488
99,blocks.29.conv2,0.06570199877023697
99,blocks.30.conv1,0.06817354261875153
99,blocks.30.conv2,0.06233664229512215
99,blocks.31.conv1,0.06841476261615753
99,blocks.31.conv2,0.05775408074259758
99,blocks.32.conv1,0.06492474675178528
99,blocks.32.conv2,0.05388692021369934
99,blocks.33.conv1,0.06194781884551048
99,blocks.33.conv2,0.05386444926261902
99,blocks.34.conv1,0.07212670892477036
99,blocks.34.conv2,0.06410901993513107
99,blocks.35.conv1,0.06562048196792603
99,blocks.35.conv2,0.05947824567556381
99,blocks.36.conv1,0.08273053169250488
99,blocks.36.conv2,0.07025465369224548
99,blocks.37.conv1,0.07715991884469986
99,blocks.37.conv2,0.06688302755355835
99,blocks.38.conv1,0.07210417091846466
99,blocks.38.conv2,0.057847850024700165
99,blocks.39.conv1,0.06496111303567886
99,blocks.39.conv2,0.06051192060112953
99,blocks.40.conv1,0.07192627340555191
99,blocks.40.conv2,0.06195196136832237
99,blocks.41.conv1,0.07149495929479599
99,blocks.41.conv2,0.06308842450380325
99,blocks.42.conv1,0.06753840297460556
99,blocks.42.conv2,0.05702267959713936
99,blocks.43.conv1,0.06612946093082428
99,blocks.43.conv2,0.05712505429983139
99,blocks.44.conv1,0.0748729556798935
99,blocks.44.conv2,0.05916162207722664
99,blocks.45.conv1,0.061238955706357956
99,blocks.45.conv2,0.04967091977596283
99,blocks.46.conv1,0.06438964605331421
99,blocks.46.conv2,0.054094668477773666
99,blocks.47.conv1,0.05930100753903389
99,blocks.47.conv2,0.04334593191742897
99,blocks.48.conv1,0.07587902992963791
99,blocks.48.conv2,0.059924282133579254
99,blocks.49.conv1,0.06174084544181824
99,blocks.49.conv2,0.05963337421417236
99,mean_conv2d_grad_norm,0.05948063373418137
100,stem.0,0.13216015696525574
100,blocks.0.conv1,0.13069505989551544
100,blocks.0.conv2,0.13542205095291138
100,blocks.1.conv1,0.11851928383111954
100,blocks.1.conv2,0.12659913301467896
100,blocks.2.conv1,0.1049610823392868
100,blocks.2.conv2,0.11044520884752274
100,blocks.3.conv1,0.09140060842037201
100,blocks.3.conv2,0.09955704212188721
100,blocks.4.conv1,0.087617427110672
100,blocks.4.conv2,0.09355561435222626
100,blocks.5.conv1,0.08024588227272034
100,blocks.5.conv2,0.07970395684242249
100,blocks.6.conv1,0.07454376667737961
100,blocks.6.conv2,0.07629542797803879
100,blocks.7.conv1,0.07957178354263306
100,blocks.7.conv2,0.08331174403429031
100,blocks.8.conv1,0.07808742672204971
100,blocks.8.conv2,0.07437567412853241
100,blocks.9.conv1,0.07686462253332138
100,blocks.9.conv2,0.07599849253892899
100,blocks.10.conv1,0.07449977844953537
100,blocks.10.conv2,0.07195351272821426
100,blocks.11.conv1,0.07305147498846054
100,blocks.11.conv2,0.07296442985534668
100,blocks.12.conv1,0.0838722437620163
100,blocks.12.conv2,0.08063710480928421
100,blocks.13.conv1,0.07485473901033401
100,blocks.13.conv2,0.07541205734014511
100,blocks.14.conv1,0.08535001426935196
100,blocks.14.conv2,0.07937338948249817
100,blocks.15.conv1,0.08218086510896683
100,blocks.15.conv2,0.07847105711698532
100,blocks.16.conv1,0.07898496091365814
100,blocks.16.conv2,0.07374334335327148
100,blocks.17.conv1,0.06919217109680176
100,blocks.17.conv2,0.06759569048881531
100,blocks.18.conv1,0.07756531983613968
100,blocks.18.conv2,0.07184795290231705
100,blocks.19.conv1,0.0811070129275322
100,blocks.19.conv2,0.07630370557308197
100,blocks.20.conv1,0.08421307057142258
100,blocks.20.conv2,0.07644394785165787
100,blocks.21.conv1,0.08842847496271133
100,blocks.21.conv2,0.08544524013996124
100,blocks.22.conv1,0.09263066947460175
100,blocks.22.conv2,0.08367221057415009
100,blocks.23.conv1,0.10299650579690933
100,blocks.23.conv2,0.09189682453870773
100,blocks.24.conv1,0.09396576136350632
100,blocks.24.conv2,0.08475662022829056
100,blocks.25.conv1,0.09413865953683853
100,blocks.25.conv2,0.08683041483163834
100,blocks.26.conv1,0.10234131664037704
100,blocks.26.conv2,0.08843547850847244
100,blocks.27.conv1,0.10174699872732162
100,blocks.27.conv2,0.08696115761995316
100,blocks.28.conv1,0.09354039281606674
100,blocks.28.conv2,0.08924157917499542
100,blocks.29.conv1,0.10481725633144379
100,blocks.29.conv2,0.09513752907514572
100,blocks.30.conv1,0.11728827655315399
100,blocks.30.conv2,0.09941785782575607
100,blocks.31.conv1,0.10556240379810333
100,blocks.31.conv2,0.0915132611989975
100,blocks.32.conv1,0.10301372408866882
100,blocks.32.conv2,0.08649900555610657
100,blocks.33.conv1,0.09914147108793259
100,blocks.33.conv2,0.08170416951179504
100,blocks.34.conv1,0.10753022134304047
100,blocks.34.conv2,0.09448180347681046
100,blocks.35.conv1,0.09764721244573593
100,blocks.35.conv2,0.08447369188070297
100,blocks.36.conv1,0.11143343150615692
100,blocks.36.conv2,0.09771616756916046
100,blocks.37.conv1,0.1143144816160202
100,blocks.37.conv2,0.09565699845552444
100,blocks.38.conv1,0.10391554981470108
100,blocks.38.conv2,0.08829078078269958
100,blocks.39.conv1,0.10951738804578781
100,blocks.39.conv2,0.0969904437661171
100,blocks.40.conv1,0.1163962185382843
100,blocks.40.conv2,0.09747260808944702
100,blocks.41.conv1,0.10922683030366898
100,blocks.41.conv2,0.09796235710382462
100,blocks.42.conv1,0.09708821773529053
100,blocks.42.conv2,0.0800798088312149
100,blocks.43.conv1,0.09792400151491165
100,blocks.43.conv2,0.07765346765518188
100,blocks.44.conv1,0.09468396008014679
100,blocks.44.conv2,0.07820417732000351
100,blocks.45.conv1,0.09064678102731705
100,blocks.45.conv2,0.06820954382419586
100,blocks.46.conv1,0.08402340114116669
100,blocks.46.conv2,0.06058875843882561
100,blocks.47.conv1,0.07667609304189682
100,blocks.47.conv2,0.05514717847108841
100,blocks.48.conv1,0.09218879789113998
100,blocks.48.conv2,0.07386535406112671
100,blocks.49.conv1,0.08099058270454407
100,blocks.49.conv2,0.07020068913698196
100,mean_conv2d_grad_norm,0.08962247074388041
101,stem.0,0.058842528611421585
101,blocks.0.conv1,0.05256863310933113
101,blocks.0.conv2,0.05977385863661766
101,blocks.1.conv1,0.0541217178106308
101,blocks.1.conv2,0.058793969452381134
101,blocks.2.conv1,0.04780388996005058
101,blocks.2.conv2,0.05206771194934845
101,blocks.3.conv1,0.04334850236773491
101,blocks.3.conv2,0.04446980357170105
101,blocks.4.conv1,0.04320596903562546
101,blocks.4.conv2,0.04417145997285843
101,blocks.5.conv1,0.037301626056432724
101,blocks.5.conv2,0.03713911771774292
101,blocks.6.conv1,0.03520653024315834
101,blocks.6.conv2,0.036460209637880325
101,blocks.7.conv1,0.035982709378004074
101,blocks.7.conv2,0.03865203633904457
101,blocks.8.conv1,0.03918719291687012
101,blocks.8.conv2,0.03713495656847954
101,blocks.9.conv1,0.03775497153401375
101,blocks.9.conv2,0.03674427792429924
101,blocks.10.conv1,0.036152780055999756
101,blocks.10.conv2,0.03502468764781952
101,blocks.11.conv1,0.035556644201278687
101,blocks.11.conv2,0.03652505576610565
101,blocks.12.conv1,0.03933543339371681
101,blocks.12.conv2,0.03701063245534897
101,blocks.13.conv1,0.03675713390111923
101,blocks.13.conv2,0.036076098680496216
101,blocks.14.conv1,0.04039778560400009
101,blocks.14.conv2,0.03795669227838516
101,blocks.15.conv1,0.039802223443984985
101,blocks.15.conv2,0.03755299746990204
101,blocks.16.conv1,0.042522091418504715
101,blocks.16.conv2,0.03880276530981064
101,blocks.17.conv1,0.0345868319272995
101,blocks.17.conv2,0.034031182527542114
101,blocks.18.conv1,0.039480388164520264
101,blocks.18.conv2,0.03849779814481735
101,blocks.19.conv1,0.040326833724975586
101,blocks.19.conv2,0.03933310508728027
101,blocks.20.conv1,0.04102259501814842
101,blocks.20.conv2,0.03708048164844513
101,blocks.21.conv1,0.04695647209882736
101,blocks.21.conv2,0.04140555113554001
101,blocks.22.conv1,0.047925952821969986
101,blocks.22.conv2,0.045185647904872894
101,blocks.23.conv1,0.050213590264320374
101,blocks.23.conv2,0.04484952986240387
101,blocks.24.conv1,0.0491592139005661
101,blocks.24.conv2,0.04323659837245941
101,blocks.25.conv1,0.051315341144800186
101,blocks.25.conv2,0.04553087055683136
101,blocks.26.conv1,0.05433420091867447
101,blocks.26.conv2,0.04506075754761696
101,blocks.27.conv1,0.04838182404637337
101,blocks.27.conv2,0.043828822672367096
101,blocks.28.conv1,0.048426929861307144
101,blocks.28.conv2,0.04383370652794838
101,blocks.29.conv1,0.051319669932127
101,blocks.29.conv2,0.046286605298519135
101,blocks.30.conv1,0.059198345988988876
101,blocks.30.conv2,0.049478575587272644
101,blocks.31.conv1,0.052410516887903214
101,blocks.31.conv2,0.04660679027438164
101,blocks.32.conv1,0.052611708641052246
101,blocks.32.conv2,0.04394390434026718
101,blocks.33.conv1,0.049645308405160904
101,blocks.33.conv2,0.04126768559217453
101,blocks.34.conv1,0.05362250283360481
101,blocks.34.conv2,0.04408690333366394
101,blocks.35.conv1,0.049346502870321274
101,blocks.35.conv2,0.041139524430036545
101,blocks.36.conv1,0.057341646403074265
101,blocks.36.conv2,0.04684664309024811
101,blocks.37.conv1,0.0547923743724823
101,blocks.37.conv2,0.04454025998711586
101,blocks.38.conv1,0.04720757529139519
101,blocks.38.conv2,0.03833074867725372
101,blocks.39.conv1,0.04750458896160126
101,blocks.39.conv2,0.04523247480392456
101,blocks.40.conv1,0.050297606736421585
101,blocks.40.conv2,0.044294074177742004
101,blocks.41.conv1,0.05170266330242157
101,blocks.41.conv2,0.04431302472949028
101,blocks.42.conv1,0.04481576383113861
101,blocks.42.conv2,0.03790496662259102
101,blocks.43.conv1,0.04479650408029556
101,blocks.43.conv2,0.03945694491267204
101,blocks.44.conv1,0.04673241823911667
101,blocks.44.conv2,0.03757339343428612
101,blocks.45.conv1,0.04163125902414322
101,blocks.45.conv2,0.03411483392119408
101,blocks.46.conv1,0.03921053558588028
101,blocks.46.conv2,0.030745090916752815
101,blocks.47.conv1,0.04606981575489044
101,blocks.47.conv2,0.03397604078054428
101,blocks.48.conv1,0.04142110049724579
101,blocks.48.conv2,0.029981469735503197
101,blocks.49.conv1,0.03605083376169205
101,blocks.49.conv2,0.03135903924703598
101,mean_conv2d_grad_norm,0.04340016985736271
102,stem.0,0.05272170156240463
102,blocks.0.conv1,0.03976033627986908
102,blocks.0.conv2,0.04041323810815811
102,blocks.1.conv1,0.03680935129523277
102,blocks.1.conv2,0.04017151892185211
102,blocks.2.conv1,0.03581786900758743
102,blocks.2.conv2,0.03519291803240776
102,blocks.3.conv1,0.031007178127765656
102,blocks.3.conv2,0.030199751257896423
102,blocks.4.conv1,0.028181524947285652
102,blocks.4.conv2,0.028438281267881393
102,blocks.5.conv1,0.026158710941672325
102,blocks.5.conv2,0.02552988938987255
102,blocks.6.conv1,0.023628706112504005
102,blocks.6.conv2,0.024047313258051872
102,blocks.7.conv1,0.026203850284218788
102,blocks.7.conv2,0.026286503300070763
102,blocks.8.conv1,0.02526417188346386
102,blocks.8.conv2,0.02373439446091652
102,blocks.9.conv1,0.025338856503367424
102,blocks.9.conv2,0.024892497807741165
102,blocks.10.conv1,0.023601435124874115
102,blocks.10.conv2,0.022507840767502785
102,blocks.11.conv1,0.022569695487618446
102,blocks.11.conv2,0.02279619500041008
102,blocks.12.conv1,0.02710292860865593
102,blocks.12.conv2,0.02705281600356102
102,blocks.13.conv1,0.026825476437807083
102,blocks.13.conv2,0.02544289641082287
102,blocks.14.conv1,0.027471845969557762
102,blocks.14.conv2,0.025185132399201393
102,blocks.15.conv1,0.02683568187057972
102,blocks.15.conv2,0.025604402646422386
102,blocks.16.conv1,0.02714398503303528
102,blocks.16.conv2,0.025874432176351547
102,blocks.17.conv1,0.023323113098740578
102,blocks.17.conv2,0.022837799042463303
102,blocks.18.conv1,0.02609189599752426
102,blocks.18.conv2,0.025023067370057106
102,blocks.19.conv1,0.026935840025544167
102,blocks.19.conv2,0.026230789721012115
102,blocks.20.conv1,0.027141721919178963
102,blocks.20.conv2,0.02532399445772171
102,blocks.21.conv1,0.029138484969735146
102,blocks.21.conv2,0.027289412915706635
102,blocks.22.conv1,0.030245201662182808
102,blocks.22.conv2,0.02819240279495716
102,blocks.23.conv1,0.03390294313430786
102,blocks.23.conv2,0.030405960977077484
102,blocks.24.conv1,0.032462336122989655
102,blocks.24.conv2,0.02874925546348095
102,blocks.25.conv1,0.035332124680280685
102,blocks.25.conv2,0.030978841707110405
102,blocks.26.conv1,0.03478323295712471
102,blocks.26.conv2,0.028769774362444878
102,blocks.27.conv1,0.03365807607769966
102,blocks.27.conv2,0.03050430491566658
102,blocks.28.conv1,0.03373965620994568
102,blocks.28.conv2,0.0299572441726923
102,blocks.29.conv1,0.034805670380592346
102,blocks.29.conv2,0.028256351128220558
102,blocks.30.conv1,0.03895479068160057
102,blocks.30.conv2,0.03363966569304466
102,blocks.31.conv1,0.034807875752449036
102,blocks.31.conv2,0.03213336318731308
102,blocks.32.conv1,0.03407090902328491
102,blocks.32.conv2,0.029541751369833946
102,blocks.33.conv1,0.03437047451734543
102,blocks.33.conv2,0.03090161643922329
102,blocks.34.conv1,0.03507412597537041
102,blocks.34.conv2,0.03026772104203701
102,blocks.35.conv1,0.032388851046562195
102,blocks.35.conv2,0.027797948569059372
102,blocks.36.conv1,0.039590634405612946
102,blocks.36.conv2,0.033481620252132416
102,blocks.37.conv1,0.03744009882211685
102,blocks.37.conv2,0.03051147237420082
102,blocks.38.conv1,0.0323873832821846
102,blocks.38.conv2,0.02705204300582409
102,blocks.39.conv1,0.03724827989935875
102,blocks.39.conv2,0.029620811343193054
102,blocks.40.conv1,0.03364437818527222
102,blocks.40.conv2,0.028335537761449814
102,blocks.41.conv1,0.03556620329618454
102,blocks.41.conv2,0.030380219221115112
102,blocks.42.conv1,0.029778651893138885
102,blocks.42.conv2,0.025827772915363312
102,blocks.43.conv1,0.026699980720877647
102,blocks.43.conv2,0.023990482091903687
102,blocks.44.conv1,0.03308926150202751
102,blocks.44.conv2,0.02638133428990841
102,blocks.45.conv1,0.024492621421813965
102,blocks.45.conv2,0.02037006989121437
102,blocks.46.conv1,0.02977512776851654
102,blocks.46.conv2,0.021922370418906212
102,blocks.47.conv1,0.02449251525104046
102,blocks.47.conv2,0.018106354400515556
102,blocks.48.conv1,0.028039906173944473
102,blocks.48.conv2,0.02084473706781864
102,blocks.49.conv1,0.022501783445477486
102,blocks.49.conv2,0.02023255079984665
102,mean_conv2d_grad_norm,0.029263822951971896
103,stem.0,0.0718330442905426
103,blocks.0.conv1,0.06927430629730225
103,blocks.0.conv2,0.07211502641439438
103,blocks.1.conv1,0.0653875544667244
103,blocks.1.conv2,0.07202392816543579
103,blocks.2.conv1,0.0602656751871109
103,blocks.2.conv2,0.06252504885196686
103,blocks.3.conv1,0.05264836549758911
103,blocks.3.conv2,0.05796902999281883
103,blocks.4.conv1,0.05089747533202171
103,blocks.4.conv2,0.05380029231309891
103,blocks.5.conv1,0.04668605327606201
103,blocks.5.conv2,0.049657680094242096
103,blocks.6.conv1,0.04357367008924484
103,blocks.6.conv2,0.04441020265221596
103,blocks.7.conv1,0.04734547808766365
103,blocks.7.conv2,0.048073239624500275
103,blocks.8.conv1,0.04541363939642906
103,blocks.8.conv2,0.046456217765808105
103,blocks.9.conv1,0.045092277228832245
103,blocks.9.conv2,0.04469116032123566
103,blocks.10.conv1,0.045845746994018555
103,blocks.10.conv2,0.04347812384366989
103,blocks.11.conv1,0.04492979496717453
103,blocks.11.conv2,0.04511163756251335
103,blocks.12.conv1,0.04998128116130829
103,blocks.12.conv2,0.04963621497154236
103,blocks.13.conv1,0.049406442791223526
103,blocks.13.conv2,0.0462871789932251
103,blocks.14.conv1,0.05049090087413788
103,blocks.14.conv2,0.04655057191848755
103,blocks.15.conv1,0.05187172442674637
103,blocks.15.conv2,0.04714670032262802
103,blocks.16.conv1,0.047851551324129105
103,blocks.16.conv2,0.04531106725335121
103,blocks.17.conv1,0.04431699216365814
103,blocks.17.conv2,0.0400102473795414
103,blocks.18.conv1,0.048383455723524094
103,blocks.18.conv2,0.044600967317819595
103,blocks.19.conv1,0.05021873861551285
103,blocks.19.conv2,0.04664177447557449
103,blocks.20.conv1,0.050963424146175385
103,blocks.20.conv2,0.046450916677713394
103,blocks.21.conv1,0.05379238352179527
103,blocks.21.conv2,0.049448564648628235
103,blocks.22.conv1,0.0571964867413044
103,blocks.22.conv2,0.0520307719707489
103,blocks.23.conv1,0.06240658834576607
103,blocks.23.conv2,0.05655073747038841
103,blocks.24.conv1,0.058451954275369644
103,blocks.24.conv2,0.05383075401186943
103,blocks.25.conv1,0.06053001433610916
103,blocks.25.conv2,0.05652891844511032
103,blocks.26.conv1,0.06130189821124077
103,blocks.26.conv2,0.05344834178686142
103,blocks.27.conv1,0.0606536790728569
103,blocks.27.conv2,0.054870784282684326
103,blocks.28.conv1,0.06346287578344345
103,blocks.28.conv2,0.06265188008546829
103,blocks.29.conv1,0.06548227369785309
103,blocks.29.conv2,0.05691978707909584
103,blocks.30.conv1,0.07177624106407166
103,blocks.30.conv2,0.06155623495578766
103,blocks.31.conv1,0.0630282610654831
103,blocks.31.conv2,0.05780954658985138
103,blocks.32.conv1,0.06438226997852325
103,blocks.32.conv2,0.05305333435535431
103,blocks.33.conv1,0.061708442866802216
103,blocks.33.conv2,0.052342258393764496
103,blocks.34.conv1,0.06323470175266266
103,blocks.34.conv2,0.05370773747563362
103,blocks.35.conv1,0.06008931249380112
103,blocks.35.conv2,0.050365690141916275
103,blocks.36.conv1,0.06597746908664703
103,blocks.36.conv2,0.058645568788051605
103,blocks.37.conv1,0.07574179023504257
103,blocks.37.conv2,0.0587228387594223
103,blocks.38.conv1,0.06937512010335922
103,blocks.38.conv2,0.05732661113142967
103,blocks.39.conv1,0.06370566040277481
103,blocks.39.conv2,0.055101387202739716
103,blocks.40.conv1,0.06960544735193253
103,blocks.40.conv2,0.06118002533912659
103,blocks.41.conv1,0.06792289763689041
103,blocks.41.conv2,0.059221554547548294
103,blocks.42.conv1,0.057915106415748596
103,blocks.42.conv2,0.04664609953761101
103,blocks.43.conv1,0.05796171724796295
103,blocks.43.conv2,0.04510785639286041
103,blocks.44.conv1,0.06440096348524094
103,blocks.44.conv2,0.0478222630918026
103,blocks.45.conv1,0.04899483919143677
103,blocks.45.conv2,0.03842379152774811
103,blocks.46.conv1,0.05474619194865227
103,blocks.46.conv2,0.04073275625705719
103,blocks.47.conv1,0.04992233216762543
103,blocks.47.conv2,0.03876124694943428
103,blocks.48.conv1,0.05631285160779953
103,blocks.48.conv2,0.03984072059392929
103,blocks.49.conv1,0.05063415318727493
103,blocks.49.conv2,0.0386582687497139
103,mean_conv2d_grad_norm,0.05423410963451508
104,stem.0,0.025561530143022537
104,blocks.0.conv1,0.021525485441088676
104,blocks.0.conv2,0.024232909083366394
104,blocks.1.conv1,0.020591193810105324
104,blocks.1.conv2,0.02457476407289505
104,blocks.2.conv1,0.019863029941916466
104,blocks.2.conv2,0.020979490131139755
104,blocks.3.conv1,0.017980068922042847
104,blocks.3.conv2,0.01907244138419628
104,blocks.4.conv1,0.017896141856908798
104,blocks.4.conv2,0.018138661980628967
104,blocks.5.conv1,0.01622500829398632
104,blocks.5.conv2,0.016210829839110374
104,blocks.6.conv1,0.01541245449334383
104,blocks.6.conv2,0.015050421468913555
104,blocks.7.conv1,0.015726139768958092
104,blocks.7.conv2,0.01602153852581978
104,blocks.8.conv1,0.016542790457606316
104,blocks.8.conv2,0.01609341986477375
104,blocks.9.conv1,0.015211973339319229
104,blocks.9.conv2,0.015288693830370903
104,blocks.10.conv1,0.0144808329641819
104,blocks.10.conv2,0.014065295457839966
104,blocks.11.conv1,0.015155209228396416
104,blocks.11.conv2,0.014560066163539886
104,blocks.12.conv1,0.01755753718316555
104,blocks.12.conv2,0.01611086167395115
104,blocks.13.conv1,0.015728536993265152
104,blocks.13.conv2,0.015443296171724796
104,blocks.14.conv1,0.017732011154294014
104,blocks.14.conv2,0.016676345840096474
104,blocks.15.conv1,0.017562733963131905
104,blocks.15.conv2,0.016433721408247948
104,blocks.16.conv1,0.016772575676441193
104,blocks.16.conv2,0.01575556769967079
104,blocks.17.conv1,0.015829499810934067
104,blocks.17.conv2,0.013842576183378696
104,blocks.18.conv1,0.016683004796504974
104,blocks.18.conv2,0.015773825347423553
104,blocks.19.conv1,0.017292816191911697
104,blocks.19.conv2,0.015476039610803127
104,blocks.20.conv1,0.017918631434440613
104,blocks.20.conv2,0.015970909968018532
104,blocks.21.conv1,0.01865675114095211
104,blocks.21.conv2,0.016707830131053925
104,blocks.22.conv1,0.01982075534760952
104,blocks.22.conv2,0.018344949930906296
104,blocks.23.conv1,0.021121114492416382
104,blocks.23.conv2,0.0186858419328928
104,blocks.24.conv1,0.019107168540358543
104,blocks.24.conv2,0.01800745539367199
104,blocks.25.conv1,0.020289206877350807
104,blocks.25.conv2,0.017975453287363052
104,blocks.26.conv1,0.021781427785754204
104,blocks.26.conv2,0.018519030883908272
104,blocks.27.conv1,0.019851958379149437
104,blocks.27.conv2,0.01749541610479355
104,blocks.28.conv1,0.020901795476675034
104,blocks.28.conv2,0.017886098474264145
104,blocks.29.conv1,0.020865552127361298
104,blocks.29.conv2,0.018125208094716072
104,blocks.30.conv1,0.02198854088783264
104,blocks.30.conv2,0.018964095041155815
104,blocks.31.conv1,0.01975073851644993
104,blocks.31.conv2,0.017184419557452202
104,blocks.32.conv1,0.01901073195040226
104,blocks.32.conv2,0.016195300966501236
104,blocks.33.conv1,0.020440489053726196
104,blocks.33.conv2,0.01691613905131817
104,blocks.34.conv1,0.021073520183563232
104,blocks.34.conv2,0.017915284261107445
104,blocks.35.conv1,0.018287774175405502
104,blocks.35.conv2,0.015904810279607773
104,blocks.36.conv1,0.021578995510935783
104,blocks.36.conv2,0.01763535849750042
104,blocks.37.conv1,0.022862153127789497
104,blocks.37.conv2,0.018153192475438118
104,blocks.38.conv1,0.02021598629653454
104,blocks.38.conv2,0.016257673501968384
104,blocks.39.conv1,0.021793056279420853
104,blocks.39.conv2,0.017730582505464554
104,blocks.40.conv1,0.02011147141456604
104,blocks.40.conv2,0.016812743619084358
104,blocks.41.conv1,0.020302942022681236
104,blocks.41.conv2,0.01740017533302307
104,blocks.42.conv1,0.01875128783285618
104,blocks.42.conv2,0.016309846192598343
104,blocks.43.conv1,0.019040584564208984
104,blocks.43.conv2,0.014767205342650414
104,blocks.44.conv1,0.02120736427605152
104,blocks.44.conv2,0.014844909310340881
104,blocks.45.conv1,0.015036406926810741
104,blocks.45.conv2,0.013182382099330425
104,blocks.46.conv1,0.015384573489427567
104,blocks.46.conv2,0.011308837682008743
104,blocks.47.conv1,0.01675097644329071
104,blocks.47.conv2,0.011821573600172997
104,blocks.48.conv1,0.015609757043421268
104,blocks.48.conv2,0.013760686852037907
104,blocks.49.conv1,0.017462579533457756
104,blocks.49.conv2,0.014367900788784027
104,mean_conv2d_grad_norm,0.01771541527186585
105,stem.0,0.04089175909757614
105,blocks.0.conv1,0.036011870950460434
105,blocks.0.conv2,0.041520845144987106
105,blocks.1.conv1,0.035765644162893295
105,blocks.1.conv2,0.03872140124440193
105,blocks.2.conv1,0.031711552292108536
105,blocks.2.conv2,0.032625824213027954
105,blocks.3.conv1,0.029009642079472542
105,blocks.3.conv2,0.030651194974780083
105,blocks.4.conv1,0.028256133198738098
105,blocks.4.conv2,0.02944258786737919
105,blocks.5.conv1,0.025906329974532127
105,blocks.5.conv2,0.025240197777748108
105,blocks.6.conv1,0.02507161535322666
105,blocks.6.conv2,0.024391399696469307
105,blocks.7.conv1,0.025708092376589775
105,blocks.7.conv2,0.025429068133234978
105,blocks.8.conv1,0.02526840753853321
105,blocks.8.conv2,0.025718024000525475
105,blocks.9.conv1,0.0252496637403965
105,blocks.9.conv2,0.02517903596162796
105,blocks.10.conv1,0.0230554286390543
105,blocks.10.conv2,0.02254362776875496
105,blocks.11.conv1,0.023670636117458344
105,blocks.11.conv2,0.023801226168870926
105,blocks.12.conv1,0.02689151093363762
105,blocks.12.conv2,0.02534770779311657
105,blocks.13.conv1,0.024542059749364853
105,blocks.13.conv2,0.02364889532327652
105,blocks.14.conv1,0.027874380350112915
105,blocks.14.conv2,0.025666087865829468
105,blocks.15.conv1,0.027645623311400414
105,blocks.15.conv2,0.025674263015389442
105,blocks.16.conv1,0.02663036435842514
105,blocks.16.conv2,0.023886386305093765
105,blocks.17.conv1,0.024281561374664307
105,blocks.17.conv2,0.021769991144537926
105,blocks.18.conv1,0.026406297460198402
105,blocks.18.conv2,0.024966411292552948
105,blocks.19.conv1,0.028004085645079613
105,blocks.19.conv2,0.026404226198792458
105,blocks.20.conv1,0.02575390785932541
105,blocks.20.conv2,0.023934992030262947
105,blocks.21.conv1,0.030679995194077492
105,blocks.21.conv2,0.0272215623408556
105,blocks.22.conv1,0.031247088685631752
105,blocks.22.conv2,0.029916469007730484
105,blocks.23.conv1,0.03305073454976082
105,blocks.23.conv2,0.028615152463316917
105,blocks.24.conv1,0.032194823026657104
105,blocks.24.conv2,0.02840515226125717
105,blocks.25.conv1,0.030733702704310417
105,blocks.25.conv2,0.027667611837387085
105,blocks.26.conv1,0.034736908972263336
105,blocks.26.conv2,0.029581552371382713
105,blocks.27.conv1,0.03425157070159912
105,blocks.27.conv2,0.027832811698317528
105,blocks.28.conv1,0.03376919776201248
105,blocks.28.conv2,0.028677720576524734
105,blocks.29.conv1,0.03423469886183739
105,blocks.29.conv2,0.02950388938188553
105,blocks.30.conv1,0.03649546578526497
105,blocks.30.conv2,0.03089970164000988
105,blocks.31.conv1,0.03177604079246521
105,blocks.31.conv2,0.02773704007267952
105,blocks.32.conv1,0.03131987154483795
105,blocks.32.conv2,0.025761963799595833
105,blocks.33.conv1,0.03379909321665764
105,blocks.33.conv2,0.02734558843076229
105,blocks.34.conv1,0.03267732635140419
105,blocks.34.conv2,0.02761455439031124
105,blocks.35.conv1,0.03071523830294609
105,blocks.35.conv2,0.025148915126919746
105,blocks.36.conv1,0.03402486443519592
105,blocks.36.conv2,0.02786572463810444
105,blocks.37.conv1,0.03646146133542061
105,blocks.37.conv2,0.0297982320189476
105,blocks.38.conv1,0.03286685794591904
105,blocks.38.conv2,0.027943525463342667
105,blocks.39.conv1,0.03155990689992905
105,blocks.39.conv2,0.02501899003982544
105,blocks.40.conv1,0.03502786532044411
105,blocks.40.conv2,0.029556747525930405
105,blocks.41.conv1,0.034179940819740295
105,blocks.41.conv2,0.028942519798874855
105,blocks.42.conv1,0.032143063843250275
105,blocks.42.conv2,0.02686353400349617
105,blocks.43.conv1,0.03666527196764946
105,blocks.43.conv2,0.026846349239349365
105,blocks.44.conv1,0.02691987156867981
105,blocks.44.conv2,0.019511377438902855
105,blocks.45.conv1,0.02985280565917492
105,blocks.45.conv2,0.019878385588526726
105,blocks.46.conv1,0.027640091255307198
105,blocks.46.conv2,0.01759757101535797
105,blocks.47.conv1,0.0221419557929039
105,blocks.47.conv2,0.017168603837490082
105,blocks.48.conv1,0.025626197457313538
105,blocks.48.conv2,0.017281796783208847
105,blocks.49.conv1,0.019938897341489792
105,blocks.49.conv2,0.01545055489987135
105,mean_conv2d_grad_norm,0.028203508576913044
106,stem.0,0.016979917883872986
106,blocks.0.conv1,0.018728770315647125
106,blocks.0.conv2,0.018416857346892357
106,blocks.1.conv1,0.016005665063858032
106,blocks.1.conv2,0.01833730936050415
106,blocks.2.conv1,0.014564204961061478
106,blocks.2.conv2,0.014543607831001282
106,blocks.3.conv1,0.014237836003303528
106,blocks.3.conv2,0.01392898615449667
106,blocks.4.conv1,0.012346252799034119
106,blocks.4.conv2,0.013248910196125507
106,blocks.5.conv1,0.012050863355398178
106,blocks.5.conv2,0.011224816553294659
106,blocks.6.conv1,0.011383084580302238
106,blocks.6.conv2,0.011488915421068668
106,blocks.7.conv1,0.011889870278537273
106,blocks.7.conv2,0.010999206453561783
106,blocks.8.conv1,0.01141225453466177
106,blocks.8.conv2,0.010656103491783142
106,blocks.9.conv1,0.011113105341792107
106,blocks.9.conv2,0.010473511181771755
106,blocks.10.conv1,0.010060644708573818
106,blocks.10.conv2,0.009839368984103203
106,blocks.11.conv1,0.009648035280406475
106,blocks.11.conv2,0.009722277522087097
106,blocks.12.conv1,0.011613752692937851
106,blocks.12.conv2,0.010698655620217323
106,blocks.13.conv1,0.01122237928211689
106,blocks.13.conv2,0.01031468529254198
106,blocks.14.conv1,0.011719520203769207
106,blocks.14.conv2,0.010669545270502567
106,blocks.15.conv1,0.01197991892695427
106,blocks.15.conv2,0.010198462754487991
106,blocks.16.conv1,0.011195865459740162
106,blocks.16.conv2,0.01045000646263361
106,blocks.17.conv1,0.01006368175148964
106,blocks.17.conv2,0.009217570535838604
106,blocks.18.conv1,0.011447358876466751
106,blocks.18.conv2,0.01039805170148611
106,blocks.19.conv1,0.011850923299789429
106,blocks.19.conv2,0.010679579339921474
106,blocks.20.conv1,0.01188405230641365
106,blocks.20.conv2,0.010557937435805798
106,blocks.21.conv1,0.012358849868178368
106,blocks.21.conv2,0.011054648086428642
106,blocks.22.conv1,0.013681161217391491
106,blocks.22.conv2,0.011915352195501328
106,blocks.23.conv1,0.014266764745116234
106,blocks.23.conv2,0.01295702438801527
106,blocks.24.conv1,0.012825777754187584
106,blocks.24.conv2,0.011841719038784504
106,blocks.25.conv1,0.013916609808802605
106,blocks.25.conv2,0.012316104955971241
106,blocks.26.conv1,0.013666567392647266
106,blocks.26.conv2,0.011798888444900513
106,blocks.27.conv1,0.01357034407556057
106,blocks.27.conv2,0.012413937598466873
106,blocks.28.conv1,0.014542967081069946
106,blocks.28.conv2,0.012452317401766777
106,blocks.29.conv1,0.014691989868879318
106,blocks.29.conv2,0.01304177287966013
106,blocks.30.conv1,0.015089845284819603
106,blocks.30.conv2,0.01344283577054739
106,blocks.31.conv1,0.014161927625536919
106,blocks.31.conv2,0.012889491394162178
106,blocks.32.conv1,0.01413117814809084
106,blocks.32.conv2,0.012418778613209724
106,blocks.33.conv1,0.013575063087046146
106,blocks.33.conv2,0.012253127060830593
106,blocks.34.conv1,0.014465264044702053
106,blocks.34.conv2,0.01262276154011488
106,blocks.35.conv1,0.014119463041424751
106,blocks.35.conv2,0.011771031655371189
106,blocks.36.conv1,0.014500145800411701
106,blocks.36.conv2,0.01393556222319603
106,blocks.37.conv1,0.01505646388977766
106,blocks.37.conv2,0.013638662174344063
106,blocks.38.conv1,0.014224223792552948
106,blocks.38.conv2,0.013214930891990662
106,blocks.39.conv1,0.015348121523857117
106,blocks.39.conv2,0.012254688888788223
106,blocks.40.conv1,0.017485566437244415
106,blocks.40.conv2,0.01537947915494442
106,blocks.41.conv1,0.01649700477719307
106,blocks.41.conv2,0.014446607790887356
106,blocks.42.conv1,0.015496404841542244
106,blocks.42.conv2,0.01246668491512537
106,blocks.43.conv1,0.014752887189388275
106,blocks.43.conv2,0.012143553234636784
106,blocks.44.conv1,0.013554197736084461
106,blocks.44.conv2,0.01128025446087122
106,blocks.45.conv1,0.014762229286134243
106,blocks.45.conv2,0.011264580301940441
106,blocks.46.conv1,0.013631468638777733
106,blocks.46.conv2,0.01087405439466238
106,blocks.47.conv1,0.011291764676570892
106,blocks.47.conv2,0.011522391811013222
106,blocks.48.conv1,0.01471036672592163
106,blocks.48.conv2,0.011330039240419865
106,blocks.49.conv1,0.012904041446745396
106,blocks.49.conv2,0.011482666246592999
106,mean_conv2d_grad_norm,0.012803613162129232
107,stem.0,0.016315659508109093
107,blocks.0.conv1,0.014110109768807888
107,blocks.0.conv2,0.015898510813713074
107,blocks.1.conv1,0.014479982666671276
107,blocks.1.conv2,0.015930062159895897
107,blocks.2.conv1,0.013779327273368835
107,blocks.2.conv2,0.014402697794139385
107,blocks.3.conv1,0.012900850735604763
107,blocks.3.conv2,0.013071698136627674
107,blocks.4.conv1,0.012009705416858196
107,blocks.4.conv2,0.011836356483399868
107,blocks.5.conv1,0.010736625641584396
107,blocks.5.conv2,0.010604243725538254
107,blocks.6.conv1,0.010088709183037281
107,blocks.6.conv2,0.010226722806692123
107,blocks.7.conv1,0.010368273593485355
107,blocks.7.conv2,0.010884171351790428
107,blocks.8.conv1,0.011080889962613583
107,blocks.8.conv2,0.01029527559876442
107,blocks.9.conv1,0.010861067101359367
107,blocks.9.conv2,0.009867520071566105
107,blocks.10.conv1,0.009662252850830555
107,blocks.10.conv2,0.009655527770519257
107,blocks.11.conv1,0.010260901413857937
107,blocks.11.conv2,0.009713452309370041
107,blocks.12.conv1,0.011090611107647419
107,blocks.12.conv2,0.010442987084388733
107,blocks.13.conv1,0.010249837301671505
107,blocks.13.conv2,0.010080033913254738
107,blocks.14.conv1,0.01104375347495079
107,blocks.14.conv2,0.010208670049905777
107,blocks.15.conv1,0.010986126959323883
107,blocks.15.conv2,0.01053310465067625
107,blocks.16.conv1,0.011597185395658016
107,blocks.16.conv2,0.010620436631143093
107,blocks.17.conv1,0.010115784592926502
107,blocks.17.conv2,0.009209783747792244
107,blocks.18.conv1,0.011348580941557884
107,blocks.18.conv2,0.010330485180020332
107,blocks.19.conv1,0.011869017966091633
107,blocks.19.conv2,0.01088988408446312
107,blocks.20.conv1,0.01107790693640709
107,blocks.20.conv2,0.01003988552838564
107,blocks.21.conv1,0.01238124817609787
107,blocks.21.conv2,0.010913082398474216
107,blocks.22.conv1,0.012623854912817478
107,blocks.22.conv2,0.011681215837597847
107,blocks.23.conv1,0.013858268968760967
107,blocks.23.conv2,0.01208426896482706
107,blocks.24.conv1,0.013296889141201973
107,blocks.24.conv2,0.012014706619083881
107,blocks.25.conv1,0.014181066304445267
107,blocks.25.conv2,0.01263887993991375
107,blocks.26.conv1,0.014312118291854858
107,blocks.26.conv2,0.012861894443631172
107,blocks.27.conv1,0.014072632417082787
107,blocks.27.conv2,0.012112804688513279
107,blocks.28.conv1,0.014337551780045033
107,blocks.28.conv2,0.011662554927170277
107,blocks.29.conv1,0.01442884374409914
107,blocks.29.conv2,0.013257062993943691
107,blocks.30.conv1,0.01630859263241291
107,blocks.30.conv2,0.013748410157859325
107,blocks.31.conv1,0.014463829807937145
107,blocks.31.conv2,0.012527878396213055
107,blocks.32.conv1,0.014187617227435112
107,blocks.32.conv2,0.012091707438230515
107,blocks.33.conv1,0.01500424649566412
107,blocks.33.conv2,0.012261631898581982
107,blocks.34.conv1,0.01510778721421957
107,blocks.34.conv2,0.012497708201408386
107,blocks.35.conv1,0.013754003681242466
107,blocks.35.conv2,0.012559543363749981
107,blocks.36.conv1,0.01585492491722107
107,blocks.36.conv2,0.013768075034022331
107,blocks.37.conv1,0.015781329944729805
107,blocks.37.conv2,0.014005783945322037
107,blocks.38.conv1,0.014728670008480549
107,blocks.38.conv2,0.012339911423623562
107,blocks.39.conv1,0.014453697949647903
107,blocks.39.conv2,0.013228269293904305
107,blocks.40.conv1,0.016531923785805702
107,blocks.40.conv2,0.013660348951816559
107,blocks.41.conv1,0.015849387273192406
107,blocks.41.conv2,0.014080885797739029
107,blocks.42.conv1,0.01551257073879242
107,blocks.42.conv2,0.013470681384205818
107,blocks.43.conv1,0.014428859576582909
107,blocks.43.conv2,0.012859875336289406
107,blocks.44.conv1,0.0155606335029006
107,blocks.44.conv2,0.013594171032309532
107,blocks.45.conv1,0.015250415541231632
107,blocks.45.conv2,0.013480196706950665
107,blocks.46.conv1,0.014344273135066032
107,blocks.46.conv2,0.010799732059240341
107,blocks.47.conv1,0.012344015762209892
107,blocks.47.conv2,0.01280468050390482
107,blocks.48.conv1,0.014483976177871227
107,blocks.48.conv2,0.013525956310331821
107,blocks.49.conv1,0.014262848533689976
107,blocks.49.conv2,0.012131862342357635
107,mean_conv2d_grad_norm,0.01268459928434084
108,stem.0,0.07090145349502563
108,blocks.0.conv1,0.05416533723473549
108,blocks.0.conv2,0.05840972438454628
108,blocks.1.conv1,0.055386051535606384
108,blocks.1.conv2,0.05726217105984688
108,blocks.2.conv1,0.04702119156718254
108,blocks.2.conv2,0.048687610775232315
108,blocks.3.conv1,0.044158704578876495
108,blocks.3.conv2,0.03997363522648811
108,blocks.4.conv1,0.04245559498667717
108,blocks.4.conv2,0.04011000320315361
108,blocks.5.conv1,0.037730228155851364
108,blocks.5.conv2,0.03708149120211601
108,blocks.6.conv1,0.034187596291303635
108,blocks.6.conv2,0.033596061170101166
108,blocks.7.conv1,0.03668391704559326
108,blocks.7.conv2,0.0363251194357872
108,blocks.8.conv1,0.03818133845925331
108,blocks.8.conv2,0.037707749754190445
108,blocks.9.conv1,0.03514735773205757
108,blocks.9.conv2,0.034103743731975555
108,blocks.10.conv1,0.036254629492759705
108,blocks.10.conv2,0.03292765095829964
108,blocks.11.conv1,0.035424571484327316
108,blocks.11.conv2,0.034620486199855804
108,blocks.12.conv1,0.038062337785959244
108,blocks.12.conv2,0.035295017063617706
108,blocks.13.conv1,0.03763113543391228
108,blocks.13.conv2,0.03426043316721916
108,blocks.14.conv1,0.040414296090602875
108,blocks.14.conv2,0.03711007162928581
108,blocks.15.conv1,0.04054645076394081
108,blocks.15.conv2,0.035303745418787
108,blocks.16.conv1,0.03724711760878563
108,blocks.16.conv2,0.03531896695494652
108,blocks.17.conv1,0.03360104560852051
108,blocks.17.conv2,0.032363373786211014
108,blocks.18.conv1,0.03864375501871109
108,blocks.18.conv2,0.0351078100502491
108,blocks.19.conv1,0.03902032971382141
108,blocks.19.conv2,0.03502732887864113
108,blocks.20.conv1,0.03753473982214928
108,blocks.20.conv2,0.03484403342008591
108,blocks.21.conv1,0.04296048730611801
108,blocks.21.conv2,0.03805486857891083
108,blocks.22.conv1,0.04876415431499481
108,blocks.22.conv2,0.0434182733297348
108,blocks.23.conv1,0.04789963737130165
108,blocks.23.conv2,0.04138367250561714
108,blocks.24.conv1,0.04529644548892975
108,blocks.24.conv2,0.040000513195991516
108,blocks.25.conv1,0.045756593346595764
108,blocks.25.conv2,0.04192296415567398
108,blocks.26.conv1,0.04918283224105835
108,blocks.26.conv2,0.04286131262779236
108,blocks.27.conv1,0.044260818511247635
108,blocks.27.conv2,0.04018725827336311
108,blocks.28.conv1,0.050177160650491714
108,blocks.28.conv2,0.043967489153146744
108,blocks.29.conv1,0.04923504590988159
108,blocks.29.conv2,0.042131565511226654
108,blocks.30.conv1,0.05608957260847092
108,blocks.30.conv2,0.04530505836009979
108,blocks.31.conv1,0.04635592922568321
108,blocks.31.conv2,0.03941093385219574
108,blocks.32.conv1,0.04905372112989426
108,blocks.32.conv2,0.03900092467665672
108,blocks.33.conv1,0.046619124710559845
108,blocks.33.conv2,0.042707476764917374
108,blocks.34.conv1,0.05035286769270897
108,blocks.34.conv2,0.04124627634882927
108,blocks.35.conv1,0.04027816280722618
108,blocks.35.conv2,0.03456340730190277
108,blocks.36.conv1,0.04779050126671791
108,blocks.36.conv2,0.0408380925655365
108,blocks.37.conv1,0.04850449785590172
108,blocks.37.conv2,0.03965339437127113
108,blocks.38.conv1,0.04663152992725372
108,blocks.38.conv2,0.03921986743807793
108,blocks.39.conv1,0.045272037386894226
108,blocks.39.conv2,0.036206260323524475
108,blocks.40.conv1,0.05169951543211937
108,blocks.40.conv2,0.043714676052331924
108,blocks.41.conv1,0.043955013155937195
108,blocks.41.conv2,0.037068795412778854
108,blocks.42.conv1,0.03624945133924484
108,blocks.42.conv2,0.03164500743150711
108,blocks.43.conv1,0.04062825068831444
108,blocks.43.conv2,0.03206373378634453
108,blocks.44.conv1,0.04260122776031494
108,blocks.44.conv2,0.033956896513700485
108,blocks.45.conv1,0.03422185406088829
108,blocks.45.conv2,0.026633530855178833
108,blocks.46.conv1,0.03157603368163109
108,blocks.46.conv2,0.024963343515992165
108,blocks.47.conv1,0.02837168611586094
108,blocks.47.conv2,0.02220107987523079
108,blocks.48.conv1,0.039330556988716125
108,blocks.48.conv2,0.027824409306049347
108,blocks.49.conv1,0.029865985736250877
108,blocks.49.conv2,0.02404683269560337
108,mean_conv2d_grad_norm,0.040307069473927565
109,stem.0,0.04718772694468498
109,blocks.0.conv1,0.0541352704167366
109,blocks.0.conv2,0.05232968553900719
109,blocks.1.conv1,0.04710526391863823
109,blocks.1.conv2,0.04949162155389786
109,blocks.2.conv1,0.042912665754556656
109,blocks.2.conv2,0.04847076162695885
109,blocks.3.conv1,0.037412989884614944
109,blocks.3.conv2,0.038552623242139816
109,blocks.4.conv1,0.03802744671702385
109,blocks.4.conv2,0.03729371726512909
109,blocks.5.conv1,0.03621995076537132
109,blocks.5.conv2,0.0350896455347538
109,blocks.6.conv1,0.03255804255604744
109,blocks.6.conv2,0.03355780616402626
109,blocks.7.conv1,0.03389492630958557
109,blocks.7.conv2,0.034548599272966385
109,blocks.8.conv1,0.03542524576187134
109,blocks.8.conv2,0.03347846493124962
109,blocks.9.conv1,0.034557390958070755
109,blocks.9.conv2,0.03299367055296898
109,blocks.10.conv1,0.03486691042780876
109,blocks.10.conv2,0.03414595499634743
109,blocks.11.conv1,0.034260451793670654
109,blocks.11.conv2,0.03274988755583763
109,blocks.12.conv1,0.03749476373195648
109,blocks.12.conv2,0.035707902163267136
109,blocks.13.conv1,0.03474632278084755
109,blocks.13.conv2,0.03387872502207756
109,blocks.14.conv1,0.03733699023723602
109,blocks.14.conv2,0.03631627559661865
109,blocks.15.conv1,0.0370379202067852
109,blocks.15.conv2,0.03529766947031021
109,blocks.16.conv1,0.038440633565187454
109,blocks.16.conv2,0.03424563631415367
109,blocks.17.conv1,0.03493750840425491
109,blocks.17.conv2,0.030755549669265747
109,blocks.18.conv1,0.038135264068841934
109,blocks.18.conv2,0.03307033330202103
109,blocks.19.conv1,0.038052868098020554
109,blocks.19.conv2,0.0349571667611599
109,blocks.20.conv1,0.03747733309864998
109,blocks.20.conv2,0.03370213881134987
109,blocks.21.conv1,0.04060598835349083
109,blocks.21.conv2,0.03643961623311043
109,blocks.22.conv1,0.041588664054870605
109,blocks.22.conv2,0.03768685460090637
109,blocks.23.conv1,0.04802151396870613
109,blocks.23.conv2,0.04142491891980171
109,blocks.24.conv1,0.042198266834020615
109,blocks.24.conv2,0.038930851966142654
109,blocks.25.conv1,0.04500287398695946
109,blocks.25.conv2,0.03872067481279373
109,blocks.26.conv1,0.05031696334481239
109,blocks.26.conv2,0.038365695625543594
109,blocks.27.conv1,0.04179176688194275
109,blocks.27.conv2,0.03615806624293327
109,blocks.28.conv1,0.04262673109769821
109,blocks.28.conv2,0.03462394326925278
109,blocks.29.conv1,0.04467379301786423
109,blocks.29.conv2,0.03740895539522171
109,blocks.30.conv1,0.0507626049220562
109,blocks.30.conv2,0.04075012356042862
109,blocks.31.conv1,0.043604981154203415
109,blocks.31.conv2,0.0397760234773159
109,blocks.32.conv1,0.04337308555841446
109,blocks.32.conv2,0.034828972071409225
109,blocks.33.conv1,0.041879139840602875
109,blocks.33.conv2,0.034489914774894714
109,blocks.34.conv1,0.04451529309153557
109,blocks.34.conv2,0.03836554288864136
109,blocks.35.conv1,0.03997776284813881
109,blocks.35.conv2,0.03264869377017021
109,blocks.36.conv1,0.051061540842056274
109,blocks.36.conv2,0.03937473148107529
109,blocks.37.conv1,0.0474737249314785
109,blocks.37.conv2,0.03940000757575035
109,blocks.38.conv1,0.04379566013813019
109,blocks.38.conv2,0.03472317010164261
109,blocks.39.conv1,0.04434441030025482
109,blocks.39.conv2,0.03338882327079773
109,blocks.40.conv1,0.04151967540383339
109,blocks.40.conv2,0.03362426534295082
109,blocks.41.conv1,0.04382011666893959
109,blocks.41.conv2,0.041490066796541214
109,blocks.42.conv1,0.04018809646368027
109,blocks.42.conv2,0.02868891879916191
109,blocks.43.conv1,0.031318455934524536
109,blocks.43.conv2,0.02436484396457672
109,blocks.44.conv1,0.04603099450469017
109,blocks.44.conv2,0.03460860624909401
109,blocks.45.conv1,0.02970886044204235
109,blocks.45.conv2,0.024030478671193123
109,blocks.46.conv1,0.04093112424015999
109,blocks.46.conv2,0.03599528595805168
109,blocks.47.conv1,0.03168833628296852
109,blocks.47.conv2,0.026524998247623444
109,blocks.48.conv1,0.038895051926374435
109,blocks.48.conv2,0.029595352709293365
109,blocks.49.conv1,0.034403033554553986
109,blocks.49.conv2,0.033541128039360046
109,mean_conv2d_grad_norm,0.03820738373416485
110,stem.0,0.016732998192310333
110,blocks.0.conv1,0.021980417892336845
110,blocks.0.conv2,0.020259996876120567
110,blocks.1.conv1,0.018425272777676582
110,blocks.1.conv2,0.02111198566854
110,blocks.2.conv1,0.01712721586227417
110,blocks.2.conv2,0.017663072794675827
110,blocks.3.conv1,0.015203741379082203
110,blocks.3.conv2,0.01421585027128458
110,blocks.4.conv1,0.014087195508182049
110,blocks.4.conv2,0.014372660778462887
110,blocks.5.conv1,0.014124711975455284
110,blocks.5.conv2,0.01321199256926775
110,blocks.6.conv1,0.011500137858092785
110,blocks.6.conv2,0.01118149422109127
110,blocks.7.conv1,0.012062841095030308
110,blocks.7.conv2,0.011793521232903004
110,blocks.8.conv1,0.01280734408646822
110,blocks.8.conv2,0.012135462835431099
110,blocks.9.conv1,0.012380210682749748
110,blocks.9.conv2,0.010111367329955101
110,blocks.10.conv1,0.011268402449786663
110,blocks.10.conv2,0.010955673642456532
110,blocks.11.conv1,0.011109590530395508
110,blocks.11.conv2,0.010604780167341232
110,blocks.12.conv1,0.011616422794759274
110,blocks.12.conv2,0.01108784694224596
110,blocks.13.conv1,0.012085539288818836
110,blocks.13.conv2,0.011325670406222343
110,blocks.14.conv1,0.013915803283452988
110,blocks.14.conv2,0.011034419760107994
110,blocks.15.conv1,0.013312192633748055
110,blocks.15.conv2,0.011411975137889385
110,blocks.16.conv1,0.012555409222841263
110,blocks.16.conv2,0.010947559960186481
110,blocks.17.conv1,0.00996494758874178
110,blocks.17.conv2,0.009604302234947681
110,blocks.18.conv1,0.011995799839496613
110,blocks.18.conv2,0.010548782534897327
110,blocks.19.conv1,0.011168792843818665
110,blocks.19.conv2,0.011100037954747677
110,blocks.20.conv1,0.012210865505039692
110,blocks.20.conv2,0.0104356175288558
110,blocks.21.conv1,0.013070295564830303
110,blocks.21.conv2,0.011695598252117634
110,blocks.22.conv1,0.014778104610741138
110,blocks.22.conv2,0.012598550878465176
110,blocks.23.conv1,0.014472916722297668
110,blocks.23.conv2,0.012708673253655434
110,blocks.24.conv1,0.013877911493182182
110,blocks.24.conv2,0.011757905595004559
110,blocks.25.conv1,0.01416205707937479
110,blocks.25.conv2,0.012504487298429012
110,blocks.26.conv1,0.01539537962526083
110,blocks.26.conv2,0.011647015810012817
110,blocks.27.conv1,0.013888726942241192
110,blocks.27.conv2,0.012383967638015747
110,blocks.28.conv1,0.014631549827754498
110,blocks.28.conv2,0.014304046519100666
110,blocks.29.conv1,0.016602419316768646
110,blocks.29.conv2,0.013023780658841133
110,blocks.30.conv1,0.01649913750588894
110,blocks.30.conv2,0.013616755604743958
110,blocks.31.conv1,0.013852996751666069
110,blocks.31.conv2,0.012377111241221428
110,blocks.32.conv1,0.01426018588244915
110,blocks.32.conv2,0.01173775177448988
110,blocks.33.conv1,0.013748631812632084
110,blocks.33.conv2,0.011120784096419811
110,blocks.34.conv1,0.015858393162488937
110,blocks.34.conv2,0.013315392658114433
110,blocks.35.conv1,0.013257889077067375
110,blocks.35.conv2,0.011560950428247452
110,blocks.36.conv1,0.015756908804178238
110,blocks.36.conv2,0.013621375896036625
110,blocks.37.conv1,0.01621350273489952
110,blocks.37.conv2,0.012769506312906742
110,blocks.38.conv1,0.014988022856414318
110,blocks.38.conv2,0.01225267257541418
110,blocks.39.conv1,0.013204743154346943
110,blocks.39.conv2,0.012641485780477524
110,blocks.40.conv1,0.015497993677854538
110,blocks.40.conv2,0.012755176052451134
110,blocks.41.conv1,0.01571805588901043
110,blocks.41.conv2,0.013563810847699642
110,blocks.42.conv1,0.014038165099918842
110,blocks.42.conv2,0.011864634230732918
110,blocks.43.conv1,0.015219112858176231
110,blocks.43.conv2,0.012515056878328323
110,blocks.44.conv1,0.016487181186676025
110,blocks.44.conv2,0.013577560894191265
110,blocks.45.conv1,0.01312259491533041
110,blocks.45.conv2,0.010233932174742222
110,blocks.46.conv1,0.013043847866356373
110,blocks.46.conv2,0.009740575216710567
110,blocks.47.conv1,0.01669897511601448
110,blocks.47.conv2,0.011594807729125023
110,blocks.48.conv1,0.014140333980321884
110,blocks.48.conv2,0.010180097073316574
110,blocks.49.conv1,0.01316760666668415
110,blocks.49.conv2,0.011688926257193089
110,mean_conv2d_grad_norm,0.013304514395497223
111,stem.0,0.01837080530822277
111,blocks.0.conv1,0.015520977787673473
111,blocks.0.conv2,0.015725167468190193
111,blocks.1.conv1,0.014412963762879372
111,blocks.1.conv2,0.015703028067946434
111,blocks.2.conv1,0.013128082267940044
111,blocks.2.conv2,0.01428332831710577
111,blocks.3.conv1,0.011993354186415672
111,blocks.3.conv2,0.011738844215869904
111,blocks.4.conv1,0.012626847252249718
111,blocks.4.conv2,0.011941127479076385
111,blocks.5.conv1,0.010801369324326515
111,blocks.5.conv2,0.009787133894860744
111,blocks.6.conv1,0.010112356394529343
111,blocks.6.conv2,0.009384557604789734
111,blocks.7.conv1,0.010158616118133068
111,blocks.7.conv2,0.010319548659026623
111,blocks.8.conv1,0.009934734553098679
111,blocks.8.conv2,0.010166079737246037
111,blocks.9.conv1,0.010562442243099213
111,blocks.9.conv2,0.01028438750654459
111,blocks.10.conv1,0.009295480325818062
111,blocks.10.conv2,0.008932271972298622
111,blocks.11.conv1,0.00993034802377224
111,blocks.11.conv2,0.009479397907853127
111,blocks.12.conv1,0.010771187022328377
111,blocks.12.conv2,0.010610670782625675
111,blocks.13.conv1,0.01047027949243784
111,blocks.13.conv2,0.009822436608374119
111,blocks.14.conv1,0.012778355740010738
111,blocks.14.conv2,0.010299354791641235
111,blocks.15.conv1,0.011386992409825325
111,blocks.15.conv2,0.009406439028680325
111,blocks.16.conv1,0.010536286048591137
111,blocks.16.conv2,0.010256483219563961
111,blocks.17.conv1,0.008991291746497154
111,blocks.17.conv2,0.00832622405141592
111,blocks.18.conv1,0.010274598374962807
111,blocks.18.conv2,0.00940487440675497
111,blocks.19.conv1,0.010882261209189892
111,blocks.19.conv2,0.009400731883943081
111,blocks.20.conv1,0.009849568828940392
111,blocks.20.conv2,0.009286100044846535
111,blocks.21.conv1,0.011380919255316257
111,blocks.21.conv2,0.010686647146940231
111,blocks.22.conv1,0.012641570530831814
111,blocks.22.conv2,0.011174916289746761
111,blocks.23.conv1,0.013702478259801865
111,blocks.23.conv2,0.011821288615465164
111,blocks.24.conv1,0.012775230221450329
111,blocks.24.conv2,0.011703342199325562
111,blocks.25.conv1,0.01258882787078619
111,blocks.25.conv2,0.011522077023983002
111,blocks.26.conv1,0.012499579228460789
111,blocks.26.conv2,0.011147524230182171
111,blocks.27.conv1,0.013324321247637272
111,blocks.27.conv2,0.011728073470294476
111,blocks.28.conv1,0.013333824463188648
111,blocks.28.conv2,0.01153725478798151
111,blocks.29.conv1,0.013520635664463043
111,blocks.29.conv2,0.012474705465137959
111,blocks.30.conv1,0.014550065621733665
111,blocks.30.conv2,0.013655388727784157
111,blocks.31.conv1,0.013272957876324654
111,blocks.31.conv2,0.011864351108670235
111,blocks.32.conv1,0.013726910576224327
111,blocks.32.conv2,0.01088392361998558
111,blocks.33.conv1,0.0139430221170187
111,blocks.33.conv2,0.011343659833073616
111,blocks.34.conv1,0.013500736095011234
111,blocks.34.conv2,0.01177556999027729
111,blocks.35.conv1,0.013018536381423473
111,blocks.35.conv2,0.011416836641728878
111,blocks.36.conv1,0.015332592651247978
111,blocks.36.conv2,0.013459152542054653
111,blocks.37.conv1,0.018463673070073128
111,blocks.37.conv2,0.01441827043890953
111,blocks.38.conv1,0.015696311369538307
111,blocks.38.conv2,0.015255557373166084
111,blocks.39.conv1,0.015544005669653416
111,blocks.39.conv2,0.013421911746263504
111,blocks.40.conv1,0.015093815512955189
111,blocks.40.conv2,0.013881386257708073
111,blocks.41.conv1,0.01586601883172989
111,blocks.41.conv2,0.015208035707473755
111,blocks.42.conv1,0.016060510650277138
111,blocks.42.conv2,0.012307761237025261
111,blocks.43.conv1,0.01470059435814619
111,blocks.43.conv2,0.011575888842344284
111,blocks.44.conv1,0.018843794241547585
111,blocks.44.conv2,0.013375966809689999
111,blocks.45.conv1,0.010573618113994598
111,blocks.45.conv2,0.009733329527080059
111,blocks.46.conv1,0.014783685095608234
111,blocks.46.conv2,0.01066121831536293
111,blocks.47.conv1,0.010319525375962257
111,blocks.47.conv2,0.009172006510198116
111,blocks.48.conv1,0.014790947549045086
111,blocks.48.conv2,0.01167765911668539
111,blocks.49.conv1,0.012378022074699402
111,blocks.49.conv2,0.009013817645609379
111,mean_conv2d_grad_norm,0.012192788487761327
112,stem.0,0.010152606293559074
112,blocks.0.conv1,0.007952369749546051
112,blocks.0.conv2,0.008250432088971138
112,blocks.1.conv1,0.007299195509403944
112,blocks.1.conv2,0.007885956205427647
112,blocks.2.conv1,0.0066816252656280994
112,blocks.2.conv2,0.007243625819683075
112,blocks.3.conv1,0.006559412926435471
112,blocks.3.conv2,0.006770240142941475
112,blocks.4.conv1,0.005809230264276266
112,blocks.4.conv2,0.006152942776679993
112,blocks.5.conv1,0.005317025352269411
112,blocks.5.conv2,0.005563158076256514
112,blocks.6.conv1,0.004968290217220783
112,blocks.6.conv2,0.005419518798589706
112,blocks.7.conv1,0.005231723189353943
112,blocks.7.conv2,0.005448958370834589
112,blocks.8.conv1,0.005628526210784912
112,blocks.8.conv2,0.005545899271965027
112,blocks.9.conv1,0.005316995084285736
112,blocks.9.conv2,0.005664869211614132
112,blocks.10.conv1,0.0050142002291977406
112,blocks.10.conv2,0.0049340566620230675
112,blocks.11.conv1,0.005058688577264547
112,blocks.11.conv2,0.005004173144698143
112,blocks.12.conv1,0.005900055635720491
112,blocks.12.conv2,0.005642785225063562
112,blocks.13.conv1,0.00567394495010376
112,blocks.13.conv2,0.005524265579879284
112,blocks.14.conv1,0.005909749772399664
112,blocks.14.conv2,0.005421172361820936
112,blocks.15.conv1,0.0059807682409882545
112,blocks.15.conv2,0.005614003166556358
112,blocks.16.conv1,0.005717931315302849
112,blocks.16.conv2,0.005351182539016008
112,blocks.17.conv1,0.005024035926908255
112,blocks.17.conv2,0.0048822080716490746
112,blocks.18.conv1,0.005704415962100029
112,blocks.18.conv2,0.005319985561072826
112,blocks.19.conv1,0.006006576586514711
112,blocks.19.conv2,0.005501143168658018
112,blocks.20.conv1,0.005831328686326742
112,blocks.20.conv2,0.00531357666477561
112,blocks.21.conv1,0.006314873695373535
112,blocks.21.conv2,0.005998136475682259
112,blocks.22.conv1,0.0064893802627921104
112,blocks.22.conv2,0.0061829653568565845
112,blocks.23.conv1,0.007153280545026064
112,blocks.23.conv2,0.006517586298286915
112,blocks.24.conv1,0.0064464048482477665
112,blocks.24.conv2,0.0058295875787734985
112,blocks.25.conv1,0.0070731304585933685
112,blocks.25.conv2,0.006279853638261557
112,blocks.26.conv1,0.007508874870836735
112,blocks.26.conv2,0.006023402791470289
112,blocks.27.conv1,0.006677594501525164
112,blocks.27.conv2,0.006182057783007622
112,blocks.28.conv1,0.007786174770444632
112,blocks.28.conv2,0.005788391921669245
112,blocks.29.conv1,0.007179252337664366
112,blocks.29.conv2,0.006504891440272331
112,blocks.30.conv1,0.007851343601942062
112,blocks.30.conv2,0.006258135661482811
112,blocks.31.conv1,0.007248885463923216
112,blocks.31.conv2,0.006502383388578892
112,blocks.32.conv1,0.006916772108525038
112,blocks.32.conv2,0.005355345085263252
112,blocks.33.conv1,0.007030002772808075
112,blocks.33.conv2,0.006035828962922096
112,blocks.34.conv1,0.007188521325588226
112,blocks.34.conv2,0.005903985816985369
112,blocks.35.conv1,0.006941281724721193
112,blocks.35.conv2,0.006586356088519096
112,blocks.36.conv1,0.00775921531021595
112,blocks.36.conv2,0.00665523624047637
112,blocks.37.conv1,0.008228914812207222
112,blocks.37.conv2,0.006358938291668892
112,blocks.38.conv1,0.007202659733593464
112,blocks.38.conv2,0.00567980669438839
112,blocks.39.conv1,0.007249878253787756
112,blocks.39.conv2,0.005839512217789888
112,blocks.40.conv1,0.0073408037424087524
112,blocks.40.conv2,0.005924224853515625
112,blocks.41.conv1,0.0074942209757864475
112,blocks.41.conv2,0.006136924494057894
112,blocks.42.conv1,0.0061827246099710464
112,blocks.42.conv2,0.005023416597396135
112,blocks.43.conv1,0.005931234918534756
112,blocks.43.conv2,0.004992470610886812
112,blocks.44.conv1,0.006816161330789328
112,blocks.44.conv2,0.004979665391147137
112,blocks.45.conv1,0.005480764899402857
112,blocks.45.conv2,0.0045498451218008995
112,blocks.46.conv1,0.0054370141588151455
112,blocks.46.conv2,0.003728036303073168
112,blocks.47.conv1,0.005709757097065449
112,blocks.47.conv2,0.004426404368132353
112,blocks.48.conv1,0.0060160099528729916
112,blocks.48.conv2,0.004373298492282629
112,blocks.49.conv1,0.004999028518795967
112,blocks.49.conv2,0.004240141715854406
112,mean_conv2d_grad_norm,0.006115879605312158
113,stem.0,0.007882744073867798
113,blocks.0.conv1,0.007189818192273378
113,blocks.0.conv2,0.007800244260579348
113,blocks.1.conv1,0.006960650905966759
113,blocks.1.conv2,0.007320341654121876
113,blocks.2.conv1,0.0064258393831551075
113,blocks.2.conv2,0.006647379603236914
113,blocks.3.conv1,0.0056754169054329395
113,blocks.3.conv2,0.00594439497217536
113,blocks.4.conv1,0.005639114882797003
113,blocks.4.conv2,0.0057177166454494
113,blocks.5.conv1,0.005042415112257004
113,blocks.5.conv2,0.004880255553871393
113,blocks.6.conv1,0.004742828197777271
113,blocks.6.conv2,0.004856233485043049
113,blocks.7.conv1,0.005239192862063646
113,blocks.7.conv2,0.005237188655883074
113,blocks.8.conv1,0.005047929007560015
113,blocks.8.conv2,0.0050351726822555065
113,blocks.9.conv1,0.004949788562953472
113,blocks.9.conv2,0.004768845625221729
113,blocks.10.conv1,0.005159873981028795
113,blocks.10.conv2,0.004605608060956001
113,blocks.11.conv1,0.004796539433300495
113,blocks.11.conv2,0.0046184370294213295
113,blocks.12.conv1,0.00556044140830636
113,blocks.12.conv2,0.005077064968645573
113,blocks.13.conv1,0.0052054510451853275
113,blocks.13.conv2,0.0049407039768993855
113,blocks.14.conv1,0.005456146784126759
113,blocks.14.conv2,0.005113718565553427
113,blocks.15.conv1,0.005514616146683693
113,blocks.15.conv2,0.005067086778581142
113,blocks.16.conv1,0.00506639713421464
113,blocks.16.conv2,0.004791964776813984
113,blocks.17.conv1,0.004641886334866285
113,blocks.17.conv2,0.004345252178609371
113,blocks.18.conv1,0.005363315809518099
113,blocks.18.conv2,0.004871969111263752
113,blocks.19.conv1,0.005371216218918562
113,blocks.19.conv2,0.004868649411946535
113,blocks.20.conv1,0.005304514896124601
113,blocks.20.conv2,0.004898230079561472
113,blocks.21.conv1,0.00562003580853343
113,blocks.21.conv2,0.005134603939950466
113,blocks.22.conv1,0.005882619880139828
113,blocks.22.conv2,0.005555260460823774
113,blocks.23.conv1,0.006535552442073822
113,blocks.23.conv2,0.005746347829699516
113,blocks.24.conv1,0.0060744802467525005
113,blocks.24.conv2,0.005591102875769138
113,blocks.25.conv1,0.0061129615642130375
113,blocks.25.conv2,0.005519980564713478
113,blocks.26.conv1,0.006500819232314825
113,blocks.26.conv2,0.005701600573956966
113,blocks.27.conv1,0.0058411951176822186
113,blocks.27.conv2,0.005244448781013489
113,blocks.28.conv1,0.0063826716504991055
113,blocks.28.conv2,0.00543580949306488
113,blocks.29.conv1,0.006498383823782206
113,blocks.29.conv2,0.005891177337616682
113,blocks.30.conv1,0.007118075620383024
113,blocks.30.conv2,0.005964919459074736
113,blocks.31.conv1,0.0062852646224200726
113,blocks.31.conv2,0.005525597836822271
113,blocks.32.conv1,0.006278234533965588
113,blocks.32.conv2,0.004939612466841936
113,blocks.33.conv1,0.006197148934006691
113,blocks.33.conv2,0.005316135007888079
113,blocks.34.conv1,0.006920764688402414
113,blocks.34.conv2,0.005968987941741943
113,blocks.35.conv1,0.0063902875408530235
113,blocks.35.conv2,0.0053476919420063496
113,blocks.36.conv1,0.0077959648333489895
113,blocks.36.conv2,0.006186801008880138
113,blocks.37.conv1,0.007700107526034117
113,blocks.37.conv2,0.006121927872300148
113,blocks.38.conv1,0.007307820487767458
113,blocks.38.conv2,0.005284618120640516
113,blocks.39.conv1,0.007403964176774025
113,blocks.39.conv2,0.006290677934885025
113,blocks.40.conv1,0.007116444408893585
113,blocks.40.conv2,0.005868981592357159
113,blocks.41.conv1,0.006752293091267347
113,blocks.41.conv2,0.005713056307286024
113,blocks.42.conv1,0.006720886565744877
113,blocks.42.conv2,0.0051746666431427
113,blocks.43.conv1,0.006389116868376732
113,blocks.43.conv2,0.005150481592863798
113,blocks.44.conv1,0.006603917572647333
113,blocks.44.conv2,0.004896556958556175
113,blocks.45.conv1,0.005610644817352295
113,blocks.45.conv2,0.004607836715877056
113,blocks.46.conv1,0.00694376602768898
113,blocks.46.conv2,0.004932026378810406
113,blocks.47.conv1,0.0046824379824101925
113,blocks.47.conv2,0.003598831593990326
113,blocks.48.conv1,0.005981585010886192
113,blocks.48.conv2,0.005298194941133261
113,blocks.49.conv1,0.005327508319169283
113,blocks.49.conv2,0.00455333711579442
113,mean_conv2d_grad_norm,0.005714641782538135
114,stem.0,0.014206230640411377
114,blocks.0.conv1,0.014383671805262566
114,blocks.0.conv2,0.015874220058321953
114,blocks.1.conv1,0.01371663436293602
114,blocks.1.conv2,0.014451694674789906
114,blocks.2.conv1,0.012999197468161583
114,blocks.2.conv2,0.013383165001869202
114,blocks.3.conv1,0.011949705891311169
114,blocks.3.conv2,0.012119822204113007
114,blocks.4.conv1,0.011144972406327724
114,blocks.4.conv2,0.011095329187810421
114,blocks.5.conv1,0.010099750943481922
114,blocks.5.conv2,0.00973381008952856
114,blocks.6.conv1,0.009480944834649563
114,blocks.6.conv2,0.009452245198190212
114,blocks.7.conv1,0.009739664383232594
114,blocks.7.conv2,0.009792669676244259
114,blocks.8.conv1,0.009953971020877361
114,blocks.8.conv2,0.009023226797580719
114,blocks.9.conv1,0.009687196463346481
114,blocks.9.conv2,0.009370715357363224
114,blocks.10.conv1,0.009774202480912209
114,blocks.10.conv2,0.009018166922032833
114,blocks.11.conv1,0.00939948670566082
114,blocks.11.conv2,0.009297208860516548
114,blocks.12.conv1,0.01033573504537344
114,blocks.12.conv2,0.009978551417589188
114,blocks.13.conv1,0.009909983724355698
114,blocks.13.conv2,0.009395464323461056
114,blocks.14.conv1,0.010507314465939999
114,blocks.14.conv2,0.009527350775897503
114,blocks.15.conv1,0.010550085455179214
114,blocks.15.conv2,0.009294204413890839
114,blocks.16.conv1,0.010225318372249603
114,blocks.16.conv2,0.009461186826229095
114,blocks.17.conv1,0.009175858460366726
114,blocks.17.conv2,0.008349905721843243
114,blocks.18.conv1,0.010022414848208427
114,blocks.18.conv2,0.009406283497810364
114,blocks.19.conv1,0.010268935933709145
114,blocks.19.conv2,0.009595953859388828
114,blocks.20.conv1,0.010302226059138775
114,blocks.20.conv2,0.009315948002040386
114,blocks.21.conv1,0.011112355627119541
114,blocks.21.conv2,0.009853250347077847
114,blocks.22.conv1,0.011829787865281105
114,blocks.22.conv2,0.011114278808236122
114,blocks.23.conv1,0.01289640087634325
114,blocks.23.conv2,0.011237113736569881
114,blocks.24.conv1,0.011496931314468384
114,blocks.24.conv2,0.01007767952978611
114,blocks.25.conv1,0.012385988608002663
114,blocks.25.conv2,0.010618767701089382
114,blocks.26.conv1,0.01316584087908268
114,blocks.26.conv2,0.010836809873580933
114,blocks.27.conv1,0.01196629460901022
114,blocks.27.conv2,0.009837636724114418
114,blocks.28.conv1,0.012164956890046597
114,blocks.28.conv2,0.010539899580180645
114,blocks.29.conv1,0.012883556075394154
114,blocks.29.conv2,0.01126763317734003
114,blocks.30.conv1,0.014346938580274582
114,blocks.30.conv2,0.012071812525391579
114,blocks.31.conv1,0.012058339081704617
114,blocks.31.conv2,0.010307074524462223
114,blocks.32.conv1,0.01199397910386324
114,blocks.32.conv2,0.009681775234639645
114,blocks.33.conv1,0.012447284534573555
114,blocks.33.conv2,0.010283353738486767
114,blocks.34.conv1,0.012931552715599537
114,blocks.34.conv2,0.010912211611866951
114,blocks.35.conv1,0.011487588286399841
114,blocks.35.conv2,0.009758630767464638
114,blocks.36.conv1,0.013719192706048489
114,blocks.36.conv2,0.011466383934020996
114,blocks.37.conv1,0.014249994419515133
114,blocks.37.conv2,0.011167563498020172
114,blocks.38.conv1,0.012635581195354462
114,blocks.38.conv2,0.00977898295968771
114,blocks.39.conv1,0.01230676006525755
114,blocks.39.conv2,0.00951722264289856
114,blocks.40.conv1,0.012070818804204464
114,blocks.40.conv2,0.009441027417778969
114,blocks.41.conv1,0.011431521736085415
114,blocks.41.conv2,0.009862716309726238
114,blocks.42.conv1,0.009712209925055504
114,blocks.42.conv2,0.008696365170180798
114,blocks.43.conv1,0.009202324785292149
114,blocks.43.conv2,0.007523623760789633
114,blocks.44.conv1,0.011476426385343075
114,blocks.44.conv2,0.008234859444200993
114,blocks.45.conv1,0.00842322874814272
114,blocks.45.conv2,0.006833627354353666
114,blocks.46.conv1,0.010663294233381748
114,blocks.46.conv2,0.007869145832955837
114,blocks.47.conv1,0.008145378902554512
114,blocks.47.conv2,0.00679010758176446
114,blocks.48.conv1,0.008995133452117443
114,blocks.48.conv2,0.006329632364213467
114,blocks.49.conv1,0.006878813728690147
114,blocks.49.conv2,0.006491192616522312
114,mean_conv2d_grad_norm,0.010576727500388234
115,stem.0,0.03354191780090332
115,blocks.0.conv1,0.018711436539888382
115,blocks.0.conv2,0.020828094333410263
115,blocks.1.conv1,0.019472798332571983
115,blocks.1.conv2,0.02092326432466507
115,blocks.2.conv1,0.01609124056994915
115,blocks.2.conv2,0.017032628878951073
115,blocks.3.conv1,0.01614825241267681
115,blocks.3.conv2,0.01633744314312935
115,blocks.4.conv1,0.01560355443507433
115,blocks.4.conv2,0.01634564995765686
115,blocks.5.conv1,0.013709013350307941
115,blocks.5.conv2,0.013692246749997139
115,blocks.6.conv1,0.012497221119701862
115,blocks.6.conv2,0.012663774192333221
115,blocks.7.conv1,0.013102422468364239
115,blocks.7.conv2,0.013837982900440693
115,blocks.8.conv1,0.01383084524422884
115,blocks.8.conv2,0.013758675195276737
115,blocks.9.conv1,0.014185048639774323
115,blocks.9.conv2,0.013415796682238579
115,blocks.10.conv1,0.013666868209838867
115,blocks.10.conv2,0.01259022019803524
115,blocks.11.conv1,0.013744925148785114
115,blocks.11.conv2,0.012568852864205837
115,blocks.12.conv1,0.01515268161892891
115,blocks.12.conv2,0.01422187965363264
115,blocks.13.conv1,0.013764739036560059
115,blocks.13.conv2,0.013087768107652664
115,blocks.14.conv1,0.014593701809644699
115,blocks.14.conv2,0.013791287317872047
115,blocks.15.conv1,0.015210889279842377
115,blocks.15.conv2,0.013845152221620083
115,blocks.16.conv1,0.014423337765038013
115,blocks.16.conv2,0.013995341025292873
115,blocks.17.conv1,0.013132809661328793
115,blocks.17.conv2,0.012736650183796883
115,blocks.18.conv1,0.01450528297573328
115,blocks.18.conv2,0.014226034283638
115,blocks.19.conv1,0.015808427706360817
115,blocks.19.conv2,0.014399292878806591
115,blocks.20.conv1,0.015324320644140244
115,blocks.20.conv2,0.013696510344743729
115,blocks.21.conv1,0.015592838637530804
115,blocks.21.conv2,0.014431994408369064
115,blocks.22.conv1,0.01614859327673912
115,blocks.22.conv2,0.01524388324469328
115,blocks.23.conv1,0.017430013045668602
115,blocks.23.conv2,0.015466826036572456
115,blocks.24.conv1,0.016596456989645958
115,blocks.24.conv2,0.015170365571975708
115,blocks.25.conv1,0.017858777195215225
115,blocks.25.conv2,0.01567748747766018
115,blocks.26.conv1,0.019352246075868607
115,blocks.26.conv2,0.015198956243693829
115,blocks.27.conv1,0.017315225675702095
115,blocks.27.conv2,0.0142345717176795
115,blocks.28.conv1,0.02046848274767399
115,blocks.28.conv2,0.016672173514962196
115,blocks.29.conv1,0.018592480570077896
115,blocks.29.conv2,0.014805182814598083
115,blocks.30.conv1,0.017270758748054504
115,blocks.30.conv2,0.01560042891651392
115,blocks.31.conv1,0.017906025052070618
115,blocks.31.conv2,0.016369545832276344
115,blocks.32.conv1,0.018508704379200935
115,blocks.32.conv2,0.01421947032213211
115,blocks.33.conv1,0.016552932560443878
115,blocks.33.conv2,0.014404816552996635
115,blocks.34.conv1,0.018331846222281456
115,blocks.34.conv2,0.01541998703032732
115,blocks.35.conv1,0.016966484487056732
115,blocks.35.conv2,0.015643807128071785
115,blocks.36.conv1,0.01981445401906967
115,blocks.36.conv2,0.015687156468629837
115,blocks.37.conv1,0.019217599183321
115,blocks.37.conv2,0.016413023695349693
115,blocks.38.conv1,0.019532332196831703
115,blocks.38.conv2,0.01564338617026806
115,blocks.39.conv1,0.019789213314652443
115,blocks.39.conv2,0.01730288565158844
115,blocks.40.conv1,0.021132247522473335
115,blocks.40.conv2,0.01670561544597149
115,blocks.41.conv1,0.020608436316251755
115,blocks.41.conv2,0.01728038303554058
115,blocks.42.conv1,0.017421523109078407
115,blocks.42.conv2,0.014676732942461967
115,blocks.43.conv1,0.018034934997558594
115,blocks.43.conv2,0.016693037003278732
115,blocks.44.conv1,0.017482178285717964
115,blocks.44.conv2,0.015730025246739388
115,blocks.45.conv1,0.02032621204853058
115,blocks.45.conv2,0.01599823497235775
115,blocks.46.conv1,0.015790749341249466
115,blocks.46.conv2,0.012517717666924
115,blocks.47.conv1,0.014109957031905651
115,blocks.47.conv2,0.011243977583944798
115,blocks.48.conv1,0.013468313962221146
115,blocks.48.conv2,0.010144524276256561
115,blocks.49.conv1,0.0110304681584239
115,blocks.49.conv2,0.008168259635567665
115,mean_conv2d_grad_norm,0.015837932890742132
116,stem.0,0.006438249722123146
116,blocks.0.conv1,0.005000833421945572
116,blocks.0.conv2,0.005598339252173901
116,blocks.1.conv1,0.004854024853557348
116,blocks.1.conv2,0.005007768981158733
116,blocks.2.conv1,0.004216136410832405
116,blocks.2.conv2,0.004645808134227991
116,blocks.3.conv1,0.0038966042920947075
116,blocks.3.conv2,0.00404846016317606
116,blocks.4.conv1,0.003548526903614402
116,blocks.4.conv2,0.0037685693241655827
116,blocks.5.conv1,0.0033625473733991385
116,blocks.5.conv2,0.003349000820890069
116,blocks.6.conv1,0.00308404304087162
116,blocks.6.conv2,0.0034310854971408844
116,blocks.7.conv1,0.003141208551824093
116,blocks.7.conv2,0.0033032081555575132
116,blocks.8.conv1,0.0033091071527451277
116,blocks.8.conv2,0.0033326728735119104
116,blocks.9.conv1,0.0034145587123930454
116,blocks.9.conv2,0.003260876052081585
116,blocks.10.conv1,0.0030479964334517717
116,blocks.10.conv2,0.0030428969766944647
116,blocks.11.conv1,0.0029968058224767447
116,blocks.11.conv2,0.0029831738211214542
116,blocks.12.conv1,0.0036220645997673273
116,blocks.12.conv2,0.0031662292312830687
116,blocks.13.conv1,0.0034284000284969807
116,blocks.13.conv2,0.0031151105649769306
116,blocks.14.conv1,0.003532505827024579
116,blocks.14.conv2,0.0032303461339324713
116,blocks.15.conv1,0.0036942395381629467
116,blocks.15.conv2,0.0032645934261381626
116,blocks.16.conv1,0.0032702938187867403
116,blocks.16.conv2,0.003260992933064699
116,blocks.17.conv1,0.0037137127947062254
116,blocks.17.conv2,0.0033631487749516964
116,blocks.18.conv1,0.003705675480887294
116,blocks.18.conv2,0.0032099445816129446
116,blocks.19.conv1,0.003603129182010889
116,blocks.19.conv2,0.003229063469916582
116,blocks.20.conv1,0.003687969408929348
116,blocks.20.conv2,0.0031956490129232407
116,blocks.21.conv1,0.003816506126895547
116,blocks.21.conv2,0.0033464920707046986
116,blocks.22.conv1,0.004048866219818592
116,blocks.22.conv2,0.004030728712677956
116,blocks.23.conv1,0.004353126976639032
116,blocks.23.conv2,0.003614397719502449
116,blocks.24.conv1,0.00430375337600708
116,blocks.24.conv2,0.003681143745779991
116,blocks.25.conv1,0.0041930279694497585
116,blocks.25.conv2,0.003469631774351001
116,blocks.26.conv1,0.004387410823255777
116,blocks.26.conv2,0.0036619151942431927
116,blocks.27.conv1,0.003828634973615408
116,blocks.27.conv2,0.0033590132370591164
116,blocks.28.conv1,0.003908776678144932
116,blocks.28.conv2,0.0033938060514628887
116,blocks.29.conv1,0.004011134151369333
116,blocks.29.conv2,0.0035783550702035427
116,blocks.30.conv1,0.004501813091337681
116,blocks.30.conv2,0.003434632671996951
116,blocks.31.conv1,0.004047642927616835
116,blocks.31.conv2,0.0035826279781758785
116,blocks.32.conv1,0.0037266823928803205
116,blocks.32.conv2,0.0032173905055969954
116,blocks.33.conv1,0.003846797626465559
116,blocks.33.conv2,0.0031395643018186092
116,blocks.34.conv1,0.004046348854899406
116,blocks.34.conv2,0.0034747531171888113
116,blocks.35.conv1,0.0035779327154159546
116,blocks.35.conv2,0.0031878978479653597
116,blocks.36.conv1,0.00475198682397604
116,blocks.36.conv2,0.0036329368595033884
116,blocks.37.conv1,0.00434025889262557
116,blocks.37.conv2,0.003221977036446333
116,blocks.38.conv1,0.003707257565110922
116,blocks.38.conv2,0.002810958307236433
116,blocks.39.conv1,0.003952957224100828
116,blocks.39.conv2,0.0030242479406297207
116,blocks.40.conv1,0.0038658855482935905
116,blocks.40.conv2,0.0028615230694413185
116,blocks.41.conv1,0.00378002249635756
116,blocks.41.conv2,0.0035566743463277817
116,blocks.42.conv1,0.003523225663229823
116,blocks.42.conv2,0.0026307932566851377
116,blocks.43.conv1,0.0030068899504840374
116,blocks.43.conv2,0.0023705416824668646
116,blocks.44.conv1,0.0032340132165700197
116,blocks.44.conv2,0.0024990946985781193
116,blocks.45.conv1,0.0028442046605050564
116,blocks.45.conv2,0.0024067764170467854
116,blocks.46.conv1,0.0029160550329834223
116,blocks.46.conv2,0.0021936409175395966
116,blocks.47.conv1,0.002584934700280428
116,blocks.47.conv2,0.0020028571598231792
116,blocks.48.conv1,0.002745454665273428
116,blocks.48.conv2,0.002138318493962288
116,blocks.49.conv1,0.002284960588440299
116,blocks.49.conv2,0.0019742262084037066
116,mean_conv2d_grad_norm,0.003514941087877839
117,stem.0,0.02903183363378048
117,blocks.0.conv1,0.030034607276320457
117,blocks.0.conv2,0.03429980203509331
117,blocks.1.conv1,0.029826095327734947
117,blocks.1.conv2,0.029579833149909973
117,blocks.2.conv1,0.025737106800079346
117,blocks.2.conv2,0.02927941456437111
117,blocks.3.conv1,0.024215837940573692
117,blocks.3.conv2,0.024353401735424995
117,blocks.4.conv1,0.024130918085575104
117,blocks.4.conv2,0.023448340594768524
117,blocks.5.conv1,0.020930226892232895
117,blocks.5.conv2,0.018910285085439682
117,blocks.6.conv1,0.019701214507222176
117,blocks.6.conv2,0.019852034747600555
117,blocks.7.conv1,0.021471666172146797
117,blocks.7.conv2,0.020892426371574402
117,blocks.8.conv1,0.02332485280930996
117,blocks.8.conv2,0.021239537745714188
117,blocks.9.conv1,0.02019699104130268
117,blocks.9.conv2,0.01964619569480419
117,blocks.10.conv1,0.02044765278697014
117,blocks.10.conv2,0.01857287809252739
117,blocks.11.conv1,0.020571120083332062
117,blocks.11.conv2,0.018884016200900078
117,blocks.12.conv1,0.02300545945763588
117,blocks.12.conv2,0.021109264343976974
117,blocks.13.conv1,0.021835774183273315
117,blocks.13.conv2,0.020260702818632126
117,blocks.14.conv1,0.023321017622947693
117,blocks.14.conv2,0.020519252866506577
117,blocks.15.conv1,0.022964857518672943
117,blocks.15.conv2,0.02049604244530201
117,blocks.16.conv1,0.02204081043601036
117,blocks.16.conv2,0.02046479471027851
117,blocks.17.conv1,0.020423153415322304
117,blocks.17.conv2,0.01863948069512844
117,blocks.18.conv1,0.021947704255580902
117,blocks.18.conv2,0.020038630813360214
117,blocks.19.conv1,0.0221541915088892
117,blocks.19.conv2,0.02020786888897419
117,blocks.20.conv1,0.023124095052480698
117,blocks.20.conv2,0.020167997106909752
117,blocks.21.conv1,0.023988205939531326
117,blocks.21.conv2,0.022671647369861603
117,blocks.22.conv1,0.026378795504570007
117,blocks.22.conv2,0.02394496090710163
117,blocks.23.conv1,0.027456628158688545
117,blocks.23.conv2,0.023986754938960075
117,blocks.24.conv1,0.02688184380531311
117,blocks.24.conv2,0.023444654420018196
117,blocks.25.conv1,0.027910001575946808
117,blocks.25.conv2,0.02489587478339672
117,blocks.26.conv1,0.028009610250592232
117,blocks.26.conv2,0.02402564324438572
117,blocks.27.conv1,0.026843195781111717
117,blocks.27.conv2,0.024039607495069504
117,blocks.28.conv1,0.030258838087320328
117,blocks.28.conv2,0.02561729960143566
117,blocks.29.conv1,0.02914559468626976
117,blocks.29.conv2,0.027089281007647514
117,blocks.30.conv1,0.03095989115536213
117,blocks.30.conv2,0.028954390436410904
117,blocks.31.conv1,0.03125220537185669
117,blocks.31.conv2,0.02823510766029358
117,blocks.32.conv1,0.0302549060434103
117,blocks.32.conv2,0.027291452512145042
117,blocks.33.conv1,0.03085716813802719
117,blocks.33.conv2,0.02592514269053936
117,blocks.34.conv1,0.029678938910365105
117,blocks.34.conv2,0.03006918728351593
117,blocks.35.conv1,0.0296226404607296
117,blocks.35.conv2,0.02603338658809662
117,blocks.36.conv1,0.033581607043743134
117,blocks.36.conv2,0.03004550188779831
117,blocks.37.conv1,0.03396504744887352
117,blocks.37.conv2,0.031737204641103745
117,blocks.38.conv1,0.029548488557338715
117,blocks.38.conv2,0.027271686121821404
117,blocks.39.conv1,0.033036068081855774
117,blocks.39.conv2,0.028261518105864525
117,blocks.40.conv1,0.03429023548960686
117,blocks.40.conv2,0.03153402358293533
117,blocks.41.conv1,0.04076196625828743
117,blocks.41.conv2,0.029719499871134758
117,blocks.42.conv1,0.030899960547685623
117,blocks.42.conv2,0.025065744295716286
117,blocks.43.conv1,0.029057476669549942
117,blocks.43.conv2,0.023345917463302612
117,blocks.44.conv1,0.02970471978187561
117,blocks.44.conv2,0.02503765933215618
117,blocks.45.conv1,0.028511937707662582
117,blocks.45.conv2,0.0243638027459383
117,blocks.46.conv1,0.03179755061864853
117,blocks.46.conv2,0.027888992801308632
117,blocks.47.conv1,0.03185898810625076
117,blocks.47.conv2,0.027160916477441788
117,blocks.48.conv1,0.032962165772914886
117,blocks.48.conv2,0.02545076794922352
117,blocks.49.conv1,0.02856050245463848
117,blocks.49.conv2,0.02148122526705265
117,mean_conv2d_grad_norm,0.02588042987529004
118,stem.0,0.008235698565840721
118,blocks.0.conv1,0.007014043629169464
118,blocks.0.conv2,0.007871796377003193
118,blocks.1.conv1,0.006863296031951904
118,blocks.1.conv2,0.007572968490421772
118,blocks.2.conv1,0.006172525696456432
118,blocks.2.conv2,0.0065918550826609135
118,blocks.3.conv1,0.0055810981430113316
118,blocks.3.conv2,0.0058688996359705925
118,blocks.4.conv1,0.005583205725997686
118,blocks.4.conv2,0.005659759510308504
118,blocks.5.conv1,0.004982923623174429
118,blocks.5.conv2,0.005107692442834377
118,blocks.6.conv1,0.00462522404268384
118,blocks.6.conv2,0.004734220448881388
118,blocks.7.conv1,0.0049935998395085335
118,blocks.7.conv2,0.005168306175619364
118,blocks.8.conv1,0.004996629897505045
118,blocks.8.conv2,0.004905410576611757
118,blocks.9.conv1,0.0048998380079865456
118,blocks.9.conv2,0.0047739590518176556
118,blocks.10.conv1,0.0048618013970553875
118,blocks.10.conv2,0.004775800742208958
118,blocks.11.conv1,0.004810968413949013
118,blocks.11.conv2,0.004706494510173798
118,blocks.12.conv1,0.005451352801173925
118,blocks.12.conv2,0.005110773723572493
118,blocks.13.conv1,0.005226100794970989
118,blocks.13.conv2,0.004839606583118439
118,blocks.14.conv1,0.005707726813852787
118,blocks.14.conv2,0.005244332831352949
118,blocks.15.conv1,0.005365025717765093
118,blocks.15.conv2,0.0050448281690478325
118,blocks.16.conv1,0.005367376375943422
118,blocks.16.conv2,0.004971622489392757
118,blocks.17.conv1,0.004677873104810715
118,blocks.17.conv2,0.004267890006303787
118,blocks.18.conv1,0.005320878699421883
118,blocks.18.conv2,0.004994465038180351
118,blocks.19.conv1,0.005643666721880436
118,blocks.19.conv2,0.005016235634684563
118,blocks.20.conv1,0.005357424728572369
118,blocks.20.conv2,0.004912549164146185
118,blocks.21.conv1,0.005597271956503391
118,blocks.21.conv2,0.005157822277396917
118,blocks.22.conv1,0.006196291651576757
118,blocks.22.conv2,0.00586512079462409
118,blocks.23.conv1,0.006869143340736628
118,blocks.23.conv2,0.005904629360884428
118,blocks.24.conv1,0.006221075542271137
118,blocks.24.conv2,0.005697279237210751
118,blocks.25.conv1,0.006349731702357531
118,blocks.25.conv2,0.005613230634480715
118,blocks.26.conv1,0.006834513042122126
118,blocks.26.conv2,0.005875501316040754
118,blocks.27.conv1,0.00656829122453928
118,blocks.27.conv2,0.005498409736901522
118,blocks.28.conv1,0.006294389255344868
118,blocks.28.conv2,0.005605531856417656
118,blocks.29.conv1,0.006504249759018421
118,blocks.29.conv2,0.006011560093611479
118,blocks.30.conv1,0.006981251295655966
118,blocks.30.conv2,0.006125064101070166
118,blocks.31.conv1,0.006820407696068287
118,blocks.31.conv2,0.005730137694627047
118,blocks.32.conv1,0.0070577035658061504
118,blocks.32.conv2,0.005603866185992956
118,blocks.33.conv1,0.006273224484175444
118,blocks.33.conv2,0.005317283794283867
118,blocks.34.conv1,0.00690592871978879
118,blocks.34.conv2,0.005793087650090456
118,blocks.35.conv1,0.006036460865288973
118,blocks.35.conv2,0.005030533764511347
118,blocks.36.conv1,0.007017624098807573
118,blocks.36.conv2,0.005650223232805729
118,blocks.37.conv1,0.007182813249528408
118,blocks.37.conv2,0.005947611760348082
118,blocks.38.conv1,0.007047608494758606
118,blocks.38.conv2,0.005753993056714535
118,blocks.39.conv1,0.007014764938503504
118,blocks.39.conv2,0.005565299652516842
118,blocks.40.conv1,0.006483481265604496
118,blocks.40.conv2,0.005530085414648056
118,blocks.41.conv1,0.006631232798099518
118,blocks.41.conv2,0.005672480445355177
118,blocks.42.conv1,0.005921429023146629
118,blocks.42.conv2,0.004618183244019747
118,blocks.43.conv1,0.00607557175680995
118,blocks.43.conv2,0.004839579574763775
118,blocks.44.conv1,0.0057343062944710255
118,blocks.44.conv2,0.004499617964029312
118,blocks.45.conv1,0.005599938333034515
118,blocks.45.conv2,0.004670923575758934
118,blocks.46.conv1,0.005157611798495054
118,blocks.46.conv2,0.0044090584851801395
118,blocks.47.conv1,0.005857391748577356
118,blocks.47.conv2,0.00458485446870327
118,blocks.48.conv1,0.005668385419994593
118,blocks.48.conv2,0.00461543956771493
118,blocks.49.conv1,0.005026448052376509
118,blocks.49.conv2,0.004453425761312246
118,mean_conv2d_grad_norm,0.005677684371608613
119,stem.0,0.01695077493786812
119,blocks.0.conv1,0.013623576611280441
119,blocks.0.conv2,0.015491208992898464
119,blocks.1.conv1,0.01332797110080719
119,blocks.1.conv2,0.013862372376024723
119,blocks.2.conv1,0.012556337751448154
119,blocks.2.conv2,0.013414437882602215
119,blocks.3.conv1,0.010372461751103401
119,blocks.3.conv2,0.01149230357259512
119,blocks.4.conv1,0.009741290472447872
119,blocks.4.conv2,0.01043287105858326
119,blocks.5.conv1,0.00970100611448288
119,blocks.5.conv2,0.009126036427915096
119,blocks.6.conv1,0.008126496337354183
119,blocks.6.conv2,0.008838359266519547
119,blocks.7.conv1,0.008679644204676151
119,blocks.7.conv2,0.009220591746270657
119,blocks.8.conv1,0.009078790433704853
119,blocks.8.conv2,0.009095760993659496
119,blocks.9.conv1,0.00844724290072918
119,blocks.9.conv2,0.008258012123405933
119,blocks.10.conv1,0.009564997628331184
119,blocks.10.conv2,0.008502451702952385
119,blocks.11.conv1,0.009635614231228828
119,blocks.11.conv2,0.0091636311262846
119,blocks.12.conv1,0.009733125567436218
119,blocks.12.conv2,0.009201607666909695
119,blocks.13.conv1,0.009280058555305004
119,blocks.13.conv2,0.009584784507751465
119,blocks.14.conv1,0.010677806101739407
119,blocks.14.conv2,0.009500446729362011
119,blocks.15.conv1,0.010362264700233936
119,blocks.15.conv2,0.009708559140563011
119,blocks.16.conv1,0.009932015091180801
119,blocks.16.conv2,0.009074573405086994
119,blocks.17.conv1,0.008733869530260563
119,blocks.17.conv2,0.008195063099265099
119,blocks.18.conv1,0.009912858717143536
119,blocks.18.conv2,0.009127884171903133
119,blocks.19.conv1,0.010232910513877869
119,blocks.19.conv2,0.009523742832243443
119,blocks.20.conv1,0.010446389205753803
119,blocks.20.conv2,0.009133120998740196
119,blocks.21.conv1,0.010506666265428066
119,blocks.21.conv2,0.009926953352987766
119,blocks.22.conv1,0.011095835827291012
119,blocks.22.conv2,0.009325611405074596
119,blocks.23.conv1,0.012520268559455872
119,blocks.23.conv2,0.009610949084162712
119,blocks.24.conv1,0.012151770293712616
119,blocks.24.conv2,0.00931115448474884
119,blocks.25.conv1,0.011694868095219135
119,blocks.25.conv2,0.009573268704116344
119,blocks.26.conv1,0.012687580659985542
119,blocks.26.conv2,0.009708190336823463
119,blocks.27.conv1,0.010554790496826172
119,blocks.27.conv2,0.008946181274950504
119,blocks.28.conv1,0.01201130822300911
119,blocks.28.conv2,0.009635874070227146
119,blocks.29.conv1,0.013315933756530285
119,blocks.29.conv2,0.010235505178570747
119,blocks.30.conv1,0.013022196479141712
119,blocks.30.conv2,0.009546774439513683
119,blocks.31.conv1,0.010746159590780735
119,blocks.31.conv2,0.00827894639223814
119,blocks.32.conv1,0.01062000822275877
119,blocks.32.conv2,0.00881623663008213
119,blocks.33.conv1,0.010551542043685913
119,blocks.33.conv2,0.009322612546384335
119,blocks.34.conv1,0.010865076445043087
119,blocks.34.conv2,0.008749437518417835
119,blocks.35.conv1,0.009477535262703896
119,blocks.35.conv2,0.008490684442222118
119,blocks.36.conv1,0.012426252476871014
119,blocks.36.conv2,0.009115125983953476
119,blocks.37.conv1,0.012177741155028343
119,blocks.37.conv2,0.008222507312893867
119,blocks.38.conv1,0.010863560251891613
119,blocks.38.conv2,0.007875584065914154
119,blocks.39.conv1,0.010745611973106861
119,blocks.39.conv2,0.007950196973979473
119,blocks.40.conv1,0.009687991812825203
119,blocks.40.conv2,0.00798671506345272
119,blocks.41.conv1,0.00992324948310852
119,blocks.41.conv2,0.009358344599604607
119,blocks.42.conv1,0.010011897422373295
119,blocks.42.conv2,0.0073324874974787235
119,blocks.43.conv1,0.007547506131231785
119,blocks.43.conv2,0.006355565972626209
119,blocks.44.conv1,0.009011629037559032
119,blocks.44.conv2,0.0077744098380208015
119,blocks.45.conv1,0.00752158323302865
119,blocks.45.conv2,0.006731603294610977
119,blocks.46.conv1,0.007241764571517706
119,blocks.46.conv2,0.005723502486944199
119,blocks.47.conv1,0.007747531868517399
119,blocks.47.conv2,0.005461102817207575
119,blocks.48.conv1,0.006387923378497362
119,blocks.48.conv2,0.005107264034450054
119,blocks.49.conv1,0.006244357209652662
119,blocks.49.conv2,0.004922168795019388
119,mean_conv2d_grad_norm,0.009681390307954337
120,stem.0,0.013860506005585194
120,blocks.0.conv1,0.010982457548379898
120,blocks.0.conv2,0.011655943468213081
120,blocks.1.conv1,0.010209230706095695
120,blocks.1.conv2,0.010849585756659508
120,blocks.2.conv1,0.00907022226601839
120,blocks.2.conv2,0.009176002815365791
120,blocks.3.conv1,0.007951196283102036
120,blocks.3.conv2,0.008411087095737457
120,blocks.4.conv1,0.007785628084093332
120,blocks.4.conv2,0.008239751681685448
120,blocks.5.conv1,0.00739897508174181
120,blocks.5.conv2,0.007269216235727072
120,blocks.6.conv1,0.006847614422440529
120,blocks.6.conv2,0.006893214304000139
120,blocks.7.conv1,0.006842875853180885
120,blocks.7.conv2,0.006857248954474926
120,blocks.8.conv1,0.0070314472541213036
120,blocks.8.conv2,0.0068306573666632175
120,blocks.9.conv1,0.00689029460772872
120,blocks.9.conv2,0.006754704751074314
120,blocks.10.conv1,0.006872003432363272
120,blocks.10.conv2,0.006624659989029169
120,blocks.11.conv1,0.006708613596856594
120,blocks.11.conv2,0.006602788809686899
120,blocks.12.conv1,0.00745420204475522
120,blocks.12.conv2,0.006876091472804546
120,blocks.13.conv1,0.007137226406484842
120,blocks.13.conv2,0.006745772901922464
120,blocks.14.conv1,0.00753882247954607
120,blocks.14.conv2,0.006963483523577452
120,blocks.15.conv1,0.007748749107122421
120,blocks.15.conv2,0.0068884845823049545
120,blocks.16.conv1,0.007368159014731646
120,blocks.16.conv2,0.0066973487846553326
120,blocks.17.conv1,0.006705489940941334
120,blocks.17.conv2,0.006267856806516647
120,blocks.18.conv1,0.007754273246973753
120,blocks.18.conv2,0.006876579951494932
120,blocks.19.conv1,0.007518812548369169
120,blocks.19.conv2,0.007058900315314531
120,blocks.20.conv1,0.00761762447655201
120,blocks.20.conv2,0.006846497766673565
120,blocks.21.conv1,0.00827094167470932
120,blocks.21.conv2,0.007205787114799023
120,blocks.22.conv1,0.00840876717120409
120,blocks.22.conv2,0.007768142968416214
120,blocks.23.conv1,0.009487277828156948
120,blocks.23.conv2,0.008442661724984646
120,blocks.24.conv1,0.008637581951916218
120,blocks.24.conv2,0.007722404785454273
120,blocks.25.conv1,0.009267015382647514
120,blocks.25.conv2,0.008270828984677792
120,blocks.26.conv1,0.009158364497125149
120,blocks.26.conv2,0.007886678911745548
120,blocks.27.conv1,0.008749802596867085
120,blocks.27.conv2,0.007644691038876772
120,blocks.28.conv1,0.00941859744489193
120,blocks.28.conv2,0.008168218657374382
120,blocks.29.conv1,0.0100357411429286
120,blocks.29.conv2,0.008599950931966305
120,blocks.30.conv1,0.010676884092390537
120,blocks.30.conv2,0.008858303539454937
120,blocks.31.conv1,0.009574759751558304
120,blocks.31.conv2,0.008312583900988102
120,blocks.32.conv1,0.00978601723909378
120,blocks.32.conv2,0.007858633995056152
120,blocks.33.conv1,0.009711058810353279
120,blocks.33.conv2,0.008028541691601276
120,blocks.34.conv1,0.010543599724769592
120,blocks.34.conv2,0.008901111781597137
120,blocks.35.conv1,0.008771868422627449
120,blocks.35.conv2,0.007442216854542494
120,blocks.36.conv1,0.01053550373762846
120,blocks.36.conv2,0.009192842990159988
120,blocks.37.conv1,0.010839425027370453
120,blocks.37.conv2,0.008847055956721306
120,blocks.38.conv1,0.010018373839557171
120,blocks.38.conv2,0.008294163271784782
120,blocks.39.conv1,0.009346828795969486
120,blocks.39.conv2,0.008373474702239037
120,blocks.40.conv1,0.0099800368770957
120,blocks.40.conv2,0.007627400103956461
120,blocks.41.conv1,0.009339872747659683
120,blocks.41.conv2,0.007958145812153816
120,blocks.42.conv1,0.008487173356115818
120,blocks.42.conv2,0.007077900227159262
120,blocks.43.conv1,0.00855476688593626
120,blocks.43.conv2,0.007152370177209377
120,blocks.44.conv1,0.009785136207938194
120,blocks.44.conv2,0.008174167014658451
120,blocks.45.conv1,0.008445405401289463
120,blocks.45.conv2,0.006054185330867767
120,blocks.46.conv1,0.008428019471466541
120,blocks.46.conv2,0.006001324392855167
120,blocks.47.conv1,0.007894271984696388
120,blocks.47.conv2,0.005759215913712978
120,blocks.48.conv1,0.007729618810117245
120,blocks.48.conv2,0.006058583967387676
120,blocks.49.conv1,0.006502723786979914
120,blocks.49.conv2,0.00594145804643631
120,mean_conv2d_grad_norm,0.008145433477135283
121,stem.0,0.02835281752049923
121,blocks.0.conv1,0.019779061898589134
121,blocks.0.conv2,0.02084382064640522
121,blocks.1.conv1,0.01896343007683754
121,blocks.1.conv2,0.018554506823420525
121,blocks.2.conv1,0.015268227085471153
121,blocks.2.conv2,0.01545645110309124
121,blocks.3.conv1,0.014069760218262672
121,blocks.3.conv2,0.01477576419711113
121,blocks.4.conv1,0.013116256333887577
121,blocks.4.conv2,0.013415847904980183
121,blocks.5.conv1,0.012097586877644062
121,blocks.5.conv2,0.011957401409745216
121,blocks.6.conv1,0.011760976165533066
121,blocks.6.conv2,0.011829379014670849
121,blocks.7.conv1,0.011759539134800434
121,blocks.7.conv2,0.012301542796194553
121,blocks.8.conv1,0.012284784577786922
121,blocks.8.conv2,0.012100256979465485
121,blocks.9.conv1,0.012207862921059132
121,blocks.9.conv2,0.01235337182879448
121,blocks.10.conv1,0.01203387975692749
121,blocks.10.conv2,0.011348049156367779
121,blocks.11.conv1,0.012762765400111675
121,blocks.11.conv2,0.01207626424729824
121,blocks.12.conv1,0.013317085802555084
121,blocks.12.conv2,0.01261438149958849
121,blocks.13.conv1,0.012726781889796257
121,blocks.13.conv2,0.01254919171333313
121,blocks.14.conv1,0.014231240376830101
121,blocks.14.conv2,0.013751504011452198
121,blocks.15.conv1,0.013929248787462711
121,blocks.15.conv2,0.012732393108308315
121,blocks.16.conv1,0.013469559140503407
121,blocks.16.conv2,0.011381774209439754
121,blocks.17.conv1,0.01090289931744337
121,blocks.17.conv2,0.010350991040468216
121,blocks.18.conv1,0.013303283601999283
121,blocks.18.conv2,0.012039531022310257
121,blocks.19.conv1,0.013326428830623627
121,blocks.19.conv2,0.01292050164192915
121,blocks.20.conv1,0.012939294800162315
121,blocks.20.conv2,0.011371377855539322
121,blocks.21.conv1,0.014313056133687496
121,blocks.21.conv2,0.013600211590528488
121,blocks.22.conv1,0.014679758809506893
121,blocks.22.conv2,0.013761645182967186
121,blocks.23.conv1,0.0162935983389616
121,blocks.23.conv2,0.015031218528747559
121,blocks.24.conv1,0.014471265487372875
121,blocks.24.conv2,0.013163593597710133
121,blocks.25.conv1,0.016214286908507347
121,blocks.25.conv2,0.014274299144744873
121,blocks.26.conv1,0.01607275940477848
121,blocks.26.conv2,0.013783207163214684
121,blocks.27.conv1,0.016046812757849693
121,blocks.27.conv2,0.014871180057525635
121,blocks.28.conv1,0.01676938496530056
121,blocks.28.conv2,0.014002597890794277
121,blocks.29.conv1,0.01619872823357582
121,blocks.29.conv2,0.015304025262594223
121,blocks.30.conv1,0.018511105328798294
121,blocks.30.conv2,0.01637871563434601
121,blocks.31.conv1,0.016304986551404
121,blocks.31.conv2,0.014382055960595608
121,blocks.32.conv1,0.017224693670868874
121,blocks.32.conv2,0.013665932230651379
121,blocks.33.conv1,0.016935639083385468
121,blocks.33.conv2,0.013405762612819672
121,blocks.34.conv1,0.01707671955227852
121,blocks.34.conv2,0.014104216359555721
121,blocks.35.conv1,0.016131438314914703
121,blocks.35.conv2,0.014396659098565578
121,blocks.36.conv1,0.016911666840314865
121,blocks.36.conv2,0.014976462349295616
121,blocks.37.conv1,0.019204353913664818
121,blocks.37.conv2,0.015602920204401016
121,blocks.38.conv1,0.018764862790703773
121,blocks.38.conv2,0.015858232975006104
121,blocks.39.conv1,0.0186806358397007
121,blocks.39.conv2,0.016838746145367622
121,blocks.40.conv1,0.02127555012702942
121,blocks.40.conv2,0.016219837591052055
121,blocks.41.conv1,0.019194534048438072
121,blocks.41.conv2,0.016379421576857567
121,blocks.42.conv1,0.01775897480547428
121,blocks.42.conv2,0.014269642531871796
121,blocks.43.conv1,0.015706803649663925
121,blocks.43.conv2,0.012166052125394344
121,blocks.44.conv1,0.01698620617389679
121,blocks.44.conv2,0.012743339873850346
121,blocks.45.conv1,0.014297905378043652
121,blocks.45.conv2,0.010838420130312443
121,blocks.46.conv1,0.014898931607604027
121,blocks.46.conv2,0.011517790146172047
121,blocks.47.conv1,0.012956973165273666
121,blocks.47.conv2,0.009283156134188175
121,blocks.48.conv1,0.014645070768892765
121,blocks.48.conv2,0.009877601638436317
121,blocks.49.conv1,0.011587360873818398
121,blocks.49.conv2,0.00897828210145235
121,mean_conv2d_grad_norm,0.014506102594925036
122,stem.0,0.018605750054121017
122,blocks.0.conv1,0.015890534967184067
122,blocks.0.conv2,0.017570804804563522
122,blocks.1.conv1,0.015426408499479294
122,blocks.1.conv2,0.016022274270653725
122,blocks.2.conv1,0.0139288529753685
122,blocks.2.conv2,0.015149882063269615
122,blocks.3.conv1,0.013010132126510143
122,blocks.3.conv2,0.01352915819734335
122,blocks.4.conv1,0.013233345933258533
122,blocks.4.conv2,0.013429165817797184
122,blocks.5.conv1,0.01178168784826994
122,blocks.5.conv2,0.01210837159305811
122,blocks.6.conv1,0.010718900710344315
122,blocks.6.conv2,0.010699180886149406
122,blocks.7.conv1,0.010159695520997047
122,blocks.7.conv2,0.01094880048185587
122,blocks.8.conv1,0.011467388831079006
122,blocks.8.conv2,0.010885500349104404
122,blocks.9.conv1,0.01159293670207262
122,blocks.9.conv2,0.010959268547594547
122,blocks.10.conv1,0.011709338054060936
122,blocks.10.conv2,0.011479225009679794
122,blocks.11.conv1,0.011589291505515575
122,blocks.11.conv2,0.011533413082361221
122,blocks.12.conv1,0.012573056854307652
122,blocks.12.conv2,0.011672877706587315
122,blocks.13.conv1,0.012656732462346554
122,blocks.13.conv2,0.010825893841683865
122,blocks.14.conv1,0.013674783520400524
122,blocks.14.conv2,0.01162184588611126
122,blocks.15.conv1,0.012120646424591541
122,blocks.15.conv2,0.010879331268370152
122,blocks.16.conv1,0.012318622320890427
122,blocks.16.conv2,0.01144149899482727
122,blocks.17.conv1,0.01034497283399105
122,blocks.17.conv2,0.009776993654668331
122,blocks.18.conv1,0.012853340245783329
122,blocks.18.conv2,0.011419888585805893
122,blocks.19.conv1,0.012639564462006092
122,blocks.19.conv2,0.012077638879418373
122,blocks.20.conv1,0.012878683395683765
122,blocks.20.conv2,0.012035834603011608
122,blocks.21.conv1,0.012915956787765026
122,blocks.21.conv2,0.011816381476819515
122,blocks.22.conv1,0.01439517643302679
122,blocks.22.conv2,0.012740147300064564
122,blocks.23.conv1,0.015259690582752228
122,blocks.23.conv2,0.01309309620410204
122,blocks.24.conv1,0.0143550680950284
122,blocks.24.conv2,0.012496225535869598
122,blocks.25.conv1,0.016657091677188873
122,blocks.25.conv2,0.013082584366202354
122,blocks.26.conv1,0.015552394092082977
122,blocks.26.conv2,0.012213177047669888
122,blocks.27.conv1,0.01668749377131462
122,blocks.27.conv2,0.01396910659968853
122,blocks.28.conv1,0.016247285529971123
122,blocks.28.conv2,0.014004125259816647
122,blocks.29.conv1,0.014945006929337978
122,blocks.29.conv2,0.012920405715703964
122,blocks.30.conv1,0.01640104129910469
122,blocks.30.conv2,0.014033425599336624
122,blocks.31.conv1,0.015151272527873516
122,blocks.31.conv2,0.012663831003010273
122,blocks.32.conv1,0.015306389890611172
122,blocks.32.conv2,0.012366666458547115
122,blocks.33.conv1,0.014521467499434948
122,blocks.33.conv2,0.012976627796888351
122,blocks.34.conv1,0.014984367415308952
122,blocks.34.conv2,0.013335919007658958
122,blocks.35.conv1,0.013866146095097065
122,blocks.35.conv2,0.01239225547760725
122,blocks.36.conv1,0.016247909516096115
122,blocks.36.conv2,0.014310674741864204
122,blocks.37.conv1,0.016667814925312996
122,blocks.37.conv2,0.0135794160887599
122,blocks.38.conv1,0.015599469654262066
122,blocks.38.conv2,0.013015282340347767
122,blocks.39.conv1,0.015492886304855347
122,blocks.39.conv2,0.014987954869866371
122,blocks.40.conv1,0.015426109544932842
122,blocks.40.conv2,0.013136180117726326
122,blocks.41.conv1,0.018169792369008064
122,blocks.41.conv2,0.013875652104616165
122,blocks.42.conv1,0.013526163063943386
122,blocks.42.conv2,0.01348687894642353
122,blocks.43.conv1,0.013145475648343563
122,blocks.43.conv2,0.011907285079360008
122,blocks.44.conv1,0.014718390069901943
122,blocks.44.conv2,0.012113881297409534
122,blocks.45.conv1,0.013126296922564507
122,blocks.45.conv2,0.010893275961279869
122,blocks.46.conv1,0.01601669192314148
122,blocks.46.conv2,0.010169321671128273
122,blocks.47.conv1,0.012101743370294571
122,blocks.47.conv2,0.009691874496638775
122,blocks.48.conv1,0.01436795573681593
122,blocks.48.conv2,0.009585587307810783
122,blocks.49.conv1,0.01008090004324913
122,blocks.49.conv2,0.008564460091292858
122,mean_conv2d_grad_norm,0.013194026360933734
123,stem.0,0.007301233243197203
123,blocks.0.conv1,0.006056191399693489
123,blocks.0.conv2,0.006180750671774149
123,blocks.1.conv1,0.005374237895011902
123,blocks.1.conv2,0.005597887560725212
123,blocks.2.conv1,0.00496082054451108
123,blocks.2.conv2,0.005257064942270517
123,blocks.3.conv1,0.004664046689867973
123,blocks.3.conv2,0.0050013186410069466
123,blocks.4.conv1,0.00450969347730279
123,blocks.4.conv2,0.004837030544877052
123,blocks.5.conv1,0.004008876625448465
123,blocks.5.conv2,0.004042113199830055
123,blocks.6.conv1,0.003982450347393751
123,blocks.6.conv2,0.004323654342442751
123,blocks.7.conv1,0.003886084770783782
123,blocks.7.conv2,0.004097455646842718
123,blocks.8.conv1,0.0042073363438248634
123,blocks.8.conv2,0.004100129008293152
123,blocks.9.conv1,0.004220342729240656
123,blocks.9.conv2,0.004218799527734518
123,blocks.10.conv1,0.004088880494236946
123,blocks.10.conv2,0.003878894494846463
123,blocks.11.conv1,0.004084632266312838
123,blocks.11.conv2,0.004006813745945692
123,blocks.12.conv1,0.004599816631525755
123,blocks.12.conv2,0.004181455820798874
123,blocks.13.conv1,0.00423084944486618
123,blocks.13.conv2,0.003950681071728468
123,blocks.14.conv1,0.004759889096021652
123,blocks.14.conv2,0.0041100080125033855
123,blocks.15.conv1,0.004210072569549084
123,blocks.15.conv2,0.004017184488475323
123,blocks.16.conv1,0.004419069737195969
123,blocks.16.conv2,0.003982542082667351
123,blocks.17.conv1,0.0038225685711950064
123,blocks.17.conv2,0.0036962297745049
123,blocks.18.conv1,0.004621897824108601
123,blocks.18.conv2,0.004152522888034582
123,blocks.19.conv1,0.004501624498516321
123,blocks.19.conv2,0.004235971253365278
123,blocks.20.conv1,0.004558553919196129
123,blocks.20.conv2,0.004050231538712978
123,blocks.21.conv1,0.004549391567707062
123,blocks.21.conv2,0.004200553055852652
123,blocks.22.conv1,0.005130015313625336
123,blocks.22.conv2,0.0048302169889211655
123,blocks.23.conv1,0.0056408424861729145
123,blocks.23.conv2,0.004985530395060778
123,blocks.24.conv1,0.0052331676706671715
123,blocks.24.conv2,0.004710297100245953
123,blocks.25.conv1,0.005838457494974136
123,blocks.25.conv2,0.0049681281670928
123,blocks.26.conv1,0.005174071993678808
123,blocks.26.conv2,0.004543370567262173
123,blocks.27.conv1,0.005371423903852701
123,blocks.27.conv2,0.004894527606666088
123,blocks.28.conv1,0.005907194688916206
123,blocks.28.conv2,0.0049376836977899075
123,blocks.29.conv1,0.005882104393094778
123,blocks.29.conv2,0.005586650688201189
123,blocks.30.conv1,0.0063402168452739716
123,blocks.30.conv2,0.005777922458946705
123,blocks.31.conv1,0.006069816183298826
123,blocks.31.conv2,0.005053788423538208
123,blocks.32.conv1,0.0060933600179851055
123,blocks.32.conv2,0.0048375059850513935
123,blocks.33.conv1,0.005423699039965868
123,blocks.33.conv2,0.004614618141204119
123,blocks.34.conv1,0.005990620236843824
123,blocks.34.conv2,0.005171364173293114
123,blocks.35.conv1,0.005274406634271145
123,blocks.35.conv2,0.004405456595122814
123,blocks.36.conv1,0.006470326334238052
123,blocks.36.conv2,0.00506210420280695
123,blocks.37.conv1,0.006148267071694136
123,blocks.37.conv2,0.0045446367003023624
123,blocks.38.conv1,0.0056572481989860535
123,blocks.38.conv2,0.004558389075100422
123,blocks.39.conv1,0.0052159447222948074
123,blocks.39.conv2,0.0045303585939109325
123,blocks.40.conv1,0.00544736860319972
123,blocks.40.conv2,0.0043821875005960464
123,blocks.41.conv1,0.005816271528601646
123,blocks.41.conv2,0.004664186388254166
123,blocks.42.conv1,0.005406912881880999
123,blocks.42.conv2,0.003974021412432194
123,blocks.43.conv1,0.004667080007493496
123,blocks.43.conv2,0.0039151692762970924
123,blocks.44.conv1,0.004748074803501368
123,blocks.44.conv2,0.004190977197140455
123,blocks.45.conv1,0.00472403084859252
123,blocks.45.conv2,0.0036184433847665787
123,blocks.46.conv1,0.004614324774593115
123,blocks.46.conv2,0.0034427244681864977
123,blocks.47.conv1,0.004516862332820892
123,blocks.47.conv2,0.0034750825725495815
123,blocks.48.conv1,0.004549125675112009
123,blocks.48.conv2,0.0034912743140012026
123,blocks.49.conv1,0.003894670167937875
123,blocks.49.conv2,0.002966211875900626
123,mean_conv2d_grad_norm,0.004743728572318312
124,stem.0,0.011034414172172546
124,blocks.0.conv1,0.010772439651191235
124,blocks.0.conv2,0.012490763328969479
124,blocks.1.conv1,0.010643347166478634
124,blocks.1.conv2,0.010909749194979668
124,blocks.2.conv1,0.009395436383783817
124,blocks.2.conv2,0.009874577634036541
124,blocks.3.conv1,0.008802905678749084
124,blocks.3.conv2,0.009304962120950222
124,blocks.4.conv1,0.008410605601966381
124,blocks.4.conv2,0.008405870757997036
124,blocks.5.conv1,0.008082259446382523
124,blocks.5.conv2,0.007897956296801567
124,blocks.6.conv1,0.007113795727491379
124,blocks.6.conv2,0.007063904777169228
124,blocks.7.conv1,0.006991196423768997
124,blocks.7.conv2,0.007377253845334053
124,blocks.8.conv1,0.007422755006700754
124,blocks.8.conv2,0.007104459684342146
124,blocks.9.conv1,0.007430503610521555
124,blocks.9.conv2,0.007093418855220079
124,blocks.10.conv1,0.007733701728284359
124,blocks.10.conv2,0.007236364763230085
124,blocks.11.conv1,0.0073218815959990025
124,blocks.11.conv2,0.006951536517590284
124,blocks.12.conv1,0.008353207260370255
124,blocks.12.conv2,0.007862654514610767
124,blocks.13.conv1,0.007604129612445831
124,blocks.13.conv2,0.006937108468264341
124,blocks.14.conv1,0.008628296665847301
124,blocks.14.conv2,0.0077219693921506405
124,blocks.15.conv1,0.00819157063961029
124,blocks.15.conv2,0.007972258143126965
124,blocks.16.conv1,0.007900512777268887
124,blocks.16.conv2,0.007218795362859964
124,blocks.17.conv1,0.006993296090513468
124,blocks.17.conv2,0.006411765702068806
124,blocks.18.conv1,0.008050629869103432
124,blocks.18.conv2,0.006941692903637886
124,blocks.19.conv1,0.008278490044176579
124,blocks.19.conv2,0.00742385582998395
124,blocks.20.conv1,0.007987584918737411
124,blocks.20.conv2,0.007080603390932083
124,blocks.21.conv1,0.008134517818689346
124,blocks.21.conv2,0.007371061947196722
124,blocks.22.conv1,0.008596343919634819
124,blocks.22.conv2,0.008130297064781189
124,blocks.23.conv1,0.010193242691457272
124,blocks.23.conv2,0.0087432861328125
124,blocks.24.conv1,0.009025600738823414
124,blocks.24.conv2,0.00817018374800682
124,blocks.25.conv1,0.009804490022361279
124,blocks.25.conv2,0.008728419430553913
124,blocks.26.conv1,0.009922021999955177
124,blocks.26.conv2,0.008575014770030975
124,blocks.27.conv1,0.009914813563227654
124,blocks.27.conv2,0.009329265914857388
124,blocks.28.conv1,0.00991014949977398
124,blocks.28.conv2,0.0095752514898777
124,blocks.29.conv1,0.010076492093503475
124,blocks.29.conv2,0.009378122165799141
124,blocks.30.conv1,0.010584989562630653
124,blocks.30.conv2,0.008972284384071827
124,blocks.31.conv1,0.009578852914273739
124,blocks.31.conv2,0.008674862794578075
124,blocks.32.conv1,0.010098911821842194
124,blocks.32.conv2,0.008772581815719604
124,blocks.33.conv1,0.009344960562884808
124,blocks.33.conv2,0.008515463210642338
124,blocks.34.conv1,0.010285149328410625
124,blocks.34.conv2,0.009232371114194393
124,blocks.35.conv1,0.010268347337841988
124,blocks.35.conv2,0.008533795364201069
124,blocks.36.conv1,0.011211018078029156
124,blocks.36.conv2,0.010495694354176521
124,blocks.37.conv1,0.010930236428976059
124,blocks.37.conv2,0.010133673436939716
124,blocks.38.conv1,0.011207007803022861
124,blocks.38.conv2,0.009933074936270714
124,blocks.39.conv1,0.011026248335838318
124,blocks.39.conv2,0.009782069362699986
124,blocks.40.conv1,0.012169169262051582
124,blocks.40.conv2,0.009993946179747581
124,blocks.41.conv1,0.011658272705972195
124,blocks.41.conv2,0.009685613214969635
124,blocks.42.conv1,0.010741994716227055
124,blocks.42.conv2,0.009343152865767479
124,blocks.43.conv1,0.011054114438593388
124,blocks.43.conv2,0.008730212226510048
124,blocks.44.conv1,0.010706190019845963
124,blocks.44.conv2,0.009180720895528793
124,blocks.45.conv1,0.010436288081109524
124,blocks.45.conv2,0.00821629073470831
124,blocks.46.conv1,0.009562178514897823
124,blocks.46.conv2,0.007211554795503616
124,blocks.47.conv1,0.00905623659491539
124,blocks.47.conv2,0.007113544270396233
124,blocks.48.conv1,0.009327071718871593
124,blocks.48.conv2,0.007713705766946077
124,blocks.49.conv1,0.007913347333669662
124,blocks.49.conv2,0.00708133215084672
124,mean_conv2d_grad_norm,0.008895837485163224
125,stem.0,0.025948084890842438
125,blocks.0.conv1,0.01892082579433918
125,blocks.0.conv2,0.018649350851774216
125,blocks.1.conv1,0.01726979948580265
125,blocks.1.conv2,0.01772477850317955
125,blocks.2.conv1,0.015125338919460773
125,blocks.2.conv2,0.014960486441850662
125,blocks.3.conv1,0.013304497115314007
125,blocks.3.conv2,0.013276008889079094
125,blocks.4.conv1,0.013523770496249199
125,blocks.4.conv2,0.013267632573843002
125,blocks.5.conv1,0.011773873120546341
125,blocks.5.conv2,0.011508666910231113
125,blocks.6.conv1,0.010324525646865368
125,blocks.6.conv2,0.011070151813328266
125,blocks.7.conv1,0.011283277533948421
125,blocks.7.conv2,0.01162833720445633
125,blocks.8.conv1,0.011213341727852821
125,blocks.8.conv2,0.010648567229509354
125,blocks.9.conv1,0.011584101244807243
125,blocks.9.conv2,0.010682426393032074
125,blocks.10.conv1,0.011764871887862682
125,blocks.10.conv2,0.011235334910452366
125,blocks.11.conv1,0.011324003338813782
125,blocks.11.conv2,0.010603402741253376
125,blocks.12.conv1,0.012643356807529926
125,blocks.12.conv2,0.011815829202532768
125,blocks.13.conv1,0.012138547375798225
125,blocks.13.conv2,0.01120601687580347
125,blocks.14.conv1,0.012898593209683895
125,blocks.14.conv2,0.012379749678075314
125,blocks.15.conv1,0.012423207983374596
125,blocks.15.conv2,0.011159412562847137
125,blocks.16.conv1,0.012167255394160748
125,blocks.16.conv2,0.011107226833701134
125,blocks.17.conv1,0.010737852193415165
125,blocks.17.conv2,0.009870346635580063
125,blocks.18.conv1,0.012530103325843811
125,blocks.18.conv2,0.011276903562247753
125,blocks.19.conv1,0.013199335895478725
125,blocks.19.conv2,0.012711763381958008
125,blocks.20.conv1,0.012748868204653263
125,blocks.20.conv2,0.011415351182222366
125,blocks.21.conv1,0.013226842507719994
125,blocks.21.conv2,0.012672136537730694
125,blocks.22.conv1,0.014328766614198685
125,blocks.22.conv2,0.013234557583928108
125,blocks.23.conv1,0.01553917583078146
125,blocks.23.conv2,0.01429387554526329
125,blocks.24.conv1,0.014047717675566673
125,blocks.24.conv2,0.012515009380877018
125,blocks.25.conv1,0.015550931915640831
125,blocks.25.conv2,0.013965328224003315
125,blocks.26.conv1,0.015040276572108269
125,blocks.26.conv2,0.012522310949862003
125,blocks.27.conv1,0.01544638630002737
125,blocks.27.conv2,0.013912667520344257
125,blocks.28.conv1,0.016892926767468452
125,blocks.28.conv2,0.014456406235694885
125,blocks.29.conv1,0.01566503569483757
125,blocks.29.conv2,0.013413660228252411
125,blocks.30.conv1,0.016503198072314262
125,blocks.30.conv2,0.0141215268522501
125,blocks.31.conv1,0.01570482738316059
125,blocks.31.conv2,0.013046717271208763
125,blocks.32.conv1,0.015802910551428795
125,blocks.32.conv2,0.013989092782139778
125,blocks.33.conv1,0.016364537179470062
125,blocks.33.conv2,0.013823156245052814
125,blocks.34.conv1,0.015994321554899216
125,blocks.34.conv2,0.013940437696874142
125,blocks.35.conv1,0.015562628395855427
125,blocks.35.conv2,0.013998676091432571
125,blocks.36.conv1,0.018260641023516655
125,blocks.36.conv2,0.017603961750864983
125,blocks.37.conv1,0.018721673637628555
125,blocks.37.conv2,0.017123142257332802
125,blocks.38.conv1,0.018890075385570526
125,blocks.38.conv2,0.015578465536236763
125,blocks.39.conv1,0.018834350630640984
125,blocks.39.conv2,0.017448648810386658
125,blocks.40.conv1,0.020321587100625038
125,blocks.40.conv2,0.016925396397709846
125,blocks.41.conv1,0.018757805228233337
125,blocks.41.conv2,0.01643342338502407
125,blocks.42.conv1,0.01726713962852955
125,blocks.42.conv2,0.014036490581929684
125,blocks.43.conv1,0.017171787098050117
125,blocks.43.conv2,0.013718710280954838
125,blocks.44.conv1,0.0168047696352005
125,blocks.44.conv2,0.01331030298024416
125,blocks.45.conv1,0.01472709234803915
125,blocks.45.conv2,0.011664851568639278
125,blocks.46.conv1,0.015750981867313385
125,blocks.46.conv2,0.01150935236364603
125,blocks.47.conv1,0.014894896186888218
125,blocks.47.conv2,0.012107565067708492
125,blocks.48.conv1,0.014594092965126038
125,blocks.48.conv2,0.011081695556640625
125,blocks.49.conv1,0.01228588167577982
125,blocks.49.conv2,0.008747590705752373
125,mean_conv2d_grad_norm,0.014091025641427772
126,stem.0,0.0045125652104616165
126,blocks.0.conv1,0.003464476903900504
126,blocks.0.conv2,0.00383929000236094
126,blocks.1.conv1,0.003270532237365842
126,blocks.1.conv2,0.0036714684683829546
126,blocks.2.conv1,0.003014687914401293
126,blocks.2.conv2,0.0029677574057132006
126,blocks.3.conv1,0.002778606256470084
126,blocks.3.conv2,0.0029910847079008818
126,blocks.4.conv1,0.0027779394295066595
126,blocks.4.conv2,0.002736985217779875
126,blocks.5.conv1,0.0025437732692807913
126,blocks.5.conv2,0.0024951377417892218
126,blocks.6.conv1,0.002281666500493884
126,blocks.6.conv2,0.002314529847353697
126,blocks.7.conv1,0.002263762755319476
126,blocks.7.conv2,0.0024219376500695944
126,blocks.8.conv1,0.002335243159905076
126,blocks.8.conv2,0.002226380631327629
126,blocks.9.conv1,0.002447160193696618
126,blocks.9.conv2,0.002362063154578209
126,blocks.10.conv1,0.002277522813528776
126,blocks.10.conv2,0.0021883647423237562
126,blocks.11.conv1,0.0021978856530040503
126,blocks.11.conv2,0.002245980314910412
126,blocks.12.conv1,0.0027816661167889833
126,blocks.12.conv2,0.002478657988831401
126,blocks.13.conv1,0.002512227976694703
126,blocks.13.conv2,0.0023939674720168114
126,blocks.14.conv1,0.0026431074365973473
126,blocks.14.conv2,0.002477737609297037
126,blocks.15.conv1,0.0023705586791038513
126,blocks.15.conv2,0.0022650116588920355
126,blocks.16.conv1,0.002414967864751816
126,blocks.16.conv2,0.0022939564660191536
126,blocks.17.conv1,0.0022400475572794676
126,blocks.17.conv2,0.002091218251734972
126,blocks.18.conv1,0.002612740034237504
126,blocks.18.conv2,0.00244878139346838
126,blocks.19.conv1,0.002585741924121976
126,blocks.19.conv2,0.002545459195971489
126,blocks.20.conv1,0.002542422153055668
126,blocks.20.conv2,0.0022799288854002953
126,blocks.21.conv1,0.0026015855837613344
126,blocks.21.conv2,0.002404224593192339
126,blocks.22.conv1,0.002824922325089574
126,blocks.22.conv2,0.0026240835431963205
126,blocks.23.conv1,0.0032401809003204107
126,blocks.23.conv2,0.0029052903410047293
126,blocks.24.conv1,0.002981805242598057
126,blocks.24.conv2,0.002639021957293153
126,blocks.25.conv1,0.003210729453712702
126,blocks.25.conv2,0.0029470818117260933
126,blocks.26.conv1,0.0030755314510315657
126,blocks.26.conv2,0.002675568452104926
126,blocks.27.conv1,0.0031232181936502457
126,blocks.27.conv2,0.002852235920727253
126,blocks.28.conv1,0.00310802785679698
126,blocks.28.conv2,0.0025508073158562183
126,blocks.29.conv1,0.003148732241243124
126,blocks.29.conv2,0.002791091799736023
126,blocks.30.conv1,0.003399413311854005
126,blocks.30.conv2,0.0031051416881382465
126,blocks.31.conv1,0.0029858285561203957
126,blocks.31.conv2,0.0027137722354382277
126,blocks.32.conv1,0.0034784290473908186
126,blocks.32.conv2,0.0031026937067508698
126,blocks.33.conv1,0.0032266804482787848
126,blocks.33.conv2,0.0027028692420572042
126,blocks.34.conv1,0.0032774361316114664
126,blocks.34.conv2,0.0027371810283511877
126,blocks.35.conv1,0.0029491588938981295
126,blocks.35.conv2,0.0028077722527086735
126,blocks.36.conv1,0.0035246063489466906
126,blocks.36.conv2,0.0029449029825627804
126,blocks.37.conv1,0.0035560510586947203
126,blocks.37.conv2,0.003133310005068779
126,blocks.38.conv1,0.003512121271342039
126,blocks.38.conv2,0.0029320847243070602
126,blocks.39.conv1,0.003357015084475279
126,blocks.39.conv2,0.0033063436858356
126,blocks.40.conv1,0.003207380650565028
126,blocks.40.conv2,0.0028743636794388294
126,blocks.41.conv1,0.0034890759270638227
126,blocks.41.conv2,0.0028912893030792475
126,blocks.42.conv1,0.002650217153131962
126,blocks.42.conv2,0.0024256561882793903
126,blocks.43.conv1,0.00249219941906631
126,blocks.43.conv2,0.00229817908257246
126,blocks.44.conv1,0.003079289337620139
126,blocks.44.conv2,0.0027368455193936825
126,blocks.45.conv1,0.0027558200526982546
126,blocks.45.conv2,0.0020864999387413263
126,blocks.46.conv1,0.002954781986773014
126,blocks.46.conv2,0.002535850740969181
126,blocks.47.conv1,0.0028230079915374517
126,blocks.47.conv2,0.0021722139790654182
126,blocks.48.conv1,0.00285106198862195
126,blocks.48.conv2,0.002109894761815667
126,blocks.49.conv1,0.0020816531032323837
126,blocks.49.conv2,0.001730610034428537
126,mean_conv2d_grad_norm,0.0027654241818916236
127,stem.0,0.011224833317101002
127,blocks.0.conv1,0.008417236618697643
127,blocks.0.conv2,0.008624195121228695
127,blocks.1.conv1,0.007534119766205549
127,blocks.1.conv2,0.00816626101732254
127,blocks.2.conv1,0.006357713136821985
127,blocks.2.conv2,0.006911745294928551
127,blocks.3.conv1,0.005645343568176031
127,blocks.3.conv2,0.005751324351876974
127,blocks.4.conv1,0.0053726742044091225
127,blocks.4.conv2,0.005503776483237743
127,blocks.5.conv1,0.004834178369492292
127,blocks.5.conv2,0.004854661412537098
127,blocks.6.conv1,0.004568814765661955
127,blocks.6.conv2,0.004721802659332752
127,blocks.7.conv1,0.004890991374850273
127,blocks.7.conv2,0.005153623875230551
127,blocks.8.conv1,0.005127349402755499
127,blocks.8.conv2,0.0048008267767727375
127,blocks.9.conv1,0.004734844900667667
127,blocks.9.conv2,0.004706986248493195
127,blocks.10.conv1,0.005032439716160297
127,blocks.10.conv2,0.004917727317661047
127,blocks.11.conv1,0.004684640560299158
127,blocks.11.conv2,0.004342999774962664
127,blocks.12.conv1,0.0051106298342347145
127,blocks.12.conv2,0.004786480683833361
127,blocks.13.conv1,0.004841446876525879
127,blocks.13.conv2,0.004686911590397358
127,blocks.14.conv1,0.005339313298463821
127,blocks.14.conv2,0.005113246850669384
127,blocks.15.conv1,0.005297992844134569
127,blocks.15.conv2,0.004717637784779072
127,blocks.16.conv1,0.005147707648575306
127,blocks.16.conv2,0.004861826077103615
127,blocks.17.conv1,0.004727947060018778
127,blocks.17.conv2,0.004297628533095121
127,blocks.18.conv1,0.005114030558615923
127,blocks.18.conv2,0.004597228951752186
127,blocks.19.conv1,0.005445438902825117
127,blocks.19.conv2,0.004920117557048798
127,blocks.20.conv1,0.00512560922652483
127,blocks.20.conv2,0.004818558227270842
127,blocks.21.conv1,0.005685307551175356
127,blocks.21.conv2,0.00487805251032114
127,blocks.22.conv1,0.005899714305996895
127,blocks.22.conv2,0.005483740940690041
127,blocks.23.conv1,0.006295662838965654
127,blocks.23.conv2,0.005245213396847248
127,blocks.24.conv1,0.005991755519062281
127,blocks.24.conv2,0.0054469541646540165
127,blocks.25.conv1,0.005979974288493395
127,blocks.25.conv2,0.0051218499429523945
127,blocks.26.conv1,0.006637135520577431
127,blocks.26.conv2,0.005687627010047436
127,blocks.27.conv1,0.006108440924435854
127,blocks.27.conv2,0.005405797623097897
127,blocks.28.conv1,0.006051626056432724
127,blocks.28.conv2,0.005746150854974985
127,blocks.29.conv1,0.006562621332705021
127,blocks.29.conv2,0.006035585887730122
127,blocks.30.conv1,0.007307418622076511
127,blocks.30.conv2,0.0054961908608675
127,blocks.31.conv1,0.006919079925864935
127,blocks.31.conv2,0.00532449409365654
127,blocks.32.conv1,0.0058899023570120335
127,blocks.32.conv2,0.005028766114264727
127,blocks.33.conv1,0.006586512550711632
127,blocks.33.conv2,0.005207848269492388
127,blocks.34.conv1,0.006763610057532787
127,blocks.34.conv2,0.005516728386282921
127,blocks.35.conv1,0.006213851738721132
127,blocks.35.conv2,0.005465984344482422
127,blocks.36.conv1,0.007243776228278875
127,blocks.36.conv2,0.005504652392119169
127,blocks.37.conv1,0.006975204683840275
127,blocks.37.conv2,0.005664108321070671
127,blocks.38.conv1,0.006465849466621876
127,blocks.38.conv2,0.005158678162842989
127,blocks.39.conv1,0.006502605974674225
127,blocks.39.conv2,0.005592216271907091
127,blocks.40.conv1,0.006596643012017012
127,blocks.40.conv2,0.0054276082664728165
127,blocks.41.conv1,0.006703709717839956
127,blocks.41.conv2,0.0061601572670042515
127,blocks.42.conv1,0.006938962731510401
127,blocks.42.conv2,0.005129609256982803
127,blocks.43.conv1,0.006261390168219805
127,blocks.43.conv2,0.004916769452393055
127,blocks.44.conv1,0.006260534282773733
127,blocks.44.conv2,0.004770608618855476
127,blocks.45.conv1,0.005616919603198767
127,blocks.45.conv2,0.004461425356566906
127,blocks.46.conv1,0.005381631199270487
127,blocks.46.conv2,0.004239643458276987
127,blocks.47.conv1,0.005529667250812054
127,blocks.47.conv2,0.0039941235445439816
127,blocks.48.conv1,0.005187517032027245
127,blocks.48.conv2,0.004422355443239212
127,blocks.49.conv1,0.004591845907270908
127,blocks.49.conv2,0.004374070558696985
127,mean_conv2d_grad_norm,0.00562264103128916
128,stem.0,0.015729930251836777
128,blocks.0.conv1,0.015055655501782894
128,blocks.0.conv2,0.01728784292936325
128,blocks.1.conv1,0.01566244289278984
128,blocks.1.conv2,0.01736515946686268
128,blocks.2.conv1,0.014770722016692162
128,blocks.2.conv2,0.015553725883364677
128,blocks.3.conv1,0.014123371802270412
128,blocks.3.conv2,0.015457323752343655
128,blocks.4.conv1,0.014339921064674854
128,blocks.4.conv2,0.014497554861009121
128,blocks.5.conv1,0.01203763484954834
128,blocks.5.conv2,0.011795016005635262
128,blocks.6.conv1,0.011426911689341068
128,blocks.6.conv2,0.012147890403866768
128,blocks.7.conv1,0.011736228130757809
128,blocks.7.conv2,0.011961967684328556
128,blocks.8.conv1,0.012360623106360435
128,blocks.8.conv2,0.012110878713428974
128,blocks.9.conv1,0.01227780245244503
128,blocks.9.conv2,0.01253467332571745
128,blocks.10.conv1,0.011862067505717278
128,blocks.10.conv2,0.011119269765913486
128,blocks.11.conv1,0.011789239011704922
128,blocks.11.conv2,0.011550040915608406
128,blocks.12.conv1,0.013193163089454174
128,blocks.12.conv2,0.012204169295728207
128,blocks.13.conv1,0.011887231841683388
128,blocks.13.conv2,0.011524860747158527
128,blocks.14.conv1,0.013791559264063835
128,blocks.14.conv2,0.012174315750598907
128,blocks.15.conv1,0.01358987856656313
128,blocks.15.conv2,0.011832731775939465
128,blocks.16.conv1,0.012494051828980446
128,blocks.16.conv2,0.012143758125603199
128,blocks.17.conv1,0.011468242853879929
128,blocks.17.conv2,0.010495706461369991
128,blocks.18.conv1,0.013157064095139503
128,blocks.18.conv2,0.011979741044342518
128,blocks.19.conv1,0.013742239214479923
128,blocks.19.conv2,0.012351233512163162
128,blocks.20.conv1,0.013334415853023529
128,blocks.20.conv2,0.011912867426872253
128,blocks.21.conv1,0.014000962488353252
128,blocks.21.conv2,0.013334025628864765
128,blocks.22.conv1,0.014639731496572495
128,blocks.22.conv2,0.013294404372572899
128,blocks.23.conv1,0.01696070469915867
128,blocks.23.conv2,0.014926358126103878
128,blocks.24.conv1,0.01469296682626009
128,blocks.24.conv2,0.01325966790318489
128,blocks.25.conv1,0.01636609248816967
128,blocks.25.conv2,0.01429347600787878
128,blocks.26.conv1,0.016501503065228462
128,blocks.26.conv2,0.013818218372762203
128,blocks.27.conv1,0.014609238132834435
128,blocks.27.conv2,0.013067900203168392
128,blocks.28.conv1,0.01590588316321373
128,blocks.28.conv2,0.013188756071031094
128,blocks.29.conv1,0.016709113493561745
128,blocks.29.conv2,0.014109330251812935
128,blocks.30.conv1,0.017397064715623856
128,blocks.30.conv2,0.01541099976748228
128,blocks.31.conv1,0.015336721204221249
128,blocks.31.conv2,0.01316908560693264
128,blocks.32.conv1,0.014387570321559906
128,blocks.32.conv2,0.011926933191716671
128,blocks.33.conv1,0.01456834003329277
128,blocks.33.conv2,0.012768793851137161
128,blocks.34.conv1,0.017074715346097946
128,blocks.34.conv2,0.014586514793336391
128,blocks.35.conv1,0.015036335214972496
128,blocks.35.conv2,0.011999438516795635
128,blocks.36.conv1,0.017585044726729393
128,blocks.36.conv2,0.014361578039824963
128,blocks.37.conv1,0.017622875049710274
128,blocks.37.conv2,0.014263390563428402
128,blocks.38.conv1,0.01821788214147091
128,blocks.38.conv2,0.013611978851258755
128,blocks.39.conv1,0.01769069954752922
128,blocks.39.conv2,0.014772600494325161
128,blocks.40.conv1,0.01646217703819275
128,blocks.40.conv2,0.014586340636014938
128,blocks.41.conv1,0.018375912681221962
128,blocks.41.conv2,0.01520506665110588
128,blocks.42.conv1,0.016421280801296234
128,blocks.42.conv2,0.012564332224428654
128,blocks.43.conv1,0.015287376940250397
128,blocks.43.conv2,0.011679832823574543
128,blocks.44.conv1,0.016698751598596573
128,blocks.44.conv2,0.011689643375575542
128,blocks.45.conv1,0.012984606437385082
128,blocks.45.conv2,0.012436418794095516
128,blocks.46.conv1,0.012630870565772057
128,blocks.46.conv2,0.009557700715959072
128,blocks.47.conv1,0.016509149223566055
128,blocks.47.conv2,0.011609791778028011
128,blocks.48.conv1,0.013270827010273933
128,blocks.48.conv2,0.009528064168989658
128,blocks.49.conv1,0.011086896993219852
128,blocks.49.conv2,0.008688457310199738
128,mean_conv2d_grad_norm,0.013787836804617159
129,stem.0,0.0073943487368524075
129,blocks.0.conv1,0.00842316821217537
129,blocks.0.conv2,0.009361336007714272
129,blocks.1.conv1,0.00842163898050785
129,blocks.1.conv2,0.009115396067500114
129,blocks.2.conv1,0.007559128105640411
129,blocks.2.conv2,0.0075092678889632225
129,blocks.3.conv1,0.006932948250323534
129,blocks.3.conv2,0.007304334081709385
129,blocks.4.conv1,0.006737403571605682
129,blocks.4.conv2,0.006833341903984547
129,blocks.5.conv1,0.006156289484351873
129,blocks.5.conv2,0.005857275798916817
129,blocks.6.conv1,0.005640340968966484
129,blocks.6.conv2,0.005601770710200071
129,blocks.7.conv1,0.006328770890831947
129,blocks.7.conv2,0.006224208045750856
129,blocks.8.conv1,0.006232761312276125
129,blocks.8.conv2,0.006129347253590822
129,blocks.9.conv1,0.006102217361330986
129,blocks.9.conv2,0.005700771696865559
129,blocks.10.conv1,0.006422769278287888
129,blocks.10.conv2,0.006200364790856838
129,blocks.11.conv1,0.005851381458342075
129,blocks.11.conv2,0.005671076942235231
129,blocks.12.conv1,0.006579137872904539
129,blocks.12.conv2,0.006359179504215717
129,blocks.13.conv1,0.006342342123389244
129,blocks.13.conv2,0.00592235429212451
129,blocks.14.conv1,0.006998505908995867
129,blocks.14.conv2,0.006376043893396854
129,blocks.15.conv1,0.006817933637648821
129,blocks.15.conv2,0.006350876297801733
129,blocks.16.conv1,0.0063698082230985165
129,blocks.16.conv2,0.006047860719263554
129,blocks.17.conv1,0.005807714536786079
129,blocks.17.conv2,0.005344755947589874
129,blocks.18.conv1,0.006497192196547985
129,blocks.18.conv2,0.006119731348007917
129,blocks.19.conv1,0.006481260526925325
129,blocks.19.conv2,0.006140545476227999
129,blocks.20.conv1,0.006584450136870146
129,blocks.20.conv2,0.006083773449063301
129,blocks.21.conv1,0.0067944456823170185
129,blocks.21.conv2,0.0062898010946810246
129,blocks.22.conv1,0.007410887163132429
129,blocks.22.conv2,0.006874903105199337
129,blocks.23.conv1,0.00797965656965971
129,blocks.23.conv2,0.0072607905603945255
129,blocks.24.conv1,0.007558769080787897
129,blocks.24.conv2,0.007007014472037554
129,blocks.25.conv1,0.007982288487255573
129,blocks.25.conv2,0.00711328350007534
129,blocks.26.conv1,0.008581915870308876
129,blocks.26.conv2,0.0074378615245223045
129,blocks.27.conv1,0.008052225224673748
129,blocks.27.conv2,0.006628880742937326
129,blocks.28.conv1,0.007780545856803656
129,blocks.28.conv2,0.007438891567289829
129,blocks.29.conv1,0.008194589987397194
129,blocks.29.conv2,0.007675854489207268
129,blocks.30.conv1,0.008492233231663704
129,blocks.30.conv2,0.007798701990395784
129,blocks.31.conv1,0.008421521633863449
129,blocks.31.conv2,0.0071535874158144
129,blocks.32.conv1,0.008734310045838356
129,blocks.32.conv2,0.006835999432951212
129,blocks.33.conv1,0.008102092891931534
129,blocks.33.conv2,0.0067963385954499245
129,blocks.34.conv1,0.008192877285182476
129,blocks.34.conv2,0.007472402416169643
129,blocks.35.conv1,0.007518175523728132
129,blocks.35.conv2,0.007063029799610376
129,blocks.36.conv1,0.008609906770288944
129,blocks.36.conv2,0.007278178818523884
129,blocks.37.conv1,0.008752449415624142
129,blocks.37.conv2,0.008026923052966595
129,blocks.38.conv1,0.008923267014324665
129,blocks.38.conv2,0.007490688469260931
129,blocks.39.conv1,0.009211268275976181
129,blocks.39.conv2,0.007107138633728027
129,blocks.40.conv1,0.008657687343657017
129,blocks.40.conv2,0.0076289051212370396
129,blocks.41.conv1,0.009093440137803555
129,blocks.41.conv2,0.007348937913775444
129,blocks.42.conv1,0.00787432212382555
129,blocks.42.conv2,0.005925244186073542
129,blocks.43.conv1,0.007961677387356758
129,blocks.43.conv2,0.006217435002326965
129,blocks.44.conv1,0.007260060403496027
129,blocks.44.conv2,0.006481394171714783
129,blocks.45.conv1,0.00721840001642704
129,blocks.45.conv2,0.006046088878065348
129,blocks.46.conv1,0.007607210427522659
129,blocks.46.conv2,0.005650920793414116
129,blocks.47.conv1,0.006801918614655733
129,blocks.47.conv2,0.0059167505241930485
129,blocks.48.conv1,0.00741827255114913
129,blocks.48.conv2,0.005835668183863163
129,blocks.49.conv1,0.0063928053714334965
129,blocks.49.conv2,0.005965229123830795
129,mean_conv2d_grad_norm,0.0070720909688953715
130,stem.0,0.015956545248627663
130,blocks.0.conv1,0.011252484284341335
130,blocks.0.conv2,0.011910120025277138
130,blocks.1.conv1,0.010497594252228737
130,blocks.1.conv2,0.011170914396643639
130,blocks.2.conv1,0.009290316142141819
130,blocks.2.conv2,0.01016656681895256
130,blocks.3.conv1,0.00849173218011856
130,blocks.3.conv2,0.008756281808018684
130,blocks.4.conv1,0.008457708172500134
130,blocks.4.conv2,0.008652733638882637
130,blocks.5.conv1,0.007835812866687775
130,blocks.5.conv2,0.007753568235784769
130,blocks.6.conv1,0.007144271861761808
130,blocks.6.conv2,0.007308817934244871
130,blocks.7.conv1,0.00716216117143631
130,blocks.7.conv2,0.007179570849984884
130,blocks.8.conv1,0.007592403795570135
130,blocks.8.conv2,0.0071242195554077625
130,blocks.9.conv1,0.0077616130001842976
130,blocks.9.conv2,0.007294357754290104
130,blocks.10.conv1,0.007350734435021877
130,blocks.10.conv2,0.006903026718646288
130,blocks.11.conv1,0.0072420318610966206
130,blocks.11.conv2,0.007062608376145363
130,blocks.12.conv1,0.008231721818447113
130,blocks.12.conv2,0.007735174149274826
130,blocks.13.conv1,0.007473694626241922
130,blocks.13.conv2,0.0071117812767624855
130,blocks.14.conv1,0.008263920433819294
130,blocks.14.conv2,0.007389470934867859
130,blocks.15.conv1,0.008309965953230858
130,blocks.15.conv2,0.007330183405429125
130,blocks.16.conv1,0.007926438935101032
130,blocks.16.conv2,0.007399268448352814
130,blocks.17.conv1,0.007031116168946028
130,blocks.17.conv2,0.006441755220293999
130,blocks.18.conv1,0.008070545271039009
130,blocks.18.conv2,0.007509849965572357
130,blocks.19.conv1,0.008390592411160469
130,blocks.19.conv2,0.007540955673903227
130,blocks.20.conv1,0.008486864157021046
130,blocks.20.conv2,0.00772847468033433
130,blocks.21.conv1,0.00917956605553627
130,blocks.21.conv2,0.008149868808686733
130,blocks.22.conv1,0.009187060408294201
130,blocks.22.conv2,0.00881917867809534
130,blocks.23.conv1,0.009928901679813862
130,blocks.23.conv2,0.00865252036601305
130,blocks.24.conv1,0.009273933246731758
130,blocks.24.conv2,0.008579733781516552
130,blocks.25.conv1,0.009756513871252537
130,blocks.25.conv2,0.008206899277865887
130,blocks.26.conv1,0.010291410610079765
130,blocks.26.conv2,0.008492597378790379
130,blocks.27.conv1,0.00957856047898531
130,blocks.27.conv2,0.00883029866963625
130,blocks.28.conv1,0.010700282640755177
130,blocks.28.conv2,0.00911453366279602
130,blocks.29.conv1,0.01014928612858057
130,blocks.29.conv2,0.008520090021193027
130,blocks.30.conv1,0.010810088366270065
130,blocks.30.conv2,0.00917051825672388
130,blocks.31.conv1,0.009841298684477806
130,blocks.31.conv2,0.008927208371460438
130,blocks.32.conv1,0.009495344012975693
130,blocks.32.conv2,0.007698212284594774
130,blocks.33.conv1,0.009194478392601013
130,blocks.33.conv2,0.007764053996652365
130,blocks.34.conv1,0.010516957379877567
130,blocks.34.conv2,0.009454204700887203
130,blocks.35.conv1,0.009307470172643661
130,blocks.35.conv2,0.008259638212621212
130,blocks.36.conv1,0.011348772794008255
130,blocks.36.conv2,0.009496849030256271
130,blocks.37.conv1,0.010946745984256268
130,blocks.37.conv2,0.009477040730416775
130,blocks.38.conv1,0.011090464890003204
130,blocks.38.conv2,0.009035257622599602
130,blocks.39.conv1,0.010839677415788174
130,blocks.39.conv2,0.009385584853589535
130,blocks.40.conv1,0.010553015395998955
130,blocks.40.conv2,0.009503954090178013
130,blocks.41.conv1,0.011174337938427925
130,blocks.41.conv2,0.010150615125894547
130,blocks.42.conv1,0.009025095961987972
130,blocks.42.conv2,0.007386759389191866
130,blocks.43.conv1,0.010721535421907902
130,blocks.43.conv2,0.007923181168735027
130,blocks.44.conv1,0.009534821845591068
130,blocks.44.conv2,0.007577321957796812
130,blocks.45.conv1,0.009390803053975105
130,blocks.45.conv2,0.007879813201725483
130,blocks.46.conv1,0.008374595083296299
130,blocks.46.conv2,0.00573691027238965
130,blocks.47.conv1,0.009999727830290794
130,blocks.47.conv2,0.00808341521769762
130,blocks.48.conv1,0.009334341622889042
130,blocks.48.conv2,0.007840974256396294
130,blocks.49.conv1,0.008254625834524632
130,blocks.49.conv2,0.007093684282153845
130,mean_conv2d_grad_norm,0.008799015839427415
131,stem.0,0.04338829219341278
131,blocks.0.conv1,0.025547316297888756
131,blocks.0.conv2,0.02908182516694069
131,blocks.1.conv1,0.025333447381854057
131,blocks.1.conv2,0.02961779572069645
131,blocks.2.conv1,0.024655954912304878
131,blocks.2.conv2,0.029884176328778267
131,blocks.3.conv1,0.025517594069242477
131,blocks.3.conv2,0.02661052905023098
131,blocks.4.conv1,0.023307332769036293
131,blocks.4.conv2,0.024459360167384148
131,blocks.5.conv1,0.02184550277888775
131,blocks.5.conv2,0.022013317793607712
131,blocks.6.conv1,0.02183239348232746
131,blocks.6.conv2,0.02304970659315586
131,blocks.7.conv1,0.021118616685271263
131,blocks.7.conv2,0.021426288411021233
131,blocks.8.conv1,0.023281153291463852
131,blocks.8.conv2,0.02151506207883358
131,blocks.9.conv1,0.021945945918560028
131,blocks.9.conv2,0.020361457020044327
131,blocks.10.conv1,0.022642409428954124
131,blocks.10.conv2,0.02085261605679989
131,blocks.11.conv1,0.022398335859179497
131,blocks.11.conv2,0.022422686219215393
131,blocks.12.conv1,0.024466196075081825
131,blocks.12.conv2,0.02674749307334423
131,blocks.13.conv1,0.024016011506319046
131,blocks.13.conv2,0.022518830373883247
131,blocks.14.conv1,0.025807205587625504
131,blocks.14.conv2,0.021740008145570755
131,blocks.15.conv1,0.025169041007757187
131,blocks.15.conv2,0.021417919546365738
131,blocks.16.conv1,0.023973973467946053
131,blocks.16.conv2,0.020756134763360023
131,blocks.17.conv1,0.020463377237319946
131,blocks.17.conv2,0.019148198887705803
131,blocks.18.conv1,0.02391962520778179
131,blocks.18.conv2,0.020835818722844124
131,blocks.19.conv1,0.025583265349268913
131,blocks.19.conv2,0.021877732127904892
131,blocks.20.conv1,0.026097679510712624
131,blocks.20.conv2,0.021951869130134583
131,blocks.21.conv1,0.027456924319267273
131,blocks.21.conv2,0.022492090240120888
131,blocks.22.conv1,0.027804633602499962
131,blocks.22.conv2,0.023096613585948944
131,blocks.23.conv1,0.030547482892870903
131,blocks.23.conv2,0.026220249012112617
131,blocks.24.conv1,0.02741953358054161
131,blocks.24.conv2,0.02355414628982544
131,blocks.25.conv1,0.027607794851064682
131,blocks.25.conv2,0.024358294904232025
131,blocks.26.conv1,0.02987549640238285
131,blocks.26.conv2,0.0245075561106205
131,blocks.27.conv1,0.026682870462536812
131,blocks.27.conv2,0.023634998127818108
131,blocks.28.conv1,0.02744470350444317
131,blocks.28.conv2,0.023095687851309776
131,blocks.29.conv1,0.03089919686317444
131,blocks.29.conv2,0.0239548459649086
131,blocks.30.conv1,0.033342596143484116
131,blocks.30.conv2,0.027754001319408417
131,blocks.31.conv1,0.02932761050760746
131,blocks.31.conv2,0.02531598135828972
131,blocks.32.conv1,0.027013195678591728
131,blocks.32.conv2,0.025651831179857254
131,blocks.33.conv1,0.028209833428263664
131,blocks.33.conv2,0.024051107466220856
131,blocks.34.conv1,0.029235903173685074
131,blocks.34.conv2,0.025097832083702087
131,blocks.35.conv1,0.027017414569854736
131,blocks.35.conv2,0.02387874573469162
131,blocks.36.conv1,0.03260684013366699
131,blocks.36.conv2,0.027565373107790947
131,blocks.37.conv1,0.03493895381689072
131,blocks.37.conv2,0.028300276026129723
131,blocks.38.conv1,0.03392622992396355
131,blocks.38.conv2,0.026005176827311516
131,blocks.39.conv1,0.026442598551511765
131,blocks.39.conv2,0.023099448531866074
131,blocks.40.conv1,0.030643640086054802
131,blocks.40.conv2,0.026130229234695435
131,blocks.41.conv1,0.02756679058074951
131,blocks.41.conv2,0.02425108663737774
131,blocks.42.conv1,0.023423396050930023
131,blocks.42.conv2,0.018534041941165924
131,blocks.43.conv1,0.019991671666502953
131,blocks.43.conv2,0.02042166329920292
131,blocks.44.conv1,0.028187911957502365
131,blocks.44.conv2,0.02041306160390377
131,blocks.45.conv1,0.019291648641228676
131,blocks.45.conv2,0.017026979476213455
131,blocks.46.conv1,0.023588865995407104
131,blocks.46.conv2,0.016243888065218925
131,blocks.47.conv1,0.01615750789642334
131,blocks.47.conv2,0.011621060781180859
131,blocks.48.conv1,0.016335496678948402
131,blocks.48.conv2,0.01130559854209423
131,blocks.49.conv1,0.01222044788300991
131,blocks.49.conv2,0.008710013702511787
131,mean_conv2d_grad_norm,0.024278203606384226
132,stem.0,0.0057982481084764
132,blocks.0.conv1,0.007322835735976696
132,blocks.0.conv2,0.007500969804823399
132,blocks.1.conv1,0.006573250982910395
132,blocks.1.conv2,0.0071215322241187096
132,blocks.2.conv1,0.006155321840196848
132,blocks.2.conv2,0.006821665912866592
132,blocks.3.conv1,0.005624923389405012
132,blocks.3.conv2,0.005942216143012047
132,blocks.4.conv1,0.00573500944301486
132,blocks.4.conv2,0.005658018868416548
132,blocks.5.conv1,0.005241428967565298
132,blocks.5.conv2,0.005329694598913193
132,blocks.6.conv1,0.004795772023499012
132,blocks.6.conv2,0.005058809649199247
132,blocks.7.conv1,0.00508493697270751
132,blocks.7.conv2,0.005094071850180626
132,blocks.8.conv1,0.005230828188359737
132,blocks.8.conv2,0.004916029516607523
132,blocks.9.conv1,0.0052677639760077
132,blocks.9.conv2,0.005158910993486643
132,blocks.10.conv1,0.005147146061062813
132,blocks.10.conv2,0.005048513878136873
132,blocks.11.conv1,0.0051039825193583965
132,blocks.11.conv2,0.0051194303669035435
132,blocks.12.conv1,0.005609014071524143
132,blocks.12.conv2,0.005351400468498468
132,blocks.13.conv1,0.00514189200475812
132,blocks.13.conv2,0.005075166467577219
132,blocks.14.conv1,0.005541558377444744
132,blocks.14.conv2,0.0049608852714300156
132,blocks.15.conv1,0.005541443359106779
132,blocks.15.conv2,0.005141100380569696
132,blocks.16.conv1,0.0056001972407102585
132,blocks.16.conv2,0.0052775051444768906
132,blocks.17.conv1,0.004696984309703112
132,blocks.17.conv2,0.0044503831304609776
132,blocks.18.conv1,0.005814507603645325
132,blocks.18.conv2,0.005114669445902109
132,blocks.19.conv1,0.005911549087613821
132,blocks.19.conv2,0.0053843241184949875
132,blocks.20.conv1,0.005940019618719816
132,blocks.20.conv2,0.005127770360559225
132,blocks.21.conv1,0.006033823359757662
132,blocks.21.conv2,0.005567978601902723
132,blocks.22.conv1,0.0059847538359463215
132,blocks.22.conv2,0.005786679685115814
132,blocks.23.conv1,0.007201346103101969
132,blocks.23.conv2,0.006342658307403326
132,blocks.24.conv1,0.00655267434194684
132,blocks.24.conv2,0.006026151590049267
132,blocks.25.conv1,0.007337418384850025
132,blocks.25.conv2,0.0059327632188797
132,blocks.26.conv1,0.007124226074665785
132,blocks.26.conv2,0.006022172514349222
132,blocks.27.conv1,0.00667840288951993
132,blocks.27.conv2,0.005930570885539055
132,blocks.28.conv1,0.006541168782860041
132,blocks.28.conv2,0.005645246710628271
132,blocks.29.conv1,0.0070166452787816525
132,blocks.29.conv2,0.006340039893984795
132,blocks.30.conv1,0.007862896658480167
132,blocks.30.conv2,0.006920035928487778
132,blocks.31.conv1,0.0073106298223137856
132,blocks.31.conv2,0.006159711629152298
132,blocks.32.conv1,0.0069321924820542336
132,blocks.32.conv2,0.005318264476954937
132,blocks.33.conv1,0.006632663309574127
132,blocks.33.conv2,0.005165155045688152
132,blocks.34.conv1,0.00691326754167676
132,blocks.34.conv2,0.005873640067875385
132,blocks.35.conv1,0.006385405082255602
132,blocks.35.conv2,0.005229257047176361
132,blocks.36.conv1,0.007716561201959848
132,blocks.36.conv2,0.005725878290832043
132,blocks.37.conv1,0.007517613936215639
132,blocks.37.conv2,0.005390345584601164
132,blocks.38.conv1,0.006522939540445805
132,blocks.38.conv2,0.004870762582868338
132,blocks.39.conv1,0.00665051955729723
132,blocks.39.conv2,0.005153091624379158
132,blocks.40.conv1,0.006156046874821186
132,blocks.40.conv2,0.00456848181784153
132,blocks.41.conv1,0.006115472409874201
132,blocks.41.conv2,0.004891528282314539
132,blocks.42.conv1,0.005222918000072241
132,blocks.42.conv2,0.004360300954431295
132,blocks.43.conv1,0.004783303011208773
132,blocks.43.conv2,0.0038989128079265356
132,blocks.44.conv1,0.005758036859333515
132,blocks.44.conv2,0.004320378880947828
132,blocks.45.conv1,0.004285106901079416
132,blocks.45.conv2,0.003324332181364298
132,blocks.46.conv1,0.004865074530243874
132,blocks.46.conv2,0.00390071258880198
132,blocks.47.conv1,0.004203221760690212
132,blocks.47.conv2,0.0031137936748564243
132,blocks.48.conv1,0.003938358277082443
132,blocks.48.conv2,0.0032374588772654533
132,blocks.49.conv1,0.003283926984295249
132,blocks.49.conv2,0.0028579540085047483
132,mean_conv2d_grad_norm,0.005593391624048795
133,stem.0,0.00301148253493011
133,blocks.0.conv1,0.003109533805400133
133,blocks.0.conv2,0.003170871641486883
133,blocks.1.conv1,0.002813817700371146
133,blocks.1.conv2,0.0029058053623884916
133,blocks.2.conv1,0.0024751750752329826
133,blocks.2.conv2,0.0025203870609402657
133,blocks.3.conv1,0.0022973204031586647
133,blocks.3.conv2,0.002330803545191884
133,blocks.4.conv1,0.002281183609738946
133,blocks.4.conv2,0.0022155405022203922
133,blocks.5.conv1,0.00201643374748528
133,blocks.5.conv2,0.0019990773871541023
133,blocks.6.conv1,0.0020016185007989407
133,blocks.6.conv2,0.0019652838818728924
133,blocks.7.conv1,0.002000716980546713
133,blocks.7.conv2,0.002038960810750723
133,blocks.8.conv1,0.002024108311161399
133,blocks.8.conv2,0.001875435933470726
133,blocks.9.conv1,0.0019442517077550292
133,blocks.9.conv2,0.0018509319052100182
133,blocks.10.conv1,0.002017025835812092
133,blocks.10.conv2,0.0019030392868444324
133,blocks.11.conv1,0.0020310115069150925
133,blocks.11.conv2,0.0018868072656914592
133,blocks.12.conv1,0.0021826375741511583
133,blocks.12.conv2,0.0019440805772319436
133,blocks.13.conv1,0.0020670555531978607
133,blocks.13.conv2,0.001895342138595879
133,blocks.14.conv1,0.002152492990717292
133,blocks.14.conv2,0.001963284332305193
133,blocks.15.conv1,0.0022105383686721325
133,blocks.15.conv2,0.00204158341512084
133,blocks.16.conv1,0.0020878238137811422
133,blocks.16.conv2,0.0018441092688590288
133,blocks.17.conv1,0.001867910847067833
133,blocks.17.conv2,0.001699697459116578
133,blocks.18.conv1,0.0021044062450528145
133,blocks.18.conv2,0.0018763832049444318
133,blocks.19.conv1,0.0022436464205384254
133,blocks.19.conv2,0.001962579321116209
133,blocks.20.conv1,0.0021877228282392025
133,blocks.20.conv2,0.001907607656903565
133,blocks.21.conv1,0.0023247194476425648
133,blocks.21.conv2,0.00198029144667089
133,blocks.22.conv1,0.0024457001127302647
133,blocks.22.conv2,0.0021812834311276674
133,blocks.23.conv1,0.002722587902098894
133,blocks.23.conv2,0.0022651301696896553
133,blocks.24.conv1,0.002374519594013691
133,blocks.24.conv2,0.0021008073817938566
133,blocks.25.conv1,0.0024798160884529352
133,blocks.25.conv2,0.002171649131923914
133,blocks.26.conv1,0.0025521807838231325
133,blocks.26.conv2,0.0021326399873942137
133,blocks.27.conv1,0.002426571911200881
133,blocks.27.conv2,0.00202799285762012
133,blocks.28.conv1,0.002609312767162919
133,blocks.28.conv2,0.0022234171628952026
133,blocks.29.conv1,0.0025747197214514017
133,blocks.29.conv2,0.002230800921097398
133,blocks.30.conv1,0.0027630759868770838
133,blocks.30.conv2,0.0023493461776524782
133,blocks.31.conv1,0.0025353773962706327
133,blocks.31.conv2,0.0021381289698183537
133,blocks.32.conv1,0.0024995862040668726
133,blocks.32.conv2,0.0020252903923392296
133,blocks.33.conv1,0.002640161896124482
133,blocks.33.conv2,0.0020640799775719643
133,blocks.34.conv1,0.002867839066311717
133,blocks.34.conv2,0.0023263143375515938
133,blocks.35.conv1,0.002427786821499467
133,blocks.35.conv2,0.0019215187057852745
133,blocks.36.conv1,0.0026894304901361465
133,blocks.36.conv2,0.002327496651560068
133,blocks.37.conv1,0.002941369777545333
133,blocks.37.conv2,0.0022374317049980164
133,blocks.38.conv1,0.0027062150184065104
133,blocks.38.conv2,0.0020761950872838497
133,blocks.39.conv1,0.002781505463644862
133,blocks.39.conv2,0.0022461973130702972
133,blocks.40.conv1,0.0027258251793682575
133,blocks.40.conv2,0.00221207900904119
133,blocks.41.conv1,0.0027233841829001904
133,blocks.41.conv2,0.0021353482734411955
133,blocks.42.conv1,0.002540310611948371
133,blocks.42.conv2,0.001983429305255413
133,blocks.43.conv1,0.002309301169589162
133,blocks.43.conv2,0.0018867069156840444
133,blocks.44.conv1,0.002459301147609949
133,blocks.44.conv2,0.001827431726269424
133,blocks.45.conv1,0.0021233318839222193
133,blocks.45.conv2,0.0015721693634986877
133,blocks.46.conv1,0.0021555598359555006
133,blocks.46.conv2,0.001640635309740901
133,blocks.47.conv1,0.0018524084007367492
133,blocks.47.conv2,0.0015146196819841862
133,blocks.48.conv1,0.0019531184807419777
133,blocks.48.conv2,0.0015587863745167851
133,blocks.49.conv1,0.0015838048420846462
133,blocks.49.conv2,0.001302988501265645
133,mean_conv2d_grad_norm,0.0022116292551584023
134,stem.0,0.0062791467644274235
134,blocks.0.conv1,0.005150717683136463
134,blocks.0.conv2,0.005554643925279379
134,blocks.1.conv1,0.004746105056256056
134,blocks.1.conv2,0.005046486388891935
134,blocks.2.conv1,0.004263915587216616
134,blocks.2.conv2,0.004572317935526371
134,blocks.3.conv1,0.003975396975874901
134,blocks.3.conv2,0.004037973936647177
134,blocks.4.conv1,0.0038785841315984726
134,blocks.4.conv2,0.003797039622440934
134,blocks.5.conv1,0.003491269191727042
134,blocks.5.conv2,0.003285439219325781
134,blocks.6.conv1,0.0031380606815218925
134,blocks.6.conv2,0.0032269281800836325
134,blocks.7.conv1,0.0032570010516792536
134,blocks.7.conv2,0.003326494712382555
134,blocks.8.conv1,0.0035029847640544176
134,blocks.8.conv2,0.003275355789810419
134,blocks.9.conv1,0.0036216462031006813
134,blocks.9.conv2,0.0032516238279640675
134,blocks.10.conv1,0.003447480732575059
134,blocks.10.conv2,0.0032927212305366993
134,blocks.11.conv1,0.003427941119298339
134,blocks.11.conv2,0.0032132258638739586
134,blocks.12.conv1,0.0037930989637970924
134,blocks.12.conv2,0.003640448208898306
134,blocks.13.conv1,0.003497807774692774
134,blocks.13.conv2,0.003362731309607625
134,blocks.14.conv1,0.00383398262783885
134,blocks.14.conv2,0.003607881721109152
134,blocks.15.conv1,0.003811496775597334
134,blocks.15.conv2,0.003389589488506317
134,blocks.16.conv1,0.003648752346634865
134,blocks.16.conv2,0.003252460155636072
134,blocks.17.conv1,0.003298158058896661
134,blocks.17.conv2,0.0030386378057301044
134,blocks.18.conv1,0.00381342601031065
134,blocks.18.conv2,0.0033841764088720083
134,blocks.19.conv1,0.0037907150108367205
134,blocks.19.conv2,0.003402592381462455
134,blocks.20.conv1,0.0038857280742377043
134,blocks.20.conv2,0.0032847982365638018
134,blocks.21.conv1,0.003991421312093735
134,blocks.21.conv2,0.0035217530094087124
134,blocks.22.conv1,0.004164158366620541
134,blocks.22.conv2,0.0037544583901762962
134,blocks.23.conv1,0.004579734522849321
134,blocks.23.conv2,0.003949278499931097
134,blocks.24.conv1,0.004152270033955574
134,blocks.24.conv2,0.0037444448098540306
134,blocks.25.conv1,0.004612530115991831
134,blocks.25.conv2,0.0038374175783246756
134,blocks.26.conv1,0.004828666802495718
134,blocks.26.conv2,0.00401254091411829
134,blocks.27.conv1,0.0047484892420470715
134,blocks.27.conv2,0.003842972218990326
134,blocks.28.conv1,0.00457918131724
134,blocks.28.conv2,0.0038111391477286816
134,blocks.29.conv1,0.004707818850874901
134,blocks.29.conv2,0.003975064028054476
134,blocks.30.conv1,0.004876863677054644
134,blocks.30.conv2,0.00394202908501029
134,blocks.31.conv1,0.004611906595528126
134,blocks.31.conv2,0.0038536307401955128
134,blocks.32.conv1,0.004666317254304886
134,blocks.32.conv2,0.003781720995903015
134,blocks.33.conv1,0.004733941983431578
134,blocks.33.conv2,0.003806804306805134
134,blocks.34.conv1,0.004779125563800335
134,blocks.34.conv2,0.004060080740600824
134,blocks.35.conv1,0.004205822944641113
134,blocks.35.conv2,0.0034916247241199017
134,blocks.36.conv1,0.004946983885020018
134,blocks.36.conv2,0.0039856331422924995
134,blocks.37.conv1,0.0055746096186339855
134,blocks.37.conv2,0.004208455793559551
134,blocks.38.conv1,0.004653833340853453
134,blocks.38.conv2,0.0038215797394514084
134,blocks.39.conv1,0.0048275296576321125
134,blocks.39.conv2,0.0038590009789913893
134,blocks.40.conv1,0.004544869530946016
134,blocks.40.conv2,0.0036170606035739183
134,blocks.41.conv1,0.004726615734398365
134,blocks.41.conv2,0.004156490787863731
134,blocks.42.conv1,0.0043173180893063545
134,blocks.42.conv2,0.003288483479991555
134,blocks.43.conv1,0.0036595091223716736
134,blocks.43.conv2,0.0029470138251781464
134,blocks.44.conv1,0.00405958853662014
134,blocks.44.conv2,0.003187682246789336
134,blocks.45.conv1,0.003879670985043049
134,blocks.45.conv2,0.0030515172984451056
134,blocks.46.conv1,0.00421549379825592
134,blocks.46.conv2,0.0031403489410877228
134,blocks.47.conv1,0.003375326283276081
134,blocks.47.conv2,0.0029427139088511467
134,blocks.48.conv1,0.0037523095961660147
134,blocks.48.conv2,0.0028163986280560493
134,blocks.49.conv1,0.002964520128443837
134,blocks.49.conv2,0.00272370339371264
134,mean_conv2d_grad_norm,0.003907568819618019
135,stem.0,0.009003473445773125
135,blocks.0.conv1,0.00830074306577444
135,blocks.0.conv2,0.009174571372568607
135,blocks.1.conv1,0.008272062055766582
135,blocks.1.conv2,0.00892545934766531
135,blocks.2.conv1,0.0069927857257425785
135,blocks.2.conv2,0.007422355469316244
135,blocks.3.conv1,0.006518741603940725
135,blocks.3.conv2,0.00693078339099884
135,blocks.4.conv1,0.006307688076049089
135,blocks.4.conv2,0.006157426163554192
135,blocks.5.conv1,0.005773358047008514
135,blocks.5.conv2,0.005779785104095936
135,blocks.6.conv1,0.005600999109447002
135,blocks.6.conv2,0.00557082612067461
135,blocks.7.conv1,0.005652125924825668
135,blocks.7.conv2,0.005906235426664352
135,blocks.8.conv1,0.006154756993055344
135,blocks.8.conv2,0.0060296496376395226
135,blocks.9.conv1,0.006620148662477732
135,blocks.9.conv2,0.005917654372751713
135,blocks.10.conv1,0.006111733615398407
135,blocks.10.conv2,0.005924551747739315
135,blocks.11.conv1,0.005754329729825258
135,blocks.11.conv2,0.005388835445046425
135,blocks.12.conv1,0.006524063181132078
135,blocks.12.conv2,0.006184304133057594
135,blocks.13.conv1,0.005998153705149889
135,blocks.13.conv2,0.005600707605481148
135,blocks.14.conv1,0.006700063124299049
135,blocks.14.conv2,0.00638655386865139
135,blocks.15.conv1,0.0064194416627287865
135,blocks.15.conv2,0.005714749451726675
135,blocks.16.conv1,0.006557199638336897
135,blocks.16.conv2,0.006118675693869591
135,blocks.17.conv1,0.005798220168799162
135,blocks.17.conv2,0.005466131959110498
135,blocks.18.conv1,0.006804648321121931
135,blocks.18.conv2,0.006109294947236776
135,blocks.19.conv1,0.006657456513494253
135,blocks.19.conv2,0.005888085812330246
135,blocks.20.conv1,0.006892124190926552
135,blocks.20.conv2,0.006194843910634518
135,blocks.21.conv1,0.006732447538524866
135,blocks.21.conv2,0.006231354083865881
135,blocks.22.conv1,0.007860352285206318
135,blocks.22.conv2,0.007313651964068413
135,blocks.23.conv1,0.007765054237097502
135,blocks.23.conv2,0.007326049264520407
135,blocks.24.conv1,0.007814538665115833
135,blocks.24.conv2,0.007196955382823944
135,blocks.25.conv1,0.007672837004065514
135,blocks.25.conv2,0.006929372902959585
135,blocks.26.conv1,0.008284742943942547
135,blocks.26.conv2,0.007672431413084269
135,blocks.27.conv1,0.007839848287403584
135,blocks.27.conv2,0.007220294792205095
135,blocks.28.conv1,0.008364144712686539
135,blocks.28.conv2,0.006944457534700632
135,blocks.29.conv1,0.008251726627349854
135,blocks.29.conv2,0.007395644672214985
135,blocks.30.conv1,0.008891245350241661
135,blocks.30.conv2,0.007867494598031044
135,blocks.31.conv1,0.008661767467856407
135,blocks.31.conv2,0.008097056299448013
135,blocks.32.conv1,0.008272205479443073
135,blocks.32.conv2,0.007212659809738398
135,blocks.33.conv1,0.008408352732658386
135,blocks.33.conv2,0.007294896524399519
135,blocks.34.conv1,0.00927321519702673
135,blocks.34.conv2,0.00817649532109499
135,blocks.35.conv1,0.009130909107625484
135,blocks.35.conv2,0.0076081580482423306
135,blocks.36.conv1,0.010041946545243263
135,blocks.36.conv2,0.00841519981622696
135,blocks.37.conv1,0.010106473229825497
135,blocks.37.conv2,0.008585834875702858
135,blocks.38.conv1,0.00992383062839508
135,blocks.38.conv2,0.007730470970273018
135,blocks.39.conv1,0.010284331627190113
135,blocks.39.conv2,0.007977264933288097
135,blocks.40.conv1,0.01055706012994051
135,blocks.40.conv2,0.008680429309606552
135,blocks.41.conv1,0.010874678380787373
135,blocks.41.conv2,0.00844242237508297
135,blocks.42.conv1,0.00851133931428194
135,blocks.42.conv2,0.006516958586871624
135,blocks.43.conv1,0.007462565321475267
135,blocks.43.conv2,0.0067765722051262856
135,blocks.44.conv1,0.008343756198883057
135,blocks.44.conv2,0.006899350788444281
135,blocks.45.conv1,0.008222191594541073
135,blocks.45.conv2,0.0061945547349750996
135,blocks.46.conv1,0.00678592873737216
135,blocks.46.conv2,0.00551834050565958
135,blocks.47.conv1,0.006090410985052586
135,blocks.47.conv2,0.005007875617593527
135,blocks.48.conv1,0.007172335870563984
135,blocks.48.conv2,0.004829210229218006
135,blocks.49.conv1,0.005447269883006811
135,blocks.49.conv2,0.004150847904384136
135,mean_conv2d_grad_norm,0.007202629792955842
136,stem.0,0.01502776425331831
136,blocks.0.conv1,0.011652511544525623
136,blocks.0.conv2,0.011664310470223427
136,blocks.1.conv1,0.010204964317381382
136,blocks.1.conv2,0.010172017849981785
136,blocks.2.conv1,0.00860719382762909
136,blocks.2.conv2,0.00862354040145874
136,blocks.3.conv1,0.008475317619740963
136,blocks.3.conv2,0.008638306520879269
136,blocks.4.conv1,0.008287952281534672
136,blocks.4.conv2,0.008163086138665676
136,blocks.5.conv1,0.006981309037655592
136,blocks.5.conv2,0.007311479188501835
136,blocks.6.conv1,0.006838607136160135
136,blocks.6.conv2,0.0072099813260138035
136,blocks.7.conv1,0.006724140141159296
136,blocks.7.conv2,0.007218100596219301
136,blocks.8.conv1,0.007221146021038294
136,blocks.8.conv2,0.007075517904013395
136,blocks.9.conv1,0.007014021743088961
136,blocks.9.conv2,0.006919001694768667
136,blocks.10.conv1,0.007532826624810696
136,blocks.10.conv2,0.006615714635699987
136,blocks.11.conv1,0.006958920042961836
136,blocks.11.conv2,0.006901176180690527
136,blocks.12.conv1,0.008102177642285824
136,blocks.12.conv2,0.007553152274340391
136,blocks.13.conv1,0.007704740855842829
136,blocks.13.conv2,0.007088840939104557
136,blocks.14.conv1,0.008614012971520424
136,blocks.14.conv2,0.007254943251609802
136,blocks.15.conv1,0.007715894840657711
136,blocks.15.conv2,0.0069123487919569016
136,blocks.16.conv1,0.007674704305827618
136,blocks.16.conv2,0.007073543965816498
136,blocks.17.conv1,0.0067942482419312
136,blocks.17.conv2,0.0065617747604846954
136,blocks.18.conv1,0.007897689007222652
136,blocks.18.conv2,0.007149658631533384
136,blocks.19.conv1,0.0077317869290709496
136,blocks.19.conv2,0.00764048844575882
136,blocks.20.conv1,0.007930527441203594
136,blocks.20.conv2,0.007066688034683466
136,blocks.21.conv1,0.008012239821255207
136,blocks.21.conv2,0.0072574433870613575
136,blocks.22.conv1,0.008634954690933228
136,blocks.22.conv2,0.007929407060146332
136,blocks.23.conv1,0.009691557846963406
136,blocks.23.conv2,0.008571233600378036
136,blocks.24.conv1,0.008717609569430351
136,blocks.24.conv2,0.007826476357877254
136,blocks.25.conv1,0.00912285503000021
136,blocks.25.conv2,0.008677447214722633
136,blocks.26.conv1,0.009283117018640041
136,blocks.26.conv2,0.008024084381759167
136,blocks.27.conv1,0.009245699271559715
136,blocks.27.conv2,0.008475247770547867
136,blocks.28.conv1,0.009997913613915443
136,blocks.28.conv2,0.01002710871398449
136,blocks.29.conv1,0.010032562538981438
136,blocks.29.conv2,0.008418082259595394
136,blocks.30.conv1,0.01071870420128107
136,blocks.30.conv2,0.010042745620012283
136,blocks.31.conv1,0.009768697433173656
136,blocks.31.conv2,0.00872840452939272
136,blocks.32.conv1,0.011415970511734486
136,blocks.32.conv2,0.008817234076559544
136,blocks.33.conv1,0.00966931227594614
136,blocks.33.conv2,0.00807278323918581
136,blocks.34.conv1,0.009846683591604233
136,blocks.34.conv2,0.008445379324257374
136,blocks.35.conv1,0.009469441138207912
136,blocks.35.conv2,0.008381909690797329
136,blocks.36.conv1,0.009515414014458656
136,blocks.36.conv2,0.008800427429378033
136,blocks.37.conv1,0.0104006826877594
136,blocks.37.conv2,0.008214712142944336
136,blocks.38.conv1,0.010486324317753315
136,blocks.38.conv2,0.009914161637425423
136,blocks.39.conv1,0.010119354352355003
136,blocks.39.conv2,0.008665725588798523
136,blocks.40.conv1,0.010943314991891384
136,blocks.40.conv2,0.010240504518151283
136,blocks.41.conv1,0.010600158013403416
136,blocks.41.conv2,0.008801651187241077
136,blocks.42.conv1,0.008787947706878185
136,blocks.42.conv2,0.008376617915928364
136,blocks.43.conv1,0.009282688610255718
136,blocks.43.conv2,0.008115275762975216
136,blocks.44.conv1,0.009727365337312222
136,blocks.44.conv2,0.008550652302801609
136,blocks.45.conv1,0.008947612717747688
136,blocks.45.conv2,0.007114819251000881
136,blocks.46.conv1,0.009248677641153336
136,blocks.46.conv2,0.007837275974452496
136,blocks.47.conv1,0.008218365721404552
136,blocks.47.conv2,0.007201868109405041
136,blocks.48.conv1,0.008694763295352459
136,blocks.48.conv2,0.006529130972921848
136,blocks.49.conv1,0.006810108665376902
136,blocks.49.conv2,0.005418676417320967
136,mean_conv2d_grad_norm,0.008508838731611129
137,stem.0,0.001575428992509842
137,blocks.0.conv1,0.0013664159923791885
137,blocks.0.conv2,0.0015447261976078153
137,blocks.1.conv1,0.0013395196292549372
137,blocks.1.conv2,0.0014389290008693933
137,blocks.2.conv1,0.0012526378268375993
137,blocks.2.conv2,0.0012160148471593857
137,blocks.3.conv1,0.0011147597106173635
137,blocks.3.conv2,0.0011623513419181108
137,blocks.4.conv1,0.0011028351727873087
137,blocks.4.conv2,0.0010686707682907581
137,blocks.5.conv1,0.0009832964278757572
137,blocks.5.conv2,0.0009666497353464365
137,blocks.6.conv1,0.0009314161143265665
137,blocks.6.conv2,0.0009411752107553184
137,blocks.7.conv1,0.0009804879082366824
137,blocks.7.conv2,0.0009706774144433439
137,blocks.8.conv1,0.0009637437760829926
137,blocks.8.conv2,0.0009261012310162187
137,blocks.9.conv1,0.0009717670036479831
137,blocks.9.conv2,0.000922658946365118
137,blocks.10.conv1,0.0010014779400080442
137,blocks.10.conv2,0.0009186910465359688
137,blocks.11.conv1,0.0008908977033570409
137,blocks.11.conv2,0.0008727261447347701
137,blocks.12.conv1,0.0010400444734841585
137,blocks.12.conv2,0.000966174469795078
137,blocks.13.conv1,0.0009769565658643842
137,blocks.13.conv2,0.0009071332751773298
137,blocks.14.conv1,0.0011226229835301638
137,blocks.14.conv2,0.0009987343801185489
137,blocks.15.conv1,0.0011101020500063896
137,blocks.15.conv2,0.000954373856075108
137,blocks.16.conv1,0.0010249634506180882
137,blocks.16.conv2,0.0009163811919279397
137,blocks.17.conv1,0.0008978936821222305
137,blocks.17.conv2,0.000835334649309516
137,blocks.18.conv1,0.0010310211218893528
137,blocks.18.conv2,0.0009355354122817516
137,blocks.19.conv1,0.0010886328527703881
137,blocks.19.conv2,0.0009357967646792531
137,blocks.20.conv1,0.0010456887539476156
137,blocks.20.conv2,0.0009288444416597486
137,blocks.21.conv1,0.001119269523769617
137,blocks.21.conv2,0.000975444505456835
137,blocks.22.conv1,0.0011527189053595066
137,blocks.22.conv2,0.0010301383445039392
137,blocks.23.conv1,0.001306721824221313
137,blocks.23.conv2,0.00110629852861166
137,blocks.24.conv1,0.0011979283299297094
137,blocks.24.conv2,0.0010383068583905697
137,blocks.25.conv1,0.0012506898492574692
137,blocks.25.conv2,0.0010478922631591558
137,blocks.26.conv1,0.0012447271728888154
137,blocks.26.conv2,0.001075158128514886
137,blocks.27.conv1,0.0011872441973537207
137,blocks.27.conv2,0.0010079133789986372
137,blocks.28.conv1,0.001174689969047904
137,blocks.28.conv2,0.0010177630465477705
137,blocks.29.conv1,0.0012977139558643103
137,blocks.29.conv2,0.001076010288670659
137,blocks.30.conv1,0.001441586995497346
137,blocks.30.conv2,0.001137470011599362
137,blocks.31.conv1,0.0012942099710926414
137,blocks.31.conv2,0.001043277676217258
137,blocks.32.conv1,0.0012217372423037887
137,blocks.32.conv2,0.0009773438796401024
137,blocks.33.conv1,0.0013109610881656408
137,blocks.33.conv2,0.001053461106494069
137,blocks.34.conv1,0.0012505324557423592
137,blocks.34.conv2,0.000997038441710174
137,blocks.35.conv1,0.00115774548612535
137,blocks.35.conv2,0.0009609240223653615
137,blocks.36.conv1,0.0014020726084709167
137,blocks.36.conv2,0.001214944408275187
137,blocks.37.conv1,0.0013581125531345606
137,blocks.37.conv2,0.001113183912821114
137,blocks.38.conv1,0.00126919976901263
137,blocks.38.conv2,0.0010432670824229717
137,blocks.39.conv1,0.0014243217883631587
137,blocks.39.conv2,0.0010594683699309826
137,blocks.40.conv1,0.0012219970813021064
137,blocks.40.conv2,0.0009308851440437138
137,blocks.41.conv1,0.001159914187155664
137,blocks.41.conv2,0.00101200002245605
137,blocks.42.conv1,0.0010596424108371139
137,blocks.42.conv2,0.0008410555310547352
137,blocks.43.conv1,0.0008860235684551299
137,blocks.43.conv2,0.0007917343755252659
137,blocks.44.conv1,0.0012597363675013185
137,blocks.44.conv2,0.0010015196166932583
137,blocks.45.conv1,0.000975153292529285
137,blocks.45.conv2,0.0007801603060215712
137,blocks.46.conv1,0.0011676906142383814
137,blocks.46.conv2,0.0008049789466895163
137,blocks.47.conv1,0.000924432824831456
137,blocks.47.conv2,0.0006724391714669764
137,blocks.48.conv1,0.0008838510257191956
137,blocks.48.conv2,0.0006891954108141363
137,blocks.49.conv1,0.0006964048952795565
137,blocks.49.conv2,0.0006151031120680273
137,mean_conv2d_grad_norm,0.001064868280226088
138,stem.0,0.0032390535343438387
138,blocks.0.conv1,0.0027149012312293053
138,blocks.0.conv2,0.0030236628372222185
138,blocks.1.conv1,0.0026225727051496506
138,blocks.1.conv2,0.0029945930000394583
138,blocks.2.conv1,0.0025444573257118464
138,blocks.2.conv2,0.00270588556304574
138,blocks.3.conv1,0.002407270250841975
138,blocks.3.conv2,0.0024165792856365442
138,blocks.4.conv1,0.00229160999879241
138,blocks.4.conv2,0.0022300854325294495
138,blocks.5.conv1,0.002059327904134989
138,blocks.5.conv2,0.0020636324770748615
138,blocks.6.conv1,0.001981386449187994
138,blocks.6.conv2,0.002030647825449705
138,blocks.7.conv1,0.0018940719310194254
138,blocks.7.conv2,0.001952224294655025
138,blocks.8.conv1,0.0020351852290332317
138,blocks.8.conv2,0.0019434014102444053
138,blocks.9.conv1,0.0019559578504413366
138,blocks.9.conv2,0.001916013192385435
138,blocks.10.conv1,0.0020047042053192854
138,blocks.10.conv2,0.0019459360046312213
138,blocks.11.conv1,0.0019369764486327767
138,blocks.11.conv2,0.0019218494417145848
138,blocks.12.conv1,0.0020378739573061466
138,blocks.12.conv2,0.0019763594027608633
138,blocks.13.conv1,0.0020247730426490307
138,blocks.13.conv2,0.001861634198576212
138,blocks.14.conv1,0.0021862953435629606
138,blocks.14.conv2,0.0019522936781868339
138,blocks.15.conv1,0.002172759035602212
138,blocks.15.conv2,0.001898039598017931
138,blocks.16.conv1,0.0021839935798197985
138,blocks.16.conv2,0.001864505815319717
138,blocks.17.conv1,0.0018411214696243405
138,blocks.17.conv2,0.0016325778560712934
138,blocks.18.conv1,0.002102960366755724
138,blocks.18.conv2,0.001896534115076065
138,blocks.19.conv1,0.0022260614205151796
138,blocks.19.conv2,0.0019095505122095346
138,blocks.20.conv1,0.00207552220672369
138,blocks.20.conv2,0.001890699495561421
138,blocks.21.conv1,0.002246494172140956
138,blocks.21.conv2,0.0021293768659234047
138,blocks.22.conv1,0.0023618049453943968
138,blocks.22.conv2,0.002142580458894372
138,blocks.23.conv1,0.002576712751761079
138,blocks.23.conv2,0.0022345143370330334
138,blocks.24.conv1,0.0023930722381919622
138,blocks.24.conv2,0.0020078334491699934
138,blocks.25.conv1,0.002673790091648698
138,blocks.25.conv2,0.0021960900630801916
138,blocks.26.conv1,0.0026309979148209095
138,blocks.26.conv2,0.0021540650632232428
138,blocks.27.conv1,0.002459151903167367
138,blocks.27.conv2,0.0020797918550670147
138,blocks.28.conv1,0.002471236977726221
138,blocks.28.conv2,0.002175829606130719
138,blocks.29.conv1,0.002758026123046875
138,blocks.29.conv2,0.002381169004365802
138,blocks.30.conv1,0.0026584193110466003
138,blocks.30.conv2,0.002326742745935917
138,blocks.31.conv1,0.0025547142140567303
138,blocks.31.conv2,0.0021551873069256544
138,blocks.32.conv1,0.0026272598188370466
138,blocks.32.conv2,0.0022065516095608473
138,blocks.33.conv1,0.00257537211291492
138,blocks.33.conv2,0.0021370190661400557
138,blocks.34.conv1,0.002918737241998315
138,blocks.34.conv2,0.002699841046705842
138,blocks.35.conv1,0.002445648889988661
138,blocks.35.conv2,0.0019683190621435642
138,blocks.36.conv1,0.0026722855400294065
138,blocks.36.conv2,0.002407208550721407
138,blocks.37.conv1,0.002834440441802144
138,blocks.37.conv2,0.002481719246134162
138,blocks.38.conv1,0.0027227592654526234
138,blocks.38.conv2,0.0022208187729120255
138,blocks.39.conv1,0.002546499250456691
138,blocks.39.conv2,0.00225996901281178
138,blocks.40.conv1,0.0027698620688170195
138,blocks.40.conv2,0.002428272506222129
138,blocks.41.conv1,0.0026065714191645384
138,blocks.41.conv2,0.0023690410889685154
138,blocks.42.conv1,0.0022779463324695826
138,blocks.42.conv2,0.0020084725692868233
138,blocks.43.conv1,0.0025307643227279186
138,blocks.43.conv2,0.0021660970523953438
138,blocks.44.conv1,0.002791301580145955
138,blocks.44.conv2,0.002256022999063134
138,blocks.45.conv1,0.0025258921086788177
138,blocks.45.conv2,0.0018921599257737398
138,blocks.46.conv1,0.002630583941936493
138,blocks.46.conv2,0.002031263429671526
138,blocks.47.conv1,0.0025269819889217615
138,blocks.47.conv2,0.0019608212169259787
138,blocks.48.conv1,0.002450493862852454
138,blocks.48.conv2,0.0018910792423412204
138,blocks.49.conv1,0.001990394899621606
138,blocks.49.conv2,0.0015832459321245551
138,mean_conv2d_grad_norm,0.002274701581567083
139,stem.0,0.004382423125207424
139,blocks.0.conv1,0.004185998812317848
139,blocks.0.conv2,0.0043510147370398045
139,blocks.1.conv1,0.003813407849520445
139,blocks.1.conv2,0.004007960669696331
139,blocks.2.conv1,0.0034654235932976007
139,blocks.2.conv2,0.003762521781027317
139,blocks.3.conv1,0.0032976267393678427
139,blocks.3.conv2,0.003654630621895194
139,blocks.4.conv1,0.0031192980241030455
139,blocks.4.conv2,0.003264431608840823
139,blocks.5.conv1,0.0029973501805216074
139,blocks.5.conv2,0.0029470548033714294
139,blocks.6.conv1,0.002849435433745384
139,blocks.6.conv2,0.0028927484527230263
139,blocks.7.conv1,0.0030110173393040895
139,blocks.7.conv2,0.0030253760050982237
139,blocks.8.conv1,0.003013120498508215
139,blocks.8.conv2,0.0029166897293180227
139,blocks.9.conv1,0.0031495997682213783
139,blocks.9.conv2,0.00303475558757782
139,blocks.10.conv1,0.0030683919321745634
139,blocks.10.conv2,0.002862543798983097
139,blocks.11.conv1,0.0030322482343763113
139,blocks.11.conv2,0.002883309731259942
139,blocks.12.conv1,0.003329681698232889
139,blocks.12.conv2,0.003090488724410534
139,blocks.13.conv1,0.0031055232975631952
139,blocks.13.conv2,0.0029405136592686176
139,blocks.14.conv1,0.0034088357351720333
139,blocks.14.conv2,0.0031351363286376
139,blocks.15.conv1,0.003435943741351366
139,blocks.15.conv2,0.0031044972129166126
139,blocks.16.conv1,0.003118393709883094
139,blocks.16.conv2,0.0028866606298834085
139,blocks.17.conv1,0.002813215833157301
139,blocks.17.conv2,0.0025585354305803776
139,blocks.18.conv1,0.0034709013998508453
139,blocks.18.conv2,0.0028289800975471735
139,blocks.19.conv1,0.003413880942389369
139,blocks.19.conv2,0.0029472014866769314
139,blocks.20.conv1,0.0032217372208833694
139,blocks.20.conv2,0.0028405897319316864
139,blocks.21.conv1,0.0037578807678073645
139,blocks.21.conv2,0.003062361851334572
139,blocks.22.conv1,0.003635730827227235
139,blocks.22.conv2,0.003274081042036414
139,blocks.23.conv1,0.004161209333688021
139,blocks.23.conv2,0.0034346578177064657
139,blocks.24.conv1,0.0034494134597480297
139,blocks.24.conv2,0.0030329623259603977
139,blocks.25.conv1,0.003643827745690942
139,blocks.25.conv2,0.0031855355482548475
139,blocks.26.conv1,0.003975155763328075
139,blocks.26.conv2,0.003323695855215192
139,blocks.27.conv1,0.0035949621815234423
139,blocks.27.conv2,0.0031091647688299417
139,blocks.28.conv1,0.00375578785315156
139,blocks.28.conv2,0.0031717538367956877
139,blocks.29.conv1,0.004013589583337307
139,blocks.29.conv2,0.0034037968143820763
139,blocks.30.conv1,0.004067982081323862
139,blocks.30.conv2,0.003558113006874919
139,blocks.31.conv1,0.0038525571580976248
139,blocks.31.conv2,0.0032952947076410055
139,blocks.32.conv1,0.003940150607377291
139,blocks.32.conv2,0.0030775221530348063
139,blocks.33.conv1,0.003781213890761137
139,blocks.33.conv2,0.0032180966809391975
139,blocks.34.conv1,0.004252051003277302
139,blocks.34.conv2,0.0036549672950059175
139,blocks.35.conv1,0.003636421635746956
139,blocks.35.conv2,0.003046756610274315
139,blocks.36.conv1,0.004224756732583046
139,blocks.36.conv2,0.003473921213299036
139,blocks.37.conv1,0.004394782707095146
139,blocks.37.conv2,0.0032024213578552008
139,blocks.38.conv1,0.004075703211128712
139,blocks.38.conv2,0.003236953401938081
139,blocks.39.conv1,0.0040307859890162945
139,blocks.39.conv2,0.0032913670875132084
139,blocks.40.conv1,0.003857784438878298
139,blocks.40.conv2,0.003105329582467675
139,blocks.41.conv1,0.003932388033717871
139,blocks.41.conv2,0.0030808860901743174
139,blocks.42.conv1,0.0034524574875831604
139,blocks.42.conv2,0.0025371520314365625
139,blocks.43.conv1,0.003034378169104457
139,blocks.43.conv2,0.002375991316512227
139,blocks.44.conv1,0.0034429372753947973
139,blocks.44.conv2,0.0024422474671155214
139,blocks.45.conv1,0.0029770703986287117
139,blocks.45.conv2,0.0022362603340297937
139,blocks.46.conv1,0.0027557117864489555
139,blocks.46.conv2,0.001978419255465269
139,blocks.47.conv1,0.0024845756124705076
139,blocks.47.conv2,0.0020861730445176363
139,blocks.48.conv1,0.002437344752252102
139,blocks.48.conv2,0.0018057046690955758
139,blocks.49.conv1,0.0019993428140878677
139,blocks.49.conv2,0.0016008657403290272
139,mean_conv2d_grad_norm,0.0032530643776667737
140,stem.0,0.007275508251041174
140,blocks.0.conv1,0.008539239875972271
140,blocks.0.conv2,0.010085491463541985
140,blocks.1.conv1,0.008491584099829197
140,blocks.1.conv2,0.009712827391922474
140,blocks.2.conv1,0.008608481846749783
140,blocks.2.conv2,0.009436906315386295
140,blocks.3.conv1,0.008122124709188938
140,blocks.3.conv2,0.008139653131365776
140,blocks.4.conv1,0.0077993255108594894
140,blocks.4.conv2,0.008140808902680874
140,blocks.5.conv1,0.007497437298297882
140,blocks.5.conv2,0.006960486527532339
140,blocks.6.conv1,0.007330130320042372
140,blocks.6.conv2,0.006636738311499357
140,blocks.7.conv1,0.006594653241336346
140,blocks.7.conv2,0.006710761692374945
140,blocks.8.conv1,0.007995269261300564
140,blocks.8.conv2,0.007468057796359062
140,blocks.9.conv1,0.006920198444277048
140,blocks.9.conv2,0.006863105576485395
140,blocks.10.conv1,0.007159584201872349
140,blocks.10.conv2,0.005921082105487585
140,blocks.11.conv1,0.007161298301070929
140,blocks.11.conv2,0.007123484276235104
140,blocks.12.conv1,0.007202981971204281
140,blocks.12.conv2,0.006836060434579849
140,blocks.13.conv1,0.0071483575738966465
140,blocks.13.conv2,0.006632023490965366
140,blocks.14.conv1,0.008442515507340431
140,blocks.14.conv2,0.00661274790763855
140,blocks.15.conv1,0.008391698822379112
140,blocks.15.conv2,0.007637982722371817
140,blocks.16.conv1,0.008400904014706612
140,blocks.16.conv2,0.006827254313975573
140,blocks.17.conv1,0.0077851577661931515
140,blocks.17.conv2,0.007359262090176344
140,blocks.18.conv1,0.008427164517343044
140,blocks.18.conv2,0.007549113593995571
140,blocks.19.conv1,0.008924226276576519
140,blocks.19.conv2,0.007309833075851202
140,blocks.20.conv1,0.008117053657770157
140,blocks.20.conv2,0.006822146940976381
140,blocks.21.conv1,0.008856229484081268
140,blocks.21.conv2,0.007701090537011623
140,blocks.22.conv1,0.008938728831708431
140,blocks.22.conv2,0.0092157032340765
140,blocks.23.conv1,0.009162716567516327
140,blocks.23.conv2,0.007893851958215237
140,blocks.24.conv1,0.009444371797144413
140,blocks.24.conv2,0.007813545875251293
140,blocks.25.conv1,0.0090239979326725
140,blocks.25.conv2,0.008030323311686516
140,blocks.26.conv1,0.011437750421464443
140,blocks.26.conv2,0.008446318097412586
140,blocks.27.conv1,0.008744129911065102
140,blocks.27.conv2,0.007429598830640316
140,blocks.28.conv1,0.011973313055932522
140,blocks.28.conv2,0.009666015394032001
140,blocks.29.conv1,0.01116283517330885
140,blocks.29.conv2,0.01090939436107874
140,blocks.30.conv1,0.010293655097484589
140,blocks.30.conv2,0.008784742094576359
140,blocks.31.conv1,0.010875795967876911
140,blocks.31.conv2,0.009084455668926239
140,blocks.32.conv1,0.009106993675231934
140,blocks.32.conv2,0.007275942713022232
140,blocks.33.conv1,0.010763797909021378
140,blocks.33.conv2,0.011123087257146835
140,blocks.34.conv1,0.01045598741620779
140,blocks.34.conv2,0.013143257237970829
140,blocks.35.conv1,0.009166051633656025
140,blocks.35.conv2,0.008866102434694767
140,blocks.36.conv1,0.010703371837735176
140,blocks.36.conv2,0.012994086369872093
140,blocks.37.conv1,0.010039121843874454
140,blocks.37.conv2,0.00819271057844162
140,blocks.38.conv1,0.010319734923541546
140,blocks.38.conv2,0.007455022539943457
140,blocks.39.conv1,0.010394652374088764
140,blocks.39.conv2,0.008582556620240211
140,blocks.40.conv1,0.009000481106340885
140,blocks.40.conv2,0.00811776239424944
140,blocks.41.conv1,0.008313636295497417
140,blocks.41.conv2,0.007008649408817291
140,blocks.42.conv1,0.008398604579269886
140,blocks.42.conv2,0.006868640426546335
140,blocks.43.conv1,0.00802568532526493
140,blocks.43.conv2,0.005959776695817709
140,blocks.44.conv1,0.008555400185286999
140,blocks.44.conv2,0.006289521232247353
140,blocks.45.conv1,0.007009757682681084
140,blocks.45.conv2,0.004790941718965769
140,blocks.46.conv1,0.007642234675586224
140,blocks.46.conv2,0.006095197517424822
140,blocks.47.conv1,0.008497284725308418
140,blocks.47.conv2,0.0070762247778475285
140,blocks.48.conv1,0.008135863579809666
140,blocks.48.conv2,0.006613718345761299
140,blocks.49.conv1,0.007193045224994421
140,blocks.49.conv2,0.006057416554540396
140,mean_conv2d_grad_norm,0.008299421850997623
141,stem.0,0.006874780170619488
141,blocks.0.conv1,0.0060451640747487545
141,blocks.0.conv2,0.006589699536561966
141,blocks.1.conv1,0.005977277178317308
141,blocks.1.conv2,0.006460733246058226
141,blocks.2.conv1,0.0053433640860021114
141,blocks.2.conv2,0.005607239436358213
141,blocks.3.conv1,0.004944327287375927
141,blocks.3.conv2,0.005130469333380461
141,blocks.4.conv1,0.004819676745682955
141,blocks.4.conv2,0.004922796040773392
141,blocks.5.conv1,0.004299977794289589
141,blocks.5.conv2,0.004408717155456543
141,blocks.6.conv1,0.0039667184464633465
141,blocks.6.conv2,0.0041872975416481495
141,blocks.7.conv1,0.004236990120261908
141,blocks.7.conv2,0.00434144726023078
141,blocks.8.conv1,0.004459079820662737
141,blocks.8.conv2,0.004367355722934008
141,blocks.9.conv1,0.004319397732615471
141,blocks.9.conv2,0.00420384993776679
141,blocks.10.conv1,0.004414051305502653
141,blocks.10.conv2,0.0042247772216796875
141,blocks.11.conv1,0.004221782553941011
141,blocks.11.conv2,0.00412867171689868
141,blocks.12.conv1,0.004758372902870178
141,blocks.12.conv2,0.004351572133600712
141,blocks.13.conv1,0.004498261492699385
141,blocks.13.conv2,0.004211238585412502
141,blocks.14.conv1,0.004907606635242701
141,blocks.14.conv2,0.004408633336424828
141,blocks.15.conv1,0.004924170672893524
141,blocks.15.conv2,0.004283994436264038
141,blocks.16.conv1,0.0045113228261470795
141,blocks.16.conv2,0.004282958805561066
141,blocks.17.conv1,0.0041587986052036285
141,blocks.17.conv2,0.003832730697467923
141,blocks.18.conv1,0.004864618647843599
141,blocks.18.conv2,0.004379785619676113
141,blocks.19.conv1,0.004833770915865898
141,blocks.19.conv2,0.004468047525733709
141,blocks.20.conv1,0.0047838278114795685
141,blocks.20.conv2,0.0043964870274066925
141,blocks.21.conv1,0.005282511003315449
141,blocks.21.conv2,0.004484363831579685
141,blocks.22.conv1,0.005517997313290834
141,blocks.22.conv2,0.004883806221187115
141,blocks.23.conv1,0.005817797500640154
141,blocks.23.conv2,0.005131883546710014
141,blocks.24.conv1,0.005379368085414171
141,blocks.24.conv2,0.0047489311546087265
141,blocks.25.conv1,0.0053444718942046165
141,blocks.25.conv2,0.004758505616337061
141,blocks.26.conv1,0.006026075687259436
141,blocks.26.conv2,0.005167997907847166
141,blocks.27.conv1,0.005336901638656855
141,blocks.27.conv2,0.004638914484530687
141,blocks.28.conv1,0.005955596454441547
141,blocks.28.conv2,0.00501191196963191
141,blocks.29.conv1,0.006307278294116259
141,blocks.29.conv2,0.0052487957291305065
141,blocks.30.conv1,0.006450978107750416
141,blocks.30.conv2,0.005388912279158831
141,blocks.31.conv1,0.005979971028864384
141,blocks.31.conv2,0.0049970815889537334
141,blocks.32.conv1,0.005932653788477182
141,blocks.32.conv2,0.004698282107710838
141,blocks.33.conv1,0.00586606515571475
141,blocks.33.conv2,0.0049379365518689156
141,blocks.34.conv1,0.006466194987297058
141,blocks.34.conv2,0.0053662764839828014
141,blocks.35.conv1,0.005423224531114101
141,blocks.35.conv2,0.004868512507528067
141,blocks.36.conv1,0.006731690838932991
141,blocks.36.conv2,0.005325065925717354
141,blocks.37.conv1,0.006480175536125898
141,blocks.37.conv2,0.005595732014626265
141,blocks.38.conv1,0.006206820253282785
141,blocks.38.conv2,0.004958589561283588
141,blocks.39.conv1,0.007035280577838421
141,blocks.39.conv2,0.0056601278483867645
141,blocks.40.conv1,0.005858356598764658
141,blocks.40.conv2,0.00505149457603693
141,blocks.41.conv1,0.006242416333407164
141,blocks.41.conv2,0.005292954854667187
141,blocks.42.conv1,0.005476078949868679
141,blocks.42.conv2,0.0049905553460121155
141,blocks.43.conv1,0.005903944373130798
141,blocks.43.conv2,0.004706905223429203
141,blocks.44.conv1,0.006328941322863102
141,blocks.44.conv2,0.0043801916763186455
141,blocks.45.conv1,0.005254014860838652
141,blocks.45.conv2,0.004254080820828676
141,blocks.46.conv1,0.004592348355799913
141,blocks.46.conv2,0.0036816222127527
141,blocks.47.conv1,0.005524790845811367
141,blocks.47.conv2,0.004416660405695438
141,blocks.48.conv1,0.004588250536471605
141,blocks.48.conv2,0.004115494433790445
141,blocks.49.conv1,0.003968998324126005
141,blocks.49.conv2,0.0036647787783294916
141,mean_conv2d_grad_norm,0.005059974247331519
142,stem.0,0.006782912649214268
142,blocks.0.conv1,0.006254160776734352
142,blocks.0.conv2,0.006792937871068716
142,blocks.1.conv1,0.005948880221694708
142,blocks.1.conv2,0.006184643600136042
142,blocks.2.conv1,0.005156310740858316
142,blocks.2.conv2,0.005638755392283201
142,blocks.3.conv1,0.0048231687396764755
142,blocks.3.conv2,0.00562698720023036
142,blocks.4.conv1,0.004665299318730831
142,blocks.4.conv2,0.004950165748596191
142,blocks.5.conv1,0.0044795130379498005
142,blocks.5.conv2,0.0047949510626494884
142,blocks.6.conv1,0.004143082071095705
142,blocks.6.conv2,0.0043933456763625145
142,blocks.7.conv1,0.004386437125504017
142,blocks.7.conv2,0.004457901231944561
142,blocks.8.conv1,0.0041664536111056805
142,blocks.8.conv2,0.00403181416913867
142,blocks.9.conv1,0.004353223834186792
142,blocks.9.conv2,0.004027419723570347
142,blocks.10.conv1,0.004295977298170328
142,blocks.10.conv2,0.004035588353872299
142,blocks.11.conv1,0.004010265227407217
142,blocks.11.conv2,0.0038079675287008286
142,blocks.12.conv1,0.004701508209109306
142,blocks.12.conv2,0.004495494998991489
142,blocks.13.conv1,0.004253863822668791
142,blocks.13.conv2,0.004104784689843655
142,blocks.14.conv1,0.004596819169819355
142,blocks.14.conv2,0.004421232268214226
142,blocks.15.conv1,0.0047765769995749
142,blocks.15.conv2,0.004307385999709368
142,blocks.16.conv1,0.004535012412816286
142,blocks.16.conv2,0.004191195592284203
142,blocks.17.conv1,0.0040719094686210155
142,blocks.17.conv2,0.0038141473196446896
142,blocks.18.conv1,0.004682632628828287
142,blocks.18.conv2,0.004311122465878725
142,blocks.19.conv1,0.004622138570994139
142,blocks.19.conv2,0.0041625467129051685
142,blocks.20.conv1,0.004683162085711956
142,blocks.20.conv2,0.004446522798389196
142,blocks.21.conv1,0.004733503796160221
142,blocks.21.conv2,0.004155692178755999
142,blocks.22.conv1,0.00512784393504262
142,blocks.22.conv2,0.0047763134352862835
142,blocks.23.conv1,0.005578150041401386
142,blocks.23.conv2,0.004882701672613621
142,blocks.24.conv1,0.005105537828058004
142,blocks.24.conv2,0.0046020089648664
142,blocks.25.conv1,0.00537220761179924
142,blocks.25.conv2,0.004685244057327509
142,blocks.26.conv1,0.00542379729449749
142,blocks.26.conv2,0.004487641621381044
142,blocks.27.conv1,0.005102402530610561
142,blocks.27.conv2,0.004431942943483591
142,blocks.28.conv1,0.0058776563964784145
142,blocks.28.conv2,0.004577502142637968
142,blocks.29.conv1,0.005801038816571236
142,blocks.29.conv2,0.004862465895712376
142,blocks.30.conv1,0.005853526294231415
142,blocks.30.conv2,0.004753393586724997
142,blocks.31.conv1,0.005403578747063875
142,blocks.31.conv2,0.00467512384057045
142,blocks.32.conv1,0.005353336688131094
142,blocks.32.conv2,0.004331621807068586
142,blocks.33.conv1,0.00518210232257843
142,blocks.33.conv2,0.0040557486936450005
142,blocks.34.conv1,0.006239541806280613
142,blocks.34.conv2,0.004754896741360426
142,blocks.35.conv1,0.0051712761633098125
142,blocks.35.conv2,0.004151896573603153
142,blocks.36.conv1,0.0058517372235655785
142,blocks.36.conv2,0.004779214039444923
142,blocks.37.conv1,0.006254218053072691
142,blocks.37.conv2,0.004731219261884689
142,blocks.38.conv1,0.006279801018536091
142,blocks.38.conv2,0.004344463348388672
142,blocks.39.conv1,0.005929804872721434
142,blocks.39.conv2,0.004802308976650238
142,blocks.40.conv1,0.005897865630686283
142,blocks.40.conv2,0.004622923210263252
142,blocks.41.conv1,0.00547825125977397
142,blocks.41.conv2,0.0049907672218978405
142,blocks.42.conv1,0.004716015886515379
142,blocks.42.conv2,0.0037837896961718798
142,blocks.43.conv1,0.0047946227714419365
142,blocks.43.conv2,0.0035713929682970047
142,blocks.44.conv1,0.0059638055972754955
142,blocks.44.conv2,0.004232737701386213
142,blocks.45.conv1,0.004073793068528175
142,blocks.45.conv2,0.003009890206158161
142,blocks.46.conv1,0.00437642028555274
142,blocks.46.conv2,0.0031269274186342955
142,blocks.47.conv1,0.003982687834650278
142,blocks.47.conv2,0.003176304744556546
142,blocks.48.conv1,0.003985875751823187
142,blocks.48.conv2,0.003045149613171816
142,blocks.49.conv1,0.003221927909180522
142,blocks.49.conv2,0.0026249501388520002
142,mean_conv2d_grad_norm,0.004718265134269501
143,stem.0,0.041162457317113876
143,blocks.0.conv1,0.026595257222652435
143,blocks.0.conv2,0.029744034633040428
143,blocks.1.conv1,0.025628097355365753
143,blocks.1.conv2,0.02977883070707321
143,blocks.2.conv1,0.024609535932540894
143,blocks.2.conv2,0.026152456179261208
143,blocks.3.conv1,0.02346109226346016
143,blocks.3.conv2,0.02409345842897892
143,blocks.4.conv1,0.024331483989953995
143,blocks.4.conv2,0.023677287623286247
143,blocks.5.conv1,0.020546887069940567
143,blocks.5.conv2,0.02028089016675949
143,blocks.6.conv1,0.01908503845334053
143,blocks.6.conv2,0.01933138258755207
143,blocks.7.conv1,0.020846307277679443
143,blocks.7.conv2,0.02089288830757141
143,blocks.8.conv1,0.02043859474360943
143,blocks.8.conv2,0.019464870914816856
143,blocks.9.conv1,0.021890191361308098
143,blocks.9.conv2,0.02062767930328846
143,blocks.10.conv1,0.021218953654170036
143,blocks.10.conv2,0.020953981205821037
143,blocks.11.conv1,0.020769812166690826
143,blocks.11.conv2,0.018996521830558777
143,blocks.12.conv1,0.022426756098866463
143,blocks.12.conv2,0.021504979580640793
143,blocks.13.conv1,0.021246550604701042
143,blocks.13.conv2,0.01990511454641819
143,blocks.14.conv1,0.024863004684448242
143,blocks.14.conv2,0.02159949578344822
143,blocks.15.conv1,0.023443058133125305
143,blocks.15.conv2,0.020579373463988304
143,blocks.16.conv1,0.02348591759800911
143,blocks.16.conv2,0.023059653118252754
143,blocks.17.conv1,0.01975615695118904
143,blocks.17.conv2,0.0186126958578825
143,blocks.18.conv1,0.022961921989917755
143,blocks.18.conv2,0.020092029124498367
143,blocks.19.conv1,0.023369623348116875
143,blocks.19.conv2,0.02041797898709774
143,blocks.20.conv1,0.02215987630188465
143,blocks.20.conv2,0.021432355046272278
143,blocks.21.conv1,0.023369556292891502
143,blocks.21.conv2,0.023317469283938408
143,blocks.22.conv1,0.02558390237390995
143,blocks.22.conv2,0.021861504763364792
143,blocks.23.conv1,0.02769695594906807
143,blocks.23.conv2,0.024771444499492645
143,blocks.24.conv1,0.02593737654387951
143,blocks.24.conv2,0.022711532190442085
143,blocks.25.conv1,0.026515072211623192
143,blocks.25.conv2,0.02390253357589245
143,blocks.26.conv1,0.025489799678325653
143,blocks.26.conv2,0.022782735526561737
143,blocks.27.conv1,0.0249538104981184
143,blocks.27.conv2,0.021255679428577423
143,blocks.28.conv1,0.02616776153445244
143,blocks.28.conv2,0.024405190721154213
143,blocks.29.conv1,0.026887590065598488
143,blocks.29.conv2,0.02334371954202652
143,blocks.30.conv1,0.02805851586163044
143,blocks.30.conv2,0.025643128901720047
143,blocks.31.conv1,0.02827014960348606
143,blocks.31.conv2,0.02358025498688221
143,blocks.32.conv1,0.034409064799547195
143,blocks.32.conv2,0.025590840727090836
143,blocks.33.conv1,0.024842888116836548
143,blocks.33.conv2,0.020556461066007614
143,blocks.34.conv1,0.028947316110134125
143,blocks.34.conv2,0.02349209412932396
143,blocks.35.conv1,0.026445336639881134
143,blocks.35.conv2,0.022438453510403633
143,blocks.36.conv1,0.030378049239516258
143,blocks.36.conv2,0.024215737357735634
143,blocks.37.conv1,0.030544431880116463
143,blocks.37.conv2,0.025301724672317505
143,blocks.38.conv1,0.02938750945031643
143,blocks.38.conv2,0.023744255304336548
143,blocks.39.conv1,0.02599736489355564
143,blocks.39.conv2,0.023949213325977325
143,blocks.40.conv1,0.03028230555355549
143,blocks.40.conv2,0.025955483317375183
143,blocks.41.conv1,0.030531538650393486
143,blocks.41.conv2,0.023745888844132423
143,blocks.42.conv1,0.02716037444770336
143,blocks.42.conv2,0.02107539027929306
143,blocks.43.conv1,0.02784804441034794
143,blocks.43.conv2,0.0216702688485384
143,blocks.44.conv1,0.024174440652132034
143,blocks.44.conv2,0.02068811096251011
143,blocks.45.conv1,0.025411078706383705
143,blocks.45.conv2,0.01883983239531517
143,blocks.46.conv1,0.030175529420375824
143,blocks.46.conv2,0.022642197087407112
143,blocks.47.conv1,0.02527054026722908
143,blocks.47.conv2,0.018764330074191093
143,blocks.48.conv1,0.025040945038199425
143,blocks.48.conv2,0.017086630687117577
143,blocks.49.conv1,0.019040247425436974
143,blocks.49.conv2,0.015378552488982677
143,mean_conv2d_grad_norm,0.023891313729973714
144,stem.0,0.028214912861585617
144,blocks.0.conv1,0.018660400062799454
144,blocks.0.conv2,0.02102966047823429
144,blocks.1.conv1,0.017407149076461792
144,blocks.1.conv2,0.019236383959650993
144,blocks.2.conv1,0.016235297545790672
144,blocks.2.conv2,0.017701618373394012
144,blocks.3.conv1,0.014637652784585953
144,blocks.3.conv2,0.014940780587494373
144,blocks.4.conv1,0.014422224834561348
144,blocks.4.conv2,0.014784432016313076
144,blocks.5.conv1,0.013383269309997559
144,blocks.5.conv2,0.013304941356182098
144,blocks.6.conv1,0.013014622963964939
144,blocks.6.conv2,0.013147168792784214
144,blocks.7.conv1,0.014052963815629482
144,blocks.7.conv2,0.013355668634176254
144,blocks.8.conv1,0.013910477049648762
144,blocks.8.conv2,0.013299698010087013
144,blocks.9.conv1,0.013959633186459541
144,blocks.9.conv2,0.012664254754781723
144,blocks.10.conv1,0.014769859611988068
144,blocks.10.conv2,0.012973843142390251
144,blocks.11.conv1,0.01307731494307518
144,blocks.11.conv2,0.012553736567497253
144,blocks.12.conv1,0.014437022618949413
144,blocks.12.conv2,0.012734301388263702
144,blocks.13.conv1,0.013364910148084164
144,blocks.13.conv2,0.012557873502373695
144,blocks.14.conv1,0.014254280366003513
144,blocks.14.conv2,0.013377637602388859
144,blocks.15.conv1,0.01476785447448492
144,blocks.15.conv2,0.012775271199643612
144,blocks.16.conv1,0.014966288581490517
144,blocks.16.conv2,0.01249189767986536
144,blocks.17.conv1,0.01334499940276146
144,blocks.17.conv2,0.011499184183776379
144,blocks.18.conv1,0.014825171791017056
144,blocks.18.conv2,0.013401400297880173
144,blocks.19.conv1,0.015474450774490833
144,blocks.19.conv2,0.013442001305520535
144,blocks.20.conv1,0.014691360294818878
144,blocks.20.conv2,0.013090499676764011
144,blocks.21.conv1,0.015450245700776577
144,blocks.21.conv2,0.013740001246333122
144,blocks.22.conv1,0.016388172283768654
144,blocks.22.conv2,0.015239891596138477
144,blocks.23.conv1,0.018098177388310432
144,blocks.23.conv2,0.015549004077911377
144,blocks.24.conv1,0.0171546321362257
144,blocks.24.conv2,0.014713894575834274
144,blocks.25.conv1,0.01749412529170513
144,blocks.25.conv2,0.014683736488223076
144,blocks.26.conv1,0.018576322123408318
144,blocks.26.conv2,0.015353920869529247
144,blocks.27.conv1,0.016816958785057068
144,blocks.27.conv2,0.013733825646340847
144,blocks.28.conv1,0.016998067498207092
144,blocks.28.conv2,0.014159705489873886
144,blocks.29.conv1,0.01847444288432598
144,blocks.29.conv2,0.01627988927066326
144,blocks.30.conv1,0.019629117101430893
144,blocks.30.conv2,0.01447503175586462
144,blocks.31.conv1,0.01648615300655365
144,blocks.31.conv2,0.013775348663330078
144,blocks.32.conv1,0.016226792708039284
144,blocks.32.conv2,0.012739662081003189
144,blocks.33.conv1,0.017550772055983543
144,blocks.33.conv2,0.01448723766952753
144,blocks.34.conv1,0.017052946612238884
144,blocks.34.conv2,0.015003012493252754
144,blocks.35.conv1,0.01572296768426895
144,blocks.35.conv2,0.013186555355787277
144,blocks.36.conv1,0.019012613222002983
144,blocks.36.conv2,0.014438571408390999
144,blocks.37.conv1,0.021597804501652718
144,blocks.37.conv2,0.01486213132739067
144,blocks.38.conv1,0.016858555376529694
144,blocks.38.conv2,0.013124236837029457
144,blocks.39.conv1,0.018668968230485916
144,blocks.39.conv2,0.013770376332104206
144,blocks.40.conv1,0.017009055241942406
144,blocks.40.conv2,0.013683266937732697
144,blocks.41.conv1,0.016813436523079872
144,blocks.41.conv2,0.014262561686336994
144,blocks.42.conv1,0.014705286361277103
144,blocks.42.conv2,0.01133783906698227
144,blocks.43.conv1,0.014259684830904007
144,blocks.43.conv2,0.011347565799951553
144,blocks.44.conv1,0.015290701761841774
144,blocks.44.conv2,0.012616652064025402
144,blocks.45.conv1,0.013296997174620628
144,blocks.45.conv2,0.011641455814242363
144,blocks.46.conv1,0.01596931368112564
144,blocks.46.conv2,0.012381995096802711
144,blocks.47.conv1,0.012070448137819767
144,blocks.47.conv2,0.011658894829452038
144,blocks.48.conv1,0.013392943888902664
144,blocks.48.conv2,0.012298112735152245
144,blocks.49.conv1,0.01251800637692213
144,blocks.49.conv2,0.011119830422103405
144,mean_conv2d_grad_norm,0.014905765210047807
145,stem.0,0.012562690302729607
145,blocks.0.conv1,0.010404414497315884
145,blocks.0.conv2,0.01036666240543127
145,blocks.1.conv1,0.009451721794903278
145,blocks.1.conv2,0.010570290498435497
145,blocks.2.conv1,0.008471100591123104
145,blocks.2.conv2,0.009226693771779537
145,blocks.3.conv1,0.007772470824420452
145,blocks.3.conv2,0.008275319822132587
145,blocks.4.conv1,0.007725113537162542
145,blocks.4.conv2,0.007907402701675892
145,blocks.5.conv1,0.006434193346649408
145,blocks.5.conv2,0.006958695128560066
145,blocks.6.conv1,0.006596983410418034
145,blocks.6.conv2,0.007000522222369909
145,blocks.7.conv1,0.007273489143699408
145,blocks.7.conv2,0.0070825801230967045
145,blocks.8.conv1,0.007656404282897711
145,blocks.8.conv2,0.0069828154519200325
145,blocks.9.conv1,0.007242682855576277
145,blocks.9.conv2,0.007225136738270521
145,blocks.10.conv1,0.007030799053609371
145,blocks.10.conv2,0.0068136947229504585
145,blocks.11.conv1,0.007165777031332254
145,blocks.11.conv2,0.006750422529876232
145,blocks.12.conv1,0.007770541124045849
145,blocks.12.conv2,0.007444530259817839
145,blocks.13.conv1,0.007409593090415001
145,blocks.13.conv2,0.00695422338321805
145,blocks.14.conv1,0.00789771880954504
145,blocks.14.conv2,0.007292976137250662
145,blocks.15.conv1,0.007945798337459564
145,blocks.15.conv2,0.007126511540263891
145,blocks.16.conv1,0.008200148120522499
145,blocks.16.conv2,0.00724975997582078
145,blocks.17.conv1,0.007315700873732567
145,blocks.17.conv2,0.006402709987014532
145,blocks.18.conv1,0.00794709101319313
145,blocks.18.conv2,0.006974594201892614
145,blocks.19.conv1,0.00820893980562687
145,blocks.19.conv2,0.007516254670917988
145,blocks.20.conv1,0.00814836286008358
145,blocks.20.conv2,0.007109958678483963
145,blocks.21.conv1,0.00873979739844799
145,blocks.21.conv2,0.0078953942283988
145,blocks.22.conv1,0.008638338185846806
145,blocks.22.conv2,0.008192749693989754
145,blocks.23.conv1,0.009097116068005562
145,blocks.23.conv2,0.008209298364818096
145,blocks.24.conv1,0.009007220156490803
145,blocks.24.conv2,0.008704482577741146
145,blocks.25.conv1,0.00962965190410614
145,blocks.25.conv2,0.008475244045257568
145,blocks.26.conv1,0.009557278826832771
145,blocks.26.conv2,0.008810251019895077
145,blocks.27.conv1,0.009100101888179779
145,blocks.27.conv2,0.008093690499663353
145,blocks.28.conv1,0.009786293841898441
145,blocks.28.conv2,0.008427359163761139
145,blocks.29.conv1,0.010204657912254333
145,blocks.29.conv2,0.008418908342719078
145,blocks.30.conv1,0.010783819481730461
145,blocks.30.conv2,0.009256051853299141
145,blocks.31.conv1,0.009661547839641571
145,blocks.31.conv2,0.009370146319270134
145,blocks.32.conv1,0.00926308985799551
145,blocks.32.conv2,0.0075333318673074245
145,blocks.33.conv1,0.010379327461123466
145,blocks.33.conv2,0.007985166274011135
145,blocks.34.conv1,0.009212308563292027
145,blocks.34.conv2,0.008318363688886166
145,blocks.35.conv1,0.009706017561256886
145,blocks.35.conv2,0.007465593051165342
145,blocks.36.conv1,0.01013963669538498
145,blocks.36.conv2,0.0089345658197999
145,blocks.37.conv1,0.011012919247150421
145,blocks.37.conv2,0.008120879530906677
145,blocks.38.conv1,0.008549162186682224
145,blocks.38.conv2,0.006953639443963766
145,blocks.39.conv1,0.010006730444729328
145,blocks.39.conv2,0.007682459894567728
145,blocks.40.conv1,0.00889851339161396
145,blocks.40.conv2,0.007885805331170559
145,blocks.41.conv1,0.009255393408238888
145,blocks.41.conv2,0.007724038790911436
145,blocks.42.conv1,0.008802695199847221
145,blocks.42.conv2,0.006503446958959103
145,blocks.43.conv1,0.006858937442302704
145,blocks.43.conv2,0.005879203323274851
145,blocks.44.conv1,0.00927450880408287
145,blocks.44.conv2,0.007601315621286631
145,blocks.45.conv1,0.0077858613803982735
145,blocks.45.conv2,0.006283625960350037
145,blocks.46.conv1,0.010048309341073036
145,blocks.46.conv2,0.0076813162304461
145,blocks.47.conv1,0.008221011608839035
145,blocks.47.conv2,0.006602332461625338
145,blocks.48.conv1,0.007916693575680256
145,blocks.48.conv2,0.006483954843133688
145,blocks.49.conv1,0.0065774209797382355
145,blocks.49.conv2,0.006354534067213535
145,mean_conv2d_grad_norm,0.008196287124537596
146,stem.0,0.010063976049423218
146,blocks.0.conv1,0.006878241430968046
146,blocks.0.conv2,0.008086550049483776
146,blocks.1.conv1,0.007168114185333252
146,blocks.1.conv2,0.007564015220850706
146,blocks.2.conv1,0.00671450886875391
146,blocks.2.conv2,0.006875234190374613
146,blocks.3.conv1,0.006287394091486931
146,blocks.3.conv2,0.006543653551489115
146,blocks.4.conv1,0.006010877899825573
146,blocks.4.conv2,0.005944633390754461
146,blocks.5.conv1,0.005397520959377289
146,blocks.5.conv2,0.005354752764105797
146,blocks.6.conv1,0.005142662208527327
146,blocks.6.conv2,0.0049028643406927586
146,blocks.7.conv1,0.0051220739260315895
146,blocks.7.conv2,0.004994069691747427
146,blocks.8.conv1,0.005226654466241598
146,blocks.8.conv2,0.004709282889962196
146,blocks.9.conv1,0.005542386323213577
146,blocks.9.conv2,0.005071528721600771
146,blocks.10.conv1,0.005527641624212265
146,blocks.10.conv2,0.005304702557623386
146,blocks.11.conv1,0.0052775549702346325
146,blocks.11.conv2,0.004869903437793255
146,blocks.12.conv1,0.005918887909501791
146,blocks.12.conv2,0.005236567463725805
146,blocks.13.conv1,0.005673239007592201
146,blocks.13.conv2,0.00485378410667181
146,blocks.14.conv1,0.006282253190875053
146,blocks.14.conv2,0.005287254229187965
146,blocks.15.conv1,0.005652912892401218
146,blocks.15.conv2,0.00515771983191371
146,blocks.16.conv1,0.005666248966008425
146,blocks.16.conv2,0.004985186271369457
146,blocks.17.conv1,0.005067916586995125
146,blocks.17.conv2,0.004241457674652338
146,blocks.18.conv1,0.005725430324673653
146,blocks.18.conv2,0.0047556511126458645
146,blocks.19.conv1,0.005635673180222511
146,blocks.19.conv2,0.004955380689352751
146,blocks.20.conv1,0.005967243574559689
146,blocks.20.conv2,0.005133184138685465
146,blocks.21.conv1,0.005579161923378706
146,blocks.21.conv2,0.005223758518695831
146,blocks.22.conv1,0.006478141527622938
146,blocks.22.conv2,0.005517707206308842
146,blocks.23.conv1,0.006719623692333698
146,blocks.23.conv2,0.005833410192281008
146,blocks.24.conv1,0.006571422331035137
146,blocks.24.conv2,0.005335130728781223
146,blocks.25.conv1,0.006918664555996656
146,blocks.25.conv2,0.005514792166650295
146,blocks.26.conv1,0.006639224011451006
146,blocks.26.conv2,0.0054501742124557495
146,blocks.27.conv1,0.006750041153281927
146,blocks.27.conv2,0.005708509124815464
146,blocks.28.conv1,0.007098325528204441
146,blocks.28.conv2,0.005645562428981066
146,blocks.29.conv1,0.006764314603060484
146,blocks.29.conv2,0.005606269463896751
146,blocks.30.conv1,0.007261162158101797
146,blocks.30.conv2,0.006236235611140728
146,blocks.31.conv1,0.006763436831533909
146,blocks.31.conv2,0.005679852329194546
146,blocks.32.conv1,0.007662627380341291
146,blocks.32.conv2,0.005467990878969431
146,blocks.33.conv1,0.006239231675863266
146,blocks.33.conv2,0.0050633992068469524
146,blocks.34.conv1,0.007198854349553585
146,blocks.34.conv2,0.0060966708697378635
146,blocks.35.conv1,0.006164160557091236
146,blocks.35.conv2,0.005461725872009993
146,blocks.36.conv1,0.007042952347546816
146,blocks.36.conv2,0.005668003577739
146,blocks.37.conv1,0.007429094053804874
146,blocks.37.conv2,0.005891837179660797
146,blocks.38.conv1,0.007169605232775211
146,blocks.38.conv2,0.006204805336892605
146,blocks.39.conv1,0.006601500790566206
146,blocks.39.conv2,0.005774610675871372
146,blocks.40.conv1,0.007165157236158848
146,blocks.40.conv2,0.005941304843872786
146,blocks.41.conv1,0.006915235426276922
146,blocks.41.conv2,0.005380992777645588
146,blocks.42.conv1,0.006168232299387455
146,blocks.42.conv2,0.004959227982908487
146,blocks.43.conv1,0.005789320450276136
146,blocks.43.conv2,0.004440903197973967
146,blocks.44.conv1,0.006041614338755608
146,blocks.44.conv2,0.004682397469878197
146,blocks.45.conv1,0.005844762083142996
146,blocks.45.conv2,0.004442431963980198
146,blocks.46.conv1,0.006264796946197748
146,blocks.46.conv2,0.0045699807815253735
146,blocks.47.conv1,0.005879392381757498
146,blocks.47.conv2,0.0048971353098750114
146,blocks.48.conv1,0.005902523640543222
146,blocks.48.conv2,0.004474347457289696
146,blocks.49.conv1,0.004736903123557568
146,blocks.49.conv2,0.004071118775755167
146,mean_conv2d_grad_norm,0.005859173838934391
147,stem.0,0.003125448478385806
147,blocks.0.conv1,0.0023379435297101736
147,blocks.0.conv2,0.0026856930926442146
147,blocks.1.conv1,0.0024877614341676235
147,blocks.1.conv2,0.0024540782906115055
147,blocks.2.conv1,0.0021713771857321262
147,blocks.2.conv2,0.002168356440961361
147,blocks.3.conv1,0.0018881754949688911
147,blocks.3.conv2,0.0020015747286379337
147,blocks.4.conv1,0.0018527809297665954
147,blocks.4.conv2,0.0018159890314564109
147,blocks.5.conv1,0.0016169134760275483
147,blocks.5.conv2,0.001549622742459178
147,blocks.6.conv1,0.0015402352437376976
147,blocks.6.conv2,0.0015200530178844929
147,blocks.7.conv1,0.0015473756939172745
147,blocks.7.conv2,0.0015575926518067718
147,blocks.8.conv1,0.0015915831318125129
147,blocks.8.conv2,0.0015742109389975667
147,blocks.9.conv1,0.0016434038989245892
147,blocks.9.conv2,0.001561257871799171
147,blocks.10.conv1,0.0017396874027326703
147,blocks.10.conv2,0.0015765923308208585
147,blocks.11.conv1,0.001638612593524158
147,blocks.11.conv2,0.001492070616222918
147,blocks.12.conv1,0.0017207413911819458
147,blocks.12.conv2,0.0016008310485631227
147,blocks.13.conv1,0.0016335869440808892
147,blocks.13.conv2,0.0014615333639085293
147,blocks.14.conv1,0.0017663573380559683
147,blocks.14.conv2,0.0015629834961146116
147,blocks.15.conv1,0.0017053327756002545
147,blocks.15.conv2,0.0015219567576423287
147,blocks.16.conv1,0.0016749914502725005
147,blocks.16.conv2,0.0015280402731150389
147,blocks.17.conv1,0.0014492780901491642
147,blocks.17.conv2,0.0013820503372699022
147,blocks.18.conv1,0.0017407054547220469
147,blocks.18.conv2,0.0014553710352629423
147,blocks.19.conv1,0.0017394251190125942
147,blocks.19.conv2,0.001518379314802587
147,blocks.20.conv1,0.0016179383965209126
147,blocks.20.conv2,0.0014840926742181182
147,blocks.21.conv1,0.0017438419163227081
147,blocks.21.conv2,0.0015334808267652988
147,blocks.22.conv1,0.0018444553716108203
147,blocks.22.conv2,0.0016328409546986222
147,blocks.23.conv1,0.0019429144449532032
147,blocks.23.conv2,0.0016861114418134093
147,blocks.24.conv1,0.0018024188466370106
147,blocks.24.conv2,0.0015956494025886059
147,blocks.25.conv1,0.0019090855494141579
147,blocks.25.conv2,0.0016157120699062943
147,blocks.26.conv1,0.002012849785387516
147,blocks.26.conv2,0.0017031376482918859
147,blocks.27.conv1,0.001998800551518798
147,blocks.27.conv2,0.0016782459570094943
147,blocks.28.conv1,0.0019066421082243323
147,blocks.28.conv2,0.0016445599030703306
147,blocks.29.conv1,0.0019470154074952006
147,blocks.29.conv2,0.001725020119920373
147,blocks.30.conv1,0.002132618334144354
147,blocks.30.conv2,0.0018310606246814132
147,blocks.31.conv1,0.0019296735990792513
147,blocks.31.conv2,0.0016734712990000844
147,blocks.32.conv1,0.002018202794715762
147,blocks.32.conv2,0.001720686792396009
147,blocks.33.conv1,0.0018388604512438178
147,blocks.33.conv2,0.001566613675095141
147,blocks.34.conv1,0.0021788165904581547
147,blocks.34.conv2,0.001908216392621398
147,blocks.35.conv1,0.0019717756658792496
147,blocks.35.conv2,0.0016389864031225443
147,blocks.36.conv1,0.0021309417206794024
147,blocks.36.conv2,0.0017537747044116259
147,blocks.37.conv1,0.002108785090968013
147,blocks.37.conv2,0.0017722914926707745
147,blocks.38.conv1,0.0020730362739413977
147,blocks.38.conv2,0.0017440284136682749
147,blocks.39.conv1,0.0019616929348558187
147,blocks.39.conv2,0.0016574267065152526
147,blocks.40.conv1,0.00213077780790627
147,blocks.40.conv2,0.0019453584682196379
147,blocks.41.conv1,0.002247234806418419
147,blocks.41.conv2,0.001817063195630908
147,blocks.42.conv1,0.001938129891641438
147,blocks.42.conv2,0.0014424585970118642
147,blocks.43.conv1,0.0015846429159864783
147,blocks.43.conv2,0.0013291366631165147
147,blocks.44.conv1,0.002019647043198347
147,blocks.44.conv2,0.0015341046964749694
147,blocks.45.conv1,0.002081444952636957
147,blocks.45.conv2,0.0013968258863314986
147,blocks.46.conv1,0.0018604641081765294
147,blocks.46.conv2,0.0013219924876466393
147,blocks.47.conv1,0.001481557497754693
147,blocks.47.conv2,0.0011932835914194584
147,blocks.48.conv1,0.0015080643352121115
147,blocks.48.conv2,0.0011920443503186107
147,blocks.49.conv1,0.0011945761507377028
147,blocks.49.conv2,0.0011127800680696964
147,mean_conv2d_grad_norm,0.001758092230573149
148,stem.0,0.0029849547427147627
148,blocks.0.conv1,0.002783915726467967
148,blocks.0.conv2,0.002911435905843973
148,blocks.1.conv1,0.002730992157012224
148,blocks.1.conv2,0.002821668516844511
148,blocks.2.conv1,0.0024274105671793222
148,blocks.2.conv2,0.0025330367498099804
148,blocks.3.conv1,0.00218590977601707
148,blocks.3.conv2,0.0021740696392953396
148,blocks.4.conv1,0.002155179623514414
148,blocks.4.conv2,0.002122878096997738
148,blocks.5.conv1,0.001876638736575842
148,blocks.5.conv2,0.001840466633439064
148,blocks.6.conv1,0.0018430533818900585
148,blocks.6.conv2,0.0017920219106599689
148,blocks.7.conv1,0.001924626063555479
148,blocks.7.conv2,0.001875528134405613
148,blocks.8.conv1,0.001946931006386876
148,blocks.8.conv2,0.001829207525588572
148,blocks.9.conv1,0.0020005914848297834
148,blocks.9.conv2,0.0018112331163138151
148,blocks.10.conv1,0.0019955821335315704
148,blocks.10.conv2,0.0017567654140293598
148,blocks.11.conv1,0.0018118462758138776
148,blocks.11.conv2,0.0017533989157527685
148,blocks.12.conv1,0.0020110271871089935
148,blocks.12.conv2,0.0018942488823086023
148,blocks.13.conv1,0.0019421749748289585
148,blocks.13.conv2,0.0017979815602302551
148,blocks.14.conv1,0.0020718774758279324
148,blocks.14.conv2,0.0018728153081610799
148,blocks.15.conv1,0.0020611053332686424
148,blocks.15.conv2,0.0018297276692464948
148,blocks.16.conv1,0.0020671559032052755
148,blocks.16.conv2,0.001896596746519208
148,blocks.17.conv1,0.0018322296673431993
148,blocks.17.conv2,0.001630170620046556
148,blocks.18.conv1,0.002007370349019766
148,blocks.18.conv2,0.0018452333752065897
148,blocks.19.conv1,0.002185658784583211
148,blocks.19.conv2,0.0019158597569912672
148,blocks.20.conv1,0.002024386776611209
148,blocks.20.conv2,0.001864449237473309
148,blocks.21.conv1,0.002211373532190919
148,blocks.21.conv2,0.0020038196817040443
148,blocks.22.conv1,0.0023028808645904064
148,blocks.22.conv2,0.0020994169171899557
148,blocks.23.conv1,0.00247915624640882
148,blocks.23.conv2,0.002135874703526497
148,blocks.24.conv1,0.002263938309624791
148,blocks.24.conv2,0.001993082230910659
148,blocks.25.conv1,0.0023332759737968445
148,blocks.25.conv2,0.0020328282844275236
148,blocks.26.conv1,0.00250860839150846
148,blocks.26.conv2,0.0020889684092253447
148,blocks.27.conv1,0.0023405610118061304
148,blocks.27.conv2,0.0019293406512588263
148,blocks.28.conv1,0.002434095833450556
148,blocks.28.conv2,0.002069240203127265
148,blocks.29.conv1,0.002503943396732211
148,blocks.29.conv2,0.0020374825689941645
148,blocks.30.conv1,0.0027711468283087015
148,blocks.30.conv2,0.002243244554847479
148,blocks.31.conv1,0.002456005197018385
148,blocks.31.conv2,0.0021585978101938963
148,blocks.32.conv1,0.002467686776071787
148,blocks.32.conv2,0.0020068525336682796
148,blocks.33.conv1,0.0023478923831135035
148,blocks.33.conv2,0.0018752275500446558
148,blocks.34.conv1,0.002613477176055312
148,blocks.34.conv2,0.0021538217552006245
148,blocks.35.conv1,0.002219510730355978
148,blocks.35.conv2,0.0018598978640511632
148,blocks.36.conv1,0.002607655245810747
148,blocks.36.conv2,0.002225165255367756
148,blocks.37.conv1,0.002732572378590703
148,blocks.37.conv2,0.002158090705052018
148,blocks.38.conv1,0.0024011991918087006
148,blocks.38.conv2,0.001968280877918005
148,blocks.39.conv1,0.002410084242001176
148,blocks.39.conv2,0.0020453170873224735
148,blocks.40.conv1,0.0025467947125434875
148,blocks.40.conv2,0.0020443976391106844
148,blocks.41.conv1,0.0024838538374751806
148,blocks.41.conv2,0.002125692553818226
148,blocks.42.conv1,0.0021641103085130453
148,blocks.42.conv2,0.0018678345950320363
148,blocks.43.conv1,0.002048711758106947
148,blocks.43.conv2,0.0016524858074262738
148,blocks.44.conv1,0.0023716234136372805
148,blocks.44.conv2,0.0018252204172313213
148,blocks.45.conv1,0.002011236036196351
148,blocks.45.conv2,0.0016240914119407535
148,blocks.46.conv1,0.0020695084240287542
148,blocks.46.conv2,0.0015443877782672644
148,blocks.47.conv1,0.0019769477657973766
148,blocks.47.conv2,0.0014245979255065322
148,blocks.48.conv1,0.001707542920485139
148,blocks.48.conv2,0.0014721088809892535
148,blocks.49.conv1,0.001567186787724495
148,blocks.49.conv2,0.0012730193557217717
148,mean_conv2d_grad_norm,0.0020983205695572025
149,stem.0,0.007159518077969551
149,blocks.0.conv1,0.005987517070025206
149,blocks.0.conv2,0.0069472575560212135
149,blocks.1.conv1,0.006270675454288721
149,blocks.1.conv2,0.006568851415067911
149,blocks.2.conv1,0.005809732712805271
149,blocks.2.conv2,0.0063492110930383205
149,blocks.3.conv1,0.005711418576538563
149,blocks.3.conv2,0.0059638419188559055
149,blocks.4.conv1,0.005577750504016876
149,blocks.4.conv2,0.005343579221516848
149,blocks.5.conv1,0.004855756182223558
149,blocks.5.conv2,0.005511943716555834
149,blocks.6.conv1,0.004823661409318447
149,blocks.6.conv2,0.0046622795052826405
149,blocks.7.conv1,0.005108979530632496
149,blocks.7.conv2,0.005025588907301426
149,blocks.8.conv1,0.005329818930476904
149,blocks.8.conv2,0.004932002164423466
149,blocks.9.conv1,0.005117371212691069
149,blocks.9.conv2,0.004790711682289839
149,blocks.10.conv1,0.004954575095325708
149,blocks.10.conv2,0.004689887166023254
149,blocks.11.conv1,0.0048606181517243385
149,blocks.11.conv2,0.004527072422206402
149,blocks.12.conv1,0.005173663143068552
149,blocks.12.conv2,0.005153445061296225
149,blocks.13.conv1,0.005165118724107742
149,blocks.13.conv2,0.004754339810460806
149,blocks.14.conv1,0.005583054851740599
149,blocks.14.conv2,0.004883316345512867
149,blocks.15.conv1,0.005451524164527655
149,blocks.15.conv2,0.004677606280893087
149,blocks.16.conv1,0.00544910691678524
149,blocks.16.conv2,0.004928822163492441
149,blocks.17.conv1,0.004914126358926296
149,blocks.17.conv2,0.004584580659866333
149,blocks.18.conv1,0.005637994036078453
149,blocks.18.conv2,0.005136344116181135
149,blocks.19.conv1,0.005971937905997038
149,blocks.19.conv2,0.00496143801137805
149,blocks.20.conv1,0.005540133453905582
149,blocks.20.conv2,0.005028659012168646
149,blocks.21.conv1,0.006146206054836512
149,blocks.21.conv2,0.0051087625324726105
149,blocks.22.conv1,0.006401469931006432
149,blocks.22.conv2,0.005924008786678314
149,blocks.23.conv1,0.006554955616593361
149,blocks.23.conv2,0.00561385927721858
149,blocks.24.conv1,0.006366420537233353
149,blocks.24.conv2,0.006077216938138008
149,blocks.25.conv1,0.006297015585005283
149,blocks.25.conv2,0.005532389506697655
149,blocks.26.conv1,0.007634016685187817
149,blocks.26.conv2,0.0062348260544240475
149,blocks.27.conv1,0.007066009566187859
149,blocks.27.conv2,0.005595386028289795
149,blocks.28.conv1,0.006357779260724783
149,blocks.28.conv2,0.0056705898605287075
149,blocks.29.conv1,0.006358700338751078
149,blocks.29.conv2,0.0062276097014546394
149,blocks.30.conv1,0.006448985077440739
149,blocks.30.conv2,0.005910166539251804
149,blocks.31.conv1,0.006798374000936747
149,blocks.31.conv2,0.005744115449488163
149,blocks.32.conv1,0.0072469706647098064
149,blocks.32.conv2,0.005304356571286917
149,blocks.33.conv1,0.006596815772354603
149,blocks.33.conv2,0.006272357888519764
149,blocks.34.conv1,0.006716989912092686
149,blocks.34.conv2,0.005771884694695473
149,blocks.35.conv1,0.005892896559089422
149,blocks.35.conv2,0.0051574972458183765
149,blocks.36.conv1,0.007123962044715881
149,blocks.36.conv2,0.006000063382089138
149,blocks.37.conv1,0.007302975282073021
149,blocks.37.conv2,0.00615935493260622
149,blocks.38.conv1,0.007603281643241644
149,blocks.38.conv2,0.006399267353117466
149,blocks.39.conv1,0.006808751728385687
149,blocks.39.conv2,0.005818832665681839
149,blocks.40.conv1,0.007044090889394283
149,blocks.40.conv2,0.005951217375695705
149,blocks.41.conv1,0.007219044957309961
149,blocks.41.conv2,0.006152498535811901
149,blocks.42.conv1,0.006232987158000469
149,blocks.42.conv2,0.004899294581264257
149,blocks.43.conv1,0.005561784841120243
149,blocks.43.conv2,0.004489570390433073
149,blocks.44.conv1,0.005380753427743912
149,blocks.44.conv2,0.004232708364725113
149,blocks.45.conv1,0.005717954598367214
149,blocks.45.conv2,0.004015202634036541
149,blocks.46.conv1,0.004988876637071371
149,blocks.46.conv2,0.003801819169893861
149,blocks.47.conv1,0.004610020667314529
149,blocks.47.conv2,0.0036853537894785404
149,blocks.48.conv1,0.004440074786543846
149,blocks.48.conv2,0.0032752000261098146
149,blocks.49.conv1,0.0036669790279120207
149,blocks.49.conv2,0.0026856763288378716
149,mean_conv2d_grad_norm,0.005605654064842527
150,stem.0,0.013835090212523937
150,blocks.0.conv1,0.014171059243381023
150,blocks.0.conv2,0.01434960775077343
150,blocks.1.conv1,0.013838731683790684
150,blocks.1.conv2,0.014018449001014233
150,blocks.2.conv1,0.011523904278874397
150,blocks.2.conv2,0.011336231604218483
150,blocks.3.conv1,0.010722065344452858
150,blocks.3.conv2,0.010717462748289108
150,blocks.4.conv1,0.010500852949917316
150,blocks.4.conv2,0.010138277895748615
150,blocks.5.conv1,0.00958195049315691
150,blocks.5.conv2,0.008531234227120876
150,blocks.6.conv1,0.008799747563898563
150,blocks.6.conv2,0.0090446462854743
150,blocks.7.conv1,0.00954953022301197
150,blocks.7.conv2,0.009283547289669514
150,blocks.8.conv1,0.009171607904136181
150,blocks.8.conv2,0.008936134167015553
150,blocks.9.conv1,0.009717141278088093
150,blocks.9.conv2,0.008868667297065258
150,blocks.10.conv1,0.009026044979691505
150,blocks.10.conv2,0.008371415548026562
150,blocks.11.conv1,0.009151158854365349
150,blocks.11.conv2,0.00869715865701437
150,blocks.12.conv1,0.009645245037972927
150,blocks.12.conv2,0.009355973452329636
150,blocks.13.conv1,0.009473372250795364
150,blocks.13.conv2,0.008687661029398441
150,blocks.14.conv1,0.010580815374851227
150,blocks.14.conv2,0.009127655997872353
150,blocks.15.conv1,0.010002712719142437
150,blocks.15.conv2,0.009331701323390007
150,blocks.16.conv1,0.009806288406252861
150,blocks.16.conv2,0.008903308771550655
150,blocks.17.conv1,0.0090555464848876
150,blocks.17.conv2,0.007799466140568256
150,blocks.18.conv1,0.010027728043496609
150,blocks.18.conv2,0.009004538878798485
150,blocks.19.conv1,0.010362896136939526
150,blocks.19.conv2,0.00895718578249216
150,blocks.20.conv1,0.009868449531495571
150,blocks.20.conv2,0.009069646708667278
150,blocks.21.conv1,0.010705195367336273
150,blocks.21.conv2,0.0093785235658288
150,blocks.22.conv1,0.011805822141468525
150,blocks.22.conv2,0.010555114597082138
150,blocks.23.conv1,0.012319164350628853
150,blocks.23.conv2,0.011132370680570602
150,blocks.24.conv1,0.010912900790572166
150,blocks.24.conv2,0.00961288157850504
150,blocks.25.conv1,0.012727051973342896
150,blocks.25.conv2,0.010551679879426956
150,blocks.26.conv1,0.011509316973388195
150,blocks.26.conv2,0.010367714799940586
150,blocks.27.conv1,0.011682258918881416
150,blocks.27.conv2,0.01076845545321703
150,blocks.28.conv1,0.012529872357845306
150,blocks.28.conv2,0.01148389745503664
150,blocks.29.conv1,0.013018184341490269
150,blocks.29.conv2,0.01050877757370472
150,blocks.30.conv1,0.013651393353939056
150,blocks.30.conv2,0.01077219471335411
150,blocks.31.conv1,0.011976953595876694
150,blocks.31.conv2,0.010474419221282005
150,blocks.32.conv1,0.013473914004862309
150,blocks.32.conv2,0.010215473361313343
150,blocks.33.conv1,0.012912391684949398
150,blocks.33.conv2,0.010369287803769112
150,blocks.34.conv1,0.012887672521173954
150,blocks.34.conv2,0.011942361481487751
150,blocks.35.conv1,0.011164745315909386
150,blocks.35.conv2,0.009311600588262081
150,blocks.36.conv1,0.0124477818608284
150,blocks.36.conv2,0.010940290987491608
150,blocks.37.conv1,0.01395459659397602
150,blocks.37.conv2,0.011127126403152943
150,blocks.38.conv1,0.012756328098475933
150,blocks.38.conv2,0.010751218535006046
150,blocks.39.conv1,0.011530380696058273
150,blocks.39.conv2,0.010048768483102322
150,blocks.40.conv1,0.013513586483895779
150,blocks.40.conv2,0.010879501700401306
150,blocks.41.conv1,0.012743167579174042
150,blocks.41.conv2,0.011270908638834953
150,blocks.42.conv1,0.010447338223457336
150,blocks.42.conv2,0.009372175671160221
150,blocks.43.conv1,0.011014868505299091
150,blocks.43.conv2,0.010241523385047913
150,blocks.44.conv1,0.009997956454753876
150,blocks.44.conv2,0.00957358069717884
150,blocks.45.conv1,0.013057959266006947
150,blocks.45.conv2,0.011064806953072548
150,blocks.46.conv1,0.011512971483170986
150,blocks.46.conv2,0.010094786062836647
150,blocks.47.conv1,0.015129047445952892
150,blocks.47.conv2,0.010129782371222973
150,blocks.48.conv1,0.011918275617063046
150,blocks.48.conv2,0.008898597210645676
150,blocks.49.conv1,0.008735175244510174
150,blocks.49.conv2,0.00670694699510932
150,mean_conv2d_grad_norm,0.010708147996464874
151,stem.0,0.009081914089620113
151,blocks.0.conv1,0.009224776178598404
151,blocks.0.conv2,0.009361020289361477
151,blocks.1.conv1,0.008414187468588352
151,blocks.1.conv2,0.009575830772519112
151,blocks.2.conv1,0.008071488700807095
151,blocks.2.conv2,0.008321437053382397
151,blocks.3.conv1,0.007384196855127811
151,blocks.3.conv2,0.007188448682427406
151,blocks.4.conv1,0.0070976014249026775
151,blocks.4.conv2,0.006923185661435127
151,blocks.5.conv1,0.006243151146918535
151,blocks.5.conv2,0.006250565871596336
151,blocks.6.conv1,0.006345698609948158
151,blocks.6.conv2,0.006061582360416651
151,blocks.7.conv1,0.006473718676716089
151,blocks.7.conv2,0.006458195857703686
151,blocks.8.conv1,0.006443382240831852
151,blocks.8.conv2,0.006022173911333084
151,blocks.9.conv1,0.0065558296628296375
151,blocks.9.conv2,0.006031922530382872
151,blocks.10.conv1,0.006568990647792816
151,blocks.10.conv2,0.006079853978008032
151,blocks.11.conv1,0.00616758456453681
151,blocks.11.conv2,0.005947654601186514
151,blocks.12.conv1,0.007299154996871948
151,blocks.12.conv2,0.006710846908390522
151,blocks.13.conv1,0.006584701128304005
151,blocks.13.conv2,0.006543432828038931
151,blocks.14.conv1,0.007447490002959967
151,blocks.14.conv2,0.0067927720956504345
151,blocks.15.conv1,0.007153056096285582
151,blocks.15.conv2,0.00648675998672843
151,blocks.16.conv1,0.006806636694818735
151,blocks.16.conv2,0.006347159389406443
151,blocks.17.conv1,0.00645095482468605
151,blocks.17.conv2,0.005732232239097357
151,blocks.18.conv1,0.00721787940710783
151,blocks.18.conv2,0.006387955043464899
151,blocks.19.conv1,0.006974779535084963
151,blocks.19.conv2,0.006333605386316776
151,blocks.20.conv1,0.007193208206444979
151,blocks.20.conv2,0.006458996795117855
151,blocks.21.conv1,0.007929527200758457
151,blocks.21.conv2,0.00686611607670784
151,blocks.22.conv1,0.007934675551950932
151,blocks.22.conv2,0.007229461334645748
151,blocks.23.conv1,0.00847750436514616
151,blocks.23.conv2,0.007526417262852192
151,blocks.24.conv1,0.008108261972665787
151,blocks.24.conv2,0.00749973813071847
151,blocks.25.conv1,0.00854039378464222
151,blocks.25.conv2,0.00716372998431325
151,blocks.26.conv1,0.00888257659971714
151,blocks.26.conv2,0.0073247505351901054
151,blocks.27.conv1,0.008119717240333557
151,blocks.27.conv2,0.007332249078899622
151,blocks.28.conv1,0.008195994421839714
151,blocks.28.conv2,0.006878476589918137
151,blocks.29.conv1,0.008618863299489021
151,blocks.29.conv2,0.007386574521660805
151,blocks.30.conv1,0.009235236793756485
151,blocks.30.conv2,0.007724360562860966
151,blocks.31.conv1,0.00824629608541727
151,blocks.31.conv2,0.007348906714469194
151,blocks.32.conv1,0.008420410566031933
151,blocks.32.conv2,0.006823844742029905
151,blocks.33.conv1,0.008736846968531609
151,blocks.33.conv2,0.007195103447884321
151,blocks.34.conv1,0.008882113732397556
151,blocks.34.conv2,0.007507033180445433
151,blocks.35.conv1,0.007991216145455837
151,blocks.35.conv2,0.006580382119864225
151,blocks.36.conv1,0.009079817682504654
151,blocks.36.conv2,0.007572001777589321
151,blocks.37.conv1,0.009402930736541748
151,blocks.37.conv2,0.007509986404329538
151,blocks.38.conv1,0.009287615306675434
151,blocks.38.conv2,0.007365587167441845
151,blocks.39.conv1,0.009200675413012505
151,blocks.39.conv2,0.007277660071849823
151,blocks.40.conv1,0.00891831237822771
151,blocks.40.conv2,0.007731863763183355
151,blocks.41.conv1,0.008865339681506157
151,blocks.41.conv2,0.007997352629899979
151,blocks.42.conv1,0.007455631159245968
151,blocks.42.conv2,0.00637388089671731
151,blocks.43.conv1,0.00771247548982501
151,blocks.43.conv2,0.005830763373523951
151,blocks.44.conv1,0.008159572258591652
151,blocks.44.conv2,0.006763873156160116
151,blocks.45.conv1,0.007235856261104345
151,blocks.45.conv2,0.005669074133038521
151,blocks.46.conv1,0.0077969711273908615
151,blocks.46.conv2,0.0063200765289366245
151,blocks.47.conv1,0.007230776362121105
151,blocks.47.conv2,0.005657522939145565
151,blocks.48.conv1,0.007142775226384401
151,blocks.48.conv2,0.005811284761875868
151,blocks.49.conv1,0.005751149728894234
151,blocks.49.conv2,0.005099656525999308
151,mean_conv2d_grad_norm,0.007328151241129283
152,stem.0,0.012210524640977383
152,blocks.0.conv1,0.010756533592939377
152,blocks.0.conv2,0.011443495750427246
152,blocks.1.conv1,0.010014313273131847
152,blocks.1.conv2,0.010382883250713348
152,blocks.2.conv1,0.009075528010725975
152,blocks.2.conv2,0.009350920096039772
152,blocks.3.conv1,0.00786543358117342
152,blocks.3.conv2,0.008657536469399929
152,blocks.4.conv1,0.00797928124666214
152,blocks.4.conv2,0.007579262368381023
152,blocks.5.conv1,0.006692957598716021
152,blocks.5.conv2,0.006561115384101868
152,blocks.6.conv1,0.006815603468567133
152,blocks.6.conv2,0.006658324971795082
152,blocks.7.conv1,0.007057355251163244
152,blocks.7.conv2,0.006689548492431641
152,blocks.8.conv1,0.007079079747200012
152,blocks.8.conv2,0.006564753595739603
152,blocks.9.conv1,0.006721452344208956
152,blocks.9.conv2,0.006179630756378174
152,blocks.10.conv1,0.0068326410837471485
152,blocks.10.conv2,0.0066056083887815475
152,blocks.11.conv1,0.006357334088534117
152,blocks.11.conv2,0.006278765853494406
152,blocks.12.conv1,0.006956048309803009
152,blocks.12.conv2,0.006722315214574337
152,blocks.13.conv1,0.0071652778424322605
152,blocks.13.conv2,0.006418528966605663
152,blocks.14.conv1,0.007440659683197737
152,blocks.14.conv2,0.0065054018050432205
152,blocks.15.conv1,0.007152079604566097
152,blocks.15.conv2,0.006105897482484579
152,blocks.16.conv1,0.0074097029864788055
152,blocks.16.conv2,0.006632694508880377
152,blocks.17.conv1,0.006430251523852348
152,blocks.17.conv2,0.005922897253185511
152,blocks.18.conv1,0.007279525510966778
152,blocks.18.conv2,0.006249807309359312
152,blocks.19.conv1,0.007535342127084732
152,blocks.19.conv2,0.006730683147907257
152,blocks.20.conv1,0.007738426327705383
152,blocks.20.conv2,0.006204707082360983
152,blocks.21.conv1,0.007419632747769356
152,blocks.21.conv2,0.006544203031808138
152,blocks.22.conv1,0.008354783989489079
152,blocks.22.conv2,0.0070909252390265465
152,blocks.23.conv1,0.008723231963813305
152,blocks.23.conv2,0.007634985726326704
152,blocks.24.conv1,0.008347981609404087
152,blocks.24.conv2,0.007270510774105787
152,blocks.25.conv1,0.008751247078180313
152,blocks.25.conv2,0.0070526073686778545
152,blocks.26.conv1,0.008326082490384579
152,blocks.26.conv2,0.006930110044777393
152,blocks.27.conv1,0.008423798717558384
152,blocks.27.conv2,0.006746461149305105
152,blocks.28.conv1,0.008986709639430046
152,blocks.28.conv2,0.007439801935106516
152,blocks.29.conv1,0.008358566090464592
152,blocks.29.conv2,0.00713885435834527
152,blocks.30.conv1,0.008331029675900936
152,blocks.30.conv2,0.007301908452063799
152,blocks.31.conv1,0.007423284463584423
152,blocks.31.conv2,0.006875007413327694
152,blocks.32.conv1,0.008787257596850395
152,blocks.32.conv2,0.007065554149448872
152,blocks.33.conv1,0.007688612211495638
152,blocks.33.conv2,0.0069189006462693214
152,blocks.34.conv1,0.008364981971681118
152,blocks.34.conv2,0.007079441100358963
152,blocks.35.conv1,0.007690240629017353
152,blocks.35.conv2,0.006454950664192438
152,blocks.36.conv1,0.009160610847175121
152,blocks.36.conv2,0.007246403489261866
152,blocks.37.conv1,0.009591517969965935
152,blocks.37.conv2,0.00753947626799345
152,blocks.38.conv1,0.008641861379146576
152,blocks.38.conv2,0.006881131324917078
152,blocks.39.conv1,0.008429356850683689
152,blocks.39.conv2,0.007262268103659153
152,blocks.40.conv1,0.00878212507814169
152,blocks.40.conv2,0.006305872928351164
152,blocks.41.conv1,0.008104091510176659
152,blocks.41.conv2,0.006758496165275574
152,blocks.42.conv1,0.007361263036727905
152,blocks.42.conv2,0.005850977264344692
152,blocks.43.conv1,0.007590403314679861
152,blocks.43.conv2,0.006030921824276447
152,blocks.44.conv1,0.006350685842335224
152,blocks.44.conv2,0.005494254175573587
152,blocks.45.conv1,0.006867494899779558
152,blocks.45.conv2,0.005243233870714903
152,blocks.46.conv1,0.005769704934209585
152,blocks.46.conv2,0.005352970212697983
152,blocks.47.conv1,0.005812924355268478
152,blocks.47.conv2,0.004789570812135935
152,blocks.48.conv1,0.005910620559006929
152,blocks.48.conv2,0.004406334832310677
152,blocks.49.conv1,0.004514575470238924
152,blocks.49.conv2,0.003645805874839425
152,mean_conv2d_grad_norm,0.007289373723900702
153,stem.0,0.044008977711200714
153,blocks.0.conv1,0.03532041236758232
153,blocks.0.conv2,0.03929488733410835
153,blocks.1.conv1,0.03563134744763374
153,blocks.1.conv2,0.03574950993061066
153,blocks.2.conv1,0.029446104541420937
153,blocks.2.conv2,0.030414478853344917
153,blocks.3.conv1,0.02977132983505726
153,blocks.3.conv2,0.028201688081026077
153,blocks.4.conv1,0.026814037933945656
153,blocks.4.conv2,0.02468964457511902
153,blocks.5.conv1,0.02387339435517788
153,blocks.5.conv2,0.02393616922199726
153,blocks.6.conv1,0.02224205620586872
153,blocks.6.conv2,0.021938521414995193
153,blocks.7.conv1,0.02334691770374775
153,blocks.7.conv2,0.02380203641951084
153,blocks.8.conv1,0.024430522695183754
153,blocks.8.conv2,0.02338019758462906
153,blocks.9.conv1,0.026640232652425766
153,blocks.9.conv2,0.023430373519659042
153,blocks.10.conv1,0.025493357330560684
153,blocks.10.conv2,0.02208513766527176
153,blocks.11.conv1,0.023889947682619095
153,blocks.11.conv2,0.022509096190333366
153,blocks.12.conv1,0.026088111102581024
153,blocks.12.conv2,0.023988064378499985
153,blocks.13.conv1,0.025055380538105965
153,blocks.13.conv2,0.02288784086704254
153,blocks.14.conv1,0.02647724561393261
153,blocks.14.conv2,0.02424950897693634
153,blocks.15.conv1,0.027301637455821037
153,blocks.15.conv2,0.02386114001274109
153,blocks.16.conv1,0.027215231209993362
153,blocks.16.conv2,0.02414385788142681
153,blocks.17.conv1,0.023677358403801918
153,blocks.17.conv2,0.02099088579416275
153,blocks.18.conv1,0.028088539838790894
153,blocks.18.conv2,0.024781059473752975
153,blocks.19.conv1,0.028604064136743546
153,blocks.19.conv2,0.025070050731301308
153,blocks.20.conv1,0.02745792642235756
153,blocks.20.conv2,0.023557931184768677
153,blocks.21.conv1,0.028289934620261192
153,blocks.21.conv2,0.02417157217860222
153,blocks.22.conv1,0.03050975501537323
153,blocks.22.conv2,0.026670049875974655
153,blocks.23.conv1,0.033745840191841125
153,blocks.23.conv2,0.02891060896217823
153,blocks.24.conv1,0.029787510633468628
153,blocks.24.conv2,0.02627391181886196
153,blocks.25.conv1,0.03280575945973396
153,blocks.25.conv2,0.02887384034693241
153,blocks.26.conv1,0.033495765179395676
153,blocks.26.conv2,0.027103321626782417
153,blocks.27.conv1,0.031084224581718445
153,blocks.27.conv2,0.025488512590527534
153,blocks.28.conv1,0.03476753830909729
153,blocks.28.conv2,0.029993195086717606
153,blocks.29.conv1,0.03470246493816376
153,blocks.29.conv2,0.028658678755164146
153,blocks.30.conv1,0.03912518918514252
153,blocks.30.conv2,0.029883433133363724
153,blocks.31.conv1,0.03120146133005619
153,blocks.31.conv2,0.026353519409894943
153,blocks.32.conv1,0.031328100711107254
153,blocks.32.conv2,0.0242480356246233
153,blocks.33.conv1,0.028225157409906387
153,blocks.33.conv2,0.02416439913213253
153,blocks.34.conv1,0.03150792047381401
153,blocks.34.conv2,0.027962474152445793
153,blocks.35.conv1,0.029057728126645088
153,blocks.35.conv2,0.024082880467176437
153,blocks.36.conv1,0.03375914320349693
153,blocks.36.conv2,0.02913709357380867
153,blocks.37.conv1,0.03581227734684944
153,blocks.37.conv2,0.031081190332770348
153,blocks.38.conv1,0.03393654525279999
153,blocks.38.conv2,0.025109464302659035
153,blocks.39.conv1,0.0335116870701313
153,blocks.39.conv2,0.02662060223519802
153,blocks.40.conv1,0.034848902374506
153,blocks.40.conv2,0.025623243302106857
153,blocks.41.conv1,0.02920081652700901
153,blocks.41.conv2,0.026627501472830772
153,blocks.42.conv1,0.02839706651866436
153,blocks.42.conv2,0.02238135039806366
153,blocks.43.conv1,0.02406344935297966
153,blocks.43.conv2,0.02177540399134159
153,blocks.44.conv1,0.03296547755599022
153,blocks.44.conv2,0.024835867807269096
153,blocks.45.conv1,0.023819154128432274
153,blocks.45.conv2,0.019164487719535828
153,blocks.46.conv1,0.029042357578873634
153,blocks.46.conv2,0.018456393852829933
153,blocks.47.conv1,0.02586626075208187
153,blocks.47.conv2,0.02044101618230343
153,blocks.48.conv1,0.023983333259820938
153,blocks.48.conv2,0.01650022529065609
153,blocks.49.conv1,0.019035570323467255
153,blocks.49.conv2,0.014530935324728489
153,mean_conv2d_grad_norm,0.027295404095387103
154,stem.0,0.0036835100036114454
154,blocks.0.conv1,0.0028743885923177004
154,blocks.0.conv2,0.0030146953649818897
154,blocks.1.conv1,0.0029288586229085922
154,blocks.1.conv2,0.0031025120988488197
154,blocks.2.conv1,0.002465866506099701
154,blocks.2.conv2,0.0025062712375074625
154,blocks.3.conv1,0.0023683279287070036
154,blocks.3.conv2,0.002433583838865161
154,blocks.4.conv1,0.0023094923235476017
154,blocks.4.conv2,0.0022781991865485907
154,blocks.5.conv1,0.002014682861045003
154,blocks.5.conv2,0.0019567736890167
154,blocks.6.conv1,0.0019346183398738503
154,blocks.6.conv2,0.0019218471134081483
154,blocks.7.conv1,0.002008078619837761
154,blocks.7.conv2,0.0020891025196760893
154,blocks.8.conv1,0.002173909917473793
154,blocks.8.conv2,0.002036988502368331
154,blocks.9.conv1,0.0022305850870907307
154,blocks.9.conv2,0.0019191274186596274
154,blocks.10.conv1,0.0022694028448313475
154,blocks.10.conv2,0.0020245632622390985
154,blocks.11.conv1,0.0019437242299318314
154,blocks.11.conv2,0.0018324032425880432
154,blocks.12.conv1,0.002373970579355955
154,blocks.12.conv2,0.0022086601238697767
154,blocks.13.conv1,0.002175641246140003
154,blocks.13.conv2,0.001998739782720804
154,blocks.14.conv1,0.002389377448707819
154,blocks.14.conv2,0.0021993806585669518
154,blocks.15.conv1,0.0023184879682958126
154,blocks.15.conv2,0.001991616329178214
154,blocks.16.conv1,0.002392771188169718
154,blocks.16.conv2,0.002154202898964286
154,blocks.17.conv1,0.0020248990040272474
154,blocks.17.conv2,0.0018018430564552546
154,blocks.18.conv1,0.002382520120590925
154,blocks.18.conv2,0.001976106548681855
154,blocks.19.conv1,0.0024174023419618607
154,blocks.19.conv2,0.0020644348114728928
154,blocks.20.conv1,0.0022349702194333076
154,blocks.20.conv2,0.0019089633133262396
154,blocks.21.conv1,0.0022951920982450247
154,blocks.21.conv2,0.002083179075270891
154,blocks.22.conv1,0.002662781160324812
154,blocks.22.conv2,0.0022315070964396
154,blocks.23.conv1,0.0027387964073568583
154,blocks.23.conv2,0.0022971052676439285
154,blocks.24.conv1,0.002690691500902176
154,blocks.24.conv2,0.00218934821896255
154,blocks.25.conv1,0.0026748180389404297
154,blocks.25.conv2,0.0022673069033771753
154,blocks.26.conv1,0.002678506774827838
154,blocks.26.conv2,0.002251281403005123
154,blocks.27.conv1,0.002720986492931843
154,blocks.27.conv2,0.0021878057159483433
154,blocks.28.conv1,0.0025818690191954374
154,blocks.28.conv2,0.0021665103267878294
154,blocks.29.conv1,0.002548601943999529
154,blocks.29.conv2,0.00219827052205801
154,blocks.30.conv1,0.0026978126261383295
154,blocks.30.conv2,0.0024226242676377296
154,blocks.31.conv1,0.0027581718750298023
154,blocks.31.conv2,0.0023062436375766993
154,blocks.32.conv1,0.003546695224940777
154,blocks.32.conv2,0.0022841175086796284
154,blocks.33.conv1,0.0026694945991039276
154,blocks.33.conv2,0.002181587042286992
154,blocks.34.conv1,0.0028277700766921043
154,blocks.34.conv2,0.0022799260914325714
154,blocks.35.conv1,0.002563508925959468
154,blocks.35.conv2,0.002161128679290414
154,blocks.36.conv1,0.0026925255078822374
154,blocks.36.conv2,0.0021744417026638985
154,blocks.37.conv1,0.0028229127638041973
154,blocks.37.conv2,0.002730982843786478
154,blocks.38.conv1,0.0030232868157327175
154,blocks.38.conv2,0.0023100771941244602
154,blocks.39.conv1,0.0026422806549817324
154,blocks.39.conv2,0.0021873272489756346
154,blocks.40.conv1,0.0025061056949198246
154,blocks.40.conv2,0.002191714709624648
154,blocks.41.conv1,0.002877945778891444
154,blocks.41.conv2,0.0022986994590610266
154,blocks.42.conv1,0.002378013450652361
154,blocks.42.conv2,0.0022954910527914762
154,blocks.43.conv1,0.002456451067700982
154,blocks.43.conv2,0.0018648492405191064
154,blocks.44.conv1,0.0021389706525951624
154,blocks.44.conv2,0.0018514913972467184
154,blocks.45.conv1,0.002231139922514558
154,blocks.45.conv2,0.001993229379877448
154,blocks.46.conv1,0.00224366900511086
154,blocks.46.conv2,0.0017986319726333022
154,blocks.47.conv1,0.002254414837807417
154,blocks.47.conv2,0.0019252300262451172
154,blocks.48.conv1,0.0024652290157973766
154,blocks.48.conv2,0.0019166143611073494
154,blocks.49.conv1,0.0020335312001407146
154,blocks.49.conv2,0.0016364670591428876
154,mean_conv2d_grad_norm,0.0023310976587051506
155,stem.0,0.0034106262028217316
155,blocks.0.conv1,0.0032789004035294056
155,blocks.0.conv2,0.003451281925663352
155,blocks.1.conv1,0.0029741604812443256
155,blocks.1.conv2,0.0032098975498229265
155,blocks.2.conv1,0.002534637926146388
155,blocks.2.conv2,0.002815799554809928
155,blocks.3.conv1,0.0025098188780248165
155,blocks.3.conv2,0.0027613178826868534
155,blocks.4.conv1,0.0024166747462004423
155,blocks.4.conv2,0.0024834112264215946
155,blocks.5.conv1,0.0022055443841964006
155,blocks.5.conv2,0.002190542872995138
155,blocks.6.conv1,0.0020668129436671734
155,blocks.6.conv2,0.002113053807988763
155,blocks.7.conv1,0.0021898967679589987
155,blocks.7.conv2,0.0023430828005075455
155,blocks.8.conv1,0.0023314356803894043
155,blocks.8.conv2,0.0021919694263488054
155,blocks.9.conv1,0.0023921364918351173
155,blocks.9.conv2,0.0020969444885849953
155,blocks.10.conv1,0.0022826907224953175
155,blocks.10.conv2,0.002109094290062785
155,blocks.11.conv1,0.0020474749617278576
155,blocks.11.conv2,0.002048648428171873
155,blocks.12.conv1,0.0027834195643663406
155,blocks.12.conv2,0.002496093977242708
155,blocks.13.conv1,0.00225463486276567
155,blocks.13.conv2,0.0021974965929985046
155,blocks.14.conv1,0.0025522508658468723
155,blocks.14.conv2,0.0024099922738969326
155,blocks.15.conv1,0.0025422952603548765
155,blocks.15.conv2,0.0022702435962855816
155,blocks.16.conv1,0.0022030093241482973
155,blocks.16.conv2,0.0021468012128025293
155,blocks.17.conv1,0.0021816277876496315
155,blocks.17.conv2,0.0019787210039794445
155,blocks.18.conv1,0.0024676325265318155
155,blocks.18.conv2,0.002253707265481353
155,blocks.19.conv1,0.0025200878735631704
155,blocks.19.conv2,0.0022412394173443317
155,blocks.20.conv1,0.002494523534551263
155,blocks.20.conv2,0.0021534054540097713
155,blocks.21.conv1,0.00246515148319304
155,blocks.21.conv2,0.0021951193921267986
155,blocks.22.conv1,0.0027307840064167976
155,blocks.22.conv2,0.0025128324050456285
155,blocks.23.conv1,0.002987489104270935
155,blocks.23.conv2,0.0025303075090050697
155,blocks.24.conv1,0.0028929701074957848
155,blocks.24.conv2,0.0024684567470103502
155,blocks.25.conv1,0.0030220779590308666
155,blocks.25.conv2,0.002540507121011615
155,blocks.26.conv1,0.0029159667901694775
155,blocks.26.conv2,0.002570183016359806
155,blocks.27.conv1,0.0027852209750562906
155,blocks.27.conv2,0.002412125701084733
155,blocks.28.conv1,0.0028673172928392887
155,blocks.28.conv2,0.002503898460417986
155,blocks.29.conv1,0.003384919138625264
155,blocks.29.conv2,0.002741176402196288
155,blocks.30.conv1,0.003340846858918667
155,blocks.30.conv2,0.002890161471441388
155,blocks.31.conv1,0.003047487000003457
155,blocks.31.conv2,0.002754697808995843
155,blocks.32.conv1,0.0031139091588556767
155,blocks.32.conv2,0.00233524851500988
155,blocks.33.conv1,0.0028094127774238586
155,blocks.33.conv2,0.002334624994546175
155,blocks.34.conv1,0.0030650116968899965
155,blocks.34.conv2,0.002635582583025098
155,blocks.35.conv1,0.002710274187847972
155,blocks.35.conv2,0.0023043679539114237
155,blocks.36.conv1,0.003354127984493971
155,blocks.36.conv2,0.002573710400611162
155,blocks.37.conv1,0.003224804298952222
155,blocks.37.conv2,0.0025685415603220463
155,blocks.38.conv1,0.0032031903974711895
155,blocks.38.conv2,0.0024234584998339415
155,blocks.39.conv1,0.003256210358813405
155,blocks.39.conv2,0.002600085688754916
155,blocks.40.conv1,0.0028742547146975994
155,blocks.40.conv2,0.002503744326531887
155,blocks.41.conv1,0.002947071101516485
155,blocks.41.conv2,0.002653406700119376
155,blocks.42.conv1,0.0025310225319117308
155,blocks.42.conv2,0.0021097452845424414
155,blocks.43.conv1,0.002386171370744705
155,blocks.43.conv2,0.00190808717161417
155,blocks.44.conv1,0.0027015204541385174
155,blocks.44.conv2,0.0021729599684476852
155,blocks.45.conv1,0.0022389532532542944
155,blocks.45.conv2,0.0017128537874668837
155,blocks.46.conv1,0.0021401008125394583
155,blocks.46.conv2,0.001701264176517725
155,blocks.47.conv1,0.002005545888096094
155,blocks.47.conv2,0.0016010886756703258
155,blocks.48.conv1,0.0019314124947413802
155,blocks.48.conv2,0.0016529146814718843
155,blocks.49.conv1,0.001648466452024877
155,blocks.49.conv2,0.0013989426661282778
155,mean_conv2d_grad_norm,0.0024999487282948035
156,stem.0,0.01054924726486206
156,blocks.0.conv1,0.007441188674420118
156,blocks.0.conv2,0.008053713478147984
156,blocks.1.conv1,0.006564847193658352
156,blocks.1.conv2,0.007255569566041231
156,blocks.2.conv1,0.005738814361393452
156,blocks.2.conv2,0.006097529549151659
156,blocks.3.conv1,0.005706474184989929
156,blocks.3.conv2,0.005954265128821135
156,blocks.4.conv1,0.0054647307842969894
156,blocks.4.conv2,0.005566437263041735
156,blocks.5.conv1,0.004845099523663521
156,blocks.5.conv2,0.0050080749206244946
156,blocks.6.conv1,0.004959382116794586
156,blocks.6.conv2,0.004729567561298609
156,blocks.7.conv1,0.004934930708259344
156,blocks.7.conv2,0.005237672012299299
156,blocks.8.conv1,0.005199019331485033
156,blocks.8.conv2,0.005053363740444183
156,blocks.9.conv1,0.005022136960178614
156,blocks.9.conv2,0.004815905354917049
156,blocks.10.conv1,0.005055698566138744
156,blocks.10.conv2,0.004644695203751326
156,blocks.11.conv1,0.004786619916558266
156,blocks.11.conv2,0.00457952031865716
156,blocks.12.conv1,0.005682121030986309
156,blocks.12.conv2,0.00509962672367692
156,blocks.13.conv1,0.005190851166844368
156,blocks.13.conv2,0.004844738636165857
156,blocks.14.conv1,0.005721814930438995
156,blocks.14.conv2,0.005288848653435707
156,blocks.15.conv1,0.005661269184201956
156,blocks.15.conv2,0.0052705854177474976
156,blocks.16.conv1,0.005418817047029734
156,blocks.16.conv2,0.004936958663165569
156,blocks.17.conv1,0.004863148555159569
156,blocks.17.conv2,0.004673972260206938
156,blocks.18.conv1,0.005764463450759649
156,blocks.18.conv2,0.005204987246543169
156,blocks.19.conv1,0.005541065242141485
156,blocks.19.conv2,0.005198896396905184
156,blocks.20.conv1,0.005524005740880966
156,blocks.20.conv2,0.00505435885861516
156,blocks.21.conv1,0.006204716861248016
156,blocks.21.conv2,0.005281898658722639
156,blocks.22.conv1,0.0064775776118040085
156,blocks.22.conv2,0.005837737582623959
156,blocks.23.conv1,0.006454342510551214
156,blocks.23.conv2,0.00576308649033308
156,blocks.24.conv1,0.006155676208436489
156,blocks.24.conv2,0.005440841894596815
156,blocks.25.conv1,0.006324563641101122
156,blocks.25.conv2,0.005154249258339405
156,blocks.26.conv1,0.007077408954501152
156,blocks.26.conv2,0.005896693095564842
156,blocks.27.conv1,0.005920634604990482
156,blocks.27.conv2,0.005399155896157026
156,blocks.28.conv1,0.00630473205819726
156,blocks.28.conv2,0.0050703841261565685
156,blocks.29.conv1,0.006060631945729256
156,blocks.29.conv2,0.005428471136838198
156,blocks.30.conv1,0.006387838628143072
156,blocks.30.conv2,0.005519352853298187
156,blocks.31.conv1,0.005940709263086319
156,blocks.31.conv2,0.005355324130505323
156,blocks.32.conv1,0.005745374597609043
156,blocks.32.conv2,0.004782822448760271
156,blocks.33.conv1,0.005916309542953968
156,blocks.33.conv2,0.0048041800037026405
156,blocks.34.conv1,0.00601552939042449
156,blocks.34.conv2,0.005568076390773058
156,blocks.35.conv1,0.006006276234984398
156,blocks.35.conv2,0.005083049181848764
156,blocks.36.conv1,0.006443091668188572
156,blocks.36.conv2,0.0052949776872992516
156,blocks.37.conv1,0.00642173457890749
156,blocks.37.conv2,0.005333838984370232
156,blocks.38.conv1,0.006690078880637884
156,blocks.38.conv2,0.0052328407764434814
156,blocks.39.conv1,0.006066032685339451
156,blocks.39.conv2,0.00524274492636323
156,blocks.40.conv1,0.007186438422650099
156,blocks.40.conv2,0.0060823154635727406
156,blocks.41.conv1,0.006539622321724892
156,blocks.41.conv2,0.005713952239602804
156,blocks.42.conv1,0.006052836775779724
156,blocks.42.conv2,0.004886295180767775
156,blocks.43.conv1,0.005323832854628563
156,blocks.43.conv2,0.004320873413234949
156,blocks.44.conv1,0.006115445401519537
156,blocks.44.conv2,0.004808191675692797
156,blocks.45.conv1,0.0053725168108940125
156,blocks.45.conv2,0.00467737065628171
156,blocks.46.conv1,0.0062008146196603775
156,blocks.46.conv2,0.004934591241180897
156,blocks.47.conv1,0.004942825995385647
156,blocks.47.conv2,0.004336698446422815
156,blocks.48.conv1,0.00565060181543231
156,blocks.48.conv2,0.004224072676151991
156,blocks.49.conv1,0.004547214135527611
156,blocks.49.conv2,0.0035122204571962357
156,mean_conv2d_grad_norm,0.005581551969125129
157,stem.0,0.013945833779871464
157,blocks.0.conv1,0.01268530823290348
157,blocks.0.conv2,0.015159759670495987
157,blocks.1.conv1,0.013673841953277588
157,blocks.1.conv2,0.014697091653943062
157,blocks.2.conv1,0.01230729278177023
157,blocks.2.conv2,0.01295742578804493
157,blocks.3.conv1,0.011245137080550194
157,blocks.3.conv2,0.012482582591474056
157,blocks.4.conv1,0.011519312858581543
157,blocks.4.conv2,0.011709566228091717
157,blocks.5.conv1,0.010095980949699879
157,blocks.5.conv2,0.010095001198351383
157,blocks.6.conv1,0.009978172369301319
157,blocks.6.conv2,0.010137607343494892
157,blocks.7.conv1,0.010023572482168674
157,blocks.7.conv2,0.010352998040616512
157,blocks.8.conv1,0.010525506921112537
157,blocks.8.conv2,0.01046927459537983
157,blocks.9.conv1,0.010677379556000233
157,blocks.9.conv2,0.009889304637908936
157,blocks.10.conv1,0.010338895954191685
157,blocks.10.conv2,0.009793143719434738
157,blocks.11.conv1,0.010431458242237568
157,blocks.11.conv2,0.009685926139354706
157,blocks.12.conv1,0.011482330970466137
157,blocks.12.conv2,0.010961372405290604
157,blocks.13.conv1,0.011083890683948994
157,blocks.13.conv2,0.010419531725347042
157,blocks.14.conv1,0.011856157332658768
157,blocks.14.conv2,0.011231226846575737
157,blocks.15.conv1,0.012073268182575703
157,blocks.15.conv2,0.01042549405246973
157,blocks.16.conv1,0.011298079043626785
157,blocks.16.conv2,0.010139971040189266
157,blocks.17.conv1,0.010030994191765785
157,blocks.17.conv2,0.009126476012170315
157,blocks.18.conv1,0.011744638904929161
157,blocks.18.conv2,0.01038332935422659
157,blocks.19.conv1,0.011886282823979855
157,blocks.19.conv2,0.010879465378820896
157,blocks.20.conv1,0.011589962057769299
157,blocks.20.conv2,0.010758358053863049
157,blocks.21.conv1,0.012145673856139183
157,blocks.21.conv2,0.010838924907147884
157,blocks.22.conv1,0.012834146618843079
157,blocks.22.conv2,0.011428769677877426
157,blocks.23.conv1,0.013426795601844788
157,blocks.23.conv2,0.012711034156382084
157,blocks.24.conv1,0.012971775606274605
157,blocks.24.conv2,0.011525105684995651
157,blocks.25.conv1,0.01278879214078188
157,blocks.25.conv2,0.011819745413959026
157,blocks.26.conv1,0.01441855076700449
157,blocks.26.conv2,0.0122391227632761
157,blocks.27.conv1,0.01281424704939127
157,blocks.27.conv2,0.010862826369702816
157,blocks.28.conv1,0.013235144317150116
157,blocks.28.conv2,0.011869296431541443
157,blocks.29.conv1,0.014547762461006641
157,blocks.29.conv2,0.012877794913947582
157,blocks.30.conv1,0.015399863943457603
157,blocks.30.conv2,0.013419285416603088
157,blocks.31.conv1,0.014754196628928185
157,blocks.31.conv2,0.012042812071740627
157,blocks.32.conv1,0.014511269517242908
157,blocks.32.conv2,0.011783587746322155
157,blocks.33.conv1,0.013489002361893654
157,blocks.33.conv2,0.010815128684043884
157,blocks.34.conv1,0.016766555607318878
157,blocks.34.conv2,0.01284047495573759
157,blocks.35.conv1,0.012967067770659924
157,blocks.35.conv2,0.010319300927221775
157,blocks.36.conv1,0.014020461589097977
157,blocks.36.conv2,0.011421025730669498
157,blocks.37.conv1,0.014806081540882587
157,blocks.37.conv2,0.011217371560633183
157,blocks.38.conv1,0.015464709140360355
157,blocks.38.conv2,0.010904712602496147
157,blocks.39.conv1,0.013962642289698124
157,blocks.39.conv2,0.011110764928162098
157,blocks.40.conv1,0.015358218923211098
157,blocks.40.conv2,0.011186054907739162
157,blocks.41.conv1,0.014720633625984192
157,blocks.41.conv2,0.012005827389657497
157,blocks.42.conv1,0.012017041444778442
157,blocks.42.conv2,0.0097639299929142
157,blocks.43.conv1,0.011843725107610226
157,blocks.43.conv2,0.0085905184969306
157,blocks.44.conv1,0.01476339716464281
157,blocks.44.conv2,0.010139307007193565
157,blocks.45.conv1,0.009255267679691315
157,blocks.45.conv2,0.007408517878502607
157,blocks.46.conv1,0.010163424536585808
157,blocks.46.conv2,0.006776740308851004
157,blocks.47.conv1,0.008909020572900772
157,blocks.47.conv2,0.006720589008182287
157,blocks.48.conv1,0.0076742577366530895
157,blocks.48.conv2,0.006626104936003685
157,blocks.49.conv1,0.0066576614044606686
157,blocks.49.conv2,0.005556208081543446
157,mean_conv2d_grad_norm,0.011542143304786175
158,stem.0,0.013857965357601643
158,blocks.0.conv1,0.009993494488298893
158,blocks.0.conv2,0.009595612995326519
158,blocks.1.conv1,0.00843840278685093
158,blocks.1.conv2,0.008678245358169079
158,blocks.2.conv1,0.007128614000976086
158,blocks.2.conv2,0.00676153926178813
158,blocks.3.conv1,0.0067865876480937
158,blocks.3.conv2,0.006352758035063744
158,blocks.4.conv1,0.007207371760159731
158,blocks.4.conv2,0.006371334660798311
158,blocks.5.conv1,0.005645337514579296
158,blocks.5.conv2,0.005822225473821163
158,blocks.6.conv1,0.005497314967215061
158,blocks.6.conv2,0.0052352300845086575
158,blocks.7.conv1,0.005532041657716036
158,blocks.7.conv2,0.005607372149825096
158,blocks.8.conv1,0.005959121976047754
158,blocks.8.conv2,0.005334421060979366
158,blocks.9.conv1,0.005864677019417286
158,blocks.9.conv2,0.005405385512858629
158,blocks.10.conv1,0.005710202269256115
158,blocks.10.conv2,0.0052751824259757996
158,blocks.11.conv1,0.005407391116023064
158,blocks.11.conv2,0.005332409404218197
158,blocks.12.conv1,0.006248685996979475
158,blocks.12.conv2,0.00594076095148921
158,blocks.13.conv1,0.005638886243104935
158,blocks.13.conv2,0.005600529722869396
158,blocks.14.conv1,0.006450033280998468
158,blocks.14.conv2,0.006066480651497841
158,blocks.15.conv1,0.005907780956476927
158,blocks.15.conv2,0.0057983435690402985
158,blocks.16.conv1,0.006510369945317507
158,blocks.16.conv2,0.005800487939268351
158,blocks.17.conv1,0.005485601257532835
158,blocks.17.conv2,0.0049256449565291405
158,blocks.18.conv1,0.006319844629615545
158,blocks.18.conv2,0.005939976777881384
158,blocks.19.conv1,0.006425525527447462
158,blocks.19.conv2,0.005778046790510416
158,blocks.20.conv1,0.005952565465122461
158,blocks.20.conv2,0.00558504369109869
158,blocks.21.conv1,0.007184496149420738
158,blocks.21.conv2,0.006385904736816883
158,blocks.22.conv1,0.007124456577003002
158,blocks.22.conv2,0.006622226908802986
158,blocks.23.conv1,0.007137879729270935
158,blocks.23.conv2,0.0060838027857244015
158,blocks.24.conv1,0.006371395196765661
158,blocks.24.conv2,0.005794940982013941
158,blocks.25.conv1,0.006763541139662266
158,blocks.25.conv2,0.006069099064916372
158,blocks.26.conv1,0.006858186796307564
158,blocks.26.conv2,0.006074607837945223
158,blocks.27.conv1,0.006796186324208975
158,blocks.27.conv2,0.005837396252900362
158,blocks.28.conv1,0.007059850264340639
158,blocks.28.conv2,0.006043375004082918
158,blocks.29.conv1,0.007596977520734072
158,blocks.29.conv2,0.006398750934749842
158,blocks.30.conv1,0.007531590759754181
158,blocks.30.conv2,0.006517179310321808
158,blocks.31.conv1,0.007277776952832937
158,blocks.31.conv2,0.006071849726140499
158,blocks.32.conv1,0.007104743272066116
158,blocks.32.conv2,0.006097233854234219
158,blocks.33.conv1,0.006727482192218304
158,blocks.33.conv2,0.005916804075241089
158,blocks.34.conv1,0.008123832754790783
158,blocks.34.conv2,0.006842087488621473
158,blocks.35.conv1,0.006985615007579327
158,blocks.35.conv2,0.006075320299714804
158,blocks.36.conv1,0.007977199740707874
158,blocks.36.conv2,0.007036561146378517
158,blocks.37.conv1,0.009091419167816639
158,blocks.37.conv2,0.006959593389183283
158,blocks.38.conv1,0.007505849935114384
158,blocks.38.conv2,0.006477187853306532
158,blocks.39.conv1,0.007766160182654858
158,blocks.39.conv2,0.006630963645875454
158,blocks.40.conv1,0.007751220837235451
158,blocks.40.conv2,0.007032330147922039
158,blocks.41.conv1,0.007469529286026955
158,blocks.41.conv2,0.00690380809828639
158,blocks.42.conv1,0.008247203193604946
158,blocks.42.conv2,0.0054868306033313274
158,blocks.43.conv1,0.0073452722281217575
158,blocks.43.conv2,0.00549123203381896
158,blocks.44.conv1,0.007277810014784336
158,blocks.44.conv2,0.005955683533102274
158,blocks.45.conv1,0.005702856462448835
158,blocks.45.conv2,0.004880879539996386
158,blocks.46.conv1,0.006729536689817905
158,blocks.46.conv2,0.005165106616914272
158,blocks.47.conv1,0.005847970023751259
158,blocks.47.conv2,0.00429997593164444
158,blocks.48.conv1,0.006051947362720966
158,blocks.48.conv2,0.005289097782224417
158,blocks.49.conv1,0.005369724240154028
158,blocks.49.conv2,0.004185284022241831
158,mean_conv2d_grad_norm,0.006500769019274428
159,stem.0,0.010541154071688652
159,blocks.0.conv1,0.010539277456700802
159,blocks.0.conv2,0.011699685826897621
159,blocks.1.conv1,0.010592731647193432
159,blocks.1.conv2,0.012204614467918873
159,blocks.2.conv1,0.010005814954638481
159,blocks.2.conv2,0.01092433463782072
159,blocks.3.conv1,0.009280425496399403
159,blocks.3.conv2,0.009907075203955173
159,blocks.4.conv1,0.009245512075722218
159,blocks.4.conv2,0.010089434683322906
159,blocks.5.conv1,0.00848009716719389
159,blocks.5.conv2,0.009247935377061367
159,blocks.6.conv1,0.00799529254436493
159,blocks.6.conv2,0.00907043181359768
159,blocks.7.conv1,0.00806152168661356
159,blocks.7.conv2,0.008222800679504871
159,blocks.8.conv1,0.008288861252367496
159,blocks.8.conv2,0.007755050901323557
159,blocks.9.conv1,0.008412393741309643
159,blocks.9.conv2,0.008209288120269775
159,blocks.10.conv1,0.008375025354325771
159,blocks.10.conv2,0.00812229048460722
159,blocks.11.conv1,0.0076123797334730625
159,blocks.11.conv2,0.007599359843879938
159,blocks.12.conv1,0.008955744095146656
159,blocks.12.conv2,0.007867629639804363
159,blocks.13.conv1,0.008525102399289608
159,blocks.13.conv2,0.007885641418397427
159,blocks.14.conv1,0.00912550650537014
159,blocks.14.conv2,0.008079146966338158
159,blocks.15.conv1,0.008853461593389511
159,blocks.15.conv2,0.008063731715083122
159,blocks.16.conv1,0.00852355919778347
159,blocks.16.conv2,0.007766616065055132
159,blocks.17.conv1,0.0077315568923950195
159,blocks.17.conv2,0.007248550187796354
159,blocks.18.conv1,0.00904765073210001
159,blocks.18.conv2,0.008050828240811825
159,blocks.19.conv1,0.009212058037519455
159,blocks.19.conv2,0.008603186346590519
159,blocks.20.conv1,0.009466998279094696
159,blocks.20.conv2,0.00817748624831438
159,blocks.21.conv1,0.009887049905955791
159,blocks.21.conv2,0.008496081456542015
159,blocks.22.conv1,0.010075412690639496
159,blocks.22.conv2,0.00916136521846056
159,blocks.23.conv1,0.010710391215980053
159,blocks.23.conv2,0.009292158298194408
159,blocks.24.conv1,0.009446488693356514
159,blocks.24.conv2,0.008985753171145916
159,blocks.25.conv1,0.010574481450021267
159,blocks.25.conv2,0.009275666438043118
159,blocks.26.conv1,0.011263450607657433
159,blocks.26.conv2,0.009239508770406246
159,blocks.27.conv1,0.01019589975476265
159,blocks.27.conv2,0.008532180450856686
159,blocks.28.conv1,0.010981960222125053
159,blocks.28.conv2,0.00914069265127182
159,blocks.29.conv1,0.010878928005695343
159,blocks.29.conv2,0.009026309475302696
159,blocks.30.conv1,0.011208539828658104
159,blocks.30.conv2,0.009210449643433094
159,blocks.31.conv1,0.010137495584785938
159,blocks.31.conv2,0.008734061382710934
159,blocks.32.conv1,0.010237990878522396
159,blocks.32.conv2,0.008010796271264553
159,blocks.33.conv1,0.010499761439859867
159,blocks.33.conv2,0.008184807375073433
159,blocks.34.conv1,0.011121892370283604
159,blocks.34.conv2,0.009252093732357025
159,blocks.35.conv1,0.010926789604127407
159,blocks.35.conv2,0.008701348677277565
159,blocks.36.conv1,0.012228581123054028
159,blocks.36.conv2,0.009301146492362022
159,blocks.37.conv1,0.013821498490869999
159,blocks.37.conv2,0.00952867604792118
159,blocks.38.conv1,0.012402919121086597
159,blocks.38.conv2,0.008639645762741566
159,blocks.39.conv1,0.010845235548913479
159,blocks.39.conv2,0.009736442007124424
159,blocks.40.conv1,0.011716491542756557
159,blocks.40.conv2,0.009219571948051453
159,blocks.41.conv1,0.010909689590334892
159,blocks.41.conv2,0.009118634276092052
159,blocks.42.conv1,0.008206071332097054
159,blocks.42.conv2,0.007153570186346769
159,blocks.43.conv1,0.008499191142618656
159,blocks.43.conv2,0.007633678615093231
159,blocks.44.conv1,0.011169961653649807
159,blocks.44.conv2,0.0076500107534229755
159,blocks.45.conv1,0.008067132905125618
159,blocks.45.conv2,0.006725292187184095
159,blocks.46.conv1,0.008345231413841248
159,blocks.46.conv2,0.005859087686985731
159,blocks.47.conv1,0.006831109058111906
159,blocks.47.conv2,0.005256554577499628
159,blocks.48.conv1,0.006286618299782276
159,blocks.48.conv2,0.0051856511272490025
159,blocks.49.conv1,0.004939270671457052
159,blocks.49.conv2,0.004282807465642691
159,mean_conv2d_grad_norm,0.009035810099748692
160,stem.0,0.0025913717690855265
160,blocks.0.conv1,0.0022151360753923655
160,blocks.0.conv2,0.002211062703281641
160,blocks.1.conv1,0.001993445912376046
160,blocks.1.conv2,0.0021131248213350773
160,blocks.2.conv1,0.0018546803621575236
160,blocks.2.conv2,0.0020396490581333637
160,blocks.3.conv1,0.0016539953649044037
160,blocks.3.conv2,0.0017497714143246412
160,blocks.4.conv1,0.001659424975514412
160,blocks.4.conv2,0.0016443162458017468
160,blocks.5.conv1,0.0014747200766578317
160,blocks.5.conv2,0.001505687483586371
160,blocks.6.conv1,0.001496423501521349
160,blocks.6.conv2,0.0014905338175594807
160,blocks.7.conv1,0.0014418462524190545
160,blocks.7.conv2,0.0014569470658898354
160,blocks.8.conv1,0.0014782082289457321
160,blocks.8.conv2,0.0014407277340069413
160,blocks.9.conv1,0.0015236756298691034
160,blocks.9.conv2,0.0014848207356408238
160,blocks.10.conv1,0.001481342944316566
160,blocks.10.conv2,0.0013863187050446868
160,blocks.11.conv1,0.0014240851160138845
160,blocks.11.conv2,0.0014058123342692852
160,blocks.12.conv1,0.0015333420597016811
160,blocks.12.conv2,0.0014710729010403156
160,blocks.13.conv1,0.0015218164771795273
160,blocks.13.conv2,0.0014819959178566933
160,blocks.14.conv1,0.0016865433426573873
160,blocks.14.conv2,0.0015191843267530203
160,blocks.15.conv1,0.0016229547327384353
160,blocks.15.conv2,0.0015430188504979014
160,blocks.16.conv1,0.001565810525789857
160,blocks.16.conv2,0.0014316774904727936
160,blocks.17.conv1,0.0014697466976940632
160,blocks.17.conv2,0.0012994811404496431
160,blocks.18.conv1,0.0017493774648755789
160,blocks.18.conv2,0.0015168673126026988
160,blocks.19.conv1,0.0017198972636833787
160,blocks.19.conv2,0.0014818459749221802
160,blocks.20.conv1,0.001659379224292934
160,blocks.20.conv2,0.0014016908826306462
160,blocks.21.conv1,0.0017363581573590636
160,blocks.21.conv2,0.0015870751813054085
160,blocks.22.conv1,0.0017841907683759928
160,blocks.22.conv2,0.0015579250175505877
160,blocks.23.conv1,0.001983840484172106
160,blocks.23.conv2,0.0016993191093206406
160,blocks.24.conv1,0.0017728543607518077
160,blocks.24.conv2,0.0015858202241361141
160,blocks.25.conv1,0.0018991426331922412
160,blocks.25.conv2,0.0016462653875350952
160,blocks.26.conv1,0.0019295389065518975
160,blocks.26.conv2,0.0016078103799372911
160,blocks.27.conv1,0.0017795624444261193
160,blocks.27.conv2,0.0014880676753818989
160,blocks.28.conv1,0.001700053340755403
160,blocks.28.conv2,0.0015281562227755785
160,blocks.29.conv1,0.0019367680652067065
160,blocks.29.conv2,0.001712094061076641
160,blocks.30.conv1,0.002004606882110238
160,blocks.30.conv2,0.001689192489720881
160,blocks.31.conv1,0.0018269158899784088
160,blocks.31.conv2,0.00160020322073251
160,blocks.32.conv1,0.001738863647915423
160,blocks.32.conv2,0.001453533535823226
160,blocks.33.conv1,0.0018028621561825275
160,blocks.33.conv2,0.0014393681194633245
160,blocks.34.conv1,0.001890688668936491
160,blocks.34.conv2,0.0016821901081129909
160,blocks.35.conv1,0.0017696392023935914
160,blocks.35.conv2,0.0014867903664708138
160,blocks.36.conv1,0.0021072402596473694
160,blocks.36.conv2,0.0017117195529863238
160,blocks.37.conv1,0.0022492781281471252
160,blocks.37.conv2,0.0018139807507395744
160,blocks.38.conv1,0.0018474985845386982
160,blocks.38.conv2,0.001679680892266333
160,blocks.39.conv1,0.0020346781238913536
160,blocks.39.conv2,0.0017257704166695476
160,blocks.40.conv1,0.00197418755851686
160,blocks.40.conv2,0.0016255974769592285
160,blocks.41.conv1,0.002074481686577201
160,blocks.41.conv2,0.0017807289259508252
160,blocks.42.conv1,0.002006755443289876
160,blocks.42.conv2,0.0015475671971216798
160,blocks.43.conv1,0.0016461026389151812
160,blocks.43.conv2,0.0013239186955615878
160,blocks.44.conv1,0.0018962562317028642
160,blocks.44.conv2,0.0015665171667933464
160,blocks.45.conv1,0.0016297351103276014
160,blocks.45.conv2,0.0011812403099611402
160,blocks.46.conv1,0.0014560987474396825
160,blocks.46.conv2,0.0010915547609329224
160,blocks.47.conv1,0.0014212827663868666
160,blocks.47.conv2,0.0011047875741496682
160,blocks.48.conv1,0.0012386180460453033
160,blocks.48.conv2,0.0011782182846218348
160,blocks.49.conv1,0.0012759218225255609
160,blocks.49.conv2,0.0012278045760467649
160,mean_conv2d_grad_norm,0.0016497994985173244
161,stem.0,0.004152329172939062
161,blocks.0.conv1,0.0032665643375366926
161,blocks.0.conv2,0.0035940143279731274
161,blocks.1.conv1,0.0032550315372645855
161,blocks.1.conv2,0.0033870546612888575
161,blocks.2.conv1,0.0028989198617637157
161,blocks.2.conv2,0.003167401533573866
161,blocks.3.conv1,0.002837228588759899
161,blocks.3.conv2,0.003039564471691847
161,blocks.4.conv1,0.002661318052560091
161,blocks.4.conv2,0.0027200498152524233
161,blocks.5.conv1,0.002421981655061245
161,blocks.5.conv2,0.002331000054255128
161,blocks.6.conv1,0.0024060315918177366
161,blocks.6.conv2,0.002423495752736926
161,blocks.7.conv1,0.00228623254224658
161,blocks.7.conv2,0.0023217007983475924
161,blocks.8.conv1,0.0024551309179514647
161,blocks.8.conv2,0.002349151996895671
161,blocks.9.conv1,0.0024286997504532337
161,blocks.9.conv2,0.00215747207403183
161,blocks.10.conv1,0.0024545632768422365
161,blocks.10.conv2,0.0023316964507102966
161,blocks.11.conv1,0.0023311912082135677
161,blocks.11.conv2,0.002271438017487526
161,blocks.12.conv1,0.0025767500046640635
161,blocks.12.conv2,0.0023940475657582283
161,blocks.13.conv1,0.0024830561596900225
161,blocks.13.conv2,0.002322860062122345
161,blocks.14.conv1,0.002630758797749877
161,blocks.14.conv2,0.0024671275168657303
161,blocks.15.conv1,0.002674152608960867
161,blocks.15.conv2,0.0023894961923360825
161,blocks.16.conv1,0.0025680330581963062
161,blocks.16.conv2,0.002314516343176365
161,blocks.17.conv1,0.0023345991503447294
161,blocks.17.conv2,0.002083889441564679
161,blocks.18.conv1,0.002691242378205061
161,blocks.18.conv2,0.002298783976584673
161,blocks.19.conv1,0.002740780357271433
161,blocks.19.conv2,0.002411038149148226
161,blocks.20.conv1,0.0026522220578044653
161,blocks.20.conv2,0.002298937877640128
161,blocks.21.conv1,0.0028265388682484627
161,blocks.21.conv2,0.002519145840778947
161,blocks.22.conv1,0.0029013364110141993
161,blocks.22.conv2,0.002682574326172471
161,blocks.23.conv1,0.0031799892894923687
161,blocks.23.conv2,0.002811598591506481
161,blocks.24.conv1,0.0029073525220155716
161,blocks.24.conv2,0.0027295337058603764
161,blocks.25.conv1,0.0030240644700825214
161,blocks.25.conv2,0.002573522971943021
161,blocks.26.conv1,0.0030476043466478586
161,blocks.26.conv2,0.002675487659871578
161,blocks.27.conv1,0.002993278671056032
161,blocks.27.conv2,0.0025317983236163855
161,blocks.28.conv1,0.0030873131472617388
161,blocks.28.conv2,0.0027741622179746628
161,blocks.29.conv1,0.0033330691512674093
161,blocks.29.conv2,0.0031306727323681116
161,blocks.30.conv1,0.0034406697377562523
161,blocks.30.conv2,0.0029820180498063564
161,blocks.31.conv1,0.0033097327686846256
161,blocks.31.conv2,0.002719107549637556
161,blocks.32.conv1,0.0031460814643651247
161,blocks.32.conv2,0.0026213089004158974
161,blocks.33.conv1,0.002846810733899474
161,blocks.33.conv2,0.0023199559655040503
161,blocks.34.conv1,0.003440301865339279
161,blocks.34.conv2,0.0032244985923171043
161,blocks.35.conv1,0.0029052365571260452
161,blocks.35.conv2,0.0024676716420799494
161,blocks.36.conv1,0.0032846529502421618
161,blocks.36.conv2,0.002776223002001643
161,blocks.37.conv1,0.0035580850671976805
161,blocks.37.conv2,0.0027729268185794353
161,blocks.38.conv1,0.003229554044082761
161,blocks.38.conv2,0.0026814884040504694
161,blocks.39.conv1,0.00318300467915833
161,blocks.39.conv2,0.002730218693614006
161,blocks.40.conv1,0.0031620061490684748
161,blocks.40.conv2,0.0026332661509513855
161,blocks.41.conv1,0.003171731485053897
161,blocks.41.conv2,0.002554249716922641
161,blocks.42.conv1,0.0030934102833271027
161,blocks.42.conv2,0.0023694559931755066
161,blocks.43.conv1,0.002831809688359499
161,blocks.43.conv2,0.00207700626924634
161,blocks.44.conv1,0.0026342165656387806
161,blocks.44.conv2,0.0019276330713182688
161,blocks.45.conv1,0.0025654330383986235
161,blocks.45.conv2,0.0019352460512891412
161,blocks.46.conv1,0.0025415422860533
161,blocks.46.conv2,0.0017257529543712735
161,blocks.47.conv1,0.0021428929176181555
161,blocks.47.conv2,0.0015485702315345407
161,blocks.48.conv1,0.0020561658311635256
161,blocks.48.conv2,0.0017268592491745949
161,blocks.49.conv1,0.0017451934982091188
161,blocks.49.conv2,0.0014954742509871721
161,mean_conv2d_grad_norm,0.0026691887184221406
162,stem.0,0.006256759166717529
162,blocks.0.conv1,0.005865506827831268
162,blocks.0.conv2,0.00687700929120183
162,blocks.1.conv1,0.0060280123725533485
162,blocks.1.conv2,0.006517785135656595
162,blocks.2.conv1,0.005051102489233017
162,blocks.2.conv2,0.005487645044922829
162,blocks.3.conv1,0.005301692523062229
162,blocks.3.conv2,0.005277110263705254
162,blocks.4.conv1,0.004888326860964298
162,blocks.4.conv2,0.005156317725777626
162,blocks.5.conv1,0.0044487956911325455
162,blocks.5.conv2,0.004671936389058828
162,blocks.6.conv1,0.00433338014408946
162,blocks.6.conv2,0.004365378990769386
162,blocks.7.conv1,0.004372927360236645
162,blocks.7.conv2,0.0045027947053313255
162,blocks.8.conv1,0.004728589206933975
162,blocks.8.conv2,0.004433756228536367
162,blocks.9.conv1,0.004538185894489288
162,blocks.9.conv2,0.004295279737561941
162,blocks.10.conv1,0.005010093096643686
162,blocks.10.conv2,0.00462778564542532
162,blocks.11.conv1,0.004515995737165213
162,blocks.11.conv2,0.004385652020573616
162,blocks.12.conv1,0.005116332322359085
162,blocks.12.conv2,0.004758412018418312
162,blocks.13.conv1,0.004717070143669844
162,blocks.13.conv2,0.00431691063567996
162,blocks.14.conv1,0.005255343392491341
162,blocks.14.conv2,0.004538099747151136
162,blocks.15.conv1,0.005286188796162605
162,blocks.15.conv2,0.004716901108622551
162,blocks.16.conv1,0.00478767603635788
162,blocks.16.conv2,0.0044894772581756115
162,blocks.17.conv1,0.004449240397661924
162,blocks.17.conv2,0.004084738902747631
162,blocks.18.conv1,0.0052214087918400764
162,blocks.18.conv2,0.004648200236260891
162,blocks.19.conv1,0.00517038581892848
162,blocks.19.conv2,0.004675934091210365
162,blocks.20.conv1,0.0053985631093382835
162,blocks.20.conv2,0.004787118174135685
162,blocks.21.conv1,0.005143261514604092
162,blocks.21.conv2,0.004584389738738537
162,blocks.22.conv1,0.0055814990773797035
162,blocks.22.conv2,0.0048240777105093
162,blocks.23.conv1,0.005998015403747559
162,blocks.23.conv2,0.005177410785108805
162,blocks.24.conv1,0.00561410840600729
162,blocks.24.conv2,0.005106518976390362
162,blocks.25.conv1,0.006026589777320623
162,blocks.25.conv2,0.004887777846306562
162,blocks.26.conv1,0.006131193600594997
162,blocks.26.conv2,0.005005256272852421
162,blocks.27.conv1,0.005730607081204653
162,blocks.27.conv2,0.004869624972343445
162,blocks.28.conv1,0.005984910298138857
162,blocks.28.conv2,0.004634556360542774
162,blocks.29.conv1,0.006179963704198599
162,blocks.29.conv2,0.00483946967869997
162,blocks.30.conv1,0.0062964544631540775
162,blocks.30.conv2,0.005105075426399708
162,blocks.31.conv1,0.005614564288407564
162,blocks.31.conv2,0.004873569123446941
162,blocks.32.conv1,0.00586084695532918
162,blocks.32.conv2,0.004562055226415396
162,blocks.33.conv1,0.005842750426381826
162,blocks.33.conv2,0.004791168496012688
162,blocks.34.conv1,0.005986494477838278
162,blocks.34.conv2,0.00504902470856905
162,blocks.35.conv1,0.005575815215706825
162,blocks.35.conv2,0.004876560531556606
162,blocks.36.conv1,0.006409291177988052
162,blocks.36.conv2,0.005025368649512529
162,blocks.37.conv1,0.007102835923433304
162,blocks.37.conv2,0.004908702336251736
162,blocks.38.conv1,0.005446564871817827
162,blocks.38.conv2,0.004701212048530579
162,blocks.39.conv1,0.006279461085796356
162,blocks.39.conv2,0.004734307061880827
162,blocks.40.conv1,0.005653116386383772
162,blocks.40.conv2,0.005135471001267433
162,blocks.41.conv1,0.006032806821167469
162,blocks.41.conv2,0.0050834910944104195
162,blocks.42.conv1,0.005177958868443966
162,blocks.42.conv2,0.004458482377231121
162,blocks.43.conv1,0.00526893325150013
162,blocks.43.conv2,0.003874103771522641
162,blocks.44.conv1,0.005511776078492403
162,blocks.44.conv2,0.0043262760154902935
162,blocks.45.conv1,0.0052474187687039375
162,blocks.45.conv2,0.0037954712752252817
162,blocks.46.conv1,0.004599913954734802
162,blocks.46.conv2,0.0034477205481380224
162,blocks.47.conv1,0.0045704045332968235
162,blocks.47.conv2,0.0034909641835838556
162,blocks.48.conv1,0.004385639447718859
162,blocks.48.conv2,0.0030885946471244097
162,blocks.49.conv1,0.003241682192310691
162,blocks.49.conv2,0.0027798209339380264
162,mean_conv2d_grad_norm,0.005018685340401854
163,stem.0,0.021126456558704376
163,blocks.0.conv1,0.01982366107404232
163,blocks.0.conv2,0.023316454142332077
163,blocks.1.conv1,0.019192250445485115
163,blocks.1.conv2,0.02046225219964981
163,blocks.2.conv1,0.017469223588705063
163,blocks.2.conv2,0.016183769330382347
163,blocks.3.conv1,0.014864270575344563
163,blocks.3.conv2,0.015890855342149734
163,blocks.4.conv1,0.015440231189131737
163,blocks.4.conv2,0.017515260726213455
163,blocks.5.conv1,0.014832895249128342
163,blocks.5.conv2,0.013549054972827435
163,blocks.6.conv1,0.013075028546154499
163,blocks.6.conv2,0.01374169159680605
163,blocks.7.conv1,0.01320347934961319
163,blocks.7.conv2,0.012921678833663464
163,blocks.8.conv1,0.013063143938779831
163,blocks.8.conv2,0.012990647926926613
163,blocks.9.conv1,0.013879844918847084
163,blocks.9.conv2,0.012381025590002537
163,blocks.10.conv1,0.014304141514003277
163,blocks.10.conv2,0.01269925944507122
163,blocks.11.conv1,0.01269459817558527
163,blocks.11.conv2,0.01204457227140665
163,blocks.12.conv1,0.01405942440032959
163,blocks.12.conv2,0.013288484886288643
163,blocks.13.conv1,0.013774381019175053
163,blocks.13.conv2,0.012730407528579235
163,blocks.14.conv1,0.014968832023441792
163,blocks.14.conv2,0.01332002691924572
163,blocks.15.conv1,0.014886418357491493
163,blocks.15.conv2,0.013121482916176319
163,blocks.16.conv1,0.013913378119468689
163,blocks.16.conv2,0.012494737282395363
163,blocks.17.conv1,0.01259448379278183
163,blocks.17.conv2,0.011491496115922928
163,blocks.18.conv1,0.013937655836343765
163,blocks.18.conv2,0.0128965238109231
163,blocks.19.conv1,0.013944407925009727
163,blocks.19.conv2,0.013291284441947937
163,blocks.20.conv1,0.014608513563871384
163,blocks.20.conv2,0.013509878888726234
163,blocks.21.conv1,0.015225911512970924
163,blocks.21.conv2,0.015224610455334187
163,blocks.22.conv1,0.015053239651024342
163,blocks.22.conv2,0.015096860937774181
163,blocks.23.conv1,0.016930393874645233
163,blocks.23.conv2,0.015640918165445328
163,blocks.24.conv1,0.015131515450775623
163,blocks.24.conv2,0.014277462847530842
163,blocks.25.conv1,0.017988326027989388
163,blocks.25.conv2,0.014086413197219372
163,blocks.26.conv1,0.016451168805360794
163,blocks.26.conv2,0.014137567952275276
163,blocks.27.conv1,0.016582069918513298
163,blocks.27.conv2,0.013219907879829407
163,blocks.28.conv1,0.019556673243641853
163,blocks.28.conv2,0.015823494642972946
163,blocks.29.conv1,0.01875140145421028
163,blocks.29.conv2,0.01600451022386551
163,blocks.30.conv1,0.018131714314222336
163,blocks.30.conv2,0.015083830803632736
163,blocks.31.conv1,0.015404146164655685
163,blocks.31.conv2,0.013670059852302074
163,blocks.32.conv1,0.016223909333348274
163,blocks.32.conv2,0.012811502441763878
163,blocks.33.conv1,0.015233054757118225
163,blocks.33.conv2,0.011508767493069172
163,blocks.34.conv1,0.01703856699168682
163,blocks.34.conv2,0.016486462205648422
163,blocks.35.conv1,0.016362937167286873
163,blocks.35.conv2,0.014516175724565983
163,blocks.36.conv1,0.017125258222222328
163,blocks.36.conv2,0.013879748061299324
163,blocks.37.conv1,0.01748364418745041
163,blocks.37.conv2,0.014113879762589931
163,blocks.38.conv1,0.019970936700701714
163,blocks.38.conv2,0.015489685349166393
163,blocks.39.conv1,0.01569775864481926
163,blocks.39.conv2,0.01431699376553297
163,blocks.40.conv1,0.019854286685585976
163,blocks.40.conv2,0.01731228269636631
163,blocks.41.conv1,0.019646242260932922
163,blocks.41.conv2,0.01580771990120411
163,blocks.42.conv1,0.014853914268314838
163,blocks.42.conv2,0.013430948369204998
163,blocks.43.conv1,0.016860036179423332
163,blocks.43.conv2,0.0125654311850667
163,blocks.44.conv1,0.015227147378027439
163,blocks.44.conv2,0.013924840837717056
163,blocks.45.conv1,0.017710374668240547
163,blocks.45.conv2,0.011936908587813377
163,blocks.46.conv1,0.01731250435113907
163,blocks.46.conv2,0.011183210648596287
163,blocks.47.conv1,0.015516653656959534
163,blocks.47.conv2,0.01231981161981821
163,blocks.48.conv1,0.013644393533468246
163,blocks.48.conv2,0.011003094725310802
163,blocks.49.conv1,0.010652270168066025
163,blocks.49.conv2,0.00934904906898737
163,mean_conv2d_grad_norm,0.015003367963403758
164,stem.0,0.0037610309664160013
164,blocks.0.conv1,0.0026269920635968447
164,blocks.0.conv2,0.0026724152266979218
164,blocks.1.conv1,0.0025050281547009945
164,blocks.1.conv2,0.0024807078298181295
164,blocks.2.conv1,0.0021537141874432564
164,blocks.2.conv2,0.0023072564508765936
164,blocks.3.conv1,0.00210798648186028
164,blocks.3.conv2,0.002184236189350486
164,blocks.4.conv1,0.00197088485583663
164,blocks.4.conv2,0.001997249899432063
164,blocks.5.conv1,0.001801011385396123
164,blocks.5.conv2,0.0016931035788729787
164,blocks.6.conv1,0.0017686111386865377
164,blocks.6.conv2,0.0017331488197669387
164,blocks.7.conv1,0.001770418486557901
164,blocks.7.conv2,0.0017930995672941208
164,blocks.8.conv1,0.0018369604367762804
164,blocks.8.conv2,0.001748899114318192
164,blocks.9.conv1,0.0018077293643727899
164,blocks.9.conv2,0.0018220811616629362
164,blocks.10.conv1,0.0018480084836483002
164,blocks.10.conv2,0.0017520729452371597
164,blocks.11.conv1,0.0017497966764494777
164,blocks.11.conv2,0.0016759939026087523
164,blocks.12.conv1,0.0020155231468379498
164,blocks.12.conv2,0.001876253285445273
164,blocks.13.conv1,0.0018596653826534748
164,blocks.13.conv2,0.0017454748740419745
164,blocks.14.conv1,0.002033267868682742
164,blocks.14.conv2,0.001815705094486475
164,blocks.15.conv1,0.0019420429598540068
164,blocks.15.conv2,0.0017587518086656928
164,blocks.16.conv1,0.001867731916718185
164,blocks.16.conv2,0.0017914754571393132
164,blocks.17.conv1,0.001764607266522944
164,blocks.17.conv2,0.001659258152358234
164,blocks.18.conv1,0.00198745122179389
164,blocks.18.conv2,0.0017297349404543638
164,blocks.19.conv1,0.0019262651912868023
164,blocks.19.conv2,0.001824852079153061
164,blocks.20.conv1,0.002051697811111808
164,blocks.20.conv2,0.001874055596999824
164,blocks.21.conv1,0.002112190006300807
164,blocks.21.conv2,0.0019329997012391686
164,blocks.22.conv1,0.0022005359642207623
164,blocks.22.conv2,0.0020240198355168104
164,blocks.23.conv1,0.0023448553401976824
164,blocks.23.conv2,0.002044166438281536
164,blocks.24.conv1,0.002280963584780693
164,blocks.24.conv2,0.00193755142390728
164,blocks.25.conv1,0.002553945640102029
164,blocks.25.conv2,0.0021425283048301935
164,blocks.26.conv1,0.00227475818246603
164,blocks.26.conv2,0.0019331190269440413
164,blocks.27.conv1,0.0023871534503996372
164,blocks.27.conv2,0.0019603304099291563
164,blocks.28.conv1,0.002427368890494108
164,blocks.28.conv2,0.0019951029680669308
164,blocks.29.conv1,0.0025668584275990725
164,blocks.29.conv2,0.0021116873249411583
164,blocks.30.conv1,0.0024595141876488924
164,blocks.30.conv2,0.0021927333436906338
164,blocks.31.conv1,0.002462523290887475
164,blocks.31.conv2,0.002211721148341894
164,blocks.32.conv1,0.0024069231003522873
164,blocks.32.conv2,0.0020830838475376368
164,blocks.33.conv1,0.0026012042071670294
164,blocks.33.conv2,0.002102457219734788
164,blocks.34.conv1,0.0025627966970205307
164,blocks.34.conv2,0.0022763661108911037
164,blocks.35.conv1,0.002598665887489915
164,blocks.35.conv2,0.0022743241861462593
164,blocks.36.conv1,0.0029725178610533476
164,blocks.36.conv2,0.002493370557203889
164,blocks.37.conv1,0.0031953947618603706
164,blocks.37.conv2,0.002428953070193529
164,blocks.38.conv1,0.002497652545571327
164,blocks.38.conv2,0.0021352930925786495
164,blocks.39.conv1,0.002877741353586316
164,blocks.39.conv2,0.002266006078571081
164,blocks.40.conv1,0.0025134729221463203
164,blocks.40.conv2,0.0021324618719518185
164,blocks.41.conv1,0.0026604332961142063
164,blocks.41.conv2,0.002551270416006446
164,blocks.42.conv1,0.0026458478532731533
164,blocks.42.conv2,0.0019375837873667479
164,blocks.43.conv1,0.0020512151531875134
164,blocks.43.conv2,0.0015446014003828168
164,blocks.44.conv1,0.0023161296267062426
164,blocks.44.conv2,0.00192845962010324
164,blocks.45.conv1,0.002120968420058489
164,blocks.45.conv2,0.0017416189657524228
164,blocks.46.conv1,0.0023675793781876564
164,blocks.46.conv2,0.0018849873449653387
164,blocks.47.conv1,0.0021351738832890987
164,blocks.47.conv2,0.0014908488374203444
164,blocks.48.conv1,0.001933012274093926
164,blocks.48.conv2,0.0013802904868498445
164,blocks.49.conv1,0.0014203221071511507
164,blocks.49.conv2,0.0011561159044504166
164,mean_conv2d_grad_norm,0.002112218043951336
165,stem.0,0.004120045807212591
165,blocks.0.conv1,0.003400520421564579
165,blocks.0.conv2,0.003976605832576752
165,blocks.1.conv1,0.0033703951630741358
165,blocks.1.conv2,0.00384398247115314
165,blocks.2.conv1,0.003144417656585574
165,blocks.2.conv2,0.003252729307860136
165,blocks.3.conv1,0.002842928282916546
165,blocks.3.conv2,0.003309902036562562
165,blocks.4.conv1,0.002915924647822976
165,blocks.4.conv2,0.0030818921513855457
165,blocks.5.conv1,0.002565763657912612
165,blocks.5.conv2,0.002774015534669161
165,blocks.6.conv1,0.0024324445985257626
165,blocks.6.conv2,0.002562805777415633
165,blocks.7.conv1,0.00255670421756804
165,blocks.7.conv2,0.0026619809214025736
165,blocks.8.conv1,0.002573707140982151
165,blocks.8.conv2,0.0025895375292748213
165,blocks.9.conv1,0.0026504178531467915
165,blocks.9.conv2,0.0026071174070239067
165,blocks.10.conv1,0.002719647018238902
165,blocks.10.conv2,0.002432656241580844
165,blocks.11.conv1,0.0024856694508343935
165,blocks.11.conv2,0.0023790260311216116
165,blocks.12.conv1,0.0030006510205566883
165,blocks.12.conv2,0.002686546416953206
165,blocks.13.conv1,0.0026763861533254385
165,blocks.13.conv2,0.0024773215409368277
165,blocks.14.conv1,0.003035423345863819
165,blocks.14.conv2,0.0026667399797588587
165,blocks.15.conv1,0.003000077558681369
165,blocks.15.conv2,0.0026226507034152746
165,blocks.16.conv1,0.002872721292078495
165,blocks.16.conv2,0.0025079387705773115
165,blocks.17.conv1,0.002569265430793166
165,blocks.17.conv2,0.0023165561724454165
165,blocks.18.conv1,0.0029417674522846937
165,blocks.18.conv2,0.0027124357875436544
165,blocks.19.conv1,0.003065618686378002
165,blocks.19.conv2,0.0027948308270424604
165,blocks.20.conv1,0.0029876837506890297
165,blocks.20.conv2,0.002496857661753893
165,blocks.21.conv1,0.003137127496302128
165,blocks.21.conv2,0.0027331726159900427
165,blocks.22.conv1,0.0031165466643869877
165,blocks.22.conv2,0.002773862099274993
165,blocks.23.conv1,0.003576942952349782
165,blocks.23.conv2,0.002844528527930379
165,blocks.24.conv1,0.003198528429493308
165,blocks.24.conv2,0.0027560009621083736
165,blocks.25.conv1,0.003442172659561038
165,blocks.25.conv2,0.002917253179475665
165,blocks.26.conv1,0.0036448354367166758
165,blocks.26.conv2,0.002844208385795355
165,blocks.27.conv1,0.003222105326130986
165,blocks.27.conv2,0.0026000782381743193
165,blocks.28.conv1,0.0030301327351480722
165,blocks.28.conv2,0.0025148577988147736
165,blocks.29.conv1,0.003415692364796996
165,blocks.29.conv2,0.00284584891051054
165,blocks.30.conv1,0.0035502018872648478
165,blocks.30.conv2,0.0026748983655124903
165,blocks.31.conv1,0.0031326489988714457
165,blocks.31.conv2,0.00241815485060215
165,blocks.32.conv1,0.003036817302927375
165,blocks.32.conv2,0.002407647203654051
165,blocks.33.conv1,0.0032645787578076124
165,blocks.33.conv2,0.0025235959328711033
165,blocks.34.conv1,0.0032650106586515903
165,blocks.34.conv2,0.0026412627194076777
165,blocks.35.conv1,0.0028987699188292027
165,blocks.35.conv2,0.002132971538230777
165,blocks.36.conv1,0.0034568640403449535
165,blocks.36.conv2,0.002519747707992792
165,blocks.37.conv1,0.003390315920114517
165,blocks.37.conv2,0.0024692516308277845
165,blocks.38.conv1,0.003095404477789998
165,blocks.38.conv2,0.0024418120738118887
165,blocks.39.conv1,0.00318053993396461
165,blocks.39.conv2,0.0025602688547223806
165,blocks.40.conv1,0.003116283332929015
165,blocks.40.conv2,0.002637718105688691
165,blocks.41.conv1,0.003461226588115096
165,blocks.41.conv2,0.0027969954535365105
165,blocks.42.conv1,0.003042096272110939
165,blocks.42.conv2,0.0019919322803616524
165,blocks.43.conv1,0.002373226685449481
165,blocks.43.conv2,0.0020436407066881657
165,blocks.44.conv1,0.0029691329691559076
165,blocks.44.conv2,0.0021691645961254835
165,blocks.45.conv1,0.002267958363518119
165,blocks.45.conv2,0.0020329845137894154
165,blocks.46.conv1,0.0024427755270153284
165,blocks.46.conv2,0.0018304467666894197
165,blocks.47.conv1,0.002174758818000555
165,blocks.47.conv2,0.0017011275049299002
165,blocks.48.conv1,0.0019403137266635895
165,blocks.48.conv2,0.001724014524370432
165,blocks.49.conv1,0.0017753124702721834
165,blocks.49.conv2,0.001584350480698049
165,mean_conv2d_grad_norm,0.0027765586827005638
166,stem.0,0.020939331501722336
166,blocks.0.conv1,0.02844832092523575
166,blocks.0.conv2,0.032516904175281525
166,blocks.1.conv1,0.02963442914187908
166,blocks.1.conv2,0.0317487008869648
166,blocks.2.conv1,0.025642378255724907
166,blocks.2.conv2,0.03012283891439438
166,blocks.3.conv1,0.025718629360198975
166,blocks.3.conv2,0.02615296095609665
166,blocks.4.conv1,0.02472807466983795
166,blocks.4.conv2,0.024029498919844627
166,blocks.5.conv1,0.021606776863336563
166,blocks.5.conv2,0.02103416807949543
166,blocks.6.conv1,0.021473705768585205
166,blocks.6.conv2,0.020235661417245865
166,blocks.7.conv1,0.02124693989753723
166,blocks.7.conv2,0.020147079601883888
166,blocks.8.conv1,0.02245946228504181
166,blocks.8.conv2,0.02103422023355961
166,blocks.9.conv1,0.020248131826519966
166,blocks.9.conv2,0.018750488758087158
166,blocks.10.conv1,0.021183272823691368
166,blocks.10.conv2,0.01948542520403862
166,blocks.11.conv1,0.019511651247739792
166,blocks.11.conv2,0.01833895593881607
166,blocks.12.conv1,0.021581171080470085
166,blocks.12.conv2,0.019734913483262062
166,blocks.13.conv1,0.02188599668443203
166,blocks.13.conv2,0.019833331927657127
166,blocks.14.conv1,0.0218744408339262
166,blocks.14.conv2,0.020631438121199608
166,blocks.15.conv1,0.02486543171107769
166,blocks.15.conv2,0.02031962014734745
166,blocks.16.conv1,0.022662773728370667
166,blocks.16.conv2,0.020215116441249847
166,blocks.17.conv1,0.021206550300121307
166,blocks.17.conv2,0.01905977725982666
166,blocks.18.conv1,0.022441264241933823
166,blocks.18.conv2,0.019684171304106712
166,blocks.19.conv1,0.02485378086566925
166,blocks.19.conv2,0.020724661648273468
166,blocks.20.conv1,0.022342713549733162
166,blocks.20.conv2,0.020320482552051544
166,blocks.21.conv1,0.02399647980928421
166,blocks.21.conv2,0.02025243267416954
166,blocks.22.conv1,0.025377845391631126
166,blocks.22.conv2,0.021138813346624374
166,blocks.23.conv1,0.025945881381630898
166,blocks.23.conv2,0.02159092389047146
166,blocks.24.conv1,0.02506440505385399
166,blocks.24.conv2,0.02152038924396038
166,blocks.25.conv1,0.025972671806812286
166,blocks.25.conv2,0.02065528929233551
166,blocks.26.conv1,0.027452057227492332
166,blocks.26.conv2,0.02193170040845871
166,blocks.27.conv1,0.023949479684233665
166,blocks.27.conv2,0.019292056560516357
166,blocks.28.conv1,0.0242416150867939
166,blocks.28.conv2,0.020283645018935204
166,blocks.29.conv1,0.025626860558986664
166,blocks.29.conv2,0.020423218607902527
166,blocks.30.conv1,0.029664039611816406
166,blocks.30.conv2,0.02176784723997116
166,blocks.31.conv1,0.02520478330552578
166,blocks.31.conv2,0.02028186060488224
166,blocks.32.conv1,0.02342676930129528
166,blocks.32.conv2,0.01855643279850483
166,blocks.33.conv1,0.024433279410004616
166,blocks.33.conv2,0.01924983225762844
166,blocks.34.conv1,0.026369165629148483
166,blocks.34.conv2,0.020548779517412186
166,blocks.35.conv1,0.026998931542038918
166,blocks.35.conv2,0.02287617139518261
166,blocks.36.conv1,0.028380030766129494
166,blocks.36.conv2,0.0234991367906332
166,blocks.37.conv1,0.029818983748555183
166,blocks.37.conv2,0.022304678335785866
166,blocks.38.conv1,0.025530504062771797
166,blocks.38.conv2,0.020177671685814857
166,blocks.39.conv1,0.027696708217263222
166,blocks.39.conv2,0.023928485810756683
166,blocks.40.conv1,0.03084339201450348
166,blocks.40.conv2,0.022443892434239388
166,blocks.41.conv1,0.029852785170078278
166,blocks.41.conv2,0.022634632885456085
166,blocks.42.conv1,0.02644864283502102
166,blocks.42.conv2,0.02016131579875946
166,blocks.43.conv1,0.025827649980783463
166,blocks.43.conv2,0.01824624091386795
166,blocks.44.conv1,0.02712642028927803
166,blocks.44.conv2,0.01863689534366131
166,blocks.45.conv1,0.02140328846871853
166,blocks.45.conv2,0.01682290993630886
166,blocks.46.conv1,0.02247009426355362
166,blocks.46.conv2,0.01653231866657734
166,blocks.47.conv1,0.020283084362745285
166,blocks.47.conv2,0.012830214574933052
166,blocks.48.conv1,0.015075987204909325
166,blocks.48.conv2,0.013207594864070415
166,blocks.49.conv1,0.014262792654335499
166,blocks.49.conv2,0.011773352511227131
166,mean_conv2d_grad_norm,0.02250484164140307
167,stem.0,0.015291711315512657
167,blocks.0.conv1,0.011182278394699097
167,blocks.0.conv2,0.010929867625236511
167,blocks.1.conv1,0.00959951151162386
167,blocks.1.conv2,0.010995225049555302
167,blocks.2.conv1,0.008595461025834084
167,blocks.2.conv2,0.009231394156813622
167,blocks.3.conv1,0.008066898211836815
167,blocks.3.conv2,0.008046816103160381
167,blocks.4.conv1,0.00875784084200859
167,blocks.4.conv2,0.008428824134171009
167,blocks.5.conv1,0.007124484982341528
167,blocks.5.conv2,0.0071329823695123196
167,blocks.6.conv1,0.00674996804445982
167,blocks.6.conv2,0.006834324449300766
167,blocks.7.conv1,0.0070951771922409534
167,blocks.7.conv2,0.007255611941218376
167,blocks.8.conv1,0.007215539924800396
167,blocks.8.conv2,0.007108436897397041
167,blocks.9.conv1,0.007462655659765005
167,blocks.9.conv2,0.007106670644134283
167,blocks.10.conv1,0.007764996495097876
167,blocks.10.conv2,0.007364653516560793
167,blocks.11.conv1,0.007618662901222706
167,blocks.11.conv2,0.007355480454862118
167,blocks.12.conv1,0.007853737100958824
167,blocks.12.conv2,0.007524047512561083
167,blocks.13.conv1,0.007552679628133774
167,blocks.13.conv2,0.007291926071047783
167,blocks.14.conv1,0.008604560978710651
167,blocks.14.conv2,0.007590414956212044
167,blocks.15.conv1,0.007935627363622189
167,blocks.15.conv2,0.007234348449856043
167,blocks.16.conv1,0.008081314153969288
167,blocks.16.conv2,0.007513988763093948
167,blocks.17.conv1,0.00740052480250597
167,blocks.17.conv2,0.006586779840290546
167,blocks.18.conv1,0.00836790632456541
167,blocks.18.conv2,0.007577685173600912
167,blocks.19.conv1,0.008382883854210377
167,blocks.19.conv2,0.007381885312497616
167,blocks.20.conv1,0.008122646249830723
167,blocks.20.conv2,0.007255214266479015
167,blocks.21.conv1,0.008552883751690388
167,blocks.21.conv2,0.007702506147325039
167,blocks.22.conv1,0.008838072419166565
167,blocks.22.conv2,0.007676412351429462
167,blocks.23.conv1,0.009299607016146183
167,blocks.23.conv2,0.008219723589718342
167,blocks.24.conv1,0.00901775062084198
167,blocks.24.conv2,0.007566189859062433
167,blocks.25.conv1,0.009847749955952168
167,blocks.25.conv2,0.007844388484954834
167,blocks.26.conv1,0.01006273739039898
167,blocks.26.conv2,0.008044746704399586
167,blocks.27.conv1,0.009225571528077126
167,blocks.27.conv2,0.0077060810290277
167,blocks.28.conv1,0.00893219280987978
167,blocks.28.conv2,0.007573822978883982
167,blocks.29.conv1,0.009750260971486568
167,blocks.29.conv2,0.008105977438390255
167,blocks.30.conv1,0.010422552935779095
167,blocks.30.conv2,0.008536253124475479
167,blocks.31.conv1,0.00913010910153389
167,blocks.31.conv2,0.00784107856452465
167,blocks.32.conv1,0.009106360375881195
167,blocks.32.conv2,0.007555688265711069
167,blocks.33.conv1,0.009035276249051094
167,blocks.33.conv2,0.007754046935588121
167,blocks.34.conv1,0.009468245320022106
167,blocks.34.conv2,0.00776305329054594
167,blocks.35.conv1,0.009352874010801315
167,blocks.35.conv2,0.0076710195280611515
167,blocks.36.conv1,0.010464319959282875
167,blocks.36.conv2,0.008469999767839909
167,blocks.37.conv1,0.01098377350717783
167,blocks.37.conv2,0.008577891625463963
167,blocks.38.conv1,0.009498084895312786
167,blocks.38.conv2,0.007647464517503977
167,blocks.39.conv1,0.009764954447746277
167,blocks.39.conv2,0.008005072362720966
167,blocks.40.conv1,0.0088470708578825
167,blocks.40.conv2,0.007471509277820587
167,blocks.41.conv1,0.008477232418954372
167,blocks.41.conv2,0.007121462374925613
167,blocks.42.conv1,0.008404143154621124
167,blocks.42.conv2,0.006270122714340687
167,blocks.43.conv1,0.006695970892906189
167,blocks.43.conv2,0.005294155795127153
167,blocks.44.conv1,0.00759062310680747
167,blocks.44.conv2,0.006773599423468113
167,blocks.45.conv1,0.007231561932712793
167,blocks.45.conv2,0.005602014251053333
167,blocks.46.conv1,0.008111326955258846
167,blocks.46.conv2,0.0060294074937701225
167,blocks.47.conv1,0.006184426601976156
167,blocks.47.conv2,0.005575152579694986
167,blocks.48.conv1,0.006840853486210108
167,blocks.48.conv2,0.006796014960855246
167,blocks.49.conv1,0.006155562587082386
167,blocks.49.conv2,0.005653989966958761
167,mean_conv2d_grad_norm,0.00808628355752271
168,stem.0,0.003542599268257618
168,blocks.0.conv1,0.0035525269340723753
168,blocks.0.conv2,0.003737770253792405
168,blocks.1.conv1,0.0032875703182071447
168,blocks.1.conv2,0.003545512678101659
168,blocks.2.conv1,0.0029889573343098164
168,blocks.2.conv2,0.003145831637084484
168,blocks.3.conv1,0.0029307338409125805
168,blocks.3.conv2,0.003032156964763999
168,blocks.4.conv1,0.0027968359645456076
168,blocks.4.conv2,0.0027414599899202585
168,blocks.5.conv1,0.0024175168946385384
168,blocks.5.conv2,0.00236602034419775
168,blocks.6.conv1,0.0022679653484374285
168,blocks.6.conv2,0.0023394948802888393
168,blocks.7.conv1,0.002325683366507292
168,blocks.7.conv2,0.0023265439085662365
168,blocks.8.conv1,0.0023991153575479984
168,blocks.8.conv2,0.002268267096951604
168,blocks.9.conv1,0.0023955474607646465
168,blocks.9.conv2,0.002256449544802308
168,blocks.10.conv1,0.0025135509204119444
168,blocks.10.conv2,0.002292529447004199
168,blocks.11.conv1,0.0023039598017930984
168,blocks.11.conv2,0.0022146725095808506
168,blocks.12.conv1,0.0025133343879133463
168,blocks.12.conv2,0.0024123000912368298
168,blocks.13.conv1,0.0024480256251990795
168,blocks.13.conv2,0.002243942813947797
168,blocks.14.conv1,0.0026362077333033085
168,blocks.14.conv2,0.0023375251330435276
168,blocks.15.conv1,0.0026184720918536186
168,blocks.15.conv2,0.0022913904394954443
168,blocks.16.conv1,0.0025258248206228018
168,blocks.16.conv2,0.002346454653888941
168,blocks.17.conv1,0.002208130434155464
168,blocks.17.conv2,0.002060774713754654
168,blocks.18.conv1,0.0025591945741325617
168,blocks.18.conv2,0.0022687402088195086
168,blocks.19.conv1,0.0026456909254193306
168,blocks.19.conv2,0.0023559683468192816
168,blocks.20.conv1,0.0025843039620667696
168,blocks.20.conv2,0.002215741202235222
168,blocks.21.conv1,0.0026849210262298584
168,blocks.21.conv2,0.00234963302500546
168,blocks.22.conv1,0.0029612728394567966
168,blocks.22.conv2,0.0025870215613394976
168,blocks.23.conv1,0.0029975192155689
168,blocks.23.conv2,0.002553734229877591
168,blocks.24.conv1,0.0027634224388748407
168,blocks.24.conv2,0.0024830955080688
168,blocks.25.conv1,0.002883004955947399
168,blocks.25.conv2,0.00241872132755816
168,blocks.26.conv1,0.0029180622659623623
168,blocks.26.conv2,0.0024960713926702738
168,blocks.27.conv1,0.0028677473310381174
168,blocks.27.conv2,0.002393553964793682
168,blocks.28.conv1,0.0029592271894216537
168,blocks.28.conv2,0.002591338474303484
168,blocks.29.conv1,0.0029955971986055374
168,blocks.29.conv2,0.0025991806760430336
168,blocks.30.conv1,0.003157293191179633
168,blocks.30.conv2,0.002645133761689067
168,blocks.31.conv1,0.0030426224693655968
168,blocks.31.conv2,0.002576959552243352
168,blocks.32.conv1,0.003103031311184168
168,blocks.32.conv2,0.0024469145573675632
168,blocks.33.conv1,0.002878769999369979
168,blocks.33.conv2,0.002284365240484476
168,blocks.34.conv1,0.0031937933526933193
168,blocks.34.conv2,0.0026806879322975874
168,blocks.35.conv1,0.0027730842120945454
168,blocks.35.conv2,0.002335354220122099
168,blocks.36.conv1,0.003126343945041299
168,blocks.36.conv2,0.002595040015876293
168,blocks.37.conv1,0.0030646079685539007
168,blocks.37.conv2,0.0026444168761372566
168,blocks.38.conv1,0.0030730876605957747
168,blocks.38.conv2,0.0025003175251185894
168,blocks.39.conv1,0.0029818264301866293
168,blocks.39.conv2,0.002440644195303321
168,blocks.40.conv1,0.0028383315075188875
168,blocks.40.conv2,0.0024926101323217154
168,blocks.41.conv1,0.0031064702197909355
168,blocks.41.conv2,0.002561486791819334
168,blocks.42.conv1,0.002519061556085944
168,blocks.42.conv2,0.0021216953173279762
168,blocks.43.conv1,0.002585379872471094
168,blocks.43.conv2,0.0020664124749600887
168,blocks.44.conv1,0.0026907487772405148
168,blocks.44.conv2,0.0022154860198497772
168,blocks.45.conv1,0.002761964686214924
168,blocks.45.conv2,0.0021167295053601265
168,blocks.46.conv1,0.002494152868166566
168,blocks.46.conv2,0.001980577828362584
168,blocks.47.conv1,0.0025351829826831818
168,blocks.47.conv2,0.0019955572206526995
168,blocks.48.conv1,0.0023746557999402285
168,blocks.48.conv2,0.0019505596719682217
168,blocks.49.conv1,0.002025952795520425
168,blocks.49.conv2,0.0017629344947636127
168,mean_conv2d_grad_norm,0.00259905607706987
169,stem.0,0.024821940809488297
169,blocks.0.conv1,0.022726938128471375
169,blocks.0.conv2,0.02483569085597992
169,blocks.1.conv1,0.02230907417833805
169,blocks.1.conv2,0.02275581657886505
169,blocks.2.conv1,0.019455447793006897
169,blocks.2.conv2,0.020754709839820862
169,blocks.3.conv1,0.019186722114682198
169,blocks.3.conv2,0.01995024085044861
169,blocks.4.conv1,0.018611911684274673
169,blocks.4.conv2,0.0193666722625494
169,blocks.5.conv1,0.01603011228144169
169,blocks.5.conv2,0.01587936095893383
169,blocks.6.conv1,0.015941934660077095
169,blocks.6.conv2,0.01618761569261551
169,blocks.7.conv1,0.01722239889204502
169,blocks.7.conv2,0.01621679775416851
169,blocks.8.conv1,0.016765577718615532
169,blocks.8.conv2,0.01581544615328312
169,blocks.9.conv1,0.017421100288629532
169,blocks.9.conv2,0.01641646958887577
169,blocks.10.conv1,0.01721724309027195
169,blocks.10.conv2,0.015956180170178413
169,blocks.11.conv1,0.01681099273264408
169,blocks.11.conv2,0.01568855158984661
169,blocks.12.conv1,0.018149517476558685
169,blocks.12.conv2,0.016936590895056725
169,blocks.13.conv1,0.01751648262143135
169,blocks.13.conv2,0.01558117475360632
169,blocks.14.conv1,0.01849730685353279
169,blocks.14.conv2,0.016943272203207016
169,blocks.15.conv1,0.019322669133543968
169,blocks.15.conv2,0.016996173188090324
169,blocks.16.conv1,0.018413212150335312
169,blocks.16.conv2,0.01616346277296543
169,blocks.17.conv1,0.017170317471027374
169,blocks.17.conv2,0.01421545073390007
169,blocks.18.conv1,0.018405456095933914
169,blocks.18.conv2,0.01629585027694702
169,blocks.19.conv1,0.01771603152155876
169,blocks.19.conv2,0.01607644185423851
169,blocks.20.conv1,0.01837937720119953
169,blocks.20.conv2,0.015321608632802963
169,blocks.21.conv1,0.019228428602218628
169,blocks.21.conv2,0.016623450443148613
169,blocks.22.conv1,0.019953005015850067
169,blocks.22.conv2,0.016875600442290306
169,blocks.23.conv1,0.022592121735215187
169,blocks.23.conv2,0.019009318202733994
169,blocks.24.conv1,0.020349526777863503
169,blocks.24.conv2,0.01719873771071434
169,blocks.25.conv1,0.021142814308404922
169,blocks.25.conv2,0.017015716060996056
169,blocks.26.conv1,0.02125951088964939
169,blocks.26.conv2,0.017487922683358192
169,blocks.27.conv1,0.019282102584838867
169,blocks.27.conv2,0.01595136523246765
169,blocks.28.conv1,0.019152123481035233
169,blocks.28.conv2,0.015925347805023193
169,blocks.29.conv1,0.021817129105329514
169,blocks.29.conv2,0.017170961946249008
169,blocks.30.conv1,0.022194741293787956
169,blocks.30.conv2,0.017487090080976486
169,blocks.31.conv1,0.020183727145195007
169,blocks.31.conv2,0.016599781811237335
169,blocks.32.conv1,0.01875997893512249
169,blocks.32.conv2,0.015770962461829185
169,blocks.33.conv1,0.02181849256157875
169,blocks.33.conv2,0.016807857900857925
169,blocks.34.conv1,0.018820013850927353
169,blocks.34.conv2,0.01598365418612957
169,blocks.35.conv1,0.01834140159189701
169,blocks.35.conv2,0.015411664731800556
169,blocks.36.conv1,0.021809875965118408
169,blocks.36.conv2,0.017349597066640854
169,blocks.37.conv1,0.022260436788201332
169,blocks.37.conv2,0.01690761186182499
169,blocks.38.conv1,0.0179080069065094
169,blocks.38.conv2,0.014641699381172657
169,blocks.39.conv1,0.020208530128002167
169,blocks.39.conv2,0.016380682587623596
169,blocks.40.conv1,0.02137390896677971
169,blocks.40.conv2,0.019475458189845085
169,blocks.41.conv1,0.02012462541460991
169,blocks.41.conv2,0.01693086326122284
169,blocks.42.conv1,0.02050855942070484
169,blocks.42.conv2,0.016852306202054024
169,blocks.43.conv1,0.016020245850086212
169,blocks.43.conv2,0.012437304481863976
169,blocks.44.conv1,0.01805086061358452
169,blocks.44.conv2,0.014603733085095882
169,blocks.45.conv1,0.018197478726506233
169,blocks.45.conv2,0.014280064962804317
169,blocks.46.conv1,0.020070044323801994
169,blocks.46.conv2,0.013154570013284683
169,blocks.47.conv1,0.012084263376891613
169,blocks.47.conv2,0.011591365560889244
169,blocks.48.conv1,0.01472029834985733
169,blocks.48.conv2,0.011446407996118069
169,blocks.49.conv1,0.01090580876916647
169,blocks.49.conv2,0.009341246448457241
169,mean_conv2d_grad_norm,0.017705898482979526
170,stem.0,0.004607904236763716
170,blocks.0.conv1,0.004055885598063469
170,blocks.0.conv2,0.004073369316756725
170,blocks.1.conv1,0.0036842182744294405
170,blocks.1.conv2,0.0037999951746314764
170,blocks.2.conv1,0.0032078532967716455
170,blocks.2.conv2,0.003248517634347081
170,blocks.3.conv1,0.002956514246761799
170,blocks.3.conv2,0.003127708798274398
170,blocks.4.conv1,0.002842728979885578
170,blocks.4.conv2,0.0029187218751758337
170,blocks.5.conv1,0.0027253085281699896
170,blocks.5.conv2,0.0026611811481416225
170,blocks.6.conv1,0.0025209588930010796
170,blocks.6.conv2,0.002521899063140154
170,blocks.7.conv1,0.0026457009371370077
170,blocks.7.conv2,0.0026599846314638853
170,blocks.8.conv1,0.002664037514477968
170,blocks.8.conv2,0.002572811208665371
170,blocks.9.conv1,0.0027349016163498163
170,blocks.9.conv2,0.0025413779076188803
170,blocks.10.conv1,0.0027059803251177073
170,blocks.10.conv2,0.002628718037158251
170,blocks.11.conv1,0.002668444998562336
170,blocks.11.conv2,0.002493926091119647
170,blocks.12.conv1,0.0028598124627023935
170,blocks.12.conv2,0.002714769681915641
170,blocks.13.conv1,0.0028202864341437817
170,blocks.13.conv2,0.002593821380287409
170,blocks.14.conv1,0.003114002291113138
170,blocks.14.conv2,0.002812011633068323
170,blocks.15.conv1,0.002908531343564391
170,blocks.15.conv2,0.0027123671025037766
170,blocks.16.conv1,0.0029544522985816
170,blocks.16.conv2,0.0026413784362375736
170,blocks.17.conv1,0.0025506913661956787
170,blocks.17.conv2,0.002281254855915904
170,blocks.18.conv1,0.002938412595540285
170,blocks.18.conv2,0.0026171880308538675
170,blocks.19.conv1,0.002968826796859503
170,blocks.19.conv2,0.0027732043527066708
170,blocks.20.conv1,0.002915841294452548
170,blocks.20.conv2,0.002613762626424432
170,blocks.21.conv1,0.003025730838999152
170,blocks.21.conv2,0.002744905883446336
170,blocks.22.conv1,0.0032362453639507294
170,blocks.22.conv2,0.002884168643504381
170,blocks.23.conv1,0.0034285830333828926
170,blocks.23.conv2,0.0030426671728491783
170,blocks.24.conv1,0.0032544657588005066
170,blocks.24.conv2,0.002919125836342573
170,blocks.25.conv1,0.003471134463325143
170,blocks.25.conv2,0.0030385626014322042
170,blocks.26.conv1,0.0034593488089740276
170,blocks.26.conv2,0.003033486194908619
170,blocks.27.conv1,0.003498497186228633
170,blocks.27.conv2,0.0029997958336025476
170,blocks.28.conv1,0.0036546301562339067
170,blocks.28.conv2,0.0030938463751226664
170,blocks.29.conv1,0.0035558759700506926
170,blocks.29.conv2,0.00317400717176497
170,blocks.30.conv1,0.0039154705591499805
170,blocks.30.conv2,0.0031413540709763765
170,blocks.31.conv1,0.0034637346398085356
170,blocks.31.conv2,0.0030108478385955095
170,blocks.32.conv1,0.0036037981044501066
170,blocks.32.conv2,0.0028827229980379343
170,blocks.33.conv1,0.0035941211972385645
170,blocks.33.conv2,0.002994959708303213
170,blocks.34.conv1,0.0038167107850313187
170,blocks.34.conv2,0.0031246973667293787
170,blocks.35.conv1,0.003373687854036689
170,blocks.35.conv2,0.0029666468035429716
170,blocks.36.conv1,0.00384045229293406
170,blocks.36.conv2,0.0032378064934164286
170,blocks.37.conv1,0.003865399630740285
170,blocks.37.conv2,0.0033149411901831627
170,blocks.38.conv1,0.003906588535755873
170,blocks.38.conv2,0.003403628943488002
170,blocks.39.conv1,0.0036433234345167875
170,blocks.39.conv2,0.0032662476878613234
170,blocks.40.conv1,0.003938969690352678
170,blocks.40.conv2,0.0033179910387843847
170,blocks.41.conv1,0.0037791240029037
170,blocks.41.conv2,0.003201855579391122
170,blocks.42.conv1,0.0033391935285180807
170,blocks.42.conv2,0.002675130730494857
170,blocks.43.conv1,0.0030877587851136923
170,blocks.43.conv2,0.0028312434442341328
170,blocks.44.conv1,0.003455330152064562
170,blocks.44.conv2,0.002674023387953639
170,blocks.45.conv1,0.003164087887853384
170,blocks.45.conv2,0.0025140196084976196
170,blocks.46.conv1,0.0030712049920111895
170,blocks.46.conv2,0.00237642670981586
170,blocks.47.conv1,0.0029316183645278215
170,blocks.47.conv2,0.002303456189110875
170,blocks.48.conv1,0.002711842767894268
170,blocks.48.conv2,0.001955802319571376
170,blocks.49.conv1,0.002098715864121914
170,blocks.49.conv2,0.0016660066321492195
170,mean_conv2d_grad_norm,0.0030498542813676417
171,stem.0,0.005003022029995918
171,blocks.0.conv1,0.004844596143811941
171,blocks.0.conv2,0.0051327478140592575
171,blocks.1.conv1,0.004704529885202646
171,blocks.1.conv2,0.005101178307086229
171,blocks.2.conv1,0.0042941938154399395
171,blocks.2.conv2,0.004668027628213167
171,blocks.3.conv1,0.003920263610780239
171,blocks.3.conv2,0.004206011537462473
171,blocks.4.conv1,0.003949764650315046
171,blocks.4.conv2,0.0041236369870603085
171,blocks.5.conv1,0.0036166314966976643
171,blocks.5.conv2,0.003673311322927475
171,blocks.6.conv1,0.0034906051587313414
171,blocks.6.conv2,0.003437764709815383
171,blocks.7.conv1,0.003538799239322543
171,blocks.7.conv2,0.003619711147621274
171,blocks.8.conv1,0.0037022994365543127
171,blocks.8.conv2,0.0036174277774989605
171,blocks.9.conv1,0.0037044526543468237
171,blocks.9.conv2,0.0035725680645555258
171,blocks.10.conv1,0.003674812614917755
171,blocks.10.conv2,0.0035270354710519314
171,blocks.11.conv1,0.0035837949253618717
171,blocks.11.conv2,0.0035489662550389767
171,blocks.12.conv1,0.003992399200797081
171,blocks.12.conv2,0.0039595491252839565
171,blocks.13.conv1,0.003769423346966505
171,blocks.13.conv2,0.003563669277355075
171,blocks.14.conv1,0.004128892906010151
171,blocks.14.conv2,0.0038319090381264687
171,blocks.15.conv1,0.004164698533713818
171,blocks.15.conv2,0.0037989546544849873
171,blocks.16.conv1,0.003877803683280945
171,blocks.16.conv2,0.0035896222107112408
171,blocks.17.conv1,0.0036005303263664246
171,blocks.17.conv2,0.0033406184520572424
171,blocks.18.conv1,0.0040484084747731686
171,blocks.18.conv2,0.0037944652140140533
171,blocks.19.conv1,0.004208744969218969
171,blocks.19.conv2,0.003755739191547036
171,blocks.20.conv1,0.004194759298115969
171,blocks.20.conv2,0.003869041334837675
171,blocks.21.conv1,0.004339851904660463
171,blocks.21.conv2,0.004034723620861769
171,blocks.22.conv1,0.004506738390773535
171,blocks.22.conv2,0.004195988178253174
171,blocks.23.conv1,0.0051947543397545815
171,blocks.23.conv2,0.004344454500824213
171,blocks.24.conv1,0.004619387444108725
171,blocks.24.conv2,0.00426925253123045
171,blocks.25.conv1,0.004863223992288113
171,blocks.25.conv2,0.0042570168152451515
171,blocks.26.conv1,0.0050965785048902035
171,blocks.26.conv2,0.00433645024895668
171,blocks.27.conv1,0.004821013193577528
171,blocks.27.conv2,0.0044310628436505795
171,blocks.28.conv1,0.005217874422669411
171,blocks.28.conv2,0.004461782053112984
171,blocks.29.conv1,0.005439728032797575
171,blocks.29.conv2,0.004983485210686922
171,blocks.30.conv1,0.005644964054226875
171,blocks.30.conv2,0.004939733073115349
171,blocks.31.conv1,0.00529587222263217
171,blocks.31.conv2,0.0046987468376755714
171,blocks.32.conv1,0.00531283114105463
171,blocks.32.conv2,0.0045562246814370155
171,blocks.33.conv1,0.0052023096941411495
171,blocks.33.conv2,0.0044859168119728565
171,blocks.34.conv1,0.005637903697788715
171,blocks.34.conv2,0.004932714626193047
171,blocks.35.conv1,0.005481838248670101
171,blocks.35.conv2,0.004743729718029499
171,blocks.36.conv1,0.006420437712222338
171,blocks.36.conv2,0.005611483007669449
171,blocks.37.conv1,0.006402475293725729
171,blocks.37.conv2,0.005426345393061638
171,blocks.38.conv1,0.006196089554578066
171,blocks.38.conv2,0.004915924277156591
171,blocks.39.conv1,0.006153727415949106
171,blocks.39.conv2,0.005052898079156876
171,blocks.40.conv1,0.0059624165296554565
171,blocks.40.conv2,0.005646648351103067
171,blocks.41.conv1,0.006238830275833607
171,blocks.41.conv2,0.00496255699545145
171,blocks.42.conv1,0.005878100171685219
171,blocks.42.conv2,0.0044686016626656055
171,blocks.43.conv1,0.005560687277466059
171,blocks.43.conv2,0.004387490451335907
171,blocks.44.conv1,0.004614952951669693
171,blocks.44.conv2,0.0035150928888469934
171,blocks.45.conv1,0.005068192258477211
171,blocks.45.conv2,0.003845526371151209
171,blocks.46.conv1,0.00501427985727787
171,blocks.46.conv2,0.0039431750774383545
171,blocks.47.conv1,0.004583690315485001
171,blocks.47.conv2,0.0035657701082527637
171,blocks.48.conv1,0.004431743640452623
171,blocks.48.conv2,0.0031402483582496643
171,blocks.49.conv1,0.0035237015690654516
171,blocks.49.conv2,0.0026830914430320263
171,mean_conv2d_grad_norm,0.004468373368761622
172,stem.0,0.003929727710783482
172,blocks.0.conv1,0.0028856920544058084
172,blocks.0.conv2,0.0031582582741975784
172,blocks.1.conv1,0.002701690886169672
172,blocks.1.conv2,0.0030515415128320456
172,blocks.2.conv1,0.002538640983402729
172,blocks.2.conv2,0.0026276239659637213
172,blocks.3.conv1,0.0024601654149591923
172,blocks.3.conv2,0.002555517014116049
172,blocks.4.conv1,0.00236393790692091
172,blocks.4.conv2,0.0024328657891601324
172,blocks.5.conv1,0.002115953480824828
172,blocks.5.conv2,0.002255409024655819
172,blocks.6.conv1,0.002121194964274764
172,blocks.6.conv2,0.0020225413609296083
172,blocks.7.conv1,0.002078983699902892
172,blocks.7.conv2,0.0020952443592250347
172,blocks.8.conv1,0.0022190045565366745
172,blocks.8.conv2,0.002125335158780217
172,blocks.9.conv1,0.0022740759886801243
172,blocks.9.conv2,0.0021315759513527155
172,blocks.10.conv1,0.002329921815544367
172,blocks.10.conv2,0.002071804367005825
172,blocks.11.conv1,0.0020883551333099604
172,blocks.11.conv2,0.0020223879255354404
172,blocks.12.conv1,0.002397699747234583
172,blocks.12.conv2,0.002214340027421713
172,blocks.13.conv1,0.002283548004925251
172,blocks.13.conv2,0.002091233618557453
172,blocks.14.conv1,0.0026030621957033873
172,blocks.14.conv2,0.002323368564248085
172,blocks.15.conv1,0.0023622966837137938
172,blocks.15.conv2,0.00219941814430058
172,blocks.16.conv1,0.0024341093376278877
172,blocks.16.conv2,0.0021725092083215714
172,blocks.17.conv1,0.0020478505175560713
172,blocks.17.conv2,0.0019823412876576185
172,blocks.18.conv1,0.002419508760794997
172,blocks.18.conv2,0.002228915924206376
172,blocks.19.conv1,0.0024492598604410887
172,blocks.19.conv2,0.0022407465148717165
172,blocks.20.conv1,0.002455630339682102
172,blocks.20.conv2,0.002226289827376604
172,blocks.21.conv1,0.0025105387903749943
172,blocks.21.conv2,0.0022398382425308228
172,blocks.22.conv1,0.002716243267059326
172,blocks.22.conv2,0.002468064660206437
172,blocks.23.conv1,0.0029126389417797327
172,blocks.23.conv2,0.0025402612518519163
172,blocks.24.conv1,0.0027974636759608984
172,blocks.24.conv2,0.0024900310672819614
172,blocks.25.conv1,0.0029216071125119925
172,blocks.25.conv2,0.002623187378048897
172,blocks.26.conv1,0.0029079827945679426
172,blocks.26.conv2,0.002632087329402566
172,blocks.27.conv1,0.0027367311995476484
172,blocks.27.conv2,0.002391774207353592
172,blocks.28.conv1,0.002991238608956337
172,blocks.28.conv2,0.0028024320490658283
172,blocks.29.conv1,0.003119258675724268
172,blocks.29.conv2,0.002623355481773615
172,blocks.30.conv1,0.003025184851139784
172,blocks.30.conv2,0.002731945365667343
172,blocks.31.conv1,0.002884277608245611
172,blocks.31.conv2,0.0024759159423410892
172,blocks.32.conv1,0.0030185787472873926
172,blocks.32.conv2,0.002402637153863907
172,blocks.33.conv1,0.002892171498388052
172,blocks.33.conv2,0.002302733017131686
172,blocks.34.conv1,0.003031024942174554
172,blocks.34.conv2,0.002709125867113471
172,blocks.35.conv1,0.0026989937759935856
172,blocks.35.conv2,0.0023082110565155745
172,blocks.36.conv1,0.00305282068438828
172,blocks.36.conv2,0.002609989373013377
172,blocks.37.conv1,0.0031536829192191362
172,blocks.37.conv2,0.0028005200438201427
172,blocks.38.conv1,0.0031231711618602276
172,blocks.38.conv2,0.0026957609225064516
172,blocks.39.conv1,0.0030238120816648006
172,blocks.39.conv2,0.0024599372409284115
172,blocks.40.conv1,0.0030690771527588367
172,blocks.40.conv2,0.0027597101870924234
172,blocks.41.conv1,0.0033562942408025265
172,blocks.41.conv2,0.0025573326274752617
172,blocks.42.conv1,0.002965690568089485
172,blocks.42.conv2,0.00233696261420846
172,blocks.43.conv1,0.0027795592322945595
172,blocks.43.conv2,0.002254548715427518
172,blocks.44.conv1,0.0026125709991902113
172,blocks.44.conv2,0.002092326758429408
172,blocks.45.conv1,0.0025328844785690308
172,blocks.45.conv2,0.001976185478270054
172,blocks.46.conv1,0.0025211255997419357
172,blocks.46.conv2,0.0020318003371357918
172,blocks.47.conv1,0.002585317473858595
172,blocks.47.conv2,0.0021483786404132843
172,blocks.48.conv1,0.0024395890068262815
172,blocks.48.conv2,0.0019611604511737823
172,blocks.49.conv1,0.0020356180611997843
172,blocks.49.conv2,0.0018377710366621614
172,mean_conv2d_grad_norm,0.002519492183277144
173,stem.0,0.002574083860963583
173,blocks.0.conv1,0.0022454755380749702
173,blocks.0.conv2,0.0025154431350529194
173,blocks.1.conv1,0.002134202513843775
173,blocks.1.conv2,0.002433213172480464
173,blocks.2.conv1,0.00201893737539649
173,blocks.2.conv2,0.002187894657254219
173,blocks.3.conv1,0.0018671306315809488
173,blocks.3.conv2,0.00196677609346807
173,blocks.4.conv1,0.001854918897151947
173,blocks.4.conv2,0.0019442292395979166
173,blocks.5.conv1,0.0017231354722753167
173,blocks.5.conv2,0.00167979730758816
173,blocks.6.conv1,0.0016225819708779454
173,blocks.6.conv2,0.0016533492598682642
173,blocks.7.conv1,0.0016489386325702071
173,blocks.7.conv2,0.001570820459164679
173,blocks.8.conv1,0.0016457746969535947
173,blocks.8.conv2,0.001576129114255309
173,blocks.9.conv1,0.0017069868044927716
173,blocks.9.conv2,0.0015758700901642442
173,blocks.10.conv1,0.0016670775366947055
173,blocks.10.conv2,0.001542935729958117
173,blocks.11.conv1,0.0016823980258777738
173,blocks.11.conv2,0.0015238495543599129
173,blocks.12.conv1,0.0017951440531760454
173,blocks.12.conv2,0.0016569137806072831
173,blocks.13.conv1,0.0017259123269468546
173,blocks.13.conv2,0.0015786068979650736
173,blocks.14.conv1,0.0019137831404805183
173,blocks.14.conv2,0.0017304349457845092
173,blocks.15.conv1,0.0019108799751847982
173,blocks.15.conv2,0.0016376557759940624
173,blocks.16.conv1,0.001777149853296578
173,blocks.16.conv2,0.0016480415361002088
173,blocks.17.conv1,0.0016086181858554482
173,blocks.17.conv2,0.0014781685313209891
173,blocks.18.conv1,0.0017892554169520736
173,blocks.18.conv2,0.001588280312716961
173,blocks.19.conv1,0.001895811758004129
173,blocks.19.conv2,0.0015949984081089497
173,blocks.20.conv1,0.0018058144487440586
173,blocks.20.conv2,0.001561714569106698
173,blocks.21.conv1,0.0019322377629578114
173,blocks.21.conv2,0.0017237033462151885
173,blocks.22.conv1,0.0020376082975417376
173,blocks.22.conv2,0.001707141986116767
173,blocks.23.conv1,0.0021565784700214863
173,blocks.23.conv2,0.0018271058797836304
173,blocks.24.conv1,0.002058933721855283
173,blocks.24.conv2,0.0017872281605377793
173,blocks.25.conv1,0.002112087793648243
173,blocks.25.conv2,0.0017457325011491776
173,blocks.26.conv1,0.0023270342499017715
173,blocks.26.conv2,0.0018725668778643012
173,blocks.27.conv1,0.0020147361792623997
173,blocks.27.conv2,0.0016532746376469731
173,blocks.28.conv1,0.0020725454669445753
173,blocks.28.conv2,0.0017527384916320443
173,blocks.29.conv1,0.0021753692999482155
173,blocks.29.conv2,0.0018319521332159638
173,blocks.30.conv1,0.0023583986330777407
173,blocks.30.conv2,0.0019305010791867971
173,blocks.31.conv1,0.0022181577514857054
173,blocks.31.conv2,0.0019246854353696108
173,blocks.32.conv1,0.0020477513317018747
173,blocks.32.conv2,0.0018212333088740706
173,blocks.33.conv1,0.002092965878546238
173,blocks.33.conv2,0.0017191694350913167
173,blocks.34.conv1,0.0023648710921406746
173,blocks.34.conv2,0.0017848616698756814
173,blocks.35.conv1,0.0019348965724930167
173,blocks.35.conv2,0.0016014045104384422
173,blocks.36.conv1,0.0022868665400892496
173,blocks.36.conv2,0.0019042304484173656
173,blocks.37.conv1,0.0022938221227377653
173,blocks.37.conv2,0.001862382865510881
173,blocks.38.conv1,0.0023775240406394005
173,blocks.38.conv2,0.001668871147558093
173,blocks.39.conv1,0.0022505829110741615
173,blocks.39.conv2,0.0018563023768365383
173,blocks.40.conv1,0.002251772675663233
173,blocks.40.conv2,0.0017578972037881613
173,blocks.41.conv1,0.0020171371288597584
173,blocks.41.conv2,0.0016463265055790544
173,blocks.42.conv1,0.001675249426625669
173,blocks.42.conv2,0.0013919506454840302
173,blocks.43.conv1,0.0016754885436967015
173,blocks.43.conv2,0.001442521344870329
173,blocks.44.conv1,0.0019346291664987803
173,blocks.44.conv2,0.0014894226333126426
173,blocks.45.conv1,0.0016834646230563521
173,blocks.45.conv2,0.0014634827384725213
173,blocks.46.conv1,0.0017233338439837098
173,blocks.46.conv2,0.001271307934075594
173,blocks.47.conv1,0.0014274672139436007
173,blocks.47.conv2,0.0011479296954348683
173,blocks.48.conv1,0.0015060253208503127
173,blocks.48.conv2,0.0011193444952368736
173,blocks.49.conv1,0.001125860377214849
173,blocks.49.conv2,0.0009565940126776695
173,mean_conv2d_grad_norm,0.001812419738841824
174,stem.0,0.008770612999796867
174,blocks.0.conv1,0.007903956808149815
174,blocks.0.conv2,0.008875712752342224
174,blocks.1.conv1,0.0078945467248559
174,blocks.1.conv2,0.008493145927786827
174,blocks.2.conv1,0.007043210323899984
174,blocks.2.conv2,0.007324446924030781
174,blocks.3.conv1,0.006633567623794079
174,blocks.3.conv2,0.007086483296006918
174,blocks.4.conv1,0.006479980424046516
174,blocks.4.conv2,0.00674090813845396
174,blocks.5.conv1,0.005437221843749285
174,blocks.5.conv2,0.005609395448118448
174,blocks.6.conv1,0.005751606076955795
174,blocks.6.conv2,0.006102860905230045
174,blocks.7.conv1,0.006079793442040682
174,blocks.7.conv2,0.006252039689570665
174,blocks.8.conv1,0.005888842977583408
174,blocks.8.conv2,0.005647147540003061
174,blocks.9.conv1,0.006192730274051428
174,blocks.9.conv2,0.00557585246860981
174,blocks.10.conv1,0.005974657367914915
174,blocks.10.conv2,0.005358247552067041
174,blocks.11.conv1,0.005347973667085171
174,blocks.11.conv2,0.005314990878105164
174,blocks.12.conv1,0.006713639013469219
174,blocks.12.conv2,0.0062644886784255505
174,blocks.13.conv1,0.006180990487337112
174,blocks.13.conv2,0.005625569727271795
174,blocks.14.conv1,0.006366449408233166
174,blocks.14.conv2,0.005954616703093052
174,blocks.15.conv1,0.00656672241166234
174,blocks.15.conv2,0.0058936490677297115
174,blocks.16.conv1,0.0066140457056462765
174,blocks.16.conv2,0.006114406045526266
174,blocks.17.conv1,0.005916350521147251
174,blocks.17.conv2,0.005195399280637503
174,blocks.18.conv1,0.006513203959912062
174,blocks.18.conv2,0.005679821129888296
174,blocks.19.conv1,0.006652668118476868
174,blocks.19.conv2,0.00596010172739625
174,blocks.20.conv1,0.006624867208302021
174,blocks.20.conv2,0.005681060720235109
174,blocks.21.conv1,0.006765250116586685
174,blocks.21.conv2,0.005863329861313105
174,blocks.22.conv1,0.0069840820506215096
174,blocks.22.conv2,0.006582494359463453
174,blocks.23.conv1,0.008255363442003727
174,blocks.23.conv2,0.006819135509431362
174,blocks.24.conv1,0.0076352921314537525
174,blocks.24.conv2,0.006557602901011705
174,blocks.25.conv1,0.00798747781664133
174,blocks.25.conv2,0.006897062994539738
174,blocks.26.conv1,0.008189803920686245
174,blocks.26.conv2,0.0069837854243814945
174,blocks.27.conv1,0.008008982054889202
174,blocks.27.conv2,0.006467810831964016
174,blocks.28.conv1,0.007571198046207428
174,blocks.28.conv2,0.00633925711736083
174,blocks.29.conv1,0.00864914059638977
174,blocks.29.conv2,0.007452964782714844
174,blocks.30.conv1,0.008771219290792942
174,blocks.30.conv2,0.00739217409864068
174,blocks.31.conv1,0.00784305576235056
174,blocks.31.conv2,0.00634896382689476
174,blocks.32.conv1,0.008621287532150745
174,blocks.32.conv2,0.006128113251179457
174,blocks.33.conv1,0.007300169672816992
174,blocks.33.conv2,0.005882839672267437
174,blocks.34.conv1,0.008744440972805023
174,blocks.34.conv2,0.007159251719713211
174,blocks.35.conv1,0.007481691427528858
174,blocks.35.conv2,0.005805471912026405
174,blocks.36.conv1,0.008451515808701515
174,blocks.36.conv2,0.006750829052180052
174,blocks.37.conv1,0.008604083210229874
174,blocks.37.conv2,0.00730149308219552
174,blocks.38.conv1,0.00858320016413927
174,blocks.38.conv2,0.0058150263503193855
174,blocks.39.conv1,0.00824100524187088
174,blocks.39.conv2,0.007427930366247892
174,blocks.40.conv1,0.00824623741209507
174,blocks.40.conv2,0.006375025492161512
174,blocks.41.conv1,0.008294026367366314
174,blocks.41.conv2,0.006519523449242115
174,blocks.42.conv1,0.007731637917459011
174,blocks.42.conv2,0.005608846433460712
174,blocks.43.conv1,0.007828769274055958
174,blocks.43.conv2,0.005788834299892187
174,blocks.44.conv1,0.0075587681494653225
174,blocks.44.conv2,0.006244450341910124
174,blocks.45.conv1,0.005662973038852215
174,blocks.45.conv2,0.004639824852347374
174,blocks.46.conv1,0.0058814468793570995
174,blocks.46.conv2,0.004510093946009874
174,blocks.47.conv1,0.007472094148397446
174,blocks.47.conv2,0.005203470587730408
174,blocks.48.conv1,0.005776583682745695
174,blocks.48.conv2,0.004863175563514233
174,blocks.49.conv1,0.004989676643162966
174,blocks.49.conv2,0.004682956729084253
174,mean_conv2d_grad_norm,0.0067013880551451506
175,stem.0,0.005328209139406681
175,blocks.0.conv1,0.0041048782877624035
175,blocks.0.conv2,0.0042326794937253
175,blocks.1.conv1,0.003984757233411074
175,blocks.1.conv2,0.0038725424092262983
175,blocks.2.conv1,0.003201250219717622
175,blocks.2.conv2,0.0032426430843770504
175,blocks.3.conv1,0.0030455482192337513
175,blocks.3.conv2,0.0028500279877334833
175,blocks.4.conv1,0.0027375672943890095
175,blocks.4.conv2,0.002816998865455389
175,blocks.5.conv1,0.002585705602541566
175,blocks.5.conv2,0.002511356957256794
175,blocks.6.conv1,0.0025058493483811617
175,blocks.6.conv2,0.002407141262665391
175,blocks.7.conv1,0.002600202104076743
175,blocks.7.conv2,0.0025980425998568535
175,blocks.8.conv1,0.002710686530917883
175,blocks.8.conv2,0.002564864233136177
175,blocks.9.conv1,0.0026673018001019955
175,blocks.9.conv2,0.002524198265746236
175,blocks.10.conv1,0.0025020313914865255
175,blocks.10.conv2,0.00248701055534184
175,blocks.11.conv1,0.0025146135594695807
175,blocks.11.conv2,0.0024000098928809166
175,blocks.12.conv1,0.00279185245744884
175,blocks.12.conv2,0.002628507325425744
175,blocks.13.conv1,0.002641260391101241
175,blocks.13.conv2,0.002490122802555561
175,blocks.14.conv1,0.002995952032506466
175,blocks.14.conv2,0.0028935971204191446
175,blocks.15.conv1,0.0030193517450243235
175,blocks.15.conv2,0.0027203927747905254
175,blocks.16.conv1,0.002831387333571911
175,blocks.16.conv2,0.002576257102191448
175,blocks.17.conv1,0.002574717393144965
175,blocks.17.conv2,0.002240111818537116
175,blocks.18.conv1,0.002818441018462181
175,blocks.18.conv2,0.00264145340770483
175,blocks.19.conv1,0.002856555860489607
175,blocks.19.conv2,0.002550644800066948
175,blocks.20.conv1,0.002866398310288787
175,blocks.20.conv2,0.002470755949616432
175,blocks.21.conv1,0.0029722373001277447
175,blocks.21.conv2,0.002602732041850686
175,blocks.22.conv1,0.003353537293151021
175,blocks.22.conv2,0.0030266481917351484
175,blocks.23.conv1,0.0035095023922622204
175,blocks.23.conv2,0.002993764355778694
175,blocks.24.conv1,0.0033440194092690945
175,blocks.24.conv2,0.003161879489198327
175,blocks.25.conv1,0.003334611654281616
175,blocks.25.conv2,0.002877606311812997
175,blocks.26.conv1,0.003649917896836996
175,blocks.26.conv2,0.003117328742519021
175,blocks.27.conv1,0.0035008133854717016
175,blocks.27.conv2,0.003133487654849887
175,blocks.28.conv1,0.0034563348162919283
175,blocks.28.conv2,0.0028818396385759115
175,blocks.29.conv1,0.0035676516126841307
175,blocks.29.conv2,0.0030230998527258635
175,blocks.30.conv1,0.0039694528095424175
175,blocks.30.conv2,0.0031872945837676525
175,blocks.31.conv1,0.0035720078740268946
175,blocks.31.conv2,0.003189514856785536
175,blocks.32.conv1,0.0034066413063555956
175,blocks.32.conv2,0.002770280698314309
175,blocks.33.conv1,0.0037305750884115696
175,blocks.33.conv2,0.0031502547208219767
175,blocks.34.conv1,0.0034432762768119574
175,blocks.34.conv2,0.003126206574961543
175,blocks.35.conv1,0.003557975869625807
175,blocks.35.conv2,0.0028298909310251474
175,blocks.36.conv1,0.0036094377283006907
175,blocks.36.conv2,0.003131093690171838
175,blocks.37.conv1,0.003795575350522995
175,blocks.37.conv2,0.0030233950819820166
175,blocks.38.conv1,0.0036118195857852697
175,blocks.38.conv2,0.0027752479072660208
175,blocks.39.conv1,0.0037735935766249895
175,blocks.39.conv2,0.0027477138210088015
175,blocks.40.conv1,0.0036271086428314447
175,blocks.40.conv2,0.002974264556542039
175,blocks.41.conv1,0.0038336615543812513
175,blocks.41.conv2,0.003115894040092826
175,blocks.42.conv1,0.0035664718598127365
175,blocks.42.conv2,0.0025180396623909473
175,blocks.43.conv1,0.0030116497073322535
175,blocks.43.conv2,0.0023367616813629866
175,blocks.44.conv1,0.0028718970715999603
175,blocks.44.conv2,0.0023508111480623484
175,blocks.45.conv1,0.002828027121722698
175,blocks.45.conv2,0.00222638132981956
175,blocks.46.conv1,0.00334397004917264
175,blocks.46.conv2,0.0022451933473348618
175,blocks.47.conv1,0.002522540045902133
175,blocks.47.conv2,0.002061778213828802
175,blocks.48.conv1,0.00253843842074275
175,blocks.48.conv2,0.0017893608892336488
175,blocks.49.conv1,0.0019070592243224382
175,blocks.49.conv2,0.0015887677436694503
175,mean_conv2d_grad_norm,0.002977922897656808
176,stem.0,0.0018596723675727844
176,blocks.0.conv1,0.0016446581576019526
176,blocks.0.conv2,0.0018252953886985779
176,blocks.1.conv1,0.001658522873185575
176,blocks.1.conv2,0.001779966289177537
176,blocks.2.conv1,0.0014350001001730561
176,blocks.2.conv2,0.0015263980021700263
176,blocks.3.conv1,0.00136662763543427
176,blocks.3.conv2,0.0013796745333820581
176,blocks.4.conv1,0.0013318622950464487
176,blocks.4.conv2,0.0012991069816052914
176,blocks.5.conv1,0.0012051714584231377
176,blocks.5.conv2,0.0011175242252647877
176,blocks.6.conv1,0.0011124724987894297
176,blocks.6.conv2,0.0010943879606202245
176,blocks.7.conv1,0.0011660554446280003
176,blocks.7.conv2,0.0011245476780459285
176,blocks.8.conv1,0.0012041190639138222
176,blocks.8.conv2,0.0010839919559657574
176,blocks.9.conv1,0.001206905348226428
176,blocks.9.conv2,0.00115156767424196
176,blocks.10.conv1,0.0012100415769964457
176,blocks.10.conv2,0.0011156703112646937
176,blocks.11.conv1,0.0011295361910015345
176,blocks.11.conv2,0.0010830420069396496
176,blocks.12.conv1,0.0012919731670990586
176,blocks.12.conv2,0.0012353062629699707
176,blocks.13.conv1,0.0012309594312682748
176,blocks.13.conv2,0.001176625257357955
176,blocks.14.conv1,0.0013356476556509733
176,blocks.14.conv2,0.0012098303996026516
176,blocks.15.conv1,0.0013017726596444845
176,blocks.15.conv2,0.001177577069029212
176,blocks.16.conv1,0.0013586456188932061
176,blocks.16.conv2,0.0012222824152559042
176,blocks.17.conv1,0.0011542589636519551
176,blocks.17.conv2,0.0010465398663654923
176,blocks.18.conv1,0.0012985382927581668
176,blocks.18.conv2,0.0011685191420838237
176,blocks.19.conv1,0.0013213951606303453
176,blocks.19.conv2,0.001226147753186524
176,blocks.20.conv1,0.001270238310098648
176,blocks.20.conv2,0.0011316149029880762
176,blocks.21.conv1,0.0013760373694822192
176,blocks.21.conv2,0.0011893686605617404
176,blocks.22.conv1,0.0013846236979588866
176,blocks.22.conv2,0.0012803251156583428
176,blocks.23.conv1,0.0015587324742227793
176,blocks.23.conv2,0.0013263357104733586
176,blocks.24.conv1,0.0014039939269423485
176,blocks.24.conv2,0.0012186627136543393
176,blocks.25.conv1,0.0015045348554849625
176,blocks.25.conv2,0.0012726768618449569
176,blocks.26.conv1,0.0015467057237401605
176,blocks.26.conv2,0.0012691508745774627
176,blocks.27.conv1,0.0015983664197847247
176,blocks.27.conv2,0.0013497587060555816
176,blocks.28.conv1,0.001618585200048983
176,blocks.28.conv2,0.001321806339547038
176,blocks.29.conv1,0.001541689969599247
176,blocks.29.conv2,0.0012458338169381022
176,blocks.30.conv1,0.0016236357623711228
176,blocks.30.conv2,0.0014271795516833663
176,blocks.31.conv1,0.0014869295991957188
176,blocks.31.conv2,0.0013118734350427985
176,blocks.32.conv1,0.0015577414305880666
176,blocks.32.conv2,0.0013434820575639606
176,blocks.33.conv1,0.0015534310368821025
176,blocks.33.conv2,0.0012871600920334458
176,blocks.34.conv1,0.001580101903527975
176,blocks.34.conv2,0.0013391491957008839
176,blocks.35.conv1,0.0015342424158006907
176,blocks.35.conv2,0.0013069513952359557
176,blocks.36.conv1,0.0015610666014254093
176,blocks.36.conv2,0.0012748166918754578
176,blocks.37.conv1,0.0017438287613913417
176,blocks.37.conv2,0.0015399010153487325
176,blocks.38.conv1,0.0017565283924341202
176,blocks.38.conv2,0.001492419745773077
176,blocks.39.conv1,0.001528727705590427
176,blocks.39.conv2,0.0013638342497870326
176,blocks.40.conv1,0.0016211800975725055
176,blocks.40.conv2,0.001566786435432732
176,blocks.41.conv1,0.001694713020697236
176,blocks.41.conv2,0.0012905230978503823
176,blocks.42.conv1,0.001549438457004726
176,blocks.42.conv2,0.0013320178259164095
176,blocks.43.conv1,0.0015446720644831657
176,blocks.43.conv2,0.001232230686582625
176,blocks.44.conv1,0.0015439571579918265
176,blocks.44.conv2,0.001271278946660459
176,blocks.45.conv1,0.0015169089892879128
176,blocks.45.conv2,0.0010634773643687367
176,blocks.46.conv1,0.0013883586507290602
176,blocks.46.conv2,0.0010436568409204483
176,blocks.47.conv1,0.0012158892350271344
176,blocks.47.conv2,0.0009294529445469379
176,blocks.48.conv1,0.0012574513675644994
176,blocks.48.conv2,0.0010143950348719954
176,blocks.49.conv1,0.0010708364425227046
176,blocks.49.conv2,0.0008425472187809646
176,mean_conv2d_grad_norm,0.0013453430861538958
177,stem.0,0.008491387590765953
177,blocks.0.conv1,0.007349778898060322
177,blocks.0.conv2,0.008509238250553608
177,blocks.1.conv1,0.007446814328432083
177,blocks.1.conv2,0.007771688979119062
177,blocks.2.conv1,0.00677806930616498
177,blocks.2.conv2,0.007335903123021126
177,blocks.3.conv1,0.006238840986043215
177,blocks.3.conv2,0.006926142144948244
177,blocks.4.conv1,0.0063495817594230175
177,blocks.4.conv2,0.0064095985144376755
177,blocks.5.conv1,0.005625174846500158
177,blocks.5.conv2,0.005605736747384071
177,blocks.6.conv1,0.005552422720938921
177,blocks.6.conv2,0.0055086263455450535
177,blocks.7.conv1,0.005352868232876062
177,blocks.7.conv2,0.005683526862412691
177,blocks.8.conv1,0.00579948490485549
177,blocks.8.conv2,0.005580879282206297
177,blocks.9.conv1,0.005707560107111931
177,blocks.9.conv2,0.005717851687222719
177,blocks.10.conv1,0.005981991533190012
177,blocks.10.conv2,0.005514452233910561
177,blocks.11.conv1,0.005482458975166082
177,blocks.11.conv2,0.005391733720898628
177,blocks.12.conv1,0.006292925216257572
177,blocks.12.conv2,0.005962199531495571
177,blocks.13.conv1,0.005962257739156485
177,blocks.13.conv2,0.005495609249919653
177,blocks.14.conv1,0.006644368637353182
177,blocks.14.conv2,0.005944530945271254
177,blocks.15.conv1,0.006330196280032396
177,blocks.15.conv2,0.005670277867466211
177,blocks.16.conv1,0.005994936916977167
177,blocks.16.conv2,0.005549974273890257
177,blocks.17.conv1,0.005626572296023369
177,blocks.17.conv2,0.0049788085743784904
177,blocks.18.conv1,0.006294019985944033
177,blocks.18.conv2,0.005767790600657463
177,blocks.19.conv1,0.006481129210442305
177,blocks.19.conv2,0.005651670042425394
177,blocks.20.conv1,0.0064280047081410885
177,blocks.20.conv2,0.005903028417378664
177,blocks.21.conv1,0.006603524088859558
177,blocks.21.conv2,0.005942946765571833
177,blocks.22.conv1,0.007085819728672504
177,blocks.22.conv2,0.00619940459728241
177,blocks.23.conv1,0.007535997312515974
177,blocks.23.conv2,0.006859491113573313
177,blocks.24.conv1,0.007175350096076727
177,blocks.24.conv2,0.006506329867988825
177,blocks.25.conv1,0.007501998450607061
177,blocks.25.conv2,0.006682393606752157
177,blocks.26.conv1,0.007687374483793974
177,blocks.26.conv2,0.006808000151067972
177,blocks.27.conv1,0.007855161093175411
177,blocks.27.conv2,0.007075633388012648
177,blocks.28.conv1,0.007895824499428272
177,blocks.28.conv2,0.006820828653872013
177,blocks.29.conv1,0.007910206913948059
177,blocks.29.conv2,0.006713812705129385
177,blocks.30.conv1,0.008081582374870777
177,blocks.30.conv2,0.00705586327239871
177,blocks.31.conv1,0.008064081892371178
177,blocks.31.conv2,0.007068844977766275
177,blocks.32.conv1,0.00805356539785862
177,blocks.32.conv2,0.006564843934029341
177,blocks.33.conv1,0.007484647445380688
177,blocks.33.conv2,0.006607977207750082
177,blocks.34.conv1,0.008363432250916958
177,blocks.34.conv2,0.007114838343113661
177,blocks.35.conv1,0.007668777368962765
177,blocks.35.conv2,0.00644696457311511
177,blocks.36.conv1,0.008693254552781582
177,blocks.36.conv2,0.00719064986333251
177,blocks.37.conv1,0.008490834385156631
177,blocks.37.conv2,0.00730855343863368
177,blocks.38.conv1,0.008764910511672497
177,blocks.38.conv2,0.007287094369530678
177,blocks.39.conv1,0.00789424404501915
177,blocks.39.conv2,0.006989227142184973
177,blocks.40.conv1,0.008097431622445583
177,blocks.40.conv2,0.0075513627380132675
177,blocks.41.conv1,0.008680861443281174
177,blocks.41.conv2,0.007281026802957058
177,blocks.42.conv1,0.007884788326919079
177,blocks.42.conv2,0.006626117508858442
177,blocks.43.conv1,0.007399916648864746
177,blocks.43.conv2,0.0057979910634458065
177,blocks.44.conv1,0.008101893588900566
177,blocks.44.conv2,0.0060793026350438595
177,blocks.45.conv1,0.007383845280855894
177,blocks.45.conv2,0.006475184112787247
177,blocks.46.conv1,0.007196316495537758
177,blocks.46.conv2,0.0058874390088021755
177,blocks.47.conv1,0.006558673456311226
177,blocks.47.conv2,0.005776202771812677
177,blocks.48.conv1,0.007098065223544836
177,blocks.48.conv2,0.005628788843750954
177,blocks.49.conv1,0.0056864419020712376
177,blocks.49.conv2,0.004718806594610214
177,mean_conv2d_grad_norm,0.00672331538125135
178,stem.0,0.0070917499251663685
178,blocks.0.conv1,0.0053924815729260445
178,blocks.0.conv2,0.005919940769672394
178,blocks.1.conv1,0.005337498616427183
178,blocks.1.conv2,0.005720982793718576
178,blocks.2.conv1,0.004938664846122265
178,blocks.2.conv2,0.005152235738933086
178,blocks.3.conv1,0.004644496366381645
178,blocks.3.conv2,0.004838074557483196
178,blocks.4.conv1,0.004418636672198772
178,blocks.4.conv2,0.004395115189254284
178,blocks.5.conv1,0.004035597201436758
178,blocks.5.conv2,0.0039166114293038845
178,blocks.6.conv1,0.0038958729710429907
178,blocks.6.conv2,0.00394049845635891
178,blocks.7.conv1,0.0039031393826007843
178,blocks.7.conv2,0.003869740990921855
178,blocks.8.conv1,0.004305575042963028
178,blocks.8.conv2,0.004060727544128895
178,blocks.9.conv1,0.004182841163128614
178,blocks.9.conv2,0.003945037256926298
178,blocks.10.conv1,0.0040592350997030735
178,blocks.10.conv2,0.0037020714953541756
178,blocks.11.conv1,0.00401722826063633
178,blocks.11.conv2,0.0037455041892826557
178,blocks.12.conv1,0.003997056744992733
178,blocks.12.conv2,0.003811251139268279
178,blocks.13.conv1,0.004186659120023251
178,blocks.13.conv2,0.003824187908321619
178,blocks.14.conv1,0.004579859785735607
178,blocks.14.conv2,0.004255377221852541
178,blocks.15.conv1,0.004370337352156639
178,blocks.15.conv2,0.004070616327226162
178,blocks.16.conv1,0.004436084534972906
178,blocks.16.conv2,0.004041803535073996
178,blocks.17.conv1,0.003835846669971943
178,blocks.17.conv2,0.003579390235245228
178,blocks.18.conv1,0.004411465488374233
178,blocks.18.conv2,0.0038906990084797144
178,blocks.19.conv1,0.004682033788412809
178,blocks.19.conv2,0.003959867171943188
178,blocks.20.conv1,0.004312713164836168
178,blocks.20.conv2,0.0036408398300409317
178,blocks.21.conv1,0.004919149447232485
178,blocks.21.conv2,0.004124779254198074
178,blocks.22.conv1,0.00510063860565424
178,blocks.22.conv2,0.004523502197116613
178,blocks.23.conv1,0.0053617381490767
178,blocks.23.conv2,0.004455646965652704
178,blocks.24.conv1,0.004937781952321529
178,blocks.24.conv2,0.004408141598105431
178,blocks.25.conv1,0.004706880077719688
178,blocks.25.conv2,0.004154645372182131
178,blocks.26.conv1,0.005756837781518698
178,blocks.26.conv2,0.004644846078008413
178,blocks.27.conv1,0.004953056573867798
178,blocks.27.conv2,0.00415181927382946
178,blocks.28.conv1,0.005370805971324444
178,blocks.28.conv2,0.004254675470292568
178,blocks.29.conv1,0.005220041144639254
178,blocks.29.conv2,0.0044871000573039055
178,blocks.30.conv1,0.005150733515620232
178,blocks.30.conv2,0.004538253881037235
178,blocks.31.conv1,0.005094076972454786
178,blocks.31.conv2,0.004507682751864195
178,blocks.32.conv1,0.005411084275692701
178,blocks.32.conv2,0.004149975720793009
178,blocks.33.conv1,0.0048287175595760345
178,blocks.33.conv2,0.004216922912746668
178,blocks.34.conv1,0.004940644837915897
178,blocks.34.conv2,0.0042858123779296875
178,blocks.35.conv1,0.004728188272565603
178,blocks.35.conv2,0.004078050144016743
178,blocks.36.conv1,0.005394811276346445
178,blocks.36.conv2,0.004537457134574652
178,blocks.37.conv1,0.005853657145053148
178,blocks.37.conv2,0.004806929267942905
178,blocks.38.conv1,0.004712872672826052
178,blocks.38.conv2,0.004054845776408911
178,blocks.39.conv1,0.005773680750280619
178,blocks.39.conv2,0.004271843004971743
178,blocks.40.conv1,0.004697354976087809
178,blocks.40.conv2,0.004082522355020046
178,blocks.41.conv1,0.004797485191375017
178,blocks.41.conv2,0.00416035670787096
178,blocks.42.conv1,0.005097417626529932
178,blocks.42.conv2,0.004155437462031841
178,blocks.43.conv1,0.004605169873684645
178,blocks.43.conv2,0.0033673595171421766
178,blocks.44.conv1,0.004345010034739971
178,blocks.44.conv2,0.0035535881761461496
178,blocks.45.conv1,0.004733408335596323
178,blocks.45.conv2,0.0038210267666727304
178,blocks.46.conv1,0.004175509791821241
178,blocks.46.conv2,0.0034481983166188
178,blocks.47.conv1,0.003660198301076889
178,blocks.47.conv2,0.0030157011933624744
178,blocks.48.conv1,0.004040970932692289
178,blocks.48.conv2,0.003033057786524296
178,blocks.49.conv1,0.0032459101639688015
178,blocks.49.conv2,0.002504998119547963
178,mean_conv2d_grad_norm,0.004423016380278928
179,stem.0,0.004162238445132971
179,blocks.0.conv1,0.004375043325126171
179,blocks.0.conv2,0.004839803092181683
179,blocks.1.conv1,0.004431040026247501
179,blocks.1.conv2,0.004623529501259327
179,blocks.2.conv1,0.003979901783168316
179,blocks.2.conv2,0.004241872113198042
179,blocks.3.conv1,0.003830395406112075
179,blocks.3.conv2,0.003975041676312685
179,blocks.4.conv1,0.003583284094929695
179,blocks.4.conv2,0.0036621098406612873
179,blocks.5.conv1,0.0033787889406085014
179,blocks.5.conv2,0.0033393821213394403
179,blocks.6.conv1,0.0031495592556893826
179,blocks.6.conv2,0.0032494226470589638
179,blocks.7.conv1,0.003255515592172742
179,blocks.7.conv2,0.0032353319693356752
179,blocks.8.conv1,0.003431259887292981
179,blocks.8.conv2,0.003193389857187867
179,blocks.9.conv1,0.0033294004388153553
179,blocks.9.conv2,0.0032088919542729855
179,blocks.10.conv1,0.00336783891543746
179,blocks.10.conv2,0.003211013972759247
179,blocks.11.conv1,0.003204160835593939
179,blocks.11.conv2,0.0030090943910181522
179,blocks.12.conv1,0.0036426675505936146
179,blocks.12.conv2,0.003369933692738414
179,blocks.13.conv1,0.0033669276162981987
179,blocks.13.conv2,0.0032169544138014317
179,blocks.14.conv1,0.0037136967293918133
179,blocks.14.conv2,0.0033850951585918665
179,blocks.15.conv1,0.0037116878665983677
179,blocks.15.conv2,0.0033866821322590113
179,blocks.16.conv1,0.003526180051267147
179,blocks.16.conv2,0.003242613049224019
179,blocks.17.conv1,0.003135853912681341
179,blocks.17.conv2,0.0029695320408791304
179,blocks.18.conv1,0.00358801381662488
179,blocks.18.conv2,0.003178789746016264
179,blocks.19.conv1,0.0036934202071279287
179,blocks.19.conv2,0.0033728349953889847
179,blocks.20.conv1,0.0036084603052586317
179,blocks.20.conv2,0.0032153965439647436
179,blocks.21.conv1,0.003976629115641117
179,blocks.21.conv2,0.003441581968218088
179,blocks.22.conv1,0.004105049651116133
179,blocks.22.conv2,0.0034887732472270727
179,blocks.23.conv1,0.0043603102676570415
179,blocks.23.conv2,0.0037793831434100866
179,blocks.24.conv1,0.003920119255781174
179,blocks.24.conv2,0.0033876202069222927
179,blocks.25.conv1,0.004222820978611708
179,blocks.25.conv2,0.003579308046028018
179,blocks.26.conv1,0.004238429479300976
179,blocks.26.conv2,0.00359785626642406
179,blocks.27.conv1,0.004100990481674671
179,blocks.27.conv2,0.0035742688924074173
179,blocks.28.conv1,0.00437128683552146
179,blocks.28.conv2,0.003439089981839061
179,blocks.29.conv1,0.004361789673566818
179,blocks.29.conv2,0.003889410523697734
179,blocks.30.conv1,0.004548076074570417
179,blocks.30.conv2,0.003841815749183297
179,blocks.31.conv1,0.004144330509006977
179,blocks.31.conv2,0.003720828564837575
179,blocks.32.conv1,0.004302950110286474
179,blocks.32.conv2,0.003445676527917385
179,blocks.33.conv1,0.003970675636082888
179,blocks.33.conv2,0.0034473466221243143
179,blocks.34.conv1,0.004468366038054228
179,blocks.34.conv2,0.003963995259255171
179,blocks.35.conv1,0.004224998876452446
179,blocks.35.conv2,0.0036213938146829605
179,blocks.36.conv1,0.0048890793696045876
179,blocks.36.conv2,0.004079663660377264
179,blocks.37.conv1,0.005126181524246931
179,blocks.37.conv2,0.004099556710571051
179,blocks.38.conv1,0.005067805293947458
179,blocks.38.conv2,0.0039001398254185915
179,blocks.39.conv1,0.00459746178239584
179,blocks.39.conv2,0.004047758877277374
179,blocks.40.conv1,0.004765472374856472
179,blocks.40.conv2,0.0040745302103459835
179,blocks.41.conv1,0.004762567114084959
179,blocks.41.conv2,0.004025449976325035
179,blocks.42.conv1,0.004361595492810011
179,blocks.42.conv2,0.0035045736003667116
179,blocks.43.conv1,0.004151522181928158
179,blocks.43.conv2,0.0031449757516384125
179,blocks.44.conv1,0.0042581744492053986
179,blocks.44.conv2,0.003436398459598422
179,blocks.45.conv1,0.0039899651892483234
179,blocks.45.conv2,0.0029604844748973846
179,blocks.46.conv1,0.0039324164390563965
179,blocks.46.conv2,0.0028784836176782846
179,blocks.47.conv1,0.0033776499330997467
179,blocks.47.conv2,0.002833450445905328
179,blocks.48.conv1,0.003562002209946513
179,blocks.48.conv2,0.00298293330706656
179,blocks.49.conv1,0.0028820373117923737
179,blocks.49.conv2,0.002539425389841199
179,mean_conv2d_grad_norm,0.0037461284820064166
180,stem.0,0.05565120279788971
180,blocks.0.conv1,0.05788019672036171
180,blocks.0.conv2,0.06104493886232376
180,blocks.1.conv1,0.05604339763522148
180,blocks.1.conv2,0.06464669853448868
180,blocks.2.conv1,0.05125267058610916
180,blocks.2.conv2,0.05226606875658035
180,blocks.3.conv1,0.04650002345442772
180,blocks.3.conv2,0.04733690991997719
180,blocks.4.conv1,0.04595174267888069
180,blocks.4.conv2,0.04397953674197197
180,blocks.5.conv1,0.04184672236442566
180,blocks.5.conv2,0.0392938069999218
180,blocks.6.conv1,0.04312688484787941
180,blocks.6.conv2,0.0413438156247139
180,blocks.7.conv1,0.03719887509942055
180,blocks.7.conv2,0.03855922445654869
180,blocks.8.conv1,0.04232869669795036
180,blocks.8.conv2,0.0400986522436142
180,blocks.9.conv1,0.04228433594107628
180,blocks.9.conv2,0.0389198400080204
180,blocks.10.conv1,0.0415719710290432
180,blocks.10.conv2,0.03788825869560242
180,blocks.11.conv1,0.03878061845898628
180,blocks.11.conv2,0.035708654671907425
180,blocks.12.conv1,0.04366237670183182
180,blocks.12.conv2,0.038530781865119934
180,blocks.13.conv1,0.0423431321978569
180,blocks.13.conv2,0.039126500487327576
180,blocks.14.conv1,0.043758708983659744
180,blocks.14.conv2,0.03998279199004173
180,blocks.15.conv1,0.04253815859556198
180,blocks.15.conv2,0.038843780755996704
180,blocks.16.conv1,0.046088747680187225
180,blocks.16.conv2,0.04199622943997383
180,blocks.17.conv1,0.03988007828593254
180,blocks.17.conv2,0.03745749220252037
180,blocks.18.conv1,0.04529111832380295
180,blocks.18.conv2,0.04178393632173538
180,blocks.19.conv1,0.047007203102111816
180,blocks.19.conv2,0.04097509756684303
180,blocks.20.conv1,0.04498986527323723
180,blocks.20.conv2,0.04258076101541519
180,blocks.21.conv1,0.048615194857120514
180,blocks.21.conv2,0.04308249428868294
180,blocks.22.conv1,0.05164370313286781
180,blocks.22.conv2,0.04573197662830353
180,blocks.23.conv1,0.05382978171110153
180,blocks.23.conv2,0.04477304220199585
180,blocks.24.conv1,0.052935730665922165
180,blocks.24.conv2,0.044892095029354095
180,blocks.25.conv1,0.049067433923482895
180,blocks.25.conv2,0.043854378163814545
180,blocks.26.conv1,0.05486510694026947
180,blocks.26.conv2,0.04588723182678223
180,blocks.27.conv1,0.04926568269729614
180,blocks.27.conv2,0.04341789335012436
180,blocks.28.conv1,0.0502968467772007
180,blocks.28.conv2,0.041320495307445526
180,blocks.29.conv1,0.05427689105272293
180,blocks.29.conv2,0.047307126224040985
180,blocks.30.conv1,0.059243690222501755
180,blocks.30.conv2,0.05112000182271004
180,blocks.31.conv1,0.05432954058051109
180,blocks.31.conv2,0.04392194002866745
180,blocks.32.conv1,0.05272431671619415
180,blocks.32.conv2,0.04367746040225029
180,blocks.33.conv1,0.056028831750154495
180,blocks.33.conv2,0.04450983181595802
180,blocks.34.conv1,0.056658629328012466
180,blocks.34.conv2,0.05022339150309563
180,blocks.35.conv1,0.04747820645570755
180,blocks.35.conv2,0.03615325316786766
180,blocks.36.conv1,0.05756401643157005
180,blocks.36.conv2,0.042070500552654266
180,blocks.37.conv1,0.05634939298033714
180,blocks.37.conv2,0.04082857817411423
180,blocks.38.conv1,0.05241554230451584
180,blocks.38.conv2,0.03828369453549385
180,blocks.39.conv1,0.05008307471871376
180,blocks.39.conv2,0.039959199726581573
180,blocks.40.conv1,0.055679671466350555
180,blocks.40.conv2,0.039946701377630234
180,blocks.41.conv1,0.05214490741491318
180,blocks.41.conv2,0.034661538898944855
180,blocks.42.conv1,0.04060140997171402
180,blocks.42.conv2,0.03296785056591034
180,blocks.43.conv1,0.045028191059827805
180,blocks.43.conv2,0.033404428511857986
180,blocks.44.conv1,0.047962695360183716
180,blocks.44.conv2,0.03167644515633583
180,blocks.45.conv1,0.033773891627788544
180,blocks.45.conv2,0.02821517176926136
180,blocks.46.conv1,0.028524674475193024
180,blocks.46.conv2,0.024204149842262268
180,blocks.47.conv1,0.0376264788210392
180,blocks.47.conv2,0.0263966154307127
180,blocks.48.conv1,0.02734483778476715
180,blocks.48.conv2,0.02408292517066002
180,blocks.49.conv1,0.027795247733592987
180,blocks.49.conv2,0.02343888022005558
180,mean_conv2d_grad_norm,0.043886172428432076
181,stem.0,0.005456159356981516
181,blocks.0.conv1,0.006524592638015747
181,blocks.0.conv2,0.006615967024117708
181,blocks.1.conv1,0.0048789759166538715
181,blocks.1.conv2,0.005618629045784473
181,blocks.2.conv1,0.005245417822152376
181,blocks.2.conv2,0.004835149273276329
181,blocks.3.conv1,0.004750326741486788
181,blocks.3.conv2,0.004601608030498028
181,blocks.4.conv1,0.0044619301334023476
181,blocks.4.conv2,0.0038863960653543472
181,blocks.5.conv1,0.004060727544128895
181,blocks.5.conv2,0.0036272939760237932
181,blocks.6.conv1,0.0035734279081225395
181,blocks.6.conv2,0.003566395491361618
181,blocks.7.conv1,0.003976308740675449
181,blocks.7.conv2,0.0036836874205619097
181,blocks.8.conv1,0.0037312651984393597
181,blocks.8.conv2,0.003600139170885086
181,blocks.9.conv1,0.0037490439135581255
181,blocks.9.conv2,0.0033763027749955654
181,blocks.10.conv1,0.003776018274948001
181,blocks.10.conv2,0.0037270064931362867
181,blocks.11.conv1,0.003462939290329814
181,blocks.11.conv2,0.003333414439111948
181,blocks.12.conv1,0.003684959840029478
181,blocks.12.conv2,0.0036226713564246893
181,blocks.13.conv1,0.003579584416002035
181,blocks.13.conv2,0.0034144048113375902
181,blocks.14.conv1,0.003712747246026993
181,blocks.14.conv2,0.003319889772683382
181,blocks.15.conv1,0.0037352899089455605
181,blocks.15.conv2,0.0033133234828710556
181,blocks.16.conv1,0.003795553697273135
181,blocks.16.conv2,0.003240018617361784
181,blocks.17.conv1,0.0032431904692202806
181,blocks.17.conv2,0.0029765211511403322
181,blocks.18.conv1,0.0036100747529417276
181,blocks.18.conv2,0.0032310043461620808
181,blocks.19.conv1,0.003591778688132763
181,blocks.19.conv2,0.0033820581156760454
181,blocks.20.conv1,0.0037322596181184053
181,blocks.20.conv2,0.0032671026419848204
181,blocks.21.conv1,0.0038621951825916767
181,blocks.21.conv2,0.0034246796276420355
181,blocks.22.conv1,0.004168765619397163
181,blocks.22.conv2,0.003669461701065302
181,blocks.23.conv1,0.0045046741142869
181,blocks.23.conv2,0.0038447289261966944
181,blocks.24.conv1,0.004180417861789465
181,blocks.24.conv2,0.003659478621557355
181,blocks.25.conv1,0.004237379878759384
181,blocks.25.conv2,0.0037509819958359003
181,blocks.26.conv1,0.0046258955262601376
181,blocks.26.conv2,0.003730204189196229
181,blocks.27.conv1,0.004237113520503044
181,blocks.27.conv2,0.0035652006044983864
181,blocks.28.conv1,0.004382878541946411
181,blocks.28.conv2,0.0037942512426525354
181,blocks.29.conv1,0.004405794199556112
181,blocks.29.conv2,0.0038235641550272703
181,blocks.30.conv1,0.004749314393848181
181,blocks.30.conv2,0.004072515293955803
181,blocks.31.conv1,0.0042340559884905815
181,blocks.31.conv2,0.00374121917411685
181,blocks.32.conv1,0.004398303106427193
181,blocks.32.conv2,0.0034659376833587885
181,blocks.33.conv1,0.0041786665096879005
181,blocks.33.conv2,0.0035506081767380238
181,blocks.34.conv1,0.004328420385718346
181,blocks.34.conv2,0.0036448996979743242
181,blocks.35.conv1,0.004090631380677223
181,blocks.35.conv2,0.0034302847925573587
181,blocks.36.conv1,0.0047219484113156796
181,blocks.36.conv2,0.003807402215898037
181,blocks.37.conv1,0.004996518138796091
181,blocks.37.conv2,0.004057465121150017
181,blocks.38.conv1,0.004712921567261219
181,blocks.38.conv2,0.003525698324665427
181,blocks.39.conv1,0.004660855513066053
181,blocks.39.conv2,0.0038785652723163366
181,blocks.40.conv1,0.004659742582589388
181,blocks.40.conv2,0.003802157938480377
181,blocks.41.conv1,0.004564972594380379
181,blocks.41.conv2,0.0039001323748379946
181,blocks.42.conv1,0.003876481205224991
181,blocks.42.conv2,0.0035963300615549088
181,blocks.43.conv1,0.004794013686478138
181,blocks.43.conv2,0.003845903789624572
181,blocks.44.conv1,0.004243213217705488
181,blocks.44.conv2,0.003452504985034466
181,blocks.45.conv1,0.00383319822140038
181,blocks.45.conv2,0.00315781868994236
181,blocks.46.conv1,0.0034689505118876696
181,blocks.46.conv2,0.0023597499821335077
181,blocks.47.conv1,0.0034541627392172813
181,blocks.47.conv2,0.002628125250339508
181,blocks.48.conv1,0.003044085344299674
181,blocks.48.conv2,0.0027458486147224903
181,blocks.49.conv1,0.002631088951602578
181,blocks.49.conv2,0.002363573992624879
181,mean_conv2d_grad_norm,0.003911955514922738
182,stem.0,0.0057589211501181126
182,blocks.0.conv1,0.005353455897420645
182,blocks.0.conv2,0.005360247567296028
182,blocks.1.conv1,0.005118371918797493
182,blocks.1.conv2,0.005205088760703802
182,blocks.2.conv1,0.004552159924060106
182,blocks.2.conv2,0.004556575324386358
182,blocks.3.conv1,0.004208252765238285
182,blocks.3.conv2,0.004297780338674784
182,blocks.4.conv1,0.0041200146079063416
182,blocks.4.conv2,0.003999982960522175
182,blocks.5.conv1,0.0036696959286928177
182,blocks.5.conv2,0.0034834123216569424
182,blocks.6.conv1,0.0033896600361913443
182,blocks.6.conv2,0.003302567172795534
182,blocks.7.conv1,0.0035060790833085775
182,blocks.7.conv2,0.0035921887028962374
182,blocks.8.conv1,0.0037018386647105217
182,blocks.8.conv2,0.0035124896094202995
182,blocks.9.conv1,0.003683558665215969
182,blocks.9.conv2,0.0034290349576622248
182,blocks.10.conv1,0.0037545652594417334
182,blocks.10.conv2,0.0033415332436561584
182,blocks.11.conv1,0.0033990724477916956
182,blocks.11.conv2,0.003327400889247656
182,blocks.12.conv1,0.004004352726042271
182,blocks.12.conv2,0.0036667415406554937
182,blocks.13.conv1,0.0037040880415588617
182,blocks.13.conv2,0.0035328275989741087
182,blocks.14.conv1,0.004081627354025841
182,blocks.14.conv2,0.0038308349903672934
182,blocks.15.conv1,0.003933662082999945
182,blocks.15.conv2,0.0036946034524589777
182,blocks.16.conv1,0.0038507224526256323
182,blocks.16.conv2,0.0035606613382697105
182,blocks.17.conv1,0.00348291895352304
182,blocks.17.conv2,0.0031274757348001003
182,blocks.18.conv1,0.004072707146406174
182,blocks.18.conv2,0.0035055505577474833
182,blocks.19.conv1,0.004220231436192989
182,blocks.19.conv2,0.0036988237407058477
182,blocks.20.conv1,0.004250462166965008
182,blocks.20.conv2,0.003568558022379875
182,blocks.21.conv1,0.004042138811200857
182,blocks.21.conv2,0.0036034071817994118
182,blocks.22.conv1,0.004479914903640747
182,blocks.22.conv2,0.0040268548764288425
182,blocks.23.conv1,0.004720375873148441
182,blocks.23.conv2,0.004124240018427372
182,blocks.24.conv1,0.004374295473098755
182,blocks.24.conv2,0.0039053671061992645
182,blocks.25.conv1,0.004817762412130833
182,blocks.25.conv2,0.004176583141088486
182,blocks.26.conv1,0.00466334680095315
182,blocks.26.conv2,0.004028788767755032
182,blocks.27.conv1,0.0044219596311450005
182,blocks.27.conv2,0.003738132305443287
182,blocks.28.conv1,0.004659149330109358
182,blocks.28.conv2,0.0038967765867710114
182,blocks.29.conv1,0.005147911142557859
182,blocks.29.conv2,0.0044235424138605595
182,blocks.30.conv1,0.0050873602740466595
182,blocks.30.conv2,0.00445215217769146
182,blocks.31.conv1,0.004767100792378187
182,blocks.31.conv2,0.004013019148260355
182,blocks.32.conv1,0.005090742371976376
182,blocks.32.conv2,0.0037451949901878834
182,blocks.33.conv1,0.00440586032345891
182,blocks.33.conv2,0.0036734710447490215
182,blocks.34.conv1,0.005163962487131357
182,blocks.34.conv2,0.0044170706532895565
182,blocks.35.conv1,0.004188172053545713
182,blocks.35.conv2,0.0035768807865679264
182,blocks.36.conv1,0.004825544077903032
182,blocks.36.conv2,0.003937282599508762
182,blocks.37.conv1,0.005069083068519831
182,blocks.37.conv2,0.004013315308839083
182,blocks.38.conv1,0.004544888157397509
182,blocks.38.conv2,0.0038388941902667284
182,blocks.39.conv1,0.0045804716646671295
182,blocks.39.conv2,0.003701969049870968
182,blocks.40.conv1,0.004541709553450346
182,blocks.40.conv2,0.003747614799067378
182,blocks.41.conv1,0.004785912577062845
182,blocks.41.conv2,0.003993550315499306
182,blocks.42.conv1,0.004179790150374174
182,blocks.42.conv2,0.003473535878583789
182,blocks.43.conv1,0.004487157799303532
182,blocks.43.conv2,0.0034876251593232155
182,blocks.44.conv1,0.0041346424259245396
182,blocks.44.conv2,0.003361521987244487
182,blocks.45.conv1,0.004004157148301601
182,blocks.45.conv2,0.002964605577290058
182,blocks.46.conv1,0.0042946832254529
182,blocks.46.conv2,0.003621631534770131
182,blocks.47.conv1,0.004171173088252544
182,blocks.47.conv2,0.0033386920113116503
182,blocks.48.conv1,0.003886466147378087
182,blocks.48.conv2,0.003261790843680501
182,blocks.49.conv1,0.0033874318469315767
182,blocks.49.conv2,0.00309778843075037
182,mean_conv2d_grad_norm,0.0040591609904007744
183,stem.0,0.008561388589441776
183,blocks.0.conv1,0.00640810327604413
183,blocks.0.conv2,0.006992477457970381
183,blocks.1.conv1,0.00591623317450285
183,blocks.1.conv2,0.006450754124671221
183,blocks.2.conv1,0.005777384620159864
183,blocks.2.conv2,0.005408792290836573
183,blocks.3.conv1,0.004953278694301844
183,blocks.3.conv2,0.004807510878890753
183,blocks.4.conv1,0.004810238257050514
183,blocks.4.conv2,0.004551111254841089
183,blocks.5.conv1,0.004389745183289051
183,blocks.5.conv2,0.004149789921939373
183,blocks.6.conv1,0.004253806080669165
183,blocks.6.conv2,0.004114476963877678
183,blocks.7.conv1,0.004557969514280558
183,blocks.7.conv2,0.004254796542227268
183,blocks.8.conv1,0.004357967525720596
183,blocks.8.conv2,0.003810605499893427
183,blocks.9.conv1,0.004696803167462349
183,blocks.9.conv2,0.004235197324305773
183,blocks.10.conv1,0.004283876158297062
183,blocks.10.conv2,0.0039489176124334335
183,blocks.11.conv1,0.004272596910595894
183,blocks.11.conv2,0.003802012884989381
183,blocks.12.conv1,0.004816032014787197
183,blocks.12.conv2,0.004469588864594698
183,blocks.13.conv1,0.004384275525808334
183,blocks.13.conv2,0.003903210861608386
183,blocks.14.conv1,0.004809157457202673
183,blocks.14.conv2,0.004493956919759512
183,blocks.15.conv1,0.004735862370580435
183,blocks.15.conv2,0.004110641777515411
183,blocks.16.conv1,0.004377787932753563
183,blocks.16.conv2,0.0039194379933178425
183,blocks.17.conv1,0.003916996996849775
183,blocks.17.conv2,0.0037404419854283333
183,blocks.18.conv1,0.004558691289275885
183,blocks.18.conv2,0.004008877091109753
183,blocks.19.conv1,0.004730893298983574
183,blocks.19.conv2,0.00419579679146409
183,blocks.20.conv1,0.0046344902366399765
183,blocks.20.conv2,0.004119836259633303
183,blocks.21.conv1,0.004819014575332403
183,blocks.21.conv2,0.004163079429417849
183,blocks.22.conv1,0.005093394313007593
183,blocks.22.conv2,0.004395853728055954
183,blocks.23.conv1,0.005588980857282877
183,blocks.23.conv2,0.004705838859081268
183,blocks.24.conv1,0.00510909128934145
183,blocks.24.conv2,0.004274196922779083
183,blocks.25.conv1,0.005489010829478502
183,blocks.25.conv2,0.0046483310870826244
183,blocks.26.conv1,0.005072630941867828
183,blocks.26.conv2,0.004516687244176865
183,blocks.27.conv1,0.005241662263870239
183,blocks.27.conv2,0.004962083417922258
183,blocks.28.conv1,0.006003657355904579
183,blocks.28.conv2,0.005465724505484104
183,blocks.29.conv1,0.005610954947769642
183,blocks.29.conv2,0.005313621833920479
183,blocks.30.conv1,0.005655596498399973
183,blocks.30.conv2,0.005065527744591236
183,blocks.31.conv1,0.005728795658797026
183,blocks.31.conv2,0.004754351917654276
183,blocks.32.conv1,0.006112277507781982
183,blocks.32.conv2,0.0047361524775624275
183,blocks.33.conv1,0.005291584879159927
183,blocks.33.conv2,0.004300818312913179
183,blocks.34.conv1,0.006125393323600292
183,blocks.34.conv2,0.00531032495200634
183,blocks.35.conv1,0.005418078508228064
183,blocks.35.conv2,0.00457241153344512
183,blocks.36.conv1,0.0060378448106348515
183,blocks.36.conv2,0.005171578377485275
183,blocks.37.conv1,0.006337413098663092
183,blocks.37.conv2,0.004962848499417305
183,blocks.38.conv1,0.0058231293223798275
183,blocks.38.conv2,0.004862471483647823
183,blocks.39.conv1,0.005289712455123663
183,blocks.39.conv2,0.005004813428968191
183,blocks.40.conv1,0.006763542536646128
183,blocks.40.conv2,0.00555705651640892
183,blocks.41.conv1,0.00695332745090127
183,blocks.41.conv2,0.005633050110191107
183,blocks.42.conv1,0.005615853238850832
183,blocks.42.conv2,0.005122025031596422
183,blocks.43.conv1,0.0055923922918736935
183,blocks.43.conv2,0.004239438101649284
183,blocks.44.conv1,0.005402003414928913
183,blocks.44.conv2,0.004820650909096003
183,blocks.45.conv1,0.006866128649562597
183,blocks.45.conv2,0.005010435823351145
183,blocks.46.conv1,0.00591201102361083
183,blocks.46.conv2,0.004301290027797222
183,blocks.47.conv1,0.005670835264027119
183,blocks.47.conv2,0.004477391019463539
183,blocks.48.conv1,0.004937100689858198
183,blocks.48.conv2,0.0037031229585409164
183,blocks.49.conv1,0.003727557370439172
183,blocks.49.conv2,0.0031188074499368668
183,mean_conv2d_grad_norm,0.004971789788583866
184,stem.0,0.004251167643815279
184,blocks.0.conv1,0.003659444861114025
184,blocks.0.conv2,0.004273852799087763
184,blocks.1.conv1,0.0037928116507828236
184,blocks.1.conv2,0.0038351700641214848
184,blocks.2.conv1,0.0034490730613470078
184,blocks.2.conv2,0.003657200140878558
184,blocks.3.conv1,0.0029998666141182184
184,blocks.3.conv2,0.0030558856669813395
184,blocks.4.conv1,0.003162502544000745
184,blocks.4.conv2,0.0030281690414994955
184,blocks.5.conv1,0.002597926650196314
184,blocks.5.conv2,0.002453750930726528
184,blocks.6.conv1,0.0026554656215012074
184,blocks.6.conv2,0.0027347945142537355
184,blocks.7.conv1,0.002687879139557481
184,blocks.7.conv2,0.002704740734770894
184,blocks.8.conv1,0.0030731267761439085
184,blocks.8.conv2,0.002707391045987606
184,blocks.9.conv1,0.002879984676837921
184,blocks.9.conv2,0.00262412428855896
184,blocks.10.conv1,0.0030007967725396156
184,blocks.10.conv2,0.0028547937981784344
184,blocks.11.conv1,0.0026999858673661947
184,blocks.11.conv2,0.002521002199500799
184,blocks.12.conv1,0.0035571365151554346
184,blocks.12.conv2,0.003323870711028576
184,blocks.13.conv1,0.0031763503793627024
184,blocks.13.conv2,0.0028822682797908783
184,blocks.14.conv1,0.003378147492185235
184,blocks.14.conv2,0.003023960394784808
184,blocks.15.conv1,0.003401205176487565
184,blocks.15.conv2,0.0028000513557344675
184,blocks.16.conv1,0.002973649650812149
184,blocks.16.conv2,0.0030118380673229694
184,blocks.17.conv1,0.0026143428403884172
184,blocks.17.conv2,0.002455076202750206
184,blocks.18.conv1,0.003474358469247818
184,blocks.18.conv2,0.0031745489686727524
184,blocks.19.conv1,0.003379260888323188
184,blocks.19.conv2,0.0030938819982111454
184,blocks.20.conv1,0.0031664769630879164
184,blocks.20.conv2,0.0029943601693958044
184,blocks.21.conv1,0.0032800990156829357
184,blocks.21.conv2,0.00326115102507174
184,blocks.22.conv1,0.003737559774890542
184,blocks.22.conv2,0.003666481701657176
184,blocks.23.conv1,0.004159215372055769
184,blocks.23.conv2,0.0036041231360286474
184,blocks.24.conv1,0.003632450709119439
184,blocks.24.conv2,0.003375840838998556
184,blocks.25.conv1,0.004685297142714262
184,blocks.25.conv2,0.0034192504826933146
184,blocks.26.conv1,0.003368790028616786
184,blocks.26.conv2,0.0029180909041315317
184,blocks.27.conv1,0.0038857555482536554
184,blocks.27.conv2,0.0034648270811885595
184,blocks.28.conv1,0.004155035130679607
184,blocks.28.conv2,0.0035415193997323513
184,blocks.29.conv1,0.004438977688550949
184,blocks.29.conv2,0.003615160007029772
184,blocks.30.conv1,0.004307392984628677
184,blocks.30.conv2,0.0035654851235449314
184,blocks.31.conv1,0.004249236546456814
184,blocks.31.conv2,0.003838193602859974
184,blocks.32.conv1,0.00464160880073905
184,blocks.32.conv2,0.0036950225476175547
184,blocks.33.conv1,0.0041820332407951355
184,blocks.33.conv2,0.0034381907898932695
184,blocks.34.conv1,0.004671510774642229
184,blocks.34.conv2,0.00437826756387949
184,blocks.35.conv1,0.003503035055473447
184,blocks.35.conv2,0.0032757874578237534
184,blocks.36.conv1,0.004376126453280449
184,blocks.36.conv2,0.004074504133313894
184,blocks.37.conv1,0.005122923757880926
184,blocks.37.conv2,0.004726787563413382
184,blocks.38.conv1,0.004603379871696234
184,blocks.38.conv2,0.00466293515637517
184,blocks.39.conv1,0.0042658220045268536
184,blocks.39.conv2,0.004570469725877047
184,blocks.40.conv1,0.0046468209475278854
184,blocks.40.conv2,0.004321523476392031
184,blocks.41.conv1,0.004215877037495375
184,blocks.41.conv2,0.0035536836367100477
184,blocks.42.conv1,0.004869033116847277
184,blocks.42.conv2,0.003869247157126665
184,blocks.43.conv1,0.004876121878623962
184,blocks.43.conv2,0.004231802187860012
184,blocks.44.conv1,0.003953956067562103
184,blocks.44.conv2,0.0033157472498714924
184,blocks.45.conv1,0.003894851077347994
184,blocks.45.conv2,0.0030607960652559996
184,blocks.46.conv1,0.004200793337076902
184,blocks.46.conv2,0.003609025152400136
184,blocks.47.conv1,0.005310272332280874
184,blocks.47.conv2,0.0038715859409421682
184,blocks.48.conv1,0.0048860954120755196
184,blocks.48.conv2,0.003725906368345022
184,blocks.49.conv1,0.00379795185290277
184,blocks.49.conv2,0.0032107727602124214
184,mean_conv2d_grad_norm,0.0036140781467651375
185,stem.0,0.032384153455495834
185,blocks.0.conv1,0.033167265355587006
185,blocks.0.conv2,0.03270437568426132
185,blocks.1.conv1,0.028245996683835983
185,blocks.1.conv2,0.03065563179552555
185,blocks.2.conv1,0.026141757145524025
185,blocks.2.conv2,0.0293045062571764
185,blocks.3.conv1,0.02500186674296856
185,blocks.3.conv2,0.027160927653312683
185,blocks.4.conv1,0.024442285299301147
185,blocks.4.conv2,0.026459118351340294
185,blocks.5.conv1,0.02304835431277752
185,blocks.5.conv2,0.0226871557533741
185,blocks.6.conv1,0.021412979811429977
185,blocks.6.conv2,0.021228741854429245
185,blocks.7.conv1,0.021583272144198418
185,blocks.7.conv2,0.020880071446299553
185,blocks.8.conv1,0.021490398794412613
185,blocks.8.conv2,0.02020149491727352
185,blocks.9.conv1,0.022805901244282722
185,blocks.9.conv2,0.020999422296881676
185,blocks.10.conv1,0.022709645330905914
185,blocks.10.conv2,0.020733769983053207
185,blocks.11.conv1,0.023609450086951256
185,blocks.11.conv2,0.021718744188547134
185,blocks.12.conv1,0.02250761352479458
185,blocks.12.conv2,0.0217817984521389
185,blocks.13.conv1,0.021966421976685524
185,blocks.13.conv2,0.020595528185367584
185,blocks.14.conv1,0.024666156619787216
185,blocks.14.conv2,0.02160768397152424
185,blocks.15.conv1,0.024342652410268784
185,blocks.15.conv2,0.021654069423675537
185,blocks.16.conv1,0.025224881246685982
185,blocks.16.conv2,0.021171683445572853
185,blocks.17.conv1,0.02144608087837696
185,blocks.17.conv2,0.019789522513747215
185,blocks.18.conv1,0.023760484531521797
185,blocks.18.conv2,0.02216792292892933
185,blocks.19.conv1,0.027906624600291252
185,blocks.19.conv2,0.02328825369477272
185,blocks.20.conv1,0.025976547971367836
185,blocks.20.conv2,0.022156545892357826
185,blocks.21.conv1,0.026731576770544052
185,blocks.21.conv2,0.02251192182302475
185,blocks.22.conv1,0.02844356745481491
185,blocks.22.conv2,0.02435898780822754
185,blocks.23.conv1,0.02838159166276455
185,blocks.23.conv2,0.02486039325594902
185,blocks.24.conv1,0.028913602232933044
185,blocks.24.conv2,0.02432900294661522
185,blocks.25.conv1,0.027516629546880722
185,blocks.25.conv2,0.024924304336309433
185,blocks.26.conv1,0.028687603771686554
185,blocks.26.conv2,0.023713642731308937
185,blocks.27.conv1,0.02883063070476055
185,blocks.27.conv2,0.023473436012864113
185,blocks.28.conv1,0.03156716376543045
185,blocks.28.conv2,0.03415928781032562
185,blocks.29.conv1,0.03465111926198006
185,blocks.29.conv2,0.029135750606656075
185,blocks.30.conv1,0.030460387468338013
185,blocks.30.conv2,0.026544533669948578
185,blocks.31.conv1,0.02957741916179657
185,blocks.31.conv2,0.026173053309321404
185,blocks.32.conv1,0.026195084676146507
185,blocks.32.conv2,0.021640053018927574
185,blocks.33.conv1,0.02765623666346073
185,blocks.33.conv2,0.023134339600801468
185,blocks.34.conv1,0.034083254635334015
185,blocks.34.conv2,0.030707092955708504
185,blocks.35.conv1,0.02653561346232891
185,blocks.35.conv2,0.022727120667696
185,blocks.36.conv1,0.03454960510134697
185,blocks.36.conv2,0.027057215571403503
185,blocks.37.conv1,0.031706005334854126
185,blocks.37.conv2,0.024925312027335167
185,blocks.38.conv1,0.03029867820441723
185,blocks.38.conv2,0.024275099858641624
185,blocks.39.conv1,0.0327015146613121
185,blocks.39.conv2,0.02770465612411499
185,blocks.40.conv1,0.03559386357665062
185,blocks.40.conv2,0.02651921473443508
185,blocks.41.conv1,0.0374755933880806
185,blocks.41.conv2,0.024003949016332626
185,blocks.42.conv1,0.027503415942192078
185,blocks.42.conv2,0.023145578801631927
185,blocks.43.conv1,0.030004529282450676
185,blocks.43.conv2,0.02442699484527111
185,blocks.44.conv1,0.034388087689876556
185,blocks.44.conv2,0.022112451493740082
185,blocks.45.conv1,0.02415529079735279
185,blocks.45.conv2,0.0189964696764946
185,blocks.46.conv1,0.0242537260055542
185,blocks.46.conv2,0.021640803664922714
185,blocks.47.conv1,0.02378101833164692
185,blocks.47.conv2,0.019748304039239883
185,blocks.48.conv1,0.019329067319631577
185,blocks.48.conv2,0.015173142775893211
185,blocks.49.conv1,0.016771530732512474
185,blocks.49.conv2,0.01426144503057003
185,mean_conv2d_grad_norm,0.025444700244334664
186,stem.0,0.016309287399053574
186,blocks.0.conv1,0.012254358269274235
186,blocks.0.conv2,0.012051920406520367
186,blocks.1.conv1,0.011420981027185917
186,blocks.1.conv2,0.011290594935417175
186,blocks.2.conv1,0.009610939770936966
186,blocks.2.conv2,0.009671296924352646
186,blocks.3.conv1,0.00884860660880804
186,blocks.3.conv2,0.009326264262199402
186,blocks.4.conv1,0.008713639341294765
186,blocks.4.conv2,0.008513652719557285
186,blocks.5.conv1,0.007959837093949318
186,blocks.5.conv2,0.007652049884200096
186,blocks.6.conv1,0.007521976716816425
186,blocks.6.conv2,0.007740018889307976
186,blocks.7.conv1,0.007129149977117777
186,blocks.7.conv2,0.007724692579358816
186,blocks.8.conv1,0.007819194346666336
186,blocks.8.conv2,0.007235387805849314
186,blocks.9.conv1,0.008019780740141869
186,blocks.9.conv2,0.007715720217674971
186,blocks.10.conv1,0.007716610096395016
186,blocks.10.conv2,0.007773346733301878
186,blocks.11.conv1,0.00747523782774806
186,blocks.11.conv2,0.006851474288851023
186,blocks.12.conv1,0.00874028354883194
186,blocks.12.conv2,0.008425257168710232
186,blocks.13.conv1,0.008402634412050247
186,blocks.13.conv2,0.007932751439511776
186,blocks.14.conv1,0.008814344182610512
186,blocks.14.conv2,0.008067186921834946
186,blocks.15.conv1,0.008840887807309628
186,blocks.15.conv2,0.008062957786023617
186,blocks.16.conv1,0.008608287200331688
186,blocks.16.conv2,0.00801000278443098
186,blocks.17.conv1,0.007261430844664574
186,blocks.17.conv2,0.006502001546323299
186,blocks.18.conv1,0.008747866377234459
186,blocks.18.conv2,0.008209284394979477
186,blocks.19.conv1,0.00928784441202879
186,blocks.19.conv2,0.008171580731868744
186,blocks.20.conv1,0.008571188896894455
186,blocks.20.conv2,0.007954441010951996
186,blocks.21.conv1,0.009172740392386913
186,blocks.21.conv2,0.008764846250414848
186,blocks.22.conv1,0.010489525273442268
186,blocks.22.conv2,0.010422506369650364
186,blocks.23.conv1,0.011286953464150429
186,blocks.23.conv2,0.010145782493054867
186,blocks.24.conv1,0.01018042303621769
186,blocks.24.conv2,0.008728745393455029
186,blocks.25.conv1,0.010821557603776455
186,blocks.25.conv2,0.009673286229372025
186,blocks.26.conv1,0.010492516681551933
186,blocks.26.conv2,0.009965814650058746
186,blocks.27.conv1,0.011038647964596748
186,blocks.27.conv2,0.009534562937915325
186,blocks.28.conv1,0.011087481863796711
186,blocks.28.conv2,0.010682467371225357
186,blocks.29.conv1,0.01196490228176117
186,blocks.29.conv2,0.012834867462515831
186,blocks.30.conv1,0.012919286265969276
186,blocks.30.conv2,0.011308235116302967
186,blocks.31.conv1,0.011381170712411404
186,blocks.31.conv2,0.010924715548753738
186,blocks.32.conv1,0.011462617665529251
186,blocks.32.conv2,0.009873786941170692
186,blocks.33.conv1,0.012405101209878922
186,blocks.33.conv2,0.00949074886739254
186,blocks.34.conv1,0.01378046814352274
186,blocks.34.conv2,0.013808646239340305
186,blocks.35.conv1,0.011065318249166012
186,blocks.35.conv2,0.010141412727534771
186,blocks.36.conv1,0.013913261704146862
186,blocks.36.conv2,0.011430121958255768
186,blocks.37.conv1,0.014463122934103012
186,blocks.37.conv2,0.01228067371994257
186,blocks.38.conv1,0.013364389538764954
186,blocks.38.conv2,0.011801283806562424
186,blocks.39.conv1,0.012698444537818432
186,blocks.39.conv2,0.011082075536251068
186,blocks.40.conv1,0.015343640930950642
186,blocks.40.conv2,0.012810496613383293
186,blocks.41.conv1,0.014541416428983212
186,blocks.41.conv2,0.010899397544562817
186,blocks.42.conv1,0.012873063795268536
186,blocks.42.conv2,0.010332697071135044
186,blocks.43.conv1,0.013526038266718388
186,blocks.43.conv2,0.012883353978395462
186,blocks.44.conv1,0.014310279861092567
186,blocks.44.conv2,0.010604665614664555
186,blocks.45.conv1,0.015076101757586002
186,blocks.45.conv2,0.010993106290698051
186,blocks.46.conv1,0.012187453918159008
186,blocks.46.conv2,0.009857556782662868
186,blocks.47.conv1,0.01227485854178667
186,blocks.47.conv2,0.009185906499624252
186,blocks.48.conv1,0.012443422339856625
186,blocks.48.conv2,0.008110175840556622
186,blocks.49.conv1,0.009242321364581585
186,blocks.49.conv2,0.00691698445007205
186,mean_conv2d_grad_norm,0.010240115815460091
187,stem.0,0.0033330523874610662
187,blocks.0.conv1,0.0033362095709890127
187,blocks.0.conv2,0.003334350185468793
187,blocks.1.conv1,0.0029248057398945093
187,blocks.1.conv2,0.003260741475969553
187,blocks.2.conv1,0.0026965239085257053
187,blocks.2.conv2,0.002696271752938628
187,blocks.3.conv1,0.002432603621855378
187,blocks.3.conv2,0.002411453053355217
187,blocks.4.conv1,0.0022930793929845095
187,blocks.4.conv2,0.0023454700130969286
187,blocks.5.conv1,0.0021367669105529785
187,blocks.5.conv2,0.0020562983117997646
187,blocks.6.conv1,0.00198689685203135
187,blocks.6.conv2,0.0019624836277216673
187,blocks.7.conv1,0.0020933859050273895
187,blocks.7.conv2,0.002101563848555088
187,blocks.8.conv1,0.0021977443248033524
187,blocks.8.conv2,0.002011657692492008
187,blocks.9.conv1,0.00218678149394691
187,blocks.9.conv2,0.002036269987002015
187,blocks.10.conv1,0.002178024733439088
187,blocks.10.conv2,0.0021299615036696196
187,blocks.11.conv1,0.002078343415632844
187,blocks.11.conv2,0.0019565720576792955
187,blocks.12.conv1,0.002270788885653019
187,blocks.12.conv2,0.002083332510665059
187,blocks.13.conv1,0.002070446964353323
187,blocks.13.conv2,0.0019316560355946422
187,blocks.14.conv1,0.002246299060061574
187,blocks.14.conv2,0.002101503312587738
187,blocks.15.conv1,0.00219429237768054
187,blocks.15.conv2,0.002000629436224699
187,blocks.16.conv1,0.00237397663295269
187,blocks.16.conv2,0.0021369203459471464
187,blocks.17.conv1,0.0020312948618084192
187,blocks.17.conv2,0.0018035731045529246
187,blocks.18.conv1,0.0022653902415186167
187,blocks.18.conv2,0.002016932237893343
187,blocks.19.conv1,0.002335119992494583
187,blocks.19.conv2,0.002084947656840086
187,blocks.20.conv1,0.002235987689346075
187,blocks.20.conv2,0.002041473751887679
187,blocks.21.conv1,0.0023654759861528873
187,blocks.21.conv2,0.0020897097419947386
187,blocks.22.conv1,0.002544800518080592
187,blocks.22.conv2,0.002162444405257702
187,blocks.23.conv1,0.0027115296106785536
187,blocks.23.conv2,0.002345422049984336
187,blocks.24.conv1,0.0025350311771035194
187,blocks.24.conv2,0.002288068877533078
187,blocks.25.conv1,0.002672342350706458
187,blocks.25.conv2,0.002304948167875409
187,blocks.26.conv1,0.002662847051396966
187,blocks.26.conv2,0.002319656079635024
187,blocks.27.conv1,0.002664693631231785
187,blocks.27.conv2,0.002357796300202608
187,blocks.28.conv1,0.0026970410253852606
187,blocks.28.conv2,0.002702820347622037
187,blocks.29.conv1,0.0027841285336762667
187,blocks.29.conv2,0.002453836379572749
187,blocks.30.conv1,0.0031280049588531256
187,blocks.30.conv2,0.002628855174407363
187,blocks.31.conv1,0.002779941074550152
187,blocks.31.conv2,0.002314815064892173
187,blocks.32.conv1,0.002839233260601759
187,blocks.32.conv2,0.00227304152213037
187,blocks.33.conv1,0.0026811801362782717
187,blocks.33.conv2,0.0022827410139143467
187,blocks.34.conv1,0.002872483106330037
187,blocks.34.conv2,0.002504485659301281
187,blocks.35.conv1,0.0028268008027225733
187,blocks.35.conv2,0.002285367576405406
187,blocks.36.conv1,0.0028609319124370813
187,blocks.36.conv2,0.002656161319464445
187,blocks.37.conv1,0.0031744183506816626
187,blocks.37.conv2,0.0026864376850426197
187,blocks.38.conv1,0.002976308111101389
187,blocks.38.conv2,0.002439516130834818
187,blocks.39.conv1,0.002794183325022459
187,blocks.39.conv2,0.0024172780103981495
187,blocks.40.conv1,0.0031863392796367407
187,blocks.40.conv2,0.0025606753770262003
187,blocks.41.conv1,0.00310549046844244
187,blocks.41.conv2,0.0027067409828305244
187,blocks.42.conv1,0.002679323311895132
187,blocks.42.conv2,0.0023425742983818054
187,blocks.43.conv1,0.0024197923485189676
187,blocks.43.conv2,0.002204629359766841
187,blocks.44.conv1,0.0027178730815649033
187,blocks.44.conv2,0.0025187719147652388
187,blocks.45.conv1,0.002931842813268304
187,blocks.45.conv2,0.002097545890137553
187,blocks.46.conv1,0.0026305150240659714
187,blocks.46.conv2,0.002078124089166522
187,blocks.47.conv1,0.0022162296809256077
187,blocks.47.conv2,0.00183588988147676
187,blocks.48.conv1,0.002335915109142661
187,blocks.48.conv2,0.0017508453456684947
187,blocks.49.conv1,0.001805900945328176
187,blocks.49.conv2,0.0016258347313851118
187,mean_conv2d_grad_norm,0.0024181931408693885
188,stem.0,0.012682070024311543
188,blocks.0.conv1,0.013300545513629913
188,blocks.0.conv2,0.01465210597962141
188,blocks.1.conv1,0.012133438140153885
188,blocks.1.conv2,0.012218010611832142
188,blocks.2.conv1,0.010955635458230972
188,blocks.2.conv2,0.012104026041924953
188,blocks.3.conv1,0.010830502957105637
188,blocks.3.conv2,0.011420967988669872
188,blocks.4.conv1,0.01028295699506998
188,blocks.4.conv2,0.010674270801246166
188,blocks.5.conv1,0.009487448260188103
188,blocks.5.conv2,0.009495638310909271
188,blocks.6.conv1,0.009189922362565994
188,blocks.6.conv2,0.009258711710572243
188,blocks.7.conv1,0.009590384550392628
188,blocks.7.conv2,0.00926409661769867
188,blocks.8.conv1,0.009230743162333965
188,blocks.8.conv2,0.009150638245046139
188,blocks.9.conv1,0.009285060688853264
188,blocks.9.conv2,0.008787835016846657
188,blocks.10.conv1,0.00987270474433899
188,blocks.10.conv2,0.00926684308797121
188,blocks.11.conv1,0.009049792774021626
188,blocks.11.conv2,0.00839975569397211
188,blocks.12.conv1,0.010192051529884338
188,blocks.12.conv2,0.00917840376496315
188,blocks.13.conv1,0.009259228594601154
188,blocks.13.conv2,0.008839160203933716
188,blocks.14.conv1,0.01048673503100872
188,blocks.14.conv2,0.009722323156893253
188,blocks.15.conv1,0.01068568043410778
188,blocks.15.conv2,0.00982794351875782
188,blocks.16.conv1,0.00968635082244873
188,blocks.16.conv2,0.008954302407801151
188,blocks.17.conv1,0.009017565287649632
188,blocks.17.conv2,0.007875565439462662
188,blocks.18.conv1,0.009934764355421066
188,blocks.18.conv2,0.009089378640055656
188,blocks.19.conv1,0.01059205736964941
188,blocks.19.conv2,0.009424089454114437
188,blocks.20.conv1,0.010309042409062386
188,blocks.20.conv2,0.009705969132483006
188,blocks.21.conv1,0.01040657702833414
188,blocks.21.conv2,0.00900010485202074
188,blocks.22.conv1,0.011591216549277306
188,blocks.22.conv2,0.009941309690475464
188,blocks.23.conv1,0.012310650199651718
188,blocks.23.conv2,0.010514157824218273
188,blocks.24.conv1,0.011583617888391018
188,blocks.24.conv2,0.01021218579262495
188,blocks.25.conv1,0.012185325846076012
188,blocks.25.conv2,0.00966054666787386
188,blocks.26.conv1,0.013259012252092361
188,blocks.26.conv2,0.010571297258138657
188,blocks.27.conv1,0.011854121461510658
188,blocks.27.conv2,0.009672341868281364
188,blocks.28.conv1,0.012399221770465374
188,blocks.28.conv2,0.009723793715238571
188,blocks.29.conv1,0.011912081390619278
188,blocks.29.conv2,0.009348833933472633
188,blocks.30.conv1,0.012486844323575497
188,blocks.30.conv2,0.01048015896230936
188,blocks.31.conv1,0.011166288517415524
188,blocks.31.conv2,0.009475557133555412
188,blocks.32.conv1,0.011987477540969849
188,blocks.32.conv2,0.00946276355534792
188,blocks.33.conv1,0.011660316959023476
188,blocks.33.conv2,0.009744763374328613
188,blocks.34.conv1,0.01222188863903284
188,blocks.34.conv2,0.009187418036162853
188,blocks.35.conv1,0.010720326565206051
188,blocks.35.conv2,0.00876323226839304
188,blocks.36.conv1,0.01277950219810009
188,blocks.36.conv2,0.009480779059231281
188,blocks.37.conv1,0.012468940578401089
188,blocks.37.conv2,0.011082216165959835
188,blocks.38.conv1,0.012109600938856602
188,blocks.38.conv2,0.010752473026514053
188,blocks.39.conv1,0.012292942963540554
188,blocks.39.conv2,0.009258746169507504
188,blocks.40.conv1,0.012024780735373497
188,blocks.40.conv2,0.010155250318348408
188,blocks.41.conv1,0.012224447913467884
188,blocks.41.conv2,0.010133435018360615
188,blocks.42.conv1,0.010882996022701263
188,blocks.42.conv2,0.009327012114226818
188,blocks.43.conv1,0.009092796593904495
188,blocks.43.conv2,0.007944180630147457
188,blocks.44.conv1,0.010475534945726395
188,blocks.44.conv2,0.008017701096832752
188,blocks.45.conv1,0.010020455345511436
188,blocks.45.conv2,0.009381934069097042
188,blocks.46.conv1,0.009243280626833439
188,blocks.46.conv2,0.007897257804870605
188,blocks.47.conv1,0.008627803064882755
188,blocks.47.conv2,0.007379139307886362
188,blocks.48.conv1,0.009278223849833012
188,blocks.48.conv2,0.007800523191690445
188,blocks.49.conv1,0.007815025746822357
188,blocks.49.conv2,0.00698336074128747
188,mean_conv2d_grad_norm,0.010215826627641622
189,stem.0,0.0033992803655564785
189,blocks.0.conv1,0.0035692641977220774
189,blocks.0.conv2,0.003826032392680645
189,blocks.1.conv1,0.0034652268514037132
189,blocks.1.conv2,0.0037619853392243385
189,blocks.2.conv1,0.003353187581524253
189,blocks.2.conv2,0.003569789929315448
189,blocks.3.conv1,0.00307843298651278
189,blocks.3.conv2,0.0033218446187675
189,blocks.4.conv1,0.0030117379501461983
189,blocks.4.conv2,0.0030431433115154505
189,blocks.5.conv1,0.002852589823305607
189,blocks.5.conv2,0.00271641300059855
189,blocks.6.conv1,0.0026963017880916595
189,blocks.6.conv2,0.002759166294708848
189,blocks.7.conv1,0.002728169783949852
189,blocks.7.conv2,0.002673435490578413
189,blocks.8.conv1,0.00284918793477118
189,blocks.8.conv2,0.0025702035054564476
189,blocks.9.conv1,0.0027276980690658092
189,blocks.9.conv2,0.002500685630366206
189,blocks.10.conv1,0.00298166717402637
189,blocks.10.conv2,0.002630450064316392
189,blocks.11.conv1,0.002632300602272153
189,blocks.11.conv2,0.0025701618287712336
189,blocks.12.conv1,0.0029701602179557085
189,blocks.12.conv2,0.0027202381752431393
189,blocks.13.conv1,0.002781966933980584
189,blocks.13.conv2,0.0026638400740921497
189,blocks.14.conv1,0.0029901713132858276
189,blocks.14.conv2,0.0026981178671121597
189,blocks.15.conv1,0.002986972453072667
189,blocks.15.conv2,0.0026450050063431263
189,blocks.16.conv1,0.002898000879213214
189,blocks.16.conv2,0.002764931181445718
189,blocks.17.conv1,0.0026869550347328186
189,blocks.17.conv2,0.002387172309681773
189,blocks.18.conv1,0.0031793571542948484
189,blocks.18.conv2,0.002765418030321598
189,blocks.19.conv1,0.0032875477336347103
189,blocks.19.conv2,0.0028075913432985544
189,blocks.20.conv1,0.00293286913074553
189,blocks.20.conv2,0.00260977353900671
189,blocks.21.conv1,0.0033228613901883364
189,blocks.21.conv2,0.0027592096012085676
189,blocks.22.conv1,0.003350594313815236
189,blocks.22.conv2,0.003148712683469057
189,blocks.23.conv1,0.0037552611902356148
189,blocks.23.conv2,0.0031458179000765085
189,blocks.24.conv1,0.003380441339686513
189,blocks.24.conv2,0.0029413560405373573
189,blocks.25.conv1,0.003542351769283414
189,blocks.25.conv2,0.0030866549350321293
189,blocks.26.conv1,0.003931380808353424
189,blocks.26.conv2,0.0031235218048095703
189,blocks.27.conv1,0.003506797831505537
189,blocks.27.conv2,0.003044938901439309
189,blocks.28.conv1,0.00354195898398757
189,blocks.28.conv2,0.003217334160581231
189,blocks.29.conv1,0.003879883559420705
189,blocks.29.conv2,0.00360812246799469
189,blocks.30.conv1,0.004335498902946711
189,blocks.30.conv2,0.003840066958218813
189,blocks.31.conv1,0.004015852231532335
189,blocks.31.conv2,0.0032976309303194284
189,blocks.32.conv1,0.004127024672925472
189,blocks.32.conv2,0.003173333127051592
189,blocks.33.conv1,0.003751451149582863
189,blocks.33.conv2,0.0030586279463022947
189,blocks.34.conv1,0.004103109706193209
189,blocks.34.conv2,0.003248858032748103
189,blocks.35.conv1,0.0034820071887224913
189,blocks.35.conv2,0.0029410659335553646
189,blocks.36.conv1,0.004008729010820389
189,blocks.36.conv2,0.0035667074844241142
189,blocks.37.conv1,0.004297986160963774
189,blocks.37.conv2,0.0031918701715767384
189,blocks.38.conv1,0.004239731002599001
189,blocks.38.conv2,0.0031972986180335283
189,blocks.39.conv1,0.0036365205887705088
189,blocks.39.conv2,0.0032313617412000895
189,blocks.40.conv1,0.003646825673058629
189,blocks.40.conv2,0.0032652998343110085
189,blocks.41.conv1,0.00416126474738121
189,blocks.41.conv2,0.0035445860121399164
189,blocks.42.conv1,0.003562328638508916
189,blocks.42.conv2,0.0028258308302611113
189,blocks.43.conv1,0.003989317920058966
189,blocks.43.conv2,0.0028066772501915693
189,blocks.44.conv1,0.003597980597987771
189,blocks.44.conv2,0.0025277973618358374
189,blocks.45.conv1,0.0031124246306717396
189,blocks.45.conv2,0.002584184054285288
189,blocks.46.conv1,0.002917443634942174
189,blocks.46.conv2,0.0021732936147600412
189,blocks.47.conv1,0.0030382517725229263
189,blocks.47.conv2,0.002476566471159458
189,blocks.48.conv1,0.0030915741808712482
189,blocks.48.conv2,0.0024334739428013563
189,blocks.49.conv1,0.0025290632620453835
189,blocks.49.conv2,0.0020020422525703907
189,mean_conv2d_grad_norm,0.0031622039882632175
190,stem.0,0.005952511448413134
190,blocks.0.conv1,0.0057561201974749565
190,blocks.0.conv2,0.006459585390985012
190,blocks.1.conv1,0.0056184567511081696
190,blocks.1.conv2,0.005966289434581995
190,blocks.2.conv1,0.0053797089494764805
190,blocks.2.conv2,0.005703926086425781
190,blocks.3.conv1,0.004717250820249319
190,blocks.3.conv2,0.00496497331187129
190,blocks.4.conv1,0.00445370189845562
190,blocks.4.conv2,0.004619002807885408
190,blocks.5.conv1,0.0043954914435744286
190,blocks.5.conv2,0.004139547236263752
190,blocks.6.conv1,0.004127899184823036
190,blocks.6.conv2,0.004010622855275869
190,blocks.7.conv1,0.004096208140254021
190,blocks.7.conv2,0.00414686743170023
190,blocks.8.conv1,0.004314882215112448
190,blocks.8.conv2,0.004125267267227173
190,blocks.9.conv1,0.004128906410187483
190,blocks.9.conv2,0.0041508800350129604
190,blocks.10.conv1,0.004369716159999371
190,blocks.10.conv2,0.004247203469276428
190,blocks.11.conv1,0.004125506151467562
190,blocks.11.conv2,0.003937111236155033
190,blocks.12.conv1,0.00464583607390523
190,blocks.12.conv2,0.004527429584413767
190,blocks.13.conv1,0.00437133526429534
190,blocks.13.conv2,0.004123889375478029
190,blocks.14.conv1,0.004638432525098324
190,blocks.14.conv2,0.004314054735004902
190,blocks.15.conv1,0.004551537334918976
190,blocks.15.conv2,0.0041104997508227825
190,blocks.16.conv1,0.004624923691153526
190,blocks.16.conv2,0.004233833868056536
190,blocks.17.conv1,0.0039818258956074715
190,blocks.17.conv2,0.0036117241252213717
190,blocks.18.conv1,0.004592487588524818
190,blocks.18.conv2,0.0041236355900764465
190,blocks.19.conv1,0.004775114357471466
190,blocks.19.conv2,0.004175929352641106
190,blocks.20.conv1,0.004708149004727602
190,blocks.20.conv2,0.004225801210850477
190,blocks.21.conv1,0.005004970356822014
190,blocks.21.conv2,0.004364689812064171
190,blocks.22.conv1,0.005257857032120228
190,blocks.22.conv2,0.004931436851620674
190,blocks.23.conv1,0.005993205588310957
190,blocks.23.conv2,0.005155452061444521
190,blocks.24.conv1,0.005410847719758749
190,blocks.24.conv2,0.0046715568751096725
190,blocks.25.conv1,0.005808540154248476
190,blocks.25.conv2,0.0049588545225560665
190,blocks.26.conv1,0.005755254067480564
190,blocks.26.conv2,0.004769159480929375
190,blocks.27.conv1,0.0057679289020597935
190,blocks.27.conv2,0.0047219013795256615
190,blocks.28.conv1,0.005996855907142162
190,blocks.28.conv2,0.005047729704529047
190,blocks.29.conv1,0.007025704253464937
190,blocks.29.conv2,0.0058742305263876915
190,blocks.30.conv1,0.00668496685102582
190,blocks.30.conv2,0.005662668962031603
190,blocks.31.conv1,0.00578918494284153
190,blocks.31.conv2,0.004997041542083025
190,blocks.32.conv1,0.005825449712574482
190,blocks.32.conv2,0.0047293598763644695
190,blocks.33.conv1,0.005578896496444941
190,blocks.33.conv2,0.004319910425692797
190,blocks.34.conv1,0.006375505588948727
190,blocks.34.conv2,0.006035869475454092
190,blocks.35.conv1,0.005389245692640543
190,blocks.35.conv2,0.004460910800844431
190,blocks.36.conv1,0.00631521362811327
190,blocks.36.conv2,0.005181999411433935
190,blocks.37.conv1,0.006552735343575478
190,blocks.37.conv2,0.005242552142590284
190,blocks.38.conv1,0.006119651719927788
190,blocks.38.conv2,0.005163069348782301
190,blocks.39.conv1,0.006290174555033445
190,blocks.39.conv2,0.005109455902129412
190,blocks.40.conv1,0.006155273877084255
190,blocks.40.conv2,0.004821246489882469
190,blocks.41.conv1,0.005949770100414753
190,blocks.41.conv2,0.00530149694532156
190,blocks.42.conv1,0.0060437568463385105
190,blocks.42.conv2,0.004470594692975283
190,blocks.43.conv1,0.0053810360841453075
190,blocks.43.conv2,0.004435158800333738
190,blocks.44.conv1,0.005570037756115198
190,blocks.44.conv2,0.0045160227455198765
190,blocks.45.conv1,0.004735344089567661
190,blocks.45.conv2,0.003825326217338443
190,blocks.46.conv1,0.005419233348220587
190,blocks.46.conv2,0.004037870094180107
190,blocks.47.conv1,0.004689884837716818
190,blocks.47.conv2,0.0032363615464419127
190,blocks.48.conv1,0.004336273763328791
190,blocks.48.conv2,0.003127318574115634
190,blocks.49.conv1,0.0032452717423439026
190,blocks.49.conv2,0.002840031636878848
190,mean_conv2d_grad_norm,0.0049180338956821374
191,stem.0,0.014860076829791069
191,blocks.0.conv1,0.013709083199501038
191,blocks.0.conv2,0.015285997651517391
191,blocks.1.conv1,0.013730667531490326
191,blocks.1.conv2,0.014648583717644215
191,blocks.2.conv1,0.012765674851834774
191,blocks.2.conv2,0.012775064446032047
191,blocks.3.conv1,0.011739024892449379
191,blocks.3.conv2,0.012164359912276268
191,blocks.4.conv1,0.011341524310410023
191,blocks.4.conv2,0.011178030632436275
191,blocks.5.conv1,0.010225395672023296
191,blocks.5.conv2,0.010586234740912914
191,blocks.6.conv1,0.010363264940679073
191,blocks.6.conv2,0.01004338450729847
191,blocks.7.conv1,0.010261815041303635
191,blocks.7.conv2,0.010574491694569588
191,blocks.8.conv1,0.01088061835616827
191,blocks.8.conv2,0.010183273814618587
191,blocks.9.conv1,0.01103234477341175
191,blocks.9.conv2,0.010371373035013676
191,blocks.10.conv1,0.010755307041108608
191,blocks.10.conv2,0.009794625453650951
191,blocks.11.conv1,0.010030564852058887
191,blocks.11.conv2,0.009663860313594341
191,blocks.12.conv1,0.0115742776542902
191,blocks.12.conv2,0.011060651391744614
191,blocks.13.conv1,0.010725453495979309
191,blocks.13.conv2,0.010289421305060387
191,blocks.14.conv1,0.012498107738792896
191,blocks.14.conv2,0.011194296181201935
191,blocks.15.conv1,0.011464722454547882
191,blocks.15.conv2,0.01038293819874525
191,blocks.16.conv1,0.01211040373891592
191,blocks.16.conv2,0.010674161836504936
191,blocks.17.conv1,0.010736371390521526
191,blocks.17.conv2,0.009673545137047768
191,blocks.18.conv1,0.011842954903841019
191,blocks.18.conv2,0.01051577739417553
191,blocks.19.conv1,0.012254015542566776
191,blocks.19.conv2,0.010848943144083023
191,blocks.20.conv1,0.012048732489347458
191,blocks.20.conv2,0.010862486436963081
191,blocks.21.conv1,0.012272846885025501
191,blocks.21.conv2,0.010959348641335964
191,blocks.22.conv1,0.013361060991883278
191,blocks.22.conv2,0.012535193003714085
191,blocks.23.conv1,0.014549950137734413
191,blocks.23.conv2,0.01235189102590084
191,blocks.24.conv1,0.012897412292659283
191,blocks.24.conv2,0.011685063131153584
191,blocks.25.conv1,0.013984479941427708
191,blocks.25.conv2,0.01226041465997696
191,blocks.26.conv1,0.014626110903918743
191,blocks.26.conv2,0.01260650809854269
191,blocks.27.conv1,0.013906947337090969
191,blocks.27.conv2,0.012077059596776962
191,blocks.28.conv1,0.014909356832504272
191,blocks.28.conv2,0.015836186707019806
191,blocks.29.conv1,0.014897006563842297
191,blocks.29.conv2,0.01332517247647047
191,blocks.30.conv1,0.017408182844519615
191,blocks.30.conv2,0.014169559814035892
191,blocks.31.conv1,0.014781358651816845
191,blocks.31.conv2,0.013087350875139236
191,blocks.32.conv1,0.01490001380443573
191,blocks.32.conv2,0.012835648842155933
191,blocks.33.conv1,0.014802543446421623
191,blocks.33.conv2,0.012662514112889767
191,blocks.34.conv1,0.016924316063523293
191,blocks.34.conv2,0.015006305649876595
191,blocks.35.conv1,0.015384255908429623
191,blocks.35.conv2,0.013225587084889412
191,blocks.36.conv1,0.016510359942913055
191,blocks.36.conv2,0.012962711974978447
191,blocks.37.conv1,0.017133869230747223
191,blocks.37.conv2,0.013218401931226254
191,blocks.38.conv1,0.017145035788416862
191,blocks.38.conv2,0.012910348363220692
191,blocks.39.conv1,0.016339490190148354
191,blocks.39.conv2,0.013660799711942673
191,blocks.40.conv1,0.01677442528307438
191,blocks.40.conv2,0.013527428731322289
191,blocks.41.conv1,0.018342671915888786
191,blocks.41.conv2,0.01468546874821186
191,blocks.42.conv1,0.01368759386241436
191,blocks.42.conv2,0.012712559662759304
191,blocks.43.conv1,0.014429070986807346
191,blocks.43.conv2,0.01173704769462347
191,blocks.44.conv1,0.014818386174738407
191,blocks.44.conv2,0.011544513516128063
191,blocks.45.conv1,0.014726880937814713
191,blocks.45.conv2,0.01075073517858982
191,blocks.46.conv1,0.013337429612874985
191,blocks.46.conv2,0.009288831613957882
191,blocks.47.conv1,0.011623691767454147
191,blocks.47.conv2,0.009343422017991543
191,blocks.48.conv1,0.011124440468847752
191,blocks.48.conv2,0.008430845104157925
191,blocks.49.conv1,0.008301428519189358
191,blocks.49.conv2,0.007517938502132893
191,mean_conv2d_grad_norm,0.012579577984196125
192,stem.0,0.001963979797437787
192,blocks.0.conv1,0.0018099440494552255
192,blocks.0.conv2,0.0019522933289408684
192,blocks.1.conv1,0.0016953148879110813
192,blocks.1.conv2,0.001840792829170823
192,blocks.2.conv1,0.0014912427868694067
192,blocks.2.conv2,0.001563045778311789
192,blocks.3.conv1,0.0013873974094167352
192,blocks.3.conv2,0.0014401895459741354
192,blocks.4.conv1,0.0013716232497245073
192,blocks.4.conv2,0.0013674214715138078
192,blocks.5.conv1,0.0012836091918870807
192,blocks.5.conv2,0.0012168523389846087
192,blocks.6.conv1,0.0011558919213712215
192,blocks.6.conv2,0.0011845254339277744
192,blocks.7.conv1,0.0012918029678985476
192,blocks.7.conv2,0.001223344705067575
192,blocks.8.conv1,0.0012678769417107105
192,blocks.8.conv2,0.0011792749864980578
192,blocks.9.conv1,0.0012844647280871868
192,blocks.9.conv2,0.0011982903815805912
192,blocks.10.conv1,0.0012967237271368504
192,blocks.10.conv2,0.001191099756397307
192,blocks.11.conv1,0.0012056931154802442
192,blocks.11.conv2,0.0011683900374919176
192,blocks.12.conv1,0.0013752160593867302
192,blocks.12.conv2,0.0012749454472213984
192,blocks.13.conv1,0.0012787104351446033
192,blocks.13.conv2,0.001179635408334434
192,blocks.14.conv1,0.0014032181352376938
192,blocks.14.conv2,0.0012695272453129292
192,blocks.15.conv1,0.0013399150921031833
192,blocks.15.conv2,0.0012053159298375249
192,blocks.16.conv1,0.0013581484090536833
192,blocks.16.conv2,0.001194993732497096
192,blocks.17.conv1,0.0011660928139463067
192,blocks.17.conv2,0.0011004789266735315
192,blocks.18.conv1,0.0013595904456451535
192,blocks.18.conv2,0.0012119523016735911
192,blocks.19.conv1,0.0013949861750006676
192,blocks.19.conv2,0.0012674228055402637
192,blocks.20.conv1,0.0013860402395948768
192,blocks.20.conv2,0.0012532328255474567
192,blocks.21.conv1,0.0013901995262131095
192,blocks.21.conv2,0.0012643979862332344
192,blocks.22.conv1,0.0015291780000552535
192,blocks.22.conv2,0.0014005915727466345
192,blocks.23.conv1,0.001691772136837244
192,blocks.23.conv2,0.0015004886081442237
192,blocks.24.conv1,0.0015635720919817686
192,blocks.24.conv2,0.0013797366991639137
192,blocks.25.conv1,0.0016279289266094565
192,blocks.25.conv2,0.0014060046523809433
192,blocks.26.conv1,0.001667581731453538
192,blocks.26.conv2,0.001384229981340468
192,blocks.27.conv1,0.0016017190646380186
192,blocks.27.conv2,0.001378318527713418
192,blocks.28.conv1,0.0015646865358576179
192,blocks.28.conv2,0.0013168654404580593
192,blocks.29.conv1,0.0017829077551141381
192,blocks.29.conv2,0.0014982454013079405
192,blocks.30.conv1,0.0017188632627949119
192,blocks.30.conv2,0.001505548949353397
192,blocks.31.conv1,0.0016734303208068013
192,blocks.31.conv2,0.0014820792712271214
192,blocks.32.conv1,0.0017015758203342557
192,blocks.32.conv2,0.001367372227832675
192,blocks.33.conv1,0.001696698134765029
192,blocks.33.conv2,0.0014271113323047757
192,blocks.34.conv1,0.001730163348838687
192,blocks.34.conv2,0.00143227051012218
192,blocks.35.conv1,0.0016605406999588013
192,blocks.35.conv2,0.0013662048149853945
192,blocks.36.conv1,0.0019184041302651167
192,blocks.36.conv2,0.0016521133948117495
192,blocks.37.conv1,0.0018627452664077282
192,blocks.37.conv2,0.0014403614914044738
192,blocks.38.conv1,0.0017405204707756639
192,blocks.38.conv2,0.001408766838721931
192,blocks.39.conv1,0.0017261144239455462
192,blocks.39.conv2,0.001389718963764608
192,blocks.40.conv1,0.0017246161587536335
192,blocks.40.conv2,0.0014433774631470442
192,blocks.41.conv1,0.0018064563628286123
192,blocks.41.conv2,0.0015210193814709783
192,blocks.42.conv1,0.001570960390381515
192,blocks.42.conv2,0.0013523136731237173
192,blocks.43.conv1,0.0014792501460760832
192,blocks.43.conv2,0.0012313956394791603
192,blocks.44.conv1,0.0018017672700807452
192,blocks.44.conv2,0.0012536640278995037
192,blocks.45.conv1,0.0013862618943676353
192,blocks.45.conv2,0.001094240229576826
192,blocks.46.conv1,0.0014498993987217546
192,blocks.46.conv2,0.0011402945965528488
192,blocks.47.conv1,0.001331518404185772
192,blocks.47.conv2,0.0010394961573183537
192,blocks.48.conv1,0.0012503796024248004
192,blocks.48.conv2,0.001070812693797052
192,blocks.49.conv1,0.0010565362172201276
192,blocks.49.conv2,0.0009896251140162349
192,mean_conv2d_grad_norm,0.0014246873359315762
193,stem.0,0.0029087343718856573
193,blocks.0.conv1,0.0025164540857076645
193,blocks.0.conv2,0.0025900343898683786
193,blocks.1.conv1,0.0022547601256519556
193,blocks.1.conv2,0.002396269701421261
193,blocks.2.conv1,0.002165147801861167
193,blocks.2.conv2,0.002212583553045988
193,blocks.3.conv1,0.0019269241020083427
193,blocks.3.conv2,0.0021088498178869486
193,blocks.4.conv1,0.0021228829864412546
193,blocks.4.conv2,0.0019823922775685787
193,blocks.5.conv1,0.001713854493573308
193,blocks.5.conv2,0.0017806849209591746
193,blocks.6.conv1,0.0016321103321388364
193,blocks.6.conv2,0.001719671650789678
193,blocks.7.conv1,0.0018255393952131271
193,blocks.7.conv2,0.0018855490488931537
193,blocks.8.conv1,0.001907307538203895
193,blocks.8.conv2,0.0017995517700910568
193,blocks.9.conv1,0.001867090119048953
193,blocks.9.conv2,0.00178976368624717
193,blocks.10.conv1,0.0018837802344933152
193,blocks.10.conv2,0.0019177899230271578
193,blocks.11.conv1,0.0018906136974692345
193,blocks.11.conv2,0.0019065913511440158
193,blocks.12.conv1,0.0022367513738572598
193,blocks.12.conv2,0.002236309228464961
193,blocks.13.conv1,0.0023085649590939283
193,blocks.13.conv2,0.0020781720522791147
193,blocks.14.conv1,0.002265648217871785
193,blocks.14.conv2,0.00206755381077528
193,blocks.15.conv1,0.002303646644577384
193,blocks.15.conv2,0.002088634530082345
193,blocks.16.conv1,0.002227740827947855
193,blocks.16.conv2,0.0021785348653793335
193,blocks.17.conv1,0.002148974919691682
193,blocks.17.conv2,0.001906768069602549
193,blocks.18.conv1,0.002334525343030691
193,blocks.18.conv2,0.0021880576387047768
193,blocks.19.conv1,0.0023884898982942104
193,blocks.19.conv2,0.0023478546645492315
193,blocks.20.conv1,0.002341954968869686
193,blocks.20.conv2,0.0021885689347982407
193,blocks.21.conv1,0.002541931113228202
193,blocks.21.conv2,0.0025143823586404324
193,blocks.22.conv1,0.0028542405925691128
193,blocks.22.conv2,0.0023831618018448353
193,blocks.23.conv1,0.0028804175090044737
193,blocks.23.conv2,0.0027825171127915382
193,blocks.24.conv1,0.0028180184308439493
193,blocks.24.conv2,0.0023162176366895437
193,blocks.25.conv1,0.0027972280513495207
193,blocks.25.conv2,0.00247183651663363
193,blocks.26.conv1,0.0028705501463264227
193,blocks.26.conv2,0.002346097258850932
193,blocks.27.conv1,0.0028999485075473785
193,blocks.27.conv2,0.002648756140843034
193,blocks.28.conv1,0.0036512219812721014
193,blocks.28.conv2,0.0026800178457051516
193,blocks.29.conv1,0.0034147549886256456
193,blocks.29.conv2,0.0028264361899346113
193,blocks.30.conv1,0.003440748667344451
193,blocks.30.conv2,0.003119970904663205
193,blocks.31.conv1,0.0035216445103287697
193,blocks.31.conv2,0.00298067694529891
193,blocks.32.conv1,0.003260585945099592
193,blocks.32.conv2,0.002794070867821574
193,blocks.33.conv1,0.0033401362597942352
193,blocks.33.conv2,0.00287571270018816
193,blocks.34.conv1,0.0032728565856814384
193,blocks.34.conv2,0.003021841635927558
193,blocks.35.conv1,0.0036292332224547863
193,blocks.35.conv2,0.0034418287687003613
193,blocks.36.conv1,0.003934156149625778
193,blocks.36.conv2,0.0036455292720347643
193,blocks.37.conv1,0.0037133009172976017
193,blocks.37.conv2,0.0029406235553324223
193,blocks.38.conv1,0.0036384740378707647
193,blocks.38.conv2,0.0028582406230270863
193,blocks.39.conv1,0.003300404641777277
193,blocks.39.conv2,0.0029034712351858616
193,blocks.40.conv1,0.0029553340282291174
193,blocks.40.conv2,0.002416258445009589
193,blocks.41.conv1,0.003248681081458926
193,blocks.41.conv2,0.0029739278834313154
193,blocks.42.conv1,0.0028909046668559313
193,blocks.42.conv2,0.002414158545434475
193,blocks.43.conv1,0.003685936564579606
193,blocks.43.conv2,0.002607462927699089
193,blocks.44.conv1,0.002984097460284829
193,blocks.44.conv2,0.0032395138405263424
193,blocks.45.conv1,0.0034350892528891563
193,blocks.45.conv2,0.0021960295271128416
193,blocks.46.conv1,0.0033421225380152464
193,blocks.46.conv2,0.002459788927808404
193,blocks.47.conv1,0.0031192738097161055
193,blocks.47.conv2,0.002072436036542058
193,blocks.48.conv1,0.0029402996879070997
193,blocks.48.conv2,0.002141868229955435
193,blocks.49.conv1,0.0019156411290168762
193,blocks.49.conv2,0.0016570215811952949
193,mean_conv2d_grad_norm,0.0025798888130131926
194,stem.0,0.004317987710237503
194,blocks.0.conv1,0.004168403800576925
194,blocks.0.conv2,0.004864595364779234
194,blocks.1.conv1,0.004403327126055956
194,blocks.1.conv2,0.004500117152929306
194,blocks.2.conv1,0.004009922035038471
194,blocks.2.conv2,0.004039652179926634
194,blocks.3.conv1,0.00355745991691947
194,blocks.3.conv2,0.0035409440752118826
194,blocks.4.conv1,0.0033131977543234825
194,blocks.4.conv2,0.0032500475645065308
194,blocks.5.conv1,0.0031874568667262793
194,blocks.5.conv2,0.0029954907950013876
194,blocks.6.conv1,0.0027796367648988962
194,blocks.6.conv2,0.0028829544316977262
194,blocks.7.conv1,0.0029355022124946117
194,blocks.7.conv2,0.0029930868186056614
194,blocks.8.conv1,0.0031723356805741787
194,blocks.8.conv2,0.00283038686029613
194,blocks.9.conv1,0.003190812421962619
194,blocks.9.conv2,0.0028953468427062035
194,blocks.10.conv1,0.0032104854471981525
194,blocks.10.conv2,0.0029520979151129723
194,blocks.11.conv1,0.0030778374057263136
194,blocks.11.conv2,0.0028067734092473984
194,blocks.12.conv1,0.003271158318966627
194,blocks.12.conv2,0.0030485864263027906
194,blocks.13.conv1,0.00312425778247416
194,blocks.13.conv2,0.0028601528611034155
194,blocks.14.conv1,0.003425043076276779
194,blocks.14.conv2,0.00303861266002059
194,blocks.15.conv1,0.003362273098900914
194,blocks.15.conv2,0.00307225133292377
194,blocks.16.conv1,0.0031974948942661285
194,blocks.16.conv2,0.0029094237834215164
194,blocks.17.conv1,0.0027649379335343838
194,blocks.17.conv2,0.0025173919275403023
194,blocks.18.conv1,0.003183115040883422
194,blocks.18.conv2,0.0028005875647068024
194,blocks.19.conv1,0.003310834988951683
194,blocks.19.conv2,0.0029274290427565575
194,blocks.20.conv1,0.0032469562720507383
194,blocks.20.conv2,0.0028831171803176403
194,blocks.21.conv1,0.0032469360157847404
194,blocks.21.conv2,0.0029060253873467445
194,blocks.22.conv1,0.003629909362643957
194,blocks.22.conv2,0.0032293328549712896
194,blocks.23.conv1,0.003951565362513065
194,blocks.23.conv2,0.003433082951232791
194,blocks.24.conv1,0.0035668255295604467
194,blocks.24.conv2,0.0030388690065592527
194,blocks.25.conv1,0.003943624906241894
194,blocks.25.conv2,0.0033738850615918636
194,blocks.26.conv1,0.0039294566959142685
194,blocks.26.conv2,0.003338773036375642
194,blocks.27.conv1,0.0039250776171684265
194,blocks.27.conv2,0.0036153823602944613
194,blocks.28.conv1,0.004197973757982254
194,blocks.28.conv2,0.0036828680895268917
194,blocks.29.conv1,0.004342273809015751
194,blocks.29.conv2,0.0035244126338511705
194,blocks.30.conv1,0.004148060455918312
194,blocks.30.conv2,0.0034201995003968477
194,blocks.31.conv1,0.003828132525086403
194,blocks.31.conv2,0.0033344838302582502
194,blocks.32.conv1,0.003864664351567626
194,blocks.32.conv2,0.003247791901230812
194,blocks.33.conv1,0.003747219918295741
194,blocks.33.conv2,0.003303864970803261
194,blocks.34.conv1,0.0039841365069150925
194,blocks.34.conv2,0.0032631889916956425
194,blocks.35.conv1,0.003752824617549777
194,blocks.35.conv2,0.0029945839196443558
194,blocks.36.conv1,0.003964845556765795
194,blocks.36.conv2,0.003352103289216757
194,blocks.37.conv1,0.004212406929582357
194,blocks.37.conv2,0.003473557997494936
194,blocks.38.conv1,0.0040095653384923935
194,blocks.38.conv2,0.0034501946065574884
194,blocks.39.conv1,0.00400948990136385
194,blocks.39.conv2,0.0033237659372389317
194,blocks.40.conv1,0.00425695488229394
194,blocks.40.conv2,0.003437969833612442
194,blocks.41.conv1,0.0038246202748268843
194,blocks.41.conv2,0.003114718245342374
194,blocks.42.conv1,0.0035348408855497837
194,blocks.42.conv2,0.002829690696671605
194,blocks.43.conv1,0.0032659145072102547
194,blocks.43.conv2,0.002726038685068488
194,blocks.44.conv1,0.0034255790524184704
194,blocks.44.conv2,0.002788341138511896
194,blocks.45.conv1,0.0034165962133556604
194,blocks.45.conv2,0.0025151458103209734
194,blocks.46.conv1,0.003466482274234295
194,blocks.46.conv2,0.0024413843639194965
194,blocks.47.conv1,0.002917022444307804
194,blocks.47.conv2,0.00224678055383265
194,blocks.48.conv1,0.0027849737089127302
194,blocks.48.conv2,0.0018533826805651188
194,blocks.49.conv1,0.0020023370161652565
194,blocks.49.conv2,0.0016968980198726058
194,mean_conv2d_grad_norm,0.0033359060347504395
195,stem.0,0.027388030663132668
195,blocks.0.conv1,0.020698074251413345
195,blocks.0.conv2,0.021412929520010948
195,blocks.1.conv1,0.017026230692863464
195,blocks.1.conv2,0.01896282285451889
195,blocks.2.conv1,0.015605045482516289
195,blocks.2.conv2,0.016618637368083
195,blocks.3.conv1,0.014716028235852718
195,blocks.3.conv2,0.015594887547194958
195,blocks.4.conv1,0.014185771346092224
195,blocks.4.conv2,0.014786622487008572
195,blocks.5.conv1,0.012893959879875183
195,blocks.5.conv2,0.012750792317092419
195,blocks.6.conv1,0.012801969423890114
195,blocks.6.conv2,0.012337406165897846
195,blocks.7.conv1,0.012922529131174088
195,blocks.7.conv2,0.012637444771826267
195,blocks.8.conv1,0.013464266434311867
195,blocks.8.conv2,0.012504888698458672
195,blocks.9.conv1,0.01307691540569067
195,blocks.9.conv2,0.012423994019627571
195,blocks.10.conv1,0.014131253585219383
195,blocks.10.conv2,0.012384932488203049
195,blocks.11.conv1,0.013327237218618393
195,blocks.11.conv2,0.012259808368980885
195,blocks.12.conv1,0.015033065341413021
195,blocks.12.conv2,0.013671894557774067
195,blocks.13.conv1,0.013553866185247898
195,blocks.13.conv2,0.012827257625758648
195,blocks.14.conv1,0.01559717021882534
195,blocks.14.conv2,0.0146992988884449
195,blocks.15.conv1,0.014342021197080612
195,blocks.15.conv2,0.013109699822962284
195,blocks.16.conv1,0.014421864412724972
195,blocks.16.conv2,0.01344266440719366
195,blocks.17.conv1,0.013646448031067848
195,blocks.17.conv2,0.011524385772645473
195,blocks.18.conv1,0.014821445569396019
195,blocks.18.conv2,0.013352394104003906
195,blocks.19.conv1,0.015510361641645432
195,blocks.19.conv2,0.013926171697676182
195,blocks.20.conv1,0.014232996851205826
195,blocks.20.conv2,0.01267010997980833
195,blocks.21.conv1,0.01595487631857395
195,blocks.21.conv2,0.013559013605117798
195,blocks.22.conv1,0.015908604487776756
195,blocks.22.conv2,0.01440101582556963
195,blocks.23.conv1,0.018337981775403023
195,blocks.23.conv2,0.0152509156614542
195,blocks.24.conv1,0.016455423086881638
195,blocks.24.conv2,0.015173676423728466
195,blocks.25.conv1,0.017758378759026527
195,blocks.25.conv2,0.014673914760351181
195,blocks.26.conv1,0.017791181802749634
195,blocks.26.conv2,0.014105514623224735
195,blocks.27.conv1,0.01648019626736641
195,blocks.27.conv2,0.013388730585575104
195,blocks.28.conv1,0.018464013934135437
195,blocks.28.conv2,0.01446252129971981
195,blocks.29.conv1,0.018013615161180496
195,blocks.29.conv2,0.014207962900400162
195,blocks.30.conv1,0.019446352496743202
195,blocks.30.conv2,0.01576855033636093
195,blocks.31.conv1,0.01901308074593544
195,blocks.31.conv2,0.015211985446512699
195,blocks.32.conv1,0.019722051918506622
195,blocks.32.conv2,0.014109790325164795
195,blocks.33.conv1,0.01743266172707081
195,blocks.33.conv2,0.013539991341531277
195,blocks.34.conv1,0.02085890993475914
195,blocks.34.conv2,0.015342139638960361
195,blocks.35.conv1,0.01629035733640194
195,blocks.35.conv2,0.013614511117339134
195,blocks.36.conv1,0.020072225481271744
195,blocks.36.conv2,0.015329192392528057
195,blocks.37.conv1,0.019795002415776253
195,blocks.37.conv2,0.01650209166109562
195,blocks.38.conv1,0.018053559586405754
195,blocks.38.conv2,0.0138517701998353
195,blocks.39.conv1,0.01912854053080082
195,blocks.39.conv2,0.015755197033286095
195,blocks.40.conv1,0.017833765596151352
195,blocks.40.conv2,0.015436716377735138
195,blocks.41.conv1,0.02075180597603321
195,blocks.41.conv2,0.018038325011730194
195,blocks.42.conv1,0.01886533759534359
195,blocks.42.conv2,0.01651075668632984
195,blocks.43.conv1,0.018282324075698853
195,blocks.43.conv2,0.013142327778041363
195,blocks.44.conv1,0.01573011837899685
195,blocks.44.conv2,0.013246915303170681
195,blocks.45.conv1,0.017937056720256805
195,blocks.45.conv2,0.013899763114750385
195,blocks.46.conv1,0.014734184369444847
195,blocks.46.conv2,0.012289401143789291
195,blocks.47.conv1,0.016236942261457443
195,blocks.47.conv2,0.013434194028377533
195,blocks.48.conv1,0.014322319068014622
195,blocks.48.conv2,0.01064929086714983
195,blocks.49.conv1,0.012007150799036026
195,blocks.49.conv2,0.00991849321871996
195,mean_conv2d_grad_norm,0.01538404239581363
196,stem.0,0.008941378444433212
196,blocks.0.conv1,0.010025868192315102
196,blocks.0.conv2,0.009894564747810364
196,blocks.1.conv1,0.008343823254108429
196,blocks.1.conv2,0.007969899103045464
196,blocks.2.conv1,0.006959942169487476
196,blocks.2.conv2,0.00722919637337327
196,blocks.3.conv1,0.006469623185694218
196,blocks.3.conv2,0.006575086619704962
196,blocks.4.conv1,0.0059365457855165005
196,blocks.4.conv2,0.005600896663963795
196,blocks.5.conv1,0.005763128865510225
196,blocks.5.conv2,0.00536552956327796
196,blocks.6.conv1,0.005129970144480467
196,blocks.6.conv2,0.0052061486057937145
196,blocks.7.conv1,0.005340083502233028
196,blocks.7.conv2,0.005289528053253889
196,blocks.8.conv1,0.005505966953933239
196,blocks.8.conv2,0.005174961406737566
196,blocks.9.conv1,0.00574653223156929
196,blocks.9.conv2,0.005092307459563017
196,blocks.10.conv1,0.005414282903075218
196,blocks.10.conv2,0.00527900131419301
196,blocks.11.conv1,0.005188115872442722
196,blocks.11.conv2,0.005145990755409002
196,blocks.12.conv1,0.005852323956787586
196,blocks.12.conv2,0.005630951840430498
196,blocks.13.conv1,0.005447105038911104
196,blocks.13.conv2,0.005259264260530472
196,blocks.14.conv1,0.005994956009089947
196,blocks.14.conv2,0.005308850202709436
196,blocks.15.conv1,0.0056350864470005035
196,blocks.15.conv2,0.005321713630110025
196,blocks.16.conv1,0.005712540820240974
196,blocks.16.conv2,0.005178559105843306
196,blocks.17.conv1,0.004935876466333866
196,blocks.17.conv2,0.004676899407058954
196,blocks.18.conv1,0.005477563943713903
196,blocks.18.conv2,0.0052334340289235115
196,blocks.19.conv1,0.005772334989160299
196,blocks.19.conv2,0.0053213913924992085
196,blocks.20.conv1,0.005630836356431246
196,blocks.20.conv2,0.005099497269839048
196,blocks.21.conv1,0.005917889066040516
196,blocks.21.conv2,0.005593137349933386
196,blocks.22.conv1,0.00645224004983902
196,blocks.22.conv2,0.006365233566612005
196,blocks.23.conv1,0.007289606612175703
196,blocks.23.conv2,0.006237583700567484
196,blocks.24.conv1,0.006739497184753418
196,blocks.24.conv2,0.0060459403321146965
196,blocks.25.conv1,0.007148612290620804
196,blocks.25.conv2,0.00613680575042963
196,blocks.26.conv1,0.007054970599710941
196,blocks.26.conv2,0.0059679606929421425
196,blocks.27.conv1,0.0069645000621676445
196,blocks.27.conv2,0.0058901640586555
196,blocks.28.conv1,0.007083509117364883
196,blocks.28.conv2,0.00603836914524436
196,blocks.29.conv1,0.007085929159075022
196,blocks.29.conv2,0.006494315806776285
196,blocks.30.conv1,0.00766450772061944
196,blocks.30.conv2,0.006388633046299219
196,blocks.31.conv1,0.007170230615884066
196,blocks.31.conv2,0.005996364168822765
196,blocks.32.conv1,0.0076516312547028065
196,blocks.32.conv2,0.006023549474775791
196,blocks.33.conv1,0.007342370226979256
196,blocks.33.conv2,0.005928410217165947
196,blocks.34.conv1,0.007352384272962809
196,blocks.34.conv2,0.00608800258487463
196,blocks.35.conv1,0.006778570357710123
196,blocks.35.conv2,0.005627290811389685
196,blocks.36.conv1,0.007849736139178276
196,blocks.36.conv2,0.006095986347645521
196,blocks.37.conv1,0.008273376151919365
196,blocks.37.conv2,0.006418128497898579
196,blocks.38.conv1,0.007449055556207895
196,blocks.38.conv2,0.005814624018967152
196,blocks.39.conv1,0.007285413797944784
196,blocks.39.conv2,0.005913767032325268
196,blocks.40.conv1,0.007152609061449766
196,blocks.40.conv2,0.005836970638483763
196,blocks.41.conv1,0.0073739103972911835
196,blocks.41.conv2,0.0059631033800542355
196,blocks.42.conv1,0.006270137615501881
196,blocks.42.conv2,0.005576882045716047
196,blocks.43.conv1,0.00689899455755949
196,blocks.43.conv2,0.004813134670257568
196,blocks.44.conv1,0.006628749892115593
196,blocks.44.conv2,0.005150917451828718
196,blocks.45.conv1,0.0060944100841879845
196,blocks.45.conv2,0.004520449321717024
196,blocks.46.conv1,0.0053581600077450275
196,blocks.46.conv2,0.004117925651371479
196,blocks.47.conv1,0.005204866640269756
196,blocks.47.conv2,0.0037823128513991833
196,blocks.48.conv1,0.00460183247923851
196,blocks.48.conv2,0.003976624459028244
196,blocks.49.conv1,0.004060386214405298
196,blocks.49.conv2,0.0032015268225222826
196,mean_conv2d_grad_norm,0.006081977806118603
197,stem.0,0.03526411950588226
197,blocks.0.conv1,0.026616938412189484
197,blocks.0.conv2,0.027175340801477432
197,blocks.1.conv1,0.02311347983777523
197,blocks.1.conv2,0.02560010552406311
197,blocks.2.conv1,0.021427812054753304
197,blocks.2.conv2,0.02183343842625618
197,blocks.3.conv1,0.020626364275813103
197,blocks.3.conv2,0.020479056984186172
197,blocks.4.conv1,0.018824908882379532
197,blocks.4.conv2,0.018841255456209183
197,blocks.5.conv1,0.01788703352212906
197,blocks.5.conv2,0.018224159255623817
197,blocks.6.conv1,0.016931554302573204
197,blocks.6.conv2,0.01669159345328808
197,blocks.7.conv1,0.018041901290416718
197,blocks.7.conv2,0.01742078922688961
197,blocks.8.conv1,0.01755213923752308
197,blocks.8.conv2,0.016259150579571724
197,blocks.9.conv1,0.01746610552072525
197,blocks.9.conv2,0.016154594719409943
197,blocks.10.conv1,0.018294289708137512
197,blocks.10.conv2,0.016054736450314522
197,blocks.11.conv1,0.016232065856456757
197,blocks.11.conv2,0.015414947643876076
197,blocks.12.conv1,0.019060775637626648
197,blocks.12.conv2,0.01706218346953392
197,blocks.13.conv1,0.017809446901082993
197,blocks.13.conv2,0.01635740138590336
197,blocks.14.conv1,0.019515709951519966
197,blocks.14.conv2,0.01712636835873127
197,blocks.15.conv1,0.018532855436205864
197,blocks.15.conv2,0.01642092503607273
197,blocks.16.conv1,0.019460095092654228
197,blocks.16.conv2,0.017384754493832588
197,blocks.17.conv1,0.016895869746804237
197,blocks.17.conv2,0.015591301955282688
197,blocks.18.conv1,0.018858587369322777
197,blocks.18.conv2,0.01678457111120224
197,blocks.19.conv1,0.018839385360479355
197,blocks.19.conv2,0.017268609255552292
197,blocks.20.conv1,0.019227953627705574
197,blocks.20.conv2,0.01683913730084896
197,blocks.21.conv1,0.019687332212924957
197,blocks.21.conv2,0.017419962212443352
197,blocks.22.conv1,0.021074572578072548
197,blocks.22.conv2,0.018549572676420212
197,blocks.23.conv1,0.02285531722009182
197,blocks.23.conv2,0.019440237432718277
197,blocks.24.conv1,0.020575333386659622
197,blocks.24.conv2,0.01792014203965664
197,blocks.25.conv1,0.02235327661037445
197,blocks.25.conv2,0.019318850710988045
197,blocks.26.conv1,0.022795436903834343
197,blocks.26.conv2,0.018455997109413147
197,blocks.27.conv1,0.022664688527584076
197,blocks.27.conv2,0.01938885636627674
197,blocks.28.conv1,0.02340422011911869
197,blocks.28.conv2,0.020037032663822174
197,blocks.29.conv1,0.022418474778532982
197,blocks.29.conv2,0.01960843801498413
197,blocks.30.conv1,0.026037711650133133
197,blocks.30.conv2,0.02095242589712143
197,blocks.31.conv1,0.023312393575906754
197,blocks.31.conv2,0.02032669074833393
197,blocks.32.conv1,0.02419225499033928
197,blocks.32.conv2,0.0191294364631176
197,blocks.33.conv1,0.023448096588253975
197,blocks.33.conv2,0.01940884254872799
197,blocks.34.conv1,0.025897569954395294
197,blocks.34.conv2,0.021368395537137985
197,blocks.35.conv1,0.02215195633471012
197,blocks.35.conv2,0.01921520195901394
197,blocks.36.conv1,0.02688741125166416
197,blocks.36.conv2,0.02192617394030094
197,blocks.37.conv1,0.0276574045419693
197,blocks.37.conv2,0.02311873435974121
197,blocks.38.conv1,0.02672341652214527
197,blocks.38.conv2,0.022139478474855423
197,blocks.39.conv1,0.028445973992347717
197,blocks.39.conv2,0.021924329921603203
197,blocks.40.conv1,0.025893559679389
197,blocks.40.conv2,0.019940419122576714
197,blocks.41.conv1,0.026890359818935394
197,blocks.41.conv2,0.022276172414422035
197,blocks.42.conv1,0.02382567524909973
197,blocks.42.conv2,0.019822310656309128
197,blocks.43.conv1,0.022329552099108696
197,blocks.43.conv2,0.016835350543260574
197,blocks.44.conv1,0.02504785917699337
197,blocks.44.conv2,0.018355567008256912
197,blocks.45.conv1,0.019973348826169968
197,blocks.45.conv2,0.017248770222067833
197,blocks.46.conv1,0.01824760250747204
197,blocks.46.conv2,0.014636151492595673
197,blocks.47.conv1,0.020586811006069183
197,blocks.47.conv2,0.013718804344534874
197,blocks.48.conv1,0.015590768307447433
197,blocks.48.conv2,0.01110539585351944
197,blocks.49.conv1,0.012255139648914337
197,blocks.49.conv2,0.010647755116224289
197,mean_conv2d_grad_norm,0.02004874085472657
198,stem.0,0.007389076519757509
198,blocks.0.conv1,0.007657957728952169
198,blocks.0.conv2,0.007960802875459194
198,blocks.1.conv1,0.0076087359338998795
198,blocks.1.conv2,0.006983096245676279
198,blocks.2.conv1,0.006531327031552792
198,blocks.2.conv2,0.006477493327111006
198,blocks.3.conv1,0.005896837916225195
198,blocks.3.conv2,0.006249722093343735
198,blocks.4.conv1,0.005819120444357395
198,blocks.4.conv2,0.0055827004835009575
198,blocks.5.conv1,0.0051384554244577885
198,blocks.5.conv2,0.004921693820506334
198,blocks.6.conv1,0.0047890073619782925
198,blocks.6.conv2,0.004808809142559767
198,blocks.7.conv1,0.005083715543150902
198,blocks.7.conv2,0.005070867948234081
198,blocks.8.conv1,0.0051086279563605785
198,blocks.8.conv2,0.004739853087812662
198,blocks.9.conv1,0.00515870563685894
198,blocks.9.conv2,0.004983352497220039
198,blocks.10.conv1,0.005241351667791605
198,blocks.10.conv2,0.00484679639339447
198,blocks.11.conv1,0.004918250255286694
198,blocks.11.conv2,0.0047646802850067616
198,blocks.12.conv1,0.005436315201222897
198,blocks.12.conv2,0.005177180748432875
198,blocks.13.conv1,0.005509433336555958
198,blocks.13.conv2,0.004988288972526789
198,blocks.14.conv1,0.005950904451310635
198,blocks.14.conv2,0.005285364110022783
198,blocks.15.conv1,0.005728289484977722
198,blocks.15.conv2,0.005031697452068329
198,blocks.16.conv1,0.005489694885909557
198,blocks.16.conv2,0.004883065819740295
198,blocks.17.conv1,0.00486340094357729
198,blocks.17.conv2,0.00450903782621026
198,blocks.18.conv1,0.005591196473687887
198,blocks.18.conv2,0.004827591590583324
198,blocks.19.conv1,0.005608342122286558
198,blocks.19.conv2,0.005213351920247078
198,blocks.20.conv1,0.005502264015376568
198,blocks.20.conv2,0.004888290073722601
198,blocks.21.conv1,0.0056034112349152565
198,blocks.21.conv2,0.004963363520801067
198,blocks.22.conv1,0.00601460225880146
198,blocks.22.conv2,0.005230140872299671
198,blocks.23.conv1,0.0066850874572992325
198,blocks.23.conv2,0.005963690113276243
198,blocks.24.conv1,0.0060208989307284355
198,blocks.24.conv2,0.005278356838971376
198,blocks.25.conv1,0.006362005136907101
198,blocks.25.conv2,0.005585945211350918
198,blocks.26.conv1,0.006616204045712948
198,blocks.26.conv2,0.005764257628470659
198,blocks.27.conv1,0.00673602195456624
198,blocks.27.conv2,0.006064068526029587
198,blocks.28.conv1,0.006632428616285324
198,blocks.28.conv2,0.00544508034363389
198,blocks.29.conv1,0.00659328093752265
198,blocks.29.conv2,0.005969301797449589
198,blocks.30.conv1,0.007327421568334103
198,blocks.30.conv2,0.006142054218798876
198,blocks.31.conv1,0.006481016520410776
198,blocks.31.conv2,0.005561550613492727
198,blocks.32.conv1,0.007446909323334694
198,blocks.32.conv2,0.005657995119690895
198,blocks.33.conv1,0.006580118555575609
198,blocks.33.conv2,0.005391600076109171
198,blocks.34.conv1,0.007029295898973942
198,blocks.34.conv2,0.0055030714720487595
198,blocks.35.conv1,0.0062856292352080345
198,blocks.35.conv2,0.005201080348342657
198,blocks.36.conv1,0.006826931610703468
198,blocks.36.conv2,0.005772600416094065
198,blocks.37.conv1,0.007593338377773762
198,blocks.37.conv2,0.006078885868191719
198,blocks.38.conv1,0.006970424670726061
198,blocks.38.conv2,0.006100150756537914
198,blocks.39.conv1,0.006867702584713697
198,blocks.39.conv2,0.006155614275485277
198,blocks.40.conv1,0.007223485503345728
198,blocks.40.conv2,0.006475907750427723
198,blocks.41.conv1,0.0066866399720311165
198,blocks.41.conv2,0.005998189561069012
198,blocks.42.conv1,0.005863484460860491
198,blocks.42.conv2,0.005326267331838608
198,blocks.43.conv1,0.00621419632807374
198,blocks.43.conv2,0.004765175748616457
198,blocks.44.conv1,0.006707238964736462
198,blocks.44.conv2,0.005153607111424208
198,blocks.45.conv1,0.006190379615873098
198,blocks.45.conv2,0.004646711517125368
198,blocks.46.conv1,0.005873789545148611
198,blocks.46.conv2,0.004591880366206169
198,blocks.47.conv1,0.005399459041655064
198,blocks.47.conv2,0.004309064242988825
198,blocks.48.conv1,0.005269887391477823
198,blocks.48.conv2,0.0036486841272562742
198,blocks.49.conv1,0.003738819621503353
198,blocks.49.conv2,0.0031641691457480192
198,mean_conv2d_grad_norm,0.005742211102295925
199,stem.0,0.006047462113201618
199,blocks.0.conv1,0.006269128527492285
199,blocks.0.conv2,0.006914676167070866
199,blocks.1.conv1,0.005803217645734549
199,blocks.1.conv2,0.006373476702719927
199,blocks.2.conv1,0.005232700612396002
199,blocks.2.conv2,0.005637662950903177
199,blocks.3.conv1,0.005262716673314571
199,blocks.3.conv2,0.00534900464117527
199,blocks.4.conv1,0.004940493032336235
199,blocks.4.conv2,0.00494337035343051
199,blocks.5.conv1,0.004528427496552467
199,blocks.5.conv2,0.004428558982908726
199,blocks.6.conv1,0.004136521834880114
199,blocks.6.conv2,0.00421696063131094
199,blocks.7.conv1,0.00410104263573885
199,blocks.7.conv2,0.004215579014271498
199,blocks.8.conv1,0.00433225417509675
199,blocks.8.conv2,0.004162910860031843
199,blocks.9.conv1,0.004458585754036903
199,blocks.9.conv2,0.004183650948107243
199,blocks.10.conv1,0.004691862501204014
199,blocks.10.conv2,0.004348664544522762
199,blocks.11.conv1,0.0042358338832855225
199,blocks.11.conv2,0.004170953296124935
199,blocks.12.conv1,0.004891234450042248
199,blocks.12.conv2,0.004575522616505623
199,blocks.13.conv1,0.0045791747979819775
199,blocks.13.conv2,0.004275777842849493
199,blocks.14.conv1,0.004994104150682688
199,blocks.14.conv2,0.0046203783713281155
199,blocks.15.conv1,0.004846327006816864
199,blocks.15.conv2,0.004361441358923912
199,blocks.16.conv1,0.004613506607711315
199,blocks.16.conv2,0.0043702698312699795
199,blocks.17.conv1,0.004402623977512121
199,blocks.17.conv2,0.0038638776168227196
199,blocks.18.conv1,0.004801073577255011
199,blocks.18.conv2,0.004362348932772875
199,blocks.19.conv1,0.005074391141533852
199,blocks.19.conv2,0.004511737730354071
199,blocks.20.conv1,0.004946697037667036
199,blocks.20.conv2,0.004353275988250971
199,blocks.21.conv1,0.005077251698821783
199,blocks.21.conv2,0.004514756146818399
199,blocks.22.conv1,0.005320075899362564
199,blocks.22.conv2,0.004751304630190134
199,blocks.23.conv1,0.005837328732013702
199,blocks.23.conv2,0.005116324406117201
199,blocks.24.conv1,0.00532898074015975
199,blocks.24.conv2,0.004923480097204447
199,blocks.25.conv1,0.005732081830501556
199,blocks.25.conv2,0.004686691332608461
199,blocks.26.conv1,0.005846953950822353
199,blocks.26.conv2,0.004872377496212721
199,blocks.27.conv1,0.0057505411095917225
199,blocks.27.conv2,0.004849000368267298
199,blocks.28.conv1,0.005903678014874458
199,blocks.28.conv2,0.004992855712771416
199,blocks.29.conv1,0.006519352551549673
199,blocks.29.conv2,0.00533437030389905
199,blocks.30.conv1,0.0065736412070691586
199,blocks.30.conv2,0.005456754006445408
199,blocks.31.conv1,0.005890213418751955
199,blocks.31.conv2,0.004978434182703495
199,blocks.32.conv1,0.00620688870549202
199,blocks.32.conv2,0.0048058973625302315
199,blocks.33.conv1,0.005658934824168682
199,blocks.33.conv2,0.004840231500566006
199,blocks.34.conv1,0.006372272036969662
199,blocks.34.conv2,0.005410151090472937
199,blocks.35.conv1,0.005853303242474794
199,blocks.35.conv2,0.004656164441257715
199,blocks.36.conv1,0.006344788242131472
199,blocks.36.conv2,0.004978765267878771
199,blocks.37.conv1,0.0066025713458657265
199,blocks.37.conv2,0.005497709847986698
199,blocks.38.conv1,0.006326648406684399
199,blocks.38.conv2,0.005328516475856304
199,blocks.39.conv1,0.005946035962551832
199,blocks.39.conv2,0.00517177814617753
199,blocks.40.conv1,0.006719287019222975
199,blocks.40.conv2,0.005824923515319824
199,blocks.41.conv1,0.006720922887325287
199,blocks.41.conv2,0.005487255286425352
199,blocks.42.conv1,0.005489822011440992
199,blocks.42.conv2,0.004833538550883532
199,blocks.43.conv1,0.005767446476966143
199,blocks.43.conv2,0.004651703871786594
199,blocks.44.conv1,0.005709972698241472
199,blocks.44.conv2,0.004576893523335457
199,blocks.45.conv1,0.005898630246520042
199,blocks.45.conv2,0.005056099966168404
199,blocks.46.conv1,0.005718470551073551
199,blocks.46.conv2,0.004300236701965332
199,blocks.47.conv1,0.005346775054931641
199,blocks.47.conv2,0.004385155159980059
199,blocks.48.conv1,0.005231729708611965
199,blocks.48.conv2,0.004795091226696968
199,blocks.49.conv1,0.0048251706175506115
199,blocks.49.conv2,0.004006527364253998
199,mean_conv2d_grad_norm,0.005138933031570794
200,stem.0,0.00451533030718565
200,blocks.0.conv1,0.005061950534582138
200,blocks.0.conv2,0.005293324124068022
200,blocks.1.conv1,0.0044098300859332085
200,blocks.1.conv2,0.004593039862811565
200,blocks.2.conv1,0.0039516631513834
200,blocks.2.conv2,0.0038548349402844906
200,blocks.3.conv1,0.003589165862649679
200,blocks.3.conv2,0.003729934571310878
200,blocks.4.conv1,0.003573729656636715
200,blocks.4.conv2,0.0036357108037918806
200,blocks.5.conv1,0.0031692420598119497
200,blocks.5.conv2,0.0030950726941227913
200,blocks.6.conv1,0.0030346843414008617
200,blocks.6.conv2,0.003028658451512456
200,blocks.7.conv1,0.00308310822583735
200,blocks.7.conv2,0.003115095430985093
200,blocks.8.conv1,0.0033089907374233007
200,blocks.8.conv2,0.0030536241829395294
200,blocks.9.conv1,0.003311835927888751
200,blocks.9.conv2,0.003069420112296939
200,blocks.10.conv1,0.0035459711216390133
200,blocks.10.conv2,0.0030216234736144543
200,blocks.11.conv1,0.0031880477908998728
200,blocks.11.conv2,0.0028366600163280964
200,blocks.12.conv1,0.003545335726812482
200,blocks.12.conv2,0.0033867608290165663
200,blocks.13.conv1,0.003356572473421693
200,blocks.13.conv2,0.0030882065184414387
200,blocks.14.conv1,0.0035982655826956034
200,blocks.14.conv2,0.0033121819142252207
200,blocks.15.conv1,0.0034969598054885864
200,blocks.15.conv2,0.00296418578363955
200,blocks.16.conv1,0.003459241008386016
200,blocks.16.conv2,0.0030120450537651777
200,blocks.17.conv1,0.0029985755681991577
200,blocks.17.conv2,0.002668628003448248
200,blocks.18.conv1,0.003441035049036145
200,blocks.18.conv2,0.0031142893712967634
200,blocks.19.conv1,0.0037172522861510515
200,blocks.19.conv2,0.0032798240426927805
200,blocks.20.conv1,0.003446259768679738
200,blocks.20.conv2,0.0031059030443429947
200,blocks.21.conv1,0.0035954148042947054
200,blocks.21.conv2,0.0031920229084789753
200,blocks.22.conv1,0.0039750393480062485
200,blocks.22.conv2,0.003357880050316453
200,blocks.23.conv1,0.004150088876485825
200,blocks.23.conv2,0.0036796533968299627
200,blocks.24.conv1,0.003945937380194664
200,blocks.24.conv2,0.0035427147522568703
200,blocks.25.conv1,0.004207610618323088
200,blocks.25.conv2,0.0036442442797124386
200,blocks.26.conv1,0.004132742062211037
200,blocks.26.conv2,0.00349392625503242
200,blocks.27.conv1,0.00418319646269083
200,blocks.27.conv2,0.0037111712154000998
200,blocks.28.conv1,0.004258820787072182
200,blocks.28.conv2,0.0037237354554235935
200,blocks.29.conv1,0.00393500505015254
200,blocks.29.conv2,0.003738928586244583
200,blocks.30.conv1,0.004367296118289232
200,blocks.30.conv2,0.003983725793659687
200,blocks.31.conv1,0.003988606855273247
200,blocks.31.conv2,0.0035538242664188147
200,blocks.32.conv1,0.004089544527232647
200,blocks.32.conv2,0.0034331846982240677
200,blocks.33.conv1,0.003850442823022604
200,blocks.33.conv2,0.003392071695998311
200,blocks.34.conv1,0.004262617789208889
200,blocks.34.conv2,0.0036687206011265516
200,blocks.35.conv1,0.0037683744449168444
200,blocks.35.conv2,0.0033519784919917583
200,blocks.36.conv1,0.004467943217605352
200,blocks.36.conv2,0.003620811738073826
200,blocks.37.conv1,0.0044762371107935905
200,blocks.37.conv2,0.003807332133874297
200,blocks.38.conv1,0.004438934847712517
200,blocks.38.conv2,0.0039967685006558895
200,blocks.39.conv1,0.00447547622025013
200,blocks.39.conv2,0.0036454200744628906
200,blocks.40.conv1,0.004895612597465515
200,blocks.40.conv2,0.004022933077067137
200,blocks.41.conv1,0.004788520280271769
200,blocks.41.conv2,0.003803340485319495
200,blocks.42.conv1,0.004313688725233078
200,blocks.42.conv2,0.003448848146945238
200,blocks.43.conv1,0.003974128048866987
200,blocks.43.conv2,0.0031424483750015497
200,blocks.44.conv1,0.003937683068215847
200,blocks.44.conv2,0.003499435493722558
200,blocks.45.conv1,0.0042211683467030525
200,blocks.45.conv2,0.0034406406339257956
200,blocks.46.conv1,0.00399076147004962
200,blocks.46.conv2,0.0030607590451836586
200,blocks.47.conv1,0.003517522243782878
200,blocks.47.conv2,0.003092527389526367
200,blocks.48.conv1,0.0034952114801853895
200,blocks.48.conv2,0.002612199867144227
200,blocks.49.conv1,0.002789943479001522
200,blocks.49.conv2,0.002379262587055564
200,mean_conv2d_grad_norm,0.003649466825501606
