epoch,layer,grad_norm
1,stem.0,0.48630309104919434
1,blocks.0.conv1,0.2809908986091614
1,blocks.0.conv2,0.22199326753616333
1,blocks.0.gate_conv,0.004008222837001085
1,blocks.1.conv1,0.19470874965190887
1,blocks.1.conv2,0.163445383310318
1,blocks.1.gate_conv,0.004691867157816887
1,blocks.2.conv1,0.1495349258184433
1,blocks.2.conv2,0.12385337799787521
1,blocks.2.gate_conv,0.005766010377556086
1,blocks.3.conv1,0.1082422286272049
1,blocks.3.conv2,0.11927752196788788
1,blocks.3.gate_conv,0.005350281484425068
1,blocks.4.conv1,0.10409297794103622
1,blocks.4.conv2,0.0955117791891098
1,blocks.4.gate_conv,0.005638353060930967
1,blocks.5.conv1,0.08457543700933456
1,blocks.5.conv2,0.07340259104967117
1,blocks.5.gate_conv,0.004946291446685791
1,blocks.6.conv1,0.07099252939224243
1,blocks.6.conv2,0.07456692308187485
1,blocks.6.gate_conv,0.004705207422375679
1,blocks.7.conv1,0.0633571669459343
1,blocks.7.conv2,0.07477851212024689
1,blocks.7.gate_conv,0.0045577180571854115
1,blocks.8.conv1,0.06918353587388992
1,blocks.8.conv2,0.05903104320168495
1,blocks.8.gate_conv,0.0037506071384996176
1,blocks.9.conv1,0.05596749484539032
1,blocks.9.conv2,0.05721036344766617
1,blocks.9.gate_conv,0.003526595886796713
1,blocks.10.conv1,0.060137514024972916
1,blocks.10.conv2,0.05125192552804947
1,blocks.10.gate_conv,0.003961768001317978
1,blocks.11.conv1,0.05769825726747513
1,blocks.11.conv2,0.04794340580701828
1,blocks.11.gate_conv,0.003800994250923395
1,blocks.12.conv1,0.04801269993185997
1,blocks.12.conv2,0.05053078755736351
1,blocks.12.gate_conv,0.004093401599675417
1,blocks.13.conv1,0.04066848382353783
1,blocks.13.conv2,0.04518695920705795
1,blocks.13.gate_conv,0.004167067352682352
1,blocks.14.conv1,0.0427078939974308
1,blocks.14.conv2,0.045704685151576996
1,blocks.14.gate_conv,0.005429818760603666
1,blocks.15.conv1,0.04782940819859505
1,blocks.15.conv2,0.045145317912101746
1,blocks.15.gate_conv,0.003762555308640003
1,blocks.16.conv1,0.04354138672351837
1,blocks.16.conv2,0.04574497789144516
1,blocks.16.gate_conv,0.005501638166606426
1,blocks.17.conv1,0.03977254033088684
1,blocks.17.conv2,0.046456657350063324
1,blocks.17.gate_conv,0.004634404089301825
1,blocks.18.conv1,0.0466744638979435
1,blocks.18.conv2,0.04866233840584755
1,blocks.18.gate_conv,0.005699287634342909
1,blocks.19.conv1,0.04400162771344185
1,blocks.19.conv2,0.04488169029355049
1,blocks.19.gate_conv,0.004686575382947922
1,blocks.20.conv1,0.044562727212905884
1,blocks.20.conv2,0.04695730283856392
1,blocks.20.gate_conv,0.0053177932277321815
1,blocks.21.conv1,0.04365641251206398
1,blocks.21.conv2,0.04219299554824829
1,blocks.21.gate_conv,0.005864995066076517
1,blocks.22.conv1,0.04162803664803505
1,blocks.22.conv2,0.04003152996301651
1,blocks.22.gate_conv,0.004732001572847366
1,blocks.23.conv1,0.039593882858753204
1,blocks.23.conv2,0.041846323758363724
1,blocks.23.gate_conv,0.004833015147596598
1,blocks.24.conv1,0.03961896896362305
1,blocks.24.conv2,0.03967560827732086
1,blocks.24.gate_conv,0.006530154962092638
1,blocks.25.conv1,0.03555405139923096
1,blocks.25.conv2,0.038589030504226685
1,blocks.25.gate_conv,0.006666810251772404
1,blocks.26.conv1,0.03557810187339783
1,blocks.26.conv2,0.038362711668014526
1,blocks.26.gate_conv,0.005825879983603954
1,blocks.27.conv1,0.03730659931898117
1,blocks.27.conv2,0.03576952591538429
1,blocks.27.gate_conv,0.005030322354286909
1,blocks.28.conv1,0.03651461750268936
1,blocks.28.conv2,0.03760700300335884
1,blocks.28.gate_conv,0.0065038506872951984
1,blocks.29.conv1,0.03704537823796272
1,blocks.29.conv2,0.040541984140872955
1,blocks.29.gate_conv,0.0058311703614890575
1,blocks.30.conv1,0.038491882383823395
1,blocks.30.conv2,0.03994480147957802
1,blocks.30.gate_conv,0.005965680815279484
1,blocks.31.conv1,0.036738183349370956
1,blocks.31.conv2,0.04028771445155144
1,blocks.31.gate_conv,0.008355789817869663
1,mean_conv2d_grad_norm,0.04933818889849041
2,stem.0,0.8294652700424194
2,blocks.0.conv1,0.5736131072044373
2,blocks.0.conv2,0.5089104175567627
2,blocks.0.gate_conv,0.00794391892850399
2,blocks.1.conv1,0.38846322894096375
2,blocks.1.conv2,0.35186222195625305
2,blocks.1.gate_conv,0.009088047780096531
2,blocks.2.conv1,0.2687588036060333
2,blocks.2.conv2,0.25827154517173767
2,blocks.2.gate_conv,0.013564527966082096
2,blocks.3.conv1,0.23132406175136566
2,blocks.3.conv2,0.23416268825531006
2,blocks.3.gate_conv,0.019431453198194504
2,blocks.4.conv1,0.19494949281215668
2,blocks.4.conv2,0.19169394671916962
2,blocks.4.gate_conv,0.017387304455041885
2,blocks.5.conv1,0.17828986048698425
2,blocks.5.conv2,0.18626852333545685
2,blocks.5.gate_conv,0.019896134734153748
2,blocks.6.conv1,0.16117699444293976
2,blocks.6.conv2,0.1594017744064331
2,blocks.6.gate_conv,0.023159997537732124
2,blocks.7.conv1,0.14503107964992523
2,blocks.7.conv2,0.13629306852817535
2,blocks.7.gate_conv,0.023221326991915703
2,blocks.8.conv1,0.15776196122169495
2,blocks.8.conv2,0.15714684128761292
2,blocks.8.gate_conv,0.022214459255337715
2,blocks.9.conv1,0.10254175215959549
2,blocks.9.conv2,0.12744812667369843
2,blocks.9.gate_conv,0.012770422734320164
2,blocks.10.conv1,0.12513084709644318
2,blocks.10.conv2,0.1386275291442871
2,blocks.10.gate_conv,0.019851766526699066
2,blocks.11.conv1,0.13427309691905975
2,blocks.11.conv2,0.1369672417640686
2,blocks.11.gate_conv,0.022670788690447807
2,blocks.12.conv1,0.10176429152488708
2,blocks.12.conv2,0.10246384888887405
2,blocks.12.gate_conv,0.040520742535591125
2,blocks.13.conv1,0.10376546531915665
2,blocks.13.conv2,0.1320047825574875
2,blocks.13.gate_conv,0.013212975114583969
2,blocks.14.conv1,0.09652594476938248
2,blocks.14.conv2,0.09688036143779755
2,blocks.14.gate_conv,0.025006640702486038
2,blocks.15.conv1,0.09160387516021729
2,blocks.15.conv2,0.08561886101961136
2,blocks.15.gate_conv,0.027580250054597855
2,blocks.16.conv1,0.08311526477336884
2,blocks.16.conv2,0.08838487416505814
2,blocks.16.gate_conv,0.03050812892615795
2,blocks.17.conv1,0.10999500006437302
2,blocks.17.conv2,0.12566305696964264
2,blocks.17.gate_conv,0.018928665667772293
2,blocks.18.conv1,0.10536056756973267
2,blocks.18.conv2,0.10707066208124161
2,blocks.18.gate_conv,0.019810067489743233
2,blocks.19.conv1,0.09036833792924881
2,blocks.19.conv2,0.10701096057891846
2,blocks.19.gate_conv,0.01576959900557995
2,blocks.20.conv1,0.10651610046625137
2,blocks.20.conv2,0.10196014493703842
2,blocks.20.gate_conv,0.02608725242316723
2,blocks.21.conv1,0.11286274343729019
2,blocks.21.conv2,0.1223350539803505
2,blocks.21.gate_conv,0.03797101229429245
2,blocks.22.conv1,0.10426707565784454
2,blocks.22.conv2,0.09888486564159393
2,blocks.22.gate_conv,0.037633802741765976
2,blocks.23.conv1,0.10228568315505981
2,blocks.23.conv2,0.1011190339922905
2,blocks.23.gate_conv,0.0285157673060894
2,blocks.24.conv1,0.09651902318000793
2,blocks.24.conv2,0.09239006042480469
2,blocks.24.gate_conv,0.034599896520376205
2,blocks.25.conv1,0.08840547502040863
2,blocks.25.conv2,0.08354661613702774
2,blocks.25.gate_conv,0.04050254076719284
2,blocks.26.conv1,0.10720096528530121
2,blocks.26.conv2,0.09892398864030838
2,blocks.26.gate_conv,0.04036113992333412
2,blocks.27.conv1,0.10556958615779877
2,blocks.27.conv2,0.09168301522731781
2,blocks.27.gate_conv,0.045437272638082504
2,blocks.28.conv1,0.11249479651451111
2,blocks.28.conv2,0.11979018151760101
2,blocks.28.gate_conv,0.02890361100435257
2,blocks.29.conv1,0.13251584768295288
2,blocks.29.conv2,0.12356951087713242
2,blocks.29.gate_conv,0.047667816281318665
2,blocks.30.conv1,0.12343417853116989
2,blocks.30.conv2,0.1351953148841858
2,blocks.30.gate_conv,0.06049969419836998
2,blocks.31.conv1,0.12806105613708496
2,blocks.31.conv2,0.14676013588905334
2,blocks.31.gate_conv,0.045122258365154266
2,mean_conv2d_grad_norm,0.11564494198015363
3,stem.0,0.38246142864227295
3,blocks.0.conv1,0.3586510419845581
3,blocks.0.conv2,0.3555379807949066
3,blocks.0.gate_conv,0.00949634425342083
3,blocks.1.conv1,0.32067587971687317
3,blocks.1.conv2,0.33035531640052795
3,blocks.1.gate_conv,0.01271342858672142
3,blocks.2.conv1,0.27364322543144226
3,blocks.2.conv2,0.27962085604667664
3,blocks.2.gate_conv,0.014977729879319668
3,blocks.3.conv1,0.2490289807319641
3,blocks.3.conv2,0.26067838072776794
3,blocks.3.gate_conv,0.015478127636015415
3,blocks.4.conv1,0.21367673575878143
3,blocks.4.conv2,0.20976665616035461
3,blocks.4.gate_conv,0.018217651173472404
3,blocks.5.conv1,0.1834339052438736
3,blocks.5.conv2,0.18353185057640076
3,blocks.5.gate_conv,0.027333848178386688
3,blocks.6.conv1,0.17234551906585693
3,blocks.6.conv2,0.18877220153808594
3,blocks.6.gate_conv,0.02307196520268917
3,blocks.7.conv1,0.13724124431610107
3,blocks.7.conv2,0.13792254030704498
3,blocks.7.gate_conv,0.02980749122798443
3,blocks.8.conv1,0.15254975855350494
3,blocks.8.conv2,0.15250524878501892
3,blocks.8.gate_conv,0.014847568236291409
3,blocks.9.conv1,0.12891355156898499
3,blocks.9.conv2,0.14299044013023376
3,blocks.9.gate_conv,0.011465704068541527
3,blocks.10.conv1,0.11954732239246368
3,blocks.10.conv2,0.12538780272006989
3,blocks.10.gate_conv,0.018240679055452347
3,blocks.11.conv1,0.11032458394765854
3,blocks.11.conv2,0.10607673227787018
3,blocks.11.gate_conv,0.012543107382953167
3,blocks.12.conv1,0.1035330668091774
3,blocks.12.conv2,0.105856753885746
3,blocks.12.gate_conv,0.012346936389803886
3,blocks.13.conv1,0.09622611105442047
3,blocks.13.conv2,0.10896605253219604
3,blocks.13.gate_conv,0.011591612361371517
3,blocks.14.conv1,0.09039033949375153
3,blocks.14.conv2,0.094098761677742
3,blocks.14.gate_conv,0.010288704186677933
3,blocks.15.conv1,0.08697940409183502
3,blocks.15.conv2,0.08104968816041946
3,blocks.15.gate_conv,0.008674288168549538
3,blocks.16.conv1,0.08469311147928238
3,blocks.16.conv2,0.08574219048023224
3,blocks.16.gate_conv,0.015876587480306625
3,blocks.17.conv1,0.09093402326107025
3,blocks.17.conv2,0.08365921676158905
3,blocks.17.gate_conv,0.009818894788622856
3,blocks.18.conv1,0.10668332874774933
3,blocks.18.conv2,0.11745258420705795
3,blocks.18.gate_conv,0.010339830070734024
3,blocks.19.conv1,0.08132936805486679
3,blocks.19.conv2,0.09494222700595856
3,blocks.19.gate_conv,0.009900185279548168
3,blocks.20.conv1,0.07611793279647827
3,blocks.20.conv2,0.07822815328836441
3,blocks.20.gate_conv,0.011999431997537613
3,blocks.21.conv1,0.09129969775676727
3,blocks.21.conv2,0.09332721680402756
3,blocks.21.gate_conv,0.014137513935565948
3,blocks.22.conv1,0.08717624098062515
3,blocks.22.conv2,0.07737918198108673
3,blocks.22.gate_conv,0.028800472617149353
3,blocks.23.conv1,0.0928439050912857
3,blocks.23.conv2,0.09637640416622162
3,blocks.23.gate_conv,0.013058625161647797
3,blocks.24.conv1,0.1219683364033699
3,blocks.24.conv2,0.130752295255661
3,blocks.24.gate_conv,0.02968229167163372
3,blocks.25.conv1,0.08767630904912949
3,blocks.25.conv2,0.09122432768344879
3,blocks.25.gate_conv,0.02356194518506527
3,blocks.26.conv1,0.08557484298944473
3,blocks.26.conv2,0.09534551948308945
3,blocks.26.gate_conv,0.02121174894273281
3,blocks.27.conv1,0.10487396270036697
3,blocks.27.conv2,0.09667599946260452
3,blocks.27.gate_conv,0.022979360073804855
3,blocks.28.conv1,0.11178863048553467
3,blocks.28.conv2,0.10478553175926208
3,blocks.28.gate_conv,0.0227957833558321
3,blocks.29.conv1,0.11298800259828568
3,blocks.29.conv2,0.1294621080160141
3,blocks.29.gate_conv,0.04302164167165756
3,blocks.30.conv1,0.1376190185546875
3,blocks.30.conv2,0.15658067166805267
3,blocks.30.gate_conv,0.050450727343559265
3,blocks.31.conv1,0.13448728621006012
3,blocks.31.conv2,0.15398983657360077
3,blocks.31.gate_conv,0.08037298172712326
3,mean_conv2d_grad_norm,0.10304969103680443
4,stem.0,0.4075429141521454
4,blocks.0.conv1,0.3292410671710968
4,blocks.0.conv2,0.3212582767009735
4,blocks.0.gate_conv,0.008874873630702496
4,blocks.1.conv1,0.28298336267471313
4,blocks.1.conv2,0.2950019836425781
4,blocks.1.gate_conv,0.01081075519323349
4,blocks.2.conv1,0.22860020399093628
4,blocks.2.conv2,0.23843123018741608
4,blocks.2.gate_conv,0.016059022396802902
4,blocks.3.conv1,0.20096001029014587
4,blocks.3.conv2,0.19373850524425507
4,blocks.3.gate_conv,0.02096342295408249
4,blocks.4.conv1,0.1588977724313736
4,blocks.4.conv2,0.1543489247560501
4,blocks.4.gate_conv,0.016923878341913223
4,blocks.5.conv1,0.13460271060466766
4,blocks.5.conv2,0.13617056608200073
4,blocks.5.gate_conv,0.018265191465616226
4,blocks.6.conv1,0.12457617372274399
4,blocks.6.conv2,0.11851940304040909
4,blocks.6.gate_conv,0.018604617565870285
4,blocks.7.conv1,0.10005640983581543
4,blocks.7.conv2,0.11167844384908676
4,blocks.7.gate_conv,0.018177909776568413
4,blocks.8.conv1,0.11886639893054962
4,blocks.8.conv2,0.11531848460435867
4,blocks.8.gate_conv,0.008729866705834866
4,blocks.9.conv1,0.08772898465394974
4,blocks.9.conv2,0.09049080312252045
4,blocks.9.gate_conv,0.008906001225113869
4,blocks.10.conv1,0.0953584834933281
4,blocks.10.conv2,0.10227695852518082
4,blocks.10.gate_conv,0.013315334916114807
4,blocks.11.conv1,0.07846544682979584
4,blocks.11.conv2,0.0833728015422821
4,blocks.11.gate_conv,0.016968578100204468
4,blocks.12.conv1,0.07830526679754257
4,blocks.12.conv2,0.08139374107122421
4,blocks.12.gate_conv,0.015130700543522835
4,blocks.13.conv1,0.086710624396801
4,blocks.13.conv2,0.09955978393554688
4,blocks.13.gate_conv,0.00970032811164856
4,blocks.14.conv1,0.0721171498298645
4,blocks.14.conv2,0.06846584379673004
4,blocks.14.gate_conv,0.012440981343388557
4,blocks.15.conv1,0.07657399028539658
4,blocks.15.conv2,0.07582242786884308
4,blocks.15.gate_conv,0.008597872219979763
4,blocks.16.conv1,0.06868739426136017
4,blocks.16.conv2,0.06145723536610603
4,blocks.16.gate_conv,0.013145956210792065
4,blocks.17.conv1,0.06590821593999863
4,blocks.17.conv2,0.0714368149638176
4,blocks.17.gate_conv,0.011870315298438072
4,blocks.18.conv1,0.07384983450174332
4,blocks.18.conv2,0.06997763365507126
4,blocks.18.gate_conv,0.012227850034832954
4,blocks.19.conv1,0.06004314124584198
4,blocks.19.conv2,0.07080310583114624
4,blocks.19.gate_conv,0.010153506882488728
4,blocks.20.conv1,0.06695449352264404
4,blocks.20.conv2,0.07763580977916718
4,blocks.20.gate_conv,0.013762274757027626
4,blocks.21.conv1,0.0738472118973732
4,blocks.21.conv2,0.06687390804290771
4,blocks.21.gate_conv,0.012294791638851166
4,blocks.22.conv1,0.06265339255332947
4,blocks.22.conv2,0.05552736669778824
4,blocks.22.gate_conv,0.011839812621474266
4,blocks.23.conv1,0.06388307362794876
4,blocks.23.conv2,0.07403299957513809
4,blocks.23.gate_conv,0.013550030067563057
4,blocks.24.conv1,0.09065987914800644
4,blocks.24.conv2,0.11664021760225296
4,blocks.24.gate_conv,0.020139483734965324
4,blocks.25.conv1,0.07059337198734283
4,blocks.25.conv2,0.0800696313381195
4,blocks.25.gate_conv,0.015934931114315987
4,blocks.26.conv1,0.08618830144405365
4,blocks.26.conv2,0.0805843323469162
4,blocks.26.gate_conv,0.012598657980561256
4,blocks.27.conv1,0.07505373656749725
4,blocks.27.conv2,0.07418334484100342
4,blocks.27.gate_conv,0.0133359981700778
4,blocks.28.conv1,0.09020569920539856
4,blocks.28.conv2,0.13216398656368256
4,blocks.28.gate_conv,0.03555656969547272
4,blocks.29.conv1,0.12359943240880966
4,blocks.29.conv2,0.11837194859981537
4,blocks.29.gate_conv,0.043453436344861984
4,blocks.30.conv1,0.1598256528377533
4,blocks.30.conv2,0.16902942955493927
4,blocks.30.gate_conv,0.03907689452171326
4,blocks.31.conv1,0.1528821736574173
4,blocks.31.conv2,0.16342251002788544
4,blocks.31.gate_conv,0.042832039296627045
4,mean_conv2d_grad_norm,0.08617239495374493
5,stem.0,0.29932379722595215
5,blocks.0.conv1,0.2416713535785675
5,blocks.0.conv2,0.23919831216335297
5,blocks.0.gate_conv,0.007695230655372143
5,blocks.1.conv1,0.23933444917201996
5,blocks.1.conv2,0.23165476322174072
5,blocks.1.gate_conv,0.009724555537104607
5,blocks.2.conv1,0.18872405588626862
5,blocks.2.conv2,0.18274235725402832
5,blocks.2.gate_conv,0.011895806528627872
5,blocks.3.conv1,0.17449434101581573
5,blocks.3.conv2,0.17912180721759796
5,blocks.3.gate_conv,0.012728787958621979
5,blocks.4.conv1,0.14724473655223846
5,blocks.4.conv2,0.1398894190788269
5,blocks.4.gate_conv,0.016825003549456596
5,blocks.5.conv1,0.13165466487407684
5,blocks.5.conv2,0.1335911899805069
5,blocks.5.gate_conv,0.017531052231788635
5,blocks.6.conv1,0.11253391951322556
5,blocks.6.conv2,0.11751828342676163
5,blocks.6.gate_conv,0.03342992439866066
5,blocks.7.conv1,0.10428968816995621
5,blocks.7.conv2,0.10639359056949615
5,blocks.7.gate_conv,0.017868462949991226
5,blocks.8.conv1,0.10641884058713913
5,blocks.8.conv2,0.11892376840114594
5,blocks.8.gate_conv,0.012747975997626781
5,blocks.9.conv1,0.0820058211684227
5,blocks.9.conv2,0.09346984326839447
5,blocks.9.gate_conv,0.008409261703491211
5,blocks.10.conv1,0.0910811647772789
5,blocks.10.conv2,0.08904530853033066
5,blocks.10.gate_conv,0.011654808185994625
5,blocks.11.conv1,0.06976024061441422
5,blocks.11.conv2,0.0735086128115654
5,blocks.11.gate_conv,0.009854920208454132
5,blocks.12.conv1,0.07068649679422379
5,blocks.12.conv2,0.07102049887180328
5,blocks.12.gate_conv,0.01523625385016203
5,blocks.13.conv1,0.0653124675154686
5,blocks.13.conv2,0.06671605259180069
5,blocks.13.gate_conv,0.00913661252707243
5,blocks.14.conv1,0.07036874443292618
5,blocks.14.conv2,0.07103098928928375
5,blocks.14.gate_conv,0.017650989815592766
5,blocks.15.conv1,0.06510185450315475
5,blocks.15.conv2,0.06485188752412796
5,blocks.15.gate_conv,0.010308150202035904
5,blocks.16.conv1,0.051218777894973755
5,blocks.16.conv2,0.05532102659344673
5,blocks.16.gate_conv,0.009302466176450253
5,blocks.17.conv1,0.056322548538446426
5,blocks.17.conv2,0.06020099297165871
5,blocks.17.gate_conv,0.01311788335442543
5,blocks.18.conv1,0.06854267418384552
5,blocks.18.conv2,0.05955546721816063
5,blocks.18.gate_conv,0.015507408417761326
5,blocks.19.conv1,0.059111084789037704
5,blocks.19.conv2,0.06085898354649544
5,blocks.19.gate_conv,0.01606614701449871
5,blocks.20.conv1,0.05116164684295654
5,blocks.20.conv2,0.052341528236866
5,blocks.20.gate_conv,0.012431282550096512
5,blocks.21.conv1,0.05672123283147812
5,blocks.21.conv2,0.060740865767002106
5,blocks.21.gate_conv,0.014124133624136448
5,blocks.22.conv1,0.06405220180749893
5,blocks.22.conv2,0.06207233667373657
5,blocks.22.gate_conv,0.013699769973754883
5,blocks.23.conv1,0.05599145218729973
5,blocks.23.conv2,0.05361911654472351
5,blocks.23.gate_conv,0.0143587626516819
5,blocks.24.conv1,0.06794895976781845
5,blocks.24.conv2,0.06297705322504044
5,blocks.24.gate_conv,0.018853958696126938
5,blocks.25.conv1,0.060932889580726624
5,blocks.25.conv2,0.05986426770687103
5,blocks.25.gate_conv,0.017173562198877335
5,blocks.26.conv1,0.05963323265314102
5,blocks.26.conv2,0.0655343234539032
5,blocks.26.gate_conv,0.015160663053393364
5,blocks.27.conv1,0.06866690516471863
5,blocks.27.conv2,0.06269697844982147
5,blocks.27.gate_conv,0.01880224049091339
5,blocks.28.conv1,0.08879664540290833
5,blocks.28.conv2,0.0828232616186142
5,blocks.28.gate_conv,0.023232847452163696
5,blocks.29.conv1,0.11029952764511108
5,blocks.29.conv2,0.11009197682142258
5,blocks.29.gate_conv,0.03764715418219566
5,blocks.30.conv1,0.1221170723438263
5,blocks.30.conv2,0.12903575599193573
5,blocks.30.gate_conv,0.057895734906196594
5,blocks.31.conv1,0.13181409239768982
5,blocks.31.conv2,0.13836926221847534
5,blocks.31.gate_conv,0.029987674206495285
5,mean_conv2d_grad_norm,0.07358945306083284
6,stem.0,0.22076672315597534
6,blocks.0.conv1,0.22367547452449799
6,blocks.0.conv2,0.23015767335891724
6,blocks.0.gate_conv,0.00881872233003378
6,blocks.1.conv1,0.2218322902917862
6,blocks.1.conv2,0.21702376008033752
6,blocks.1.gate_conv,0.011507083661854267
6,blocks.2.conv1,0.2002086192369461
6,blocks.2.conv2,0.19281785190105438
6,blocks.2.gate_conv,0.014398039318621159
6,blocks.3.conv1,0.18292681872844696
6,blocks.3.conv2,0.18676424026489258
6,blocks.3.gate_conv,0.0199026670306921
6,blocks.4.conv1,0.1498635858297348
6,blocks.4.conv2,0.15873195230960846
6,blocks.4.gate_conv,0.019996963441371918
6,blocks.5.conv1,0.14379830658435822
6,blocks.5.conv2,0.14505749940872192
6,blocks.5.gate_conv,0.017477627843618393
6,blocks.6.conv1,0.13907359540462494
6,blocks.6.conv2,0.12925417721271515
6,blocks.6.gate_conv,0.023090234026312828
6,blocks.7.conv1,0.10076253861188889
6,blocks.7.conv2,0.10228370130062103
6,blocks.7.gate_conv,0.015772970393300056
6,blocks.8.conv1,0.10718467831611633
6,blocks.8.conv2,0.10983403772115707
6,blocks.8.gate_conv,0.013434797525405884
6,blocks.9.conv1,0.08349546045064926
6,blocks.9.conv2,0.08719760179519653
6,blocks.9.gate_conv,0.011217559687793255
6,blocks.10.conv1,0.08099552989006042
6,blocks.10.conv2,0.08436178416013718
6,blocks.10.gate_conv,0.011594912968575954
6,blocks.11.conv1,0.06823841482400894
6,blocks.11.conv2,0.07109255343675613
6,blocks.11.gate_conv,0.01109161414206028
6,blocks.12.conv1,0.06013937294483185
6,blocks.12.conv2,0.06165996566414833
6,blocks.12.gate_conv,0.011593778617680073
6,blocks.13.conv1,0.05988962948322296
6,blocks.13.conv2,0.06872808933258057
6,blocks.13.gate_conv,0.009885258972644806
6,blocks.14.conv1,0.06582534313201904
6,blocks.14.conv2,0.06525801867246628
6,blocks.14.gate_conv,0.010302870534360409
6,blocks.15.conv1,0.053618185222148895
6,blocks.15.conv2,0.0518546886742115
6,blocks.15.gate_conv,0.011165793053805828
6,blocks.16.conv1,0.0570126511156559
6,blocks.16.conv2,0.05150904878973961
6,blocks.16.gate_conv,0.01076994277536869
6,blocks.17.conv1,0.05654124543070793
6,blocks.17.conv2,0.05449683219194412
6,blocks.17.gate_conv,0.007982256822288036
6,blocks.18.conv1,0.05379345268011093
6,blocks.18.conv2,0.054073866456747055
6,blocks.18.gate_conv,0.011031512171030045
6,blocks.19.conv1,0.049746982753276825
6,blocks.19.conv2,0.05956561863422394
6,blocks.19.gate_conv,0.008773671463131905
6,blocks.20.conv1,0.052981600165367126
6,blocks.20.conv2,0.05285611003637314
6,blocks.20.gate_conv,0.012683804146945477
6,blocks.21.conv1,0.052228961139917374
6,blocks.21.conv2,0.05467483401298523
6,blocks.21.gate_conv,0.009050612337887287
6,blocks.22.conv1,0.05604188144207001
6,blocks.22.conv2,0.049237966537475586
6,blocks.22.gate_conv,0.010563189163804054
6,blocks.23.conv1,0.056186072528362274
6,blocks.23.conv2,0.058306265622377396
6,blocks.23.gate_conv,0.010524554178118706
6,blocks.24.conv1,0.07084064185619354
6,blocks.24.conv2,0.07232451438903809
6,blocks.24.gate_conv,0.014336513355374336
6,blocks.25.conv1,0.06882819533348083
6,blocks.25.conv2,0.06303426623344421
6,blocks.25.gate_conv,0.011921393685042858
6,blocks.26.conv1,0.054459914565086365
6,blocks.26.conv2,0.05398556962609291
6,blocks.26.gate_conv,0.009573007933795452
6,blocks.27.conv1,0.06765254586935043
6,blocks.27.conv2,0.060896821320056915
6,blocks.27.gate_conv,0.012016900815069675
6,blocks.28.conv1,0.08677944540977478
6,blocks.28.conv2,0.08130025118589401
6,blocks.28.gate_conv,0.01910657063126564
6,blocks.29.conv1,0.11731227487325668
6,blocks.29.conv2,0.11363475024700165
6,blocks.29.gate_conv,0.03205491974949837
6,blocks.30.conv1,0.137545645236969
6,blocks.30.conv2,0.13406887650489807
6,blocks.30.gate_conv,0.04223041608929634
6,blocks.31.conv1,0.12369119375944138
6,blocks.31.conv2,0.12125372886657715
6,blocks.31.gate_conv,0.03234007954597473
6,mean_conv2d_grad_norm,0.07110767448609023
7,stem.0,0.18062199652194977
7,blocks.0.conv1,0.19003409147262573
7,blocks.0.conv2,0.20273342728614807
7,blocks.0.gate_conv,0.007344753947108984
7,blocks.1.conv1,0.1972859650850296
7,blocks.1.conv2,0.1831074208021164
7,blocks.1.gate_conv,0.010140120051801205
7,blocks.2.conv1,0.1680603176355362
7,blocks.2.conv2,0.15887288749217987
7,blocks.2.gate_conv,0.011889573186635971
7,blocks.3.conv1,0.16328884661197662
7,blocks.3.conv2,0.15886448323726654
7,blocks.3.gate_conv,0.013573876582086086
7,blocks.4.conv1,0.13799604773521423
7,blocks.4.conv2,0.14065298438072205
7,blocks.4.gate_conv,0.014723687432706356
7,blocks.5.conv1,0.143014058470726
7,blocks.5.conv2,0.13498999178409576
7,blocks.5.gate_conv,0.0178434569388628
7,blocks.6.conv1,0.1159953624010086
7,blocks.6.conv2,0.12221993505954742
7,blocks.6.gate_conv,0.01567297801375389
7,blocks.7.conv1,0.09878150373697281
7,blocks.7.conv2,0.09638240933418274
7,blocks.7.gate_conv,0.011180922389030457
7,blocks.8.conv1,0.09186331182718277
7,blocks.8.conv2,0.09930187463760376
7,blocks.8.gate_conv,0.009387888945639133
7,blocks.9.conv1,0.08342006057500839
7,blocks.9.conv2,0.08168981224298477
7,blocks.9.gate_conv,0.008512741886079311
7,blocks.10.conv1,0.08092746138572693
7,blocks.10.conv2,0.07831919938325882
7,blocks.10.gate_conv,0.01141365896910429
7,blocks.11.conv1,0.06624957174062729
7,blocks.11.conv2,0.06137415021657944
7,blocks.11.gate_conv,0.008328686468303204
7,blocks.12.conv1,0.06391569972038269
7,blocks.12.conv2,0.058661188930273056
7,blocks.12.gate_conv,0.008823920041322708
7,blocks.13.conv1,0.05766480788588524
7,blocks.13.conv2,0.05944329872727394
7,blocks.13.gate_conv,0.0065228138118982315
7,blocks.14.conv1,0.06106879934668541
7,blocks.14.conv2,0.0651387944817543
7,blocks.14.gate_conv,0.007055130321532488
7,blocks.15.conv1,0.05317821353673935
7,blocks.15.conv2,0.054526764899492264
7,blocks.15.gate_conv,0.00677431421354413
7,blocks.16.conv1,0.05343698337674141
7,blocks.16.conv2,0.050227098166942596
7,blocks.16.gate_conv,0.009266644716262817
7,blocks.17.conv1,0.05125165730714798
7,blocks.17.conv2,0.05353111773729324
7,blocks.17.gate_conv,0.0063146003521978855
7,blocks.18.conv1,0.05532839894294739
7,blocks.18.conv2,0.054664235562086105
7,blocks.18.gate_conv,0.006020661909133196
7,blocks.19.conv1,0.05244721099734306
7,blocks.19.conv2,0.051354534924030304
7,blocks.19.gate_conv,0.008991079404950142
7,blocks.20.conv1,0.0496736504137516
7,blocks.20.conv2,0.04547422006726265
7,blocks.20.gate_conv,0.005794613156467676
7,blocks.21.conv1,0.050826575607061386
7,blocks.21.conv2,0.05278266966342926
7,blocks.21.gate_conv,0.009713482111692429
7,blocks.22.conv1,0.053740907460451126
7,blocks.22.conv2,0.054284412413835526
7,blocks.22.gate_conv,0.014330608770251274
7,blocks.23.conv1,0.061919525265693665
7,blocks.23.conv2,0.057105034589767456
7,blocks.23.gate_conv,0.012833956629037857
7,blocks.24.conv1,0.06160750240087509
7,blocks.24.conv2,0.06940476596355438
7,blocks.24.gate_conv,0.012362685054540634
7,blocks.25.conv1,0.06645938009023666
7,blocks.25.conv2,0.06967344135046005
7,blocks.25.gate_conv,0.013308079913258553
7,blocks.26.conv1,0.060775116086006165
7,blocks.26.conv2,0.05440421402454376
7,blocks.26.gate_conv,0.01076087262481451
7,blocks.27.conv1,0.060110315680503845
7,blocks.27.conv2,0.05693557485938072
7,blocks.27.gate_conv,0.013507292605936527
7,blocks.28.conv1,0.08064202219247818
7,blocks.28.conv2,0.06813488900661469
7,blocks.28.gate_conv,0.023154500871896744
7,blocks.29.conv1,0.10281085222959518
7,blocks.29.conv2,0.09727593511343002
7,blocks.29.gate_conv,0.03321010619401932
7,blocks.30.conv1,0.11780517548322678
7,blocks.30.conv2,0.12265285104513168
7,blocks.30.gate_conv,0.041352953761816025
7,blocks.31.conv1,0.11954154074192047
7,blocks.31.conv2,0.11117708683013916
7,blocks.31.gate_conv,0.022662349045276642
7,mean_conv2d_grad_norm,0.06484408911855258
8,stem.0,0.1880008578300476
8,blocks.0.conv1,0.22659935057163239
8,blocks.0.conv2,0.21665555238723755
8,blocks.0.gate_conv,0.007679672446101904
8,blocks.1.conv1,0.22276076674461365
8,blocks.1.conv2,0.20997266471385956
8,blocks.1.gate_conv,0.010210944339632988
8,blocks.2.conv1,0.17911215126514435
8,blocks.2.conv2,0.17951571941375732
8,blocks.2.gate_conv,0.016212617978453636
8,blocks.3.conv1,0.17858631908893585
8,blocks.3.conv2,0.16913217306137085
8,blocks.3.gate_conv,0.014561486430466175
8,blocks.4.conv1,0.1385706067085266
8,blocks.4.conv2,0.1375626176595688
8,blocks.4.gate_conv,0.016297750174999237
8,blocks.5.conv1,0.13355949521064758
8,blocks.5.conv2,0.13755027949810028
8,blocks.5.gate_conv,0.017457054927945137
8,blocks.6.conv1,0.11726236343383789
8,blocks.6.conv2,0.12349775433540344
8,blocks.6.gate_conv,0.018264656886458397
8,blocks.7.conv1,0.09838446229696274
8,blocks.7.conv2,0.1015547439455986
8,blocks.7.gate_conv,0.015147734433412552
8,blocks.8.conv1,0.10909071564674377
8,blocks.8.conv2,0.10976022481918335
8,blocks.8.gate_conv,0.015302644111216068
8,blocks.9.conv1,0.09762825816869736
8,blocks.9.conv2,0.10796017944812775
8,blocks.9.gate_conv,0.009735551662743092
8,blocks.10.conv1,0.08786081522703171
8,blocks.10.conv2,0.08933745324611664
8,blocks.10.gate_conv,0.010527742095291615
8,blocks.11.conv1,0.07961242645978928
8,blocks.11.conv2,0.07635673880577087
8,blocks.11.gate_conv,0.012910431250929832
8,blocks.12.conv1,0.06687620282173157
8,blocks.12.conv2,0.07253231108188629
8,blocks.12.gate_conv,0.012426658533513546
8,blocks.13.conv1,0.07445698976516724
8,blocks.13.conv2,0.0743529349565506
8,blocks.13.gate_conv,0.008914994075894356
8,blocks.14.conv1,0.06920944899320602
8,blocks.14.conv2,0.06828665733337402
8,blocks.14.gate_conv,0.00934937410056591
8,blocks.15.conv1,0.0615340992808342
8,blocks.15.conv2,0.06387751549482346
8,blocks.15.gate_conv,0.008084138855338097
8,blocks.16.conv1,0.05622025206685066
8,blocks.16.conv2,0.054649051278829575
8,blocks.16.gate_conv,0.010752423666417599
8,blocks.17.conv1,0.0550839900970459
8,blocks.17.conv2,0.05693211033940315
8,blocks.17.gate_conv,0.007673269137740135
8,blocks.18.conv1,0.0629979744553566
8,blocks.18.conv2,0.062080416828393936
8,blocks.18.gate_conv,0.010059061460196972
8,blocks.19.conv1,0.056116387248039246
8,blocks.19.conv2,0.05627891793847084
8,blocks.19.gate_conv,0.009132588282227516
8,blocks.20.conv1,0.05647038668394089
8,blocks.20.conv2,0.0602712482213974
8,blocks.20.gate_conv,0.010354763828217983
8,blocks.21.conv1,0.05962173268198967
8,blocks.21.conv2,0.061860233545303345
8,blocks.21.gate_conv,0.008981648832559586
8,blocks.22.conv1,0.06272928416728973
8,blocks.22.conv2,0.05464225262403488
8,blocks.22.gate_conv,0.011185973882675171
8,blocks.23.conv1,0.06513723731040955
8,blocks.23.conv2,0.0686110258102417
8,blocks.23.gate_conv,0.01010705716907978
8,blocks.24.conv1,0.06629844754934311
8,blocks.24.conv2,0.0754978358745575
8,blocks.24.gate_conv,0.012306532822549343
8,blocks.25.conv1,0.06513404101133347
8,blocks.25.conv2,0.06971429288387299
8,blocks.25.gate_conv,0.011088034138083458
8,blocks.26.conv1,0.06969713419675827
8,blocks.26.conv2,0.06948074698448181
8,blocks.26.gate_conv,0.011794871650636196
8,blocks.27.conv1,0.07400983572006226
8,blocks.27.conv2,0.06385213881731033
8,blocks.27.gate_conv,0.015202470123767853
8,blocks.28.conv1,0.08723677694797516
8,blocks.28.conv2,0.08003773540258408
8,blocks.28.gate_conv,0.019832096993923187
8,blocks.29.conv1,0.11136668920516968
8,blocks.29.conv2,0.10985608398914337
8,blocks.29.gate_conv,0.02845148928463459
8,blocks.30.conv1,0.12482825666666031
8,blocks.30.conv2,0.12682610750198364
8,blocks.30.gate_conv,0.0370037779211998
8,blocks.31.conv1,0.12404891103506088
8,blocks.31.conv2,0.13540863990783691
8,blocks.31.gate_conv,0.03426731377840042
8,mean_conv2d_grad_norm,0.07135344175237816
9,stem.0,0.2014186531305313
9,blocks.0.conv1,0.20557858049869537
9,blocks.0.conv2,0.22672736644744873
9,blocks.0.gate_conv,0.008887045085430145
9,blocks.1.conv1,0.22437676787376404
9,blocks.1.conv2,0.22784245014190674
9,blocks.1.gate_conv,0.012021442875266075
9,blocks.2.conv1,0.1950691193342209
9,blocks.2.conv2,0.1964321732521057
9,blocks.2.gate_conv,0.015249119140207767
9,blocks.3.conv1,0.19400954246520996
9,blocks.3.conv2,0.18930108845233917
9,blocks.3.gate_conv,0.01567966863512993
9,blocks.4.conv1,0.1592632383108139
9,blocks.4.conv2,0.15827107429504395
9,blocks.4.gate_conv,0.022051453590393066
9,blocks.5.conv1,0.16502271592617035
9,blocks.5.conv2,0.15932288765907288
9,blocks.5.gate_conv,0.025369999930262566
9,blocks.6.conv1,0.1339768022298813
9,blocks.6.conv2,0.1295909732580185
9,blocks.6.gate_conv,0.016306564211845398
9,blocks.7.conv1,0.09734741598367691
9,blocks.7.conv2,0.09901152551174164
9,blocks.7.gate_conv,0.015574318356812
9,blocks.8.conv1,0.12722304463386536
9,blocks.8.conv2,0.11428901553153992
9,blocks.8.gate_conv,0.012039165012538433
9,blocks.9.conv1,0.10590031743049622
9,blocks.9.conv2,0.10751862078905106
9,blocks.9.gate_conv,0.008973469026386738
9,blocks.10.conv1,0.09474682062864304
9,blocks.10.conv2,0.0880829319357872
9,blocks.10.gate_conv,0.012211652472615242
9,blocks.11.conv1,0.07411764562129974
9,blocks.11.conv2,0.0714750662446022
9,blocks.11.gate_conv,0.00963984988629818
9,blocks.12.conv1,0.06842677295207977
9,blocks.12.conv2,0.07452680915594101
9,blocks.12.gate_conv,0.01045191753655672
9,blocks.13.conv1,0.0613059364259243
9,blocks.13.conv2,0.0643039271235466
9,blocks.13.gate_conv,0.010397523641586304
9,blocks.14.conv1,0.06854967027902603
9,blocks.14.conv2,0.06399594247341156
9,blocks.14.gate_conv,0.007511610630899668
9,blocks.15.conv1,0.05525168403983116
9,blocks.15.conv2,0.05623248592019081
9,blocks.15.gate_conv,0.009211830794811249
9,blocks.16.conv1,0.06985168904066086
9,blocks.16.conv2,0.061693932861089706
9,blocks.16.gate_conv,0.011967646889388561
9,blocks.17.conv1,0.05943228304386139
9,blocks.17.conv2,0.060551729053258896
9,blocks.17.gate_conv,0.010960537008941174
9,blocks.18.conv1,0.05981733277440071
9,blocks.18.conv2,0.06448594480752945
9,blocks.18.gate_conv,0.011600838974118233
9,blocks.19.conv1,0.05146706476807594
9,blocks.19.conv2,0.05392122641205788
9,blocks.19.gate_conv,0.008656424470245838
9,blocks.20.conv1,0.05198044702410698
9,blocks.20.conv2,0.05252692848443985
9,blocks.20.gate_conv,0.008606958203017712
9,blocks.21.conv1,0.06343663483858109
9,blocks.21.conv2,0.05899845063686371
9,blocks.21.gate_conv,0.01224569883197546
9,blocks.22.conv1,0.06731214374303818
9,blocks.22.conv2,0.06315095722675323
9,blocks.22.gate_conv,0.012141294777393341
9,blocks.23.conv1,0.06057824194431305
9,blocks.23.conv2,0.058336202055215836
9,blocks.23.gate_conv,0.014319094829261303
9,blocks.24.conv1,0.06983884423971176
9,blocks.24.conv2,0.06866954267024994
9,blocks.24.gate_conv,0.013336682692170143
9,blocks.25.conv1,0.06763285398483276
9,blocks.25.conv2,0.06183191388845444
9,blocks.25.gate_conv,0.013132253661751747
9,blocks.26.conv1,0.05697668716311455
9,blocks.26.conv2,0.06153511255979538
9,blocks.26.gate_conv,0.013457417488098145
9,blocks.27.conv1,0.06548061221837997
9,blocks.27.conv2,0.059878621250391006
9,blocks.27.gate_conv,0.017113395035266876
9,blocks.28.conv1,0.08173053711652756
9,blocks.28.conv2,0.07883142679929733
9,blocks.28.gate_conv,0.018366655334830284
9,blocks.29.conv1,0.1189601942896843
9,blocks.29.conv2,0.11628297716379166
9,blocks.29.gate_conv,0.026822034269571304
9,blocks.30.conv1,0.13887639343738556
9,blocks.30.conv2,0.13782702386379242
9,blocks.30.gate_conv,0.033729132264852524
9,blocks.31.conv1,0.12352972477674484
9,blocks.31.conv2,0.13044394552707672
9,blocks.31.gate_conv,0.03678306192159653
9,mean_conv2d_grad_norm,0.07349682931029766
10,stem.0,0.270819753408432
10,blocks.0.conv1,0.2110423892736435
10,blocks.0.conv2,0.22971002757549286
10,blocks.0.gate_conv,0.009872430935502052
10,blocks.1.conv1,0.22008097171783447
10,blocks.1.conv2,0.24603335559368134
10,blocks.1.gate_conv,0.01411599200218916
10,blocks.2.conv1,0.21261389553546906
10,blocks.2.conv2,0.20494528114795685
10,blocks.2.gate_conv,0.025922009721398354
10,blocks.3.conv1,0.21922072768211365
10,blocks.3.conv2,0.20674662292003632
10,blocks.3.gate_conv,0.0170589629560709
10,blocks.4.conv1,0.19443626701831818
10,blocks.4.conv2,0.1797647327184677
10,blocks.4.gate_conv,0.022394081577658653
10,blocks.5.conv1,0.18324512243270874
10,blocks.5.conv2,0.1584869772195816
10,blocks.5.gate_conv,0.021637188270688057
10,blocks.6.conv1,0.14246250689029694
10,blocks.6.conv2,0.13757342100143433
10,blocks.6.gate_conv,0.021706702187657356
10,blocks.7.conv1,0.11914138495922089
10,blocks.7.conv2,0.12366067618131638
10,blocks.7.gate_conv,0.02412760630249977
10,blocks.8.conv1,0.14862237870693207
10,blocks.8.conv2,0.12487319856882095
10,blocks.8.gate_conv,0.01986956037580967
10,blocks.9.conv1,0.10873967409133911
10,blocks.9.conv2,0.10825711488723755
10,blocks.9.gate_conv,0.013239530846476555
10,blocks.10.conv1,0.09520410001277924
10,blocks.10.conv2,0.09502191096544266
10,blocks.10.gate_conv,0.016481300815939903
10,blocks.11.conv1,0.07932928949594498
10,blocks.11.conv2,0.08339221030473709
10,blocks.11.gate_conv,0.01383534912019968
10,blocks.12.conv1,0.07878006249666214
10,blocks.12.conv2,0.07320525497198105
10,blocks.12.gate_conv,0.013250931166112423
10,blocks.13.conv1,0.06560613214969635
10,blocks.13.conv2,0.07278481125831604
10,blocks.13.gate_conv,0.007376312743872404
10,blocks.14.conv1,0.07211882621049881
10,blocks.14.conv2,0.07151126861572266
10,blocks.14.gate_conv,0.012740639969706535
10,blocks.15.conv1,0.06148529797792435
10,blocks.15.conv2,0.06050844490528107
10,blocks.15.gate_conv,0.008977163583040237
10,blocks.16.conv1,0.05952771380543709
10,blocks.16.conv2,0.055320508778095245
10,blocks.16.gate_conv,0.009622014127671719
10,blocks.17.conv1,0.06261561065912247
10,blocks.17.conv2,0.060539379715919495
10,blocks.17.gate_conv,0.009473603218793869
10,blocks.18.conv1,0.06004273146390915
10,blocks.18.conv2,0.06066706031560898
10,blocks.18.gate_conv,0.010343695059418678
10,blocks.19.conv1,0.056884944438934326
10,blocks.19.conv2,0.05454027280211449
10,blocks.19.gate_conv,0.011656058020889759
10,blocks.20.conv1,0.055977918207645416
10,blocks.20.conv2,0.05548103526234627
10,blocks.20.gate_conv,0.0110084917396307
10,blocks.21.conv1,0.06047450751066208
10,blocks.21.conv2,0.0582440048456192
10,blocks.21.gate_conv,0.008246433921158314
10,blocks.22.conv1,0.06488213688135147
10,blocks.22.conv2,0.06532035768032074
10,blocks.22.gate_conv,0.013368002139031887
10,blocks.23.conv1,0.08092256635427475
10,blocks.23.conv2,0.07713548839092255
10,blocks.23.gate_conv,0.011813715100288391
10,blocks.24.conv1,0.08872252702713013
10,blocks.24.conv2,0.08368576318025589
10,blocks.24.gate_conv,0.01410937774926424
10,blocks.25.conv1,0.064089834690094
10,blocks.25.conv2,0.06812172383069992
10,blocks.25.gate_conv,0.010457515716552734
10,blocks.26.conv1,0.06671474874019623
10,blocks.26.conv2,0.0643230527639389
10,blocks.26.gate_conv,0.008318567648530006
10,blocks.27.conv1,0.07723218947649002
10,blocks.27.conv2,0.07089795917272568
10,blocks.27.gate_conv,0.011913886293768883
10,blocks.28.conv1,0.08150354772806168
10,blocks.28.conv2,0.07937049865722656
10,blocks.28.gate_conv,0.02111782692372799
10,blocks.29.conv1,0.12567736208438873
10,blocks.29.conv2,0.11387679725885391
10,blocks.29.gate_conv,0.0260113887488842
10,blocks.30.conv1,0.1369185894727707
10,blocks.30.conv2,0.12340617179870605
10,blocks.30.gate_conv,0.029173986986279488
10,blocks.31.conv1,0.127971351146698
10,blocks.31.conv2,0.10985299944877625
10,blocks.31.gate_conv,0.022329270839691162
10,mean_conv2d_grad_norm,0.07857664988961877
11,stem.0,0.17389751970767975
11,blocks.0.conv1,0.19983483850955963
11,blocks.0.conv2,0.2116861790418625
11,blocks.0.gate_conv,0.00848857220262289
11,blocks.1.conv1,0.2105884552001953
11,blocks.1.conv2,0.20565934479236603
11,blocks.1.gate_conv,0.010356282815337181
11,blocks.2.conv1,0.17563113570213318
11,blocks.2.conv2,0.16881787776947021
11,blocks.2.gate_conv,0.014139384962618351
11,blocks.3.conv1,0.17280083894729614
11,blocks.3.conv2,0.1608503758907318
11,blocks.3.gate_conv,0.017685772851109505
11,blocks.4.conv1,0.14722579717636108
11,blocks.4.conv2,0.1375262588262558
11,blocks.4.gate_conv,0.018597209826111794
11,blocks.5.conv1,0.14912930130958557
11,blocks.5.conv2,0.1368274688720703
11,blocks.5.gate_conv,0.026336293667554855
11,blocks.6.conv1,0.12631279230117798
11,blocks.6.conv2,0.12146234512329102
11,blocks.6.gate_conv,0.022624997422099113
11,blocks.7.conv1,0.10444776713848114
11,blocks.7.conv2,0.10284698009490967
11,blocks.7.gate_conv,0.016299471259117126
11,blocks.8.conv1,0.11327345669269562
11,blocks.8.conv2,0.10779698193073273
11,blocks.8.gate_conv,0.01281788945198059
11,blocks.9.conv1,0.09742289036512375
11,blocks.9.conv2,0.09956185519695282
11,blocks.9.gate_conv,0.014091210439801216
11,blocks.10.conv1,0.0919133648276329
11,blocks.10.conv2,0.08724428713321686
11,blocks.10.gate_conv,0.011736362241208553
11,blocks.11.conv1,0.08155498653650284
11,blocks.11.conv2,0.07980134338140488
11,blocks.11.gate_conv,0.016555367037653923
11,blocks.12.conv1,0.07698450982570648
11,blocks.12.conv2,0.07298097759485245
11,blocks.12.gate_conv,0.02127678692340851
11,blocks.13.conv1,0.06788931787014008
11,blocks.13.conv2,0.07002339512109756
11,blocks.13.gate_conv,0.008852576836943626
11,blocks.14.conv1,0.06606195867061615
11,blocks.14.conv2,0.06579005718231201
11,blocks.14.gate_conv,0.010047608986496925
11,blocks.15.conv1,0.06681227684020996
11,blocks.15.conv2,0.06294376403093338
11,blocks.15.gate_conv,0.009707735851407051
11,blocks.16.conv1,0.06152699887752533
11,blocks.16.conv2,0.057516273111104965
11,blocks.16.gate_conv,0.011283558793365955
11,blocks.17.conv1,0.0627768412232399
11,blocks.17.conv2,0.059428248554468155
11,blocks.17.gate_conv,0.009006256237626076
11,blocks.18.conv1,0.06328702718019485
11,blocks.18.conv2,0.06237861141562462
11,blocks.18.gate_conv,0.009240240789949894
11,blocks.19.conv1,0.05746115371584892
11,blocks.19.conv2,0.05690190568566322
11,blocks.19.gate_conv,0.0102994991466403
11,blocks.20.conv1,0.05439049005508423
11,blocks.20.conv2,0.05830822139978409
11,blocks.20.gate_conv,0.009837310761213303
11,blocks.21.conv1,0.06308334320783615
11,blocks.21.conv2,0.05872471258044243
11,blocks.21.gate_conv,0.01133450772613287
11,blocks.22.conv1,0.06447175145149231
11,blocks.22.conv2,0.05831525847315788
11,blocks.22.gate_conv,0.008938387967646122
11,blocks.23.conv1,0.060955408960580826
11,blocks.23.conv2,0.06134353578090668
11,blocks.23.gate_conv,0.009073613211512566
11,blocks.24.conv1,0.06945262104272842
11,blocks.24.conv2,0.0686258003115654
11,blocks.24.gate_conv,0.01272779330611229
11,blocks.25.conv1,0.07384107261896133
11,blocks.25.conv2,0.07100290805101395
11,blocks.25.gate_conv,0.012247015722095966
11,blocks.26.conv1,0.06472387164831161
11,blocks.26.conv2,0.0620783232152462
11,blocks.26.gate_conv,0.008221610449254513
11,blocks.27.conv1,0.06673410534858704
11,blocks.27.conv2,0.0659327581524849
11,blocks.27.gate_conv,0.013139981776475906
11,blocks.28.conv1,0.08317836374044418
11,blocks.28.conv2,0.08187206834554672
11,blocks.28.gate_conv,0.019270485267043114
11,blocks.29.conv1,0.11090201139450073
11,blocks.29.conv2,0.10818308591842651
11,blocks.29.gate_conv,0.028940165415406227
11,blocks.30.conv1,0.11557703465223312
11,blocks.30.conv2,0.11800266057252884
11,blocks.30.gate_conv,0.03608691319823265
11,blocks.31.conv1,0.11422266811132431
11,blocks.31.conv2,0.11298429220914841
11,blocks.31.gate_conv,0.026863155886530876
11,mean_conv2d_grad_norm,0.07049389840247705
12,stem.0,0.21353913843631744
12,blocks.0.conv1,0.190315842628479
12,blocks.0.conv2,0.21372519433498383
12,blocks.0.gate_conv,0.009465137496590614
12,blocks.1.conv1,0.2140040099620819
12,blocks.1.conv2,0.22382612526416779
12,blocks.1.gate_conv,0.01149850245565176
12,blocks.2.conv1,0.18481764197349548
12,blocks.2.conv2,0.17340584099292755
12,blocks.2.gate_conv,0.015028967522084713
12,blocks.3.conv1,0.1859266757965088
12,blocks.3.conv2,0.18070290982723236
12,blocks.3.gate_conv,0.015033688396215439
12,blocks.4.conv1,0.15620705485343933
12,blocks.4.conv2,0.1376022845506668
12,blocks.4.gate_conv,0.018674133345484734
12,blocks.5.conv1,0.13844457268714905
12,blocks.5.conv2,0.13410334289073944
12,blocks.5.gate_conv,0.016841106116771698
12,blocks.6.conv1,0.12580397725105286
12,blocks.6.conv2,0.12432896345853806
12,blocks.6.gate_conv,0.02317085675895214
12,blocks.7.conv1,0.10684476792812347
12,blocks.7.conv2,0.09767928719520569
12,blocks.7.gate_conv,0.017316438257694244
12,blocks.8.conv1,0.09934868663549423
12,blocks.8.conv2,0.10489833354949951
12,blocks.8.gate_conv,0.016012348234653473
12,blocks.9.conv1,0.09127692133188248
12,blocks.9.conv2,0.09623873978853226
12,blocks.9.gate_conv,0.011609594337642193
12,blocks.10.conv1,0.09795060753822327
12,blocks.10.conv2,0.08966922760009766
12,blocks.10.gate_conv,0.014817982912063599
12,blocks.11.conv1,0.07585088163614273
12,blocks.11.conv2,0.0762929767370224
12,blocks.11.gate_conv,0.015073725953698158
12,blocks.12.conv1,0.07355450838804245
12,blocks.12.conv2,0.07446292787790298
12,blocks.12.gate_conv,0.014641187153756618
12,blocks.13.conv1,0.06857410818338394
12,blocks.13.conv2,0.06920187175273895
12,blocks.13.gate_conv,0.01158197782933712
12,blocks.14.conv1,0.0693754330277443
12,blocks.14.conv2,0.0690929964184761
12,blocks.14.gate_conv,0.009019543416798115
12,blocks.15.conv1,0.06959450244903564
12,blocks.15.conv2,0.07089989632368088
12,blocks.15.gate_conv,0.012808658182621002
12,blocks.16.conv1,0.06420332938432693
12,blocks.16.conv2,0.06447428464889526
12,blocks.16.gate_conv,0.01608993113040924
12,blocks.17.conv1,0.06005726382136345
12,blocks.17.conv2,0.05688999220728874
12,blocks.17.gate_conv,0.009062010794878006
12,blocks.18.conv1,0.059023212641477585
12,blocks.18.conv2,0.06526529788970947
12,blocks.18.gate_conv,0.015355730429291725
12,blocks.19.conv1,0.06368163973093033
12,blocks.19.conv2,0.06601504236459732
12,blocks.19.gate_conv,0.012095051817595959
12,blocks.20.conv1,0.05655534192919731
12,blocks.20.conv2,0.05917152762413025
12,blocks.20.gate_conv,0.010781291872262955
12,blocks.21.conv1,0.06040993705391884
12,blocks.21.conv2,0.061945896595716476
12,blocks.21.gate_conv,0.012239908799529076
12,blocks.22.conv1,0.05781589075922966
12,blocks.22.conv2,0.05902614817023277
12,blocks.22.gate_conv,0.011491787619888783
12,blocks.23.conv1,0.0664406269788742
12,blocks.23.conv2,0.06764138489961624
12,blocks.23.gate_conv,0.01409776322543621
12,blocks.24.conv1,0.06925642490386963
12,blocks.24.conv2,0.06641579419374466
12,blocks.24.gate_conv,0.012944068759679794
12,blocks.25.conv1,0.0750025287270546
12,blocks.25.conv2,0.0707089751958847
12,blocks.25.gate_conv,0.014213450253009796
12,blocks.26.conv1,0.060238033533096313
12,blocks.26.conv2,0.06472739577293396
12,blocks.26.gate_conv,0.010619357228279114
12,blocks.27.conv1,0.07172953337430954
12,blocks.27.conv2,0.07009221613407135
12,blocks.27.gate_conv,0.0176987424492836
12,blocks.28.conv1,0.07984939962625504
12,blocks.28.conv2,0.07386711984872818
12,blocks.28.gate_conv,0.025701502338051796
12,blocks.29.conv1,0.11511227488517761
12,blocks.29.conv2,0.10785307735204697
12,blocks.29.gate_conv,0.032228488475084305
12,blocks.30.conv1,0.1355864554643631
12,blocks.30.conv2,0.1288203001022339
12,blocks.30.gate_conv,0.03240254148840904
12,blocks.31.conv1,0.11850930750370026
12,blocks.31.conv2,0.1123667061328888
12,blocks.31.gate_conv,0.026841217651963234
12,mean_conv2d_grad_norm,0.07229659073630866
13,stem.0,0.16865475475788116
13,blocks.0.conv1,0.20291872322559357
13,blocks.0.conv2,0.21125799417495728
13,blocks.0.gate_conv,0.007567486260086298
13,blocks.1.conv1,0.21371202170848846
13,blocks.1.conv2,0.2106572687625885
13,blocks.1.gate_conv,0.010034996084868908
13,blocks.2.conv1,0.1901894509792328
13,blocks.2.conv2,0.18534259498119354
13,blocks.2.gate_conv,0.01256940234452486
13,blocks.3.conv1,0.18850357830524445
13,blocks.3.conv2,0.1859550029039383
13,blocks.3.gate_conv,0.013330486603081226
13,blocks.4.conv1,0.17048382759094238
13,blocks.4.conv2,0.1605178862810135
13,blocks.4.gate_conv,0.020886439830064774
13,blocks.5.conv1,0.16159409284591675
13,blocks.5.conv2,0.14874933660030365
13,blocks.5.gate_conv,0.01790492981672287
13,blocks.6.conv1,0.13917170464992523
13,blocks.6.conv2,0.12270902842283249
13,blocks.6.gate_conv,0.023309627547860146
13,blocks.7.conv1,0.10397738963365555
13,blocks.7.conv2,0.09519990533590317
13,blocks.7.gate_conv,0.02560586854815483
13,blocks.8.conv1,0.11967431008815765
13,blocks.8.conv2,0.1037338599562645
13,blocks.8.gate_conv,0.01225458737462759
13,blocks.9.conv1,0.0974017009139061
13,blocks.9.conv2,0.08739267289638519
13,blocks.9.gate_conv,0.00907932035624981
13,blocks.10.conv1,0.09679225832223892
13,blocks.10.conv2,0.08355382829904556
13,blocks.10.gate_conv,0.010822904296219349
13,blocks.11.conv1,0.07192638516426086
13,blocks.11.conv2,0.06844186782836914
13,blocks.11.gate_conv,0.010539875365793705
13,blocks.12.conv1,0.06693769246339798
13,blocks.12.conv2,0.060847312211990356
13,blocks.12.gate_conv,0.00811384804546833
13,blocks.13.conv1,0.07515951991081238
13,blocks.13.conv2,0.06972227245569229
13,blocks.13.gate_conv,0.009514552541077137
13,blocks.14.conv1,0.07347422093153
13,blocks.14.conv2,0.06657970696687698
13,blocks.14.gate_conv,0.00709796417504549
13,blocks.15.conv1,0.06001768633723259
13,blocks.15.conv2,0.057811133563518524
13,blocks.15.gate_conv,0.01040723081678152
13,blocks.16.conv1,0.060206666588783264
13,blocks.16.conv2,0.055358294397592545
13,blocks.16.gate_conv,0.008792336098849773
13,blocks.17.conv1,0.061769090592861176
13,blocks.17.conv2,0.05795947089791298
13,blocks.17.gate_conv,0.009676135145127773
13,blocks.18.conv1,0.057767488062381744
13,blocks.18.conv2,0.058296285569667816
13,blocks.18.gate_conv,0.010553577914834023
13,blocks.19.conv1,0.06008383631706238
13,blocks.19.conv2,0.057003747671842575
13,blocks.19.gate_conv,0.013520791195333004
13,blocks.20.conv1,0.05502251163125038
13,blocks.20.conv2,0.0481155663728714
13,blocks.20.gate_conv,0.008885132148861885
13,blocks.21.conv1,0.06217984855175018
13,blocks.21.conv2,0.0554441474378109
13,blocks.21.gate_conv,0.01131394598633051
13,blocks.22.conv1,0.06436005979776382
13,blocks.22.conv2,0.05428570508956909
13,blocks.22.gate_conv,0.01023217011243105
13,blocks.23.conv1,0.05919092521071434
13,blocks.23.conv2,0.05746478959918022
13,blocks.23.gate_conv,0.010959381237626076
13,blocks.24.conv1,0.06831596791744232
13,blocks.24.conv2,0.06107611954212189
13,blocks.24.gate_conv,0.01387364324182272
13,blocks.25.conv1,0.06344572454690933
13,blocks.25.conv2,0.05689854174852371
13,blocks.25.gate_conv,0.01416049525141716
13,blocks.26.conv1,0.056238312274217606
13,blocks.26.conv2,0.05461788550019264
13,blocks.26.gate_conv,0.01137006189674139
13,blocks.27.conv1,0.06819036602973938
13,blocks.27.conv2,0.06141417846083641
13,blocks.27.gate_conv,0.015453509986400604
13,blocks.28.conv1,0.08743298053741455
13,blocks.28.conv2,0.07865774631500244
13,blocks.28.gate_conv,0.01786145381629467
13,blocks.29.conv1,0.11740472912788391
13,blocks.29.conv2,0.09996680915355682
13,blocks.29.gate_conv,0.027226807549595833
13,blocks.30.conv1,0.12239710986614227
13,blocks.30.conv2,0.11425300687551498
13,blocks.30.gate_conv,0.02848847210407257
13,blocks.31.conv1,0.11292362213134766
13,blocks.31.conv2,0.09529099613428116
13,blocks.31.gate_conv,0.02476317621767521
13,mean_conv2d_grad_norm,0.07018828999308735
14,stem.0,0.16825053095817566
14,blocks.0.conv1,0.19271811842918396
14,blocks.0.conv2,0.20861855149269104
14,blocks.0.gate_conv,0.007857074961066246
14,blocks.1.conv1,0.20914116501808167
14,blocks.1.conv2,0.2057524025440216
14,blocks.1.gate_conv,0.009437769651412964
14,blocks.2.conv1,0.18486694991588593
14,blocks.2.conv2,0.17891640961170197
14,blocks.2.gate_conv,0.014883369207382202
14,blocks.3.conv1,0.18033814430236816
14,blocks.3.conv2,0.16530951857566833
14,blocks.3.gate_conv,0.017298175022006035
14,blocks.4.conv1,0.15417924523353577
14,blocks.4.conv2,0.15204843878746033
14,blocks.4.gate_conv,0.020711394026875496
14,blocks.5.conv1,0.15786418318748474
14,blocks.5.conv2,0.15524496138095856
14,blocks.5.gate_conv,0.020860953256487846
14,blocks.6.conv1,0.13422782719135284
14,blocks.6.conv2,0.12299825996160507
14,blocks.6.gate_conv,0.019672362133860588
14,blocks.7.conv1,0.1050194501876831
14,blocks.7.conv2,0.09838499128818512
14,blocks.7.gate_conv,0.0221304502338171
14,blocks.8.conv1,0.12071231007575989
14,blocks.8.conv2,0.11164174973964691
14,blocks.8.gate_conv,0.01463304553180933
14,blocks.9.conv1,0.0953114703297615
14,blocks.9.conv2,0.09684006124734879
14,blocks.9.gate_conv,0.010991772636771202
14,blocks.10.conv1,0.07817888259887695
14,blocks.10.conv2,0.08400064706802368
14,blocks.10.gate_conv,0.008691484108567238
14,blocks.11.conv1,0.07282411307096481
14,blocks.11.conv2,0.07283472269773483
14,blocks.11.gate_conv,0.008916926570236683
14,blocks.12.conv1,0.07350438088178635
14,blocks.12.conv2,0.07464955747127533
14,blocks.12.gate_conv,0.009246491827070713
14,blocks.13.conv1,0.06695089489221573
14,blocks.13.conv2,0.06291883438825607
14,blocks.13.gate_conv,0.01072603091597557
14,blocks.14.conv1,0.06653113663196564
14,blocks.14.conv2,0.06575744599103928
14,blocks.14.gate_conv,0.00974487978965044
14,blocks.15.conv1,0.06161688640713692
14,blocks.15.conv2,0.0622493252158165
14,blocks.15.gate_conv,0.008944869041442871
14,blocks.16.conv1,0.0652250126004219
14,blocks.16.conv2,0.060690220445394516
14,blocks.16.gate_conv,0.008572685532271862
14,blocks.17.conv1,0.060186322778463364
14,blocks.17.conv2,0.05241503566503525
14,blocks.17.gate_conv,0.007280553691089153
14,blocks.18.conv1,0.06515879929065704
14,blocks.18.conv2,0.06744452565908432
14,blocks.18.gate_conv,0.00879377406090498
14,blocks.19.conv1,0.059527602046728134
14,blocks.19.conv2,0.05789322778582573
14,blocks.19.gate_conv,0.009561177343130112
14,blocks.20.conv1,0.05769968777894974
14,blocks.20.conv2,0.057809460908174515
14,blocks.20.gate_conv,0.009139707311987877
14,blocks.21.conv1,0.0638195276260376
14,blocks.21.conv2,0.05994647741317749
14,blocks.21.gate_conv,0.00941801443696022
14,blocks.22.conv1,0.06610328704118729
14,blocks.22.conv2,0.07676026970148087
14,blocks.22.gate_conv,0.01163498219102621
14,blocks.23.conv1,0.06961673498153687
14,blocks.23.conv2,0.07058904320001602
14,blocks.23.gate_conv,0.008454252034425735
14,blocks.24.conv1,0.07328837364912033
14,blocks.24.conv2,0.0728243961930275
14,blocks.24.gate_conv,0.013066951185464859
14,blocks.25.conv1,0.07336968183517456
14,blocks.25.conv2,0.06308421492576599
14,blocks.25.gate_conv,0.011789106763899326
14,blocks.26.conv1,0.06779779493808746
14,blocks.26.conv2,0.06174091994762421
14,blocks.26.gate_conv,0.012771658599376678
14,blocks.27.conv1,0.06859274208545685
14,blocks.27.conv2,0.06659296900033951
14,blocks.27.gate_conv,0.013162319548428059
14,blocks.28.conv1,0.0927007794380188
14,blocks.28.conv2,0.09077835828065872
14,blocks.28.gate_conv,0.02090294286608696
14,blocks.29.conv1,0.13773387670516968
14,blocks.29.conv2,0.12717479467391968
14,blocks.29.gate_conv,0.034014664590358734
14,blocks.30.conv1,0.156619593501091
14,blocks.30.conv2,0.1266813725233078
14,blocks.30.gate_conv,0.02614079788327217
14,blocks.31.conv1,0.12318604439496994
14,blocks.31.conv2,0.10380028933286667
14,blocks.31.gate_conv,0.022201500833034515
14,mean_conv2d_grad_norm,0.07215366124645951
15,stem.0,0.20893529057502747
15,blocks.0.conv1,0.19300498068332672
15,blocks.0.conv2,0.1983402669429779
15,blocks.0.gate_conv,0.007916988804936409
15,blocks.1.conv1,0.19196653366088867
15,blocks.1.conv2,0.19647762179374695
15,blocks.1.gate_conv,0.01039961539208889
15,blocks.2.conv1,0.16157011687755585
15,blocks.2.conv2,0.15853944420814514
15,blocks.2.gate_conv,0.016777656972408295
15,blocks.3.conv1,0.16607974469661713
15,blocks.3.conv2,0.15232647955417633
15,blocks.3.gate_conv,0.012440030463039875
15,blocks.4.conv1,0.14055705070495605
15,blocks.4.conv2,0.1370675265789032
15,blocks.4.gate_conv,0.018634609878063202
15,blocks.5.conv1,0.1347058266401291
15,blocks.5.conv2,0.1272403448820114
15,blocks.5.gate_conv,0.020521797239780426
15,blocks.6.conv1,0.12461449950933456
15,blocks.6.conv2,0.11470136046409607
15,blocks.6.gate_conv,0.02065560407936573
15,blocks.7.conv1,0.09976065903902054
15,blocks.7.conv2,0.09579570591449738
15,blocks.7.gate_conv,0.021879300475120544
15,blocks.8.conv1,0.11275629699230194
15,blocks.8.conv2,0.09885964542627335
15,blocks.8.gate_conv,0.016865139827132225
15,blocks.9.conv1,0.09801090508699417
15,blocks.9.conv2,0.08834882825613022
15,blocks.9.gate_conv,0.00982961431145668
15,blocks.10.conv1,0.07975250482559204
15,blocks.10.conv2,0.07965762913227081
15,blocks.10.gate_conv,0.009241816587746143
15,blocks.11.conv1,0.06587450951337814
15,blocks.11.conv2,0.06225476786494255
15,blocks.11.gate_conv,0.01177246868610382
15,blocks.12.conv1,0.06263174116611481
15,blocks.12.conv2,0.061068907380104065
15,blocks.12.gate_conv,0.012318774126470089
15,blocks.13.conv1,0.06668432056903839
15,blocks.13.conv2,0.06570417433977127
15,blocks.13.gate_conv,0.011004507541656494
15,blocks.14.conv1,0.062422484159469604
15,blocks.14.conv2,0.06284979730844498
15,blocks.14.gate_conv,0.010464729741215706
15,blocks.15.conv1,0.060476433485746384
15,blocks.15.conv2,0.059684645384550095
15,blocks.15.gate_conv,0.010402236133813858
15,blocks.16.conv1,0.05803294479846954
15,blocks.16.conv2,0.05651691555976868
15,blocks.16.gate_conv,0.007538011763244867
15,blocks.17.conv1,0.06158620864152908
15,blocks.17.conv2,0.057447683066129684
15,blocks.17.gate_conv,0.01264938060194254
15,blocks.18.conv1,0.05503133684396744
15,blocks.18.conv2,0.05464696139097214
15,blocks.18.gate_conv,0.009306970983743668
15,blocks.19.conv1,0.054520126432180405
15,blocks.19.conv2,0.055293913930654526
15,blocks.19.gate_conv,0.011586022563278675
15,blocks.20.conv1,0.05348685011267662
15,blocks.20.conv2,0.051685038954019547
15,blocks.20.gate_conv,0.007549778558313847
15,blocks.21.conv1,0.05678765848278999
15,blocks.21.conv2,0.051727697253227234
15,blocks.21.gate_conv,0.008272821083664894
15,blocks.22.conv1,0.057117924094200134
15,blocks.22.conv2,0.0502835176885128
15,blocks.22.gate_conv,0.007171100936830044
15,blocks.23.conv1,0.058983635157346725
15,blocks.23.conv2,0.054389193654060364
15,blocks.23.gate_conv,0.0069318064488470554
15,blocks.24.conv1,0.06938831508159637
15,blocks.24.conv2,0.071519635617733
15,blocks.24.gate_conv,0.013289513066411018
15,blocks.25.conv1,0.058761727064847946
15,blocks.25.conv2,0.05609400197863579
15,blocks.25.gate_conv,0.010677929036319256
15,blocks.26.conv1,0.06493283808231354
15,blocks.26.conv2,0.052221570163965225
15,blocks.26.gate_conv,0.0077761816792190075
15,blocks.27.conv1,0.05965660512447357
15,blocks.27.conv2,0.05981231853365898
15,blocks.27.gate_conv,0.011293935589492321
15,blocks.28.conv1,0.0709461197257042
15,blocks.28.conv2,0.07304275035858154
15,blocks.28.gate_conv,0.017415983602404594
15,blocks.29.conv1,0.11801668256521225
15,blocks.29.conv2,0.1102808341383934
15,blocks.29.gate_conv,0.026865286752581596
15,blocks.30.conv1,0.12622827291488647
15,blocks.30.conv2,0.12127242237329483
15,blocks.30.gate_conv,0.031956642866134644
15,blocks.31.conv1,0.12093177437782288
15,blocks.31.conv2,0.12406270951032639
15,blocks.31.gate_conv,0.019343147054314613
15,mean_conv2d_grad_norm,0.06664099618696522
16,stem.0,0.21887031197547913
16,blocks.0.conv1,0.23307523131370544
16,blocks.0.conv2,0.25351768732070923
16,blocks.0.gate_conv,0.009305056184530258
16,blocks.1.conv1,0.2518289387226105
16,blocks.1.conv2,0.25591257214546204
16,blocks.1.gate_conv,0.010497194714844227
16,blocks.2.conv1,0.21519549190998077
16,blocks.2.conv2,0.20956657826900482
16,blocks.2.gate_conv,0.01501549407839775
16,blocks.3.conv1,0.22071075439453125
16,blocks.3.conv2,0.20519036054611206
16,blocks.3.gate_conv,0.017384350299835205
16,blocks.4.conv1,0.1919327974319458
16,blocks.4.conv2,0.18134766817092896
16,blocks.4.gate_conv,0.02136293612420559
16,blocks.5.conv1,0.18204009532928467
16,blocks.5.conv2,0.17411765456199646
16,blocks.5.gate_conv,0.027120500802993774
16,blocks.6.conv1,0.15329551696777344
16,blocks.6.conv2,0.1436048448085785
16,blocks.6.gate_conv,0.020497137680649757
16,blocks.7.conv1,0.12214837223291397
16,blocks.7.conv2,0.12463515996932983
16,blocks.7.gate_conv,0.025417711585760117
16,blocks.8.conv1,0.14086176455020905
16,blocks.8.conv2,0.13926270604133606
16,blocks.8.gate_conv,0.014969142153859138
16,blocks.9.conv1,0.11698684096336365
16,blocks.9.conv2,0.12041661888360977
16,blocks.9.gate_conv,0.017109960317611694
16,blocks.10.conv1,0.11271707713603973
16,blocks.10.conv2,0.11571650207042694
16,blocks.10.gate_conv,0.016749462112784386
16,blocks.11.conv1,0.09856823086738586
16,blocks.11.conv2,0.09604423493146896
16,blocks.11.gate_conv,0.014451242983341217
16,blocks.12.conv1,0.10134345293045044
16,blocks.12.conv2,0.09981502592563629
16,blocks.12.gate_conv,0.01201611664146185
16,blocks.13.conv1,0.09373711049556732
16,blocks.13.conv2,0.09524856507778168
16,blocks.13.gate_conv,0.011550581082701683
16,blocks.14.conv1,0.08932370692491531
16,blocks.14.conv2,0.08228316903114319
16,blocks.14.gate_conv,0.010602925904095173
16,blocks.15.conv1,0.07840387523174286
16,blocks.15.conv2,0.07959267497062683
16,blocks.15.gate_conv,0.010418937541544437
16,blocks.16.conv1,0.07791441679000854
16,blocks.16.conv2,0.07254544645547867
16,blocks.16.gate_conv,0.010695873759686947
16,blocks.17.conv1,0.07672585546970367
16,blocks.17.conv2,0.07055742293596268
16,blocks.17.gate_conv,0.009276911616325378
16,blocks.18.conv1,0.07765304297208786
16,blocks.18.conv2,0.07574435323476791
16,blocks.18.gate_conv,0.00926806591451168
16,blocks.19.conv1,0.07787846028804779
16,blocks.19.conv2,0.07727331668138504
16,blocks.19.gate_conv,0.013757086358964443
16,blocks.20.conv1,0.0676545724272728
16,blocks.20.conv2,0.07073123008012772
16,blocks.20.gate_conv,0.008283408358693123
16,blocks.21.conv1,0.07784605026245117
16,blocks.21.conv2,0.07180843502283096
16,blocks.21.gate_conv,0.010550322942435741
16,blocks.22.conv1,0.08709824085235596
16,blocks.22.conv2,0.07987748086452484
16,blocks.22.gate_conv,0.01301470585167408
16,blocks.23.conv1,0.07938289642333984
16,blocks.23.conv2,0.08460000902414322
16,blocks.23.gate_conv,0.011402210220694542
16,blocks.24.conv1,0.09606743603944778
16,blocks.24.conv2,0.09395565837621689
16,blocks.24.gate_conv,0.0167582668364048
16,blocks.25.conv1,0.07634790241718292
16,blocks.25.conv2,0.07701398432254791
16,blocks.25.gate_conv,0.0182495079934597
16,blocks.26.conv1,0.08397749066352844
16,blocks.26.conv2,0.08189408481121063
16,blocks.26.gate_conv,0.012821190990507603
16,blocks.27.conv1,0.08656030893325806
16,blocks.27.conv2,0.08196398615837097
16,blocks.27.gate_conv,0.013529287651181221
16,blocks.28.conv1,0.10429392009973526
16,blocks.28.conv2,0.10187657922506332
16,blocks.28.gate_conv,0.019816219806671143
16,blocks.29.conv1,0.16922970116138458
16,blocks.29.conv2,0.15799090266227722
16,blocks.29.gate_conv,0.036452766507864
16,blocks.30.conv1,0.17282584309577942
16,blocks.30.conv2,0.1664142906665802
16,blocks.30.gate_conv,0.03876292333006859
16,blocks.31.conv1,0.14602907001972198
16,blocks.31.conv2,0.16745270788669586
16,blocks.31.gate_conv,0.04217705503106117
16,mean_conv2d_grad_norm,0.0889255798124161
17,stem.0,0.1646832525730133
17,blocks.0.conv1,0.20182615518569946
17,blocks.0.conv2,0.21302562952041626
17,blocks.0.gate_conv,0.008733335882425308
17,blocks.1.conv1,0.2081655114889145
17,blocks.1.conv2,0.19565841555595398
17,blocks.1.gate_conv,0.010149971581995487
17,blocks.2.conv1,0.18503358960151672
17,blocks.2.conv2,0.1579306572675705
17,blocks.2.gate_conv,0.013242226094007492
17,blocks.3.conv1,0.16794197261333466
17,blocks.3.conv2,0.14657773077487946
17,blocks.3.gate_conv,0.02135762758553028
17,blocks.4.conv1,0.1442078799009323
17,blocks.4.conv2,0.12884162366390228
17,blocks.4.gate_conv,0.01595759205520153
17,blocks.5.conv1,0.13355746865272522
17,blocks.5.conv2,0.12260506302118301
17,blocks.5.gate_conv,0.021906502544879913
17,blocks.6.conv1,0.11353732645511627
17,blocks.6.conv2,0.10291007906198502
17,blocks.6.gate_conv,0.01763385906815529
17,blocks.7.conv1,0.08547251671552658
17,blocks.7.conv2,0.08530449122190475
17,blocks.7.gate_conv,0.019203830510377884
17,blocks.8.conv1,0.09939255565404892
17,blocks.8.conv2,0.09204797446727753
17,blocks.8.gate_conv,0.010558328591287136
17,blocks.9.conv1,0.08644044399261475
17,blocks.9.conv2,0.07631705701351166
17,blocks.9.gate_conv,0.008404824882745743
17,blocks.10.conv1,0.08040083199739456
17,blocks.10.conv2,0.07282094657421112
17,blocks.10.gate_conv,0.008062396198511124
17,blocks.11.conv1,0.06801766157150269
17,blocks.11.conv2,0.06480365991592407
17,blocks.11.gate_conv,0.008566954173147678
17,blocks.12.conv1,0.06315167993307114
17,blocks.12.conv2,0.0650225505232811
17,blocks.12.gate_conv,0.010344695299863815
17,blocks.13.conv1,0.058987878262996674
17,blocks.13.conv2,0.05589742958545685
17,blocks.13.gate_conv,0.008312416262924671
17,blocks.14.conv1,0.057921648025512695
17,blocks.14.conv2,0.05276840925216675
17,blocks.14.gate_conv,0.010616458021104336
17,blocks.15.conv1,0.06051813066005707
17,blocks.15.conv2,0.053737688809633255
17,blocks.15.gate_conv,0.008159606717526913
17,blocks.16.conv1,0.052242521196603775
17,blocks.16.conv2,0.04916416481137276
17,blocks.16.gate_conv,0.0059912786819040775
17,blocks.17.conv1,0.05045212805271149
17,blocks.17.conv2,0.04869282618165016
17,blocks.17.gate_conv,0.00698461476713419
17,blocks.18.conv1,0.055849604308605194
17,blocks.18.conv2,0.051902320235967636
17,blocks.18.gate_conv,0.008016996085643768
17,blocks.19.conv1,0.047528620809316635
17,blocks.19.conv2,0.04628656059503555
17,blocks.19.gate_conv,0.006122086197137833
17,blocks.20.conv1,0.052946947515010834
17,blocks.20.conv2,0.04820680990815163
17,blocks.20.gate_conv,0.005531216971576214
17,blocks.21.conv1,0.059701818972826004
17,blocks.21.conv2,0.05381885915994644
17,blocks.21.gate_conv,0.010354813188314438
17,blocks.22.conv1,0.055849552154541016
17,blocks.22.conv2,0.053917206823825836
17,blocks.22.gate_conv,0.008384616114199162
17,blocks.23.conv1,0.05320632830262184
17,blocks.23.conv2,0.050723277032375336
17,blocks.23.gate_conv,0.009296739473938942
17,blocks.24.conv1,0.06210068240761757
17,blocks.24.conv2,0.0588475726544857
17,blocks.24.gate_conv,0.00981456134468317
17,blocks.25.conv1,0.06770985573530197
17,blocks.25.conv2,0.064613476395607
17,blocks.25.gate_conv,0.010324805043637753
17,blocks.26.conv1,0.0609346479177475
17,blocks.26.conv2,0.05840374901890755
17,blocks.26.gate_conv,0.006660375744104385
17,blocks.27.conv1,0.0721733495593071
17,blocks.27.conv2,0.06431339681148529
17,blocks.27.gate_conv,0.010127910412847996
17,blocks.28.conv1,0.07215872406959534
17,blocks.28.conv2,0.06510388851165771
17,blocks.28.gate_conv,0.015359390527009964
17,blocks.29.conv1,0.11044696718454361
17,blocks.29.conv2,0.09605181962251663
17,blocks.29.gate_conv,0.027537746354937553
17,blocks.30.conv1,0.11212781071662903
17,blocks.30.conv2,0.09061162173748016
17,blocks.30.gate_conv,0.020342476665973663
17,blocks.31.conv1,0.08438684791326523
17,blocks.31.conv2,0.07766502350568771
17,blocks.31.gate_conv,0.014916539192199707
17,mean_conv2d_grad_norm,0.06279012042856247
18,stem.0,0.21415239572525024
18,blocks.0.conv1,0.21393221616744995
18,blocks.0.conv2,0.23949016630649567
18,blocks.0.gate_conv,0.008344101719558239
18,blocks.1.conv1,0.2397966980934143
18,blocks.1.conv2,0.23739515244960785
18,blocks.1.gate_conv,0.012008178047835827
18,blocks.2.conv1,0.2163778394460678
18,blocks.2.conv2,0.2024672031402588
18,blocks.2.gate_conv,0.013762700371444225
18,blocks.3.conv1,0.21138203144073486
18,blocks.3.conv2,0.20123226940631866
18,blocks.3.gate_conv,0.0181096401065588
18,blocks.4.conv1,0.18846292793750763
18,blocks.4.conv2,0.16406720876693726
18,blocks.4.gate_conv,0.019249742850661278
18,blocks.5.conv1,0.1762322336435318
18,blocks.5.conv2,0.15744340419769287
18,blocks.5.gate_conv,0.029821200296282768
18,blocks.6.conv1,0.14674682915210724
18,blocks.6.conv2,0.13373596966266632
18,blocks.6.gate_conv,0.023113910108804703
18,blocks.7.conv1,0.11958051472902298
18,blocks.7.conv2,0.11673720926046371
18,blocks.7.gate_conv,0.02247043512761593
18,blocks.8.conv1,0.12997403740882874
18,blocks.8.conv2,0.11205442994832993
18,blocks.8.gate_conv,0.0157223641872406
18,blocks.9.conv1,0.11040663719177246
18,blocks.9.conv2,0.10384681820869446
18,blocks.9.gate_conv,0.012387148104608059
18,blocks.10.conv1,0.10409976541996002
18,blocks.10.conv2,0.09467361867427826
18,blocks.10.gate_conv,0.013495867140591145
18,blocks.11.conv1,0.09356909245252609
18,blocks.11.conv2,0.08860505372285843
18,blocks.11.gate_conv,0.013914856128394604
18,blocks.12.conv1,0.0845300480723381
18,blocks.12.conv2,0.08548286557197571
18,blocks.12.gate_conv,0.014612291008234024
18,blocks.13.conv1,0.07904484122991562
18,blocks.13.conv2,0.07325652986764908
18,blocks.13.gate_conv,0.01085004024207592
18,blocks.14.conv1,0.07315872609615326
18,blocks.14.conv2,0.07361353933811188
18,blocks.14.gate_conv,0.011322960257530212
18,blocks.15.conv1,0.07846668362617493
18,blocks.15.conv2,0.07516246289014816
18,blocks.15.gate_conv,0.01593226008117199
18,blocks.16.conv1,0.07774808257818222
18,blocks.16.conv2,0.06874420493841171
18,blocks.16.gate_conv,0.014299821108579636
18,blocks.17.conv1,0.06959472596645355
18,blocks.17.conv2,0.06583477556705475
18,blocks.17.gate_conv,0.011362123303115368
18,blocks.18.conv1,0.07474420219659805
18,blocks.18.conv2,0.0696219652891159
18,blocks.18.gate_conv,0.016203556209802628
18,blocks.19.conv1,0.06857797503471375
18,blocks.19.conv2,0.06295162439346313
18,blocks.19.gate_conv,0.008389327675104141
18,blocks.20.conv1,0.05996086820960045
18,blocks.20.conv2,0.05928076431155205
18,blocks.20.gate_conv,0.009744505397975445
18,blocks.21.conv1,0.07469251751899719
18,blocks.21.conv2,0.06766491383314133
18,blocks.21.gate_conv,0.010031179524958134
18,blocks.22.conv1,0.07404512912034988
18,blocks.22.conv2,0.06758040934801102
18,blocks.22.gate_conv,0.011214282363653183
18,blocks.23.conv1,0.06484144181013107
18,blocks.23.conv2,0.0636139065027237
18,blocks.23.gate_conv,0.011743949726223946
18,blocks.24.conv1,0.07908560335636139
18,blocks.24.conv2,0.07389651983976364
18,blocks.24.gate_conv,0.01866704411804676
18,blocks.25.conv1,0.0786472037434578
18,blocks.25.conv2,0.07290367782115936
18,blocks.25.gate_conv,0.02304825745522976
18,blocks.26.conv1,0.076673224568367
18,blocks.26.conv2,0.07210319489240646
18,blocks.26.gate_conv,0.015443975105881691
18,blocks.27.conv1,0.08834997564554214
18,blocks.27.conv2,0.07734950631856918
18,blocks.27.gate_conv,0.013464299030601978
18,blocks.28.conv1,0.09726187586784363
18,blocks.28.conv2,0.08531226217746735
18,blocks.28.gate_conv,0.02350125089287758
18,blocks.29.conv1,0.13787950575351715
18,blocks.29.conv2,0.13007526099681854
18,blocks.29.gate_conv,0.029026318341493607
18,blocks.30.conv1,0.15621055662631989
18,blocks.30.conv2,0.12955477833747864
18,blocks.30.gate_conv,0.03650563955307007
18,blocks.31.conv1,0.13327015936374664
18,blocks.31.conv2,0.11207866668701172
18,blocks.31.gate_conv,0.01927877962589264
18,mean_conv2d_grad_norm,0.08099349384608957
19,stem.0,0.17440065741539001
19,blocks.0.conv1,0.18778036534786224
19,blocks.0.conv2,0.2040315717458725
19,blocks.0.gate_conv,0.007383376359939575
19,blocks.1.conv1,0.20232343673706055
19,blocks.1.conv2,0.19244025647640228
19,blocks.1.gate_conv,0.008966309949755669
19,blocks.2.conv1,0.1784794181585312
19,blocks.2.conv2,0.174176424741745
19,blocks.2.gate_conv,0.014972546137869358
19,blocks.3.conv1,0.1723097860813141
19,blocks.3.conv2,0.15786156058311462
19,blocks.3.gate_conv,0.014813960529863834
19,blocks.4.conv1,0.15567809343338013
19,blocks.4.conv2,0.14134766161441803
19,blocks.4.gate_conv,0.01616477780044079
19,blocks.5.conv1,0.13895964622497559
19,blocks.5.conv2,0.12884095311164856
19,blocks.5.gate_conv,0.02695263735949993
19,blocks.6.conv1,0.1140470951795578
19,blocks.6.conv2,0.11414507031440735
19,blocks.6.gate_conv,0.021748308092355728
19,blocks.7.conv1,0.10150272399187088
19,blocks.7.conv2,0.09736496210098267
19,blocks.7.gate_conv,0.023393984884023666
19,blocks.8.conv1,0.10831154882907867
19,blocks.8.conv2,0.10262811928987503
19,blocks.8.gate_conv,0.012449986301362514
19,blocks.9.conv1,0.09862522780895233
19,blocks.9.conv2,0.0944678857922554
19,blocks.9.gate_conv,0.01188766211271286
19,blocks.10.conv1,0.08501268178224564
19,blocks.10.conv2,0.07900752872228622
19,blocks.10.gate_conv,0.009580609388649464
19,blocks.11.conv1,0.07637675851583481
19,blocks.11.conv2,0.07254748046398163
19,blocks.11.gate_conv,0.01206458080559969
19,blocks.12.conv1,0.07059482485055923
19,blocks.12.conv2,0.06827984750270844
19,blocks.12.gate_conv,0.011811995878815651
19,blocks.13.conv1,0.0708465576171875
19,blocks.13.conv2,0.06511712819337845
19,blocks.13.gate_conv,0.008473575115203857
19,blocks.14.conv1,0.06690274178981781
19,blocks.14.conv2,0.06144587695598602
19,blocks.14.gate_conv,0.008779874071478844
19,blocks.15.conv1,0.06029358506202698
19,blocks.15.conv2,0.05808631330728531
19,blocks.15.gate_conv,0.008618050254881382
19,blocks.16.conv1,0.0607440285384655
19,blocks.16.conv2,0.056295447051525116
19,blocks.16.gate_conv,0.011327768675982952
19,blocks.17.conv1,0.05965234711766243
19,blocks.17.conv2,0.0573413111269474
19,blocks.17.gate_conv,0.009637143462896347
19,blocks.18.conv1,0.06361573934555054
19,blocks.18.conv2,0.060940951108932495
19,blocks.18.gate_conv,0.015495922416448593
19,blocks.19.conv1,0.05997857451438904
19,blocks.19.conv2,0.05740503966808319
19,blocks.19.gate_conv,0.01666502095758915
19,blocks.20.conv1,0.05340933799743652
19,blocks.20.conv2,0.05123994126915932
19,blocks.20.gate_conv,0.010607427917420864
19,blocks.21.conv1,0.06379973888397217
19,blocks.21.conv2,0.05994044616818428
19,blocks.21.gate_conv,0.011680285446345806
19,blocks.22.conv1,0.060816291719675064
19,blocks.22.conv2,0.056682929396629333
19,blocks.22.gate_conv,0.015046991407871246
19,blocks.23.conv1,0.06039019674062729
19,blocks.23.conv2,0.05925979092717171
19,blocks.23.gate_conv,0.011717535555362701
19,blocks.24.conv1,0.071617990732193
19,blocks.24.conv2,0.06825624406337738
19,blocks.24.gate_conv,0.012426208704710007
19,blocks.25.conv1,0.06813036650419235
19,blocks.25.conv2,0.06446388363838196
19,blocks.25.gate_conv,0.016677651554346085
19,blocks.26.conv1,0.0633060485124588
19,blocks.26.conv2,0.062008798122406006
19,blocks.26.gate_conv,0.02115483023226261
19,blocks.27.conv1,0.07093525677919388
19,blocks.27.conv2,0.06899304687976837
19,blocks.27.gate_conv,0.014826163649559021
19,blocks.28.conv1,0.0808212086558342
19,blocks.28.conv2,0.08185405284166336
19,blocks.28.gate_conv,0.01713188737630844
19,blocks.29.conv1,0.11884590983390808
19,blocks.29.conv2,0.10296641290187836
19,blocks.29.gate_conv,0.03125115856528282
19,blocks.30.conv1,0.13312260806560516
19,blocks.30.conv2,0.10263563692569733
19,blocks.30.gate_conv,0.021871229633688927
19,blocks.31.conv1,0.10542616248130798
19,blocks.31.conv2,0.09053210914134979
19,blocks.31.gate_conv,0.01783563196659088
19,mean_conv2d_grad_norm,0.06848532711299732
20,stem.0,0.21887962520122528
20,blocks.0.conv1,0.2195204794406891
20,blocks.0.conv2,0.2157898098230362
20,blocks.0.gate_conv,0.008274218067526817
20,blocks.1.conv1,0.2156495749950409
20,blocks.1.conv2,0.21826985478401184
20,blocks.1.gate_conv,0.01036894042044878
20,blocks.2.conv1,0.19376319646835327
20,blocks.2.conv2,0.17705541849136353
20,blocks.2.gate_conv,0.01783946342766285
20,blocks.3.conv1,0.18856468796730042
20,blocks.3.conv2,0.16978445649147034
20,blocks.3.gate_conv,0.014001772738993168
20,blocks.4.conv1,0.16718050837516785
20,blocks.4.conv2,0.14966247975826263
20,blocks.4.gate_conv,0.024238629266619682
20,blocks.5.conv1,0.15084880590438843
20,blocks.5.conv2,0.14911839365959167
20,blocks.5.gate_conv,0.02735785022377968
20,blocks.6.conv1,0.12889869511127472
20,blocks.6.conv2,0.12601174414157867
20,blocks.6.gate_conv,0.01976008340716362
20,blocks.7.conv1,0.11853571236133575
20,blocks.7.conv2,0.1232224553823471
20,blocks.7.gate_conv,0.029363013803958893
20,blocks.8.conv1,0.12367835640907288
20,blocks.8.conv2,0.11340708285570145
20,blocks.8.gate_conv,0.013776572421193123
20,blocks.9.conv1,0.11717066168785095
20,blocks.9.conv2,0.10789647698402405
20,blocks.9.gate_conv,0.013965487480163574
20,blocks.10.conv1,0.10256992280483246
20,blocks.10.conv2,0.09444895386695862
20,blocks.10.gate_conv,0.014315705746412277
20,blocks.11.conv1,0.08763550966978073
20,blocks.11.conv2,0.08068035542964935
20,blocks.11.gate_conv,0.01343879010528326
20,blocks.12.conv1,0.08245204389095306
20,blocks.12.conv2,0.07737526297569275
20,blocks.12.gate_conv,0.01187690906226635
20,blocks.13.conv1,0.07909349352121353
20,blocks.13.conv2,0.07260352373123169
20,blocks.13.gate_conv,0.008062607608735561
20,blocks.14.conv1,0.07712207734584808
20,blocks.14.conv2,0.07343283295631409
20,blocks.14.gate_conv,0.009545291773974895
20,blocks.15.conv1,0.07566846907138824
20,blocks.15.conv2,0.0714612826704979
20,blocks.15.gate_conv,0.00977159570902586
20,blocks.16.conv1,0.07014676928520203
20,blocks.16.conv2,0.0646575391292572
20,blocks.16.gate_conv,0.009482943452894688
20,blocks.17.conv1,0.06706412881612778
20,blocks.17.conv2,0.06332118809223175
20,blocks.17.gate_conv,0.009943053126335144
20,blocks.18.conv1,0.0689094141125679
20,blocks.18.conv2,0.06071498990058899
20,blocks.18.gate_conv,0.008388826623558998
20,blocks.19.conv1,0.0654335618019104
20,blocks.19.conv2,0.06269671022891998
20,blocks.19.gate_conv,0.01094927079975605
20,blocks.20.conv1,0.05678611621260643
20,blocks.20.conv2,0.05877811089158058
20,blocks.20.gate_conv,0.008719513192772865
20,blocks.21.conv1,0.06911623477935791
20,blocks.21.conv2,0.06526074558496475
20,blocks.21.gate_conv,0.009262735024094582
20,blocks.22.conv1,0.06642038375139236
20,blocks.22.conv2,0.06842733174562454
20,blocks.22.gate_conv,0.008464251644909382
20,blocks.23.conv1,0.06761542707681656
20,blocks.23.conv2,0.0649818480014801
20,blocks.23.gate_conv,0.007917662151157856
20,blocks.24.conv1,0.08106669038534164
20,blocks.24.conv2,0.07584206759929657
20,blocks.24.gate_conv,0.012746133841574192
20,blocks.25.conv1,0.08017253875732422
20,blocks.25.conv2,0.07033615559339523
20,blocks.25.gate_conv,0.012195193208754063
20,blocks.26.conv1,0.060964494943618774
20,blocks.26.conv2,0.06022953242063522
20,blocks.26.gate_conv,0.0067517561838030815
20,blocks.27.conv1,0.06718604266643524
20,blocks.27.conv2,0.06924706697463989
20,blocks.27.gate_conv,0.010870036669075489
20,blocks.28.conv1,0.08527843654155731
20,blocks.28.conv2,0.07876811176538467
20,blocks.28.gate_conv,0.016120409592986107
20,blocks.29.conv1,0.12015105783939362
20,blocks.29.conv2,0.11766107380390167
20,blocks.29.gate_conv,0.026777561753988266
20,blocks.30.conv1,0.14566479623317719
20,blocks.30.conv2,0.12180700153112411
20,blocks.30.gate_conv,0.03148690611124039
20,blocks.31.conv1,0.12454695254564285
20,blocks.31.conv2,0.1115240827202797
20,blocks.31.gate_conv,0.02784055285155773
20,mean_conv2d_grad_norm,0.0756917787984628
21,stem.0,0.15826019644737244
21,blocks.0.conv1,0.17204542458057404
21,blocks.0.conv2,0.18788892030715942
21,blocks.0.gate_conv,0.006234503351151943
21,blocks.1.conv1,0.1837834119796753
21,blocks.1.conv2,0.18746332824230194
21,blocks.1.gate_conv,0.008684484288096428
21,blocks.2.conv1,0.17702144384384155
21,blocks.2.conv2,0.1631304770708084
21,blocks.2.gate_conv,0.01421140506863594
21,blocks.3.conv1,0.1678662896156311
21,blocks.3.conv2,0.15359143912792206
21,blocks.3.gate_conv,0.012035894207656384
21,blocks.4.conv1,0.13406625390052795
21,blocks.4.conv2,0.13263075053691864
21,blocks.4.gate_conv,0.018144048750400543
21,blocks.5.conv1,0.1369170844554901
21,blocks.5.conv2,0.12921427190303802
21,blocks.5.gate_conv,0.01965801976621151
21,blocks.6.conv1,0.11992733925580978
21,blocks.6.conv2,0.11551166325807571
21,blocks.6.gate_conv,0.01944105513393879
21,blocks.7.conv1,0.10673592984676361
21,blocks.7.conv2,0.09592606127262115
21,blocks.7.gate_conv,0.024807462468743324
21,blocks.8.conv1,0.11804832518100739
21,blocks.8.conv2,0.10219710320234299
21,blocks.8.gate_conv,0.015695972368121147
21,blocks.9.conv1,0.10055755823850632
21,blocks.9.conv2,0.0898636057972908
21,blocks.9.gate_conv,0.011593206785619259
21,blocks.10.conv1,0.08752799779176712
21,blocks.10.conv2,0.08090704679489136
21,blocks.10.gate_conv,0.011819945648312569
21,blocks.11.conv1,0.07660407572984695
21,blocks.11.conv2,0.0703912153840065
21,blocks.11.gate_conv,0.012618029490113258
21,blocks.12.conv1,0.07442040741443634
21,blocks.12.conv2,0.07057609409093857
21,blocks.12.gate_conv,0.010987814515829086
21,blocks.13.conv1,0.07086396217346191
21,blocks.13.conv2,0.06558491289615631
21,blocks.13.gate_conv,0.00779422651976347
21,blocks.14.conv1,0.06872782111167908
21,blocks.14.conv2,0.06313808262348175
21,blocks.14.gate_conv,0.010044262744486332
21,blocks.15.conv1,0.064192034304142
21,blocks.15.conv2,0.06099763885140419
21,blocks.15.gate_conv,0.007069327402859926
21,blocks.16.conv1,0.06973358243703842
21,blocks.16.conv2,0.06573270261287689
21,blocks.16.gate_conv,0.009432485327124596
21,blocks.17.conv1,0.06237199902534485
21,blocks.17.conv2,0.05885610729455948
21,blocks.17.gate_conv,0.007018584292382002
21,blocks.18.conv1,0.0599820576608181
21,blocks.18.conv2,0.0585399866104126
21,blocks.18.gate_conv,0.0073744929395616055
21,blocks.19.conv1,0.059348590672016144
21,blocks.19.conv2,0.05562397837638855
21,blocks.19.gate_conv,0.007355739828199148
21,blocks.20.conv1,0.06201419606804848
21,blocks.20.conv2,0.057996220886707306
21,blocks.20.gate_conv,0.0065157366916537285
21,blocks.21.conv1,0.07218891382217407
21,blocks.21.conv2,0.06970192492008209
21,blocks.21.gate_conv,0.009828506037592888
21,blocks.22.conv1,0.0676586925983429
21,blocks.22.conv2,0.061629921197891235
21,blocks.22.gate_conv,0.007793230004608631
21,blocks.23.conv1,0.06599875539541245
21,blocks.23.conv2,0.059545036405324936
21,blocks.23.gate_conv,0.007769831921905279
21,blocks.24.conv1,0.06706225126981735
21,blocks.24.conv2,0.06265433132648468
21,blocks.24.gate_conv,0.009617025032639503
21,blocks.25.conv1,0.06534631550312042
21,blocks.25.conv2,0.06250134855508804
21,blocks.25.gate_conv,0.010810963809490204
21,blocks.26.conv1,0.061107512563467026
21,blocks.26.conv2,0.05634845048189163
21,blocks.26.gate_conv,0.007065765559673309
21,blocks.27.conv1,0.0704800933599472
21,blocks.27.conv2,0.06267987936735153
21,blocks.27.gate_conv,0.009803470224142075
21,blocks.28.conv1,0.07979504019021988
21,blocks.28.conv2,0.07178846746683121
21,blocks.28.gate_conv,0.01698613166809082
21,blocks.29.conv1,0.1033736988902092
21,blocks.29.conv2,0.09274668246507645
21,blocks.29.gate_conv,0.02283089980483055
21,blocks.30.conv1,0.11461703479290009
21,blocks.30.conv2,0.08939256519079208
21,blocks.30.gate_conv,0.022839408367872238
21,blocks.31.conv1,0.10235904902219772
21,blocks.31.conv2,0.08444374054670334
21,blocks.31.gate_conv,0.01208034623414278
21,mean_conv2d_grad_norm,0.06624906773669358
22,stem.0,0.13443581759929657
22,blocks.0.conv1,0.16828569769859314
22,blocks.0.conv2,0.17170904576778412
22,blocks.0.gate_conv,0.005784155800938606
22,blocks.1.conv1,0.17127329111099243
22,blocks.1.conv2,0.18244057893753052
22,blocks.1.gate_conv,0.007203621789813042
22,blocks.2.conv1,0.15243172645568848
22,blocks.2.conv2,0.1458408683538437
22,blocks.2.gate_conv,0.010057157836854458
22,blocks.3.conv1,0.1570909470319748
22,blocks.3.conv2,0.14123299717903137
22,blocks.3.gate_conv,0.010470757260918617
22,blocks.4.conv1,0.12797226011753082
22,blocks.4.conv2,0.11462920904159546
22,blocks.4.gate_conv,0.009924151934683323
22,blocks.5.conv1,0.12258041650056839
22,blocks.5.conv2,0.11470842361450195
22,blocks.5.gate_conv,0.014540459960699081
22,blocks.6.conv1,0.1047288104891777
22,blocks.6.conv2,0.10124743729829788
22,blocks.6.gate_conv,0.012561317533254623
22,blocks.7.conv1,0.08887067437171936
22,blocks.7.conv2,0.08281942456960678
22,blocks.7.gate_conv,0.013802914880216122
22,blocks.8.conv1,0.10488242655992508
22,blocks.8.conv2,0.09623390436172485
22,blocks.8.gate_conv,0.010858005844056606
22,blocks.9.conv1,0.08927580714225769
22,blocks.9.conv2,0.08252127468585968
22,blocks.9.gate_conv,0.009956651367247105
22,blocks.10.conv1,0.08282677829265594
22,blocks.10.conv2,0.07580649852752686
22,blocks.10.gate_conv,0.011120080016553402
22,blocks.11.conv1,0.06700275838375092
22,blocks.11.conv2,0.06407724320888519
22,blocks.11.gate_conv,0.009746208786964417
22,blocks.12.conv1,0.06378330290317535
22,blocks.12.conv2,0.06278138607740402
22,blocks.12.gate_conv,0.013406699523329735
22,blocks.13.conv1,0.06514505296945572
22,blocks.13.conv2,0.061231452971696854
22,blocks.13.gate_conv,0.006706246640533209
22,blocks.14.conv1,0.06379430741071701
22,blocks.14.conv2,0.05975200608372688
22,blocks.14.gate_conv,0.0075303795747458935
22,blocks.15.conv1,0.05526253581047058
22,blocks.15.conv2,0.05299365520477295
22,blocks.15.gate_conv,0.007761321496218443
22,blocks.16.conv1,0.06464899331331253
22,blocks.16.conv2,0.05755413696169853
22,blocks.16.gate_conv,0.009324109181761742
22,blocks.17.conv1,0.05478430911898613
22,blocks.17.conv2,0.049186691641807556
22,blocks.17.gate_conv,0.00768207898363471
22,blocks.18.conv1,0.05535966902971268
22,blocks.18.conv2,0.05266872048377991
22,blocks.18.gate_conv,0.007323449477553368
22,blocks.19.conv1,0.05029863864183426
22,blocks.19.conv2,0.04718609154224396
22,blocks.19.gate_conv,0.006519149988889694
22,blocks.20.conv1,0.05291447043418884
22,blocks.20.conv2,0.0489141047000885
22,blocks.20.gate_conv,0.006838848814368248
22,blocks.21.conv1,0.058882202953100204
22,blocks.21.conv2,0.056838374584913254
22,blocks.21.gate_conv,0.009546445682644844
22,blocks.22.conv1,0.05723816156387329
22,blocks.22.conv2,0.05212677642703056
22,blocks.22.gate_conv,0.007759183179587126
22,blocks.23.conv1,0.05488188564777374
22,blocks.23.conv2,0.050044987350702286
22,blocks.23.gate_conv,0.00866876170039177
22,blocks.24.conv1,0.05858060345053673
22,blocks.24.conv2,0.05807812139391899
22,blocks.24.gate_conv,0.01112302951514721
22,blocks.25.conv1,0.06002897024154663
22,blocks.25.conv2,0.05681826174259186
22,blocks.25.gate_conv,0.010783393867313862
22,blocks.26.conv1,0.05649477615952492
22,blocks.26.conv2,0.050902631133794785
22,blocks.26.gate_conv,0.008357030339539051
22,blocks.27.conv1,0.0636015310883522
22,blocks.27.conv2,0.05804459750652313
22,blocks.27.gate_conv,0.008154649287462234
22,blocks.28.conv1,0.07449457794427872
22,blocks.28.conv2,0.06756343692541122
22,blocks.28.gate_conv,0.014443524181842804
22,blocks.29.conv1,0.09989288449287415
22,blocks.29.conv2,0.0823780819773674
22,blocks.29.gate_conv,0.01945931650698185
22,blocks.30.conv1,0.10472427308559418
22,blocks.30.conv2,0.08345585316419601
22,blocks.30.gate_conv,0.018628481775522232
22,blocks.31.conv1,0.08778221905231476
22,blocks.31.conv2,0.0735289454460144
22,blocks.31.gate_conv,0.012872109189629555
22,mean_conv2d_grad_norm,0.05936576997784456
23,stem.0,0.19109006226062775
23,blocks.0.conv1,0.19632959365844727
23,blocks.0.conv2,0.22508467733860016
23,blocks.0.gate_conv,0.009229576215147972
23,blocks.1.conv1,0.22014296054840088
23,blocks.1.conv2,0.23477040231227875
23,blocks.1.gate_conv,0.009921323508024216
23,blocks.2.conv1,0.20220611989498138
23,blocks.2.conv2,0.19649174809455872
23,blocks.2.gate_conv,0.018862366676330566
23,blocks.3.conv1,0.20584353804588318
23,blocks.3.conv2,0.19689257442951202
23,blocks.3.gate_conv,0.015876973047852516
23,blocks.4.conv1,0.17914515733718872
23,blocks.4.conv2,0.16975437104701996
23,blocks.4.gate_conv,0.01445726491510868
23,blocks.5.conv1,0.17276263236999512
23,blocks.5.conv2,0.15442048013210297
23,blocks.5.gate_conv,0.018689420074224472
23,blocks.6.conv1,0.15213923156261444
23,blocks.6.conv2,0.14172382652759552
23,blocks.6.gate_conv,0.01890152506530285
23,blocks.7.conv1,0.1383277177810669
23,blocks.7.conv2,0.1281900405883789
23,blocks.7.gate_conv,0.020580103620886803
23,blocks.8.conv1,0.15335902571678162
23,blocks.8.conv2,0.1346859484910965
23,blocks.8.gate_conv,0.014795252121984959
23,blocks.9.conv1,0.14258909225463867
23,blocks.9.conv2,0.12512001395225525
23,blocks.9.gate_conv,0.013269375078380108
23,blocks.10.conv1,0.11611820757389069
23,blocks.10.conv2,0.10585057735443115
23,blocks.10.gate_conv,0.011385874822735786
23,blocks.11.conv1,0.0998869240283966
23,blocks.11.conv2,0.09625963866710663
23,blocks.11.gate_conv,0.013592611998319626
23,blocks.12.conv1,0.09801790118217468
23,blocks.12.conv2,0.09711752831935883
23,blocks.12.gate_conv,0.015305716544389725
23,blocks.13.conv1,0.08032038062810898
23,blocks.13.conv2,0.08150442689657211
23,blocks.13.gate_conv,0.009933038614690304
23,blocks.14.conv1,0.08732502907514572
23,blocks.14.conv2,0.08285465091466904
23,blocks.14.gate_conv,0.010908903554081917
23,blocks.15.conv1,0.08012455701828003
23,blocks.15.conv2,0.07244167476892471
23,blocks.15.gate_conv,0.012750527821481228
23,blocks.16.conv1,0.08820230513811111
23,blocks.16.conv2,0.07974255084991455
23,blocks.16.gate_conv,0.018154587596654892
23,blocks.17.conv1,0.07726103067398071
23,blocks.17.conv2,0.06683194637298584
23,blocks.17.gate_conv,0.013409615494310856
23,blocks.18.conv1,0.07530489563941956
23,blocks.18.conv2,0.07136332243680954
23,blocks.18.gate_conv,0.014427410438656807
23,blocks.19.conv1,0.07474889606237411
23,blocks.19.conv2,0.06437306106090546
23,blocks.19.gate_conv,0.009716853499412537
23,blocks.20.conv1,0.06481273472309113
23,blocks.20.conv2,0.0626986101269722
23,blocks.20.gate_conv,0.009880025871098042
23,blocks.21.conv1,0.07987184077501297
23,blocks.21.conv2,0.07139372825622559
23,blocks.21.gate_conv,0.010890539735555649
23,blocks.22.conv1,0.08263568580150604
23,blocks.22.conv2,0.07395525276660919
23,blocks.22.gate_conv,0.012756030075252056
23,blocks.23.conv1,0.06982071697711945
23,blocks.23.conv2,0.06932757049798965
23,blocks.23.gate_conv,0.010492631234228611
23,blocks.24.conv1,0.09109639376401901
23,blocks.24.conv2,0.08706901967525482
23,blocks.24.gate_conv,0.016761399805545807
23,blocks.25.conv1,0.087994784116745
23,blocks.25.conv2,0.07908356934785843
23,blocks.25.gate_conv,0.01166150625795126
23,blocks.26.conv1,0.08081913739442825
23,blocks.26.conv2,0.07096517831087112
23,blocks.26.gate_conv,0.009993437677621841
23,blocks.27.conv1,0.09248346090316772
23,blocks.27.conv2,0.08397767692804337
23,blocks.27.gate_conv,0.013866622932255268
23,blocks.28.conv1,0.12304415553808212
23,blocks.28.conv2,0.10046106576919556
23,blocks.28.gate_conv,0.019359411671757698
23,blocks.29.conv1,0.12641198933124542
23,blocks.29.conv2,0.10981537401676178
23,blocks.29.gate_conv,0.030492141842842102
23,blocks.30.conv1,0.1423061341047287
23,blocks.30.conv2,0.11957015097141266
23,blocks.30.gate_conv,0.02765333652496338
23,blocks.31.conv1,0.12086755782365799
23,blocks.31.conv2,0.10945874452590942
23,blocks.31.gate_conv,0.014000008814036846
23,mean_conv2d_grad_norm,0.08276942953198534
24,stem.0,0.1418352723121643
24,blocks.0.conv1,0.18603727221488953
24,blocks.0.conv2,0.20344208180904388
24,blocks.0.gate_conv,0.00795723032206297
24,blocks.1.conv1,0.20808428525924683
24,blocks.1.conv2,0.21705053746700287
24,blocks.1.gate_conv,0.010224702768027782
24,blocks.2.conv1,0.18349890410900116
24,blocks.2.conv2,0.1746334582567215
24,blocks.2.gate_conv,0.017985550686717033
24,blocks.3.conv1,0.17308084666728973
24,blocks.3.conv2,0.16590920090675354
24,blocks.3.gate_conv,0.02764277160167694
24,blocks.4.conv1,0.16172003746032715
24,blocks.4.conv2,0.1508626639842987
24,blocks.4.gate_conv,0.020405344665050507
24,blocks.5.conv1,0.1429365873336792
24,blocks.5.conv2,0.1325908750295639
24,blocks.5.gate_conv,0.019423896446824074
24,blocks.6.conv1,0.13067732751369476
24,blocks.6.conv2,0.12690988183021545
24,blocks.6.gate_conv,0.01712726429104805
24,blocks.7.conv1,0.11760565638542175
24,blocks.7.conv2,0.10963817685842514
24,blocks.7.gate_conv,0.0177044328302145
24,blocks.8.conv1,0.1199822723865509
24,blocks.8.conv2,0.11880508065223694
24,blocks.8.gate_conv,0.012678192928433418
24,blocks.9.conv1,0.10621200501918793
24,blocks.9.conv2,0.10091933608055115
24,blocks.9.gate_conv,0.012869687750935555
24,blocks.10.conv1,0.10083869099617004
24,blocks.10.conv2,0.09103523939847946
24,blocks.10.gate_conv,0.014534756541252136
24,blocks.11.conv1,0.09663785994052887
24,blocks.11.conv2,0.08407983183860779
24,blocks.11.gate_conv,0.012968321330845356
24,blocks.12.conv1,0.07197006046772003
24,blocks.12.conv2,0.07297679781913757
24,blocks.12.gate_conv,0.012567712925374508
24,blocks.13.conv1,0.07197542488574982
24,blocks.13.conv2,0.0686110332608223
24,blocks.13.gate_conv,0.009119427762925625
24,blocks.14.conv1,0.07721418142318726
24,blocks.14.conv2,0.07055292278528214
24,blocks.14.gate_conv,0.017849452793598175
24,blocks.15.conv1,0.06319504976272583
24,blocks.15.conv2,0.061081621795892715
24,blocks.15.gate_conv,0.008096538484096527
24,blocks.16.conv1,0.0741531178355217
24,blocks.16.conv2,0.06719078868627548
24,blocks.16.gate_conv,0.008835052140057087
24,blocks.17.conv1,0.06481970101594925
24,blocks.17.conv2,0.06281215697526932
24,blocks.17.gate_conv,0.011554774828255177
24,blocks.18.conv1,0.06734307110309601
24,blocks.18.conv2,0.06575711816549301
24,blocks.18.gate_conv,0.010882195085287094
24,blocks.19.conv1,0.06583534181118011
24,blocks.19.conv2,0.05985839292407036
24,blocks.19.gate_conv,0.015826178714632988
24,blocks.20.conv1,0.06192805990576744
24,blocks.20.conv2,0.06083352118730545
24,blocks.20.gate_conv,0.009616220369935036
24,blocks.21.conv1,0.076258584856987
24,blocks.21.conv2,0.06766936182975769
24,blocks.21.gate_conv,0.010304096154868603
24,blocks.22.conv1,0.07447053492069244
24,blocks.22.conv2,0.07041356712579727
24,blocks.22.gate_conv,0.011102519929409027
24,blocks.23.conv1,0.07098794728517532
24,blocks.23.conv2,0.06552965193986893
24,blocks.23.gate_conv,0.011445474810898304
24,blocks.24.conv1,0.07625605165958405
24,blocks.24.conv2,0.0755104273557663
24,blocks.24.gate_conv,0.01491912268102169
24,blocks.25.conv1,0.07765103876590729
24,blocks.25.conv2,0.07734609395265579
24,blocks.25.gate_conv,0.014553699642419815
24,blocks.26.conv1,0.07996390759944916
24,blocks.26.conv2,0.07942549139261246
24,blocks.26.gate_conv,0.012276333756744862
24,blocks.27.conv1,0.08633747696876526
24,blocks.27.conv2,0.07862149924039841
24,blocks.27.gate_conv,0.016217105090618134
24,blocks.28.conv1,0.09464485198259354
24,blocks.28.conv2,0.0915621817111969
24,blocks.28.gate_conv,0.031192850321531296
24,blocks.29.conv1,0.11359044164419174
24,blocks.29.conv2,0.10396624356508255
24,blocks.29.gate_conv,0.026092499494552612
24,blocks.30.conv1,0.13239823281764984
24,blocks.30.conv2,0.10920830070972443
24,blocks.30.gate_conv,0.027868332341313362
24,blocks.31.conv1,0.11529841274023056
24,blocks.31.conv2,0.09318733960390091
24,blocks.31.gate_conv,0.014784392900764942
24,mean_conv2d_grad_norm,0.07371191253175133
25,stem.0,0.1273343414068222
25,blocks.0.conv1,0.14875048398971558
25,blocks.0.conv2,0.17222443222999573
25,blocks.0.gate_conv,0.006677779834717512
25,blocks.1.conv1,0.1666395664215088
25,blocks.1.conv2,0.16617152094841003
25,blocks.1.gate_conv,0.007364598102867603
25,blocks.2.conv1,0.15035052597522736
25,blocks.2.conv2,0.13745063543319702
25,blocks.2.gate_conv,0.012936003506183624
25,blocks.3.conv1,0.14479157328605652
25,blocks.3.conv2,0.12578916549682617
25,blocks.3.gate_conv,0.013921122066676617
25,blocks.4.conv1,0.1181584969162941
25,blocks.4.conv2,0.10687528550624847
25,blocks.4.gate_conv,0.01157431211322546
25,blocks.5.conv1,0.1175043061375618
25,blocks.5.conv2,0.10151861608028412
25,blocks.5.gate_conv,0.011674799956381321
25,blocks.6.conv1,0.09426309168338776
25,blocks.6.conv2,0.0863223448395729
25,blocks.6.gate_conv,0.013404040597379208
25,blocks.7.conv1,0.08333462476730347
25,blocks.7.conv2,0.07783447206020355
25,blocks.7.gate_conv,0.01591569371521473
25,blocks.8.conv1,0.0967932865023613
25,blocks.8.conv2,0.08404206484556198
25,blocks.8.gate_conv,0.011660095304250717
25,blocks.9.conv1,0.07945916801691055
25,blocks.9.conv2,0.07545032352209091
25,blocks.9.gate_conv,0.008792020380496979
25,blocks.10.conv1,0.07060343772172928
25,blocks.10.conv2,0.06448299437761307
25,blocks.10.gate_conv,0.007900807075202465
25,blocks.11.conv1,0.06259135901927948
25,blocks.11.conv2,0.05518905445933342
25,blocks.11.gate_conv,0.008586901240050793
25,blocks.12.conv1,0.06043730303645134
25,blocks.12.conv2,0.05811212584376335
25,blocks.12.gate_conv,0.007520746905356646
25,blocks.13.conv1,0.05645761266350746
25,blocks.13.conv2,0.0537211075425148
25,blocks.13.gate_conv,0.0064140320755541325
25,blocks.14.conv1,0.055017486214637756
25,blocks.14.conv2,0.05085856467485428
25,blocks.14.gate_conv,0.007157565094530582
25,blocks.15.conv1,0.05558066815137863
25,blocks.15.conv2,0.04649026319384575
25,blocks.15.gate_conv,0.005869392771273851
25,blocks.16.conv1,0.04874149709939957
25,blocks.16.conv2,0.045076895505189896
25,blocks.16.gate_conv,0.006140013225376606
25,blocks.17.conv1,0.05137583613395691
25,blocks.17.conv2,0.047875843942165375
25,blocks.17.gate_conv,0.008772429078817368
25,blocks.18.conv1,0.05244985967874527
25,blocks.18.conv2,0.04875791817903519
25,blocks.18.gate_conv,0.0068541294895112514
25,blocks.19.conv1,0.04371478408575058
25,blocks.19.conv2,0.04028681665658951
25,blocks.19.gate_conv,0.006241566501557827
25,blocks.20.conv1,0.04317498579621315
25,blocks.20.conv2,0.039615146815776825
25,blocks.20.gate_conv,0.005087622907012701
25,blocks.21.conv1,0.04686896502971649
25,blocks.21.conv2,0.044304098933935165
25,blocks.21.gate_conv,0.006943845190107822
25,blocks.22.conv1,0.04941890388727188
25,blocks.22.conv2,0.04301678389310837
25,blocks.22.gate_conv,0.008881962858140469
25,blocks.23.conv1,0.0476829893887043
25,blocks.23.conv2,0.04142428934574127
25,blocks.23.gate_conv,0.006268808152526617
25,blocks.24.conv1,0.055508457124233246
25,blocks.24.conv2,0.053799282759428024
25,blocks.24.gate_conv,0.012002161704003811
25,blocks.25.conv1,0.05537160485982895
25,blocks.25.conv2,0.04967380315065384
25,blocks.25.gate_conv,0.008492154069244862
25,blocks.26.conv1,0.05326663702726364
25,blocks.26.conv2,0.04736127704381943
25,blocks.26.gate_conv,0.006354114972054958
25,blocks.27.conv1,0.0608217678964138
25,blocks.27.conv2,0.052372872829437256
25,blocks.27.gate_conv,0.010498235933482647
25,blocks.28.conv1,0.07213816046714783
25,blocks.28.conv2,0.06283531337976456
25,blocks.28.gate_conv,0.01829054206609726
25,blocks.29.conv1,0.07988745719194412
25,blocks.29.conv2,0.0719839408993721
25,blocks.29.gate_conv,0.01892811246216297
25,blocks.30.conv1,0.0897618904709816
25,blocks.30.conv2,0.0727141872048378
25,blocks.30.gate_conv,0.014683552086353302
25,blocks.31.conv1,0.07840081304311752
25,blocks.31.conv2,0.06304918974637985
25,blocks.31.gate_conv,0.009183201007544994
25,mean_conv2d_grad_norm,0.0537559271636467
26,stem.0,0.24033993482589722
26,blocks.0.conv1,0.2384473979473114
26,blocks.0.conv2,0.26466020941734314
26,blocks.0.gate_conv,0.011693163774907589
26,blocks.1.conv1,0.27457568049430847
26,blocks.1.conv2,0.26598241925239563
26,blocks.1.gate_conv,0.011722242459654808
26,blocks.2.conv1,0.23480625450611115
26,blocks.2.conv2,0.21545299887657166
26,blocks.2.gate_conv,0.017897101119160652
26,blocks.3.conv1,0.22204570472240448
26,blocks.3.conv2,0.20719023048877716
26,blocks.3.gate_conv,0.016301928088068962
26,blocks.4.conv1,0.19655340909957886
26,blocks.4.conv2,0.1764513999223709
26,blocks.4.gate_conv,0.017051685601472855
26,blocks.5.conv1,0.18127232789993286
26,blocks.5.conv2,0.16569873690605164
26,blocks.5.gate_conv,0.02012753300368786
26,blocks.6.conv1,0.15974868834018707
26,blocks.6.conv2,0.14745555818080902
26,blocks.6.gate_conv,0.01994076557457447
26,blocks.7.conv1,0.14414739608764648
26,blocks.7.conv2,0.13384243845939636
26,blocks.7.gate_conv,0.02556273713707924
26,blocks.8.conv1,0.15537019073963165
26,blocks.8.conv2,0.14031630754470825
26,blocks.8.gate_conv,0.01624741591513157
26,blocks.9.conv1,0.1333932727575302
26,blocks.9.conv2,0.12543661892414093
26,blocks.9.gate_conv,0.014898676425218582
26,blocks.10.conv1,0.1280835121870041
26,blocks.10.conv2,0.12584984302520752
26,blocks.10.gate_conv,0.013341093435883522
26,blocks.11.conv1,0.107929527759552
26,blocks.11.conv2,0.0943356305360794
26,blocks.11.gate_conv,0.014157075434923172
26,blocks.12.conv1,0.0986127108335495
26,blocks.12.conv2,0.09491348266601562
26,blocks.12.gate_conv,0.011788928881287575
26,blocks.13.conv1,0.0973278135061264
26,blocks.13.conv2,0.09949613362550735
26,blocks.13.gate_conv,0.013213543221354485
26,blocks.14.conv1,0.103263720870018
26,blocks.14.conv2,0.0953572541475296
26,blocks.14.gate_conv,0.010504472069442272
26,blocks.15.conv1,0.08791140466928482
26,blocks.15.conv2,0.08137848228216171
26,blocks.15.gate_conv,0.009911628440022469
26,blocks.16.conv1,0.08893956243991852
26,blocks.16.conv2,0.08938828855752945
26,blocks.16.gate_conv,0.012347978539764881
26,blocks.17.conv1,0.08283467590808868
26,blocks.17.conv2,0.07546120882034302
26,blocks.17.gate_conv,0.010267963632941246
26,blocks.18.conv1,0.08398251235485077
26,blocks.18.conv2,0.08011730760335922
26,blocks.18.gate_conv,0.01029297150671482
26,blocks.19.conv1,0.08303741365671158
26,blocks.19.conv2,0.08083748817443848
26,blocks.19.gate_conv,0.017535369843244553
26,blocks.20.conv1,0.0766548439860344
26,blocks.20.conv2,0.07309111952781677
26,blocks.20.gate_conv,0.009930147789418697
26,blocks.21.conv1,0.0937347263097763
26,blocks.21.conv2,0.08532363921403885
26,blocks.21.gate_conv,0.014741913415491581
26,blocks.22.conv1,0.08677524328231812
26,blocks.22.conv2,0.07408418506383896
26,blocks.22.gate_conv,0.012648990377783775
26,blocks.23.conv1,0.08713781833648682
26,blocks.23.conv2,0.08200893551111221
26,blocks.23.gate_conv,0.008985241875052452
26,blocks.24.conv1,0.09033352881669998
26,blocks.24.conv2,0.08531992882490158
26,blocks.24.gate_conv,0.01801343448460102
26,blocks.25.conv1,0.09796019643545151
26,blocks.25.conv2,0.08886321634054184
26,blocks.25.gate_conv,0.019318198785185814
26,blocks.26.conv1,0.07830100506544113
26,blocks.26.conv2,0.07512351125478745
26,blocks.26.gate_conv,0.01065382082015276
26,blocks.27.conv1,0.09530960768461227
26,blocks.27.conv2,0.08502350747585297
26,blocks.27.gate_conv,0.011174504645168781
26,blocks.28.conv1,0.11184211075305939
26,blocks.28.conv2,0.10087069123983383
26,blocks.28.gate_conv,0.022990666329860687
26,blocks.29.conv1,0.1394764631986618
26,blocks.29.conv2,0.12310947477817535
26,blocks.29.gate_conv,0.033001858741045
26,blocks.30.conv1,0.15593068301677704
26,blocks.30.conv2,0.12943583726882935
26,blocks.30.gate_conv,0.02832101471722126
26,blocks.31.conv1,0.13506032526493073
26,blocks.31.conv2,0.11194813251495361
26,blocks.31.gate_conv,0.017762839794158936
26,mean_conv2d_grad_norm,0.09038464727897927
27,stem.0,0.277219295501709
27,blocks.0.conv1,0.24408785998821259
27,blocks.0.conv2,0.2537163496017456
27,blocks.0.gate_conv,0.009039951488375664
27,blocks.1.conv1,0.24314045906066895
27,blocks.1.conv2,0.24162591993808746
27,blocks.1.gate_conv,0.010341142304241657
27,blocks.2.conv1,0.20627695322036743
27,blocks.2.conv2,0.21052613854408264
27,blocks.2.gate_conv,0.01339446660131216
27,blocks.3.conv1,0.213779017329216
27,blocks.3.conv2,0.19606584310531616
27,blocks.3.gate_conv,0.01522876974195242
27,blocks.4.conv1,0.18845845758914948
27,blocks.4.conv2,0.1734604835510254
27,blocks.4.gate_conv,0.022189920768141747
27,blocks.5.conv1,0.17618311941623688
27,blocks.5.conv2,0.17224663496017456
27,blocks.5.gate_conv,0.023172829300165176
27,blocks.6.conv1,0.1492779701948166
27,blocks.6.conv2,0.14449909329414368
27,blocks.6.gate_conv,0.02639995887875557
27,blocks.7.conv1,0.13392342627048492
27,blocks.7.conv2,0.1266867071390152
27,blocks.7.gate_conv,0.02776220068335533
27,blocks.8.conv1,0.14467032253742218
27,blocks.8.conv2,0.13261699676513672
27,blocks.8.gate_conv,0.015590965747833252
27,blocks.9.conv1,0.13311293721199036
27,blocks.9.conv2,0.12253500521183014
27,blocks.9.gate_conv,0.01422555185854435
27,blocks.10.conv1,0.12725912034511566
27,blocks.10.conv2,0.11473962664604187
27,blocks.10.gate_conv,0.015421522781252861
27,blocks.11.conv1,0.11150026321411133
27,blocks.11.conv2,0.10289200395345688
27,blocks.11.gate_conv,0.01939943991601467
27,blocks.12.conv1,0.09260409325361252
27,blocks.12.conv2,0.09135880321264267
27,blocks.12.gate_conv,0.014746444299817085
27,blocks.13.conv1,0.0935286283493042
27,blocks.13.conv2,0.09025794267654419
27,blocks.13.gate_conv,0.012866606004536152
27,blocks.14.conv1,0.09795913100242615
27,blocks.14.conv2,0.0891856774687767
27,blocks.14.gate_conv,0.011833777651190758
27,blocks.15.conv1,0.08622373640537262
27,blocks.15.conv2,0.08019044250249863
27,blocks.15.gate_conv,0.01689475029706955
27,blocks.16.conv1,0.079732745885849
27,blocks.16.conv2,0.07575103640556335
27,blocks.16.gate_conv,0.014934788458049297
27,blocks.17.conv1,0.07876947522163391
27,blocks.17.conv2,0.0774431973695755
27,blocks.17.gate_conv,0.015502328984439373
27,blocks.18.conv1,0.07252290099859238
27,blocks.18.conv2,0.0694088339805603
27,blocks.18.gate_conv,0.019187618046998978
27,blocks.19.conv1,0.0746598094701767
27,blocks.19.conv2,0.07222380489110947
27,blocks.19.gate_conv,0.015265078283846378
27,blocks.20.conv1,0.07096341252326965
27,blocks.20.conv2,0.06620073318481445
27,blocks.20.gate_conv,0.015403997153043747
27,blocks.21.conv1,0.08273520320653915
27,blocks.21.conv2,0.0801931619644165
27,blocks.21.gate_conv,0.01667425036430359
27,blocks.22.conv1,0.08831225335597992
27,blocks.22.conv2,0.0766480416059494
27,blocks.22.gate_conv,0.018062813207507133
27,blocks.23.conv1,0.0819954127073288
27,blocks.23.conv2,0.07470756769180298
27,blocks.23.gate_conv,0.016216469928622246
27,blocks.24.conv1,0.0897107943892479
27,blocks.24.conv2,0.08406998217105865
27,blocks.24.gate_conv,0.020018333569169044
27,blocks.25.conv1,0.08275017887353897
27,blocks.25.conv2,0.07432638108730316
27,blocks.25.gate_conv,0.02405599318444729
27,blocks.26.conv1,0.07426717877388
27,blocks.26.conv2,0.06668925285339355
27,blocks.26.gate_conv,0.014944163151085377
27,blocks.27.conv1,0.09259378165006638
27,blocks.27.conv2,0.08322297781705856
27,blocks.27.gate_conv,0.017606321722269058
27,blocks.28.conv1,0.09848816692829132
27,blocks.28.conv2,0.0902983620762825
27,blocks.28.gate_conv,0.022770527750253677
27,blocks.29.conv1,0.12592662870883942
27,blocks.29.conv2,0.10692176222801208
27,blocks.29.gate_conv,0.027478180825710297
27,blocks.30.conv1,0.14878647029399872
27,blocks.30.conv2,0.122921422123909
27,blocks.30.gate_conv,0.027806727215647697
27,blocks.31.conv1,0.1196441650390625
27,blocks.31.conv2,0.11002781242132187
27,blocks.31.gate_conv,0.019472375512123108
27,mean_conv2d_grad_norm,0.08689308900040449
28,stem.0,0.17877531051635742
28,blocks.0.conv1,0.19674809277057648
28,blocks.0.conv2,0.2144344300031662
28,blocks.0.gate_conv,0.009814533405005932
28,blocks.1.conv1,0.21598829329013824
28,blocks.1.conv2,0.23174498975276947
28,blocks.1.gate_conv,0.009804374538362026
28,blocks.2.conv1,0.20662562549114227
28,blocks.2.conv2,0.20539706945419312
28,blocks.2.gate_conv,0.024183260276913643
28,blocks.3.conv1,0.20660518109798431
28,blocks.3.conv2,0.1980717033147812
28,blocks.3.gate_conv,0.015062138438224792
28,blocks.4.conv1,0.17992593348026276
28,blocks.4.conv2,0.16893716156482697
28,blocks.4.gate_conv,0.018584296107292175
28,blocks.5.conv1,0.17063114047050476
28,blocks.5.conv2,0.15996168553829193
28,blocks.5.gate_conv,0.03227364271879196
28,blocks.6.conv1,0.1543477326631546
28,blocks.6.conv2,0.14067187905311584
28,blocks.6.gate_conv,0.02732124924659729
28,blocks.7.conv1,0.13313814997673035
28,blocks.7.conv2,0.12270966172218323
28,blocks.7.gate_conv,0.02597981132566929
28,blocks.8.conv1,0.1423795372247696
28,blocks.8.conv2,0.13119353353977203
28,blocks.8.gate_conv,0.017059937119483948
28,blocks.9.conv1,0.12361977249383926
28,blocks.9.conv2,0.11144617944955826
28,blocks.9.gate_conv,0.01344310399144888
28,blocks.10.conv1,0.12362395972013474
28,blocks.10.conv2,0.109463170170784
28,blocks.10.gate_conv,0.01533894706517458
28,blocks.11.conv1,0.10368815064430237
28,blocks.11.conv2,0.09409676492214203
28,blocks.11.gate_conv,0.015916146337985992
28,blocks.12.conv1,0.09843483567237854
28,blocks.12.conv2,0.09382164478302002
28,blocks.12.gate_conv,0.013027437031269073
28,blocks.13.conv1,0.09275026619434357
28,blocks.13.conv2,0.08687116205692291
28,blocks.13.gate_conv,0.009344582445919514
28,blocks.14.conv1,0.08912549167871475
28,blocks.14.conv2,0.08683165162801743
28,blocks.14.gate_conv,0.010380819439888
28,blocks.15.conv1,0.08793690800666809
28,blocks.15.conv2,0.08158134669065475
28,blocks.15.gate_conv,0.010934876278042793
28,blocks.16.conv1,0.08940088748931885
28,blocks.16.conv2,0.08056113123893738
28,blocks.16.gate_conv,0.01271388866007328
28,blocks.17.conv1,0.08824855834245682
28,blocks.17.conv2,0.0821891501545906
28,blocks.17.gate_conv,0.0115679195150733
28,blocks.18.conv1,0.08136706799268723
28,blocks.18.conv2,0.07836911827325821
28,blocks.18.gate_conv,0.01253710500895977
28,blocks.19.conv1,0.08299516886472702
28,blocks.19.conv2,0.0771733745932579
28,blocks.19.gate_conv,0.011999160051345825
28,blocks.20.conv1,0.08099637925624847
28,blocks.20.conv2,0.0716235339641571
28,blocks.20.gate_conv,0.013350474648177624
28,blocks.21.conv1,0.08867689967155457
28,blocks.21.conv2,0.0816754624247551
28,blocks.21.gate_conv,0.012150188907980919
28,blocks.22.conv1,0.08306551724672318
28,blocks.22.conv2,0.07508591562509537
28,blocks.22.gate_conv,0.0190555602312088
28,blocks.23.conv1,0.08844230324029922
28,blocks.23.conv2,0.07905340194702148
28,blocks.23.gate_conv,0.01611005701124668
28,blocks.24.conv1,0.0949830412864685
28,blocks.24.conv2,0.08549340069293976
28,blocks.24.gate_conv,0.015551980584859848
28,blocks.25.conv1,0.08898504823446274
28,blocks.25.conv2,0.08039512485265732
28,blocks.25.gate_conv,0.017008252441883087
28,blocks.26.conv1,0.09065509587526321
28,blocks.26.conv2,0.0804271474480629
28,blocks.26.gate_conv,0.011624637991189957
28,blocks.27.conv1,0.09131425619125366
28,blocks.27.conv2,0.07929778099060059
28,blocks.27.gate_conv,0.013398910872638226
28,blocks.28.conv1,0.10666199773550034
28,blocks.28.conv2,0.09473095834255219
28,blocks.28.gate_conv,0.019336558878421783
28,blocks.29.conv1,0.12229124456644058
28,blocks.29.conv2,0.10734873265028
28,blocks.29.gate_conv,0.03726787865161896
28,blocks.30.conv1,0.14452528953552246
28,blocks.30.conv2,0.12214887887239456
28,blocks.30.gate_conv,0.03321060910820961
28,blocks.31.conv1,0.1345827281475067
28,blocks.31.conv2,0.12155403196811676
28,blocks.31.gate_conv,0.026984304189682007
28,mean_conv2d_grad_norm,0.0850333369615459
29,stem.0,0.21760696172714233
29,blocks.0.conv1,0.21116670966148376
29,blocks.0.conv2,0.22967423498630524
29,blocks.0.gate_conv,0.009065341204404831
29,blocks.1.conv1,0.22877007722854614
29,blocks.1.conv2,0.2258843332529068
29,blocks.1.gate_conv,0.01004614494740963
29,blocks.2.conv1,0.19489723443984985
29,blocks.2.conv2,0.18109382688999176
29,blocks.2.gate_conv,0.01474054902791977
29,blocks.3.conv1,0.1923271119594574
29,blocks.3.conv2,0.16878782212734222
29,blocks.3.gate_conv,0.01186328288167715
29,blocks.4.conv1,0.16087745130062103
29,blocks.4.conv2,0.147992342710495
29,blocks.4.gate_conv,0.014493690803647041
29,blocks.5.conv1,0.1710440069437027
29,blocks.5.conv2,0.1420987844467163
29,blocks.5.gate_conv,0.01757451519370079
29,blocks.6.conv1,0.13665075600147247
29,blocks.6.conv2,0.1297745257616043
29,blocks.6.gate_conv,0.0181387048214674
29,blocks.7.conv1,0.12120244652032852
29,blocks.7.conv2,0.11215174198150635
29,blocks.7.gate_conv,0.022396568208932877
29,blocks.8.conv1,0.13500837981700897
29,blocks.8.conv2,0.11918933689594269
29,blocks.8.gate_conv,0.011590545997023582
29,blocks.9.conv1,0.11362167447805405
29,blocks.9.conv2,0.10366540402173996
29,blocks.9.gate_conv,0.012100041843950748
29,blocks.10.conv1,0.11150326579809189
29,blocks.10.conv2,0.09936579316854477
29,blocks.10.gate_conv,0.012238439172506332
29,blocks.11.conv1,0.11101321876049042
29,blocks.11.conv2,0.09954293072223663
29,blocks.11.gate_conv,0.013299506157636642
29,blocks.12.conv1,0.08937642723321915
29,blocks.12.conv2,0.08549562096595764
29,blocks.12.gate_conv,0.011483059264719486
29,blocks.13.conv1,0.08532972633838654
29,blocks.13.conv2,0.07825737446546555
29,blocks.13.gate_conv,0.010506539605557919
29,blocks.14.conv1,0.08439632505178452
29,blocks.14.conv2,0.0727899819612503
29,blocks.14.gate_conv,0.01013556681573391
29,blocks.15.conv1,0.06964606046676636
29,blocks.15.conv2,0.06516063958406448
29,blocks.15.gate_conv,0.009368772618472576
29,blocks.16.conv1,0.07503220438957214
29,blocks.16.conv2,0.07060594856739044
29,blocks.16.gate_conv,0.009581942111253738
29,blocks.17.conv1,0.07818040996789932
29,blocks.17.conv2,0.07035471498966217
29,blocks.17.gate_conv,0.010169735178351402
29,blocks.18.conv1,0.07259005308151245
29,blocks.18.conv2,0.07035085558891296
29,blocks.18.gate_conv,0.009557331912219524
29,blocks.19.conv1,0.0614437609910965
29,blocks.19.conv2,0.05794771760702133
29,blocks.19.gate_conv,0.009997173212468624
29,blocks.20.conv1,0.06127116084098816
29,blocks.20.conv2,0.053869083523750305
29,blocks.20.gate_conv,0.008877710439264774
29,blocks.21.conv1,0.07609576731920242
29,blocks.21.conv2,0.06818755716085434
29,blocks.21.gate_conv,0.008007696829736233
29,blocks.22.conv1,0.07361765205860138
29,blocks.22.conv2,0.07043087482452393
29,blocks.22.gate_conv,0.011160082183778286
29,blocks.23.conv1,0.06696054339408875
29,blocks.23.conv2,0.06439612805843353
29,blocks.23.gate_conv,0.010955593548715115
29,blocks.24.conv1,0.0920708104968071
29,blocks.24.conv2,0.0797005370259285
29,blocks.24.gate_conv,0.017290271818637848
29,blocks.25.conv1,0.08018361777067184
29,blocks.25.conv2,0.06767043471336365
29,blocks.25.gate_conv,0.016323285177350044
29,blocks.26.conv1,0.07004542648792267
29,blocks.26.conv2,0.06413815915584564
29,blocks.26.gate_conv,0.009440247900784016
29,blocks.27.conv1,0.07696903496980667
29,blocks.27.conv2,0.0694996565580368
29,blocks.27.gate_conv,0.009452639147639275
29,blocks.28.conv1,0.10571510344743729
29,blocks.28.conv2,0.09250054508447647
29,blocks.28.gate_conv,0.015355292707681656
29,blocks.29.conv1,0.13280433416366577
29,blocks.29.conv2,0.11007285863161087
29,blocks.29.gate_conv,0.029766418039798737
29,blocks.30.conv1,0.1460656374692917
29,blocks.30.conv2,0.12335164844989777
29,blocks.30.gate_conv,0.026315782219171524
29,blocks.31.conv1,0.12929627299308777
29,blocks.31.conv2,0.114002525806427
29,blocks.31.gate_conv,0.015242327004671097
29,mean_conv2d_grad_norm,0.07801359135311903
30,stem.0,0.12961934506893158
30,blocks.0.conv1,0.16939887404441833
30,blocks.0.conv2,0.1913377344608307
30,blocks.0.gate_conv,0.006937542464584112
30,blocks.1.conv1,0.20459364354610443
30,blocks.1.conv2,0.20338359475135803
30,blocks.1.gate_conv,0.00901416689157486
30,blocks.2.conv1,0.18550404906272888
30,blocks.2.conv2,0.16868679225444794
30,blocks.2.gate_conv,0.016014516353607178
30,blocks.3.conv1,0.16959689557552338
30,blocks.3.conv2,0.16332188248634338
30,blocks.3.gate_conv,0.012429160997271538
30,blocks.4.conv1,0.16234782338142395
30,blocks.4.conv2,0.1521809697151184
30,blocks.4.gate_conv,0.013932331465184689
30,blocks.5.conv1,0.1546562761068344
30,blocks.5.conv2,0.13959644734859467
30,blocks.5.gate_conv,0.014451629482209682
30,blocks.6.conv1,0.14192156493663788
30,blocks.6.conv2,0.1289280503988266
30,blocks.6.gate_conv,0.017853904515504837
30,blocks.7.conv1,0.12504729628562927
30,blocks.7.conv2,0.11321257799863815
30,blocks.7.gate_conv,0.02101309224963188
30,blocks.8.conv1,0.13203687965869904
30,blocks.8.conv2,0.12298078089952469
30,blocks.8.gate_conv,0.012033786624670029
30,blocks.9.conv1,0.10957156121730804
30,blocks.9.conv2,0.10491249710321426
30,blocks.9.gate_conv,0.011282749474048615
30,blocks.10.conv1,0.11108733713626862
30,blocks.10.conv2,0.09635099023580551
30,blocks.10.gate_conv,0.011651820503175259
30,blocks.11.conv1,0.09119667857885361
30,blocks.11.conv2,0.08911237120628357
30,blocks.11.gate_conv,0.01267548743635416
30,blocks.12.conv1,0.08080384880304337
30,blocks.12.conv2,0.0786585584282875
30,blocks.12.gate_conv,0.011637668125331402
30,blocks.13.conv1,0.08654036372900009
30,blocks.13.conv2,0.08403944969177246
30,blocks.13.gate_conv,0.012226789258420467
30,blocks.14.conv1,0.09279703348875046
30,blocks.14.conv2,0.08592596650123596
30,blocks.14.gate_conv,0.009240168146789074
30,blocks.15.conv1,0.07994014024734497
30,blocks.15.conv2,0.0722247064113617
30,blocks.15.gate_conv,0.013297263532876968
30,blocks.16.conv1,0.07962433248758316
30,blocks.16.conv2,0.07343979924917221
30,blocks.16.gate_conv,0.010678932070732117
30,blocks.17.conv1,0.06970091909170151
30,blocks.17.conv2,0.06753985583782196
30,blocks.17.gate_conv,0.00771309295669198
30,blocks.18.conv1,0.07902028411626816
30,blocks.18.conv2,0.07699287682771683
30,blocks.18.gate_conv,0.008476869203150272
30,blocks.19.conv1,0.06969816237688065
30,blocks.19.conv2,0.06895928084850311
30,blocks.19.gate_conv,0.008893240243196487
30,blocks.20.conv1,0.07039707899093628
30,blocks.20.conv2,0.06691471487283707
30,blocks.20.gate_conv,0.010481622070074081
30,blocks.21.conv1,0.07689570635557175
30,blocks.21.conv2,0.07348936051130295
30,blocks.21.gate_conv,0.01092124730348587
30,blocks.22.conv1,0.07821443676948547
30,blocks.22.conv2,0.0743577629327774
30,blocks.22.gate_conv,0.009501145221292973
30,blocks.23.conv1,0.07396246492862701
30,blocks.23.conv2,0.07044843584299088
30,blocks.23.gate_conv,0.009892016649246216
30,blocks.24.conv1,0.09006135165691376
30,blocks.24.conv2,0.09237588942050934
30,blocks.24.gate_conv,0.017275594174861908
30,blocks.25.conv1,0.08448989689350128
30,blocks.25.conv2,0.07846439629793167
30,blocks.25.gate_conv,0.021892394870519638
30,blocks.26.conv1,0.07419160008430481
30,blocks.26.conv2,0.06753018498420715
30,blocks.26.gate_conv,0.009606901556253433
30,blocks.27.conv1,0.08911319077014923
30,blocks.27.conv2,0.08622480928897858
30,blocks.27.gate_conv,0.01522097922861576
30,blocks.28.conv1,0.11417465656995773
30,blocks.28.conv2,0.10629583895206451
30,blocks.28.gate_conv,0.015617365948855877
30,blocks.29.conv1,0.12365046888589859
30,blocks.29.conv2,0.11275702714920044
30,blocks.29.gate_conv,0.0298424381762743
30,blocks.30.conv1,0.15229250490665436
30,blocks.30.conv2,0.12064430862665176
30,blocks.30.gate_conv,0.03569437190890312
30,blocks.31.conv1,0.12805862724781036
30,blocks.31.conv2,0.10509124398231506
30,blocks.31.gate_conv,0.017722129821777344
30,mean_conv2d_grad_norm,0.07692481306640758
31,stem.0,0.23276866972446442
31,blocks.0.conv1,0.18316376209259033
31,blocks.0.conv2,0.2102314680814743
31,blocks.0.gate_conv,0.007409327197819948
31,blocks.1.conv1,0.1941230446100235
31,blocks.1.conv2,0.19487442076206207
31,blocks.1.gate_conv,0.008092040196061134
31,blocks.2.conv1,0.1731768101453781
31,blocks.2.conv2,0.16493993997573853
31,blocks.2.gate_conv,0.0117604099214077
31,blocks.3.conv1,0.16543948650360107
31,blocks.3.conv2,0.15467415750026703
31,blocks.3.gate_conv,0.012070448137819767
31,blocks.4.conv1,0.1445876806974411
31,blocks.4.conv2,0.140834242105484
31,blocks.4.gate_conv,0.014923918060958385
31,blocks.5.conv1,0.14415721595287323
31,blocks.5.conv2,0.12876544892787933
31,blocks.5.gate_conv,0.0157628171145916
31,blocks.6.conv1,0.11935355514287949
31,blocks.6.conv2,0.11737782508134842
31,blocks.6.gate_conv,0.015150066465139389
31,blocks.7.conv1,0.11619250476360321
31,blocks.7.conv2,0.10443104058504105
31,blocks.7.gate_conv,0.016694694757461548
31,blocks.8.conv1,0.1198568046092987
31,blocks.8.conv2,0.11367081850767136
31,blocks.8.gate_conv,0.013517532497644424
31,blocks.9.conv1,0.10641921311616898
31,blocks.9.conv2,0.09640859067440033
31,blocks.9.gate_conv,0.011580396443605423
31,blocks.10.conv1,0.1044263243675232
31,blocks.10.conv2,0.09244152158498764
31,blocks.10.gate_conv,0.012149340473115444
31,blocks.11.conv1,0.08544372022151947
31,blocks.11.conv2,0.07913868874311447
31,blocks.11.gate_conv,0.011816136538982391
31,blocks.12.conv1,0.07693690061569214
31,blocks.12.conv2,0.07304714620113373
31,blocks.12.gate_conv,0.009463957510888577
31,blocks.13.conv1,0.0677788257598877
31,blocks.13.conv2,0.06534721702337265
31,blocks.13.gate_conv,0.005536205135285854
31,blocks.14.conv1,0.066207654774189
31,blocks.14.conv2,0.0614304393529892
31,blocks.14.gate_conv,0.006027881521731615
31,blocks.15.conv1,0.06345774233341217
31,blocks.15.conv2,0.05856427922844887
31,blocks.15.gate_conv,0.006442914251238108
31,blocks.16.conv1,0.07064862549304962
31,blocks.16.conv2,0.06158547103404999
31,blocks.16.gate_conv,0.007664449047297239
31,blocks.17.conv1,0.056173715740442276
31,blocks.17.conv2,0.056657273322343826
31,blocks.17.gate_conv,0.008433894254267216
31,blocks.18.conv1,0.06662961095571518
31,blocks.18.conv2,0.07036637514829636
31,blocks.18.gate_conv,0.007423472125083208
31,blocks.19.conv1,0.057331353425979614
31,blocks.19.conv2,0.05485333129763603
31,blocks.19.gate_conv,0.006113264709711075
31,blocks.20.conv1,0.05566452443599701
31,blocks.20.conv2,0.04909243434667587
31,blocks.20.gate_conv,0.006256059277802706
31,blocks.21.conv1,0.06605704128742218
31,blocks.21.conv2,0.060790810734033585
31,blocks.21.gate_conv,0.009178074076771736
31,blocks.22.conv1,0.058939237147569656
31,blocks.22.conv2,0.05358836427330971
31,blocks.22.gate_conv,0.01149175688624382
31,blocks.23.conv1,0.059822555631399155
31,blocks.23.conv2,0.059061966836452484
31,blocks.23.gate_conv,0.011071947403252125
31,blocks.24.conv1,0.07401719689369202
31,blocks.24.conv2,0.06884194910526276
31,blocks.24.gate_conv,0.013247686438262463
31,blocks.25.conv1,0.06613735109567642
31,blocks.25.conv2,0.06230325624346733
31,blocks.25.gate_conv,0.013151859864592552
31,blocks.26.conv1,0.06964977085590363
31,blocks.26.conv2,0.05798269435763359
31,blocks.26.gate_conv,0.007084602024406195
31,blocks.27.conv1,0.07602967321872711
31,blocks.27.conv2,0.07039248198270798
31,blocks.27.gate_conv,0.01021322887390852
31,blocks.28.conv1,0.08050537109375
31,blocks.28.conv2,0.07732504606246948
31,blocks.28.gate_conv,0.019714348018169403
31,blocks.29.conv1,0.11699382960796356
31,blocks.29.conv2,0.10303020477294922
31,blocks.29.gate_conv,0.024904334917664528
31,blocks.30.conv1,0.12838661670684814
31,blocks.30.conv2,0.10489107668399811
31,blocks.30.gate_conv,0.029402703046798706
31,blocks.31.conv1,0.11347906291484833
31,blocks.31.conv2,0.09636753797531128
31,blocks.31.gate_conv,0.01175962295383215
31,mean_conv2d_grad_norm,0.06926569443906552
32,stem.0,0.17455270886421204
32,blocks.0.conv1,0.21315529942512512
32,blocks.0.conv2,0.2298724502325058
32,blocks.0.gate_conv,0.009387367404997349
32,blocks.1.conv1,0.21695272624492645
32,blocks.1.conv2,0.22691676020622253
32,blocks.1.gate_conv,0.009160307236015797
32,blocks.2.conv1,0.20774541795253754
32,blocks.2.conv2,0.2027018815279007
32,blocks.2.gate_conv,0.01440304797142744
32,blocks.3.conv1,0.19588415324687958
32,blocks.3.conv2,0.18480686843395233
32,blocks.3.gate_conv,0.013660217635333538
32,blocks.4.conv1,0.18639343976974487
32,blocks.4.conv2,0.16198542714118958
32,blocks.4.gate_conv,0.017161021009087563
32,blocks.5.conv1,0.1713973432779312
32,blocks.5.conv2,0.1635388731956482
32,blocks.5.gate_conv,0.031715959310531616
32,blocks.6.conv1,0.1466922014951706
32,blocks.6.conv2,0.13843213021755219
32,blocks.6.gate_conv,0.022431734949350357
32,blocks.7.conv1,0.14458946883678436
32,blocks.7.conv2,0.1275767683982849
32,blocks.7.gate_conv,0.028675904497504234
32,blocks.8.conv1,0.14666275680065155
32,blocks.8.conv2,0.12944164872169495
32,blocks.8.gate_conv,0.012985922396183014
32,blocks.9.conv1,0.1291249394416809
32,blocks.9.conv2,0.12377684563398361
32,blocks.9.gate_conv,0.0159598495811224
32,blocks.10.conv1,0.12338166683912277
32,blocks.10.conv2,0.11218433827161789
32,blocks.10.gate_conv,0.014941352419555187
32,blocks.11.conv1,0.1063338965177536
32,blocks.11.conv2,0.09442745894193649
32,blocks.11.gate_conv,0.019817307591438293
32,blocks.12.conv1,0.0977560356259346
32,blocks.12.conv2,0.09117233753204346
32,blocks.12.gate_conv,0.014019187539815903
32,blocks.13.conv1,0.09129181504249573
32,blocks.13.conv2,0.08735594153404236
32,blocks.13.gate_conv,0.011347023770213127
32,blocks.14.conv1,0.09444732218980789
32,blocks.14.conv2,0.09037108719348907
32,blocks.14.gate_conv,0.0158170647919178
32,blocks.15.conv1,0.08877874165773392
32,blocks.15.conv2,0.08229700475931168
32,blocks.15.gate_conv,0.014711678959429264
32,blocks.16.conv1,0.09282775968313217
32,blocks.16.conv2,0.08436248451471329
32,blocks.16.gate_conv,0.011899517849087715
32,blocks.17.conv1,0.08259239792823792
32,blocks.17.conv2,0.07644029706716537
32,blocks.17.gate_conv,0.009880236349999905
32,blocks.18.conv1,0.0800895094871521
32,blocks.18.conv2,0.07512934505939484
32,blocks.18.gate_conv,0.012282024137675762
32,blocks.19.conv1,0.08307355642318726
32,blocks.19.conv2,0.07449498027563095
32,blocks.19.gate_conv,0.015109517611563206
32,blocks.20.conv1,0.072834812104702
32,blocks.20.conv2,0.07173499464988708
32,blocks.20.gate_conv,0.010764196515083313
32,blocks.21.conv1,0.0860951840877533
32,blocks.21.conv2,0.07737837731838226
32,blocks.21.gate_conv,0.015025487169623375
32,blocks.22.conv1,0.08157623559236526
32,blocks.22.conv2,0.07150944322347641
32,blocks.22.gate_conv,0.010986855253577232
32,blocks.23.conv1,0.08326013386249542
32,blocks.23.conv2,0.07422316819429398
32,blocks.23.gate_conv,0.010030301287770271
32,blocks.24.conv1,0.10654269903898239
32,blocks.24.conv2,0.08734936267137527
32,blocks.24.gate_conv,0.017436787486076355
32,blocks.25.conv1,0.08820728957653046
32,blocks.25.conv2,0.08616611361503601
32,blocks.25.gate_conv,0.017759811133146286
32,blocks.26.conv1,0.087807297706604
32,blocks.26.conv2,0.0841202363371849
32,blocks.26.gate_conv,0.009273756295442581
32,blocks.27.conv1,0.09711778163909912
32,blocks.27.conv2,0.09102282673120499
32,blocks.27.gate_conv,0.012769036926329136
32,blocks.28.conv1,0.10433778166770935
32,blocks.28.conv2,0.09791452437639236
32,blocks.28.gate_conv,0.035912152379751205
32,blocks.29.conv1,0.1506529301404953
32,blocks.29.conv2,0.1282528042793274
32,blocks.29.gate_conv,0.03547722473740578
32,blocks.30.conv1,0.16414673626422882
32,blocks.30.conv2,0.13519755005836487
32,blocks.30.gate_conv,0.041191790252923965
32,blocks.31.conv1,0.13927339017391205
32,blocks.31.conv2,0.124945268034935
32,blocks.31.gate_conv,0.025286810472607613
32,mean_conv2d_grad_norm,0.08639129360696089
33,stem.0,0.0936322957277298
33,blocks.0.conv1,0.11805948615074158
33,blocks.0.conv2,0.12768802046775818
33,blocks.0.gate_conv,0.004156156443059444
33,blocks.1.conv1,0.12466257810592651
33,blocks.1.conv2,0.12935113906860352
33,blocks.1.gate_conv,0.005258983001112938
33,blocks.2.conv1,0.11924345046281815
33,blocks.2.conv2,0.11441928148269653
33,blocks.2.gate_conv,0.007369711995124817
33,blocks.3.conv1,0.1206730455160141
33,blocks.3.conv2,0.10696050524711609
33,blocks.3.gate_conv,0.007437927182763815
33,blocks.4.conv1,0.10218110680580139
33,blocks.4.conv2,0.09453555941581726
33,blocks.4.gate_conv,0.007976874709129333
33,blocks.5.conv1,0.09582767635583878
33,blocks.5.conv2,0.09238260984420776
33,blocks.5.gate_conv,0.011274305172264576
33,blocks.6.conv1,0.0890418142080307
33,blocks.6.conv2,0.07964403927326202
33,blocks.6.gate_conv,0.01184796541929245
33,blocks.7.conv1,0.07757148891687393
33,blocks.7.conv2,0.07194316387176514
33,blocks.7.gate_conv,0.010631773620843887
33,blocks.8.conv1,0.0855918824672699
33,blocks.8.conv2,0.07712645828723907
33,blocks.8.gate_conv,0.007704855874180794
33,blocks.9.conv1,0.07369938492774963
33,blocks.9.conv2,0.07323553413152695
33,blocks.9.gate_conv,0.007561067584902048
33,blocks.10.conv1,0.07969766855239868
33,blocks.10.conv2,0.06767122447490692
33,blocks.10.gate_conv,0.007220941130071878
33,blocks.11.conv1,0.059707678854465485
33,blocks.11.conv2,0.05598261207342148
33,blocks.11.gate_conv,0.00720975873991847
33,blocks.12.conv1,0.05200869217514992
33,blocks.12.conv2,0.05229523405432701
33,blocks.12.gate_conv,0.007537775207310915
33,blocks.13.conv1,0.0580873005092144
33,blocks.13.conv2,0.05462176725268364
33,blocks.13.gate_conv,0.005873740650713444
33,blocks.14.conv1,0.053531624376773834
33,blocks.14.conv2,0.049419235438108444
33,blocks.14.gate_conv,0.004853047896176577
33,blocks.15.conv1,0.0496378131210804
33,blocks.15.conv2,0.044498078525066376
33,blocks.15.gate_conv,0.006603165064007044
33,blocks.16.conv1,0.05485989525914192
33,blocks.16.conv2,0.0509173609316349
33,blocks.16.gate_conv,0.004760361276566982
33,blocks.17.conv1,0.04521404951810837
33,blocks.17.conv2,0.04136728495359421
33,blocks.17.gate_conv,0.005194864701479673
33,blocks.18.conv1,0.05306918919086456
33,blocks.18.conv2,0.04804913327097893
33,blocks.18.gate_conv,0.006579613778740168
33,blocks.19.conv1,0.043986644595861435
33,blocks.19.conv2,0.040582574903964996
33,blocks.19.gate_conv,0.00519418204203248
33,blocks.20.conv1,0.04166902229189873
33,blocks.20.conv2,0.03953118622303009
33,blocks.20.gate_conv,0.0063550276681780815
33,blocks.21.conv1,0.056852664798498154
33,blocks.21.conv2,0.04940265044569969
33,blocks.21.gate_conv,0.00619470002129674
33,blocks.22.conv1,0.04574704170227051
33,blocks.22.conv2,0.038632623851299286
33,blocks.22.gate_conv,0.005451108794659376
33,blocks.23.conv1,0.039575014263391495
33,blocks.23.conv2,0.03792422637343407
33,blocks.23.gate_conv,0.004927757661789656
33,blocks.24.conv1,0.05586186423897743
33,blocks.24.conv2,0.05134780704975128
33,blocks.24.gate_conv,0.011078866198658943
33,blocks.25.conv1,0.048988986760377884
33,blocks.25.conv2,0.04093972221016884
33,blocks.25.gate_conv,0.007622914854437113
33,blocks.26.conv1,0.04223313182592392
33,blocks.26.conv2,0.04065524786710739
33,blocks.26.gate_conv,0.005574650596827269
33,blocks.27.conv1,0.05209586024284363
33,blocks.27.conv2,0.04700382053852081
33,blocks.27.gate_conv,0.00574506213888526
33,blocks.28.conv1,0.05888925492763519
33,blocks.28.conv2,0.05605350062251091
33,blocks.28.gate_conv,0.008413455449044704
33,blocks.29.conv1,0.07396569103002548
33,blocks.29.conv2,0.06423650681972504
33,blocks.29.gate_conv,0.018658200278878212
33,blocks.30.conv1,0.0854826420545578
33,blocks.30.conv2,0.06866762042045593
33,blocks.30.gate_conv,0.025932759046554565
33,blocks.31.conv1,0.07307673990726471
33,blocks.31.conv2,0.06150549277663231
33,blocks.31.gate_conv,0.013942715711891651
33,mean_conv2d_grad_norm,0.04799132156617863
34,stem.0,0.23504383862018585
34,blocks.0.conv1,0.2392985075712204
34,blocks.0.conv2,0.26031291484832764
34,blocks.0.gate_conv,0.011239211075007915
34,blocks.1.conv1,0.25894322991371155
34,blocks.1.conv2,0.2724964916706085
34,blocks.1.gate_conv,0.0109077924862504
34,blocks.2.conv1,0.23066675662994385
34,blocks.2.conv2,0.2248203158378601
34,blocks.2.gate_conv,0.014715209603309631
34,blocks.3.conv1,0.22550421953201294
34,blocks.3.conv2,0.21097572147846222
34,blocks.3.gate_conv,0.016382088884711266
34,blocks.4.conv1,0.20285293459892273
34,blocks.4.conv2,0.1892257183790207
34,blocks.4.gate_conv,0.017111346125602722
34,blocks.5.conv1,0.19633039832115173
34,blocks.5.conv2,0.179475799202919
34,blocks.5.gate_conv,0.020543837919831276
34,blocks.6.conv1,0.1643933355808258
34,blocks.6.conv2,0.14470085501670837
34,blocks.6.gate_conv,0.02345285750925541
34,blocks.7.conv1,0.16393160820007324
34,blocks.7.conv2,0.14641964435577393
34,blocks.7.gate_conv,0.02926442213356495
34,blocks.8.conv1,0.16492269933223724
34,blocks.8.conv2,0.1584317982196808
34,blocks.8.gate_conv,0.016201665624976158
34,blocks.9.conv1,0.15747226774692535
34,blocks.9.conv2,0.14115279912948608
34,blocks.9.gate_conv,0.018082736060023308
34,blocks.10.conv1,0.14693543314933777
34,blocks.10.conv2,0.1316322386264801
34,blocks.10.gate_conv,0.01946990005671978
34,blocks.11.conv1,0.13740360736846924
34,blocks.11.conv2,0.1239304393529892
34,blocks.11.gate_conv,0.017898645251989365
34,blocks.12.conv1,0.12172131985425949
34,blocks.12.conv2,0.11206153780221939
34,blocks.12.gate_conv,0.01597420684993267
34,blocks.13.conv1,0.11239641904830933
34,blocks.13.conv2,0.10504010319709778
34,blocks.13.gate_conv,0.011762035079300404
34,blocks.14.conv1,0.11462126672267914
34,blocks.14.conv2,0.10985246300697327
34,blocks.14.gate_conv,0.02015816420316696
34,blocks.15.conv1,0.09791143238544464
34,blocks.15.conv2,0.09114250540733337
34,blocks.15.gate_conv,0.011992033571004868
34,blocks.16.conv1,0.10912072658538818
34,blocks.16.conv2,0.09335249662399292
34,blocks.16.gate_conv,0.015239632688462734
34,blocks.17.conv1,0.09242475777864456
34,blocks.17.conv2,0.08118566125631332
34,blocks.17.gate_conv,0.013046822510659695
34,blocks.18.conv1,0.09469945728778839
34,blocks.18.conv2,0.08653544634580612
34,blocks.18.gate_conv,0.010920788161456585
34,blocks.19.conv1,0.09475918859243393
34,blocks.19.conv2,0.08368683606386185
34,blocks.19.gate_conv,0.01165083795785904
34,blocks.20.conv1,0.08369709551334381
34,blocks.20.conv2,0.08084346354007721
34,blocks.20.gate_conv,0.011596541851758957
34,blocks.21.conv1,0.10442883521318436
34,blocks.21.conv2,0.09221837669610977
34,blocks.21.gate_conv,0.01511737797409296
34,blocks.22.conv1,0.09263189136981964
34,blocks.22.conv2,0.08353353291749954
34,blocks.22.gate_conv,0.013191403821110725
34,blocks.23.conv1,0.0905943363904953
34,blocks.23.conv2,0.08665826916694641
34,blocks.23.gate_conv,0.012411097064614296
34,blocks.24.conv1,0.11884996294975281
34,blocks.24.conv2,0.10141400992870331
34,blocks.24.gate_conv,0.02392788976430893
34,blocks.25.conv1,0.08676959574222565
34,blocks.25.conv2,0.0764303058385849
34,blocks.25.gate_conv,0.014087237417697906
34,blocks.26.conv1,0.08954629302024841
34,blocks.26.conv2,0.08368713408708572
34,blocks.26.gate_conv,0.01282823272049427
34,blocks.27.conv1,0.10275604575872421
34,blocks.27.conv2,0.09433817863464355
34,blocks.27.gate_conv,0.01364512462168932
34,blocks.28.conv1,0.10309240221977234
34,blocks.28.conv2,0.09716574847698212
34,blocks.28.gate_conv,0.020331041887402534
34,blocks.29.conv1,0.1516769528388977
34,blocks.29.conv2,0.1298644095659256
34,blocks.29.gate_conv,0.03411494195461273
34,blocks.30.conv1,0.17605271935462952
34,blocks.30.conv2,0.13872535526752472
34,blocks.30.gate_conv,0.04363790526986122
34,blocks.31.conv1,0.14125695824623108
34,blocks.31.conv2,0.12970368564128876
34,blocks.31.gate_conv,0.02746426686644554
34,mean_conv2d_grad_norm,0.09703183550502836
35,stem.0,0.26481837034225464
35,blocks.0.conv1,0.19868595898151398
35,blocks.0.conv2,0.20123940706253052
35,blocks.0.gate_conv,0.0072311535477638245
35,blocks.1.conv1,0.21158656477928162
35,blocks.1.conv2,0.20764906704425812
35,blocks.1.gate_conv,0.008701114915311337
35,blocks.2.conv1,0.1777033507823944
35,blocks.2.conv2,0.1720336526632309
35,blocks.2.gate_conv,0.011541289277374744
35,blocks.3.conv1,0.1712862253189087
35,blocks.3.conv2,0.16967467963695526
35,blocks.3.gate_conv,0.0147849814966321
35,blocks.4.conv1,0.15668518841266632
35,blocks.4.conv2,0.15461577475070953
35,blocks.4.gate_conv,0.013923337683081627
35,blocks.5.conv1,0.15857091546058655
35,blocks.5.conv2,0.14994803071022034
35,blocks.5.gate_conv,0.018914025276899338
35,blocks.6.conv1,0.13699346780776978
35,blocks.6.conv2,0.13666003942489624
35,blocks.6.gate_conv,0.019215203821659088
35,blocks.7.conv1,0.1297740936279297
35,blocks.7.conv2,0.11710236966609955
35,blocks.7.gate_conv,0.017719464376568794
35,blocks.8.conv1,0.12761721014976501
35,blocks.8.conv2,0.11662464588880539
35,blocks.8.gate_conv,0.011373970657587051
35,blocks.9.conv1,0.11836297065019608
35,blocks.9.conv2,0.11149941384792328
35,blocks.9.gate_conv,0.01611883006989956
35,blocks.10.conv1,0.1152128055691719
35,blocks.10.conv2,0.1036599799990654
35,blocks.10.gate_conv,0.015101262368261814
35,blocks.11.conv1,0.10187174379825592
35,blocks.11.conv2,0.08830718696117401
35,blocks.11.gate_conv,0.012801514938473701
35,blocks.12.conv1,0.10253245383501053
35,blocks.12.conv2,0.08932225406169891
35,blocks.12.gate_conv,0.012727208435535431
35,blocks.13.conv1,0.09398699551820755
35,blocks.13.conv2,0.08533912897109985
35,blocks.13.gate_conv,0.014612540602684021
35,blocks.14.conv1,0.1001395508646965
35,blocks.14.conv2,0.09215185046195984
35,blocks.14.gate_conv,0.015169458463788033
35,blocks.15.conv1,0.08142659068107605
35,blocks.15.conv2,0.07565254718065262
35,blocks.15.gate_conv,0.010217985138297081
35,blocks.16.conv1,0.08842158317565918
35,blocks.16.conv2,0.08033095300197601
35,blocks.16.gate_conv,0.01186167448759079
35,blocks.17.conv1,0.07796106487512589
35,blocks.17.conv2,0.07145298272371292
35,blocks.17.gate_conv,0.0103731919080019
35,blocks.18.conv1,0.08323764055967331
35,blocks.18.conv2,0.08080867677927017
35,blocks.18.gate_conv,0.012389152310788631
35,blocks.19.conv1,0.08656575530767441
35,blocks.19.conv2,0.0767754316329956
35,blocks.19.gate_conv,0.016744280233979225
35,blocks.20.conv1,0.07602536678314209
35,blocks.20.conv2,0.07076314836740494
35,blocks.20.gate_conv,0.011859121732413769
35,blocks.21.conv1,0.08572689443826675
35,blocks.21.conv2,0.07657548040151596
35,blocks.21.gate_conv,0.013234748505055904
35,blocks.22.conv1,0.08062472939491272
35,blocks.22.conv2,0.07364589720964432
35,blocks.22.gate_conv,0.015057673677802086
35,blocks.23.conv1,0.07745945453643799
35,blocks.23.conv2,0.07324130088090897
35,blocks.23.gate_conv,0.015031382441520691
35,blocks.24.conv1,0.09507358074188232
35,blocks.24.conv2,0.08542954176664352
35,blocks.24.gate_conv,0.015634700655937195
35,blocks.25.conv1,0.08530105650424957
35,blocks.25.conv2,0.07652537524700165
35,blocks.25.gate_conv,0.01586640439927578
35,blocks.26.conv1,0.08697431534528732
35,blocks.26.conv2,0.07313168793916702
35,blocks.26.gate_conv,0.011458296328783035
35,blocks.27.conv1,0.08414226025342941
35,blocks.27.conv2,0.07799942791461945
35,blocks.27.gate_conv,0.0135797169059515
35,blocks.28.conv1,0.09646963328123093
35,blocks.28.conv2,0.09518231451511383
35,blocks.28.gate_conv,0.024344179779291153
35,blocks.29.conv1,0.13164567947387695
35,blocks.29.conv2,0.11190678179264069
35,blocks.29.gate_conv,0.027147721499204636
35,blocks.30.conv1,0.14122557640075684
35,blocks.30.conv2,0.1094672828912735
35,blocks.30.gate_conv,0.02948690578341484
35,blocks.31.conv1,0.1204630509018898
35,blocks.31.conv2,0.10223767906427383
35,blocks.31.gate_conv,0.014887155964970589
35,mean_conv2d_grad_norm,0.08072820347109713
36,stem.0,0.16628098487854004
36,blocks.0.conv1,0.1665486991405487
36,blocks.0.conv2,0.18080024421215057
36,blocks.0.gate_conv,0.006996023003011942
36,blocks.1.conv1,0.18519891798496246
36,blocks.1.conv2,0.18163041770458221
36,blocks.1.gate_conv,0.008248141035437584
36,blocks.2.conv1,0.16180312633514404
36,blocks.2.conv2,0.15618929266929626
36,blocks.2.gate_conv,0.014272421598434448
36,blocks.3.conv1,0.1689186841249466
36,blocks.3.conv2,0.15812207758426666
36,blocks.3.gate_conv,0.012211431749165058
36,blocks.4.conv1,0.159355029463768
36,blocks.4.conv2,0.14020706713199615
36,blocks.4.gate_conv,0.012505339458584785
36,blocks.5.conv1,0.14837445318698883
36,blocks.5.conv2,0.13041004538536072
36,blocks.5.gate_conv,0.01580308936536312
36,blocks.6.conv1,0.12465865164995193
36,blocks.6.conv2,0.11207128316164017
36,blocks.6.gate_conv,0.014982725493609905
36,blocks.7.conv1,0.10444266349077225
36,blocks.7.conv2,0.09829899668693542
36,blocks.7.gate_conv,0.018267417326569557
36,blocks.8.conv1,0.12106731534004211
36,blocks.8.conv2,0.11020722985267639
36,blocks.8.gate_conv,0.011600419878959656
36,blocks.9.conv1,0.10821975022554398
36,blocks.9.conv2,0.0971507653594017
36,blocks.9.gate_conv,0.012628640048205853
36,blocks.10.conv1,0.10304959118366241
36,blocks.10.conv2,0.08973836898803711
36,blocks.10.gate_conv,0.01052286010235548
36,blocks.11.conv1,0.08972857147455215
36,blocks.11.conv2,0.07618936151266098
36,blocks.11.gate_conv,0.0109205711632967
36,blocks.12.conv1,0.08519292622804642
36,blocks.12.conv2,0.07679452747106552
36,blocks.12.gate_conv,0.010454270988702774
36,blocks.13.conv1,0.07958241552114487
36,blocks.13.conv2,0.07495830208063126
36,blocks.13.gate_conv,0.010064215399324894
36,blocks.14.conv1,0.07944142073392868
36,blocks.14.conv2,0.06919901072978973
36,blocks.14.gate_conv,0.009406328201293945
36,blocks.15.conv1,0.07035639137029648
36,blocks.15.conv2,0.06511501222848892
36,blocks.15.gate_conv,0.007126146461814642
36,blocks.16.conv1,0.0764099732041359
36,blocks.16.conv2,0.07058284431695938
36,blocks.16.gate_conv,0.008119657635688782
36,blocks.17.conv1,0.07347658276557922
36,blocks.17.conv2,0.06744027882814407
36,blocks.17.gate_conv,0.007481361739337444
36,blocks.18.conv1,0.0762198343873024
36,blocks.18.conv2,0.07028094679117203
36,blocks.18.gate_conv,0.00652163615450263
36,blocks.19.conv1,0.05813681706786156
36,blocks.19.conv2,0.05386894568800926
36,blocks.19.gate_conv,0.00839074607938528
36,blocks.20.conv1,0.07626339048147202
36,blocks.20.conv2,0.06256413459777832
36,blocks.20.gate_conv,0.0067107416689395905
36,blocks.21.conv1,0.07339252531528473
36,blocks.21.conv2,0.06602306663990021
36,blocks.21.gate_conv,0.007872667163610458
36,blocks.22.conv1,0.06771363317966461
36,blocks.22.conv2,0.057945817708969116
36,blocks.22.gate_conv,0.009053622372448444
36,blocks.23.conv1,0.06061449646949768
36,blocks.23.conv2,0.05858580395579338
36,blocks.23.gate_conv,0.00714547373354435
36,blocks.24.conv1,0.08165685832500458
36,blocks.24.conv2,0.0707271546125412
36,blocks.24.gate_conv,0.015675965696573257
36,blocks.25.conv1,0.06670292466878891
36,blocks.25.conv2,0.057266999036073685
36,blocks.25.gate_conv,0.008090418763458729
36,blocks.26.conv1,0.0625341460108757
36,blocks.26.conv2,0.05768407881259918
36,blocks.26.gate_conv,0.007654333021491766
36,blocks.27.conv1,0.07052446901798248
36,blocks.27.conv2,0.06308908015489578
36,blocks.27.gate_conv,0.009908830747008324
36,blocks.28.conv1,0.08499985933303833
36,blocks.28.conv2,0.07887333631515503
36,blocks.28.gate_conv,0.012965944595634937
36,blocks.29.conv1,0.09637121111154556
36,blocks.29.conv2,0.08628356456756592
36,blocks.29.gate_conv,0.023076629266142845
36,blocks.30.conv1,0.12210763245820999
36,blocks.30.conv2,0.09633473306894302
36,blocks.30.gate_conv,0.018081186339259148
36,blocks.31.conv1,0.10353148728609085
36,blocks.31.conv2,0.08633419871330261
36,blocks.31.gate_conv,0.011603840626776218
36,mean_conv2d_grad_norm,0.06853820120474112
37,stem.0,0.18604028224945068
37,blocks.0.conv1,0.18451187014579773
37,blocks.0.conv2,0.18834426999092102
37,blocks.0.gate_conv,0.006813372951000929
37,blocks.1.conv1,0.1734970360994339
37,blocks.1.conv2,0.17456361651420593
37,blocks.1.gate_conv,0.006736377719789743
37,blocks.2.conv1,0.1574057638645172
37,blocks.2.conv2,0.14611174166202545
37,blocks.2.gate_conv,0.009415583685040474
37,blocks.3.conv1,0.14480644464492798
37,blocks.3.conv2,0.13703034818172455
37,blocks.3.gate_conv,0.015342910774052143
37,blocks.4.conv1,0.13131071627140045
37,blocks.4.conv2,0.11958973109722137
37,blocks.4.gate_conv,0.011914967559278011
37,blocks.5.conv1,0.12890714406967163
37,blocks.5.conv2,0.11144045740365982
37,blocks.5.gate_conv,0.013140481896698475
37,blocks.6.conv1,0.10469238460063934
37,blocks.6.conv2,0.09754128754138947
37,blocks.6.gate_conv,0.01334337703883648
37,blocks.7.conv1,0.09535471349954605
37,blocks.7.conv2,0.08826026320457458
37,blocks.7.gate_conv,0.015113693661987782
37,blocks.8.conv1,0.1023092269897461
37,blocks.8.conv2,0.09331128001213074
37,blocks.8.gate_conv,0.008814121596515179
37,blocks.9.conv1,0.08925116062164307
37,blocks.9.conv2,0.08383858948945999
37,blocks.9.gate_conv,0.010689529590308666
37,blocks.10.conv1,0.08990873396396637
37,blocks.10.conv2,0.07715392112731934
37,blocks.10.gate_conv,0.010257991962134838
37,blocks.11.conv1,0.0769496038556099
37,blocks.11.conv2,0.06885875016450882
37,blocks.11.gate_conv,0.010156422853469849
37,blocks.12.conv1,0.07644109427928925
37,blocks.12.conv2,0.06877186894416809
37,blocks.12.gate_conv,0.00874260626733303
37,blocks.13.conv1,0.07069861888885498
37,blocks.13.conv2,0.06621238589286804
37,blocks.13.gate_conv,0.008759517222642899
37,blocks.14.conv1,0.07048027217388153
37,blocks.14.conv2,0.05950692296028137
37,blocks.14.gate_conv,0.007796873804181814
37,blocks.15.conv1,0.06150765344500542
37,blocks.15.conv2,0.0576859712600708
37,blocks.15.gate_conv,0.008727462962269783
37,blocks.16.conv1,0.06669802218675613
37,blocks.16.conv2,0.06060125678777695
37,blocks.16.gate_conv,0.00858545396476984
37,blocks.17.conv1,0.06139952316880226
37,blocks.17.conv2,0.055732619017362595
37,blocks.17.gate_conv,0.005743017885833979
37,blocks.18.conv1,0.059875912964344025
37,blocks.18.conv2,0.058024272322654724
37,blocks.18.gate_conv,0.006262496113777161
37,blocks.19.conv1,0.06528346985578537
37,blocks.19.conv2,0.05784791707992554
37,blocks.19.gate_conv,0.009281167760491371
37,blocks.20.conv1,0.05305064469575882
37,blocks.20.conv2,0.05080627650022507
37,blocks.20.gate_conv,0.006744068115949631
37,blocks.21.conv1,0.06627795100212097
37,blocks.21.conv2,0.06021538004279137
37,blocks.21.gate_conv,0.009721594862639904
37,blocks.22.conv1,0.06472140550613403
37,blocks.22.conv2,0.0576750747859478
37,blocks.22.gate_conv,0.008005828596651554
37,blocks.23.conv1,0.062087275087833405
37,blocks.23.conv2,0.05386389046907425
37,blocks.23.gate_conv,0.007833492010831833
37,blocks.24.conv1,0.07308094948530197
37,blocks.24.conv2,0.0631907731294632
37,blocks.24.gate_conv,0.012323056347668171
37,blocks.25.conv1,0.06796983629465103
37,blocks.25.conv2,0.06188833341002464
37,blocks.25.gate_conv,0.014965279027819633
37,blocks.26.conv1,0.055974867194890976
37,blocks.26.conv2,0.05698635056614876
37,blocks.26.gate_conv,0.007675523869693279
37,blocks.27.conv1,0.07274298369884491
37,blocks.27.conv2,0.060742225497961044
37,blocks.27.gate_conv,0.0122901052236557
37,blocks.28.conv1,0.0828106701374054
37,blocks.28.conv2,0.07553302496671677
37,blocks.28.gate_conv,0.01836191862821579
37,blocks.29.conv1,0.09920550137758255
37,blocks.29.conv2,0.08615700155496597
37,blocks.29.gate_conv,0.031099777668714523
37,blocks.30.conv1,0.11345098167657852
37,blocks.30.conv2,0.09842679649591446
37,blocks.30.gate_conv,0.023492923006415367
37,blocks.31.conv1,0.10381121933460236
37,blocks.31.conv2,0.09857480227947235
37,blocks.31.gate_conv,0.014228629879653454
37,mean_conv2d_grad_norm,0.06360186554837166
38,stem.0,0.11940132826566696
38,blocks.0.conv1,0.125098317861557
38,blocks.0.conv2,0.13936255872249603
38,blocks.0.gate_conv,0.004989567678421736
38,blocks.1.conv1,0.13768820464611053
38,blocks.1.conv2,0.14786413311958313
38,blocks.1.gate_conv,0.005862911697477102
38,blocks.2.conv1,0.13070397078990936
38,blocks.2.conv2,0.11648333072662354
38,blocks.2.gate_conv,0.008103488944470882
38,blocks.3.conv1,0.1289239376783371
38,blocks.3.conv2,0.11995722353458405
38,blocks.3.gate_conv,0.01003995817154646
38,blocks.4.conv1,0.1170048862695694
38,blocks.4.conv2,0.10355342924594879
38,blocks.4.gate_conv,0.011070940643548965
38,blocks.5.conv1,0.11036723852157593
38,blocks.5.conv2,0.09406041353940964
38,blocks.5.gate_conv,0.010313371196389198
38,blocks.6.conv1,0.09581165760755539
38,blocks.6.conv2,0.08178283274173737
38,blocks.6.gate_conv,0.011664501391351223
38,blocks.7.conv1,0.08328012377023697
38,blocks.7.conv2,0.07201766967773438
38,blocks.7.gate_conv,0.013967407867312431
38,blocks.8.conv1,0.08747996389865875
38,blocks.8.conv2,0.07517591118812561
38,blocks.8.gate_conv,0.008712873794138432
38,blocks.9.conv1,0.07565661519765854
38,blocks.9.conv2,0.060553133487701416
38,blocks.9.gate_conv,0.007159919012337923
38,blocks.10.conv1,0.06934898346662521
38,blocks.10.conv2,0.05549263954162598
38,blocks.10.gate_conv,0.007011000532656908
38,blocks.11.conv1,0.06441835314035416
38,blocks.11.conv2,0.055069565773010254
38,blocks.11.gate_conv,0.006211406551301479
38,blocks.12.conv1,0.05621638521552086
38,blocks.12.conv2,0.049631088972091675
38,blocks.12.gate_conv,0.008424333296716213
38,blocks.13.conv1,0.053731586784124374
38,blocks.13.conv2,0.04621858149766922
38,blocks.13.gate_conv,0.005816548131406307
38,blocks.14.conv1,0.04851702228188515
38,blocks.14.conv2,0.043668314814567566
38,blocks.14.gate_conv,0.0051420871168375015
38,blocks.15.conv1,0.04756082966923714
38,blocks.15.conv2,0.03947130963206291
38,blocks.15.gate_conv,0.005402838345617056
38,blocks.16.conv1,0.04739139601588249
38,blocks.16.conv2,0.042489759624004364
38,blocks.16.gate_conv,0.006155845243483782
38,blocks.17.conv1,0.040468648076057434
38,blocks.17.conv2,0.03672808036208153
38,blocks.17.gate_conv,0.0043151238933205605
38,blocks.18.conv1,0.04284774884581566
38,blocks.18.conv2,0.03707389160990715
38,blocks.18.gate_conv,0.005462719593197107
38,blocks.19.conv1,0.044514212757349014
38,blocks.19.conv2,0.03959313780069351
38,blocks.19.gate_conv,0.006158736534416676
38,blocks.20.conv1,0.04210010543465614
38,blocks.20.conv2,0.0351620689034462
38,blocks.20.gate_conv,0.006118100136518478
38,blocks.21.conv1,0.050128448754549026
38,blocks.21.conv2,0.04198165610432625
38,blocks.21.gate_conv,0.007430181838572025
38,blocks.22.conv1,0.04852756857872009
38,blocks.22.conv2,0.038334935903549194
38,blocks.22.gate_conv,0.005717820022255182
38,blocks.23.conv1,0.04637174308300018
38,blocks.23.conv2,0.04016220197081566
38,blocks.23.gate_conv,0.005689708981662989
38,blocks.24.conv1,0.06066221743822098
38,blocks.24.conv2,0.049210112541913986
38,blocks.24.gate_conv,0.01091422513127327
38,blocks.25.conv1,0.045638684183359146
38,blocks.25.conv2,0.04052026942372322
38,blocks.25.gate_conv,0.009280843660235405
38,blocks.26.conv1,0.049270059913396835
38,blocks.26.conv2,0.041376274079084396
38,blocks.26.gate_conv,0.005527113098651171
38,blocks.27.conv1,0.05475061759352684
38,blocks.27.conv2,0.04682266712188721
38,blocks.27.gate_conv,0.006532608065754175
38,blocks.28.conv1,0.05850784480571747
38,blocks.28.conv2,0.04731413349509239
38,blocks.28.gate_conv,0.009256992489099503
38,blocks.29.conv1,0.08380523324012756
38,blocks.29.conv2,0.06597714126110077
38,blocks.29.gate_conv,0.017099900171160698
38,blocks.30.conv1,0.09273874759674072
38,blocks.30.conv2,0.07233034819364548
38,blocks.30.gate_conv,0.01463144738227129
38,blocks.31.conv1,0.07041851431131363
38,blocks.31.conv2,0.057852763682603836
38,blocks.31.gate_conv,0.007595559116452932
38,mean_conv2d_grad_norm,0.04866415313108988
39,stem.0,0.18147125840187073
39,blocks.0.conv1,0.1713695228099823
39,blocks.0.conv2,0.1888006627559662
39,blocks.0.gate_conv,0.008048786781728268
39,blocks.1.conv1,0.1985066533088684
39,blocks.1.conv2,0.20598028600215912
39,blocks.1.gate_conv,0.008204543963074684
39,blocks.2.conv1,0.17478354275226593
39,blocks.2.conv2,0.18505045771598816
39,blocks.2.gate_conv,0.011406736448407173
39,blocks.3.conv1,0.18215510249137878
39,blocks.3.conv2,0.16613329946994781
39,blocks.3.gate_conv,0.010203894227743149
39,blocks.4.conv1,0.15185587108135223
39,blocks.4.conv2,0.1431455910205841
39,blocks.4.gate_conv,0.010575196705758572
39,blocks.5.conv1,0.15376968681812286
39,blocks.5.conv2,0.14508403837680817
39,blocks.5.gate_conv,0.01337013766169548
39,blocks.6.conv1,0.13059520721435547
39,blocks.6.conv2,0.11745952814817429
39,blocks.6.gate_conv,0.014756642282009125
39,blocks.7.conv1,0.11310972273349762
39,blocks.7.conv2,0.10387589782476425
39,blocks.7.gate_conv,0.0184928011149168
39,blocks.8.conv1,0.12444018572568893
39,blocks.8.conv2,0.10868371278047562
39,blocks.8.gate_conv,0.010719195008277893
39,blocks.9.conv1,0.11168242990970612
39,blocks.9.conv2,0.09525207430124283
39,blocks.9.gate_conv,0.013358741998672485
39,blocks.10.conv1,0.10130417346954346
39,blocks.10.conv2,0.08815126121044159
39,blocks.10.gate_conv,0.009594254195690155
39,blocks.11.conv1,0.09164560586214066
39,blocks.11.conv2,0.08220866322517395
39,blocks.11.gate_conv,0.011982658877968788
39,blocks.12.conv1,0.08970661461353302
39,blocks.12.conv2,0.07893603295087814
39,blocks.12.gate_conv,0.010594022460281849
39,blocks.13.conv1,0.08428515493869781
39,blocks.13.conv2,0.07438969612121582
39,blocks.13.gate_conv,0.0103750079870224
39,blocks.14.conv1,0.08121686428785324
39,blocks.14.conv2,0.0685243234038353
39,blocks.14.gate_conv,0.008073545061051846
39,blocks.15.conv1,0.07462121546268463
39,blocks.15.conv2,0.06712353229522705
39,blocks.15.gate_conv,0.013778372667729855
39,blocks.16.conv1,0.0747540146112442
39,blocks.16.conv2,0.06910890340805054
39,blocks.16.gate_conv,0.010016397573053837
39,blocks.17.conv1,0.07381309568881989
39,blocks.17.conv2,0.06353051215410233
39,blocks.17.gate_conv,0.008557314984500408
39,blocks.18.conv1,0.07132957875728607
39,blocks.18.conv2,0.06154888868331909
39,blocks.18.gate_conv,0.007007736247032881
39,blocks.19.conv1,0.06935402750968933
39,blocks.19.conv2,0.060648415237665176
39,blocks.19.gate_conv,0.00958893820643425
39,blocks.20.conv1,0.05795520544052124
39,blocks.20.conv2,0.05641739070415497
39,blocks.20.gate_conv,0.009252595715224743
39,blocks.21.conv1,0.07461337000131607
39,blocks.21.conv2,0.06625223159790039
39,blocks.21.gate_conv,0.011431300081312656
39,blocks.22.conv1,0.0700107291340828
39,blocks.22.conv2,0.058900538831949234
39,blocks.22.gate_conv,0.01259241346269846
39,blocks.23.conv1,0.0627795085310936
39,blocks.23.conv2,0.06034672260284424
39,blocks.23.gate_conv,0.009686707518994808
39,blocks.24.conv1,0.08056183159351349
39,blocks.24.conv2,0.07324866950511932
39,blocks.24.gate_conv,0.0189979188144207
39,blocks.25.conv1,0.07134852558374405
39,blocks.25.conv2,0.05916276201605797
39,blocks.25.gate_conv,0.010966476984322071
39,blocks.26.conv1,0.06502000987529755
39,blocks.26.conv2,0.057368163019418716
39,blocks.26.gate_conv,0.00982350017875433
39,blocks.27.conv1,0.06817995011806488
39,blocks.27.conv2,0.05858130753040314
39,blocks.27.gate_conv,0.008859396912157536
39,blocks.28.conv1,0.07915448397397995
39,blocks.28.conv2,0.06773741543292999
39,blocks.28.gate_conv,0.011202472262084484
39,blocks.29.conv1,0.10557505488395691
39,blocks.29.conv2,0.08719242364168167
39,blocks.29.gate_conv,0.028021326288580894
39,blocks.30.conv1,0.11873440444469452
39,blocks.30.conv2,0.0943499505519867
39,blocks.30.gate_conv,0.019436165690422058
39,blocks.31.conv1,0.10036574304103851
39,blocks.31.conv2,0.08847586065530777
39,blocks.31.gate_conv,0.008941245265305042
39,mean_conv2d_grad_norm,0.07051189692652564
40,stem.0,0.11421994119882584
40,blocks.0.conv1,0.1430240273475647
40,blocks.0.conv2,0.15691766142845154
40,blocks.0.gate_conv,0.006351436022669077
40,blocks.1.conv1,0.16471999883651733
40,blocks.1.conv2,0.16973966360092163
40,blocks.1.gate_conv,0.007612858898937702
40,blocks.2.conv1,0.15226222574710846
40,blocks.2.conv2,0.1490817368030548
40,blocks.2.gate_conv,0.013894550502300262
40,blocks.3.conv1,0.1552175134420395
40,blocks.3.conv2,0.14251933991909027
40,blocks.3.gate_conv,0.01076850201934576
40,blocks.4.conv1,0.1361420452594757
40,blocks.4.conv2,0.12167241424322128
40,blocks.4.gate_conv,0.012314232997596264
40,blocks.5.conv1,0.13629695773124695
40,blocks.5.conv2,0.11335393786430359
40,blocks.5.gate_conv,0.014366538263857365
40,blocks.6.conv1,0.10489091277122498
40,blocks.6.conv2,0.09435310959815979
40,blocks.6.gate_conv,0.013635227456688881
40,blocks.7.conv1,0.09362373501062393
40,blocks.7.conv2,0.08651866018772125
40,blocks.7.gate_conv,0.016626909375190735
40,blocks.8.conv1,0.10576363652944565
40,blocks.8.conv2,0.0947517454624176
40,blocks.8.gate_conv,0.008782610297203064
40,blocks.9.conv1,0.09793274849653244
40,blocks.9.conv2,0.08464576303958893
40,blocks.9.gate_conv,0.011243524961173534
40,blocks.10.conv1,0.08145318925380707
40,blocks.10.conv2,0.07155302166938782
40,blocks.10.gate_conv,0.009245975874364376
40,blocks.11.conv1,0.07712876796722412
40,blocks.11.conv2,0.07141095399856567
40,blocks.11.gate_conv,0.012598181143403053
40,blocks.12.conv1,0.07373682409524918
40,blocks.12.conv2,0.06662610918283463
40,blocks.12.gate_conv,0.009654942899942398
40,blocks.13.conv1,0.06981261819601059
40,blocks.13.conv2,0.05977701395750046
40,blocks.13.gate_conv,0.008007456548511982
40,blocks.14.conv1,0.06515589356422424
40,blocks.14.conv2,0.05708695948123932
40,blocks.14.gate_conv,0.009443641640245914
40,blocks.15.conv1,0.06476062536239624
40,blocks.15.conv2,0.05821443721652031
40,blocks.15.gate_conv,0.008155513554811478
40,blocks.16.conv1,0.06340108811855316
40,blocks.16.conv2,0.058452948927879333
40,blocks.16.gate_conv,0.0077036465518176556
40,blocks.17.conv1,0.057619038969278336
40,blocks.17.conv2,0.05277945473790169
40,blocks.17.gate_conv,0.010414955206215382
40,blocks.18.conv1,0.05503469705581665
40,blocks.18.conv2,0.04981811344623566
40,blocks.18.gate_conv,0.007087341044098139
40,blocks.19.conv1,0.05526832118630409
40,blocks.19.conv2,0.05047579109668732
40,blocks.19.gate_conv,0.011913508176803589
40,blocks.20.conv1,0.05740828812122345
40,blocks.20.conv2,0.04875388741493225
40,blocks.20.gate_conv,0.010908713564276695
40,blocks.21.conv1,0.06358776986598969
40,blocks.21.conv2,0.054915834218263626
40,blocks.21.gate_conv,0.011851601302623749
40,blocks.22.conv1,0.05808525159955025
40,blocks.22.conv2,0.05180629342794418
40,blocks.22.gate_conv,0.008986196480691433
40,blocks.23.conv1,0.06051154434680939
40,blocks.23.conv2,0.05001320317387581
40,blocks.23.gate_conv,0.008478016592562199
40,blocks.24.conv1,0.07191430777311325
40,blocks.24.conv2,0.06434591114521027
40,blocks.24.gate_conv,0.01084224320948124
40,blocks.25.conv1,0.06016971170902252
40,blocks.25.conv2,0.05258261784911156
40,blocks.25.gate_conv,0.017105700448155403
40,blocks.26.conv1,0.058935340493917465
40,blocks.26.conv2,0.0538213849067688
40,blocks.26.gate_conv,0.011261506006121635
40,blocks.27.conv1,0.07193991541862488
40,blocks.27.conv2,0.05679324269294739
40,blocks.27.gate_conv,0.010190648958086967
40,blocks.28.conv1,0.07553442567586899
40,blocks.28.conv2,0.06061845272779465
40,blocks.28.gate_conv,0.01414413284510374
40,blocks.29.conv1,0.09317301958799362
40,blocks.29.conv2,0.0783810168504715
40,blocks.29.gate_conv,0.023293089121580124
40,blocks.30.conv1,0.1094212606549263
40,blocks.30.conv2,0.08405663818120956
40,blocks.30.gate_conv,0.02048391103744507
40,blocks.31.conv1,0.088581882417202
40,blocks.31.conv2,0.07719814032316208
40,blocks.31.gate_conv,0.008285194635391235
40,mean_conv2d_grad_norm,0.06026201536302868
41,stem.0,0.13955579698085785
41,blocks.0.conv1,0.16424618661403656
41,blocks.0.conv2,0.17896580696105957
41,blocks.0.gate_conv,0.0069578299298882484
41,blocks.1.conv1,0.16548871994018555
41,blocks.1.conv2,0.16441243886947632
41,blocks.1.gate_conv,0.007884238846600056
41,blocks.2.conv1,0.14710237085819244
41,blocks.2.conv2,0.13555870950222015
41,blocks.2.gate_conv,0.017373573035001755
41,blocks.3.conv1,0.13832278549671173
41,blocks.3.conv2,0.12471833825111389
41,blocks.3.gate_conv,0.009239100851118565
41,blocks.4.conv1,0.11628410965204239
41,blocks.4.conv2,0.11243943125009537
41,blocks.4.gate_conv,0.010658979415893555
41,blocks.5.conv1,0.11631473153829575
41,blocks.5.conv2,0.10578200966119766
41,blocks.5.gate_conv,0.011027280241250992
41,blocks.6.conv1,0.10228925943374634
41,blocks.6.conv2,0.09264229238033295
41,blocks.6.gate_conv,0.014513129368424416
41,blocks.7.conv1,0.09892011433839798
41,blocks.7.conv2,0.08613722026348114
41,blocks.7.gate_conv,0.014506366103887558
41,blocks.8.conv1,0.09607735276222229
41,blocks.8.conv2,0.08769086748361588
41,blocks.8.gate_conv,0.009493270888924599
41,blocks.9.conv1,0.08177420496940613
41,blocks.9.conv2,0.07602129876613617
41,blocks.9.gate_conv,0.009435726329684258
41,blocks.10.conv1,0.08697506785392761
41,blocks.10.conv2,0.07713326066732407
41,blocks.10.gate_conv,0.012130038812756538
41,blocks.11.conv1,0.0751904547214508
41,blocks.11.conv2,0.06246161088347435
41,blocks.11.gate_conv,0.012392680160701275
41,blocks.12.conv1,0.06786108762025833
41,blocks.12.conv2,0.06092815846204758
41,blocks.12.gate_conv,0.00974892545491457
41,blocks.13.conv1,0.0630502700805664
41,blocks.13.conv2,0.05853644013404846
41,blocks.13.gate_conv,0.00793385412544012
41,blocks.14.conv1,0.06403650343418121
41,blocks.14.conv2,0.05900188907980919
41,blocks.14.gate_conv,0.007528051268309355
41,blocks.15.conv1,0.05307431519031525
41,blocks.15.conv2,0.05225413665175438
41,blocks.15.gate_conv,0.008160730823874474
41,blocks.16.conv1,0.05656227841973305
41,blocks.16.conv2,0.050953034311532974
41,blocks.16.gate_conv,0.009319672361016273
41,blocks.17.conv1,0.06012773513793945
41,blocks.17.conv2,0.056388694792985916
41,blocks.17.gate_conv,0.006860365159809589
41,blocks.18.conv1,0.06261231005191803
41,blocks.18.conv2,0.059209708124399185
41,blocks.18.gate_conv,0.00791690219193697
41,blocks.19.conv1,0.05553298071026802
41,blocks.19.conv2,0.0509955957531929
41,blocks.19.gate_conv,0.010840008966624737
41,blocks.20.conv1,0.04934525489807129
41,blocks.20.conv2,0.04556522145867348
41,blocks.20.gate_conv,0.013034540228545666
41,blocks.21.conv1,0.05819205194711685
41,blocks.21.conv2,0.04947398975491524
41,blocks.21.gate_conv,0.009275240823626518
41,blocks.22.conv1,0.05745691433548927
41,blocks.22.conv2,0.05076679214835167
41,blocks.22.gate_conv,0.012034483253955841
41,blocks.23.conv1,0.05091963708400726
41,blocks.23.conv2,0.047040168195962906
41,blocks.23.gate_conv,0.008901281282305717
41,blocks.24.conv1,0.058522533625364304
41,blocks.24.conv2,0.052445340901613235
41,blocks.24.gate_conv,0.010226062498986721
41,blocks.25.conv1,0.06157663092017174
41,blocks.25.conv2,0.053352974355220795
41,blocks.25.gate_conv,0.012423948384821415
41,blocks.26.conv1,0.05477876961231232
41,blocks.26.conv2,0.04923137649893761
41,blocks.26.gate_conv,0.006481999531388283
41,blocks.27.conv1,0.05899490416049957
41,blocks.27.conv2,0.05277585610747337
41,blocks.27.gate_conv,0.00835602730512619
41,blocks.28.conv1,0.07127539813518524
41,blocks.28.conv2,0.057500846683979034
41,blocks.28.gate_conv,0.017782429233193398
41,blocks.29.conv1,0.08267761021852493
41,blocks.29.conv2,0.06969286501407623
41,blocks.29.gate_conv,0.014711880125105381
41,blocks.30.conv1,0.09391020238399506
41,blocks.30.conv2,0.07339312881231308
41,blocks.30.gate_conv,0.013222192414104939
41,blocks.31.conv1,0.07669100165367126
41,blocks.31.conv2,0.06418102979660034
41,blocks.31.gate_conv,0.00600338215008378
41,mean_conv2d_grad_norm,0.05711097183838947
42,stem.0,0.13130445778369904
42,blocks.0.conv1,0.16395463049411774
42,blocks.0.conv2,0.18867097795009613
42,blocks.0.gate_conv,0.010097984224557877
42,blocks.1.conv1,0.20107460021972656
42,blocks.1.conv2,0.20968030393123627
42,blocks.1.gate_conv,0.0104276854544878
42,blocks.2.conv1,0.17870917916297913
42,blocks.2.conv2,0.17915254831314087
42,blocks.2.gate_conv,0.015427427366375923
42,blocks.3.conv1,0.17883558571338654
42,blocks.3.conv2,0.16205209493637085
42,blocks.3.gate_conv,0.013549184426665306
42,blocks.4.conv1,0.1571156531572342
42,blocks.4.conv2,0.1402105689048767
42,blocks.4.gate_conv,0.01358681358397007
42,blocks.5.conv1,0.15622957050800323
42,blocks.5.conv2,0.14218372106552124
42,blocks.5.gate_conv,0.015225473791360855
42,blocks.6.conv1,0.13189755380153656
42,blocks.6.conv2,0.1224808394908905
42,blocks.6.gate_conv,0.014413369819521904
42,blocks.7.conv1,0.12258725613355637
42,blocks.7.conv2,0.11151615530252457
42,blocks.7.gate_conv,0.016166549175977707
42,blocks.8.conv1,0.1193210631608963
42,blocks.8.conv2,0.11395213007926941
42,blocks.8.gate_conv,0.011481748893857002
42,blocks.9.conv1,0.11037635058164597
42,blocks.9.conv2,0.0971134826540947
42,blocks.9.gate_conv,0.01096602063626051
42,blocks.10.conv1,0.11283896118402481
42,blocks.10.conv2,0.10187126696109772
42,blocks.10.gate_conv,0.013632657006382942
42,blocks.11.conv1,0.100397489964962
42,blocks.11.conv2,0.08600806444883347
42,blocks.11.gate_conv,0.01411489862948656
42,blocks.12.conv1,0.08757849037647247
42,blocks.12.conv2,0.07734254002571106
42,blocks.12.gate_conv,0.009897377341985703
42,blocks.13.conv1,0.08111859858036041
42,blocks.13.conv2,0.0723491683602333
42,blocks.13.gate_conv,0.007641656789928675
42,blocks.14.conv1,0.08507935702800751
42,blocks.14.conv2,0.07467979937791824
42,blocks.14.gate_conv,0.007840235717594624
42,blocks.15.conv1,0.08038415014743805
42,blocks.15.conv2,0.0699882060289383
42,blocks.15.gate_conv,0.011312260292470455
42,blocks.16.conv1,0.07543276995420456
42,blocks.16.conv2,0.07002405822277069
42,blocks.16.gate_conv,0.009613106958568096
42,blocks.17.conv1,0.07023339718580246
42,blocks.17.conv2,0.06606290489435196
42,blocks.17.gate_conv,0.007703171577304602
42,blocks.18.conv1,0.08309560269117355
42,blocks.18.conv2,0.0781334862112999
42,blocks.18.gate_conv,0.008732467889785767
42,blocks.19.conv1,0.06892364472150803
42,blocks.19.conv2,0.07002154737710953
42,blocks.19.gate_conv,0.01042117178440094
42,blocks.20.conv1,0.0632086843252182
42,blocks.20.conv2,0.058179568499326706
42,blocks.20.gate_conv,0.008182885125279427
42,blocks.21.conv1,0.06895848363637924
42,blocks.21.conv2,0.06528405845165253
42,blocks.21.gate_conv,0.011558188125491142
42,blocks.22.conv1,0.06967819482088089
42,blocks.22.conv2,0.06027662009000778
42,blocks.22.gate_conv,0.009572680108249187
42,blocks.23.conv1,0.07315652072429657
42,blocks.23.conv2,0.06634397059679031
42,blocks.23.gate_conv,0.010099184699356556
42,blocks.24.conv1,0.0792858749628067
42,blocks.24.conv2,0.07148975133895874
42,blocks.24.gate_conv,0.01646975241601467
42,blocks.25.conv1,0.07770506292581558
42,blocks.25.conv2,0.07209914177656174
42,blocks.25.gate_conv,0.013062878511846066
42,blocks.26.conv1,0.07629431784152985
42,blocks.26.conv2,0.061923012137413025
42,blocks.26.gate_conv,0.007761405315250158
42,blocks.27.conv1,0.0842251107096672
42,blocks.27.conv2,0.07208254188299179
42,blocks.27.gate_conv,0.009856080636382103
42,blocks.28.conv1,0.1024230420589447
42,blocks.28.conv2,0.07955557852983475
42,blocks.28.gate_conv,0.016957949846982956
42,blocks.29.conv1,0.11285845935344696
42,blocks.29.conv2,0.09346706420183182
42,blocks.29.gate_conv,0.020850352942943573
42,blocks.30.conv1,0.13355378806591034
42,blocks.30.conv2,0.1086539775133133
42,blocks.30.gate_conv,0.020069368183612823
42,blocks.31.conv1,0.1068979948759079
42,blocks.31.conv2,0.08441489934921265
42,blocks.31.gate_conv,0.00950566679239273
42,mean_conv2d_grad_norm,0.07276490309093263
43,stem.0,0.13603350520133972
43,blocks.0.conv1,0.19933053851127625
43,blocks.0.conv2,0.2006821483373642
43,blocks.0.gate_conv,0.008607911877334118
43,blocks.1.conv1,0.1776067167520523
43,blocks.1.conv2,0.1765105277299881
43,blocks.1.gate_conv,0.007993749342858791
43,blocks.2.conv1,0.15721412003040314
43,blocks.2.conv2,0.15083831548690796
43,blocks.2.gate_conv,0.011359489522874355
43,blocks.3.conv1,0.1539798378944397
43,blocks.3.conv2,0.1422058492898941
43,blocks.3.gate_conv,0.010807345621287823
43,blocks.4.conv1,0.14705529808998108
43,blocks.4.conv2,0.12843284010887146
43,blocks.4.gate_conv,0.014145297929644585
43,blocks.5.conv1,0.1335614025592804
43,blocks.5.conv2,0.12828008830547333
43,blocks.5.gate_conv,0.017755825072526932
43,blocks.6.conv1,0.12147863209247589
43,blocks.6.conv2,0.11461862176656723
43,blocks.6.gate_conv,0.02262435480952263
43,blocks.7.conv1,0.1043742299079895
43,blocks.7.conv2,0.10296021401882172
43,blocks.7.gate_conv,0.01558296661823988
43,blocks.8.conv1,0.11125564575195312
43,blocks.8.conv2,0.09529905021190643
43,blocks.8.gate_conv,0.014371094293892384
43,blocks.9.conv1,0.08963403105735779
43,blocks.9.conv2,0.08396007865667343
43,blocks.9.gate_conv,0.011243105866014957
43,blocks.10.conv1,0.08619261533021927
43,blocks.10.conv2,0.07607611268758774
43,blocks.10.gate_conv,0.008966311812400818
43,blocks.11.conv1,0.0761856809258461
43,blocks.11.conv2,0.06933881342411041
43,blocks.11.gate_conv,0.010222582146525383
43,blocks.12.conv1,0.07175704091787338
43,blocks.12.conv2,0.06295034289360046
43,blocks.12.gate_conv,0.008582771755754948
43,blocks.13.conv1,0.0727744922041893
43,blocks.13.conv2,0.058118902146816254
43,blocks.13.gate_conv,0.006656390614807606
43,blocks.14.conv1,0.06758300215005875
43,blocks.14.conv2,0.056548312306404114
43,blocks.14.gate_conv,0.006007741205394268
43,blocks.15.conv1,0.05409587547183037
43,blocks.15.conv2,0.048516612499952316
43,blocks.15.gate_conv,0.008007369004189968
43,blocks.16.conv1,0.05859071761369705
43,blocks.16.conv2,0.053630076348781586
43,blocks.16.gate_conv,0.007293209433555603
43,blocks.17.conv1,0.05653560534119606
43,blocks.17.conv2,0.052321333438158035
43,blocks.17.gate_conv,0.0054790060967206955
43,blocks.18.conv1,0.060968466103076935
43,blocks.18.conv2,0.05266060307621956
43,blocks.18.gate_conv,0.007059354335069656
43,blocks.19.conv1,0.053132932633161545
43,blocks.19.conv2,0.05009577423334122
43,blocks.19.gate_conv,0.006085406057536602
43,blocks.20.conv1,0.04764237627387047
43,blocks.20.conv2,0.0461883507668972
43,blocks.20.gate_conv,0.008062701672315598
43,blocks.21.conv1,0.066773921251297
43,blocks.21.conv2,0.05716479942202568
43,blocks.21.gate_conv,0.009403031319379807
43,blocks.22.conv1,0.05633886530995369
43,blocks.22.conv2,0.050392456352710724
43,blocks.22.gate_conv,0.007867899723351002
43,blocks.23.conv1,0.05703160539269447
43,blocks.23.conv2,0.05504927411675453
43,blocks.23.gate_conv,0.008358636870980263
43,blocks.24.conv1,0.06741626560688019
43,blocks.24.conv2,0.05515455827116966
43,blocks.24.gate_conv,0.009953138418495655
43,blocks.25.conv1,0.06787331402301788
43,blocks.25.conv2,0.055878739804029465
43,blocks.25.gate_conv,0.011062088422477245
43,blocks.26.conv1,0.053041547536849976
43,blocks.26.conv2,0.04935159161686897
43,blocks.26.gate_conv,0.00847221352159977
43,blocks.27.conv1,0.07278375327587128
43,blocks.27.conv2,0.06076999381184578
43,blocks.27.gate_conv,0.01092307548969984
43,blocks.28.conv1,0.07703880965709686
43,blocks.28.conv2,0.0641118735074997
43,blocks.28.gate_conv,0.01400780025869608
43,blocks.29.conv1,0.10066012293100357
43,blocks.29.conv2,0.08401422947645187
43,blocks.29.gate_conv,0.021243149414658546
43,blocks.30.conv1,0.11301753669977188
43,blocks.30.conv2,0.08451827615499496
43,blocks.30.gate_conv,0.017792753875255585
43,blocks.31.conv1,0.09174510091543198
43,blocks.31.conv2,0.07512024790048599
43,blocks.31.gate_conv,0.00867536012083292
43,mean_conv2d_grad_norm,0.06234160562996397
44,stem.0,0.1605859249830246
44,blocks.0.conv1,0.19293959438800812
44,blocks.0.conv2,0.216982901096344
44,blocks.0.gate_conv,0.0112515389919281
44,blocks.1.conv1,0.21527093648910522
44,blocks.1.conv2,0.20987553894519806
44,blocks.1.gate_conv,0.008593295700848103
44,blocks.2.conv1,0.18614554405212402
44,blocks.2.conv2,0.17562608420848846
44,blocks.2.gate_conv,0.015028879046440125
44,blocks.3.conv1,0.18647293746471405
44,blocks.3.conv2,0.16647204756736755
44,blocks.3.gate_conv,0.013251293450593948
44,blocks.4.conv1,0.16960646212100983
44,blocks.4.conv2,0.15142148733139038
44,blocks.4.gate_conv,0.013539936393499374
44,blocks.5.conv1,0.16488957405090332
44,blocks.5.conv2,0.14614905416965485
44,blocks.5.gate_conv,0.017998065799474716
44,blocks.6.conv1,0.1444796919822693
44,blocks.6.conv2,0.13083820044994354
44,blocks.6.gate_conv,0.018553845584392548
44,blocks.7.conv1,0.12888075411319733
44,blocks.7.conv2,0.1172339916229248
44,blocks.7.gate_conv,0.01798359677195549
44,blocks.8.conv1,0.13285084068775177
44,blocks.8.conv2,0.11203273385763168
44,blocks.8.gate_conv,0.012543155811727047
44,blocks.9.conv1,0.11580870300531387
44,blocks.9.conv2,0.10048384219408035
44,blocks.9.gate_conv,0.012391183525323868
44,blocks.10.conv1,0.11365707218647003
44,blocks.10.conv2,0.09389647096395493
44,blocks.10.gate_conv,0.011625399813055992
44,blocks.11.conv1,0.1011798307299614
44,blocks.11.conv2,0.09520868211984634
44,blocks.11.gate_conv,0.016354912891983986
44,blocks.12.conv1,0.099988654255867
44,blocks.12.conv2,0.09050212800502777
44,blocks.12.gate_conv,0.011345390230417252
44,blocks.13.conv1,0.08559243381023407
44,blocks.13.conv2,0.07847346365451813
44,blocks.13.gate_conv,0.009641161188483238
44,blocks.14.conv1,0.08967390656471252
44,blocks.14.conv2,0.08039625734090805
44,blocks.14.gate_conv,0.007537046913057566
44,blocks.15.conv1,0.07959649711847305
44,blocks.15.conv2,0.07563100755214691
44,blocks.15.gate_conv,0.0160694383084774
44,blocks.16.conv1,0.08935316652059555
44,blocks.16.conv2,0.07995473593473434
44,blocks.16.gate_conv,0.013747243210673332
44,blocks.17.conv1,0.08446595817804337
44,blocks.17.conv2,0.07652652263641357
44,blocks.17.gate_conv,0.012520474381744862
44,blocks.18.conv1,0.07405588030815125
44,blocks.18.conv2,0.06967131048440933
44,blocks.18.gate_conv,0.015980111435055733
44,blocks.19.conv1,0.078034907579422
44,blocks.19.conv2,0.07473829388618469
44,blocks.19.gate_conv,0.013375339098274708
44,blocks.20.conv1,0.0752759501338005
44,blocks.20.conv2,0.07458960264921188
44,blocks.20.gate_conv,0.011587472632527351
44,blocks.21.conv1,0.07923147827386856
44,blocks.21.conv2,0.07223523408174515
44,blocks.21.gate_conv,0.011553841643035412
44,blocks.22.conv1,0.07683069258928299
44,blocks.22.conv2,0.07201546430587769
44,blocks.22.gate_conv,0.02024102583527565
44,blocks.23.conv1,0.0784645602107048
44,blocks.23.conv2,0.07026127725839615
44,blocks.23.gate_conv,0.009680742397904396
44,blocks.24.conv1,0.08330745249986649
44,blocks.24.conv2,0.06878935545682907
44,blocks.24.gate_conv,0.01218631211668253
44,blocks.25.conv1,0.08079218119382858
44,blocks.25.conv2,0.0701744556427002
44,blocks.25.gate_conv,0.014043132774531841
44,blocks.26.conv1,0.07243794202804565
44,blocks.26.conv2,0.06414907425642014
44,blocks.26.gate_conv,0.007512397598475218
44,blocks.27.conv1,0.08736689388751984
44,blocks.27.conv2,0.074907585978508
44,blocks.27.gate_conv,0.009608636610209942
44,blocks.28.conv1,0.08769534528255463
44,blocks.28.conv2,0.08419733494520187
44,blocks.28.gate_conv,0.02232854813337326
44,blocks.29.conv1,0.1239096000790596
44,blocks.29.conv2,0.1019468680024147
44,blocks.29.gate_conv,0.028106873854994774
44,blocks.30.conv1,0.125872403383255
44,blocks.30.conv2,0.1053137481212616
44,blocks.30.gate_conv,0.02140447497367859
44,blocks.31.conv1,0.10669226944446564
44,blocks.31.conv2,0.10365936160087585
44,blocks.31.gate_conv,0.018399696797132492
44,mean_conv2d_grad_norm,0.07764685175083962
45,stem.0,0.16390851140022278
45,blocks.0.conv1,0.16572821140289307
45,blocks.0.conv2,0.1912088692188263
45,blocks.0.gate_conv,0.010115454904735088
45,blocks.1.conv1,0.1895555555820465
45,blocks.1.conv2,0.1930595487356186
45,blocks.1.gate_conv,0.00865149311721325
45,blocks.2.conv1,0.17142140865325928
45,blocks.2.conv2,0.16774925589561462
45,blocks.2.gate_conv,0.0123353973031044
45,blocks.3.conv1,0.17357608675956726
45,blocks.3.conv2,0.15824805200099945
45,blocks.3.gate_conv,0.011973296292126179
45,blocks.4.conv1,0.1515393704175949
45,blocks.4.conv2,0.14577127993106842
45,blocks.4.gate_conv,0.015077242627739906
45,blocks.5.conv1,0.14470984041690826
45,blocks.5.conv2,0.13324478268623352
45,blocks.5.gate_conv,0.01854555308818817
45,blocks.6.conv1,0.13321711122989655
45,blocks.6.conv2,0.11364351212978363
45,blocks.6.gate_conv,0.016353081911802292
45,blocks.7.conv1,0.11390978842973709
45,blocks.7.conv2,0.10635009407997131
45,blocks.7.gate_conv,0.01766139641404152
45,blocks.8.conv1,0.12561284005641937
45,blocks.8.conv2,0.10996154695749283
45,blocks.8.gate_conv,0.01026921533048153
45,blocks.9.conv1,0.11000382155179977
45,blocks.9.conv2,0.09564729034900665
45,blocks.9.gate_conv,0.01248520240187645
45,blocks.10.conv1,0.1083793118596077
45,blocks.10.conv2,0.09341226518154144
45,blocks.10.gate_conv,0.011895340867340565
45,blocks.11.conv1,0.08717456459999084
45,blocks.11.conv2,0.07929563522338867
45,blocks.11.gate_conv,0.010751830413937569
45,blocks.12.conv1,0.08191762119531631
45,blocks.12.conv2,0.0758160948753357
45,blocks.12.gate_conv,0.009446845389902592
45,blocks.13.conv1,0.07620544731616974
45,blocks.13.conv2,0.06747405230998993
45,blocks.13.gate_conv,0.00911599863320589
45,blocks.14.conv1,0.07912368327379227
45,blocks.14.conv2,0.0772634744644165
45,blocks.14.gate_conv,0.008442932739853859
45,blocks.15.conv1,0.07740117609500885
45,blocks.15.conv2,0.06957609951496124
45,blocks.15.gate_conv,0.008859392255544662
45,blocks.16.conv1,0.07545185089111328
45,blocks.16.conv2,0.06689729541540146
45,blocks.16.gate_conv,0.010189682245254517
45,blocks.17.conv1,0.07224218547344208
45,blocks.17.conv2,0.06249745562672615
45,blocks.17.gate_conv,0.006514132954180241
45,blocks.18.conv1,0.07160397619009018
45,blocks.18.conv2,0.06524030864238739
45,blocks.18.gate_conv,0.007110213860869408
45,blocks.19.conv1,0.06888626515865326
45,blocks.19.conv2,0.05900317803025246
45,blocks.19.gate_conv,0.008434769697487354
45,blocks.20.conv1,0.062498584389686584
45,blocks.20.conv2,0.05661129578948021
45,blocks.20.gate_conv,0.008664783090353012
45,blocks.21.conv1,0.07026438415050507
45,blocks.21.conv2,0.06324338167905807
45,blocks.21.gate_conv,0.008163017220795155
45,blocks.22.conv1,0.07278792560100555
45,blocks.22.conv2,0.0630795881152153
45,blocks.22.gate_conv,0.007938428781926632
45,blocks.23.conv1,0.06970977783203125
45,blocks.23.conv2,0.0636754259467125
45,blocks.23.gate_conv,0.011457167565822601
45,blocks.24.conv1,0.07687237113714218
45,blocks.24.conv2,0.06507480144500732
45,blocks.24.gate_conv,0.015619085170328617
45,blocks.25.conv1,0.0710790827870369
45,blocks.25.conv2,0.05906129628419876
45,blocks.25.gate_conv,0.011709887534379959
45,blocks.26.conv1,0.07408193498849869
45,blocks.26.conv2,0.06103097274899483
45,blocks.26.gate_conv,0.006906337104737759
45,blocks.27.conv1,0.07239419966936111
45,blocks.27.conv2,0.06268338114023209
45,blocks.27.gate_conv,0.009625346399843693
45,blocks.28.conv1,0.09383855760097504
45,blocks.28.conv2,0.08321374654769897
45,blocks.28.gate_conv,0.017020883038640022
45,blocks.29.conv1,0.11089123785495758
45,blocks.29.conv2,0.08675909787416458
45,blocks.29.gate_conv,0.026042303070425987
45,blocks.30.conv1,0.12095959484577179
45,blocks.30.conv2,0.09566347301006317
45,blocks.30.gate_conv,0.01967557705938816
45,blocks.31.conv1,0.09729304164648056
45,blocks.31.conv2,0.08794765919446945
45,blocks.31.gate_conv,0.015770547091960907
45,mean_conv2d_grad_norm,0.07006665326885342
46,stem.0,0.14052759110927582
46,blocks.0.conv1,0.16073526442050934
46,blocks.0.conv2,0.17862288653850555
46,blocks.0.gate_conv,0.0066473521292209625
46,blocks.1.conv1,0.1775142252445221
46,blocks.1.conv2,0.1799614280462265
46,blocks.1.gate_conv,0.007251621689647436
46,blocks.2.conv1,0.1558353155851364
46,blocks.2.conv2,0.14910341799259186
46,blocks.2.gate_conv,0.01247965358197689
46,blocks.3.conv1,0.1490699201822281
46,blocks.3.conv2,0.13465306162834167
46,blocks.3.gate_conv,0.010065059177577496
46,blocks.4.conv1,0.13524994254112244
46,blocks.4.conv2,0.12256725132465363
46,blocks.4.gate_conv,0.012791207060217857
46,blocks.5.conv1,0.12263119220733643
46,blocks.5.conv2,0.11244011670351028
46,blocks.5.gate_conv,0.01563003659248352
46,blocks.6.conv1,0.11084160208702087
46,blocks.6.conv2,0.10062873363494873
46,blocks.6.gate_conv,0.015110496431589127
46,blocks.7.conv1,0.09811092913150787
46,blocks.7.conv2,0.08663971722126007
46,blocks.7.gate_conv,0.015107248909771442
46,blocks.8.conv1,0.10692235082387924
46,blocks.8.conv2,0.0948929563164711
46,blocks.8.gate_conv,0.009682868607342243
46,blocks.9.conv1,0.08832462131977081
46,blocks.9.conv2,0.08339057862758636
46,blocks.9.gate_conv,0.010866764932870865
46,blocks.10.conv1,0.09010902792215347
46,blocks.10.conv2,0.08003431558609009
46,blocks.10.gate_conv,0.010036765597760677
46,blocks.11.conv1,0.07888509333133698
46,blocks.11.conv2,0.0697876363992691
46,blocks.11.gate_conv,0.011460826732218266
46,blocks.12.conv1,0.07401221245527267
46,blocks.12.conv2,0.06620994210243225
46,blocks.12.gate_conv,0.008945946581661701
46,blocks.13.conv1,0.06724481284618378
46,blocks.13.conv2,0.06403076648712158
46,blocks.13.gate_conv,0.009345605969429016
46,blocks.14.conv1,0.07500952482223511
46,blocks.14.conv2,0.06734135746955872
46,blocks.14.gate_conv,0.007709612604230642
46,blocks.15.conv1,0.06495517492294312
46,blocks.15.conv2,0.058599840849637985
46,blocks.15.gate_conv,0.007866475731134415
46,blocks.16.conv1,0.0647835060954094
46,blocks.16.conv2,0.05954012647271156
46,blocks.16.gate_conv,0.012953502126038074
46,blocks.17.conv1,0.06187693029642105
46,blocks.17.conv2,0.052635449916124344
46,blocks.17.gate_conv,0.007564193569123745
46,blocks.18.conv1,0.05879302695393562
46,blocks.18.conv2,0.05438944324851036
46,blocks.18.gate_conv,0.005235448479652405
46,blocks.19.conv1,0.058360129594802856
46,blocks.19.conv2,0.052400894463062286
46,blocks.19.gate_conv,0.007742585614323616
46,blocks.20.conv1,0.051928143948316574
46,blocks.20.conv2,0.05162803456187248
46,blocks.20.gate_conv,0.007146356627345085
46,blocks.21.conv1,0.06614139676094055
46,blocks.21.conv2,0.06010890752077103
46,blocks.21.gate_conv,0.00900178961455822
46,blocks.22.conv1,0.058143045753240585
46,blocks.22.conv2,0.05298497900366783
46,blocks.22.gate_conv,0.009575835429131985
46,blocks.23.conv1,0.05872794985771179
46,blocks.23.conv2,0.05442075431346893
46,blocks.23.gate_conv,0.008267784491181374
46,blocks.24.conv1,0.06546291708946228
46,blocks.24.conv2,0.06040720269083977
46,blocks.24.gate_conv,0.009506238624453545
46,blocks.25.conv1,0.06281767040491104
46,blocks.25.conv2,0.05391066148877144
46,blocks.25.gate_conv,0.008849149569869041
46,blocks.26.conv1,0.06133376434445381
46,blocks.26.conv2,0.054251112043857574
46,blocks.26.gate_conv,0.008855520747601986
46,blocks.27.conv1,0.0757889375090599
46,blocks.27.conv2,0.06547374278306961
46,blocks.27.gate_conv,0.011135328561067581
46,blocks.28.conv1,0.07434012740850449
46,blocks.28.conv2,0.06575963646173477
46,blocks.28.gate_conv,0.01555296778678894
46,blocks.29.conv1,0.09790203720331192
46,blocks.29.conv2,0.08182351291179657
46,blocks.29.gate_conv,0.01874222606420517
46,blocks.30.conv1,0.12010078132152557
46,blocks.30.conv2,0.09411642700433731
46,blocks.30.gate_conv,0.02037174254655838
46,blocks.31.conv1,0.10166630893945694
46,blocks.31.conv2,0.0942879170179367
46,blocks.31.gate_conv,0.011036256328225136
46,mean_conv2d_grad_norm,0.062203327337875196
47,stem.0,0.17834855616092682
47,blocks.0.conv1,0.17187653481960297
47,blocks.0.conv2,0.19140389561653137
47,blocks.0.gate_conv,0.008963025175035
47,blocks.1.conv1,0.19383604824543
47,blocks.1.conv2,0.19464926421642303
47,blocks.1.gate_conv,0.008908986113965511
47,blocks.2.conv1,0.1597825586795807
47,blocks.2.conv2,0.16486245393753052
47,blocks.2.gate_conv,0.013775104656815529
47,blocks.3.conv1,0.16909638047218323
47,blocks.3.conv2,0.1614217609167099
47,blocks.3.gate_conv,0.012586124241352081
47,blocks.4.conv1,0.15945620834827423
47,blocks.4.conv2,0.14605915546417236
47,blocks.4.gate_conv,0.01387981791049242
47,blocks.5.conv1,0.1556650847196579
47,blocks.5.conv2,0.15763741731643677
47,blocks.5.gate_conv,0.026645099744200706
47,blocks.6.conv1,0.13772808015346527
47,blocks.6.conv2,0.12212317436933517
47,blocks.6.gate_conv,0.02178061194717884
47,blocks.7.conv1,0.12761911749839783
47,blocks.7.conv2,0.10587021708488464
47,blocks.7.gate_conv,0.0213147085160017
47,blocks.8.conv1,0.12335159629583359
47,blocks.8.conv2,0.12023119628429413
47,blocks.8.gate_conv,0.011487148702144623
47,blocks.9.conv1,0.10991949588060379
47,blocks.9.conv2,0.10658907145261765
47,blocks.9.gate_conv,0.014940100722014904
47,blocks.10.conv1,0.11120118945837021
47,blocks.10.conv2,0.09148282557725906
47,blocks.10.gate_conv,0.011442597955465317
47,blocks.11.conv1,0.09311210364103317
47,blocks.11.conv2,0.08937972784042358
47,blocks.11.gate_conv,0.018177896738052368
47,blocks.12.conv1,0.08447838574647903
47,blocks.12.conv2,0.07842952758073807
47,blocks.12.gate_conv,0.01217366848140955
47,blocks.13.conv1,0.08482826501131058
47,blocks.13.conv2,0.08018388599157333
47,blocks.13.gate_conv,0.01116272434592247
47,blocks.14.conv1,0.07901081442832947
47,blocks.14.conv2,0.07085330039262772
47,blocks.14.gate_conv,0.008899495005607605
47,blocks.15.conv1,0.07593859732151031
47,blocks.15.conv2,0.07200057804584503
47,blocks.15.gate_conv,0.010359442792832851
47,blocks.16.conv1,0.07452582567930222
47,blocks.16.conv2,0.0686476081609726
47,blocks.16.gate_conv,0.010220348834991455
47,blocks.17.conv1,0.07797711342573166
47,blocks.17.conv2,0.06315640360116959
47,blocks.17.gate_conv,0.008894911967217922
47,blocks.18.conv1,0.07521793991327286
47,blocks.18.conv2,0.06698788702487946
47,blocks.18.gate_conv,0.007837673649191856
47,blocks.19.conv1,0.0752403736114502
47,blocks.19.conv2,0.06920018047094345
47,blocks.19.gate_conv,0.011153126135468483
47,blocks.20.conv1,0.06524205207824707
47,blocks.20.conv2,0.06583180278539658
47,blocks.20.gate_conv,0.01047441828995943
47,blocks.21.conv1,0.08683743327856064
47,blocks.21.conv2,0.07757778465747833
47,blocks.21.gate_conv,0.014695811085402966
47,blocks.22.conv1,0.07324117422103882
47,blocks.22.conv2,0.06164819747209549
47,blocks.22.gate_conv,0.010187254287302494
47,blocks.23.conv1,0.07515677809715271
47,blocks.23.conv2,0.06913342326879501
47,blocks.23.gate_conv,0.015256345272064209
47,blocks.24.conv1,0.08945440500974655
47,blocks.24.conv2,0.07242199778556824
47,blocks.24.gate_conv,0.015436571091413498
47,blocks.25.conv1,0.08313318341970444
47,blocks.25.conv2,0.07194048911333084
47,blocks.25.gate_conv,0.013233640231192112
47,blocks.26.conv1,0.07491973042488098
47,blocks.26.conv2,0.06470352411270142
47,blocks.26.gate_conv,0.010159888304769993
47,blocks.27.conv1,0.08021272718906403
47,blocks.27.conv2,0.07001826167106628
47,blocks.27.gate_conv,0.014907137490808964
47,blocks.28.conv1,0.09357844293117523
47,blocks.28.conv2,0.08414728939533234
47,blocks.28.gate_conv,0.02146046794950962
47,blocks.29.conv1,0.1281290501356125
47,blocks.29.conv2,0.10969177633523941
47,blocks.29.gate_conv,0.027707727625966072
47,blocks.30.conv1,0.15128083527088165
47,blocks.30.conv2,0.12399047613143921
47,blocks.30.gate_conv,0.028695017099380493
47,blocks.31.conv1,0.12493623793125153
47,blocks.31.conv2,0.12418994307518005
47,blocks.31.gate_conv,0.022965945303440094
47,mean_conv2d_grad_norm,0.07557298612694457
48,stem.0,0.1114034503698349
48,blocks.0.conv1,0.1506548374891281
48,blocks.0.conv2,0.15590249001979828
48,blocks.0.gate_conv,0.008654789067804813
48,blocks.1.conv1,0.17014683783054352
48,blocks.1.conv2,0.1739823818206787
48,blocks.1.gate_conv,0.008215896785259247
48,blocks.2.conv1,0.14243066310882568
48,blocks.2.conv2,0.1401505023241043
48,blocks.2.gate_conv,0.009146195836365223
48,blocks.3.conv1,0.1510787010192871
48,blocks.3.conv2,0.1365303099155426
48,blocks.3.gate_conv,0.009353364817798138
48,blocks.4.conv1,0.1272585690021515
48,blocks.4.conv2,0.12244157493114471
48,blocks.4.gate_conv,0.013360089622437954
48,blocks.5.conv1,0.12867246568202972
48,blocks.5.conv2,0.11109442263841629
48,blocks.5.gate_conv,0.01455507893115282
48,blocks.6.conv1,0.10661841183900833
48,blocks.6.conv2,0.09614407271146774
48,blocks.6.gate_conv,0.01467771828174591
48,blocks.7.conv1,0.09204011410474777
48,blocks.7.conv2,0.08754490315914154
48,blocks.7.gate_conv,0.014033874496817589
48,blocks.8.conv1,0.09585339576005936
48,blocks.8.conv2,0.09165956825017929
48,blocks.8.gate_conv,0.007549506612122059
48,blocks.9.conv1,0.09655677527189255
48,blocks.9.conv2,0.09019875526428223
48,blocks.9.gate_conv,0.009056835435330868
48,blocks.10.conv1,0.0912851020693779
48,blocks.10.conv2,0.08265872299671173
48,blocks.10.gate_conv,0.007161392830312252
48,blocks.11.conv1,0.07484789937734604
48,blocks.11.conv2,0.06815765053033829
48,blocks.11.gate_conv,0.008607017807662487
48,blocks.12.conv1,0.07471493631601334
48,blocks.12.conv2,0.0681106224656105
48,blocks.12.gate_conv,0.009080217219889164
48,blocks.13.conv1,0.06440722942352295
48,blocks.13.conv2,0.06542788445949554
48,blocks.13.gate_conv,0.00886969082057476
48,blocks.14.conv1,0.06585997343063354
48,blocks.14.conv2,0.06179085373878479
48,blocks.14.gate_conv,0.00809487421065569
48,blocks.15.conv1,0.06685241311788559
48,blocks.15.conv2,0.06282017379999161
48,blocks.15.gate_conv,0.008458578027784824
48,blocks.16.conv1,0.0648101344704628
48,blocks.16.conv2,0.05897226184606552
48,blocks.16.gate_conv,0.008653770200908184
48,blocks.17.conv1,0.06476021558046341
48,blocks.17.conv2,0.059144746512174606
48,blocks.17.gate_conv,0.00698806019499898
48,blocks.18.conv1,0.06134340912103653
48,blocks.18.conv2,0.059040579944849014
48,blocks.18.gate_conv,0.006066516973078251
48,blocks.19.conv1,0.06481041759252548
48,blocks.19.conv2,0.05791745334863663
48,blocks.19.gate_conv,0.00709297601133585
48,blocks.20.conv1,0.05652032047510147
48,blocks.20.conv2,0.05106775462627411
48,blocks.20.gate_conv,0.006782555021345615
48,blocks.21.conv1,0.07413195818662643
48,blocks.21.conv2,0.05883243307471275
48,blocks.21.gate_conv,0.008729168213903904
48,blocks.22.conv1,0.06649203598499298
48,blocks.22.conv2,0.05393051356077194
48,blocks.22.gate_conv,0.009100998751819134
48,blocks.23.conv1,0.06099880114197731
48,blocks.23.conv2,0.054865121841430664
48,blocks.23.gate_conv,0.007721530273556709
48,blocks.24.conv1,0.07785642892122269
48,blocks.24.conv2,0.059063270688056946
48,blocks.24.gate_conv,0.015499195083975792
48,blocks.25.conv1,0.060820322483778
48,blocks.25.conv2,0.05610889568924904
48,blocks.25.gate_conv,0.009296892210841179
48,blocks.26.conv1,0.06593453139066696
48,blocks.26.conv2,0.05273481830954552
48,blocks.26.gate_conv,0.01137478556483984
48,blocks.27.conv1,0.06843700259923935
48,blocks.27.conv2,0.059445176273584366
48,blocks.27.gate_conv,0.007756558712571859
48,blocks.28.conv1,0.07529198378324509
48,blocks.28.conv2,0.0588831901550293
48,blocks.28.gate_conv,0.014540254138410091
48,blocks.29.conv1,0.09209531545639038
48,blocks.29.conv2,0.07566511631011963
48,blocks.29.gate_conv,0.018470900133252144
48,blocks.30.conv1,0.11480440199375153
48,blocks.30.conv2,0.08819390088319778
48,blocks.30.gate_conv,0.018197402358055115
48,blocks.31.conv1,0.09775019437074661
48,blocks.31.conv2,0.074772410094738
48,blocks.31.gate_conv,0.010656201280653477
48,mean_conv2d_grad_norm,0.06078963574098865
49,stem.0,0.2031417042016983
49,blocks.0.conv1,0.247700035572052
49,blocks.0.conv2,0.2814536988735199
49,blocks.0.gate_conv,0.012312469072639942
49,blocks.1.conv1,0.2799629867076874
49,blocks.1.conv2,0.28222620487213135
49,blocks.1.gate_conv,0.011721158400177956
49,blocks.2.conv1,0.2551947236061096
49,blocks.2.conv2,0.22797201573848724
49,blocks.2.gate_conv,0.02004864439368248
49,blocks.3.conv1,0.23372234404087067
49,blocks.3.conv2,0.2191629558801651
49,blocks.3.gate_conv,0.013696353882551193
49,blocks.4.conv1,0.21065601706504822
49,blocks.4.conv2,0.19143414497375488
49,blocks.4.gate_conv,0.01964523084461689
49,blocks.5.conv1,0.20134411752223969
49,blocks.5.conv2,0.17484961450099945
49,blocks.5.gate_conv,0.019395815208554268
49,blocks.6.conv1,0.1760483831167221
49,blocks.6.conv2,0.15801161527633667
49,blocks.6.gate_conv,0.023531606420874596
49,blocks.7.conv1,0.15521997213363647
49,blocks.7.conv2,0.14046645164489746
49,blocks.7.gate_conv,0.02473451755940914
49,blocks.8.conv1,0.16556212306022644
49,blocks.8.conv2,0.15067972242832184
49,blocks.8.gate_conv,0.014042598195374012
49,blocks.9.conv1,0.14586395025253296
49,blocks.9.conv2,0.13103802502155304
49,blocks.9.gate_conv,0.014537377282977104
49,blocks.10.conv1,0.14522144198417664
49,blocks.10.conv2,0.13189706206321716
49,blocks.10.gate_conv,0.01811521127820015
49,blocks.11.conv1,0.1262931227684021
49,blocks.11.conv2,0.11267367750406265
49,blocks.11.gate_conv,0.015008571557700634
49,blocks.12.conv1,0.11514817178249359
49,blocks.12.conv2,0.11552535742521286
49,blocks.12.gate_conv,0.015633072704076767
49,blocks.13.conv1,0.10575005412101746
49,blocks.13.conv2,0.09480345249176025
49,blocks.13.gate_conv,0.01080834586173296
49,blocks.14.conv1,0.10656904429197311
49,blocks.14.conv2,0.09417997300624847
49,blocks.14.gate_conv,0.012365377508103848
49,blocks.15.conv1,0.09894975274801254
49,blocks.15.conv2,0.09420155733823776
49,blocks.15.gate_conv,0.010104181244969368
49,blocks.16.conv1,0.10090557485818863
49,blocks.16.conv2,0.08810003101825714
49,blocks.16.gate_conv,0.011562606319785118
49,blocks.17.conv1,0.10828585177659988
49,blocks.17.conv2,0.0873895063996315
49,blocks.17.gate_conv,0.009981278330087662
49,blocks.18.conv1,0.10027485340833664
49,blocks.18.conv2,0.09063377231359482
49,blocks.18.gate_conv,0.011821010150015354
49,blocks.19.conv1,0.10158775001764297
49,blocks.19.conv2,0.08661589026451111
49,blocks.19.gate_conv,0.013150898739695549
49,blocks.20.conv1,0.08818498998880386
49,blocks.20.conv2,0.07976698130369186
49,blocks.20.gate_conv,0.011634201742708683
49,blocks.21.conv1,0.1005399078130722
49,blocks.21.conv2,0.08642230927944183
49,blocks.21.gate_conv,0.016176791861653328
49,blocks.22.conv1,0.09885361790657043
49,blocks.22.conv2,0.08748648315668106
49,blocks.22.gate_conv,0.014727706089615822
49,blocks.23.conv1,0.08572109043598175
49,blocks.23.conv2,0.081108458340168
49,blocks.23.gate_conv,0.013394116424024105
49,blocks.24.conv1,0.10700461268424988
49,blocks.24.conv2,0.08979466557502747
49,blocks.24.gate_conv,0.019454052671790123
49,blocks.25.conv1,0.09117091447114944
49,blocks.25.conv2,0.08123055100440979
49,blocks.25.gate_conv,0.016452403739094734
49,blocks.26.conv1,0.09179804474115372
49,blocks.26.conv2,0.08026435226202011
49,blocks.26.gate_conv,0.01478636171668768
49,blocks.27.conv1,0.10183481872081757
49,blocks.27.conv2,0.08439022302627563
49,blocks.27.gate_conv,0.010342564433813095
49,blocks.28.conv1,0.11012155562639236
49,blocks.28.conv2,0.09042591601610184
49,blocks.28.gate_conv,0.018249526619911194
49,blocks.29.conv1,0.13793505728244781
49,blocks.29.conv2,0.11493908613920212
49,blocks.29.gate_conv,0.02741124853491783
49,blocks.30.conv1,0.16170240938663483
49,blocks.30.conv2,0.13060662150382996
49,blocks.30.gate_conv,0.026834329590201378
49,blocks.31.conv1,0.14299747347831726
49,blocks.31.conv2,0.15217623114585876
49,blocks.31.gate_conv,0.01705183833837509
49,mean_conv2d_grad_norm,0.09610231486677202
50,stem.0,0.23446129262447357
50,blocks.0.conv1,0.22989077866077423
50,blocks.0.conv2,0.2608325779438019
50,blocks.0.gate_conv,0.014859519898891449
50,blocks.1.conv1,0.2595941126346588
50,blocks.1.conv2,0.27731436491012573
50,blocks.1.gate_conv,0.011804260313510895
50,blocks.2.conv1,0.2370748221874237
50,blocks.2.conv2,0.23653537034988403
50,blocks.2.gate_conv,0.017178168520331383
50,blocks.3.conv1,0.23306825757026672
50,blocks.3.conv2,0.21731577813625336
50,blocks.3.gate_conv,0.02027696743607521
50,blocks.4.conv1,0.2225940227508545
50,blocks.4.conv2,0.20323099195957184
50,blocks.4.gate_conv,0.024282362312078476
50,blocks.5.conv1,0.21153654158115387
50,blocks.5.conv2,0.19757550954818726
50,blocks.5.gate_conv,0.027773942798376083
50,blocks.6.conv1,0.17830872535705566
50,blocks.6.conv2,0.16929560899734497
50,blocks.6.gate_conv,0.021868867799639702
50,blocks.7.conv1,0.1666632741689682
50,blocks.7.conv2,0.14814145863056183
50,blocks.7.gate_conv,0.021460123360157013
50,blocks.8.conv1,0.17751288414001465
50,blocks.8.conv2,0.15725071728229523
50,blocks.8.gate_conv,0.01625656895339489
50,blocks.9.conv1,0.1647338718175888
50,blocks.9.conv2,0.1487015038728714
50,blocks.9.gate_conv,0.01586558111011982
50,blocks.10.conv1,0.1445653736591339
50,blocks.10.conv2,0.12915876507759094
50,blocks.10.gate_conv,0.014794918708503246
50,blocks.11.conv1,0.13045288622379303
50,blocks.11.conv2,0.12016361951828003
50,blocks.11.gate_conv,0.02785574458539486
50,blocks.12.conv1,0.12840810418128967
50,blocks.12.conv2,0.1169743537902832
50,blocks.12.gate_conv,0.013647373765707016
50,blocks.13.conv1,0.122988261282444
50,blocks.13.conv2,0.10891744494438171
50,blocks.13.gate_conv,0.011528491973876953
50,blocks.14.conv1,0.12507401406764984
50,blocks.14.conv2,0.10505560785531998
50,blocks.14.gate_conv,0.011972273699939251
50,blocks.15.conv1,0.10568596422672272
50,blocks.15.conv2,0.09428063780069351
50,blocks.15.gate_conv,0.020285794511437416
50,blocks.16.conv1,0.10998614877462387
50,blocks.16.conv2,0.10185322165489197
50,blocks.16.gate_conv,0.015673886984586716
50,blocks.17.conv1,0.10385946184396744
50,blocks.17.conv2,0.0900527834892273
50,blocks.17.gate_conv,0.010019497945904732
50,blocks.18.conv1,0.11470985412597656
50,blocks.18.conv2,0.10390225797891617
50,blocks.18.gate_conv,0.01080838032066822
50,blocks.19.conv1,0.10543062537908554
50,blocks.19.conv2,0.0904483050107956
50,blocks.19.gate_conv,0.014321031048893929
50,blocks.20.conv1,0.10752561688423157
50,blocks.20.conv2,0.0914306715130806
50,blocks.20.gate_conv,0.012773320078849792
50,blocks.21.conv1,0.12183389067649841
50,blocks.21.conv2,0.10048829764127731
50,blocks.21.gate_conv,0.019658658653497696
50,blocks.22.conv1,0.10763232409954071
50,blocks.22.conv2,0.10046662390232086
50,blocks.22.gate_conv,0.019701821729540825
50,blocks.23.conv1,0.117399662733078
50,blocks.23.conv2,0.09756667166948318
50,blocks.23.gate_conv,0.011145109310746193
50,blocks.24.conv1,0.12528133392333984
50,blocks.24.conv2,0.10351838171482086
50,blocks.24.gate_conv,0.019069524481892586
50,blocks.25.conv1,0.11329694837331772
50,blocks.25.conv2,0.09970192611217499
50,blocks.25.gate_conv,0.018557796254754066
50,blocks.26.conv1,0.10713301599025726
50,blocks.26.conv2,0.09453689306974411
50,blocks.26.gate_conv,0.014376906678080559
50,blocks.27.conv1,0.1218884214758873
50,blocks.27.conv2,0.102240189909935
50,blocks.27.gate_conv,0.016449807211756706
50,blocks.28.conv1,0.14029110968112946
50,blocks.28.conv2,0.12000562995672226
50,blocks.28.gate_conv,0.028954582288861275
50,blocks.29.conv1,0.16020682454109192
50,blocks.29.conv2,0.1206229031085968
50,blocks.29.gate_conv,0.026305772364139557
50,blocks.30.conv1,0.16483955085277557
50,blocks.30.conv2,0.1300879567861557
50,blocks.30.gate_conv,0.02800724469125271
50,blocks.31.conv1,0.13183064758777618
50,blocks.31.conv2,0.1157669723033905
50,blocks.31.gate_conv,0.016882168129086494
50,mean_conv2d_grad_norm,0.10261452668490484
51,stem.0,0.12411326169967651
51,blocks.0.conv1,0.14777322113513947
51,blocks.0.conv2,0.17053668200969696
51,blocks.0.gate_conv,0.011073747649788857
51,blocks.1.conv1,0.15898515284061432
51,blocks.1.conv2,0.16260184347629547
51,blocks.1.gate_conv,0.007582580205053091
51,blocks.2.conv1,0.14894647896289825
51,blocks.2.conv2,0.1378149688243866
51,blocks.2.gate_conv,0.010929316282272339
51,blocks.3.conv1,0.14274035394191742
51,blocks.3.conv2,0.12530143558979034
51,blocks.3.gate_conv,0.01045453641563654
51,blocks.4.conv1,0.1219976618885994
51,blocks.4.conv2,0.10652868449687958
51,blocks.4.gate_conv,0.010820570401847363
51,blocks.5.conv1,0.11888732761144638
51,blocks.5.conv2,0.1104094609618187
51,blocks.5.gate_conv,0.025068530812859535
51,blocks.6.conv1,0.10157788544893265
51,blocks.6.conv2,0.0930519551038742
51,blocks.6.gate_conv,0.013426643796265125
51,blocks.7.conv1,0.09188078343868256
51,blocks.7.conv2,0.08910790830850601
51,blocks.7.gate_conv,0.015101466327905655
51,blocks.8.conv1,0.10275140404701233
51,blocks.8.conv2,0.09096141904592514
51,blocks.8.gate_conv,0.009434346109628677
51,blocks.9.conv1,0.08725220710039139
51,blocks.9.conv2,0.07525785267353058
51,blocks.9.gate_conv,0.009645290672779083
51,blocks.10.conv1,0.0868290364742279
51,blocks.10.conv2,0.0767585039138794
51,blocks.10.gate_conv,0.009758971631526947
51,blocks.11.conv1,0.08591876178979874
51,blocks.11.conv2,0.07031910121440887
51,blocks.11.gate_conv,0.01054636761546135
51,blocks.12.conv1,0.07586491852998734
51,blocks.12.conv2,0.06030891835689545
51,blocks.12.gate_conv,0.008753589354455471
51,blocks.13.conv1,0.06179109960794449
51,blocks.13.conv2,0.05759251490235329
51,blocks.13.gate_conv,0.008064291439950466
51,blocks.14.conv1,0.06661902368068695
51,blocks.14.conv2,0.05603370815515518
51,blocks.14.gate_conv,0.007724962197244167
51,blocks.15.conv1,0.058446962386369705
51,blocks.15.conv2,0.05369638651609421
51,blocks.15.gate_conv,0.008106513880193233
51,blocks.16.conv1,0.06115962192416191
51,blocks.16.conv2,0.055601466447114944
51,blocks.16.gate_conv,0.008258453570306301
51,blocks.17.conv1,0.057419974356889725
51,blocks.17.conv2,0.047123610973358154
51,blocks.17.gate_conv,0.004964729305356741
51,blocks.18.conv1,0.0639677345752716
51,blocks.18.conv2,0.055051084607839584
51,blocks.18.gate_conv,0.009435642510652542
51,blocks.19.conv1,0.05389241501688957
51,blocks.19.conv2,0.04731513559818268
51,blocks.19.gate_conv,0.008529388345777988
51,blocks.20.conv1,0.055607642978429794
51,blocks.20.conv2,0.054938074201345444
51,blocks.20.gate_conv,0.008531567640602589
51,blocks.21.conv1,0.06666421890258789
51,blocks.21.conv2,0.054542046040296555
51,blocks.21.gate_conv,0.011271949857473373
51,blocks.22.conv1,0.05864303186535835
51,blocks.22.conv2,0.05274110287427902
51,blocks.22.gate_conv,0.009475450031459332
51,blocks.23.conv1,0.05979263409972191
51,blocks.23.conv2,0.05528179183602333
51,blocks.23.gate_conv,0.007614511530846357
51,blocks.24.conv1,0.06919186562299728
51,blocks.24.conv2,0.059901557862758636
51,blocks.24.gate_conv,0.012959816493093967
51,blocks.25.conv1,0.06501757353544235
51,blocks.25.conv2,0.05883508920669556
51,blocks.25.gate_conv,0.01526622474193573
51,blocks.26.conv1,0.05911755561828613
51,blocks.26.conv2,0.052590325474739075
51,blocks.26.gate_conv,0.005235412623733282
51,blocks.27.conv1,0.06290001422166824
51,blocks.27.conv2,0.055073779076337814
51,blocks.27.gate_conv,0.014484995044767857
51,blocks.28.conv1,0.0746418759226799
51,blocks.28.conv2,0.06539803743362427
51,blocks.28.gate_conv,0.018210919573903084
51,blocks.29.conv1,0.09061967581510544
51,blocks.29.conv2,0.07556188851594925
51,blocks.29.gate_conv,0.014916758053004742
51,blocks.30.conv1,0.11125946789979935
51,blocks.30.conv2,0.09211166948080063
51,blocks.30.gate_conv,0.018402326852083206
51,blocks.31.conv1,0.09817710518836975
51,blocks.31.conv2,0.08323663473129272
51,blocks.31.gate_conv,0.011496225371956825
51,mean_conv2d_grad_norm,0.05925338847812304
52,stem.0,0.17226429283618927
52,blocks.0.conv1,0.19749516248703003
52,blocks.0.conv2,0.21455331146717072
52,blocks.0.gate_conv,0.011079645715653896
52,blocks.1.conv1,0.2119436413049698
52,blocks.1.conv2,0.214903324842453
52,blocks.1.gate_conv,0.00960513949394226
52,blocks.2.conv1,0.1805267184972763
52,blocks.2.conv2,0.1722528338432312
52,blocks.2.gate_conv,0.017995666712522507
52,blocks.3.conv1,0.1814395934343338
52,blocks.3.conv2,0.17149889469146729
52,blocks.3.gate_conv,0.011362851597368717
52,blocks.4.conv1,0.16695217788219452
52,blocks.4.conv2,0.15245066583156586
52,blocks.4.gate_conv,0.012552056461572647
52,blocks.5.conv1,0.1572384238243103
52,blocks.5.conv2,0.1382356882095337
52,blocks.5.gate_conv,0.016811400651931763
52,blocks.6.conv1,0.14476408064365387
52,blocks.6.conv2,0.12675224244594574
52,blocks.6.gate_conv,0.017398549243807793
52,blocks.7.conv1,0.12961167097091675
52,blocks.7.conv2,0.11885470151901245
52,blocks.7.gate_conv,0.01704229600727558
52,blocks.8.conv1,0.12665097415447235
52,blocks.8.conv2,0.11583030968904495
52,blocks.8.gate_conv,0.009863609448075294
52,blocks.9.conv1,0.11667655408382416
52,blocks.9.conv2,0.10508608818054199
52,blocks.9.gate_conv,0.010928647592663765
52,blocks.10.conv1,0.10962596535682678
52,blocks.10.conv2,0.10233708471059799
52,blocks.10.gate_conv,0.010221000760793686
52,blocks.11.conv1,0.10285518318414688
52,blocks.11.conv2,0.09086509048938751
52,blocks.11.gate_conv,0.013694102875888348
52,blocks.12.conv1,0.09225238114595413
52,blocks.12.conv2,0.08427905291318893
52,blocks.12.gate_conv,0.012472291477024555
52,blocks.13.conv1,0.08604709059000015
52,blocks.13.conv2,0.0784895196557045
52,blocks.13.gate_conv,0.008614798076450825
52,blocks.14.conv1,0.08749613910913467
52,blocks.14.conv2,0.080571249127388
52,blocks.14.gate_conv,0.009290952235460281
52,blocks.15.conv1,0.07732038199901581
52,blocks.15.conv2,0.06786806136369705
52,blocks.15.gate_conv,0.007259246427565813
52,blocks.16.conv1,0.08024091273546219
52,blocks.16.conv2,0.07374542951583862
52,blocks.16.gate_conv,0.013055330142378807
52,blocks.17.conv1,0.07356094568967819
52,blocks.17.conv2,0.06691579520702362
52,blocks.17.gate_conv,0.005947948433458805
52,blocks.18.conv1,0.07990021258592606
52,blocks.18.conv2,0.07959499955177307
52,blocks.18.gate_conv,0.008079453371465206
52,blocks.19.conv1,0.07364504784345627
52,blocks.19.conv2,0.06806892901659012
52,blocks.19.gate_conv,0.008758166804909706
52,blocks.20.conv1,0.07210048288106918
52,blocks.20.conv2,0.06172020733356476
52,blocks.20.gate_conv,0.011260616593062878
52,blocks.21.conv1,0.07961812615394592
52,blocks.21.conv2,0.06616741418838501
52,blocks.21.gate_conv,0.01934593729674816
52,blocks.22.conv1,0.07385095953941345
52,blocks.22.conv2,0.06697061657905579
52,blocks.22.gate_conv,0.008934729732573032
52,blocks.23.conv1,0.07655347138643265
52,blocks.23.conv2,0.06526675820350647
52,blocks.23.gate_conv,0.01084164995700121
52,blocks.24.conv1,0.07849834114313126
52,blocks.24.conv2,0.06910780817270279
52,blocks.24.gate_conv,0.017994511872529984
52,blocks.25.conv1,0.0914907455444336
52,blocks.25.conv2,0.07669202983379364
52,blocks.25.gate_conv,0.016909630969166756
52,blocks.26.conv1,0.07228498160839081
52,blocks.26.conv2,0.06483564525842667
52,blocks.26.gate_conv,0.009197933599352837
52,blocks.27.conv1,0.0758739709854126
52,blocks.27.conv2,0.06812890619039536
52,blocks.27.gate_conv,0.015568353235721588
52,blocks.28.conv1,0.0904136672616005
52,blocks.28.conv2,0.07338042557239532
52,blocks.28.gate_conv,0.016086233779788017
52,blocks.29.conv1,0.12152845412492752
52,blocks.29.conv2,0.0979112759232521
52,blocks.29.gate_conv,0.020308565348386765
52,blocks.30.conv1,0.13169917464256287
52,blocks.30.conv2,0.09365829080343246
52,blocks.30.gate_conv,0.02068876102566719
52,blocks.31.conv1,0.09484834969043732
52,blocks.31.conv2,0.078295037150383
52,blocks.31.gate_conv,0.008209777064621449
52,mean_conv2d_grad_norm,0.07546325584335886
53,stem.0,0.14152181148529053
53,blocks.0.conv1,0.15685254335403442
53,blocks.0.conv2,0.17562636733055115
53,blocks.0.gate_conv,0.008811025880277157
53,blocks.1.conv1,0.1805039644241333
53,blocks.1.conv2,0.18747366964817047
53,blocks.1.gate_conv,0.007555818185210228
53,blocks.2.conv1,0.15786895155906677
53,blocks.2.conv2,0.15478305518627167
53,blocks.2.gate_conv,0.010803593322634697
53,blocks.3.conv1,0.1605459749698639
53,blocks.3.conv2,0.13912442326545715
53,blocks.3.gate_conv,0.01031205803155899
53,blocks.4.conv1,0.1314171403646469
53,blocks.4.conv2,0.12043678760528564
53,blocks.4.gate_conv,0.010092467069625854
53,blocks.5.conv1,0.1334778368473053
53,blocks.5.conv2,0.11554306745529175
53,blocks.5.gate_conv,0.011582691222429276
53,blocks.6.conv1,0.12056125700473785
53,blocks.6.conv2,0.10855648666620255
53,blocks.6.gate_conv,0.0146286990493536
53,blocks.7.conv1,0.10065985471010208
53,blocks.7.conv2,0.08897584676742554
53,blocks.7.gate_conv,0.014341897331178188
53,blocks.8.conv1,0.10869041830301285
53,blocks.8.conv2,0.1025511771440506
53,blocks.8.gate_conv,0.00846793968230486
53,blocks.9.conv1,0.08955387771129608
53,blocks.9.conv2,0.08273787796497345
53,blocks.9.gate_conv,0.011178996413946152
53,blocks.10.conv1,0.08997421711683273
53,blocks.10.conv2,0.07405368238687515
53,blocks.10.gate_conv,0.009439414367079735
53,blocks.11.conv1,0.08364742249250412
53,blocks.11.conv2,0.07237961888313293
53,blocks.11.gate_conv,0.008659182116389275
53,blocks.12.conv1,0.07787957787513733
53,blocks.12.conv2,0.0693870261311531
53,blocks.12.gate_conv,0.009020868688821793
53,blocks.13.conv1,0.07149184495210648
53,blocks.13.conv2,0.06426066905260086
53,blocks.13.gate_conv,0.007936516776680946
53,blocks.14.conv1,0.07156804203987122
53,blocks.14.conv2,0.05854024365544319
53,blocks.14.gate_conv,0.006157079711556435
53,blocks.15.conv1,0.06744939833879471
53,blocks.15.conv2,0.05808473378419876
53,blocks.15.gate_conv,0.00862883310765028
53,blocks.16.conv1,0.06954870373010635
53,blocks.16.conv2,0.05931416526436806
53,blocks.16.gate_conv,0.009265337139368057
53,blocks.17.conv1,0.06147356703877449
53,blocks.17.conv2,0.05953134968876839
53,blocks.17.gate_conv,0.005466757342219353
53,blocks.18.conv1,0.06440965831279755
53,blocks.18.conv2,0.05452429875731468
53,blocks.18.gate_conv,0.006265019997954369
53,blocks.19.conv1,0.0714958906173706
53,blocks.19.conv2,0.05772465467453003
53,blocks.19.gate_conv,0.006913215387612581
53,blocks.20.conv1,0.060394130647182465
53,blocks.20.conv2,0.05259203165769577
53,blocks.20.gate_conv,0.006637411657720804
53,blocks.21.conv1,0.07381058484315872
53,blocks.21.conv2,0.05914948135614395
53,blocks.21.gate_conv,0.009176340885460377
53,blocks.22.conv1,0.05932265892624855
53,blocks.22.conv2,0.053857699036598206
53,blocks.22.gate_conv,0.009581061080098152
53,blocks.23.conv1,0.06260640174150467
53,blocks.23.conv2,0.05434221774339676
53,blocks.23.gate_conv,0.007805113680660725
53,blocks.24.conv1,0.06875473260879517
53,blocks.24.conv2,0.060391105711460114
53,blocks.24.gate_conv,0.013836853206157684
53,blocks.25.conv1,0.07353483140468597
53,blocks.25.conv2,0.05938384309411049
53,blocks.25.gate_conv,0.022061528638005257
53,blocks.26.conv1,0.06353569030761719
53,blocks.26.conv2,0.05297576263546944
53,blocks.26.gate_conv,0.009077568538486958
53,blocks.27.conv1,0.07140884548425674
53,blocks.27.conv2,0.060552097856998444
53,blocks.27.gate_conv,0.007445340510457754
53,blocks.28.conv1,0.07968396693468094
53,blocks.28.conv2,0.0706501305103302
53,blocks.28.gate_conv,0.014637571759521961
53,blocks.29.conv1,0.10360536724328995
53,blocks.29.conv2,0.07506310194730759
53,blocks.29.gate_conv,0.02580254152417183
53,blocks.30.conv1,0.10428839176893234
53,blocks.30.conv2,0.08576858788728714
53,blocks.30.gate_conv,0.024030223488807678
53,blocks.31.conv1,0.08808483928442001
53,blocks.31.conv2,0.08368690311908722
53,blocks.31.gate_conv,0.010368220508098602
53,mean_conv2d_grad_norm,0.06327455406816504
54,stem.0,0.24278981983661652
54,blocks.0.conv1,0.2334543913602829
54,blocks.0.conv2,0.26012322306632996
54,blocks.0.gate_conv,0.010890726931393147
54,blocks.1.conv1,0.24973101913928986
54,blocks.1.conv2,0.2484951615333557
54,blocks.1.gate_conv,0.010369595140218735
54,blocks.2.conv1,0.2308446317911148
54,blocks.2.conv2,0.21319663524627686
54,blocks.2.gate_conv,0.013269028626382351
54,blocks.3.conv1,0.22767426073551178
54,blocks.3.conv2,0.2002074271440506
54,blocks.3.gate_conv,0.013578372076153755
54,blocks.4.conv1,0.1984117031097412
54,blocks.4.conv2,0.1762082278728485
54,blocks.4.gate_conv,0.016087794676423073
54,blocks.5.conv1,0.19257758557796478
54,blocks.5.conv2,0.16882793605327606
54,blocks.5.gate_conv,0.01687678135931492
54,blocks.6.conv1,0.1653416007757187
54,blocks.6.conv2,0.13668939471244812
54,blocks.6.gate_conv,0.018802819773554802
54,blocks.7.conv1,0.13900639116764069
54,blocks.7.conv2,0.12578372657299042
54,blocks.7.gate_conv,0.023326650261878967
54,blocks.8.conv1,0.16268105804920197
54,blocks.8.conv2,0.13521796464920044
54,blocks.8.gate_conv,0.015285873785614967
54,blocks.9.conv1,0.13061274588108063
54,blocks.9.conv2,0.11399281024932861
54,blocks.9.gate_conv,0.012464342638850212
54,blocks.10.conv1,0.1341485232114792
54,blocks.10.conv2,0.11255037039518356
54,blocks.10.gate_conv,0.012052967213094234
54,blocks.11.conv1,0.11437015235424042
54,blocks.11.conv2,0.1011190339922905
54,blocks.11.gate_conv,0.014836733229458332
54,blocks.12.conv1,0.11236564815044403
54,blocks.12.conv2,0.10007962584495544
54,blocks.12.gate_conv,0.010627247393131256
54,blocks.13.conv1,0.10112135857343674
54,blocks.13.conv2,0.08758621662855148
54,blocks.13.gate_conv,0.00798097439110279
54,blocks.14.conv1,0.10288222879171371
54,blocks.14.conv2,0.09023284167051315
54,blocks.14.gate_conv,0.00937686674296856
54,blocks.15.conv1,0.09384603053331375
54,blocks.15.conv2,0.0820946991443634
54,blocks.15.gate_conv,0.008700940757989883
54,blocks.16.conv1,0.09551920741796494
54,blocks.16.conv2,0.07975494861602783
54,blocks.16.gate_conv,0.01126517727971077
54,blocks.17.conv1,0.1010800451040268
54,blocks.17.conv2,0.08594346791505814
54,blocks.17.gate_conv,0.009728404693305492
54,blocks.18.conv1,0.09055673331022263
54,blocks.18.conv2,0.07810872793197632
54,blocks.18.gate_conv,0.010708259418606758
54,blocks.19.conv1,0.08847597986459732
54,blocks.19.conv2,0.07260030508041382
54,blocks.19.gate_conv,0.009388399310410023
54,blocks.20.conv1,0.07622107863426208
54,blocks.20.conv2,0.06869956851005554
54,blocks.20.gate_conv,0.007780860643833876
54,blocks.21.conv1,0.09188015013933182
54,blocks.21.conv2,0.07654551416635513
54,blocks.21.gate_conv,0.011668874882161617
54,blocks.22.conv1,0.08474259823560715
54,blocks.22.conv2,0.07413488626480103
54,blocks.22.gate_conv,0.011676992289721966
54,blocks.23.conv1,0.08162514865398407
54,blocks.23.conv2,0.07223360240459442
54,blocks.23.gate_conv,0.013920108787715435
54,blocks.24.conv1,0.10357804596424103
54,blocks.24.conv2,0.08687879890203476
54,blocks.24.gate_conv,0.016751015558838844
54,blocks.25.conv1,0.09061256051063538
54,blocks.25.conv2,0.07562173902988434
54,blocks.25.gate_conv,0.01631145551800728
54,blocks.26.conv1,0.08273772150278091
54,blocks.26.conv2,0.07078266143798828
54,blocks.26.gate_conv,0.006849796511232853
54,blocks.27.conv1,0.09868401288986206
54,blocks.27.conv2,0.08846890926361084
54,blocks.27.gate_conv,0.012542732991278172
54,blocks.28.conv1,0.10041292011737823
54,blocks.28.conv2,0.08208449929952621
54,blocks.28.gate_conv,0.020677540451288223
54,blocks.29.conv1,0.12950961291790009
54,blocks.29.conv2,0.10338453948497772
54,blocks.29.gate_conv,0.024271026253700256
54,blocks.30.conv1,0.14517760276794434
54,blocks.30.conv2,0.12709534168243408
54,blocks.30.gate_conv,0.022928906604647636
54,blocks.31.conv1,0.1357344388961792
54,blocks.31.conv2,0.10879377275705338
54,blocks.31.gate_conv,0.011662119999527931
54,mean_conv2d_grad_norm,0.08829487597608228
55,stem.0,0.19514836370944977
55,blocks.0.conv1,0.22289752960205078
55,blocks.0.conv2,0.2501465380191803
55,blocks.0.gate_conv,0.012422671541571617
55,blocks.1.conv1,0.22779642045497894
55,blocks.1.conv2,0.23561781644821167
55,blocks.1.gate_conv,0.009999432601034641
55,blocks.2.conv1,0.20878730714321136
55,blocks.2.conv2,0.1942131072282791
55,blocks.2.gate_conv,0.01615447923541069
55,blocks.3.conv1,0.19647285342216492
55,blocks.3.conv2,0.18543578684329987
55,blocks.3.gate_conv,0.018052320927381516
55,blocks.4.conv1,0.18086889386177063
55,blocks.4.conv2,0.16701316833496094
55,blocks.4.gate_conv,0.01592198573052883
55,blocks.5.conv1,0.1671246439218521
55,blocks.5.conv2,0.15980949997901917
55,blocks.5.gate_conv,0.022861778736114502
55,blocks.6.conv1,0.16029144823551178
55,blocks.6.conv2,0.14352045953273773
55,blocks.6.gate_conv,0.025168992578983307
55,blocks.7.conv1,0.13642773032188416
55,blocks.7.conv2,0.11873247474431992
55,blocks.7.gate_conv,0.02106059156358242
55,blocks.8.conv1,0.14749620854854584
55,blocks.8.conv2,0.12904004752635956
55,blocks.8.gate_conv,0.012690895237028599
55,blocks.9.conv1,0.14023208618164062
55,blocks.9.conv2,0.11094137281179428
55,blocks.9.gate_conv,0.019554132595658302
55,blocks.10.conv1,0.11796418577432632
55,blocks.10.conv2,0.10134851187467575
55,blocks.10.gate_conv,0.012661316432058811
55,blocks.11.conv1,0.11234214156866074
55,blocks.11.conv2,0.09598339349031448
55,blocks.11.gate_conv,0.017010042443871498
55,blocks.12.conv1,0.10438796877861023
55,blocks.12.conv2,0.08673153072595596
55,blocks.12.gate_conv,0.012362867593765259
55,blocks.13.conv1,0.09975696355104446
55,blocks.13.conv2,0.09005597978830338
55,blocks.13.gate_conv,0.010608564130961895
55,blocks.14.conv1,0.09940800815820694
55,blocks.14.conv2,0.08738702535629272
55,blocks.14.gate_conv,0.009068951942026615
55,blocks.15.conv1,0.08851496875286102
55,blocks.15.conv2,0.0782538577914238
55,blocks.15.gate_conv,0.008543631061911583
55,blocks.16.conv1,0.08480789512395859
55,blocks.16.conv2,0.07374544441699982
55,blocks.16.gate_conv,0.010082358494400978
55,blocks.17.conv1,0.08923915773630142
55,blocks.17.conv2,0.07762778550386429
55,blocks.17.gate_conv,0.011234105564653873
55,blocks.18.conv1,0.09066212922334671
55,blocks.18.conv2,0.0752142146229744
55,blocks.18.gate_conv,0.008403782732784748
55,blocks.19.conv1,0.08270978927612305
55,blocks.19.conv2,0.07273268699645996
55,blocks.19.gate_conv,0.011680119670927525
55,blocks.20.conv1,0.07832547277212143
55,blocks.20.conv2,0.0720917358994484
55,blocks.20.gate_conv,0.011875943280756474
55,blocks.21.conv1,0.09097594022750854
55,blocks.21.conv2,0.08088679611682892
55,blocks.21.gate_conv,0.021779995411634445
55,blocks.22.conv1,0.07484730333089828
55,blocks.22.conv2,0.06991352140903473
55,blocks.22.gate_conv,0.013468924909830093
55,blocks.23.conv1,0.08768819272518158
55,blocks.23.conv2,0.07662838697433472
55,blocks.23.gate_conv,0.023340296000242233
55,blocks.24.conv1,0.10996545851230621
55,blocks.24.conv2,0.08788568526506424
55,blocks.24.gate_conv,0.026711508631706238
55,blocks.25.conv1,0.09953513741493225
55,blocks.25.conv2,0.0829816609621048
55,blocks.25.gate_conv,0.019037233665585518
55,blocks.26.conv1,0.09012451022863388
55,blocks.26.conv2,0.07528834044933319
55,blocks.26.gate_conv,0.009256417863070965
55,blocks.27.conv1,0.09885701537132263
55,blocks.27.conv2,0.08682683110237122
55,blocks.27.gate_conv,0.016408806666731834
55,blocks.28.conv1,0.10406529903411865
55,blocks.28.conv2,0.09415826946496964
55,blocks.28.gate_conv,0.026016036048531532
55,blocks.29.conv1,0.15805751085281372
55,blocks.29.conv2,0.1255943775177002
55,blocks.29.gate_conv,0.02605934999883175
55,blocks.30.conv1,0.16952204704284668
55,blocks.30.conv2,0.1333417296409607
55,blocks.30.gate_conv,0.029851580038666725
55,blocks.31.conv1,0.13818848133087158
55,blocks.31.conv2,0.12227444350719452
55,blocks.31.gate_conv,0.015603267587721348
55,mean_conv2d_grad_norm,0.08680272086033809
56,stem.0,0.25823092460632324
56,blocks.0.conv1,0.19083164632320404
56,blocks.0.conv2,0.22424480319023132
56,blocks.0.gate_conv,0.007571566849946976
56,blocks.1.conv1,0.23874759674072266
56,blocks.1.conv2,0.23774440586566925
56,blocks.1.gate_conv,0.009493019431829453
56,blocks.2.conv1,0.2104688137769699
56,blocks.2.conv2,0.20161442458629608
56,blocks.2.gate_conv,0.0147305428981781
56,blocks.3.conv1,0.20464342832565308
56,blocks.3.conv2,0.18485236167907715
56,blocks.3.gate_conv,0.013156800530850887
56,blocks.4.conv1,0.1748906522989273
56,blocks.4.conv2,0.16681858897209167
56,blocks.4.gate_conv,0.01695418916642666
56,blocks.5.conv1,0.17270000278949738
56,blocks.5.conv2,0.17468996345996857
56,blocks.5.gate_conv,0.023438921198248863
56,blocks.6.conv1,0.1579444259405136
56,blocks.6.conv2,0.13672348856925964
56,blocks.6.gate_conv,0.018587077036499977
56,blocks.7.conv1,0.14366449415683746
56,blocks.7.conv2,0.13298453390598297
56,blocks.7.gate_conv,0.02095046453177929
56,blocks.8.conv1,0.14695292711257935
56,blocks.8.conv2,0.1330743283033371
56,blocks.8.gate_conv,0.012818877585232258
56,blocks.9.conv1,0.13485711812973022
56,blocks.9.conv2,0.1226586401462555
56,blocks.9.gate_conv,0.014907881617546082
56,blocks.10.conv1,0.1305404007434845
56,blocks.10.conv2,0.11218734085559845
56,blocks.10.gate_conv,0.011373685672879219
56,blocks.11.conv1,0.11324983835220337
56,blocks.11.conv2,0.10487920790910721
56,blocks.11.gate_conv,0.012501043267548084
56,blocks.12.conv1,0.10366753488779068
56,blocks.12.conv2,0.1013922467827797
56,blocks.12.gate_conv,0.010458401404321194
56,blocks.13.conv1,0.09206568449735641
56,blocks.13.conv2,0.08251386880874634
56,blocks.13.gate_conv,0.009709752164781094
56,blocks.14.conv1,0.09726723283529282
56,blocks.14.conv2,0.09091833978891373
56,blocks.14.gate_conv,0.010077915154397488
56,blocks.15.conv1,0.09735672920942307
56,blocks.15.conv2,0.0853133350610733
56,blocks.15.gate_conv,0.02095111832022667
56,blocks.16.conv1,0.09671453386545181
56,blocks.16.conv2,0.08755502104759216
56,blocks.16.gate_conv,0.010250020772218704
56,blocks.17.conv1,0.08566528558731079
56,blocks.17.conv2,0.07531651854515076
56,blocks.17.gate_conv,0.0067284624092280865
56,blocks.18.conv1,0.09209392219781876
56,blocks.18.conv2,0.08228041976690292
56,blocks.18.gate_conv,0.012731565162539482
56,blocks.19.conv1,0.08536582440137863
56,blocks.19.conv2,0.07596347481012344
56,blocks.19.gate_conv,0.012818203307688236
56,blocks.20.conv1,0.07569201290607452
56,blocks.20.conv2,0.07131189852952957
56,blocks.20.gate_conv,0.008673434145748615
56,blocks.21.conv1,0.09525863081216812
56,blocks.21.conv2,0.07944788038730621
56,blocks.21.gate_conv,0.01088795717805624
56,blocks.22.conv1,0.09903667867183685
56,blocks.22.conv2,0.0817805603146553
56,blocks.22.gate_conv,0.011610127054154873
56,blocks.23.conv1,0.08544165641069412
56,blocks.23.conv2,0.071688212454319
56,blocks.23.gate_conv,0.014323202893137932
56,blocks.24.conv1,0.10430163890123367
56,blocks.24.conv2,0.08591026812791824
56,blocks.24.gate_conv,0.022329911589622498
56,blocks.25.conv1,0.0863480269908905
56,blocks.25.conv2,0.07351280003786087
56,blocks.25.gate_conv,0.014096367172896862
56,blocks.26.conv1,0.09192988276481628
56,blocks.26.conv2,0.07933898270130157
56,blocks.26.gate_conv,0.007356767542660236
56,blocks.27.conv1,0.09581243246793747
56,blocks.27.conv2,0.08556877821683884
56,blocks.27.gate_conv,0.011865802109241486
56,blocks.28.conv1,0.10711431503295898
56,blocks.28.conv2,0.09297002106904984
56,blocks.28.gate_conv,0.025011872872710228
56,blocks.29.conv1,0.13031619787216187
56,blocks.29.conv2,0.1052599549293518
56,blocks.29.gate_conv,0.03049791231751442
56,blocks.30.conv1,0.15943419933319092
56,blocks.30.conv2,0.13090363144874573
56,blocks.30.gate_conv,0.020747942849993706
56,blocks.31.conv1,0.1295744776725769
56,blocks.31.conv2,0.10606478154659271
56,blocks.31.gate_conv,0.011945771053433418
56,mean_conv2d_grad_norm,0.08685792603808426
57,stem.0,0.17006082832813263
57,blocks.0.conv1,0.23888614773750305
57,blocks.0.conv2,0.2627387046813965
57,blocks.0.gate_conv,0.009745897725224495
57,blocks.1.conv1,0.2545693516731262
57,blocks.1.conv2,0.2637706696987152
57,blocks.1.gate_conv,0.01043414231389761
57,blocks.2.conv1,0.23785404860973358
57,blocks.2.conv2,0.226235032081604
57,blocks.2.gate_conv,0.015536128543317318
57,blocks.3.conv1,0.23394213616847992
57,blocks.3.conv2,0.21107155084609985
57,blocks.3.gate_conv,0.01761239394545555
57,blocks.4.conv1,0.2090548872947693
57,blocks.4.conv2,0.186303049325943
57,blocks.4.gate_conv,0.01853819005191326
57,blocks.5.conv1,0.19130632281303406
57,blocks.5.conv2,0.17632772028446198
57,blocks.5.gate_conv,0.022281380370259285
57,blocks.6.conv1,0.1689826101064682
57,blocks.6.conv2,0.14627766609191895
57,blocks.6.gate_conv,0.0232755858451128
57,blocks.7.conv1,0.16043628752231598
57,blocks.7.conv2,0.14291539788246155
57,blocks.7.gate_conv,0.027003876864910126
57,blocks.8.conv1,0.16789238154888153
57,blocks.8.conv2,0.14310389757156372
57,blocks.8.gate_conv,0.011169377714395523
57,blocks.9.conv1,0.14634265005588531
57,blocks.9.conv2,0.12589415907859802
57,blocks.9.gate_conv,0.016479747369885445
57,blocks.10.conv1,0.15349750220775604
57,blocks.10.conv2,0.12271928042173386
57,blocks.10.gate_conv,0.016265593469142914
57,blocks.11.conv1,0.1231476217508316
57,blocks.11.conv2,0.10500498861074448
57,blocks.11.gate_conv,0.013201662339270115
57,blocks.12.conv1,0.10812076926231384
57,blocks.12.conv2,0.10029184073209763
57,blocks.12.gate_conv,0.01265610009431839
57,blocks.13.conv1,0.10817152261734009
57,blocks.13.conv2,0.0968421921133995
57,blocks.13.gate_conv,0.014727991074323654
57,blocks.14.conv1,0.10840024799108505
57,blocks.14.conv2,0.09574368596076965
57,blocks.14.gate_conv,0.009488491341471672
57,blocks.15.conv1,0.10914881527423859
57,blocks.15.conv2,0.08910273760557175
57,blocks.15.gate_conv,0.00915469415485859
57,blocks.16.conv1,0.10339859873056412
57,blocks.16.conv2,0.09028159826993942
57,blocks.16.gate_conv,0.011472840793430805
57,blocks.17.conv1,0.09606638550758362
57,blocks.17.conv2,0.08621461689472198
57,blocks.17.gate_conv,0.009904288686811924
57,blocks.18.conv1,0.10234268009662628
57,blocks.18.conv2,0.07997290790081024
57,blocks.18.gate_conv,0.01169422548264265
57,blocks.19.conv1,0.09337625652551651
57,blocks.19.conv2,0.07889194786548615
57,blocks.19.gate_conv,0.009834297932684422
57,blocks.20.conv1,0.08877977728843689
57,blocks.20.conv2,0.07701050490140915
57,blocks.20.gate_conv,0.018868103623390198
57,blocks.21.conv1,0.09700508415699005
57,blocks.21.conv2,0.08381787687540054
57,blocks.21.gate_conv,0.015892881900072098
57,blocks.22.conv1,0.09223489463329315
57,blocks.22.conv2,0.0744369775056839
57,blocks.22.gate_conv,0.012414934113621712
57,blocks.23.conv1,0.09033568203449249
57,blocks.23.conv2,0.08098124712705612
57,blocks.23.gate_conv,0.014224356040358543
57,blocks.24.conv1,0.11142802983522415
57,blocks.24.conv2,0.0938102975487709
57,blocks.24.gate_conv,0.019694576039910316
57,blocks.25.conv1,0.10168781876564026
57,blocks.25.conv2,0.08003129810094833
57,blocks.25.gate_conv,0.025812089443206787
57,blocks.26.conv1,0.09006495773792267
57,blocks.26.conv2,0.07193530350923538
57,blocks.26.gate_conv,0.016181498765945435
57,blocks.27.conv1,0.08641139417886734
57,blocks.27.conv2,0.072732113301754
57,blocks.27.gate_conv,0.01402390655130148
57,blocks.28.conv1,0.11731230467557907
57,blocks.28.conv2,0.08777608722448349
57,blocks.28.gate_conv,0.021570824086666107
57,blocks.29.conv1,0.1493440419435501
57,blocks.29.conv2,0.11356183141469955
57,blocks.29.gate_conv,0.035467613488435745
57,blocks.30.conv1,0.15297389030456543
57,blocks.30.conv2,0.1306079477071762
57,blocks.30.gate_conv,0.0270866509526968
57,blocks.31.conv1,0.12173254787921906
57,blocks.31.conv2,0.1138208657503128
57,blocks.31.gate_conv,0.013972021639347076
57,mean_conv2d_grad_norm,0.09299196734947641
58,stem.0,0.1906164139509201
58,blocks.0.conv1,0.2203376740217209
58,blocks.0.conv2,0.26332855224609375
58,blocks.0.gate_conv,0.0127287358045578
58,blocks.1.conv1,0.24625568091869354
58,blocks.1.conv2,0.2616870403289795
58,blocks.1.gate_conv,0.011020680889487267
58,blocks.2.conv1,0.22137929499149323
58,blocks.2.conv2,0.21603813767433167
58,blocks.2.gate_conv,0.018438134342432022
58,blocks.3.conv1,0.22673027217388153
58,blocks.3.conv2,0.20392915606498718
58,blocks.3.gate_conv,0.015367623418569565
58,blocks.4.conv1,0.19552236795425415
58,blocks.4.conv2,0.1870265156030655
58,blocks.4.gate_conv,0.017438936978578568
58,blocks.5.conv1,0.1892833709716797
58,blocks.5.conv2,0.17412158846855164
58,blocks.5.gate_conv,0.026047857478260994
58,blocks.6.conv1,0.1595437228679657
58,blocks.6.conv2,0.15026594698429108
58,blocks.6.gate_conv,0.024269163608551025
58,blocks.7.conv1,0.15350140631198883
58,blocks.7.conv2,0.1349034309387207
58,blocks.7.gate_conv,0.02159387618303299
58,blocks.8.conv1,0.16809053719043732
58,blocks.8.conv2,0.148781418800354
58,blocks.8.gate_conv,0.014145376160740852
58,blocks.9.conv1,0.14357320964336395
58,blocks.9.conv2,0.12596264481544495
58,blocks.9.gate_conv,0.01767287775874138
58,blocks.10.conv1,0.13676980137825012
58,blocks.10.conv2,0.11431239545345306
58,blocks.10.gate_conv,0.014091228134930134
58,blocks.11.conv1,0.12313957512378693
58,blocks.11.conv2,0.10818132758140564
58,blocks.11.gate_conv,0.02021397463977337
58,blocks.12.conv1,0.10675794631242752
58,blocks.12.conv2,0.09853796660900116
58,blocks.12.gate_conv,0.013263198547065258
58,blocks.13.conv1,0.10312116146087646
58,blocks.13.conv2,0.09602674841880798
58,blocks.13.gate_conv,0.015674572438001633
58,blocks.14.conv1,0.10451512038707733
58,blocks.14.conv2,0.09112124890089035
58,blocks.14.gate_conv,0.009991787374019623
58,blocks.15.conv1,0.09574950486421585
58,blocks.15.conv2,0.08417018502950668
58,blocks.15.gate_conv,0.012285527773201466
58,blocks.16.conv1,0.0967329666018486
58,blocks.16.conv2,0.08494147658348083
58,blocks.16.gate_conv,0.023719748482108116
58,blocks.17.conv1,0.10009147971868515
58,blocks.17.conv2,0.08551118522882462
58,blocks.17.gate_conv,0.01433881837874651
58,blocks.18.conv1,0.10725948214530945
58,blocks.18.conv2,0.0862964615225792
58,blocks.18.gate_conv,0.01101631112396717
58,blocks.19.conv1,0.09677665680646896
58,blocks.19.conv2,0.07913282513618469
58,blocks.19.gate_conv,0.012920469045639038
58,blocks.20.conv1,0.09102549403905869
58,blocks.20.conv2,0.07511517405509949
58,blocks.20.gate_conv,0.011217587627470493
58,blocks.21.conv1,0.10565075278282166
58,blocks.21.conv2,0.08281261473894119
58,blocks.21.gate_conv,0.016081124544143677
58,blocks.22.conv1,0.08719110488891602
58,blocks.22.conv2,0.07191985100507736
58,blocks.22.gate_conv,0.0138948829844594
58,blocks.23.conv1,0.0904325395822525
58,blocks.23.conv2,0.07604937255382538
58,blocks.23.gate_conv,0.010783164761960506
58,blocks.24.conv1,0.09569486975669861
58,blocks.24.conv2,0.0774441584944725
58,blocks.24.gate_conv,0.01746736466884613
58,blocks.25.conv1,0.09414581209421158
58,blocks.25.conv2,0.07718557119369507
58,blocks.25.gate_conv,0.021012375131249428
58,blocks.26.conv1,0.0892333984375
58,blocks.26.conv2,0.07168785482645035
58,blocks.26.gate_conv,0.006969202775508165
58,blocks.27.conv1,0.09359574317932129
58,blocks.27.conv2,0.08210296183824539
58,blocks.27.gate_conv,0.009976022876799107
58,blocks.28.conv1,0.10718938708305359
58,blocks.28.conv2,0.09391171485185623
58,blocks.28.gate_conv,0.023136066272854805
58,blocks.29.conv1,0.1384895145893097
58,blocks.29.conv2,0.11077836155891418
58,blocks.29.gate_conv,0.02697255089879036
58,blocks.30.conv1,0.14863179624080658
58,blocks.30.conv2,0.11914900690317154
58,blocks.30.gate_conv,0.026485757902264595
58,blocks.31.conv1,0.11871937662363052
58,blocks.31.conv2,0.10499270260334015
58,blocks.31.gate_conv,0.01879485510289669
58,mean_conv2d_grad_norm,0.09084745243518162
59,stem.0,0.14094030857086182
59,blocks.0.conv1,0.13962556421756744
59,blocks.0.conv2,0.16495825350284576
59,blocks.0.gate_conv,0.007115750573575497
59,blocks.1.conv1,0.16905829310417175
59,blocks.1.conv2,0.18303468823432922
59,blocks.1.gate_conv,0.00762399286031723
59,blocks.2.conv1,0.1566116064786911
59,blocks.2.conv2,0.15310043096542358
59,blocks.2.gate_conv,0.015669381245970726
59,blocks.3.conv1,0.15937840938568115
59,blocks.3.conv2,0.1456259936094284
59,blocks.3.gate_conv,0.010798628441989422
59,blocks.4.conv1,0.13524127006530762
59,blocks.4.conv2,0.13272406160831451
59,blocks.4.gate_conv,0.013981133699417114
59,blocks.5.conv1,0.13858146965503693
59,blocks.5.conv2,0.12313516438007355
59,blocks.5.gate_conv,0.018168963491916656
59,blocks.6.conv1,0.11815030127763748
59,blocks.6.conv2,0.10726084560155869
59,blocks.6.gate_conv,0.017446884885430336
59,blocks.7.conv1,0.10861619561910629
59,blocks.7.conv2,0.10059192776679993
59,blocks.7.gate_conv,0.016235655173659325
59,blocks.8.conv1,0.11907242238521576
59,blocks.8.conv2,0.10708043724298477
59,blocks.8.gate_conv,0.009446470998227596
59,blocks.9.conv1,0.1043071299791336
59,blocks.9.conv2,0.094394750893116
59,blocks.9.gate_conv,0.013691985979676247
59,blocks.10.conv1,0.10252977162599564
59,blocks.10.conv2,0.08897671103477478
59,blocks.10.gate_conv,0.010877428576350212
59,blocks.11.conv1,0.08592084795236588
59,blocks.11.conv2,0.07837620377540588
59,blocks.11.gate_conv,0.008818147704005241
59,blocks.12.conv1,0.08508524298667908
59,blocks.12.conv2,0.07426486909389496
59,blocks.12.gate_conv,0.012549038045108318
59,blocks.13.conv1,0.07358310371637344
59,blocks.13.conv2,0.06595420092344284
59,blocks.13.gate_conv,0.007241258397698402
59,blocks.14.conv1,0.069364532828331
59,blocks.14.conv2,0.05905211344361305
59,blocks.14.gate_conv,0.007303102873265743
59,blocks.15.conv1,0.07245463132858276
59,blocks.15.conv2,0.0604894794523716
59,blocks.15.gate_conv,0.0072832307778298855
59,blocks.16.conv1,0.07639900594949722
59,blocks.16.conv2,0.06325580924749374
59,blocks.16.gate_conv,0.006469501182436943
59,blocks.17.conv1,0.06656362116336823
59,blocks.17.conv2,0.05689521133899689
59,blocks.17.gate_conv,0.005536251701414585
59,blocks.18.conv1,0.0735667273402214
59,blocks.18.conv2,0.06610339134931564
59,blocks.18.gate_conv,0.008526277728378773
59,blocks.19.conv1,0.07713335752487183
59,blocks.19.conv2,0.06347823888063431
59,blocks.19.gate_conv,0.010844600386917591
59,blocks.20.conv1,0.062234535813331604
59,blocks.20.conv2,0.05739924684166908
59,blocks.20.gate_conv,0.006933927070349455
59,blocks.21.conv1,0.07755318284034729
59,blocks.21.conv2,0.06499563157558441
59,blocks.21.gate_conv,0.009840880520641804
59,blocks.22.conv1,0.07717496156692505
59,blocks.22.conv2,0.05975731089711189
59,blocks.22.gate_conv,0.00687890499830246
59,blocks.23.conv1,0.06763526052236557
59,blocks.23.conv2,0.05803501978516579
59,blocks.23.gate_conv,0.011129763908684254
59,blocks.24.conv1,0.07455043494701385
59,blocks.24.conv2,0.06846273690462112
59,blocks.24.gate_conv,0.012673993594944477
59,blocks.25.conv1,0.0734759196639061
59,blocks.25.conv2,0.06158611550927162
59,blocks.25.gate_conv,0.01357804611325264
59,blocks.26.conv1,0.07182377576828003
59,blocks.26.conv2,0.061056945472955704
59,blocks.26.gate_conv,0.009115559048950672
59,blocks.27.conv1,0.07873012125492096
59,blocks.27.conv2,0.0600903294980526
59,blocks.27.gate_conv,0.00797538086771965
59,blocks.28.conv1,0.08134116232395172
59,blocks.28.conv2,0.07403488457202911
59,blocks.28.gate_conv,0.02176840789616108
59,blocks.29.conv1,0.10166262835264206
59,blocks.29.conv2,0.07693705707788467
59,blocks.29.gate_conv,0.019144905731081963
59,blocks.30.conv1,0.11586640775203705
59,blocks.30.conv2,0.08913778513669968
59,blocks.30.gate_conv,0.015209014527499676
59,blocks.31.conv1,0.08928518742322922
59,blocks.31.conv2,0.07590339332818985
59,blocks.31.gate_conv,0.011551679112017155
59,mean_conv2d_grad_norm,0.06599066781897828
60,stem.0,0.14450514316558838
60,blocks.0.conv1,0.19020749628543854
60,blocks.0.conv2,0.2010885626077652
60,blocks.0.gate_conv,0.0075700050219893456
60,blocks.1.conv1,0.2049614042043686
60,blocks.1.conv2,0.19548621773719788
60,blocks.1.gate_conv,0.008245258592069149
60,blocks.2.conv1,0.17668113112449646
60,blocks.2.conv2,0.15960940718650818
60,blocks.2.gate_conv,0.010371089912950993
60,blocks.3.conv1,0.175456702709198
60,blocks.3.conv2,0.15447665750980377
60,blocks.3.gate_conv,0.013011611998081207
60,blocks.4.conv1,0.147794708609581
60,blocks.4.conv2,0.13640077412128448
60,blocks.4.gate_conv,0.011150608770549297
60,blocks.5.conv1,0.13920868933200836
60,blocks.5.conv2,0.12316874414682388
60,blocks.5.gate_conv,0.013933990150690079
60,blocks.6.conv1,0.12501969933509827
60,blocks.6.conv2,0.11724857240915298
60,blocks.6.gate_conv,0.013724635355174541
60,blocks.7.conv1,0.11243775486946106
60,blocks.7.conv2,0.10099948942661285
60,blocks.7.gate_conv,0.018430251628160477
60,blocks.8.conv1,0.11970893293619156
60,blocks.8.conv2,0.10249602794647217
60,blocks.8.gate_conv,0.007670052815228701
60,blocks.9.conv1,0.10871892422437668
60,blocks.9.conv2,0.09527654200792313
60,blocks.9.gate_conv,0.010928521864116192
60,blocks.10.conv1,0.08762051910161972
60,blocks.10.conv2,0.08117470145225525
60,blocks.10.gate_conv,0.00932297296822071
60,blocks.11.conv1,0.08734441548585892
60,blocks.11.conv2,0.07911494374275208
60,blocks.11.gate_conv,0.009408070705831051
60,blocks.12.conv1,0.08583831787109375
60,blocks.12.conv2,0.0726706013083458
60,blocks.12.gate_conv,0.008017243817448616
60,blocks.13.conv1,0.07170420140028
60,blocks.13.conv2,0.06226439028978348
60,blocks.13.gate_conv,0.008715781383216381
60,blocks.14.conv1,0.07495249807834625
60,blocks.14.conv2,0.06625375896692276
60,blocks.14.gate_conv,0.0061303856782615185
60,blocks.15.conv1,0.07262735068798065
60,blocks.15.conv2,0.06328519433736801
60,blocks.15.gate_conv,0.007868239656090736
60,blocks.16.conv1,0.07555623352527618
60,blocks.16.conv2,0.06264761090278625
60,blocks.16.gate_conv,0.009673372842371464
60,blocks.17.conv1,0.07162320613861084
60,blocks.17.conv2,0.06199914216995239
60,blocks.17.gate_conv,0.0052709272131323814
60,blocks.18.conv1,0.0710936188697815
60,blocks.18.conv2,0.0639689490199089
60,blocks.18.gate_conv,0.006758715026080608
60,blocks.19.conv1,0.06475447118282318
60,blocks.19.conv2,0.060027431696653366
60,blocks.19.gate_conv,0.007784133777022362
60,blocks.20.conv1,0.058281730860471725
60,blocks.20.conv2,0.054052770137786865
60,blocks.20.gate_conv,0.006723335012793541
60,blocks.21.conv1,0.07236560434103012
60,blocks.21.conv2,0.06412012130022049
60,blocks.21.gate_conv,0.009431715123355389
60,blocks.22.conv1,0.06416890025138855
60,blocks.22.conv2,0.05983312800526619
60,blocks.22.gate_conv,0.009001050144433975
60,blocks.23.conv1,0.0687096044421196
60,blocks.23.conv2,0.05654624477028847
60,blocks.23.gate_conv,0.007647555321455002
60,blocks.24.conv1,0.06695272028446198
60,blocks.24.conv2,0.05581359937787056
60,blocks.24.gate_conv,0.008878904394805431
60,blocks.25.conv1,0.06695213913917542
60,blocks.25.conv2,0.05873943120241165
60,blocks.25.gate_conv,0.011372644454240799
60,blocks.26.conv1,0.06938288360834122
60,blocks.26.conv2,0.06037236377596855
60,blocks.26.gate_conv,0.007233359385281801
60,blocks.27.conv1,0.07626328617334366
60,blocks.27.conv2,0.06611867249011993
60,blocks.27.gate_conv,0.008567559532821178
60,blocks.28.conv1,0.08549133688211441
60,blocks.28.conv2,0.07543258368968964
60,blocks.28.gate_conv,0.01351858489215374
60,blocks.29.conv1,0.09635871648788452
60,blocks.29.conv2,0.077288918197155
60,blocks.29.gate_conv,0.020087188109755516
60,blocks.30.conv1,0.12220138311386108
60,blocks.30.conv2,0.08658859133720398
60,blocks.30.gate_conv,0.016778703778982162
60,blocks.31.conv1,0.09996100515127182
60,blocks.31.conv2,0.0860971063375473
60,blocks.31.gate_conv,0.0069208028726279736
60,mean_conv2d_grad_norm,0.06737848713072304
61,stem.0,0.11747235804796219
61,blocks.0.conv1,0.09717538952827454
61,blocks.0.conv2,0.11432249844074249
61,blocks.0.gate_conv,0.0063123865984380245
61,blocks.1.conv1,0.1151575893163681
61,blocks.1.conv2,0.11972037702798843
61,blocks.1.gate_conv,0.004965520929545164
61,blocks.2.conv1,0.10967444628477097
61,blocks.2.conv2,0.1053265631198883
61,blocks.2.gate_conv,0.007779695093631744
61,blocks.3.conv1,0.10696463286876678
61,blocks.3.conv2,0.1006721705198288
61,blocks.3.gate_conv,0.007597384043037891
61,blocks.4.conv1,0.09583592414855957
61,blocks.4.conv2,0.09315624833106995
61,blocks.4.gate_conv,0.007948344573378563
61,blocks.5.conv1,0.1037559062242508
61,blocks.5.conv2,0.08893279731273651
61,blocks.5.gate_conv,0.010003478266298771
61,blocks.6.conv1,0.0843089371919632
61,blocks.6.conv2,0.07475656270980835
61,blocks.6.gate_conv,0.010773045010864735
61,blocks.7.conv1,0.07828863710165024
61,blocks.7.conv2,0.06885915249586105
61,blocks.7.gate_conv,0.011015309952199459
61,blocks.8.conv1,0.08002962917089462
61,blocks.8.conv2,0.07086674869060516
61,blocks.8.gate_conv,0.007110340520739555
61,blocks.9.conv1,0.07226847857236862
61,blocks.9.conv2,0.06052187830209732
61,blocks.9.gate_conv,0.00970377866178751
61,blocks.10.conv1,0.0699029415845871
61,blocks.10.conv2,0.06160476803779602
61,blocks.10.gate_conv,0.01152203232049942
61,blocks.11.conv1,0.0637449324131012
61,blocks.11.conv2,0.05633702129125595
61,blocks.11.gate_conv,0.007779187522828579
61,blocks.12.conv1,0.05885344371199608
61,blocks.12.conv2,0.04988441616296768
61,blocks.12.gate_conv,0.00666167913004756
61,blocks.13.conv1,0.05442211776971817
61,blocks.13.conv2,0.04951625317335129
61,blocks.13.gate_conv,0.006591769866645336
61,blocks.14.conv1,0.056564874947071075
61,blocks.14.conv2,0.04651186242699623
61,blocks.14.gate_conv,0.004465758800506592
61,blocks.15.conv1,0.050783272832632065
61,blocks.15.conv2,0.04420769214630127
61,blocks.15.gate_conv,0.0038261848967522383
61,blocks.16.conv1,0.04895380511879921
61,blocks.16.conv2,0.04520348832011223
61,blocks.16.gate_conv,0.009185724891722202
61,blocks.17.conv1,0.04739295318722725
61,blocks.17.conv2,0.04030563682317734
61,blocks.17.gate_conv,0.0048513556830585
61,blocks.18.conv1,0.048378657549619675
61,blocks.18.conv2,0.043959926813840866
61,blocks.18.gate_conv,0.006355637218803167
61,blocks.19.conv1,0.047308024019002914
61,blocks.19.conv2,0.04169373959302902
61,blocks.19.gate_conv,0.005478636361658573
61,blocks.20.conv1,0.04325517266988754
61,blocks.20.conv2,0.037298738956451416
61,blocks.20.gate_conv,0.004923011176288128
61,blocks.21.conv1,0.045489441603422165
61,blocks.21.conv2,0.03949335590004921
61,blocks.21.gate_conv,0.005487136077135801
61,blocks.22.conv1,0.041359879076480865
61,blocks.22.conv2,0.040364138782024384
61,blocks.22.gate_conv,0.007426394149661064
61,blocks.23.conv1,0.04429001361131668
61,blocks.23.conv2,0.03807802498340607
61,blocks.23.gate_conv,0.005268953274935484
61,blocks.24.conv1,0.05004091560840607
61,blocks.24.conv2,0.04029449075460434
61,blocks.24.gate_conv,0.006639811210334301
61,blocks.25.conv1,0.0463872104883194
61,blocks.25.conv2,0.03767966479063034
61,blocks.25.gate_conv,0.00642305426299572
61,blocks.26.conv1,0.048285383731126785
61,blocks.26.conv2,0.040330514311790466
61,blocks.26.gate_conv,0.004923076834529638
61,blocks.27.conv1,0.05427272990345955
61,blocks.27.conv2,0.046105653047561646
61,blocks.27.gate_conv,0.007755322381854057
61,blocks.28.conv1,0.05449409410357475
61,blocks.28.conv2,0.05354132130742073
61,blocks.28.gate_conv,0.013547380454838276
61,blocks.29.conv1,0.06447163969278336
61,blocks.29.conv2,0.05325593799352646
61,blocks.29.gate_conv,0.012513455003499985
61,blocks.30.conv1,0.08096776902675629
61,blocks.30.conv2,0.05832627788186073
61,blocks.30.gate_conv,0.019012214615941048
61,blocks.31.conv1,0.06332658976316452
61,blocks.31.conv2,0.05529747158288956
61,blocks.31.gate_conv,0.007958315312862396
61,mean_conv2d_grad_norm,0.045485655237085275
62,stem.0,0.11503859609365463
62,blocks.0.conv1,0.13205879926681519
62,blocks.0.conv2,0.15248405933380127
62,blocks.0.gate_conv,0.008321295492351055
62,blocks.1.conv1,0.15658289194107056
62,blocks.1.conv2,0.17252330482006073
62,blocks.1.gate_conv,0.007169959135353565
62,blocks.2.conv1,0.15212304890155792
62,blocks.2.conv2,0.14158713817596436
62,blocks.2.gate_conv,0.011781252920627594
62,blocks.3.conv1,0.15101157128810883
62,blocks.3.conv2,0.1365087628364563
62,blocks.3.gate_conv,0.012343037873506546
62,blocks.4.conv1,0.13069887459278107
62,blocks.4.conv2,0.11967739462852478
62,blocks.4.gate_conv,0.009571528062224388
62,blocks.5.conv1,0.13570564985275269
62,blocks.5.conv2,0.11252524703741074
62,blocks.5.gate_conv,0.013707668520510197
62,blocks.6.conv1,0.11097782850265503
62,blocks.6.conv2,0.10159935802221298
62,blocks.6.gate_conv,0.015309467911720276
62,blocks.7.conv1,0.10203202813863754
62,blocks.7.conv2,0.091555155813694
62,blocks.7.gate_conv,0.011914319358766079
62,blocks.8.conv1,0.11572402715682983
62,blocks.8.conv2,0.09753041714429855
62,blocks.8.gate_conv,0.009107270278036594
62,blocks.9.conv1,0.10232099890708923
62,blocks.9.conv2,0.08835889399051666
62,blocks.9.gate_conv,0.011532124131917953
62,blocks.10.conv1,0.08602338284254074
62,blocks.10.conv2,0.07727021723985672
62,blocks.10.gate_conv,0.009233287535607815
62,blocks.11.conv1,0.07886981219053268
62,blocks.11.conv2,0.07185705006122589
62,blocks.11.gate_conv,0.008849799633026123
62,blocks.12.conv1,0.06970243901014328
62,blocks.12.conv2,0.06530464440584183
62,blocks.12.gate_conv,0.008752817288041115
62,blocks.13.conv1,0.06507936120033264
62,blocks.13.conv2,0.059711944311857224
62,blocks.13.gate_conv,0.0064326077699661255
62,blocks.14.conv1,0.06699623912572861
62,blocks.14.conv2,0.06561692804098129
62,blocks.14.gate_conv,0.006611968856304884
62,blocks.15.conv1,0.06505557149648666
62,blocks.15.conv2,0.055325958877801895
62,blocks.15.gate_conv,0.008044011890888214
62,blocks.16.conv1,0.062199875712394714
62,blocks.16.conv2,0.050298262387514114
62,blocks.16.gate_conv,0.005873530637472868
62,blocks.17.conv1,0.061148494482040405
62,blocks.17.conv2,0.0561600923538208
62,blocks.17.gate_conv,0.006711585447192192
62,blocks.18.conv1,0.06041993573307991
62,blocks.18.conv2,0.05472841113805771
62,blocks.18.gate_conv,0.005792499985545874
62,blocks.19.conv1,0.05748583748936653
62,blocks.19.conv2,0.04952940717339516
62,blocks.19.gate_conv,0.007596559822559357
62,blocks.20.conv1,0.05533353611826897
62,blocks.20.conv2,0.04744559898972511
62,blocks.20.gate_conv,0.0058386195451021194
62,blocks.21.conv1,0.06549151241779327
62,blocks.21.conv2,0.0558588020503521
62,blocks.21.gate_conv,0.008394393138587475
62,blocks.22.conv1,0.06773485988378525
62,blocks.22.conv2,0.055542103946208954
62,blocks.22.gate_conv,0.006755826994776726
62,blocks.23.conv1,0.06089882180094719
62,blocks.23.conv2,0.05688208341598511
62,blocks.23.gate_conv,0.00649558799341321
62,blocks.24.conv1,0.06901352107524872
62,blocks.24.conv2,0.056140754371881485
62,blocks.24.gate_conv,0.00896525476127863
62,blocks.25.conv1,0.06284508854150772
62,blocks.25.conv2,0.06192949041724205
62,blocks.25.gate_conv,0.009388812817633152
62,blocks.26.conv1,0.060627132654190063
62,blocks.26.conv2,0.05550587549805641
62,blocks.26.gate_conv,0.004886815324425697
62,blocks.27.conv1,0.06437858939170837
62,blocks.27.conv2,0.062235813587903976
62,blocks.27.gate_conv,0.008546979166567326
62,blocks.28.conv1,0.0719485804438591
62,blocks.28.conv2,0.06592749059200287
62,blocks.28.gate_conv,0.012260481715202332
62,blocks.29.conv1,0.09263772517442703
62,blocks.29.conv2,0.06843387335538864
62,blocks.29.gate_conv,0.01739029586315155
62,blocks.30.conv1,0.10072868317365646
62,blocks.30.conv2,0.07652171701192856
62,blocks.30.gate_conv,0.015389937907457352
62,blocks.31.conv1,0.07796645909547806
62,blocks.31.conv2,0.06726492941379547
62,blocks.31.gate_conv,0.007746240124106407
62,mean_conv2d_grad_norm,0.059519760742706734
63,stem.0,0.2380952388048172
63,blocks.0.conv1,0.2650085687637329
63,blocks.0.conv2,0.3063722252845764
63,blocks.0.gate_conv,0.01553335040807724
63,blocks.1.conv1,0.271221786737442
63,blocks.1.conv2,0.2766546607017517
63,blocks.1.gate_conv,0.011173906736075878
63,blocks.2.conv1,0.24338814616203308
63,blocks.2.conv2,0.22987167537212372
63,blocks.2.gate_conv,0.02030578814446926
63,blocks.3.conv1,0.23254360258579254
63,blocks.3.conv2,0.2108914852142334
63,blocks.3.gate_conv,0.015382264740765095
63,blocks.4.conv1,0.21585924923419952
63,blocks.4.conv2,0.1907137781381607
63,blocks.4.gate_conv,0.02012793719768524
63,blocks.5.conv1,0.20521590113639832
63,blocks.5.conv2,0.18944573402404785
63,blocks.5.gate_conv,0.02591751515865326
63,blocks.6.conv1,0.179392009973526
63,blocks.6.conv2,0.16747038066387177
63,blocks.6.gate_conv,0.02650422975420952
63,blocks.7.conv1,0.1695851981639862
63,blocks.7.conv2,0.15711379051208496
63,blocks.7.gate_conv,0.02823091484606266
63,blocks.8.conv1,0.16875922679901123
63,blocks.8.conv2,0.16333019733428955
63,blocks.8.gate_conv,0.015527472831308842
63,blocks.9.conv1,0.14770819246768951
63,blocks.9.conv2,0.13769471645355225
63,blocks.9.gate_conv,0.015299668535590172
63,blocks.10.conv1,0.14425519108772278
63,blocks.10.conv2,0.12428325414657593
63,blocks.10.gate_conv,0.01598888635635376
63,blocks.11.conv1,0.13257615268230438
63,blocks.11.conv2,0.11856818199157715
63,blocks.11.gate_conv,0.01381697878241539
63,blocks.12.conv1,0.11328604817390442
63,blocks.12.conv2,0.10832779854536057
63,blocks.12.gate_conv,0.016604728996753693
63,blocks.13.conv1,0.11246658861637115
63,blocks.13.conv2,0.09956015646457672
63,blocks.13.gate_conv,0.010634660720825195
63,blocks.14.conv1,0.10951200127601624
63,blocks.14.conv2,0.09980741888284683
63,blocks.14.gate_conv,0.009821254760026932
63,blocks.15.conv1,0.1015307605266571
63,blocks.15.conv2,0.09266333281993866
63,blocks.15.gate_conv,0.014904576353728771
63,blocks.16.conv1,0.11158875375986099
63,blocks.16.conv2,0.10400115698575974
63,blocks.16.gate_conv,0.013539007864892483
63,blocks.17.conv1,0.10803823173046112
63,blocks.17.conv2,0.09815816581249237
63,blocks.17.gate_conv,0.016020048409700394
63,blocks.18.conv1,0.1011723056435585
63,blocks.18.conv2,0.08751657605171204
63,blocks.18.gate_conv,0.012839793227612972
63,blocks.19.conv1,0.11103387176990509
63,blocks.19.conv2,0.10075247287750244
63,blocks.19.gate_conv,0.01252925768494606
63,blocks.20.conv1,0.09797393530607224
63,blocks.20.conv2,0.09040317684412003
63,blocks.20.gate_conv,0.012612638995051384
63,blocks.21.conv1,0.11862816661596298
63,blocks.21.conv2,0.10233619809150696
63,blocks.21.gate_conv,0.01743272691965103
63,blocks.22.conv1,0.09709060192108154
63,blocks.22.conv2,0.09306221455335617
63,blocks.22.gate_conv,0.011296270415186882
63,blocks.23.conv1,0.09434740990400314
63,blocks.23.conv2,0.0936816856265068
63,blocks.23.gate_conv,0.011412211693823338
63,blocks.24.conv1,0.10943924635648727
63,blocks.24.conv2,0.10046989470720291
63,blocks.24.gate_conv,0.02081788331270218
63,blocks.25.conv1,0.10406484454870224
63,blocks.25.conv2,0.0910448282957077
63,blocks.25.gate_conv,0.02437344379723072
63,blocks.26.conv1,0.10601101070642471
63,blocks.26.conv2,0.0941612645983696
63,blocks.26.gate_conv,0.012301554903388023
63,blocks.27.conv1,0.10633916407823563
63,blocks.27.conv2,0.09468743205070496
63,blocks.27.gate_conv,0.01282381173223257
63,blocks.28.conv1,0.12427850067615509
63,blocks.28.conv2,0.11024976521730423
63,blocks.28.gate_conv,0.03210505098104477
63,blocks.29.conv1,0.15119041502475739
63,blocks.29.conv2,0.14034903049468994
63,blocks.29.gate_conv,0.042861174792051315
63,blocks.30.conv1,0.18112239241600037
63,blocks.30.conv2,0.14405518770217896
63,blocks.30.gate_conv,0.028293203562498093
63,blocks.31.conv1,0.15058374404907227
63,blocks.31.conv2,0.12612053751945496
63,blocks.31.gate_conv,0.014575173147022724
63,mean_conv2d_grad_norm,0.10143022904575792
64,stem.0,0.13298267126083374
64,blocks.0.conv1,0.14387215673923492
64,blocks.0.conv2,0.16558563709259033
64,blocks.0.gate_conv,0.009281465783715248
64,blocks.1.conv1,0.1652611494064331
64,blocks.1.conv2,0.1761215478181839
64,blocks.1.gate_conv,0.0076192282140254974
64,blocks.2.conv1,0.15364956855773926
64,blocks.2.conv2,0.1469334214925766
64,blocks.2.gate_conv,0.016678139567375183
64,blocks.3.conv1,0.14979788661003113
64,blocks.3.conv2,0.14361660182476044
64,blocks.3.gate_conv,0.011321881785988808
64,blocks.4.conv1,0.13931459188461304
64,blocks.4.conv2,0.12592235207557678
64,blocks.4.gate_conv,0.0115241389721632
64,blocks.5.conv1,0.13363799452781677
64,blocks.5.conv2,0.12420091778039932
64,blocks.5.gate_conv,0.01706286147236824
64,blocks.6.conv1,0.12185914814472198
64,blocks.6.conv2,0.11038472503423691
64,blocks.6.gate_conv,0.014685230329632759
64,blocks.7.conv1,0.10599904507398605
64,blocks.7.conv2,0.10211925208568573
64,blocks.7.gate_conv,0.01721513643860817
64,blocks.8.conv1,0.11576082557439804
64,blocks.8.conv2,0.10159999877214432
64,blocks.8.gate_conv,0.009532245807349682
64,blocks.9.conv1,0.10150767862796783
64,blocks.9.conv2,0.09150955080986023
64,blocks.9.gate_conv,0.010879036970436573
64,blocks.10.conv1,0.10087590664625168
64,blocks.10.conv2,0.0878811851143837
64,blocks.10.gate_conv,0.010383005253970623
64,blocks.11.conv1,0.09154985100030899
64,blocks.11.conv2,0.07888096570968628
64,blocks.11.gate_conv,0.00928964838385582
64,blocks.12.conv1,0.09185206145048141
64,blocks.12.conv2,0.07739509642124176
64,blocks.12.gate_conv,0.00838758610188961
64,blocks.13.conv1,0.07310585677623749
64,blocks.13.conv2,0.06308811157941818
64,blocks.13.gate_conv,0.01026937272399664
64,blocks.14.conv1,0.08578823506832123
64,blocks.14.conv2,0.07284431159496307
64,blocks.14.gate_conv,0.008516228757798672
64,blocks.15.conv1,0.06706518679857254
64,blocks.15.conv2,0.059149228036403656
64,blocks.15.gate_conv,0.007826797664165497
64,blocks.16.conv1,0.0747017115354538
64,blocks.16.conv2,0.0653730258345604
64,blocks.16.gate_conv,0.010418075136840343
64,blocks.17.conv1,0.06830403208732605
64,blocks.17.conv2,0.06079516187310219
64,blocks.17.gate_conv,0.007667006459087133
64,blocks.18.conv1,0.07164249569177628
64,blocks.18.conv2,0.06545576453208923
64,blocks.18.gate_conv,0.006974285934120417
64,blocks.19.conv1,0.07603197544813156
64,blocks.19.conv2,0.06126222759485245
64,blocks.19.gate_conv,0.00716621708124876
64,blocks.20.conv1,0.06314685195684433
64,blocks.20.conv2,0.05621308088302612
64,blocks.20.gate_conv,0.007941119372844696
64,blocks.21.conv1,0.07458183169364929
64,blocks.21.conv2,0.06280677020549774
64,blocks.21.gate_conv,0.007773423567414284
64,blocks.22.conv1,0.06680098921060562
64,blocks.22.conv2,0.06010960787534714
64,blocks.22.gate_conv,0.011563126929104328
64,blocks.23.conv1,0.06483348459005356
64,blocks.23.conv2,0.05894111841917038
64,blocks.23.gate_conv,0.007393866777420044
64,blocks.24.conv1,0.07877000421285629
64,blocks.24.conv2,0.0682998076081276
64,blocks.24.gate_conv,0.01283037755638361
64,blocks.25.conv1,0.07220081239938736
64,blocks.25.conv2,0.061828356236219406
64,blocks.25.gate_conv,0.011597189120948315
64,blocks.26.conv1,0.06842359900474548
64,blocks.26.conv2,0.06261774152517319
64,blocks.26.gate_conv,0.007482839282602072
64,blocks.27.conv1,0.08309033513069153
64,blocks.27.conv2,0.0671381950378418
64,blocks.27.gate_conv,0.011828813701868057
64,blocks.28.conv1,0.07806539535522461
64,blocks.28.conv2,0.0720711350440979
64,blocks.28.gate_conv,0.015364312566816807
64,blocks.29.conv1,0.09783869236707687
64,blocks.29.conv2,0.07876632362604141
64,blocks.29.gate_conv,0.019579458981752396
64,blocks.30.conv1,0.11419782042503357
64,blocks.30.conv2,0.09151899069547653
64,blocks.30.gate_conv,0.019518500193953514
64,blocks.31.conv1,0.09017258882522583
64,blocks.31.conv2,0.08419064432382584
64,blocks.31.gate_conv,0.009277277626097202
64,mean_conv2d_grad_norm,0.06573351735210757
65,stem.0,0.09303631633520126
65,blocks.0.conv1,0.10602892190217972
65,blocks.0.conv2,0.1271505355834961
65,blocks.0.gate_conv,0.00598103879019618
65,blocks.1.conv1,0.12897850573062897
65,blocks.1.conv2,0.13828617334365845
65,blocks.1.gate_conv,0.0054179304279387
65,blocks.2.conv1,0.12014886736869812
65,blocks.2.conv2,0.11868305504322052
65,blocks.2.gate_conv,0.010417621582746506
65,blocks.3.conv1,0.11818234622478485
65,blocks.3.conv2,0.10479924082756042
65,blocks.3.gate_conv,0.007894354872405529
65,blocks.4.conv1,0.110702283680439
65,blocks.4.conv2,0.09108556807041168
65,blocks.4.gate_conv,0.010575072839856148
65,blocks.5.conv1,0.09417713433504105
65,blocks.5.conv2,0.08130159974098206
65,blocks.5.gate_conv,0.014342078939080238
65,blocks.6.conv1,0.08495482802391052
65,blocks.6.conv2,0.07842488586902618
65,blocks.6.gate_conv,0.014126524329185486
65,blocks.7.conv1,0.07834739983081818
65,blocks.7.conv2,0.06859488785266876
65,blocks.7.gate_conv,0.011358451098203659
65,blocks.8.conv1,0.082877017557621
65,blocks.8.conv2,0.06878618896007538
65,blocks.8.gate_conv,0.005884728394448757
65,blocks.9.conv1,0.0674232617020607
65,blocks.9.conv2,0.05894060060381889
65,blocks.9.gate_conv,0.0075883218087255955
65,blocks.10.conv1,0.06285680085420609
65,blocks.10.conv2,0.05693604424595833
65,blocks.10.gate_conv,0.007987518794834614
65,blocks.11.conv1,0.06324908882379532
65,blocks.11.conv2,0.05356553941965103
65,blocks.11.gate_conv,0.00680498918518424
65,blocks.12.conv1,0.053143709897994995
65,blocks.12.conv2,0.04993715509772301
65,blocks.12.gate_conv,0.006878705695271492
65,blocks.13.conv1,0.055589381605386734
65,blocks.13.conv2,0.04745016247034073
65,blocks.13.gate_conv,0.005930150859057903
65,blocks.14.conv1,0.051898397505283356
65,blocks.14.conv2,0.04417126253247261
65,blocks.14.gate_conv,0.004367925692349672
65,blocks.15.conv1,0.04691194370388985
65,blocks.15.conv2,0.04133022204041481
65,blocks.15.gate_conv,0.005076715722680092
65,blocks.16.conv1,0.04987891763448715
65,blocks.16.conv2,0.044731441885232925
65,blocks.16.gate_conv,0.006000589579343796
65,blocks.17.conv1,0.049230750650167465
65,blocks.17.conv2,0.043337631970644
65,blocks.17.gate_conv,0.008220075629651546
65,blocks.18.conv1,0.050061941146850586
65,blocks.18.conv2,0.04144889488816261
65,blocks.18.gate_conv,0.0037381169386208057
65,blocks.19.conv1,0.05004110559821129
65,blocks.19.conv2,0.04100817069411278
65,blocks.19.gate_conv,0.005182791501283646
65,blocks.20.conv1,0.04279719293117523
65,blocks.20.conv2,0.03832221031188965
65,blocks.20.gate_conv,0.005683921277523041
65,blocks.21.conv1,0.04835551977157593
65,blocks.21.conv2,0.04129805043339729
65,blocks.21.gate_conv,0.005124915391206741
65,blocks.22.conv1,0.047280628234148026
65,blocks.22.conv2,0.04115791991353035
65,blocks.22.gate_conv,0.006649304181337357
65,blocks.23.conv1,0.04886486753821373
65,blocks.23.conv2,0.04763731732964516
65,blocks.23.gate_conv,0.008690410293638706
65,blocks.24.conv1,0.05242522060871124
65,blocks.24.conv2,0.04531148821115494
65,blocks.24.gate_conv,0.011292887851595879
65,blocks.25.conv1,0.05876767262816429
65,blocks.25.conv2,0.04240434616804123
65,blocks.25.gate_conv,0.007014944683760405
65,blocks.26.conv1,0.04286181926727295
65,blocks.26.conv2,0.03970283642411232
65,blocks.26.gate_conv,0.00678925309330225
65,blocks.27.conv1,0.051652148365974426
65,blocks.27.conv2,0.046790942549705505
65,blocks.27.gate_conv,0.005957433022558689
65,blocks.28.conv1,0.05166521668434143
65,blocks.28.conv2,0.04759387671947479
65,blocks.28.gate_conv,0.011613599956035614
65,blocks.29.conv1,0.07059944421052933
65,blocks.29.conv2,0.05564434081315994
65,blocks.29.gate_conv,0.012850603088736534
65,blocks.30.conv1,0.07778103649616241
65,blocks.30.conv2,0.055801909416913986
65,blocks.30.gate_conv,0.01397604588419199
65,blocks.31.conv1,0.05835109204053879
65,blocks.31.conv2,0.05016637220978737
65,blocks.31.gate_conv,0.004374269861727953
65,mean_conv2d_grad_norm,0.04613106125562461
66,stem.0,0.2437177300453186
66,blocks.0.conv1,0.20594492554664612
66,blocks.0.conv2,0.23582597076892853
66,blocks.0.gate_conv,0.010457665659487247
66,blocks.1.conv1,0.23506364226341248
66,blocks.1.conv2,0.24864237010478973
66,blocks.1.gate_conv,0.009787657298147678
66,blocks.2.conv1,0.22139893472194672
66,blocks.2.conv2,0.20620091259479523
66,blocks.2.gate_conv,0.016675511375069618
66,blocks.3.conv1,0.2257681041955948
66,blocks.3.conv2,0.19861899316310883
66,blocks.3.gate_conv,0.01414152979850769
66,blocks.4.conv1,0.2024085521697998
66,blocks.4.conv2,0.1691858470439911
66,blocks.4.gate_conv,0.01926787756383419
66,blocks.5.conv1,0.17973853647708893
66,blocks.5.conv2,0.15902377665042877
66,blocks.5.gate_conv,0.015465224161744118
66,blocks.6.conv1,0.15617021918296814
66,blocks.6.conv2,0.14313456416130066
66,blocks.6.gate_conv,0.024976199492812157
66,blocks.7.conv1,0.14820319414138794
66,blocks.7.conv2,0.1339569091796875
66,blocks.7.gate_conv,0.02104348875582218
66,blocks.8.conv1,0.1445176601409912
66,blocks.8.conv2,0.13679741322994232
66,blocks.8.gate_conv,0.015490613877773285
66,blocks.9.conv1,0.13537056744098663
66,blocks.9.conv2,0.12360666692256927
66,blocks.9.gate_conv,0.0147124407812953
66,blocks.10.conv1,0.13342735171318054
66,blocks.10.conv2,0.12126278877258301
66,blocks.10.gate_conv,0.014499702490866184
66,blocks.11.conv1,0.11945746093988419
66,blocks.11.conv2,0.10768253356218338
66,blocks.11.gate_conv,0.01494196243584156
66,blocks.12.conv1,0.1129467710852623
66,blocks.12.conv2,0.09889647364616394
66,blocks.12.gate_conv,0.011378588154911995
66,blocks.13.conv1,0.11083674430847168
66,blocks.13.conv2,0.0944158211350441
66,blocks.13.gate_conv,0.012282168492674828
66,blocks.14.conv1,0.11644431948661804
66,blocks.14.conv2,0.09650532156229019
66,blocks.14.gate_conv,0.00842591468244791
66,blocks.15.conv1,0.10006870329380035
66,blocks.15.conv2,0.08186071366071701
66,blocks.15.gate_conv,0.008453273214399815
66,blocks.16.conv1,0.09884411841630936
66,blocks.16.conv2,0.08498628437519073
66,blocks.16.gate_conv,0.012526551261544228
66,blocks.17.conv1,0.09416455775499344
66,blocks.17.conv2,0.0851038321852684
66,blocks.17.gate_conv,0.007363280281424522
66,blocks.18.conv1,0.08941650390625
66,blocks.18.conv2,0.08141738921403885
66,blocks.18.gate_conv,0.009438342414796352
66,blocks.19.conv1,0.08650505542755127
66,blocks.19.conv2,0.07852741330862045
66,blocks.19.gate_conv,0.008556259796023369
66,blocks.20.conv1,0.07824829965829849
66,blocks.20.conv2,0.07044246047735214
66,blocks.20.gate_conv,0.010731365531682968
66,blocks.21.conv1,0.10066388547420502
66,blocks.21.conv2,0.08322194963693619
66,blocks.21.gate_conv,0.017671508714556694
66,blocks.22.conv1,0.09108029305934906
66,blocks.22.conv2,0.07214149832725525
66,blocks.22.gate_conv,0.016379741951823235
66,blocks.23.conv1,0.09599129110574722
66,blocks.23.conv2,0.07318088412284851
66,blocks.23.gate_conv,0.011906364932656288
66,blocks.24.conv1,0.10081080347299576
66,blocks.24.conv2,0.08467341214418411
66,blocks.24.gate_conv,0.013367529027163982
66,blocks.25.conv1,0.09566156566143036
66,blocks.25.conv2,0.07668422162532806
66,blocks.25.gate_conv,0.02091722935438156
66,blocks.26.conv1,0.08025448024272919
66,blocks.26.conv2,0.0707811489701271
66,blocks.26.gate_conv,0.010936442762613297
66,blocks.27.conv1,0.1015850082039833
66,blocks.27.conv2,0.08598162233829498
66,blocks.27.gate_conv,0.01534784585237503
66,blocks.28.conv1,0.10564898699522018
66,blocks.28.conv2,0.08944569528102875
66,blocks.28.gate_conv,0.031033648177981377
66,blocks.29.conv1,0.13203755021095276
66,blocks.29.conv2,0.11743848770856857
66,blocks.29.gate_conv,0.029020242393016815
66,blocks.30.conv1,0.15676960349082947
66,blocks.30.conv2,0.13226120173931122
66,blocks.30.gate_conv,0.02604510448873043
66,blocks.31.conv1,0.12799955904483795
66,blocks.31.conv2,0.1125270202755928
66,blocks.31.gate_conv,0.014787297695875168
66,mean_conv2d_grad_norm,0.08937757886638961
67,stem.0,0.24154245853424072
67,blocks.0.conv1,0.253919780254364
67,blocks.0.conv2,0.28517118096351624
67,blocks.0.gate_conv,0.013491346500813961
67,blocks.1.conv1,0.28092682361602783
67,blocks.1.conv2,0.2968401312828064
67,blocks.1.gate_conv,0.013132925145328045
67,blocks.2.conv1,0.25917771458625793
67,blocks.2.conv2,0.26060718297958374
67,blocks.2.gate_conv,0.026045363396406174
67,blocks.3.conv1,0.2631622552871704
67,blocks.3.conv2,0.24915814399719238
67,blocks.3.gate_conv,0.017049750313162804
67,blocks.4.conv1,0.2506009638309479
67,blocks.4.conv2,0.22509834170341492
67,blocks.4.gate_conv,0.019739335402846336
67,blocks.5.conv1,0.23497535288333893
67,blocks.5.conv2,0.21311770379543304
67,blocks.5.gate_conv,0.025444550439715385
67,blocks.6.conv1,0.2078891098499298
67,blocks.6.conv2,0.18959017097949982
67,blocks.6.gate_conv,0.0268398467451334
67,blocks.7.conv1,0.19282273948192596
67,blocks.7.conv2,0.16847839951515198
67,blocks.7.gate_conv,0.028329437598586082
67,blocks.8.conv1,0.2016795575618744
67,blocks.8.conv2,0.17263032495975494
67,blocks.8.gate_conv,0.015765538439154625
67,blocks.9.conv1,0.16348330676555634
67,blocks.9.conv2,0.15244247019290924
67,blocks.9.gate_conv,0.019928107038140297
67,blocks.10.conv1,0.16677865386009216
67,blocks.10.conv2,0.1465313732624054
67,blocks.10.gate_conv,0.019638927653431892
67,blocks.11.conv1,0.15231871604919434
67,blocks.11.conv2,0.13271524012088776
67,blocks.11.gate_conv,0.01599428430199623
67,blocks.12.conv1,0.13893677294254303
67,blocks.12.conv2,0.1272590607404709
67,blocks.12.gate_conv,0.0153446514159441
67,blocks.13.conv1,0.11747819185256958
67,blocks.13.conv2,0.10932809859514236
67,blocks.13.gate_conv,0.01857837662100792
67,blocks.14.conv1,0.13572517037391663
67,blocks.14.conv2,0.1134856790304184
67,blocks.14.gate_conv,0.010356098413467407
67,blocks.15.conv1,0.11877959966659546
67,blocks.15.conv2,0.10415592789649963
67,blocks.15.gate_conv,0.015807928517460823
67,blocks.16.conv1,0.12286040186882019
67,blocks.16.conv2,0.10911377519369125
67,blocks.16.gate_conv,0.014670955017209053
67,blocks.17.conv1,0.10985489189624786
67,blocks.17.conv2,0.09635823965072632
67,blocks.17.gate_conv,0.011876816861331463
67,blocks.18.conv1,0.12285128980875015
67,blocks.18.conv2,0.111570805311203
67,blocks.18.gate_conv,0.011400196701288223
67,blocks.19.conv1,0.10715431720018387
67,blocks.19.conv2,0.11364682018756866
67,blocks.19.gate_conv,0.013294645585119724
67,blocks.20.conv1,0.11600474268198013
67,blocks.20.conv2,0.09629202634096146
67,blocks.20.gate_conv,0.014448105357587337
67,blocks.21.conv1,0.13103482127189636
67,blocks.21.conv2,0.10820414125919342
67,blocks.21.gate_conv,0.012196159921586514
67,blocks.22.conv1,0.10702862590551376
67,blocks.22.conv2,0.09875233471393585
67,blocks.22.gate_conv,0.013051723130047321
67,blocks.23.conv1,0.1066686287522316
67,blocks.23.conv2,0.10853026807308197
67,blocks.23.gate_conv,0.0152670219540596
67,blocks.24.conv1,0.15902264416217804
67,blocks.24.conv2,0.1323123723268509
67,blocks.24.gate_conv,0.025402892380952835
67,blocks.25.conv1,0.12048297375440598
67,blocks.25.conv2,0.11232288181781769
67,blocks.25.gate_conv,0.017978696152567863
67,blocks.26.conv1,0.12078794091939926
67,blocks.26.conv2,0.10161521285772324
67,blocks.26.gate_conv,0.014233442954719067
67,blocks.27.conv1,0.1324257105588913
67,blocks.27.conv2,0.10773645341396332
67,blocks.27.gate_conv,0.013247253373265266
67,blocks.28.conv1,0.13077715039253235
67,blocks.28.conv2,0.10983627289533615
67,blocks.28.gate_conv,0.026544714346528053
67,blocks.29.conv1,0.17710661888122559
67,blocks.29.conv2,0.14099915325641632
67,blocks.29.gate_conv,0.027716616168618202
67,blocks.30.conv1,0.21100203692913055
67,blocks.30.conv2,0.17980262637138367
67,blocks.30.gate_conv,0.02658112533390522
67,blocks.31.conv1,0.1610095202922821
67,blocks.31.conv2,0.14381885528564453
67,blocks.31.gate_conv,0.020592128857970238
67,mean_conv2d_grad_norm,0.11251319704826959
68,stem.0,0.19820305705070496
68,blocks.0.conv1,0.19657579064369202
68,blocks.0.conv2,0.21599145233631134
68,blocks.0.gate_conv,0.00986140314489603
68,blocks.1.conv1,0.21341994404792786
68,blocks.1.conv2,0.2161574810743332
68,blocks.1.gate_conv,0.008192078210413456
68,blocks.2.conv1,0.1902523934841156
68,blocks.2.conv2,0.17797066271305084
68,blocks.2.gate_conv,0.013374901376664639
68,blocks.3.conv1,0.19532835483551025
68,blocks.3.conv2,0.18627925217151642
68,blocks.3.gate_conv,0.011659357696771622
68,blocks.4.conv1,0.17756624519824982
68,blocks.4.conv2,0.1646665334701538
68,blocks.4.gate_conv,0.015859419479966164
68,blocks.5.conv1,0.17230793833732605
68,blocks.5.conv2,0.1669488549232483
68,blocks.5.gate_conv,0.02723832242190838
68,blocks.6.conv1,0.16168168187141418
68,blocks.6.conv2,0.15436066687107086
68,blocks.6.gate_conv,0.03441052511334419
68,blocks.7.conv1,0.13854847848415375
68,blocks.7.conv2,0.12565356492996216
68,blocks.7.gate_conv,0.027355927973985672
68,blocks.8.conv1,0.13645349442958832
68,blocks.8.conv2,0.1361386924982071
68,blocks.8.gate_conv,0.011326095089316368
68,blocks.9.conv1,0.13038741052150726
68,blocks.9.conv2,0.12489103525876999
68,blocks.9.gate_conv,0.01660952903330326
68,blocks.10.conv1,0.12595826387405396
68,blocks.10.conv2,0.11454587429761887
68,blocks.10.gate_conv,0.016270646825432777
68,blocks.11.conv1,0.12343116849660873
68,blocks.11.conv2,0.11551626026630402
68,blocks.11.gate_conv,0.014654157683253288
68,blocks.12.conv1,0.11894983053207397
68,blocks.12.conv2,0.11554145067930222
68,blocks.12.gate_conv,0.01708473637700081
68,blocks.13.conv1,0.11920545995235443
68,blocks.13.conv2,0.10163430124521255
68,blocks.13.gate_conv,0.0172573272138834
68,blocks.14.conv1,0.10140366107225418
68,blocks.14.conv2,0.08686487376689911
68,blocks.14.gate_conv,0.008715969510376453
68,blocks.15.conv1,0.09921634942293167
68,blocks.15.conv2,0.09323518723249435
68,blocks.15.gate_conv,0.018249062821269035
68,blocks.16.conv1,0.10732713341712952
68,blocks.16.conv2,0.08405773341655731
68,blocks.16.gate_conv,0.01087890099734068
68,blocks.17.conv1,0.10588964074850082
68,blocks.17.conv2,0.09643822908401489
68,blocks.17.gate_conv,0.01082263607531786
68,blocks.18.conv1,0.10548914968967438
68,blocks.18.conv2,0.10065992921590805
68,blocks.18.gate_conv,0.009518478065729141
68,blocks.19.conv1,0.1036054715514183
68,blocks.19.conv2,0.08817505091428757
68,blocks.19.gate_conv,0.010095231235027313
68,blocks.20.conv1,0.0928296223282814
68,blocks.20.conv2,0.09511282294988632
68,blocks.20.gate_conv,0.024424942210316658
68,blocks.21.conv1,0.11651419848203659
68,blocks.21.conv2,0.10799431055784225
68,blocks.21.gate_conv,0.03261725604534149
68,blocks.22.conv1,0.08250291645526886
68,blocks.22.conv2,0.07516179978847504
68,blocks.22.gate_conv,0.013856668956577778
68,blocks.23.conv1,0.1023125946521759
68,blocks.23.conv2,0.09833091497421265
68,blocks.23.gate_conv,0.019009437412023544
68,blocks.24.conv1,0.1168907955288887
68,blocks.24.conv2,0.10408920794725418
68,blocks.24.gate_conv,0.031201472505927086
68,blocks.25.conv1,0.09983158856630325
68,blocks.25.conv2,0.09317437559366226
68,blocks.25.gate_conv,0.025391031056642532
68,blocks.26.conv1,0.10547331720590591
68,blocks.26.conv2,0.08952641487121582
68,blocks.26.gate_conv,0.010116802528500557
68,blocks.27.conv1,0.1009436845779419
68,blocks.27.conv2,0.08215831965208054
68,blocks.27.gate_conv,0.012666079215705395
68,blocks.28.conv1,0.11162032186985016
68,blocks.28.conv2,0.10712769627571106
68,blocks.28.gate_conv,0.020958300679922104
68,blocks.29.conv1,0.17200423777103424
68,blocks.29.conv2,0.15539924800395966
68,blocks.29.gate_conv,0.044754888862371445
68,blocks.30.conv1,0.18343275785446167
68,blocks.30.conv2,0.14958833158016205
68,blocks.30.gate_conv,0.038072582334280014
68,blocks.31.conv1,0.15286493301391602
68,blocks.31.conv2,0.13513146340847015
68,blocks.31.gate_conv,0.023257911205291748
68,mean_conv2d_grad_norm,0.09301758718859289
69,stem.0,0.1959875375032425
69,blocks.0.conv1,0.17174167931079865
69,blocks.0.conv2,0.1870308816432953
69,blocks.0.gate_conv,0.008267822675406933
69,blocks.1.conv1,0.1967741847038269
69,blocks.1.conv2,0.20203639566898346
69,blocks.1.gate_conv,0.008287611417472363
69,blocks.2.conv1,0.17748557031154633
69,blocks.2.conv2,0.1739102005958557
69,blocks.2.gate_conv,0.011782540939748287
69,blocks.3.conv1,0.17224586009979248
69,blocks.3.conv2,0.16068723797798157
69,blocks.3.gate_conv,0.013790198601782322
69,blocks.4.conv1,0.16617995500564575
69,blocks.4.conv2,0.15281040966510773
69,blocks.4.gate_conv,0.020252041518688202
69,blocks.5.conv1,0.15354999899864197
69,blocks.5.conv2,0.14672531187534332
69,blocks.5.gate_conv,0.01917451247572899
69,blocks.6.conv1,0.14728184044361115
69,blocks.6.conv2,0.1283217966556549
69,blocks.6.gate_conv,0.02543702721595764
69,blocks.7.conv1,0.12363898754119873
69,blocks.7.conv2,0.10969138890504837
69,blocks.7.gate_conv,0.01900380291044712
69,blocks.8.conv1,0.12490266561508179
69,blocks.8.conv2,0.11166471987962723
69,blocks.8.gate_conv,0.009970100596547127
69,blocks.9.conv1,0.11784568428993225
69,blocks.9.conv2,0.1011061742901802
69,blocks.9.gate_conv,0.012356030754745007
69,blocks.10.conv1,0.11284303665161133
69,blocks.10.conv2,0.09523022174835205
69,blocks.10.gate_conv,0.010784025304019451
69,blocks.11.conv1,0.09075910598039627
69,blocks.11.conv2,0.07713344693183899
69,blocks.11.gate_conv,0.013339425437152386
69,blocks.12.conv1,0.09052837640047073
69,blocks.12.conv2,0.07831379026174545
69,blocks.12.gate_conv,0.00981918629258871
69,blocks.13.conv1,0.094138503074646
69,blocks.13.conv2,0.07850433140993118
69,blocks.13.gate_conv,0.00983491912484169
69,blocks.14.conv1,0.08119430392980576
69,blocks.14.conv2,0.07382313907146454
69,blocks.14.gate_conv,0.008104758337140083
69,blocks.15.conv1,0.07838241010904312
69,blocks.15.conv2,0.0653451457619667
69,blocks.15.gate_conv,0.007456435821950436
69,blocks.16.conv1,0.08454031497240067
69,blocks.16.conv2,0.07664626091718674
69,blocks.16.gate_conv,0.01017826423048973
69,blocks.17.conv1,0.08702704310417175
69,blocks.17.conv2,0.06928103417158127
69,blocks.17.gate_conv,0.014680599793791771
69,blocks.18.conv1,0.08204656094312668
69,blocks.18.conv2,0.06746664643287659
69,blocks.18.gate_conv,0.0066765290684998035
69,blocks.19.conv1,0.0751226395368576
69,blocks.19.conv2,0.05968114361166954
69,blocks.19.gate_conv,0.00895201787352562
69,blocks.20.conv1,0.07144240289926529
69,blocks.20.conv2,0.061196766793727875
69,blocks.20.gate_conv,0.009133019484579563
69,blocks.21.conv1,0.09972981363534927
69,blocks.21.conv2,0.07116600126028061
69,blocks.21.gate_conv,0.022143807262182236
69,blocks.22.conv1,0.06846320629119873
69,blocks.22.conv2,0.0552828274667263
69,blocks.22.gate_conv,0.008635765872895718
69,blocks.23.conv1,0.07048138231039047
69,blocks.23.conv2,0.06463748961687088
69,blocks.23.gate_conv,0.01051145140081644
69,blocks.24.conv1,0.08352284878492355
69,blocks.24.conv2,0.06686998158693314
69,blocks.24.gate_conv,0.012164951302111149
69,blocks.25.conv1,0.07329700142145157
69,blocks.25.conv2,0.06452439725399017
69,blocks.25.gate_conv,0.011889823712408543
69,blocks.26.conv1,0.06742071360349655
69,blocks.26.conv2,0.05584871023893356
69,blocks.26.gate_conv,0.006569575052708387
69,blocks.27.conv1,0.07001546770334244
69,blocks.27.conv2,0.05914190784096718
69,blocks.27.gate_conv,0.009136609733104706
69,blocks.28.conv1,0.08265776932239532
69,blocks.28.conv2,0.066831074655056
69,blocks.28.gate_conv,0.019227731972932816
69,blocks.29.conv1,0.11593945324420929
69,blocks.29.conv2,0.09149769693613052
69,blocks.29.gate_conv,0.02206694893538952
69,blocks.30.conv1,0.116728276014328
69,blocks.30.conv2,0.0872139185667038
69,blocks.30.gate_conv,0.014626466669142246
69,blocks.31.conv1,0.08615095168352127
69,blocks.31.conv2,0.07140810042619705
69,blocks.31.gate_conv,0.007351826410740614
69,mean_conv2d_grad_norm,0.07281133942018003
70,stem.0,0.15653719007968903
70,blocks.0.conv1,0.18434864282608032
70,blocks.0.conv2,0.20841220021247864
70,blocks.0.gate_conv,0.010313100181519985
70,blocks.1.conv1,0.2090320736169815
70,blocks.1.conv2,0.21083670854568481
70,blocks.1.gate_conv,0.00944039598107338
70,blocks.2.conv1,0.17773164808750153
70,blocks.2.conv2,0.17101700603961945
70,blocks.2.gate_conv,0.013441681861877441
70,blocks.3.conv1,0.17908135056495667
70,blocks.3.conv2,0.16053159534931183
70,blocks.3.gate_conv,0.011038555763661861
70,blocks.4.conv1,0.16393443942070007
70,blocks.4.conv2,0.14321717619895935
70,blocks.4.gate_conv,0.012688571587204933
70,blocks.5.conv1,0.1530463695526123
70,blocks.5.conv2,0.13678286969661713
70,blocks.5.gate_conv,0.017112702131271362
70,blocks.6.conv1,0.1328335404396057
70,blocks.6.conv2,0.11666660010814667
70,blocks.6.gate_conv,0.015853678807616234
70,blocks.7.conv1,0.11616532504558563
70,blocks.7.conv2,0.10768123716115952
70,blocks.7.gate_conv,0.018450574949383736
70,blocks.8.conv1,0.1275046169757843
70,blocks.8.conv2,0.11451670527458191
70,blocks.8.gate_conv,0.014559409581124783
70,blocks.9.conv1,0.11787591874599457
70,blocks.9.conv2,0.10751616209745407
70,blocks.9.gate_conv,0.014043002389371395
70,blocks.10.conv1,0.11883687973022461
70,blocks.10.conv2,0.10152703523635864
70,blocks.10.gate_conv,0.01212664321064949
70,blocks.11.conv1,0.11018270254135132
70,blocks.11.conv2,0.10001734644174576
70,blocks.11.gate_conv,0.017754241824150085
70,blocks.12.conv1,0.0920034646987915
70,blocks.12.conv2,0.08368361741304398
70,blocks.12.gate_conv,0.012674158439040184
70,blocks.13.conv1,0.09273752570152283
70,blocks.13.conv2,0.08020984381437302
70,blocks.13.gate_conv,0.008960295468568802
70,blocks.14.conv1,0.08790171146392822
70,blocks.14.conv2,0.07119392603635788
70,blocks.14.gate_conv,0.007246048655360937
70,blocks.15.conv1,0.08339988440275192
70,blocks.15.conv2,0.07253763824701309
70,blocks.15.gate_conv,0.008686404675245285
70,blocks.16.conv1,0.08177404850721359
70,blocks.16.conv2,0.07229943573474884
70,blocks.16.gate_conv,0.00876881368458271
70,blocks.17.conv1,0.08039034157991409
70,blocks.17.conv2,0.06806724518537521
70,blocks.17.gate_conv,0.007248212117701769
70,blocks.18.conv1,0.09174451977014542
70,blocks.18.conv2,0.07307658344507217
70,blocks.18.gate_conv,0.0228906087577343
70,blocks.19.conv1,0.08168304711580276
70,blocks.19.conv2,0.06820861250162125
70,blocks.19.gate_conv,0.008244610391557217
70,blocks.20.conv1,0.06978624314069748
70,blocks.20.conv2,0.06362833082675934
70,blocks.20.gate_conv,0.00915470253676176
70,blocks.21.conv1,0.07804904133081436
70,blocks.21.conv2,0.06512626260519028
70,blocks.21.gate_conv,0.011106535792350769
70,blocks.22.conv1,0.07227389514446259
70,blocks.22.conv2,0.06643933802843094
70,blocks.22.gate_conv,0.014754209667444229
70,blocks.23.conv1,0.0717303603887558
70,blocks.23.conv2,0.05946967005729675
70,blocks.23.gate_conv,0.00866476260125637
70,blocks.24.conv1,0.09320919960737228
70,blocks.24.conv2,0.06690023094415665
70,blocks.24.gate_conv,0.01391187310218811
70,blocks.25.conv1,0.0856238305568695
70,blocks.25.conv2,0.07181171327829361
70,blocks.25.gate_conv,0.015260860323905945
70,blocks.26.conv1,0.06935656815767288
70,blocks.26.conv2,0.062454704195261
70,blocks.26.gate_conv,0.007310141809284687
70,blocks.27.conv1,0.07272091507911682
70,blocks.27.conv2,0.06203252449631691
70,blocks.27.gate_conv,0.008598188869655132
70,blocks.28.conv1,0.08378195017576218
70,blocks.28.conv2,0.07716075330972672
70,blocks.28.gate_conv,0.016103949397802353
70,blocks.29.conv1,0.11792970448732376
70,blocks.29.conv2,0.08471879363059998
70,blocks.29.gate_conv,0.020036689937114716
70,blocks.30.conv1,0.13697154819965363
70,blocks.30.conv2,0.11192258447408676
70,blocks.30.gate_conv,0.02231801487505436
70,blocks.31.conv1,0.10770255327224731
70,blocks.31.conv2,0.09561673551797867
70,blocks.31.gate_conv,0.010324034839868546
70,mean_conv2d_grad_norm,0.07486853516209371
71,stem.0,0.11658719182014465
71,blocks.0.conv1,0.1587420552968979
71,blocks.0.conv2,0.17010776698589325
71,blocks.0.gate_conv,0.008730383589863777
71,blocks.1.conv1,0.17021745443344116
71,blocks.1.conv2,0.16827449202537537
71,blocks.1.gate_conv,0.006151888519525528
71,blocks.2.conv1,0.14895670115947723
71,blocks.2.conv2,0.1438285857439041
71,blocks.2.gate_conv,0.018017584457993507
71,blocks.3.conv1,0.1452801674604416
71,blocks.3.conv2,0.12970708310604095
71,blocks.3.gate_conv,0.008695213124155998
71,blocks.4.conv1,0.12129655480384827
71,blocks.4.conv2,0.11111344397068024
71,blocks.4.gate_conv,0.010219386778771877
71,blocks.5.conv1,0.12601250410079956
71,blocks.5.conv2,0.112040214240551
71,blocks.5.gate_conv,0.011744941584765911
71,blocks.6.conv1,0.11363627761602402
71,blocks.6.conv2,0.1000167652964592
71,blocks.6.gate_conv,0.013015937060117722
71,blocks.7.conv1,0.10623056441545486
71,blocks.7.conv2,0.09081928431987762
71,blocks.7.gate_conv,0.013747277669608593
71,blocks.8.conv1,0.09959203004837036
71,blocks.8.conv2,0.09444008767604828
71,blocks.8.gate_conv,0.008238728158175945
71,blocks.9.conv1,0.0910148099064827
71,blocks.9.conv2,0.08744225651025772
71,blocks.9.gate_conv,0.00875716283917427
71,blocks.10.conv1,0.08981332182884216
71,blocks.10.conv2,0.08233045786619186
71,blocks.10.gate_conv,0.006392705719918013
71,blocks.11.conv1,0.07717631012201309
71,blocks.11.conv2,0.07471207529306412
71,blocks.11.gate_conv,0.009429613128304482
71,blocks.12.conv1,0.06965530663728714
71,blocks.12.conv2,0.07206986844539642
71,blocks.12.gate_conv,0.007127375807613134
71,blocks.13.conv1,0.06617458164691925
71,blocks.13.conv2,0.056646786630153656
71,blocks.13.gate_conv,0.009549104608595371
71,blocks.14.conv1,0.062423668801784515
71,blocks.14.conv2,0.05548246204853058
71,blocks.14.gate_conv,0.005062522366642952
71,blocks.15.conv1,0.0632181242108345
71,blocks.15.conv2,0.05475900322198868
71,blocks.15.gate_conv,0.008470547385513783
71,blocks.16.conv1,0.06553951650857925
71,blocks.16.conv2,0.05824578180909157
71,blocks.16.gate_conv,0.005776209756731987
71,blocks.17.conv1,0.06485772132873535
71,blocks.17.conv2,0.05290155112743378
71,blocks.17.gate_conv,0.006504933349788189
71,blocks.18.conv1,0.06760045140981674
71,blocks.18.conv2,0.05701664835214615
71,blocks.18.gate_conv,0.005210219416767359
71,blocks.19.conv1,0.05727051943540573
71,blocks.19.conv2,0.049320537596940994
71,blocks.19.gate_conv,0.008280253037810326
71,blocks.20.conv1,0.056137628853321075
71,blocks.20.conv2,0.04924244061112404
71,blocks.20.gate_conv,0.0066195023246109486
71,blocks.21.conv1,0.0661865770816803
71,blocks.21.conv2,0.05264424905180931
71,blocks.21.gate_conv,0.006170164328068495
71,blocks.22.conv1,0.05572865158319473
71,blocks.22.conv2,0.048256173729896545
71,blocks.22.gate_conv,0.006970020476728678
71,blocks.23.conv1,0.061381153762340546
71,blocks.23.conv2,0.050166934728622437
71,blocks.23.gate_conv,0.00622839480638504
71,blocks.24.conv1,0.06813324987888336
71,blocks.24.conv2,0.05870388448238373
71,blocks.24.gate_conv,0.007853363640606403
71,blocks.25.conv1,0.06966055929660797
71,blocks.25.conv2,0.05403091385960579
71,blocks.25.gate_conv,0.016422471031546593
71,blocks.26.conv1,0.05970074608922005
71,blocks.26.conv2,0.051411110907793045
71,blocks.26.gate_conv,0.005953967571258545
71,blocks.27.conv1,0.068264439702034
71,blocks.27.conv2,0.0575350783765316
71,blocks.27.gate_conv,0.010542390868067741
71,blocks.28.conv1,0.0695769265294075
71,blocks.28.conv2,0.0687461644411087
71,blocks.28.gate_conv,0.021108677610754967
71,blocks.29.conv1,0.0935966819524765
71,blocks.29.conv2,0.0762547180056572
71,blocks.29.gate_conv,0.020984793081879616
71,blocks.30.conv1,0.11488622426986694
71,blocks.30.conv2,0.09781619161367416
71,blocks.30.gate_conv,0.02569182962179184
71,blocks.31.conv1,0.10995141416788101
71,blocks.31.conv2,0.10060575604438782
71,blocks.31.gate_conv,0.011488568969070911
71,mean_conv2d_grad_norm,0.06068396893781178
72,stem.0,0.15360724925994873
72,blocks.0.conv1,0.14320163428783417
72,blocks.0.conv2,0.1579749584197998
72,blocks.0.gate_conv,0.01303232554346323
72,blocks.1.conv1,0.15281760692596436
72,blocks.1.conv2,0.16186894476413727
72,blocks.1.gate_conv,0.007168432231992483
72,blocks.2.conv1,0.14602433145046234
72,blocks.2.conv2,0.13738325238227844
72,blocks.2.gate_conv,0.013427389785647392
72,blocks.3.conv1,0.14416642487049103
72,blocks.3.conv2,0.13568566739559174
72,blocks.3.gate_conv,0.010248771868646145
72,blocks.4.conv1,0.13414587080478668
72,blocks.4.conv2,0.12139153480529785
72,blocks.4.gate_conv,0.012806770391762257
72,blocks.5.conv1,0.12248905748128891
72,blocks.5.conv2,0.11003502458333969
72,blocks.5.gate_conv,0.012748049572110176
72,blocks.6.conv1,0.1046159565448761
72,blocks.6.conv2,0.10035869479179382
72,blocks.6.gate_conv,0.012445192784070969
72,blocks.7.conv1,0.10692755877971649
72,blocks.7.conv2,0.09620379656553268
72,blocks.7.gate_conv,0.015694057568907738
72,blocks.8.conv1,0.10309281945228577
72,blocks.8.conv2,0.08914956450462341
72,blocks.8.gate_conv,0.00825484935194254
72,blocks.9.conv1,0.09641457349061966
72,blocks.9.conv2,0.08227924257516861
72,blocks.9.gate_conv,0.010357367806136608
72,blocks.10.conv1,0.09004049003124237
72,blocks.10.conv2,0.08026022464036942
72,blocks.10.gate_conv,0.011833017691969872
72,blocks.11.conv1,0.08242866396903992
72,blocks.11.conv2,0.07296203076839447
72,blocks.11.gate_conv,0.010255824774503708
72,blocks.12.conv1,0.08349146693944931
72,blocks.12.conv2,0.07110171020030975
72,blocks.12.gate_conv,0.013130431063473225
72,blocks.13.conv1,0.07273363322019577
72,blocks.13.conv2,0.06847460567951202
72,blocks.13.gate_conv,0.008016757667064667
72,blocks.14.conv1,0.07179565727710724
72,blocks.14.conv2,0.06932657957077026
72,blocks.14.gate_conv,0.010422931052744389
72,blocks.15.conv1,0.07126376777887344
72,blocks.15.conv2,0.059444963932037354
72,blocks.15.gate_conv,0.006988776847720146
72,blocks.16.conv1,0.06918499618768692
72,blocks.16.conv2,0.06177525967359543
72,blocks.16.gate_conv,0.007789030205458403
72,blocks.17.conv1,0.058840055018663406
72,blocks.17.conv2,0.05136948451399803
72,blocks.17.gate_conv,0.006359708961099386
72,blocks.18.conv1,0.07081516832113266
72,blocks.18.conv2,0.06849270313978195
72,blocks.18.gate_conv,0.007383762858808041
72,blocks.19.conv1,0.0669458657503128
72,blocks.19.conv2,0.05819902569055557
72,blocks.19.gate_conv,0.008390693925321102
72,blocks.20.conv1,0.06442152708768845
72,blocks.20.conv2,0.05794569477438927
72,blocks.20.gate_conv,0.01041550375521183
72,blocks.21.conv1,0.07070392370223999
72,blocks.21.conv2,0.05895136296749115
72,blocks.21.gate_conv,0.008225602097809315
72,blocks.22.conv1,0.06908164173364639
72,blocks.22.conv2,0.05477718636393547
72,blocks.22.gate_conv,0.00985621102154255
72,blocks.23.conv1,0.0657777190208435
72,blocks.23.conv2,0.05530644953250885
72,blocks.23.gate_conv,0.009919423609972
72,blocks.24.conv1,0.0763133093714714
72,blocks.24.conv2,0.06900472193956375
72,blocks.24.gate_conv,0.013534440658986568
72,blocks.25.conv1,0.07221037149429321
72,blocks.25.conv2,0.06032160669565201
72,blocks.25.gate_conv,0.014621743932366371
72,blocks.26.conv1,0.07327491790056229
72,blocks.26.conv2,0.06752174347639084
72,blocks.26.gate_conv,0.008006970398128033
72,blocks.27.conv1,0.08636219799518585
72,blocks.27.conv2,0.07569374144077301
72,blocks.27.gate_conv,0.012724294327199459
72,blocks.28.conv1,0.07706653326749802
72,blocks.28.conv2,0.0649779736995697
72,blocks.28.gate_conv,0.02632240019738674
72,blocks.29.conv1,0.10850951075553894
72,blocks.29.conv2,0.08910666406154633
72,blocks.29.gate_conv,0.01922333426773548
72,blocks.30.conv1,0.13167840242385864
72,blocks.30.conv2,0.1169409528374672
72,blocks.30.gate_conv,0.02177303098142147
72,blocks.31.conv1,0.10352422297000885
72,blocks.31.conv2,0.10157693177461624
72,blocks.31.gate_conv,0.012528395280241966
72,mean_conv2d_grad_norm,0.06436840119800463
73,stem.0,0.1732320934534073
73,blocks.0.conv1,0.19967865943908691
73,blocks.0.conv2,0.21476107835769653
73,blocks.0.gate_conv,0.009407168254256248
73,blocks.1.conv1,0.20333422720432281
73,blocks.1.conv2,0.20647032558918
73,blocks.1.gate_conv,0.008538308553397655
73,blocks.2.conv1,0.18161962926387787
73,blocks.2.conv2,0.18098577857017517
73,blocks.2.gate_conv,0.01670706458389759
73,blocks.3.conv1,0.17553573846817017
73,blocks.3.conv2,0.16637733578681946
73,blocks.3.gate_conv,0.014686587266623974
73,blocks.4.conv1,0.17033332586288452
73,blocks.4.conv2,0.1576526165008545
73,blocks.4.gate_conv,0.01830047182738781
73,blocks.5.conv1,0.163890078663826
73,blocks.5.conv2,0.14636260271072388
73,blocks.5.gate_conv,0.01807449385523796
73,blocks.6.conv1,0.13408944010734558
73,blocks.6.conv2,0.1195208728313446
73,blocks.6.gate_conv,0.018536878749728203
73,blocks.7.conv1,0.12347551435232162
73,blocks.7.conv2,0.11305484920740128
73,blocks.7.gate_conv,0.01814928650856018
73,blocks.8.conv1,0.14009594917297363
73,blocks.8.conv2,0.12339460849761963
73,blocks.8.gate_conv,0.011225503869354725
73,blocks.9.conv1,0.11244038492441177
73,blocks.9.conv2,0.10541564226150513
73,blocks.9.gate_conv,0.014510921202600002
73,blocks.10.conv1,0.11926892399787903
73,blocks.10.conv2,0.10716728866100311
73,blocks.10.gate_conv,0.011819759383797646
73,blocks.11.conv1,0.10988681018352509
73,blocks.11.conv2,0.09225646406412125
73,blocks.11.gate_conv,0.010823898017406464
73,blocks.12.conv1,0.09546034038066864
73,blocks.12.conv2,0.0824703574180603
73,blocks.12.gate_conv,0.011507131159305573
73,blocks.13.conv1,0.08464206010103226
73,blocks.13.conv2,0.07386044412851334
73,blocks.13.gate_conv,0.008220279589295387
73,blocks.14.conv1,0.08711940795183182
73,blocks.14.conv2,0.07330592721700668
73,blocks.14.gate_conv,0.007248950656503439
73,blocks.15.conv1,0.08769340068101883
73,blocks.15.conv2,0.07122519612312317
73,blocks.15.gate_conv,0.008864864706993103
73,blocks.16.conv1,0.07802899181842804
73,blocks.16.conv2,0.07181593775749207
73,blocks.16.gate_conv,0.008697195909917355
73,blocks.17.conv1,0.08645108342170715
73,blocks.17.conv2,0.07565220445394516
73,blocks.17.gate_conv,0.006373121403157711
73,blocks.18.conv1,0.08520763367414474
73,blocks.18.conv2,0.07103829830884933
73,blocks.18.gate_conv,0.006342457607388496
73,blocks.19.conv1,0.0817834883928299
73,blocks.19.conv2,0.06719759851694107
73,blocks.19.gate_conv,0.007265246473252773
73,blocks.20.conv1,0.07810156792402267
73,blocks.20.conv2,0.06322506070137024
73,blocks.20.gate_conv,0.009350134991109371
73,blocks.21.conv1,0.08684000372886658
73,blocks.21.conv2,0.07175308465957642
73,blocks.21.gate_conv,0.008718344382941723
73,blocks.22.conv1,0.07665795832872391
73,blocks.22.conv2,0.06739091128110886
73,blocks.22.gate_conv,0.011253015138208866
73,blocks.23.conv1,0.08440956473350525
73,blocks.23.conv2,0.06744495779275894
73,blocks.23.gate_conv,0.013462499715387821
73,blocks.24.conv1,0.08837040513753891
73,blocks.24.conv2,0.07342293858528137
73,blocks.24.gate_conv,0.012705497443675995
73,blocks.25.conv1,0.08684597164392471
73,blocks.25.conv2,0.07012024521827698
73,blocks.25.gate_conv,0.011408108286559582
73,blocks.26.conv1,0.07029911875724792
73,blocks.26.conv2,0.061554182320833206
73,blocks.26.gate_conv,0.008201632648706436
73,blocks.27.conv1,0.08104263991117477
73,blocks.27.conv2,0.0659772977232933
73,blocks.27.gate_conv,0.008910052478313446
73,blocks.28.conv1,0.09525947272777557
73,blocks.28.conv2,0.08382017910480499
73,blocks.28.gate_conv,0.016286088153719902
73,blocks.29.conv1,0.11621853709220886
73,blocks.29.conv2,0.09272339940071106
73,blocks.29.gate_conv,0.022610720247030258
73,blocks.30.conv1,0.13424652814865112
73,blocks.30.conv2,0.0979599729180336
73,blocks.30.gate_conv,0.014430406503379345
73,blocks.31.conv1,0.10525770485401154
73,blocks.31.conv2,0.0864020362496376
73,blocks.31.gate_conv,0.007870003581047058
73,mean_conv2d_grad_norm,0.07627940660380979
74,stem.0,0.1470160186290741
74,blocks.0.conv1,0.15942175686359406
74,blocks.0.conv2,0.18668942153453827
74,blocks.0.gate_conv,0.008642229251563549
74,blocks.1.conv1,0.18371665477752686
74,blocks.1.conv2,0.19638101756572723
74,blocks.1.gate_conv,0.007675809320062399
74,blocks.2.conv1,0.16856200993061066
74,blocks.2.conv2,0.16596880555152893
74,blocks.2.gate_conv,0.01250924076884985
74,blocks.3.conv1,0.1604805290699005
74,blocks.3.conv2,0.14416037499904633
74,blocks.3.gate_conv,0.011485911905765533
74,blocks.4.conv1,0.14364540576934814
74,blocks.4.conv2,0.13077649474143982
74,blocks.4.gate_conv,0.01732049323618412
74,blocks.5.conv1,0.13136759400367737
74,blocks.5.conv2,0.12426415830850601
74,blocks.5.gate_conv,0.01603846251964569
74,blocks.6.conv1,0.11635109037160873
74,blocks.6.conv2,0.10762552171945572
74,blocks.6.gate_conv,0.014354278333485126
74,blocks.7.conv1,0.10900367796421051
74,blocks.7.conv2,0.09774518758058548
74,blocks.7.gate_conv,0.016679121181368828
74,blocks.8.conv1,0.1116819754242897
74,blocks.8.conv2,0.10065168887376785
74,blocks.8.gate_conv,0.00916528794914484
74,blocks.9.conv1,0.097643181681633
74,blocks.9.conv2,0.09061487764120102
74,blocks.9.gate_conv,0.01325188484042883
74,blocks.10.conv1,0.09917851537466049
74,blocks.10.conv2,0.0867924839258194
74,blocks.10.gate_conv,0.009711949154734612
74,blocks.11.conv1,0.08468327671289444
74,blocks.11.conv2,0.07351954281330109
74,blocks.11.gate_conv,0.010783507488667965
74,blocks.12.conv1,0.08501794934272766
74,blocks.12.conv2,0.07029327005147934
74,blocks.12.gate_conv,0.009049204178154469
74,blocks.13.conv1,0.07505736500024796
74,blocks.13.conv2,0.06808332353830338
74,blocks.13.gate_conv,0.008076624944806099
74,blocks.14.conv1,0.07988177984952927
74,blocks.14.conv2,0.06522948294878006
74,blocks.14.gate_conv,0.00609302893280983
74,blocks.15.conv1,0.0659685879945755
74,blocks.15.conv2,0.057665739208459854
74,blocks.15.gate_conv,0.01013778243213892
74,blocks.16.conv1,0.07941057533025742
74,blocks.16.conv2,0.06662663072347641
74,blocks.16.gate_conv,0.007937143556773663
74,blocks.17.conv1,0.0633811429142952
74,blocks.17.conv2,0.05680571123957634
74,blocks.17.gate_conv,0.007612257730215788
74,blocks.18.conv1,0.07430868595838547
74,blocks.18.conv2,0.06341283023357391
74,blocks.18.gate_conv,0.006708438042551279
74,blocks.19.conv1,0.067446269094944
74,blocks.19.conv2,0.05601208284497261
74,blocks.19.gate_conv,0.0061186240054667
74,blocks.20.conv1,0.062210921198129654
74,blocks.20.conv2,0.051832735538482666
74,blocks.20.gate_conv,0.008553775027394295
74,blocks.21.conv1,0.0804758369922638
74,blocks.21.conv2,0.06514012068510056
74,blocks.21.gate_conv,0.006874583661556244
74,blocks.22.conv1,0.06372727453708649
74,blocks.22.conv2,0.053363826125860214
74,blocks.22.gate_conv,0.007256936747580767
74,blocks.23.conv1,0.06578747928142548
74,blocks.23.conv2,0.055526379495859146
74,blocks.23.gate_conv,0.007292663212865591
74,blocks.24.conv1,0.07709205895662308
74,blocks.24.conv2,0.0711667612195015
74,blocks.24.gate_conv,0.017448583617806435
74,blocks.25.conv1,0.06975480914115906
74,blocks.25.conv2,0.05764063075184822
74,blocks.25.gate_conv,0.01900477707386017
74,blocks.26.conv1,0.06702101975679398
74,blocks.26.conv2,0.058383841067552567
74,blocks.26.gate_conv,0.007831158116459846
74,blocks.27.conv1,0.07186203449964523
74,blocks.27.conv2,0.05982762202620506
74,blocks.27.gate_conv,0.009215992875397205
74,blocks.28.conv1,0.07726304978132248
74,blocks.28.conv2,0.06424117833375931
74,blocks.28.gate_conv,0.016482723876833916
74,blocks.29.conv1,0.11809172481298447
74,blocks.29.conv2,0.09616880863904953
74,blocks.29.gate_conv,0.03107769973576069
74,blocks.30.conv1,0.13548463582992554
74,blocks.30.conv2,0.10951205343008041
74,blocks.30.gate_conv,0.021169552579522133
74,blocks.31.conv1,0.11779148131608963
74,blocks.31.conv2,0.0986558347940445
74,blocks.31.gate_conv,0.010463017970323563
74,mean_conv2d_grad_norm,0.0673462634080464
75,stem.0,0.12400539219379425
75,blocks.0.conv1,0.1265168935060501
75,blocks.0.conv2,0.13753515481948853
75,blocks.0.gate_conv,0.008806876838207245
75,blocks.1.conv1,0.14498503506183624
75,blocks.1.conv2,0.15216626226902008
75,blocks.1.gate_conv,0.006313709542155266
75,blocks.2.conv1,0.13233467936515808
75,blocks.2.conv2,0.1305120438337326
75,blocks.2.gate_conv,0.009454160928726196
75,blocks.3.conv1,0.13728578388690948
75,blocks.3.conv2,0.12202411144971848
75,blocks.3.gate_conv,0.008340118452906609
75,blocks.4.conv1,0.12284612655639648
75,blocks.4.conv2,0.10929806530475616
75,blocks.4.gate_conv,0.012248612940311432
75,blocks.5.conv1,0.11506343632936478
75,blocks.5.conv2,0.1044895127415657
75,blocks.5.gate_conv,0.014260036870837212
75,blocks.6.conv1,0.10775715112686157
75,blocks.6.conv2,0.09637799113988876
75,blocks.6.gate_conv,0.010731818154454231
75,blocks.7.conv1,0.08999070525169373
75,blocks.7.conv2,0.08158837258815765
75,blocks.7.gate_conv,0.01566276326775551
75,blocks.8.conv1,0.09898503124713898
75,blocks.8.conv2,0.08241569250822067
75,blocks.8.gate_conv,0.00730210030451417
75,blocks.9.conv1,0.08151523768901825
75,blocks.9.conv2,0.07137191295623779
75,blocks.9.gate_conv,0.010711463168263435
75,blocks.10.conv1,0.08527910709381104
75,blocks.10.conv2,0.0716257244348526
75,blocks.10.gate_conv,0.008593725971877575
75,blocks.11.conv1,0.07713687419891357
75,blocks.11.conv2,0.06890678405761719
75,blocks.11.gate_conv,0.00977726187556982
75,blocks.12.conv1,0.07528302073478699
75,blocks.12.conv2,0.06307334452867508
75,blocks.12.gate_conv,0.007501721847802401
75,blocks.13.conv1,0.060658011585474014
75,blocks.13.conv2,0.05515248700976372
75,blocks.13.gate_conv,0.006290537770837545
75,blocks.14.conv1,0.06422554701566696
75,blocks.14.conv2,0.05500422418117523
75,blocks.14.gate_conv,0.006321210414171219
75,blocks.15.conv1,0.06153574213385582
75,blocks.15.conv2,0.049436621367931366
75,blocks.15.gate_conv,0.005979948211461306
75,blocks.16.conv1,0.05943256616592407
75,blocks.16.conv2,0.05452942103147507
75,blocks.16.gate_conv,0.008506284095346928
75,blocks.17.conv1,0.0691048800945282
75,blocks.17.conv2,0.057455722242593765
75,blocks.17.gate_conv,0.005420873407274485
75,blocks.18.conv1,0.06332489848136902
75,blocks.18.conv2,0.05295789986848831
75,blocks.18.gate_conv,0.0046933488920331
75,blocks.19.conv1,0.06149866431951523
75,blocks.19.conv2,0.05164407566189766
75,blocks.19.gate_conv,0.00698973098769784
75,blocks.20.conv1,0.05691144987940788
75,blocks.20.conv2,0.04537811502814293
75,blocks.20.gate_conv,0.007745275739580393
75,blocks.21.conv1,0.058195699006319046
75,blocks.21.conv2,0.04663419723510742
75,blocks.21.gate_conv,0.006486147176474333
75,blocks.22.conv1,0.05719585344195366
75,blocks.22.conv2,0.04519136622548103
75,blocks.22.gate_conv,0.00719838822260499
75,blocks.23.conv1,0.053131863474845886
75,blocks.23.conv2,0.047798868268728256
75,blocks.23.gate_conv,0.0064031328074634075
75,blocks.24.conv1,0.0635366439819336
75,blocks.24.conv2,0.05094604939222336
75,blocks.24.gate_conv,0.008440126664936543
75,blocks.25.conv1,0.0627344399690628
75,blocks.25.conv2,0.05925935134291649
75,blocks.25.gate_conv,0.019738543778657913
75,blocks.26.conv1,0.05376612767577171
75,blocks.26.conv2,0.04324554651975632
75,blocks.26.gate_conv,0.005984061397612095
75,blocks.27.conv1,0.06309465318918228
75,blocks.27.conv2,0.04768265411257744
75,blocks.27.gate_conv,0.005821313709020615
75,blocks.28.conv1,0.06039540097117424
75,blocks.28.conv2,0.05245544761419296
75,blocks.28.gate_conv,0.012497542425990105
75,blocks.29.conv1,0.08785582333803177
75,blocks.29.conv2,0.07092030346393585
75,blocks.29.gate_conv,0.02455044724047184
75,blocks.30.conv1,0.09233906120061874
75,blocks.30.conv2,0.08203749358654022
75,blocks.30.gate_conv,0.012536325491964817
75,blocks.31.conv1,0.08216709643602371
75,blocks.31.conv2,0.07624783366918564
75,blocks.31.gate_conv,0.006961758714169264
75,mean_conv2d_grad_norm,0.05550227746770708
76,stem.0,0.18080665171146393
76,blocks.0.conv1,0.2157120406627655
76,blocks.0.conv2,0.23908397555351257
76,blocks.0.gate_conv,0.013641620054841042
76,blocks.1.conv1,0.2280077487230301
76,blocks.1.conv2,0.23851414024829865
76,blocks.1.gate_conv,0.010232044383883476
76,blocks.2.conv1,0.20469070971012115
76,blocks.2.conv2,0.1944046914577484
76,blocks.2.gate_conv,0.016268135979771614
76,blocks.3.conv1,0.1969621777534485
76,blocks.3.conv2,0.17445683479309082
76,blocks.3.gate_conv,0.012587647885084152
76,blocks.4.conv1,0.18364374339580536
76,blocks.4.conv2,0.16311262547969818
76,blocks.4.gate_conv,0.016095271334052086
76,blocks.5.conv1,0.16870136559009552
76,blocks.5.conv2,0.15151575207710266
76,blocks.5.gate_conv,0.01963786780834198
76,blocks.6.conv1,0.1477808654308319
76,blocks.6.conv2,0.1290440708398819
76,blocks.6.gate_conv,0.02635457180440426
76,blocks.7.conv1,0.1383100152015686
76,blocks.7.conv2,0.11633941531181335
76,blocks.7.gate_conv,0.024145787581801414
76,blocks.8.conv1,0.14274853467941284
76,blocks.8.conv2,0.12135788053274155
76,blocks.8.gate_conv,0.01019107922911644
76,blocks.9.conv1,0.13848534226417542
76,blocks.9.conv2,0.11454977840185165
76,blocks.9.gate_conv,0.012390002608299255
76,blocks.10.conv1,0.12659385800361633
76,blocks.10.conv2,0.11304493248462677
76,blocks.10.gate_conv,0.01374468021094799
76,blocks.11.conv1,0.11102070659399033
76,blocks.11.conv2,0.09955016523599625
76,blocks.11.gate_conv,0.014822080731391907
76,blocks.12.conv1,0.11201946437358856
76,blocks.12.conv2,0.09960221499204636
76,blocks.12.gate_conv,0.011683079414069653
76,blocks.13.conv1,0.10250409692525864
76,blocks.13.conv2,0.09115617722272873
76,blocks.13.gate_conv,0.012573947198688984
76,blocks.14.conv1,0.10458184778690338
76,blocks.14.conv2,0.09533286094665527
76,blocks.14.gate_conv,0.011353941634297371
76,blocks.15.conv1,0.08808981627225876
76,blocks.15.conv2,0.08367088437080383
76,blocks.15.gate_conv,0.009918930009007454
76,blocks.16.conv1,0.08747776597738266
76,blocks.16.conv2,0.07610055804252625
76,blocks.16.gate_conv,0.009066134691238403
76,blocks.17.conv1,0.0862601026892662
76,blocks.17.conv2,0.0736098662018776
76,blocks.17.gate_conv,0.009145021438598633
76,blocks.18.conv1,0.08933810144662857
76,blocks.18.conv2,0.08056905120611191
76,blocks.18.gate_conv,0.010010161437094212
76,blocks.19.conv1,0.08915252238512039
76,blocks.19.conv2,0.07553617656230927
76,blocks.19.gate_conv,0.009159456938505173
76,blocks.20.conv1,0.08158297091722488
76,blocks.20.conv2,0.07323583215475082
76,blocks.20.gate_conv,0.012189202010631561
76,blocks.21.conv1,0.09111464768648148
76,blocks.21.conv2,0.0801791101694107
76,blocks.21.gate_conv,0.010575121268630028
76,blocks.22.conv1,0.08295544236898422
76,blocks.22.conv2,0.0698762759566307
76,blocks.22.gate_conv,0.010334852151572704
76,blocks.23.conv1,0.07535485923290253
76,blocks.23.conv2,0.06605935841798782
76,blocks.23.gate_conv,0.011438417248427868
76,blocks.24.conv1,0.09138746559619904
76,blocks.24.conv2,0.07897983491420746
76,blocks.24.gate_conv,0.01324157789349556
76,blocks.25.conv1,0.08763697743415833
76,blocks.25.conv2,0.07294006645679474
76,blocks.25.gate_conv,0.015221554785966873
76,blocks.26.conv1,0.09709936380386353
76,blocks.26.conv2,0.0741119310259819
76,blocks.26.gate_conv,0.015561518259346485
76,blocks.27.conv1,0.10503064095973969
76,blocks.27.conv2,0.08865542709827423
76,blocks.27.gate_conv,0.01867969147861004
76,blocks.28.conv1,0.1065945252776146
76,blocks.28.conv2,0.08321385085582733
76,blocks.28.gate_conv,0.01848907768726349
76,blocks.29.conv1,0.12849697470664978
76,blocks.29.conv2,0.09786735475063324
76,blocks.29.gate_conv,0.025157950818538666
76,blocks.30.conv1,0.1557721644639969
76,blocks.30.conv2,0.12277456372976303
76,blocks.30.gate_conv,0.024332595989108086
76,blocks.31.conv1,0.12399078905582428
76,blocks.31.conv2,0.10874971747398376
76,blocks.31.gate_conv,0.009086405858397484
76,mean_conv2d_grad_norm,0.08427246496772643
77,stem.0,0.25829342007637024
77,blocks.0.conv1,0.20257586240768433
77,blocks.0.conv2,0.21982139348983765
77,blocks.0.gate_conv,0.009373888373374939
77,blocks.1.conv1,0.21689212322235107
77,blocks.1.conv2,0.22768329083919525
77,blocks.1.gate_conv,0.00793312769383192
77,blocks.2.conv1,0.20555627346038818
77,blocks.2.conv2,0.2003641426563263
77,blocks.2.gate_conv,0.018206745386123657
77,blocks.3.conv1,0.20539972186088562
77,blocks.3.conv2,0.1948690116405487
77,blocks.3.gate_conv,0.011812077835202217
77,blocks.4.conv1,0.19443179666996002
77,blocks.4.conv2,0.16727998852729797
77,blocks.4.gate_conv,0.013531890697777271
77,blocks.5.conv1,0.16502432525157928
77,blocks.5.conv2,0.15324924886226654
77,blocks.5.gate_conv,0.0180386770516634
77,blocks.6.conv1,0.14478276669979095
77,blocks.6.conv2,0.12911902368068695
77,blocks.6.gate_conv,0.01731819659471512
77,blocks.7.conv1,0.1391555368900299
77,blocks.7.conv2,0.12151312828063965
77,blocks.7.gate_conv,0.017484376206994057
77,blocks.8.conv1,0.14123311638832092
77,blocks.8.conv2,0.1209603101015091
77,blocks.8.gate_conv,0.011289313435554504
77,blocks.9.conv1,0.1210150271654129
77,blocks.9.conv2,0.11010630428791046
77,blocks.9.gate_conv,0.012375683523714542
77,blocks.10.conv1,0.12916137278079987
77,blocks.10.conv2,0.10941769182682037
77,blocks.10.gate_conv,0.011710340157151222
77,blocks.11.conv1,0.11608278751373291
77,blocks.11.conv2,0.10311052948236465
77,blocks.11.gate_conv,0.012375135906040668
77,blocks.12.conv1,0.11055552959442139
77,blocks.12.conv2,0.09419727325439453
77,blocks.12.gate_conv,0.009308727458119392
77,blocks.13.conv1,0.09878872334957123
77,blocks.13.conv2,0.08228866755962372
77,blocks.13.gate_conv,0.010117679834365845
77,blocks.14.conv1,0.09375541657209396
77,blocks.14.conv2,0.08033140003681183
77,blocks.14.gate_conv,0.007105553522706032
77,blocks.15.conv1,0.0989513173699379
77,blocks.15.conv2,0.07847753912210464
77,blocks.15.gate_conv,0.009281725622713566
77,blocks.16.conv1,0.09201398491859436
77,blocks.16.conv2,0.08082238584756851
77,blocks.16.gate_conv,0.010733101516962051
77,blocks.17.conv1,0.08548644930124283
77,blocks.17.conv2,0.0681523010134697
77,blocks.17.gate_conv,0.006593653000891209
77,blocks.18.conv1,0.08522801846265793
77,blocks.18.conv2,0.07002729922533035
77,blocks.18.gate_conv,0.009760057553648949
77,blocks.19.conv1,0.09016620367765427
77,blocks.19.conv2,0.0789124071598053
77,blocks.19.gate_conv,0.011301686055958271
77,blocks.20.conv1,0.07792093604803085
77,blocks.20.conv2,0.06708673387765884
77,blocks.20.gate_conv,0.010108738206326962
77,blocks.21.conv1,0.0901312604546547
77,blocks.21.conv2,0.07642856985330582
77,blocks.21.gate_conv,0.009575561620295048
77,blocks.22.conv1,0.07743009179830551
77,blocks.22.conv2,0.06802330166101456
77,blocks.22.gate_conv,0.01109192706644535
77,blocks.23.conv1,0.07514750212430954
77,blocks.23.conv2,0.06755160540342331
77,blocks.23.gate_conv,0.00865573063492775
77,blocks.24.conv1,0.09092232584953308
77,blocks.24.conv2,0.0803551971912384
77,blocks.24.gate_conv,0.017340874299407005
77,blocks.25.conv1,0.08332415670156479
77,blocks.25.conv2,0.0692102313041687
77,blocks.25.gate_conv,0.016395267099142075
77,blocks.26.conv1,0.08031819760799408
77,blocks.26.conv2,0.07137719541788101
77,blocks.26.gate_conv,0.00856819748878479
77,blocks.27.conv1,0.08157479763031006
77,blocks.27.conv2,0.07349779456853867
77,blocks.27.gate_conv,0.013676753267645836
77,blocks.28.conv1,0.09723499417304993
77,blocks.28.conv2,0.08652784675359726
77,blocks.28.gate_conv,0.014956340193748474
77,blocks.29.conv1,0.11836519092321396
77,blocks.29.conv2,0.09587936103343964
77,blocks.29.gate_conv,0.03359321877360344
77,blocks.30.conv1,0.13800695538520813
77,blocks.30.conv2,0.11353637278079987
77,blocks.30.gate_conv,0.02083716355264187
77,blocks.31.conv1,0.11929581314325333
77,blocks.31.conv2,0.09681206196546555
77,blocks.31.gate_conv,0.007250964175909758
77,mean_conv2d_grad_norm,0.08235993791736432
78,stem.0,0.11030921339988708
78,blocks.0.conv1,0.10797519981861115
78,blocks.0.conv2,0.11730965226888657
78,blocks.0.gate_conv,0.0061347875744104385
78,blocks.1.conv1,0.11999871581792831
78,blocks.1.conv2,0.1302633285522461
78,blocks.1.gate_conv,0.005237916484475136
78,blocks.2.conv1,0.11784642934799194
78,blocks.2.conv2,0.11270055174827576
78,blocks.2.gate_conv,0.007094701286405325
78,blocks.3.conv1,0.11381137371063232
78,blocks.3.conv2,0.10673609375953674
78,blocks.3.gate_conv,0.009057149291038513
78,blocks.4.conv1,0.1095481887459755
78,blocks.4.conv2,0.09845567494630814
78,blocks.4.gate_conv,0.00866631418466568
78,blocks.5.conv1,0.09916146099567413
78,blocks.5.conv2,0.08731457591056824
78,blocks.5.gate_conv,0.01172229927033186
78,blocks.6.conv1,0.08212223649024963
78,blocks.6.conv2,0.07586662471294403
78,blocks.6.gate_conv,0.009364927187561989
78,blocks.7.conv1,0.08000517636537552
78,blocks.7.conv2,0.07193395495414734
78,blocks.7.gate_conv,0.011752341873943806
78,blocks.8.conv1,0.07853693515062332
78,blocks.8.conv2,0.06951876729726791
78,blocks.8.gate_conv,0.006629136390984058
78,blocks.9.conv1,0.07240424305200577
78,blocks.9.conv2,0.06536123156547546
78,blocks.9.gate_conv,0.008104641921818256
78,blocks.10.conv1,0.07443103939294815
78,blocks.10.conv2,0.06606956571340561
78,blocks.10.gate_conv,0.007832725532352924
78,blocks.11.conv1,0.06633087247610092
78,blocks.11.conv2,0.05707690119743347
78,blocks.11.gate_conv,0.008308048360049725
78,blocks.12.conv1,0.05968143045902252
78,blocks.12.conv2,0.05566495284438133
78,blocks.12.gate_conv,0.006221034098416567
78,blocks.13.conv1,0.05835318565368652
78,blocks.13.conv2,0.05522624030709267
78,blocks.13.gate_conv,0.005636811722069979
78,blocks.14.conv1,0.06059177964925766
78,blocks.14.conv2,0.04956559091806412
78,blocks.14.gate_conv,0.004053850192576647
78,blocks.15.conv1,0.053645845502614975
78,blocks.15.conv2,0.04902176186442375
78,blocks.15.gate_conv,0.006562445312738419
78,blocks.16.conv1,0.0575890950858593
78,blocks.16.conv2,0.051693663001060486
78,blocks.16.gate_conv,0.007265793159604073
78,blocks.17.conv1,0.05659247189760208
78,blocks.17.conv2,0.04708730801939964
78,blocks.17.gate_conv,0.00436892407014966
78,blocks.18.conv1,0.05501791462302208
78,blocks.18.conv2,0.04827730730175972
78,blocks.18.gate_conv,0.0049259052611887455
78,blocks.19.conv1,0.05385533720254898
78,blocks.19.conv2,0.0447637140750885
78,blocks.19.gate_conv,0.004675040487200022
78,blocks.20.conv1,0.04894966259598732
78,blocks.20.conv2,0.04309503734111786
78,blocks.20.gate_conv,0.005454991478472948
78,blocks.21.conv1,0.05947015434503555
78,blocks.21.conv2,0.049998968839645386
78,blocks.21.gate_conv,0.006331215612590313
78,blocks.22.conv1,0.0550161674618721
78,blocks.22.conv2,0.04416500777006149
78,blocks.22.gate_conv,0.0058000157587230206
78,blocks.23.conv1,0.06155549734830856
78,blocks.23.conv2,0.04622596129775047
78,blocks.23.gate_conv,0.006173528730869293
78,blocks.24.conv1,0.057139765471220016
78,blocks.24.conv2,0.048871058970689774
78,blocks.24.gate_conv,0.008613882586359978
78,blocks.25.conv1,0.05092437192797661
78,blocks.25.conv2,0.03984462469816208
78,blocks.25.gate_conv,0.007501294836401939
78,blocks.26.conv1,0.04948161169886589
78,blocks.26.conv2,0.04561147838830948
78,blocks.26.gate_conv,0.005875223781913519
78,blocks.27.conv1,0.06120762974023819
78,blocks.27.conv2,0.0515378937125206
78,blocks.27.gate_conv,0.006840777583420277
78,blocks.28.conv1,0.06399902701377869
78,blocks.28.conv2,0.05398639291524887
78,blocks.28.gate_conv,0.0163502749055624
78,blocks.29.conv1,0.07972723245620728
78,blocks.29.conv2,0.06367093324661255
78,blocks.29.gate_conv,0.014491401612758636
78,blocks.30.conv1,0.08795303851366043
78,blocks.30.conv2,0.0673527792096138
78,blocks.30.gate_conv,0.009969787672162056
78,blocks.31.conv1,0.06465025991201401
78,blocks.31.conv2,0.05359116941690445
78,blocks.31.gate_conv,0.004710634704679251
78,mean_conv2d_grad_norm,0.04883988817539258
79,stem.0,0.17396600544452667
79,blocks.0.conv1,0.2086949646472931
79,blocks.0.conv2,0.24392905831336975
79,blocks.0.gate_conv,0.012332070618867874
79,blocks.1.conv1,0.24792695045471191
79,blocks.1.conv2,0.25963759422302246
79,blocks.1.gate_conv,0.009872440248727798
79,blocks.2.conv1,0.231159508228302
79,blocks.2.conv2,0.2212124764919281
79,blocks.2.gate_conv,0.015599158592522144
79,blocks.3.conv1,0.22027309238910675
79,blocks.3.conv2,0.20310233533382416
79,blocks.3.gate_conv,0.014311132952570915
79,blocks.4.conv1,0.1991792768239975
79,blocks.4.conv2,0.185447096824646
79,blocks.4.gate_conv,0.020871007815003395
79,blocks.5.conv1,0.1946168839931488
79,blocks.5.conv2,0.18521332740783691
79,blocks.5.gate_conv,0.023006286472082138
79,blocks.6.conv1,0.1689133644104004
79,blocks.6.conv2,0.15403537452220917
79,blocks.6.gate_conv,0.018151666969060898
79,blocks.7.conv1,0.15546777844429016
79,blocks.7.conv2,0.1434241384267807
79,blocks.7.gate_conv,0.01989317312836647
79,blocks.8.conv1,0.15388861298561096
79,blocks.8.conv2,0.14579889178276062
79,blocks.8.gate_conv,0.015296085737645626
79,blocks.9.conv1,0.14121891558170319
79,blocks.9.conv2,0.12730227410793304
79,blocks.9.gate_conv,0.015706082805991173
79,blocks.10.conv1,0.14812833070755005
79,blocks.10.conv2,0.12255294620990753
79,blocks.10.gate_conv,0.018916357308626175
79,blocks.11.conv1,0.12250092625617981
79,blocks.11.conv2,0.10919743031263351
79,blocks.11.gate_conv,0.016738805919885635
79,blocks.12.conv1,0.12132206559181213
79,blocks.12.conv2,0.10981297492980957
79,blocks.12.gate_conv,0.015891345217823982
79,blocks.13.conv1,0.11880481243133545
79,blocks.13.conv2,0.10484157502651215
79,blocks.13.gate_conv,0.016327250748872757
79,blocks.14.conv1,0.1057962030172348
79,blocks.14.conv2,0.08999978750944138
79,blocks.14.gate_conv,0.009566209279000759
79,blocks.15.conv1,0.10614404827356339
79,blocks.15.conv2,0.09416453540325165
79,blocks.15.gate_conv,0.012181599624454975
79,blocks.16.conv1,0.11053318530321121
79,blocks.16.conv2,0.09534378349781036
79,blocks.16.gate_conv,0.009735622443258762
79,blocks.17.conv1,0.10180407762527466
79,blocks.17.conv2,0.09028749167919159
79,blocks.17.gate_conv,0.008625066839158535
79,blocks.18.conv1,0.10190249234437943
79,blocks.18.conv2,0.08863254636526108
79,blocks.18.gate_conv,0.009168772026896477
79,blocks.19.conv1,0.09697779268026352
79,blocks.19.conv2,0.08589867502450943
79,blocks.19.gate_conv,0.01257860567420721
79,blocks.20.conv1,0.09698046743869781
79,blocks.20.conv2,0.08274687826633453
79,blocks.20.gate_conv,0.013276300393044949
79,blocks.21.conv1,0.10501590371131897
79,blocks.21.conv2,0.08907812088727951
79,blocks.21.gate_conv,0.011425619013607502
79,blocks.22.conv1,0.0993092730641365
79,blocks.22.conv2,0.08637285232543945
79,blocks.22.gate_conv,0.013175041414797306
79,blocks.23.conv1,0.11028847843408585
79,blocks.23.conv2,0.0826432853937149
79,blocks.23.gate_conv,0.011427461169660091
79,blocks.24.conv1,0.11176566034555435
79,blocks.24.conv2,0.09557530283927917
79,blocks.24.gate_conv,0.020450575277209282
79,blocks.25.conv1,0.1001487523317337
79,blocks.25.conv2,0.082316093146801
79,blocks.25.gate_conv,0.01823076792061329
79,blocks.26.conv1,0.09568473696708679
79,blocks.26.conv2,0.0870913490653038
79,blocks.26.gate_conv,0.01834072731435299
79,blocks.27.conv1,0.1211153045296669
79,blocks.27.conv2,0.08959303796291351
79,blocks.27.gate_conv,0.014201649464666843
79,blocks.28.conv1,0.11093027889728546
79,blocks.28.conv2,0.0968652069568634
79,blocks.28.gate_conv,0.022242261096835136
79,blocks.29.conv1,0.14588269591331482
79,blocks.29.conv2,0.11838404089212418
79,blocks.29.gate_conv,0.02973783202469349
79,blocks.30.conv1,0.17077182233333588
79,blocks.30.conv2,0.13813140988349915
79,blocks.30.gate_conv,0.022725723683834076
79,blocks.31.conv1,0.136370450258255
79,blocks.31.conv2,0.1232852041721344
79,blocks.31.gate_conv,0.011923251673579216
79,mean_conv2d_grad_norm,0.0945085170918826
80,stem.0,0.16208715736865997
80,blocks.0.conv1,0.18588030338287354
80,blocks.0.conv2,0.19804535806179047
80,blocks.0.gate_conv,0.012040357105433941
80,blocks.1.conv1,0.21438118815422058
80,blocks.1.conv2,0.22485767304897308
80,blocks.1.gate_conv,0.009356728754937649
80,blocks.2.conv1,0.20435090363025665
80,blocks.2.conv2,0.1990063339471817
80,blocks.2.gate_conv,0.018122198060154915
80,blocks.3.conv1,0.20516911149024963
80,blocks.3.conv2,0.1830396056175232
80,blocks.3.gate_conv,0.016382651403546333
80,blocks.4.conv1,0.17816556990146637
80,blocks.4.conv2,0.15872259438037872
80,blocks.4.gate_conv,0.017566876485943794
80,blocks.5.conv1,0.165556401014328
80,blocks.5.conv2,0.15994764864444733
80,blocks.5.gate_conv,0.026775063946843147
80,blocks.6.conv1,0.16152483224868774
80,blocks.6.conv2,0.1501397341489792
80,blocks.6.gate_conv,0.01914103887975216
80,blocks.7.conv1,0.14607809484004974
80,blocks.7.conv2,0.12380309402942657
80,blocks.7.gate_conv,0.01836896315217018
80,blocks.8.conv1,0.15539021790027618
80,blocks.8.conv2,0.13967521488666534
80,blocks.8.gate_conv,0.01023915596306324
80,blocks.9.conv1,0.12415751814842224
80,blocks.9.conv2,0.11845900118350983
80,blocks.9.gate_conv,0.01552074309438467
80,blocks.10.conv1,0.1258634626865387
80,blocks.10.conv2,0.11400929093360901
80,blocks.10.gate_conv,0.013847103342413902
80,blocks.11.conv1,0.1119413822889328
80,blocks.11.conv2,0.10334914177656174
80,blocks.11.gate_conv,0.012403227388858795
80,blocks.12.conv1,0.11121103912591934
80,blocks.12.conv2,0.10187818109989166
80,blocks.12.gate_conv,0.010230299085378647
80,blocks.13.conv1,0.0956285148859024
80,blocks.13.conv2,0.08627228438854218
80,blocks.13.gate_conv,0.008628507144749165
80,blocks.14.conv1,0.10521000623703003
80,blocks.14.conv2,0.08442071825265884
80,blocks.14.gate_conv,0.008269300684332848
80,blocks.15.conv1,0.08723241835832596
80,blocks.15.conv2,0.08055020868778229
80,blocks.15.gate_conv,0.009543202817440033
80,blocks.16.conv1,0.08634159713983536
80,blocks.16.conv2,0.07406497746706009
80,blocks.16.gate_conv,0.007912710309028625
80,blocks.17.conv1,0.09538562595844269
80,blocks.17.conv2,0.08277277648448944
80,blocks.17.gate_conv,0.006357807200402021
80,blocks.18.conv1,0.09883338212966919
80,blocks.18.conv2,0.07937116175889969
80,blocks.18.gate_conv,0.007205653935670853
80,blocks.19.conv1,0.09035446494817734
80,blocks.19.conv2,0.0753731057047844
80,blocks.19.gate_conv,0.008853686973452568
80,blocks.20.conv1,0.07610136270523071
80,blocks.20.conv2,0.06716962903738022
80,blocks.20.gate_conv,0.00885776523500681
80,blocks.21.conv1,0.10332706570625305
80,blocks.21.conv2,0.08139073848724365
80,blocks.21.gate_conv,0.010166864842176437
80,blocks.22.conv1,0.08898112922906876
80,blocks.22.conv2,0.07561220228672028
80,blocks.22.gate_conv,0.015243466943502426
80,blocks.23.conv1,0.0937349870800972
80,blocks.23.conv2,0.08290544152259827
80,blocks.23.gate_conv,0.013795409351587296
80,blocks.24.conv1,0.09368191659450531
80,blocks.24.conv2,0.07705888152122498
80,blocks.24.gate_conv,0.012804021127521992
80,blocks.25.conv1,0.10602355003356934
80,blocks.25.conv2,0.08763609081506729
80,blocks.25.gate_conv,0.017695052549242973
80,blocks.26.conv1,0.09308663755655289
80,blocks.26.conv2,0.07283277064561844
80,blocks.26.gate_conv,0.006856049410998821
80,blocks.27.conv1,0.10177630186080933
80,blocks.27.conv2,0.08354197442531586
80,blocks.27.gate_conv,0.011880478821694851
80,blocks.28.conv1,0.09094910323619843
80,blocks.28.conv2,0.08609147369861603
80,blocks.28.gate_conv,0.020141804590821266
80,blocks.29.conv1,0.12274289131164551
80,blocks.29.conv2,0.088128961622715
80,blocks.29.gate_conv,0.020246434956789017
80,blocks.30.conv1,0.14409875869750977
80,blocks.30.conv2,0.10436177253723145
80,blocks.30.gate_conv,0.014328843913972378
80,blocks.31.conv1,0.11215333640575409
80,blocks.31.conv2,0.09602836519479752
80,blocks.31.gate_conv,0.011664669029414654
80,mean_conv2d_grad_norm,0.08348827603148277
81,stem.0,0.18576274812221527
81,blocks.0.conv1,0.22348268330097198
81,blocks.0.conv2,0.23859050869941711
81,blocks.0.gate_conv,0.012063045054674149
81,blocks.1.conv1,0.23479008674621582
81,blocks.1.conv2,0.23901139199733734
81,blocks.1.gate_conv,0.009516940452158451
81,blocks.2.conv1,0.21721798181533813
81,blocks.2.conv2,0.20199733972549438
81,blocks.2.gate_conv,0.020638035610318184
81,blocks.3.conv1,0.2111445814371109
81,blocks.3.conv2,0.192762553691864
81,blocks.3.gate_conv,0.016666129231452942
81,blocks.4.conv1,0.19462695717811584
81,blocks.4.conv2,0.17394915223121643
81,blocks.4.gate_conv,0.016083741560578346
81,blocks.5.conv1,0.19774691760540009
81,blocks.5.conv2,0.16837775707244873
81,blocks.5.gate_conv,0.02170000970363617
81,blocks.6.conv1,0.15804840624332428
81,blocks.6.conv2,0.1438540816307068
81,blocks.6.gate_conv,0.020168758928775787
81,blocks.7.conv1,0.13538673520088196
81,blocks.7.conv2,0.12281081825494766
81,blocks.7.gate_conv,0.01801724173128605
81,blocks.8.conv1,0.14733770489692688
81,blocks.8.conv2,0.14111189544200897
81,blocks.8.gate_conv,0.014968078583478928
81,blocks.9.conv1,0.14147178828716278
81,blocks.9.conv2,0.12823210656642914
81,blocks.9.gate_conv,0.030122634023427963
81,blocks.10.conv1,0.13487190008163452
81,blocks.10.conv2,0.11958794295787811
81,blocks.10.gate_conv,0.014766217209398746
81,blocks.11.conv1,0.1250540316104889
81,blocks.11.conv2,0.10555899143218994
81,blocks.11.gate_conv,0.014818868599832058
81,blocks.12.conv1,0.11327682435512543
81,blocks.12.conv2,0.10013732314109802
81,blocks.12.gate_conv,0.013178830035030842
81,blocks.13.conv1,0.11213749647140503
81,blocks.13.conv2,0.09147286415100098
81,blocks.13.gate_conv,0.012302104383707047
81,blocks.14.conv1,0.09827148169279099
81,blocks.14.conv2,0.08997328579425812
81,blocks.14.gate_conv,0.008694658055901527
81,blocks.15.conv1,0.10294365882873535
81,blocks.15.conv2,0.08461353182792664
81,blocks.15.gate_conv,0.010301637463271618
81,blocks.16.conv1,0.09589574486017227
81,blocks.16.conv2,0.0902978777885437
81,blocks.16.gate_conv,0.013872496783733368
81,blocks.17.conv1,0.09215230494737625
81,blocks.17.conv2,0.0783998891711235
81,blocks.17.gate_conv,0.007257367949932814
81,blocks.18.conv1,0.0983094647526741
81,blocks.18.conv2,0.08288656175136566
81,blocks.18.gate_conv,0.012867985293269157
81,blocks.19.conv1,0.095369353890419
81,blocks.19.conv2,0.0800853818655014
81,blocks.19.gate_conv,0.011871746741235256
81,blocks.20.conv1,0.0919194445014
81,blocks.20.conv2,0.08511313050985336
81,blocks.20.gate_conv,0.010163039900362492
81,blocks.21.conv1,0.11710295081138611
81,blocks.21.conv2,0.0962410420179367
81,blocks.21.gate_conv,0.029885802417993546
81,blocks.22.conv1,0.08257593214511871
81,blocks.22.conv2,0.07778926193714142
81,blocks.22.gate_conv,0.013166364282369614
81,blocks.23.conv1,0.09192872047424316
81,blocks.23.conv2,0.08238892257213593
81,blocks.23.gate_conv,0.014782706275582314
81,blocks.24.conv1,0.09983935207128525
81,blocks.24.conv2,0.08808320015668869
81,blocks.24.gate_conv,0.025055307894945145
81,blocks.25.conv1,0.08578674495220184
81,blocks.25.conv2,0.0674317255616188
81,blocks.25.gate_conv,0.015881022438406944
81,blocks.26.conv1,0.09183084219694138
81,blocks.26.conv2,0.0723845362663269
81,blocks.26.gate_conv,0.015061368234455585
81,blocks.27.conv1,0.1175493523478508
81,blocks.27.conv2,0.08265861123800278
81,blocks.27.gate_conv,0.013686628080904484
81,blocks.28.conv1,0.11607301980257034
81,blocks.28.conv2,0.09435049444437027
81,blocks.28.gate_conv,0.021359344944357872
81,blocks.29.conv1,0.1405271291732788
81,blocks.29.conv2,0.11924971640110016
81,blocks.29.gate_conv,0.02753407135605812
81,blocks.30.conv1,0.16262294352054596
81,blocks.30.conv2,0.12347209453582764
81,blocks.30.gate_conv,0.019743353128433228
81,blocks.31.conv1,0.1203780323266983
81,blocks.31.conv2,0.12014009058475494
81,blocks.31.gate_conv,0.012296593748033047
81,mean_conv2d_grad_norm,0.09005092297075797
82,stem.0,0.23211027681827545
82,blocks.0.conv1,0.21833950281143188
82,blocks.0.conv2,0.2662324607372284
82,blocks.0.gate_conv,0.012544346041977406
82,blocks.1.conv1,0.2689177393913269
82,blocks.1.conv2,0.2907807528972626
82,blocks.1.gate_conv,0.012770218774676323
82,blocks.2.conv1,0.25379660725593567
82,blocks.2.conv2,0.2658160328865051
82,blocks.2.gate_conv,0.020354006439447403
82,blocks.3.conv1,0.26206734776496887
82,blocks.3.conv2,0.2449982464313507
82,blocks.3.gate_conv,0.01701173186302185
82,blocks.4.conv1,0.23791174590587616
82,blocks.4.conv2,0.22231124341487885
82,blocks.4.gate_conv,0.018752584233880043
82,blocks.5.conv1,0.2208009958267212
82,blocks.5.conv2,0.2094891369342804
82,blocks.5.gate_conv,0.027234481647610664
82,blocks.6.conv1,0.19961018860340118
82,blocks.6.conv2,0.18538418412208557
82,blocks.6.gate_conv,0.029493611305952072
82,blocks.7.conv1,0.18290390074253082
82,blocks.7.conv2,0.17197056114673615
82,blocks.7.gate_conv,0.03003009222447872
82,blocks.8.conv1,0.1834484040737152
82,blocks.8.conv2,0.16715745627880096
82,blocks.8.gate_conv,0.015624798834323883
82,blocks.9.conv1,0.175797700881958
82,blocks.9.conv2,0.1594185084104538
82,blocks.9.gate_conv,0.022325512021780014
82,blocks.10.conv1,0.16873657703399658
82,blocks.10.conv2,0.1501828283071518
82,blocks.10.gate_conv,0.019665101543068886
82,blocks.11.conv1,0.15050970017910004
82,blocks.11.conv2,0.1310935914516449
82,blocks.11.gate_conv,0.019904905930161476
82,blocks.12.conv1,0.14241823554039001
82,blocks.12.conv2,0.1272186040878296
82,blocks.12.gate_conv,0.015663284808397293
82,blocks.13.conv1,0.12720899283885956
82,blocks.13.conv2,0.12329059094190598
82,blocks.13.gate_conv,0.014979558065533638
82,blocks.14.conv1,0.1347377747297287
82,blocks.14.conv2,0.1170491948723793
82,blocks.14.gate_conv,0.011610864661633968
82,blocks.15.conv1,0.1274794042110443
82,blocks.15.conv2,0.11328962445259094
82,blocks.15.gate_conv,0.013505840674042702
82,blocks.16.conv1,0.12544602155685425
82,blocks.16.conv2,0.11223479360342026
82,blocks.16.gate_conv,0.01894073188304901
82,blocks.17.conv1,0.12529721856117249
82,blocks.17.conv2,0.10403862595558167
82,blocks.17.gate_conv,0.013522910885512829
82,blocks.18.conv1,0.11016273498535156
82,blocks.18.conv2,0.10270026326179504
82,blocks.18.gate_conv,0.01393415592610836
82,blocks.19.conv1,0.11917221546173096
82,blocks.19.conv2,0.10135135054588318
82,blocks.19.gate_conv,0.011452758684754372
82,blocks.20.conv1,0.12130715698003769
82,blocks.20.conv2,0.09696847945451736
82,blocks.20.gate_conv,0.018750745803117752
82,blocks.21.conv1,0.12729157507419586
82,blocks.21.conv2,0.11237036436796188
82,blocks.21.gate_conv,0.014629709534347057
82,blocks.22.conv1,0.11952751129865646
82,blocks.22.conv2,0.09826020151376724
82,blocks.22.gate_conv,0.013177651911973953
82,blocks.23.conv1,0.11707262694835663
82,blocks.23.conv2,0.09761831164360046
82,blocks.23.gate_conv,0.011155596002936363
82,blocks.24.conv1,0.14633440971374512
82,blocks.24.conv2,0.11561514437198639
82,blocks.24.gate_conv,0.024271344766020775
82,blocks.25.conv1,0.12685462832450867
82,blocks.25.conv2,0.1054978147149086
82,blocks.25.gate_conv,0.020803241059184074
82,blocks.26.conv1,0.13041868805885315
82,blocks.26.conv2,0.10799757391214371
82,blocks.26.gate_conv,0.01346463244408369
82,blocks.27.conv1,0.12562768161296844
82,blocks.27.conv2,0.10626225918531418
82,blocks.27.gate_conv,0.01363314501941204
82,blocks.28.conv1,0.13942231237888336
82,blocks.28.conv2,0.11417678743600845
82,blocks.28.gate_conv,0.02611897699534893
82,blocks.29.conv1,0.16621357202529907
82,blocks.29.conv2,0.1279350072145462
82,blocks.29.gate_conv,0.030504008755087852
82,blocks.30.conv1,0.1925906240940094
82,blocks.30.conv2,0.14947853982448578
82,blocks.30.gate_conv,0.021821096539497375
82,blocks.31.conv1,0.15537476539611816
82,blocks.31.conv2,0.1292508840560913
82,blocks.31.gate_conv,0.017719266936182976
82,mean_conv2d_grad_norm,0.11080122853331652
83,stem.0,0.12693342566490173
83,blocks.0.conv1,0.1366228610277176
83,blocks.0.conv2,0.15311551094055176
83,blocks.0.gate_conv,0.007731346413493156
83,blocks.1.conv1,0.15679913759231567
83,blocks.1.conv2,0.16232161223888397
83,blocks.1.gate_conv,0.007058096583932638
83,blocks.2.conv1,0.13712726533412933
83,blocks.2.conv2,0.13702957332134247
83,blocks.2.gate_conv,0.01103218924254179
83,blocks.3.conv1,0.1412147432565689
83,blocks.3.conv2,0.12881802022457123
83,blocks.3.gate_conv,0.008736941032111645
83,blocks.4.conv1,0.12424486875534058
83,blocks.4.conv2,0.11204825341701508
83,blocks.4.gate_conv,0.010962314903736115
83,blocks.5.conv1,0.11986922472715378
83,blocks.5.conv2,0.11242573708295822
83,blocks.5.gate_conv,0.012259737588465214
83,blocks.6.conv1,0.10848873108625412
83,blocks.6.conv2,0.09857045114040375
83,blocks.6.gate_conv,0.01184738241136074
83,blocks.7.conv1,0.09605935215950012
83,blocks.7.conv2,0.08875875174999237
83,blocks.7.gate_conv,0.01552253682166338
83,blocks.8.conv1,0.10225392878055573
83,blocks.8.conv2,0.08479499071836472
83,blocks.8.gate_conv,0.007788506336510181
83,blocks.9.conv1,0.09043216705322266
83,blocks.9.conv2,0.08152396231889725
83,blocks.9.gate_conv,0.01079473365098238
83,blocks.10.conv1,0.08697538822889328
83,blocks.10.conv2,0.07856538891792297
83,blocks.10.gate_conv,0.010947220958769321
83,blocks.11.conv1,0.07809174060821533
83,blocks.11.conv2,0.07202499359846115
83,blocks.11.gate_conv,0.008232997730374336
83,blocks.12.conv1,0.07165452092885971
83,blocks.12.conv2,0.05911622568964958
83,blocks.12.gate_conv,0.0065139601938426495
83,blocks.13.conv1,0.06363213062286377
83,blocks.13.conv2,0.05182556062936783
83,blocks.13.gate_conv,0.006255477201193571
83,blocks.14.conv1,0.06346763670444489
83,blocks.14.conv2,0.05543981119990349
83,blocks.14.gate_conv,0.005430660676211119
83,blocks.15.conv1,0.06298024952411652
83,blocks.15.conv2,0.054484955966472626
83,blocks.15.gate_conv,0.007018662057816982
83,blocks.16.conv1,0.062029846012592316
83,blocks.16.conv2,0.056768473237752914
83,blocks.16.gate_conv,0.006492639891803265
83,blocks.17.conv1,0.06603112816810608
83,blocks.17.conv2,0.05300728976726532
83,blocks.17.gate_conv,0.005123278591781855
83,blocks.18.conv1,0.0641021728515625
83,blocks.18.conv2,0.051424600183963776
83,blocks.18.gate_conv,0.0061496589332818985
83,blocks.19.conv1,0.060328833758831024
83,blocks.19.conv2,0.048303745687007904
83,blocks.19.gate_conv,0.008016528561711311
83,blocks.20.conv1,0.06029415503144264
83,blocks.20.conv2,0.04869794100522995
83,blocks.20.gate_conv,0.007671751547604799
83,blocks.21.conv1,0.06482300162315369
83,blocks.21.conv2,0.057960428297519684
83,blocks.21.gate_conv,0.0075827231630682945
83,blocks.22.conv1,0.06287351250648499
83,blocks.22.conv2,0.05207613855600357
83,blocks.22.gate_conv,0.007141249720007181
83,blocks.23.conv1,0.06767373532056808
83,blocks.23.conv2,0.05950285121798515
83,blocks.23.gate_conv,0.009245965629816055
83,blocks.24.conv1,0.0697641521692276
83,blocks.24.conv2,0.055824775248765945
83,blocks.24.gate_conv,0.009373295120894909
83,blocks.25.conv1,0.07222941517829895
83,blocks.25.conv2,0.05520293489098549
83,blocks.25.gate_conv,0.015998441725969315
83,blocks.26.conv1,0.05959664285182953
83,blocks.26.conv2,0.0442008338868618
83,blocks.26.gate_conv,0.004534974228590727
83,blocks.27.conv1,0.05894923955202103
83,blocks.27.conv2,0.04301625117659569
83,blocks.27.gate_conv,0.0065711564384400845
83,blocks.28.conv1,0.07133239507675171
83,blocks.28.conv2,0.06276824325323105
83,blocks.28.gate_conv,0.014577369205653667
83,blocks.29.conv1,0.08319447189569473
83,blocks.29.conv2,0.06413879245519638
83,blocks.29.gate_conv,0.022962016984820366
83,blocks.30.conv1,0.0927746593952179
83,blocks.30.conv2,0.07877668738365173
83,blocks.30.gate_conv,0.010109832510352135
83,blocks.31.conv1,0.07273923605680466
83,blocks.31.conv2,0.06630390137434006
83,blocks.31.gate_conv,0.005506179761141539
83,mean_conv2d_grad_norm,0.05752176785668761
84,stem.0,0.19543859362602234
84,blocks.0.conv1,0.1882990300655365
84,blocks.0.conv2,0.220863476395607
84,blocks.0.gate_conv,0.009926967322826385
84,blocks.1.conv1,0.22990988194942474
84,blocks.1.conv2,0.23758751153945923
84,blocks.1.gate_conv,0.010181046091020107
84,blocks.2.conv1,0.2174263298511505
84,blocks.2.conv2,0.20410560071468353
84,blocks.2.gate_conv,0.01668974570930004
84,blocks.3.conv1,0.20574896037578583
84,blocks.3.conv2,0.1885581910610199
84,blocks.3.gate_conv,0.014572471380233765
84,blocks.4.conv1,0.19061313569545746
84,blocks.4.conv2,0.17487351596355438
84,blocks.4.gate_conv,0.015578733757138252
84,blocks.5.conv1,0.18000462651252747
84,blocks.5.conv2,0.15711526572704315
84,blocks.5.gate_conv,0.02077184058725834
84,blocks.6.conv1,0.1540878415107727
84,blocks.6.conv2,0.14109501242637634
84,blocks.6.gate_conv,0.019706949591636658
84,blocks.7.conv1,0.1503334492444992
84,blocks.7.conv2,0.13258646428585052
84,blocks.7.gate_conv,0.02042256109416485
84,blocks.8.conv1,0.15374578535556793
84,blocks.8.conv2,0.13552789390087128
84,blocks.8.gate_conv,0.010984396561980247
84,blocks.9.conv1,0.13519379496574402
84,blocks.9.conv2,0.11989648640155792
84,blocks.9.gate_conv,0.018726829439401627
84,blocks.10.conv1,0.14367635548114777
84,blocks.10.conv2,0.11850431561470032
84,blocks.10.gate_conv,0.013226407580077648
84,blocks.11.conv1,0.11818297952413559
84,blocks.11.conv2,0.10371072590351105
84,blocks.11.gate_conv,0.016955019906163216
84,blocks.12.conv1,0.11002247780561447
84,blocks.12.conv2,0.09923336654901505
84,blocks.12.gate_conv,0.0133414501324296
84,blocks.13.conv1,0.10769757628440857
84,blocks.13.conv2,0.09244471043348312
84,blocks.13.gate_conv,0.0131323067471385
84,blocks.14.conv1,0.10798046737909317
84,blocks.14.conv2,0.09557975828647614
84,blocks.14.gate_conv,0.01093275099992752
84,blocks.15.conv1,0.09298976510763168
84,blocks.15.conv2,0.08154591172933578
84,blocks.15.gate_conv,0.012029927223920822
84,blocks.16.conv1,0.10260877013206482
84,blocks.16.conv2,0.09096188098192215
84,blocks.16.gate_conv,0.010481101460754871
84,blocks.17.conv1,0.09653368592262268
84,blocks.17.conv2,0.09043706953525543
84,blocks.17.gate_conv,0.00947061087936163
84,blocks.18.conv1,0.09248413145542145
84,blocks.18.conv2,0.08028323948383331
84,blocks.18.gate_conv,0.007136730942875147
84,blocks.19.conv1,0.0965212881565094
84,blocks.19.conv2,0.08678653091192245
84,blocks.19.gate_conv,0.009545838460326195
84,blocks.20.conv1,0.10176236182451248
84,blocks.20.conv2,0.08707696944475174
84,blocks.20.gate_conv,0.012549301609396935
84,blocks.21.conv1,0.10343600809574127
84,blocks.21.conv2,0.08924683928489685
84,blocks.21.gate_conv,0.011067535728216171
84,blocks.22.conv1,0.1026775985956192
84,blocks.22.conv2,0.08143576979637146
84,blocks.22.gate_conv,0.011767062358558178
84,blocks.23.conv1,0.0941455140709877
84,blocks.23.conv2,0.09050796926021576
84,blocks.23.gate_conv,0.01597253791987896
84,blocks.24.conv1,0.10444251447916031
84,blocks.24.conv2,0.08758744597434998
84,blocks.24.gate_conv,0.02015756256878376
84,blocks.25.conv1,0.10650292783975601
84,blocks.25.conv2,0.09392659366130829
84,blocks.25.gate_conv,0.019857283681631088
84,blocks.26.conv1,0.0966091975569725
84,blocks.26.conv2,0.078818678855896
84,blocks.26.gate_conv,0.010316318832337856
84,blocks.27.conv1,0.11475695669651031
84,blocks.27.conv2,0.08907338231801987
84,blocks.27.gate_conv,0.01607322134077549
84,blocks.28.conv1,0.11868587881326675
84,blocks.28.conv2,0.08723573386669159
84,blocks.28.gate_conv,0.023045603185892105
84,blocks.29.conv1,0.14612320065498352
84,blocks.29.conv2,0.11212794482707977
84,blocks.29.gate_conv,0.03374180570244789
84,blocks.30.conv1,0.15696167945861816
84,blocks.30.conv2,0.12060413509607315
84,blocks.30.gate_conv,0.02284926548600197
84,blocks.31.conv1,0.1212451383471489
84,blocks.31.conv2,0.11786922067403793
84,blocks.31.gate_conv,0.016580965369939804
84,mean_conv2d_grad_norm,0.0898128625091895
85,stem.0,0.18428325653076172
85,blocks.0.conv1,0.2032507061958313
85,blocks.0.conv2,0.23850156366825104
85,blocks.0.gate_conv,0.012990172021090984
85,blocks.1.conv1,0.21251574158668518
85,blocks.1.conv2,0.20885531604290009
85,blocks.1.gate_conv,0.009029930457472801
85,blocks.2.conv1,0.19394895434379578
85,blocks.2.conv2,0.1866283267736435
85,blocks.2.gate_conv,0.01670936495065689
85,blocks.3.conv1,0.1871090680360794
85,blocks.3.conv2,0.17708876729011536
85,blocks.3.gate_conv,0.012024286203086376
85,blocks.4.conv1,0.16706418991088867
85,blocks.4.conv2,0.15746723115444183
85,blocks.4.gate_conv,0.014421043917536736
85,blocks.5.conv1,0.15835857391357422
85,blocks.5.conv2,0.14526531100273132
85,blocks.5.gate_conv,0.016412794589996338
85,blocks.6.conv1,0.13812045753002167
85,blocks.6.conv2,0.13105861842632294
85,blocks.6.gate_conv,0.01884213276207447
85,blocks.7.conv1,0.13285280764102936
85,blocks.7.conv2,0.12115000933408737
85,blocks.7.gate_conv,0.018976552411913872
85,blocks.8.conv1,0.1362254023551941
85,blocks.8.conv2,0.11971551179885864
85,blocks.8.gate_conv,0.010674540884792805
85,blocks.9.conv1,0.11349377036094666
85,blocks.9.conv2,0.10680752992630005
85,blocks.9.gate_conv,0.015835801139473915
85,blocks.10.conv1,0.11438313126564026
85,blocks.10.conv2,0.1081542819738388
85,blocks.10.gate_conv,0.011901657097041607
85,blocks.11.conv1,0.10185618698596954
85,blocks.11.conv2,0.09293750673532486
85,blocks.11.gate_conv,0.011982855387032032
85,blocks.12.conv1,0.10413120687007904
85,blocks.12.conv2,0.08544383198022842
85,blocks.12.gate_conv,0.010221282951533794
85,blocks.13.conv1,0.09373593330383301
85,blocks.13.conv2,0.0823950543999672
85,blocks.13.gate_conv,0.01680741086602211
85,blocks.14.conv1,0.09141937643289566
85,blocks.14.conv2,0.08301406353712082
85,blocks.14.gate_conv,0.009124845266342163
85,blocks.15.conv1,0.08044497668743134
85,blocks.15.conv2,0.06920897215604782
85,blocks.15.gate_conv,0.008502522483468056
85,blocks.16.conv1,0.0888051986694336
85,blocks.16.conv2,0.07580911368131638
85,blocks.16.gate_conv,0.00808294489979744
85,blocks.17.conv1,0.0798993855714798
85,blocks.17.conv2,0.06705165654420853
85,blocks.17.gate_conv,0.008171668276190758
85,blocks.18.conv1,0.08304794132709503
85,blocks.18.conv2,0.06654509902000427
85,blocks.18.gate_conv,0.011813865043222904
85,blocks.19.conv1,0.07576470077037811
85,blocks.19.conv2,0.0667792484164238
85,blocks.19.gate_conv,0.008271152153611183
85,blocks.20.conv1,0.07370759546756744
85,blocks.20.conv2,0.06219150125980377
85,blocks.20.gate_conv,0.007801407016813755
85,blocks.21.conv1,0.08437217772006989
85,blocks.21.conv2,0.07051968574523926
85,blocks.21.gate_conv,0.010356574319303036
85,blocks.22.conv1,0.07038183510303497
85,blocks.22.conv2,0.061684928834438324
85,blocks.22.gate_conv,0.009263391606509686
85,blocks.23.conv1,0.07002095878124237
85,blocks.23.conv2,0.05595190078020096
85,blocks.23.gate_conv,0.006599579006433487
85,blocks.24.conv1,0.08272020518779755
85,blocks.24.conv2,0.06798870116472244
85,blocks.24.gate_conv,0.016614127904176712
85,blocks.25.conv1,0.07785331457853317
85,blocks.25.conv2,0.0663510262966156
85,blocks.25.gate_conv,0.021884899586439133
85,blocks.26.conv1,0.07994001358747482
85,blocks.26.conv2,0.06450296938419342
85,blocks.26.gate_conv,0.007102983072400093
85,blocks.27.conv1,0.09336964040994644
85,blocks.27.conv2,0.07734230905771255
85,blocks.27.gate_conv,0.01571020670235157
85,blocks.28.conv1,0.09999478608369827
85,blocks.28.conv2,0.07615815848112106
85,blocks.28.gate_conv,0.015340865589678288
85,blocks.29.conv1,0.11427836120128632
85,blocks.29.conv2,0.09263595193624496
85,blocks.29.gate_conv,0.03653972968459129
85,blocks.30.conv1,0.13136816024780273
85,blocks.30.conv2,0.11398300528526306
85,blocks.30.gate_conv,0.025265410542488098
85,blocks.31.conv1,0.13104721903800964
85,blocks.31.conv2,0.11430499702692032
85,blocks.31.gate_conv,0.010220120660960674
85,mean_conv2d_grad_norm,0.07831704641509916
86,stem.0,0.26002371311187744
86,blocks.0.conv1,0.21992410719394684
86,blocks.0.conv2,0.24703550338745117
86,blocks.0.gate_conv,0.009801628068089485
86,blocks.1.conv1,0.2518698275089264
86,blocks.1.conv2,0.27207162976264954
86,blocks.1.gate_conv,0.011294476687908173
86,blocks.2.conv1,0.24730823934078217
86,blocks.2.conv2,0.24406708776950836
86,blocks.2.gate_conv,0.018619952723383904
86,blocks.3.conv1,0.23495131731033325
86,blocks.3.conv2,0.21409662067890167
86,blocks.3.gate_conv,0.017481975257396698
86,blocks.4.conv1,0.22254036366939545
86,blocks.4.conv2,0.19981707632541656
86,blocks.4.gate_conv,0.020846717059612274
86,blocks.5.conv1,0.2048220932483673
86,blocks.5.conv2,0.1896861046552658
86,blocks.5.gate_conv,0.028955793008208275
86,blocks.6.conv1,0.18099325895309448
86,blocks.6.conv2,0.15834186971187592
86,blocks.6.gate_conv,0.023956136777997017
86,blocks.7.conv1,0.17536891996860504
86,blocks.7.conv2,0.15362493693828583
86,blocks.7.gate_conv,0.022534647956490517
86,blocks.8.conv1,0.1750001460313797
86,blocks.8.conv2,0.15652136504650116
86,blocks.8.gate_conv,0.01581127569079399
86,blocks.9.conv1,0.15275970101356506
86,blocks.9.conv2,0.13667848706245422
86,blocks.9.gate_conv,0.021369969472289085
86,blocks.10.conv1,0.1450401246547699
86,blocks.10.conv2,0.13314342498779297
86,blocks.10.gate_conv,0.017473705112934113
86,blocks.11.conv1,0.12648145854473114
86,blocks.11.conv2,0.11802332103252411
86,blocks.11.gate_conv,0.017849856987595558
86,blocks.12.conv1,0.1253117322921753
86,blocks.12.conv2,0.1148868277668953
86,blocks.12.gate_conv,0.016344381496310234
86,blocks.13.conv1,0.11522987484931946
86,blocks.13.conv2,0.11161445081233978
86,blocks.13.gate_conv,0.017347799614071846
86,blocks.14.conv1,0.1301240473985672
86,blocks.14.conv2,0.10680142045021057
86,blocks.14.gate_conv,0.010063364170491695
86,blocks.15.conv1,0.10161502659320831
86,blocks.15.conv2,0.09709644317626953
86,blocks.15.gate_conv,0.010634325444698334
86,blocks.16.conv1,0.11122403293848038
86,blocks.16.conv2,0.09258024394512177
86,blocks.16.gate_conv,0.012905716896057129
86,blocks.17.conv1,0.10206911712884903
86,blocks.17.conv2,0.08903326839208603
86,blocks.17.gate_conv,0.00950881838798523
86,blocks.18.conv1,0.11333596706390381
86,blocks.18.conv2,0.09366261959075928
86,blocks.18.gate_conv,0.011713200248777866
86,blocks.19.conv1,0.11327552050352097
86,blocks.19.conv2,0.08927365392446518
86,blocks.19.gate_conv,0.015032872557640076
86,blocks.20.conv1,0.10639321804046631
86,blocks.20.conv2,0.08899828791618347
86,blocks.20.gate_conv,0.011855647899210453
86,blocks.21.conv1,0.12072543054819107
86,blocks.21.conv2,0.10056622326374054
86,blocks.21.gate_conv,0.016941694542765617
86,blocks.22.conv1,0.10678672045469284
86,blocks.22.conv2,0.09508093446493149
86,blocks.22.gate_conv,0.01571987010538578
86,blocks.23.conv1,0.09967661648988724
86,blocks.23.conv2,0.09285496920347214
86,blocks.23.gate_conv,0.013922280631959438
86,blocks.24.conv1,0.11971388757228851
86,blocks.24.conv2,0.10829055309295654
86,blocks.24.gate_conv,0.02079186774790287
86,blocks.25.conv1,0.11094290763139725
86,blocks.25.conv2,0.10217263549566269
86,blocks.25.gate_conv,0.03053412213921547
86,blocks.26.conv1,0.09989999979734421
86,blocks.26.conv2,0.084254689514637
86,blocks.26.gate_conv,0.00937548466026783
86,blocks.27.conv1,0.11302600055932999
86,blocks.27.conv2,0.09299034625291824
86,blocks.27.gate_conv,0.015678031370043755
86,blocks.28.conv1,0.14622029662132263
86,blocks.28.conv2,0.108646459877491
86,blocks.28.gate_conv,0.030160101130604744
86,blocks.29.conv1,0.16611215472221375
86,blocks.29.conv2,0.13288173079490662
86,blocks.29.gate_conv,0.032812584191560745
86,blocks.30.conv1,0.1886904090642929
86,blocks.30.conv2,0.15346957743167877
86,blocks.30.gate_conv,0.032051440328359604
86,blocks.31.conv1,0.1466885805130005
86,blocks.31.conv2,0.1414782553911209
86,blocks.31.gate_conv,0.015231053344905376
86,mean_conv2d_grad_norm,0.10235573836247024
87,stem.0,0.24271385371685028
87,blocks.0.conv1,0.31551361083984375
87,blocks.0.conv2,0.30933669209480286
87,blocks.0.gate_conv,0.015463289804756641
87,blocks.1.conv1,0.30242547392845154
87,blocks.1.conv2,0.3066566288471222
87,blocks.1.gate_conv,0.014089315198361874
87,blocks.2.conv1,0.2652878761291504
87,blocks.2.conv2,0.26408183574676514
87,blocks.2.gate_conv,0.02215207740664482
87,blocks.3.conv1,0.2681373357772827
87,blocks.3.conv2,0.2295747846364975
87,blocks.3.gate_conv,0.015710925683379173
87,blocks.4.conv1,0.2266177088022232
87,blocks.4.conv2,0.21200573444366455
87,blocks.4.gate_conv,0.017367281019687653
87,blocks.5.conv1,0.21248768270015717
87,blocks.5.conv2,0.19903726875782013
87,blocks.5.gate_conv,0.02281605266034603
87,blocks.6.conv1,0.19554343819618225
87,blocks.6.conv2,0.17842519283294678
87,blocks.6.gate_conv,0.021883180364966393
87,blocks.7.conv1,0.17243513464927673
87,blocks.7.conv2,0.15477241575717926
87,blocks.7.gate_conv,0.02538255788385868
87,blocks.8.conv1,0.19099752604961395
87,blocks.8.conv2,0.1657104790210724
87,blocks.8.gate_conv,0.015062874183058739
87,blocks.9.conv1,0.16717804968357086
87,blocks.9.conv2,0.14292019605636597
87,blocks.9.gate_conv,0.016876813024282455
87,blocks.10.conv1,0.16866987943649292
87,blocks.10.conv2,0.13409443199634552
87,blocks.10.gate_conv,0.01931995339691639
87,blocks.11.conv1,0.1504666954278946
87,blocks.11.conv2,0.12748770415782928
87,blocks.11.gate_conv,0.020389387384057045
87,blocks.12.conv1,0.13090205192565918
87,blocks.12.conv2,0.1173732578754425
87,blocks.12.gate_conv,0.01370376255363226
87,blocks.13.conv1,0.12654519081115723
87,blocks.13.conv2,0.10913731157779694
87,blocks.13.gate_conv,0.012128389440476894
87,blocks.14.conv1,0.12326964735984802
87,blocks.14.conv2,0.1053382009267807
87,blocks.14.gate_conv,0.009925846010446548
87,blocks.15.conv1,0.11278968304395676
87,blocks.15.conv2,0.10271506756544113
87,blocks.15.gate_conv,0.013401176780462265
87,blocks.16.conv1,0.10967414826154709
87,blocks.16.conv2,0.09654075652360916
87,blocks.16.gate_conv,0.011742129921913147
87,blocks.17.conv1,0.11098237335681915
87,blocks.17.conv2,0.09529643505811691
87,blocks.17.gate_conv,0.010978450998663902
87,blocks.18.conv1,0.10930178314447403
87,blocks.18.conv2,0.09472370892763138
87,blocks.18.gate_conv,0.008723890408873558
87,blocks.19.conv1,0.11164314299821854
87,blocks.19.conv2,0.09778856486082077
87,blocks.19.gate_conv,0.010967809706926346
87,blocks.20.conv1,0.11167250573635101
87,blocks.20.conv2,0.09600910544395447
87,blocks.20.gate_conv,0.019331613555550575
87,blocks.21.conv1,0.12865161895751953
87,blocks.21.conv2,0.11362893134355545
87,blocks.21.gate_conv,0.014966693706810474
87,blocks.22.conv1,0.10107742249965668
87,blocks.22.conv2,0.082262322306633
87,blocks.22.gate_conv,0.011019361205399036
87,blocks.23.conv1,0.12896926701068878
87,blocks.23.conv2,0.09621018916368484
87,blocks.23.gate_conv,0.015958478674292564
87,blocks.24.conv1,0.12524919211864471
87,blocks.24.conv2,0.12145353108644485
87,blocks.24.gate_conv,0.02813536860048771
87,blocks.25.conv1,0.10869186371564865
87,blocks.25.conv2,0.09928770363330841
87,blocks.25.gate_conv,0.019894111901521683
87,blocks.26.conv1,0.10265718400478363
87,blocks.26.conv2,0.08678428083658218
87,blocks.26.gate_conv,0.01396119687706232
87,blocks.27.conv1,0.10484321415424347
87,blocks.27.conv2,0.09209305793046951
87,blocks.27.gate_conv,0.024545378983020782
87,blocks.28.conv1,0.13910925388336182
87,blocks.28.conv2,0.11598191410303116
87,blocks.28.gate_conv,0.03092130459845066
87,blocks.29.conv1,0.16209247708320618
87,blocks.29.conv2,0.12941016256809235
87,blocks.29.gate_conv,0.025589926168322563
87,blocks.30.conv1,0.19970878958702087
87,blocks.30.conv2,0.16784995794296265
87,blocks.30.gate_conv,0.028617629781365395
87,blocks.31.conv1,0.16232991218566895
87,blocks.31.conv2,0.1530037373304367
87,blocks.31.gate_conv,0.01741773821413517
87,mean_conv2d_grad_norm,0.10880485066625568
88,stem.0,0.2023710012435913
88,blocks.0.conv1,0.20554792881011963
88,blocks.0.conv2,0.22934536635875702
88,blocks.0.gate_conv,0.011178876273334026
88,blocks.1.conv1,0.23872365057468414
88,blocks.1.conv2,0.2441188246011734
88,blocks.1.gate_conv,0.009407023899257183
88,blocks.2.conv1,0.22379422187805176
88,blocks.2.conv2,0.21216124296188354
88,blocks.2.gate_conv,0.015863873064517975
88,blocks.3.conv1,0.21560564637184143
88,blocks.3.conv2,0.20121458172798157
88,blocks.3.gate_conv,0.0136107187718153
88,blocks.4.conv1,0.19866430759429932
88,blocks.4.conv2,0.17301565408706665
88,blocks.4.gate_conv,0.014681458473205566
88,blocks.5.conv1,0.18932828307151794
88,blocks.5.conv2,0.17602406442165375
88,blocks.5.gate_conv,0.02311861887574196
88,blocks.6.conv1,0.17782092094421387
88,blocks.6.conv2,0.15332810580730438
88,blocks.6.gate_conv,0.023599205538630486
88,blocks.7.conv1,0.1527697592973709
88,blocks.7.conv2,0.13683730363845825
88,blocks.7.gate_conv,0.023486776277422905
88,blocks.8.conv1,0.16860000789165497
88,blocks.8.conv2,0.14341667294502258
88,blocks.8.gate_conv,0.012383786030113697
88,blocks.9.conv1,0.1331430822610855
88,blocks.9.conv2,0.12206288427114487
88,blocks.9.gate_conv,0.01567748188972473
88,blocks.10.conv1,0.13373598456382751
88,blocks.10.conv2,0.11617833375930786
88,blocks.10.gate_conv,0.011851059272885323
88,blocks.11.conv1,0.13103152811527252
88,blocks.11.conv2,0.1132478415966034
88,blocks.11.gate_conv,0.020212192088365555
88,blocks.12.conv1,0.1307578831911087
88,blocks.12.conv2,0.10749813169240952
88,blocks.12.gate_conv,0.011927452869713306
88,blocks.13.conv1,0.11739305406808853
88,blocks.13.conv2,0.09883592277765274
88,blocks.13.gate_conv,0.01159613486379385
88,blocks.14.conv1,0.11614393442869186
88,blocks.14.conv2,0.09180257469415665
88,blocks.14.gate_conv,0.00816913228482008
88,blocks.15.conv1,0.10489988327026367
88,blocks.15.conv2,0.0879826694726944
88,blocks.15.gate_conv,0.010359314270317554
88,blocks.16.conv1,0.11101742088794708
88,blocks.16.conv2,0.09035465121269226
88,blocks.16.gate_conv,0.013005290180444717
88,blocks.17.conv1,0.10396859049797058
88,blocks.17.conv2,0.08053221553564072
88,blocks.17.gate_conv,0.009178453125059605
88,blocks.18.conv1,0.1049814522266388
88,blocks.18.conv2,0.08306332677602768
88,blocks.18.gate_conv,0.008312320336699486
88,blocks.19.conv1,0.11035529524087906
88,blocks.19.conv2,0.09197544306516647
88,blocks.19.gate_conv,0.01281525008380413
88,blocks.20.conv1,0.0975056141614914
88,blocks.20.conv2,0.07542484998703003
88,blocks.20.gate_conv,0.011099912226200104
88,blocks.21.conv1,0.10496488213539124
88,blocks.21.conv2,0.08830327540636063
88,blocks.21.gate_conv,0.012771080248057842
88,blocks.22.conv1,0.0910821259021759
88,blocks.22.conv2,0.07526423782110214
88,blocks.22.gate_conv,0.011832412332296371
88,blocks.23.conv1,0.08541592210531235
88,blocks.23.conv2,0.0722145065665245
88,blocks.23.gate_conv,0.009713868610560894
88,blocks.24.conv1,0.11843451857566833
88,blocks.24.conv2,0.09189481288194656
88,blocks.24.gate_conv,0.023691266775131226
88,blocks.25.conv1,0.09607767313718796
88,blocks.25.conv2,0.07144162058830261
88,blocks.25.gate_conv,0.02066035568714142
88,blocks.26.conv1,0.09172673523426056
88,blocks.26.conv2,0.07753005623817444
88,blocks.26.gate_conv,0.013872886076569557
88,blocks.27.conv1,0.08971749991178513
88,blocks.27.conv2,0.07854510098695755
88,blocks.27.gate_conv,0.014722099527716637
88,blocks.28.conv1,0.09655378013849258
88,blocks.28.conv2,0.08941956609487534
88,blocks.28.gate_conv,0.01847488433122635
88,blocks.29.conv1,0.13515134155750275
88,blocks.29.conv2,0.10538457334041595
88,blocks.29.gate_conv,0.026970406994223595
88,blocks.30.conv1,0.14703550934791565
88,blocks.30.conv2,0.12899093329906464
88,blocks.30.gate_conv,0.026913264766335487
88,blocks.31.conv1,0.1185658648610115
88,blocks.31.conv2,0.12019111216068268
88,blocks.31.gate_conv,0.018096501007676125
88,mean_conv2d_grad_norm,0.09133751667344693
89,stem.0,0.17140251398086548
89,blocks.0.conv1,0.1903856098651886
89,blocks.0.conv2,0.21141301095485687
89,blocks.0.gate_conv,0.014133104123175144
89,blocks.1.conv1,0.19866843521595
89,blocks.1.conv2,0.2069496065378189
89,blocks.1.gate_conv,0.00909271091222763
89,blocks.2.conv1,0.1786756068468094
89,blocks.2.conv2,0.1655692160129547
89,blocks.2.gate_conv,0.015496294014155865
89,blocks.3.conv1,0.1777288317680359
89,blocks.3.conv2,0.1599578708410263
89,blocks.3.gate_conv,0.011427003890275955
89,blocks.4.conv1,0.15320315957069397
89,blocks.4.conv2,0.14080533385276794
89,blocks.4.gate_conv,0.01300225779414177
89,blocks.5.conv1,0.14639772474765778
89,blocks.5.conv2,0.13843156397342682
89,blocks.5.gate_conv,0.016513671725988388
89,blocks.6.conv1,0.1287602186203003
89,blocks.6.conv2,0.11916810274124146
89,blocks.6.gate_conv,0.01678021438419819
89,blocks.7.conv1,0.12925979495048523
89,blocks.7.conv2,0.11459989100694656
89,blocks.7.gate_conv,0.017978819087147713
89,blocks.8.conv1,0.123389333486557
89,blocks.8.conv2,0.11238993704319
89,blocks.8.gate_conv,0.01003013551235199
89,blocks.9.conv1,0.11091215908527374
89,blocks.9.conv2,0.09902547299861908
89,blocks.9.gate_conv,0.013080430217087269
89,blocks.10.conv1,0.11713441461324692
89,blocks.10.conv2,0.10240165144205093
89,blocks.10.gate_conv,0.010066465474665165
89,blocks.11.conv1,0.10725758224725723
89,blocks.11.conv2,0.08569327741861343
89,blocks.11.gate_conv,0.011287195608019829
89,blocks.12.conv1,0.1004537045955658
89,blocks.12.conv2,0.08354178816080093
89,blocks.12.gate_conv,0.01012929156422615
89,blocks.13.conv1,0.1009996309876442
89,blocks.13.conv2,0.08392009139060974
89,blocks.13.gate_conv,0.009785202331840992
89,blocks.14.conv1,0.09349972009658813
89,blocks.14.conv2,0.0805584043264389
89,blocks.14.gate_conv,0.007305474486202002
89,blocks.15.conv1,0.08198054134845734
89,blocks.15.conv2,0.06969664990901947
89,blocks.15.gate_conv,0.007907230406999588
89,blocks.16.conv1,0.08622898906469345
89,blocks.16.conv2,0.07654017210006714
89,blocks.16.gate_conv,0.009553411044180393
89,blocks.17.conv1,0.07989097386598587
89,blocks.17.conv2,0.07179538905620575
89,blocks.17.gate_conv,0.00873568281531334
89,blocks.18.conv1,0.09082852303981781
89,blocks.18.conv2,0.07557553797960281
89,blocks.18.gate_conv,0.0090797059237957
89,blocks.19.conv1,0.08525104075670242
89,blocks.19.conv2,0.07338573038578033
89,blocks.19.gate_conv,0.007405336946249008
89,blocks.20.conv1,0.07712781429290771
89,blocks.20.conv2,0.06972853094339371
89,blocks.20.gate_conv,0.012068379670381546
89,blocks.21.conv1,0.08827965706586838
89,blocks.21.conv2,0.07034140825271606
89,blocks.21.gate_conv,0.008727756328880787
89,blocks.22.conv1,0.08343490213155746
89,blocks.22.conv2,0.07543623447418213
89,blocks.22.gate_conv,0.012506299652159214
89,blocks.23.conv1,0.08074851334095001
89,blocks.23.conv2,0.06639935821294785
89,blocks.23.gate_conv,0.007035385351628065
89,blocks.24.conv1,0.10435967892408371
89,blocks.24.conv2,0.09037494659423828
89,blocks.24.gate_conv,0.01952134259045124
89,blocks.25.conv1,0.08704712986946106
89,blocks.25.conv2,0.07622800767421722
89,blocks.25.gate_conv,0.015797480940818787
89,blocks.26.conv1,0.07639317959547043
89,blocks.26.conv2,0.06433393061161041
89,blocks.26.gate_conv,0.008580159395933151
89,blocks.27.conv1,0.08349228650331497
89,blocks.27.conv2,0.06931860744953156
89,blocks.27.gate_conv,0.013523147441446781
89,blocks.28.conv1,0.09140476584434509
89,blocks.28.conv2,0.08708717674016953
89,blocks.28.gate_conv,0.023159686475992203
89,blocks.29.conv1,0.11331894993782043
89,blocks.29.conv2,0.08899369835853577
89,blocks.29.gate_conv,0.025750771164894104
89,blocks.30.conv1,0.15144535899162292
89,blocks.30.conv2,0.13116078078746796
89,blocks.30.gate_conv,0.024160610511898994
89,blocks.31.conv1,0.12540869414806366
89,blocks.31.conv2,0.11293666064739227
89,blocks.31.gate_conv,0.009594302624464035
89,mean_conv2d_grad_norm,0.07729631380091623
90,stem.0,0.2031286358833313
90,blocks.0.conv1,0.19355031847953796
90,blocks.0.conv2,0.22766868770122528
90,blocks.0.gate_conv,0.014221251010894775
90,blocks.1.conv1,0.22997955977916718
90,blocks.1.conv2,0.23872683942317963
90,blocks.1.gate_conv,0.010578963905572891
90,blocks.2.conv1,0.21710513532161713
90,blocks.2.conv2,0.20941655337810516
90,blocks.2.gate_conv,0.0310825165361166
90,blocks.3.conv1,0.20726129412651062
90,blocks.3.conv2,0.18543536961078644
90,blocks.3.gate_conv,0.013909458182752132
90,blocks.4.conv1,0.1852300614118576
90,blocks.4.conv2,0.16639281809329987
90,blocks.4.gate_conv,0.01937577873468399
90,blocks.5.conv1,0.18194027245044708
90,blocks.5.conv2,0.17382635176181793
90,blocks.5.gate_conv,0.029182706028223038
90,blocks.6.conv1,0.15996451675891876
90,blocks.6.conv2,0.14021870493888855
90,blocks.6.gate_conv,0.022609306499361992
90,blocks.7.conv1,0.1419380158185959
90,blocks.7.conv2,0.12768760323524475
90,blocks.7.gate_conv,0.019503198564052582
90,blocks.8.conv1,0.15011243522167206
90,blocks.8.conv2,0.1362409144639969
90,blocks.8.gate_conv,0.012334217317402363
90,blocks.9.conv1,0.1244259774684906
90,blocks.9.conv2,0.11581981182098389
90,blocks.9.gate_conv,0.016517670825123787
90,blocks.10.conv1,0.1277601718902588
90,blocks.10.conv2,0.10453693568706512
90,blocks.10.gate_conv,0.013055865652859211
90,blocks.11.conv1,0.12022512406110764
90,blocks.11.conv2,0.10280154645442963
90,blocks.11.gate_conv,0.02102085016667843
90,blocks.12.conv1,0.10367076098918915
90,blocks.12.conv2,0.09332188218832016
90,blocks.12.gate_conv,0.012368043884634972
90,blocks.13.conv1,0.1037924662232399
90,blocks.13.conv2,0.09204858541488647
90,blocks.13.gate_conv,0.0171648021787405
90,blocks.14.conv1,0.09815268963575363
90,blocks.14.conv2,0.08142721652984619
90,blocks.14.gate_conv,0.007860793732106686
90,blocks.15.conv1,0.10122666507959366
90,blocks.15.conv2,0.07752123475074768
90,blocks.15.gate_conv,0.018916847184300423
90,blocks.16.conv1,0.09508778899908066
90,blocks.16.conv2,0.08495936542749405
90,blocks.16.gate_conv,0.010483354330062866
90,blocks.17.conv1,0.09308335930109024
90,blocks.17.conv2,0.08173627406358719
90,blocks.17.gate_conv,0.011840012855827808
90,blocks.18.conv1,0.10159792751073837
90,blocks.18.conv2,0.08785063028335571
90,blocks.18.gate_conv,0.008475388400256634
90,blocks.19.conv1,0.09423205256462097
90,blocks.19.conv2,0.08175504207611084
90,blocks.19.gate_conv,0.010797061957418919
90,blocks.20.conv1,0.08212492614984512
90,blocks.20.conv2,0.0712604746222496
90,blocks.20.gate_conv,0.0204609464854002
90,blocks.21.conv1,0.09610475599765778
90,blocks.21.conv2,0.07989215850830078
90,blocks.21.gate_conv,0.01263127475976944
90,blocks.22.conv1,0.07909547537565231
90,blocks.22.conv2,0.06725960224866867
90,blocks.22.gate_conv,0.012014145031571388
90,blocks.23.conv1,0.08687369525432587
90,blocks.23.conv2,0.06690031290054321
90,blocks.23.gate_conv,0.010555821470916271
90,blocks.24.conv1,0.10363590717315674
90,blocks.24.conv2,0.08894139528274536
90,blocks.24.gate_conv,0.01855403184890747
90,blocks.25.conv1,0.09217718243598938
90,blocks.25.conv2,0.08215628564357758
90,blocks.25.gate_conv,0.0170262660831213
90,blocks.26.conv1,0.08368241786956787
90,blocks.26.conv2,0.06218568608164787
90,blocks.26.gate_conv,0.00859147496521473
90,blocks.27.conv1,0.09162256121635437
90,blocks.27.conv2,0.07835646718740463
90,blocks.27.gate_conv,0.011073158122599125
90,blocks.28.conv1,0.10560768842697144
90,blocks.28.conv2,0.0825430229306221
90,blocks.28.gate_conv,0.02124880813062191
90,blocks.29.conv1,0.11909691244363785
90,blocks.29.conv2,0.08695796132087708
90,blocks.29.gate_conv,0.026217347010970116
90,blocks.30.conv1,0.13988035917282104
90,blocks.30.conv2,0.10394005477428436
90,blocks.30.gate_conv,0.02063777856528759
90,blocks.31.conv1,0.10307040810585022
90,blocks.31.conv2,0.0843130350112915
90,blocks.31.gate_conv,0.008735764771699905
90,mean_conv2d_grad_norm,0.08545960049077715
91,stem.0,0.17227476835250854
91,blocks.0.conv1,0.1758398562669754
91,blocks.0.conv2,0.17812480032444
91,blocks.0.gate_conv,0.012325596995651722
91,blocks.1.conv1,0.18806247413158417
91,blocks.1.conv2,0.19506558775901794
91,blocks.1.gate_conv,0.008686069399118423
91,blocks.2.conv1,0.17198947072029114
91,blocks.2.conv2,0.171264186501503
91,blocks.2.gate_conv,0.024410609155893326
91,blocks.3.conv1,0.16987727582454681
91,blocks.3.conv2,0.1559087038040161
91,blocks.3.gate_conv,0.011916722171008587
91,blocks.4.conv1,0.15197871625423431
91,blocks.4.conv2,0.1336222141981125
91,blocks.4.gate_conv,0.012598863802850246
91,blocks.5.conv1,0.14671428501605988
91,blocks.5.conv2,0.12819910049438477
91,blocks.5.gate_conv,0.014334877952933311
91,blocks.6.conv1,0.13466991484165192
91,blocks.6.conv2,0.11818902939558029
91,blocks.6.gate_conv,0.018848566338419914
91,blocks.7.conv1,0.11273105442523956
91,blocks.7.conv2,0.10266395658254623
91,blocks.7.gate_conv,0.016214726492762566
91,blocks.8.conv1,0.12807874381542206
91,blocks.8.conv2,0.11128859221935272
91,blocks.8.gate_conv,0.01022992841899395
91,blocks.9.conv1,0.10815227031707764
91,blocks.9.conv2,0.0977497547864914
91,blocks.9.gate_conv,0.011931844055652618
91,blocks.10.conv1,0.10558236390352249
91,blocks.10.conv2,0.0937182679772377
91,blocks.10.gate_conv,0.013154685497283936
91,blocks.11.conv1,0.09450606256723404
91,blocks.11.conv2,0.0860745832324028
91,blocks.11.gate_conv,0.011779727414250374
91,blocks.12.conv1,0.09378848969936371
91,blocks.12.conv2,0.08535605669021606
91,blocks.12.gate_conv,0.010586465708911419
91,blocks.13.conv1,0.08082909137010574
91,blocks.13.conv2,0.07448317110538483
91,blocks.13.gate_conv,0.009690770879387856
91,blocks.14.conv1,0.08694732934236526
91,blocks.14.conv2,0.07553129643201828
91,blocks.14.gate_conv,0.006778839509934187
91,blocks.15.conv1,0.0835108831524849
91,blocks.15.conv2,0.0691443383693695
91,blocks.15.gate_conv,0.007435106206685305
91,blocks.16.conv1,0.07666777074337006
91,blocks.16.conv2,0.06576528400182724
91,blocks.16.gate_conv,0.007044435944408178
91,blocks.17.conv1,0.0828055590391159
91,blocks.17.conv2,0.07209169864654541
91,blocks.17.gate_conv,0.010119023732841015
91,blocks.18.conv1,0.08435904234647751
91,blocks.18.conv2,0.07390177249908447
91,blocks.18.gate_conv,0.01040035393089056
91,blocks.19.conv1,0.07737500965595245
91,blocks.19.conv2,0.06518325209617615
91,blocks.19.gate_conv,0.00981602817773819
91,blocks.20.conv1,0.06558657437562943
91,blocks.20.conv2,0.05714264139533043
91,blocks.20.gate_conv,0.009916451759636402
91,blocks.21.conv1,0.08419553190469742
91,blocks.21.conv2,0.06403911113739014
91,blocks.21.gate_conv,0.008090246468782425
91,blocks.22.conv1,0.07945693284273148
91,blocks.22.conv2,0.06147214397788048
91,blocks.22.gate_conv,0.008957547135651112
91,blocks.23.conv1,0.08505543321371078
91,blocks.23.conv2,0.06609103828668594
91,blocks.23.gate_conv,0.015392057597637177
91,blocks.24.conv1,0.08077660202980042
91,blocks.24.conv2,0.07013893872499466
91,blocks.24.gate_conv,0.011650338768959045
91,blocks.25.conv1,0.07976214587688446
91,blocks.25.conv2,0.06042926013469696
91,blocks.25.gate_conv,0.015853628516197205
91,blocks.26.conv1,0.06893361359834671
91,blocks.26.conv2,0.05732659250497818
91,blocks.26.gate_conv,0.008012776263058186
91,blocks.27.conv1,0.08709374070167542
91,blocks.27.conv2,0.0696873590350151
91,blocks.27.gate_conv,0.01003871951252222
91,blocks.28.conv1,0.09574626386165619
91,blocks.28.conv2,0.08594672381877899
91,blocks.28.gate_conv,0.016193358227610588
91,blocks.29.conv1,0.11010566353797913
91,blocks.29.conv2,0.0933002158999443
91,blocks.29.gate_conv,0.030438847839832306
91,blocks.30.conv1,0.1424160897731781
91,blocks.30.conv2,0.10584692656993866
91,blocks.30.gate_conv,0.014851648360490799
91,blocks.31.conv1,0.10367339849472046
91,blocks.31.conv2,0.0927337259054184
91,blocks.31.gate_conv,0.005938539281487465
91,mean_conv2d_grad_norm,0.07258412523732818
92,stem.0,0.12881574034690857
92,blocks.0.conv1,0.1417461782693863
92,blocks.0.conv2,0.14395150542259216
92,blocks.0.gate_conv,0.006435736082494259
92,blocks.1.conv1,0.1372958868741989
92,blocks.1.conv2,0.14133112132549286
92,blocks.1.gate_conv,0.005893763620406389
92,blocks.2.conv1,0.1250186264514923
92,blocks.2.conv2,0.1267256885766983
92,blocks.2.gate_conv,0.011104905046522617
92,blocks.3.conv1,0.12681911885738373
92,blocks.3.conv2,0.11551067233085632
92,blocks.3.gate_conv,0.00851424690335989
92,blocks.4.conv1,0.10726632922887802
92,blocks.4.conv2,0.10071426630020142
92,blocks.4.gate_conv,0.009482616558670998
92,blocks.5.conv1,0.10168806463479996
92,blocks.5.conv2,0.0908510610461235
92,blocks.5.gate_conv,0.011930368840694427
92,blocks.6.conv1,0.09038654714822769
92,blocks.6.conv2,0.08310183137655258
92,blocks.6.gate_conv,0.01086429227143526
92,blocks.7.conv1,0.08533251285552979
92,blocks.7.conv2,0.08201892673969269
92,blocks.7.gate_conv,0.011965861544013023
92,blocks.8.conv1,0.08981035649776459
92,blocks.8.conv2,0.08866395056247711
92,blocks.8.gate_conv,0.0069178869016468525
92,blocks.9.conv1,0.08464254438877106
92,blocks.9.conv2,0.07640138268470764
92,blocks.9.gate_conv,0.008955205790698528
92,blocks.10.conv1,0.08029521256685257
92,blocks.10.conv2,0.07423364371061325
92,blocks.10.gate_conv,0.008638657629489899
92,blocks.11.conv1,0.07681526243686676
92,blocks.11.conv2,0.0708106979727745
92,blocks.11.gate_conv,0.013770713470876217
92,blocks.12.conv1,0.0714094266295433
92,blocks.12.conv2,0.06618981063365936
92,blocks.12.gate_conv,0.007451223209500313
92,blocks.13.conv1,0.06483637541532516
92,blocks.13.conv2,0.05886635556817055
92,blocks.13.gate_conv,0.007437871303409338
92,blocks.14.conv1,0.07041576504707336
92,blocks.14.conv2,0.06684999167919159
92,blocks.14.gate_conv,0.0076277474872767925
92,blocks.15.conv1,0.06577086448669434
92,blocks.15.conv2,0.05892566591501236
92,blocks.15.gate_conv,0.005986444652080536
92,blocks.16.conv1,0.0631231963634491
92,blocks.16.conv2,0.05702018365263939
92,blocks.16.gate_conv,0.008616975508630276
92,blocks.17.conv1,0.055342234671115875
92,blocks.17.conv2,0.05186087265610695
92,blocks.17.gate_conv,0.004651863127946854
92,blocks.18.conv1,0.05899747088551521
92,blocks.18.conv2,0.049840714782476425
92,blocks.18.gate_conv,0.00492899352684617
92,blocks.19.conv1,0.05748048424720764
92,blocks.19.conv2,0.04997608810663223
92,blocks.19.gate_conv,0.005140943452715874
92,blocks.20.conv1,0.057092152535915375
92,blocks.20.conv2,0.048821546137332916
92,blocks.20.gate_conv,0.0061842394061386585
92,blocks.21.conv1,0.0583522766828537
92,blocks.21.conv2,0.05131024122238159
92,blocks.21.gate_conv,0.005287857726216316
92,blocks.22.conv1,0.05299230292439461
92,blocks.22.conv2,0.046120982617139816
92,blocks.22.gate_conv,0.006198410410434008
92,blocks.23.conv1,0.05976592376828194
92,blocks.23.conv2,0.051516108214855194
92,blocks.23.gate_conv,0.00582054303959012
92,blocks.24.conv1,0.06729590147733688
92,blocks.24.conv2,0.05253775417804718
92,blocks.24.gate_conv,0.009220224805176258
92,blocks.25.conv1,0.05924799293279648
92,blocks.25.conv2,0.04642651602625847
92,blocks.25.gate_conv,0.010611094534397125
92,blocks.26.conv1,0.051493361592292786
92,blocks.26.conv2,0.043322715908288956
92,blocks.26.gate_conv,0.005137916188687086
92,blocks.27.conv1,0.062000975012779236
92,blocks.27.conv2,0.05317716300487518
92,blocks.27.gate_conv,0.00599893182516098
92,blocks.28.conv1,0.06303226947784424
92,blocks.28.conv2,0.048233333975076675
92,blocks.28.gate_conv,0.013272312469780445
92,blocks.29.conv1,0.07740512490272522
92,blocks.29.conv2,0.057159945368766785
92,blocks.29.gate_conv,0.01331231091171503
92,blocks.30.conv1,0.09152362495660782
92,blocks.30.conv2,0.0664481669664383
92,blocks.30.gate_conv,0.010208907537162304
92,blocks.31.conv1,0.06988421827554703
92,blocks.31.conv2,0.05425570532679558
92,blocks.31.gate_conv,0.005946577526628971
92,mean_conv2d_grad_norm,0.05350602655815556
93,stem.0,0.24255122244358063
93,blocks.0.conv1,0.22218632698059082
93,blocks.0.conv2,0.2488904744386673
93,blocks.0.gate_conv,0.01403838861733675
93,blocks.1.conv1,0.24871796369552612
93,blocks.1.conv2,0.2691164016723633
93,blocks.1.gate_conv,0.01257938053458929
93,blocks.2.conv1,0.25479263067245483
93,blocks.2.conv2,0.2387186586856842
93,blocks.2.gate_conv,0.025655008852481842
93,blocks.3.conv1,0.23165717720985413
93,blocks.3.conv2,0.21966254711151123
93,blocks.3.gate_conv,0.020148931071162224
93,blocks.4.conv1,0.21860285103321075
93,blocks.4.conv2,0.20507262647151947
93,blocks.4.gate_conv,0.02129601687192917
93,blocks.5.conv1,0.2078278660774231
93,blocks.5.conv2,0.1953258514404297
93,blocks.5.gate_conv,0.025196578353643417
93,blocks.6.conv1,0.19432981312274933
93,blocks.6.conv2,0.17501546442508698
93,blocks.6.gate_conv,0.030428698286414146
93,blocks.7.conv1,0.18070469796657562
93,blocks.7.conv2,0.16201062500476837
93,blocks.7.gate_conv,0.02669537626206875
93,blocks.8.conv1,0.18728406727313995
93,blocks.8.conv2,0.17266108095645905
93,blocks.8.gate_conv,0.014254462905228138
93,blocks.9.conv1,0.178581103682518
93,blocks.9.conv2,0.1508728563785553
93,blocks.9.gate_conv,0.020448872819542885
93,blocks.10.conv1,0.16022278368473053
93,blocks.10.conv2,0.1430424004793167
93,blocks.10.gate_conv,0.019103530794382095
93,blocks.11.conv1,0.1457684189081192
93,blocks.11.conv2,0.1321565955877304
93,blocks.11.gate_conv,0.01660860702395439
93,blocks.12.conv1,0.14845480024814606
93,blocks.12.conv2,0.12623707950115204
93,blocks.12.gate_conv,0.015132851898670197
93,blocks.13.conv1,0.13371895253658295
93,blocks.13.conv2,0.11512989550828934
93,blocks.13.gate_conv,0.013461924158036709
93,blocks.14.conv1,0.14040766656398773
93,blocks.14.conv2,0.12142778933048248
93,blocks.14.gate_conv,0.015357738360762596
93,blocks.15.conv1,0.11221089959144592
93,blocks.15.conv2,0.10435806214809418
93,blocks.15.gate_conv,0.011270196177065372
93,blocks.16.conv1,0.12015463411808014
93,blocks.16.conv2,0.10788697749376297
93,blocks.16.gate_conv,0.011586610227823257
93,blocks.17.conv1,0.128484845161438
93,blocks.17.conv2,0.10589620471000671
93,blocks.17.gate_conv,0.011530883610248566
93,blocks.18.conv1,0.1145218163728714
93,blocks.18.conv2,0.10838446021080017
93,blocks.18.gate_conv,0.012317970395088196
93,blocks.19.conv1,0.1333010345697403
93,blocks.19.conv2,0.1061016246676445
93,blocks.19.gate_conv,0.016921475529670715
93,blocks.20.conv1,0.09633468836545944
93,blocks.20.conv2,0.08200753480195999
93,blocks.20.gate_conv,0.01102001778781414
93,blocks.21.conv1,0.1272011250257492
93,blocks.21.conv2,0.10730276256799698
93,blocks.21.gate_conv,0.016727998852729797
93,blocks.22.conv1,0.1067562997341156
93,blocks.22.conv2,0.09091454744338989
93,blocks.22.gate_conv,0.014979035593569279
93,blocks.23.conv1,0.10742146521806717
93,blocks.23.conv2,0.10034792870283127
93,blocks.23.gate_conv,0.011542564257979393
93,blocks.24.conv1,0.13594412803649902
93,blocks.24.conv2,0.12023196369409561
93,blocks.24.gate_conv,0.026208017021417618
93,blocks.25.conv1,0.12077509611845016
93,blocks.25.conv2,0.09858660399913788
93,blocks.25.gate_conv,0.018443427979946136
93,blocks.26.conv1,0.12284401804208755
93,blocks.26.conv2,0.10351075232028961
93,blocks.26.gate_conv,0.01645508036017418
93,blocks.27.conv1,0.12869146466255188
93,blocks.27.conv2,0.10919934511184692
93,blocks.27.gate_conv,0.04399846866726875
93,blocks.28.conv1,0.11707521229982376
93,blocks.28.conv2,0.11057145148515701
93,blocks.28.gate_conv,0.021246397867798805
93,blocks.29.conv1,0.15547573566436768
93,blocks.29.conv2,0.12842382490634918
93,blocks.29.gate_conv,0.026465779170393944
93,blocks.30.conv1,0.19782701134681702
93,blocks.30.conv2,0.15480007231235504
93,blocks.30.gate_conv,0.0253400020301342
93,blocks.31.conv1,0.15221410989761353
93,blocks.31.conv2,0.13687942922115326
93,blocks.31.gate_conv,0.011489132419228554
93,mean_conv2d_grad_norm,0.10744056952445163
94,stem.0,0.08770567923784256
94,blocks.0.conv1,0.09001332521438599
94,blocks.0.conv2,0.1046445444226265
94,blocks.0.gate_conv,0.0038184889126569033
94,blocks.1.conv1,0.10636991262435913
94,blocks.1.conv2,0.1106741651892662
94,blocks.1.gate_conv,0.004634699318557978
94,blocks.2.conv1,0.09843623638153076
94,blocks.2.conv2,0.09122355282306671
94,blocks.2.gate_conv,0.0070306891575455666
94,blocks.3.conv1,0.09767793118953705
94,blocks.3.conv2,0.0892307460308075
94,blocks.3.gate_conv,0.00625871866941452
94,blocks.4.conv1,0.08680089563131332
94,blocks.4.conv2,0.0817335918545723
94,blocks.4.gate_conv,0.00954413041472435
94,blocks.5.conv1,0.07907326519489288
94,blocks.5.conv2,0.07332548499107361
94,blocks.5.gate_conv,0.009143799543380737
94,blocks.6.conv1,0.07533848285675049
94,blocks.6.conv2,0.06920358538627625
94,blocks.6.gate_conv,0.007976050488650799
94,blocks.7.conv1,0.06636883318424225
94,blocks.7.conv2,0.05980892851948738
94,blocks.7.gate_conv,0.010606490075588226
94,blocks.8.conv1,0.07057439535856247
94,blocks.8.conv2,0.06200787052512169
94,blocks.8.gate_conv,0.0051442463882267475
94,blocks.9.conv1,0.06621713191270828
94,blocks.9.conv2,0.05762467533349991
94,blocks.9.gate_conv,0.005998786073178053
94,blocks.10.conv1,0.06217985972762108
94,blocks.10.conv2,0.05305027216672897
94,blocks.10.gate_conv,0.007064290344715118
94,blocks.11.conv1,0.05878083035349846
94,blocks.11.conv2,0.05345170572400093
94,blocks.11.gate_conv,0.006328080780804157
94,blocks.12.conv1,0.06344730406999588
94,blocks.12.conv2,0.053074099123477936
94,blocks.12.gate_conv,0.007613888941705227
94,blocks.13.conv1,0.0512734055519104
94,blocks.13.conv2,0.04462210088968277
94,blocks.13.gate_conv,0.006419559475034475
94,blocks.14.conv1,0.05544742941856384
94,blocks.14.conv2,0.046899087727069855
94,blocks.14.gate_conv,0.005652130115777254
94,blocks.15.conv1,0.04836259409785271
94,blocks.15.conv2,0.04100078344345093
94,blocks.15.gate_conv,0.004732606466859579
94,blocks.16.conv1,0.05579771846532822
94,blocks.16.conv2,0.044100478291511536
94,blocks.16.gate_conv,0.006183707620948553
94,blocks.17.conv1,0.04882395267486572
94,blocks.17.conv2,0.04220074787735939
94,blocks.17.gate_conv,0.008944790810346603
94,blocks.18.conv1,0.05519289895892143
94,blocks.18.conv2,0.044081609696149826
94,blocks.18.gate_conv,0.006496980786323547
94,blocks.19.conv1,0.04585524648427963
94,blocks.19.conv2,0.03830159828066826
94,blocks.19.gate_conv,0.005176345352083445
94,blocks.20.conv1,0.043085068464279175
94,blocks.20.conv2,0.03713037818670273
94,blocks.20.gate_conv,0.004576892126351595
94,blocks.21.conv1,0.052361540496349335
94,blocks.21.conv2,0.04332884028553963
94,blocks.21.gate_conv,0.009283668361604214
94,blocks.22.conv1,0.04443613812327385
94,blocks.22.conv2,0.03627916797995567
94,blocks.22.gate_conv,0.0041445521637797356
94,blocks.23.conv1,0.046597737818956375
94,blocks.23.conv2,0.03878045454621315
94,blocks.23.gate_conv,0.007167359814047813
94,blocks.24.conv1,0.05346303433179855
94,blocks.24.conv2,0.0451955683529377
94,blocks.24.gate_conv,0.008499749936163425
94,blocks.25.conv1,0.04799863323569298
94,blocks.25.conv2,0.03962259367108345
94,blocks.25.gate_conv,0.015072166919708252
94,blocks.26.conv1,0.06250544637441635
94,blocks.26.conv2,0.04244859889149666
94,blocks.26.gate_conv,0.011089745908975601
94,blocks.27.conv1,0.0500154122710228
94,blocks.27.conv2,0.04413295164704323
94,blocks.27.gate_conv,0.008082319051027298
94,blocks.28.conv1,0.053077224642038345
94,blocks.28.conv2,0.04153823480010033
94,blocks.28.gate_conv,0.007856132462620735
94,blocks.29.conv1,0.07620707899332047
94,blocks.29.conv2,0.0646403580904007
94,blocks.29.gate_conv,0.019049912691116333
94,blocks.30.conv1,0.09156303107738495
94,blocks.30.conv2,0.06481222063302994
94,blocks.30.gate_conv,0.01270932238548994
94,blocks.31.conv1,0.0729096457362175
94,blocks.31.conv2,0.059371959418058395
94,blocks.31.gate_conv,0.005996145308017731
94,mean_conv2d_grad_norm,0.04360613115275874
95,stem.0,0.1628253310918808
95,blocks.0.conv1,0.19311504065990448
95,blocks.0.conv2,0.21700888872146606
95,blocks.0.gate_conv,0.012375419959425926
95,blocks.1.conv1,0.23114146292209625
95,blocks.1.conv2,0.24424287676811218
95,blocks.1.gate_conv,0.010758880525827408
95,blocks.2.conv1,0.2253037542104721
95,blocks.2.conv2,0.20858198404312134
95,blocks.2.gate_conv,0.01894739829003811
95,blocks.3.conv1,0.2211456447839737
95,blocks.3.conv2,0.1904211789369583
95,blocks.3.gate_conv,0.013542309403419495
95,blocks.4.conv1,0.19418007135391235
95,blocks.4.conv2,0.17485438287258148
95,blocks.4.gate_conv,0.02207064814865589
95,blocks.5.conv1,0.17280294001102448
95,blocks.5.conv2,0.15503744781017303
95,blocks.5.gate_conv,0.016957055777311325
95,blocks.6.conv1,0.15235324203968048
95,blocks.6.conv2,0.13493381440639496
95,blocks.6.gate_conv,0.018782680854201317
95,blocks.7.conv1,0.139554962515831
95,blocks.7.conv2,0.12982164323329926
95,blocks.7.gate_conv,0.017707491293549538
95,blocks.8.conv1,0.14062900841236115
95,blocks.8.conv2,0.12313783168792725
95,blocks.8.gate_conv,0.010432718321681023
95,blocks.9.conv1,0.12329353392124176
95,blocks.9.conv2,0.11191096156835556
95,blocks.9.gate_conv,0.012027420103549957
95,blocks.10.conv1,0.12312304973602295
95,blocks.10.conv2,0.11338969320058823
95,blocks.10.gate_conv,0.011316576972603798
95,blocks.11.conv1,0.11457682400941849
95,blocks.11.conv2,0.0978313460946083
95,blocks.11.gate_conv,0.013175113126635551
95,blocks.12.conv1,0.12097758054733276
95,blocks.12.conv2,0.09873964637517929
95,blocks.12.gate_conv,0.011861763894557953
95,blocks.13.conv1,0.10311511158943176
95,blocks.13.conv2,0.09159423410892487
95,blocks.13.gate_conv,0.010657858103513718
95,blocks.14.conv1,0.09940139949321747
95,blocks.14.conv2,0.09053042531013489
95,blocks.14.gate_conv,0.008727137930691242
95,blocks.15.conv1,0.08905749768018723
95,blocks.15.conv2,0.08780819177627563
95,blocks.15.gate_conv,0.008635614067316055
95,blocks.16.conv1,0.09756966680288315
95,blocks.16.conv2,0.08012179285287857
95,blocks.16.gate_conv,0.007786457892507315
95,blocks.17.conv1,0.09379317611455917
95,blocks.17.conv2,0.07646728307008743
95,blocks.17.gate_conv,0.007305704988539219
95,blocks.18.conv1,0.09720823168754578
95,blocks.18.conv2,0.08218099921941757
95,blocks.18.gate_conv,0.007264783140271902
95,blocks.19.conv1,0.093134805560112
95,blocks.19.conv2,0.07591389119625092
95,blocks.19.gate_conv,0.008438785560429096
95,blocks.20.conv1,0.07579304277896881
95,blocks.20.conv2,0.0666886419057846
95,blocks.20.gate_conv,0.009862861596047878
95,blocks.21.conv1,0.09046575427055359
95,blocks.21.conv2,0.07609426975250244
95,blocks.21.gate_conv,0.008492941968142986
95,blocks.22.conv1,0.08425959199666977
95,blocks.22.conv2,0.07604623585939407
95,blocks.22.gate_conv,0.010091657750308514
95,blocks.23.conv1,0.08765607327222824
95,blocks.23.conv2,0.0736423209309578
95,blocks.23.gate_conv,0.007901540026068687
95,blocks.24.conv1,0.09650518745183945
95,blocks.24.conv2,0.08281469345092773
95,blocks.24.gate_conv,0.015039053745567799
95,blocks.25.conv1,0.09314721077680588
95,blocks.25.conv2,0.07646720856428146
95,blocks.25.gate_conv,0.01625519059598446
95,blocks.26.conv1,0.0842488706111908
95,blocks.26.conv2,0.06953518837690353
95,blocks.26.gate_conv,0.008182859979569912
95,blocks.27.conv1,0.08807989209890366
95,blocks.27.conv2,0.07020261138677597
95,blocks.27.gate_conv,0.008303197100758553
95,blocks.28.conv1,0.1050020232796669
95,blocks.28.conv2,0.0806937888264656
95,blocks.28.gate_conv,0.01478174701333046
95,blocks.29.conv1,0.12318870425224304
95,blocks.29.conv2,0.09827297925949097
95,blocks.29.gate_conv,0.02489939145743847
95,blocks.30.conv1,0.13735711574554443
95,blocks.30.conv2,0.10582172870635986
95,blocks.30.gate_conv,0.014848316088318825
95,blocks.31.conv1,0.11424332112073898
95,blocks.31.conv2,0.10059355944395065
95,blocks.31.gate_conv,0.010547679848968983
95,mean_conv2d_grad_norm,0.08378999090763097
96,stem.0,0.10629932582378387
96,blocks.0.conv1,0.1551702320575714
96,blocks.0.conv2,0.17036372423171997
96,blocks.0.gate_conv,0.01107009220868349
96,blocks.1.conv1,0.164314866065979
96,blocks.1.conv2,0.17888520658016205
96,blocks.1.gate_conv,0.007876208052039146
96,blocks.2.conv1,0.15722519159317017
96,blocks.2.conv2,0.15870647132396698
96,blocks.2.gate_conv,0.011179779656231403
96,blocks.3.conv1,0.14795264601707458
96,blocks.3.conv2,0.14137855172157288
96,blocks.3.gate_conv,0.011322781443595886
96,blocks.4.conv1,0.14155717194080353
96,blocks.4.conv2,0.12416397780179977
96,blocks.4.gate_conv,0.012726426124572754
96,blocks.5.conv1,0.1263558566570282
96,blocks.5.conv2,0.12702994048595428
96,blocks.5.gate_conv,0.017786389216780663
96,blocks.6.conv1,0.11766141653060913
96,blocks.6.conv2,0.10288316011428833
96,blocks.6.gate_conv,0.012291756458580494
96,blocks.7.conv1,0.1129995584487915
96,blocks.7.conv2,0.0973048210144043
96,blocks.7.gate_conv,0.015183384530246258
96,blocks.8.conv1,0.1119522973895073
96,blocks.8.conv2,0.10023479163646698
96,blocks.8.gate_conv,0.009873388335108757
96,blocks.9.conv1,0.10538747906684875
96,blocks.9.conv2,0.0933610051870346
96,blocks.9.gate_conv,0.012829585932195187
96,blocks.10.conv1,0.09807051718235016
96,blocks.10.conv2,0.08796259760856628
96,blocks.10.gate_conv,0.00914686918258667
96,blocks.11.conv1,0.08942156285047531
96,blocks.11.conv2,0.0788198933005333
96,blocks.11.gate_conv,0.009380248375236988
96,blocks.12.conv1,0.08537674695253372
96,blocks.12.conv2,0.0799325481057167
96,blocks.12.gate_conv,0.009733320213854313
96,blocks.13.conv1,0.07812560349702835
96,blocks.13.conv2,0.07290800660848618
96,blocks.13.gate_conv,0.00936746783554554
96,blocks.14.conv1,0.08389157056808472
96,blocks.14.conv2,0.06644486635923386
96,blocks.14.gate_conv,0.007061260286718607
96,blocks.15.conv1,0.07926224172115326
96,blocks.15.conv2,0.06703831255435944
96,blocks.15.gate_conv,0.010970051400363445
96,blocks.16.conv1,0.07701820135116577
96,blocks.16.conv2,0.06688939779996872
96,blocks.16.gate_conv,0.009538710117340088
96,blocks.17.conv1,0.07232747972011566
96,blocks.17.conv2,0.06570091843605042
96,blocks.17.gate_conv,0.006338923238217831
96,blocks.18.conv1,0.07378291338682175
96,blocks.18.conv2,0.06278786808252335
96,blocks.18.gate_conv,0.006974801886826754
96,blocks.19.conv1,0.0763307437300682
96,blocks.19.conv2,0.06344396620988846
96,blocks.19.gate_conv,0.0066181328147649765
96,blocks.20.conv1,0.059144023805856705
96,blocks.20.conv2,0.05389683321118355
96,blocks.20.gate_conv,0.007303353399038315
96,blocks.21.conv1,0.07029815763235092
96,blocks.21.conv2,0.06525826454162598
96,blocks.21.gate_conv,0.010391554795205593
96,blocks.22.conv1,0.06342707574367523
96,blocks.22.conv2,0.056539542973041534
96,blocks.22.gate_conv,0.007154242135584354
96,blocks.23.conv1,0.0671863853931427
96,blocks.23.conv2,0.05864611640572548
96,blocks.23.gate_conv,0.0061089578084647655
96,blocks.24.conv1,0.07475406676530838
96,blocks.24.conv2,0.0607658289372921
96,blocks.24.gate_conv,0.012808864004909992
96,blocks.25.conv1,0.07380371540784836
96,blocks.25.conv2,0.05805058777332306
96,blocks.25.gate_conv,0.010812865570187569
96,blocks.26.conv1,0.0662657618522644
96,blocks.26.conv2,0.05263909325003624
96,blocks.26.gate_conv,0.007368036080151796
96,blocks.27.conv1,0.06460157781839371
96,blocks.27.conv2,0.05458236113190651
96,blocks.27.gate_conv,0.00864377524703741
96,blocks.28.conv1,0.07093115150928497
96,blocks.28.conv2,0.05843644589185715
96,blocks.28.gate_conv,0.013762918300926685
96,blocks.29.conv1,0.08318392932415009
96,blocks.29.conv2,0.06998085230588913
96,blocks.29.gate_conv,0.015550930984318256
96,blocks.30.conv1,0.11993368715047836
96,blocks.30.conv2,0.09253750741481781
96,blocks.30.gate_conv,0.012924151495099068
96,blocks.31.conv1,0.10021409392356873
96,blocks.31.conv2,0.0872386172413826
96,blocks.31.gate_conv,0.007111658807843924
96,mean_conv2d_grad_norm,0.06470361042326105
97,stem.0,0.11958344280719757
97,blocks.0.conv1,0.1475590318441391
97,blocks.0.conv2,0.1726020723581314
97,blocks.0.gate_conv,0.008422176353633404
97,blocks.1.conv1,0.16881828010082245
97,blocks.1.conv2,0.17515280842781067
97,blocks.1.gate_conv,0.008695903234183788
97,blocks.2.conv1,0.15410640835762024
97,blocks.2.conv2,0.14754696190357208
97,blocks.2.gate_conv,0.01447350811213255
97,blocks.3.conv1,0.14439448714256287
97,blocks.3.conv2,0.13542424142360687
97,blocks.3.gate_conv,0.013543442822992802
97,blocks.4.conv1,0.13262850046157837
97,blocks.4.conv2,0.12061233818531036
97,blocks.4.gate_conv,0.010370261035859585
97,blocks.5.conv1,0.13204114139080048
97,blocks.5.conv2,0.12440108507871628
97,blocks.5.gate_conv,0.013926106505095959
97,blocks.6.conv1,0.11628978699445724
97,blocks.6.conv2,0.10649009793996811
97,blocks.6.gate_conv,0.01591731235384941
97,blocks.7.conv1,0.10716332495212555
97,blocks.7.conv2,0.10483625531196594
97,blocks.7.gate_conv,0.027289776131510735
97,blocks.8.conv1,0.107160285115242
97,blocks.8.conv2,0.09142189472913742
97,blocks.8.gate_conv,0.007659388240426779
97,blocks.9.conv1,0.09857536852359772
97,blocks.9.conv2,0.0891287699341774
97,blocks.9.gate_conv,0.01178468856960535
97,blocks.10.conv1,0.08906643837690353
97,blocks.10.conv2,0.07991357892751694
97,blocks.10.gate_conv,0.010754409246146679
97,blocks.11.conv1,0.08305366337299347
97,blocks.11.conv2,0.0750037133693695
97,blocks.11.gate_conv,0.009152411483228207
97,blocks.12.conv1,0.07747084647417068
97,blocks.12.conv2,0.0671912431716919
97,blocks.12.gate_conv,0.010097802616655827
97,blocks.13.conv1,0.07325291633605957
97,blocks.13.conv2,0.06536191701889038
97,blocks.13.gate_conv,0.011862866580486298
97,blocks.14.conv1,0.07607473433017731
97,blocks.14.conv2,0.06854050606489182
97,blocks.14.gate_conv,0.006845362484455109
97,blocks.15.conv1,0.07100743800401688
97,blocks.15.conv2,0.062072206288576126
97,blocks.15.gate_conv,0.007312988396733999
97,blocks.16.conv1,0.07063961774110794
97,blocks.16.conv2,0.06226086989045143
97,blocks.16.gate_conv,0.007477308623492718
97,blocks.17.conv1,0.07001880556344986
97,blocks.17.conv2,0.05729927122592926
97,blocks.17.gate_conv,0.005099035333842039
97,blocks.18.conv1,0.07385165244340897
97,blocks.18.conv2,0.0663565844297409
97,blocks.18.gate_conv,0.007684615440666676
97,blocks.19.conv1,0.07737987488508224
97,blocks.19.conv2,0.06734349578619003
97,blocks.19.gate_conv,0.0108854491263628
97,blocks.20.conv1,0.07012176513671875
97,blocks.20.conv2,0.057098161429166794
97,blocks.20.gate_conv,0.006151115521788597
97,blocks.21.conv1,0.08267524838447571
97,blocks.21.conv2,0.06589165329933167
97,blocks.21.gate_conv,0.01778191700577736
97,blocks.22.conv1,0.061471838504076004
97,blocks.22.conv2,0.04884615167975426
97,blocks.22.gate_conv,0.007793964818120003
97,blocks.23.conv1,0.06954420357942581
97,blocks.23.conv2,0.055058803409338
97,blocks.23.gate_conv,0.008900024928152561
97,blocks.24.conv1,0.06575886160135269
97,blocks.24.conv2,0.058062586933374405
97,blocks.24.gate_conv,0.011701513081789017
97,blocks.25.conv1,0.060966018587350845
97,blocks.25.conv2,0.05300422012805939
97,blocks.25.gate_conv,0.015040053986012936
97,blocks.26.conv1,0.06015941500663757
97,blocks.26.conv2,0.05051609128713608
97,blocks.26.gate_conv,0.007491487078368664
97,blocks.27.conv1,0.06881312280893326
97,blocks.27.conv2,0.056318264454603195
97,blocks.27.gate_conv,0.006367359776049852
97,blocks.28.conv1,0.07244768738746643
97,blocks.28.conv2,0.06039200723171234
97,blocks.28.gate_conv,0.01407717913389206
97,blocks.29.conv1,0.09549747407436371
97,blocks.29.conv2,0.07479753345251083
97,blocks.29.gate_conv,0.01431626733392477
97,blocks.30.conv1,0.1027306392788887
97,blocks.30.conv2,0.07800539582967758
97,blocks.30.gate_conv,0.008473962545394897
97,blocks.31.conv1,0.07701639831066132
97,blocks.31.conv2,0.06933153420686722
97,blocks.31.gate_conv,0.007019219920039177
97,mean_conv2d_grad_norm,0.06276278258253311
98,stem.0,0.12647834420204163
98,blocks.0.conv1,0.14056360721588135
98,blocks.0.conv2,0.16131611168384552
98,blocks.0.gate_conv,0.008474749512970448
98,blocks.1.conv1,0.16447606682777405
98,blocks.1.conv2,0.17677809298038483
98,blocks.1.gate_conv,0.009073824621737003
98,blocks.2.conv1,0.1521163135766983
98,blocks.2.conv2,0.15105827152729034
98,blocks.2.gate_conv,0.011354387737810612
98,blocks.3.conv1,0.14278624951839447
98,blocks.3.conv2,0.13281112909317017
98,blocks.3.gate_conv,0.012510482221841812
98,blocks.4.conv1,0.1363433450460434
98,blocks.4.conv2,0.12458453327417374
98,blocks.4.gate_conv,0.014328356832265854
98,blocks.5.conv1,0.13399605453014374
98,blocks.5.conv2,0.1262616217136383
98,blocks.5.gate_conv,0.016473636031150818
98,blocks.6.conv1,0.11863622814416885
98,blocks.6.conv2,0.10758869349956512
98,blocks.6.gate_conv,0.017789000645279884
98,blocks.7.conv1,0.11712589859962463
98,blocks.7.conv2,0.10528400540351868
98,blocks.7.gate_conv,0.020513692870736122
98,blocks.8.conv1,0.11632359772920609
98,blocks.8.conv2,0.09947460889816284
98,blocks.8.gate_conv,0.008991221897304058
98,blocks.9.conv1,0.10664961487054825
98,blocks.9.conv2,0.0956602618098259
98,blocks.9.gate_conv,0.01385651994496584
98,blocks.10.conv1,0.10477982461452484
98,blocks.10.conv2,0.09247158467769623
98,blocks.10.gate_conv,0.013401228934526443
98,blocks.11.conv1,0.08883707225322723
98,blocks.11.conv2,0.08562351763248444
98,blocks.11.gate_conv,0.014679942280054092
98,blocks.12.conv1,0.08409616351127625
98,blocks.12.conv2,0.07684575021266937
98,blocks.12.gate_conv,0.009384158998727798
98,blocks.13.conv1,0.08887489140033722
98,blocks.13.conv2,0.07656115293502808
98,blocks.13.gate_conv,0.011367518454790115
98,blocks.14.conv1,0.08625316619873047
98,blocks.14.conv2,0.07233878970146179
98,blocks.14.gate_conv,0.00735852774232626
98,blocks.15.conv1,0.07561592757701874
98,blocks.15.conv2,0.06691788882017136
98,blocks.15.gate_conv,0.010990768671035767
98,blocks.16.conv1,0.08120058476924896
98,blocks.16.conv2,0.07315343618392944
98,blocks.16.gate_conv,0.010890861973166466
98,blocks.17.conv1,0.07170455157756805
98,blocks.17.conv2,0.060387808829545975
98,blocks.17.gate_conv,0.008407320827245712
98,blocks.18.conv1,0.07631345838308334
98,blocks.18.conv2,0.06757870316505432
98,blocks.18.gate_conv,0.008977066725492477
98,blocks.19.conv1,0.0730556771159172
98,blocks.19.conv2,0.0632149875164032
98,blocks.19.gate_conv,0.007117504719644785
98,blocks.20.conv1,0.06401397287845612
98,blocks.20.conv2,0.06297025829553604
98,blocks.20.gate_conv,0.0071617490611970425
98,blocks.21.conv1,0.07761833816766739
98,blocks.21.conv2,0.06523806601762772
98,blocks.21.gate_conv,0.00903166364878416
98,blocks.22.conv1,0.06891373544931412
98,blocks.22.conv2,0.06409574300050735
98,blocks.22.gate_conv,0.009275314398109913
98,blocks.23.conv1,0.06301572918891907
98,blocks.23.conv2,0.06015188619494438
98,blocks.23.gate_conv,0.007523298263549805
98,blocks.24.conv1,0.10040634125471115
98,blocks.24.conv2,0.07628367841243744
98,blocks.24.gate_conv,0.028301911428570747
98,blocks.25.conv1,0.07581061869859695
98,blocks.25.conv2,0.06649097055196762
98,blocks.25.gate_conv,0.015425107441842556
98,blocks.26.conv1,0.07323214411735535
98,blocks.26.conv2,0.05471310019493103
98,blocks.26.gate_conv,0.01046808809041977
98,blocks.27.conv1,0.06846205145120621
98,blocks.27.conv2,0.057696036994457245
98,blocks.27.gate_conv,0.008847762830555439
98,blocks.28.conv1,0.08268540352582932
98,blocks.28.conv2,0.0673338994383812
98,blocks.28.gate_conv,0.01638159528374672
98,blocks.29.conv1,0.09695782512426376
98,blocks.29.conv2,0.07983070611953735
98,blocks.29.gate_conv,0.018070882186293602
98,blocks.30.conv1,0.1253160983324051
98,blocks.30.conv2,0.09004465490579605
98,blocks.30.gate_conv,0.013050899840891361
98,blocks.31.conv1,0.09407223761081696
98,blocks.31.conv2,0.08359117805957794
98,blocks.31.gate_conv,0.007260950282216072
98,mean_conv2d_grad_norm,0.06709095108870071
99,stem.0,0.26035478711128235
99,blocks.0.conv1,0.22073203325271606
99,blocks.0.conv2,0.24459949135780334
99,blocks.0.gate_conv,0.014371679164469242
99,blocks.1.conv1,0.2511974573135376
99,blocks.1.conv2,0.2572084665298462
99,blocks.1.gate_conv,0.011533603072166443
99,blocks.2.conv1,0.22314932942390442
99,blocks.2.conv2,0.21717464923858643
99,blocks.2.gate_conv,0.022746073082089424
99,blocks.3.conv1,0.20577199757099152
99,blocks.3.conv2,0.19497817754745483
99,blocks.3.gate_conv,0.016017671674489975
99,blocks.4.conv1,0.1911272406578064
99,blocks.4.conv2,0.17294281721115112
99,blocks.4.gate_conv,0.014154285192489624
99,blocks.5.conv1,0.1858435571193695
99,blocks.5.conv2,0.1673271358013153
99,blocks.5.gate_conv,0.01995786465704441
99,blocks.6.conv1,0.15900307893753052
99,blocks.6.conv2,0.1456792652606964
99,blocks.6.gate_conv,0.02032519318163395
99,blocks.7.conv1,0.1439083367586136
99,blocks.7.conv2,0.1381213366985321
99,blocks.7.gate_conv,0.025520605966448784
99,blocks.8.conv1,0.16733358800411224
99,blocks.8.conv2,0.14355722069740295
99,blocks.8.gate_conv,0.0161692276597023
99,blocks.9.conv1,0.14101414382457733
99,blocks.9.conv2,0.12659817934036255
99,blocks.9.gate_conv,0.01875636726617813
99,blocks.10.conv1,0.1356392651796341
99,blocks.10.conv2,0.11860708147287369
99,blocks.10.gate_conv,0.014918304979801178
99,blocks.11.conv1,0.13081076741218567
99,blocks.11.conv2,0.11532557010650635
99,blocks.11.gate_conv,0.025719184428453445
99,blocks.12.conv1,0.11692742258310318
99,blocks.12.conv2,0.10318690538406372
99,blocks.12.gate_conv,0.013417856767773628
99,blocks.13.conv1,0.11561702936887741
99,blocks.13.conv2,0.09725889563560486
99,blocks.13.gate_conv,0.016828661784529686
99,blocks.14.conv1,0.11126494407653809
99,blocks.14.conv2,0.09696254134178162
99,blocks.14.gate_conv,0.01151193492114544
99,blocks.15.conv1,0.10778536647558212
99,blocks.15.conv2,0.09497367590665817
99,blocks.15.gate_conv,0.013047106564044952
99,blocks.16.conv1,0.11544442921876907
99,blocks.16.conv2,0.09540774673223495
99,blocks.16.gate_conv,0.012922346591949463
99,blocks.17.conv1,0.10789630562067032
99,blocks.17.conv2,0.09248608350753784
99,blocks.17.gate_conv,0.010203749872744083
99,blocks.18.conv1,0.1098463162779808
99,blocks.18.conv2,0.09220927208662033
99,blocks.18.gate_conv,0.012492829002439976
99,blocks.19.conv1,0.09880642592906952
99,blocks.19.conv2,0.08894806355237961
99,blocks.19.gate_conv,0.01504636462777853
99,blocks.20.conv1,0.088675357401371
99,blocks.20.conv2,0.07901033759117126
99,blocks.20.gate_conv,0.011762125417590141
99,blocks.21.conv1,0.10399501025676727
99,blocks.21.conv2,0.08821981400251389
99,blocks.21.gate_conv,0.02065238356590271
99,blocks.22.conv1,0.09455088526010513
99,blocks.22.conv2,0.07785756140947342
99,blocks.22.gate_conv,0.017779937013983727
99,blocks.23.conv1,0.09794376790523529
99,blocks.23.conv2,0.07937237620353699
99,blocks.23.gate_conv,0.013110416941344738
99,blocks.24.conv1,0.11421678215265274
99,blocks.24.conv2,0.09121987223625183
99,blocks.24.gate_conv,0.02211831696331501
99,blocks.25.conv1,0.10284008830785751
99,blocks.25.conv2,0.0857575312256813
99,blocks.25.gate_conv,0.0244459118694067
99,blocks.26.conv1,0.09416235983371735
99,blocks.26.conv2,0.07735679298639297
99,blocks.26.gate_conv,0.016919758170843124
99,blocks.27.conv1,0.0934705063700676
99,blocks.27.conv2,0.07545197010040283
99,blocks.27.gate_conv,0.016067733988165855
99,blocks.28.conv1,0.10587731748819351
99,blocks.28.conv2,0.09025558829307556
99,blocks.28.gate_conv,0.027764949947595596
99,blocks.29.conv1,0.1425108164548874
99,blocks.29.conv2,0.11378612369298935
99,blocks.29.gate_conv,0.04322968050837517
99,blocks.30.conv1,0.17588405311107635
99,blocks.30.conv2,0.14614950120449066
99,blocks.30.gate_conv,0.022381972521543503
99,blocks.31.conv1,0.14735767245292664
99,blocks.31.conv2,0.14225342869758606
99,blocks.31.gate_conv,0.019523009657859802
99,mean_conv2d_grad_norm,0.09476926823905141
100,stem.0,0.16690970957279205
100,blocks.0.conv1,0.20204348862171173
100,blocks.0.conv2,0.19714882969856262
100,blocks.0.gate_conv,0.011349123902618885
100,blocks.1.conv1,0.19942666590213776
100,blocks.1.conv2,0.20210090279579163
100,blocks.1.gate_conv,0.009079594165086746
100,blocks.2.conv1,0.17503295838832855
100,blocks.2.conv2,0.17600002884864807
100,blocks.2.gate_conv,0.014113521203398705
100,blocks.3.conv1,0.17235034704208374
100,blocks.3.conv2,0.1679352968931198
100,blocks.3.gate_conv,0.017507869750261307
100,blocks.4.conv1,0.1630898416042328
100,blocks.4.conv2,0.14646503329277039
100,blocks.4.gate_conv,0.012511014007031918
100,blocks.5.conv1,0.15500031411647797
100,blocks.5.conv2,0.13771836459636688
100,blocks.5.gate_conv,0.0199193824082613
100,blocks.6.conv1,0.13809038698673248
100,blocks.6.conv2,0.12552805244922638
100,blocks.6.gate_conv,0.020130446180701256
100,blocks.7.conv1,0.13355281949043274
100,blocks.7.conv2,0.12081176787614822
100,blocks.7.gate_conv,0.02201288379728794
100,blocks.8.conv1,0.14059388637542725
100,blocks.8.conv2,0.11878611892461777
100,blocks.8.gate_conv,0.010881965048611164
100,blocks.9.conv1,0.1232597827911377
100,blocks.9.conv2,0.1114511787891388
100,blocks.9.gate_conv,0.014833343215286732
100,blocks.10.conv1,0.10714063793420792
100,blocks.10.conv2,0.09757384657859802
100,blocks.10.gate_conv,0.01148751750588417
100,blocks.11.conv1,0.11253524571657181
100,blocks.11.conv2,0.09645821899175644
100,blocks.11.gate_conv,0.014825229533016682
100,blocks.12.conv1,0.10083673894405365
100,blocks.12.conv2,0.09676658362150192
100,blocks.12.gate_conv,0.01216268353164196
100,blocks.13.conv1,0.09629576653242111
100,blocks.13.conv2,0.08111950010061264
100,blocks.13.gate_conv,0.013594052754342556
100,blocks.14.conv1,0.09633342921733856
100,blocks.14.conv2,0.08469299226999283
100,blocks.14.gate_conv,0.009850950911641121
100,blocks.15.conv1,0.08408685773611069
100,blocks.15.conv2,0.0743643268942833
100,blocks.15.gate_conv,0.010332068428397179
100,blocks.16.conv1,0.08382296562194824
100,blocks.16.conv2,0.07628209888935089
100,blocks.16.gate_conv,0.010370902717113495
100,blocks.17.conv1,0.09240694344043732
100,blocks.17.conv2,0.07566680014133453
100,blocks.17.gate_conv,0.00619807792827487
100,blocks.18.conv1,0.08712540566921234
100,blocks.18.conv2,0.07391410320997238
100,blocks.18.gate_conv,0.006644500885158777
100,blocks.19.conv1,0.09117984026670456
100,blocks.19.conv2,0.08043374866247177
100,blocks.19.gate_conv,0.011676203459501266
100,blocks.20.conv1,0.07649556547403336
100,blocks.20.conv2,0.06695675849914551
100,blocks.20.gate_conv,0.009500459767878056
100,blocks.21.conv1,0.08625338971614838
100,blocks.21.conv2,0.07709290832281113
100,blocks.21.gate_conv,0.008363623172044754
100,blocks.22.conv1,0.07650008797645569
100,blocks.22.conv2,0.06718041002750397
100,blocks.22.gate_conv,0.010776527225971222
100,blocks.23.conv1,0.0756593868136406
100,blocks.23.conv2,0.06469511240720749
100,blocks.23.gate_conv,0.006118955090641975
100,blocks.24.conv1,0.10379239916801453
100,blocks.24.conv2,0.08540449291467667
100,blocks.24.gate_conv,0.01749306358397007
100,blocks.25.conv1,0.08400487899780273
100,blocks.25.conv2,0.06689498573541641
100,blocks.25.gate_conv,0.01630270481109619
100,blocks.26.conv1,0.08220048993825912
100,blocks.26.conv2,0.06856989860534668
100,blocks.26.gate_conv,0.00938092079013586
100,blocks.27.conv1,0.07654640078544617
100,blocks.27.conv2,0.06767018139362335
100,blocks.27.gate_conv,0.010188325308263302
100,blocks.28.conv1,0.10548270493745804
100,blocks.28.conv2,0.08793509006500244
100,blocks.28.gate_conv,0.015232834033668041
100,blocks.29.conv1,0.11511703580617905
100,blocks.29.conv2,0.08834760636091232
100,blocks.29.gate_conv,0.021584494039416313
100,blocks.30.conv1,0.13260431587696075
100,blocks.30.conv2,0.11057222634553909
100,blocks.30.gate_conv,0.01627589389681816
100,blocks.31.conv1,0.10706191509962082
100,blocks.31.conv2,0.09754002094268799
100,blocks.31.gate_conv,0.016992704942822456
100,mean_conv2d_grad_norm,0.07784125696598869
101,stem.0,0.046028949320316315
101,blocks.0.conv1,0.0474749319255352
101,blocks.0.conv2,0.055379193276166916
101,blocks.0.gate_conv,0.006854834966361523
101,blocks.1.conv1,0.05845750868320465
101,blocks.1.conv2,0.06637364625930786
101,blocks.1.gate_conv,0.0028035300783813
101,blocks.2.conv1,0.06115371733903885
101,blocks.2.conv2,0.062034040689468384
101,blocks.2.gate_conv,0.0045636738650500774
101,blocks.3.conv1,0.06070227175951004
101,blocks.3.conv2,0.05919492244720459
101,blocks.3.gate_conv,0.0051948255859315395
101,blocks.4.conv1,0.055284954607486725
101,blocks.4.conv2,0.05335996672511101
101,blocks.4.gate_conv,0.006456800736486912
101,blocks.5.conv1,0.055902332067489624
101,blocks.5.conv2,0.050823114812374115
101,blocks.5.gate_conv,0.007490767631679773
101,blocks.6.conv1,0.04806956276297569
101,blocks.6.conv2,0.04671693593263626
101,blocks.6.gate_conv,0.0073357755318284035
101,blocks.7.conv1,0.048573609441518784
101,blocks.7.conv2,0.04307565093040466
101,blocks.7.gate_conv,0.004782838746905327
101,blocks.8.conv1,0.05256173759698868
101,blocks.8.conv2,0.04602113366127014
101,blocks.8.gate_conv,0.003684106282889843
101,blocks.9.conv1,0.04583878070116043
101,blocks.9.conv2,0.04453229904174805
101,blocks.9.gate_conv,0.004513364285230637
101,blocks.10.conv1,0.03909028694033623
101,blocks.10.conv2,0.03655976802110672
101,blocks.10.gate_conv,0.004505648743361235
101,blocks.11.conv1,0.03729613870382309
101,blocks.11.conv2,0.03431692719459534
101,blocks.11.gate_conv,0.003984144423156977
101,blocks.12.conv1,0.034704312682151794
101,blocks.12.conv2,0.03371157869696617
101,blocks.12.gate_conv,0.004135399125516415
101,blocks.13.conv1,0.03091619536280632
101,blocks.13.conv2,0.028717996552586555
101,blocks.13.gate_conv,0.004602854140102863
101,blocks.14.conv1,0.030637087300419807
101,blocks.14.conv2,0.03065084107220173
101,blocks.14.gate_conv,0.0030518106650561094
101,blocks.15.conv1,0.031147176399827003
101,blocks.15.conv2,0.02530602179467678
101,blocks.15.gate_conv,0.0032274769619107246
101,blocks.16.conv1,0.03351588547229767
101,blocks.16.conv2,0.02831581048667431
101,blocks.16.gate_conv,0.0028056849259883165
101,blocks.17.conv1,0.026849491521716118
101,blocks.17.conv2,0.02615162543952465
101,blocks.17.gate_conv,0.0030627346131950617
101,blocks.18.conv1,0.027385972440242767
101,blocks.18.conv2,0.027776839211583138
101,blocks.18.gate_conv,0.0030581296887248755
101,blocks.19.conv1,0.03172171488404274
101,blocks.19.conv2,0.02766798622906208
101,blocks.19.gate_conv,0.0027136807329952717
101,blocks.20.conv1,0.028598086908459663
101,blocks.20.conv2,0.024939419701695442
101,blocks.20.gate_conv,0.0031429172959178686
101,blocks.21.conv1,0.03159491717815399
101,blocks.21.conv2,0.029244741424918175
101,blocks.21.gate_conv,0.00358706247061491
101,blocks.22.conv1,0.030419528484344482
101,blocks.22.conv2,0.023948293179273605
101,blocks.22.gate_conv,0.0025776538532227278
101,blocks.23.conv1,0.02799397148191929
101,blocks.23.conv2,0.02405894361436367
101,blocks.23.gate_conv,0.00256566284224391
101,blocks.24.conv1,0.029181858524680138
101,blocks.24.conv2,0.027612576261162758
101,blocks.24.gate_conv,0.0034729407634586096
101,blocks.25.conv1,0.02849634177982807
101,blocks.25.conv2,0.025236669927835464
101,blocks.25.gate_conv,0.005203572567552328
101,blocks.26.conv1,0.030736088752746582
101,blocks.26.conv2,0.027257367968559265
101,blocks.26.gate_conv,0.003466089954599738
101,blocks.27.conv1,0.03301609307527542
101,blocks.27.conv2,0.025388814508914948
101,blocks.27.gate_conv,0.005464766174554825
101,blocks.28.conv1,0.035362608730793
101,blocks.28.conv2,0.029369067400693893
101,blocks.28.gate_conv,0.00941003393381834
101,blocks.29.conv1,0.03934964910149574
101,blocks.29.conv2,0.031368158757686615
101,blocks.29.gate_conv,0.008031419478356838
101,blocks.30.conv1,0.047705959528684616
101,blocks.30.conv2,0.034387871623039246
101,blocks.30.gate_conv,0.005051754880696535
101,blocks.31.conv1,0.03675299137830734
101,blocks.31.conv2,0.03123711608350277
101,blocks.31.gate_conv,0.00295636267401278
101,mean_conv2d_grad_norm,0.02687643680807933
102,stem.0,0.1120283380150795
102,blocks.0.conv1,0.13447178900241852
102,blocks.0.conv2,0.15154320001602173
102,blocks.0.gate_conv,0.0076936897821724415
102,blocks.1.conv1,0.14956967532634735
102,blocks.1.conv2,0.16068938374519348
102,blocks.1.gate_conv,0.007746741641312838
102,blocks.2.conv1,0.14184941351413727
102,blocks.2.conv2,0.1350734531879425
102,blocks.2.gate_conv,0.011551379226148129
102,blocks.3.conv1,0.14465242624282837
102,blocks.3.conv2,0.12696512043476105
102,blocks.3.gate_conv,0.010528995655477047
102,blocks.4.conv1,0.1308239847421646
102,blocks.4.conv2,0.1111004427075386
102,blocks.4.gate_conv,0.012189393863081932
102,blocks.5.conv1,0.12059790641069412
102,blocks.5.conv2,0.11341849714517593
102,blocks.5.gate_conv,0.012929396703839302
102,blocks.6.conv1,0.10802020132541656
102,blocks.6.conv2,0.09478544443845749
102,blocks.6.gate_conv,0.012460662052035332
102,blocks.7.conv1,0.10184067487716675
102,blocks.7.conv2,0.09849382936954498
102,blocks.7.gate_conv,0.014590155333280563
102,blocks.8.conv1,0.10986926406621933
102,blocks.8.conv2,0.09154586493968964
102,blocks.8.gate_conv,0.010387439280748367
102,blocks.9.conv1,0.09271151572465897
102,blocks.9.conv2,0.08200781792402267
102,blocks.9.gate_conv,0.008282341994345188
102,blocks.10.conv1,0.08797603845596313
102,blocks.10.conv2,0.08063569664955139
102,blocks.10.gate_conv,0.006613621953874826
102,blocks.11.conv1,0.07983383536338806
102,blocks.11.conv2,0.07372846454381943
102,blocks.11.gate_conv,0.009584958665072918
102,blocks.12.conv1,0.07785715162754059
102,blocks.12.conv2,0.06669311970472336
102,blocks.12.gate_conv,0.009573168121278286
102,blocks.13.conv1,0.07187455892562866
102,blocks.13.conv2,0.059222862124443054
102,blocks.13.gate_conv,0.005919617135077715
102,blocks.14.conv1,0.074851855635643
102,blocks.14.conv2,0.05529072880744934
102,blocks.14.gate_conv,0.006813193205744028
102,blocks.15.conv1,0.06390649080276489
102,blocks.15.conv2,0.051590267568826675
102,blocks.15.gate_conv,0.005528351757675409
102,blocks.16.conv1,0.05725788325071335
102,blocks.16.conv2,0.05349086597561836
102,blocks.16.gate_conv,0.0061331517063081264
102,blocks.17.conv1,0.06308805197477341
102,blocks.17.conv2,0.0530754029750824
102,blocks.17.gate_conv,0.00483801681548357
102,blocks.18.conv1,0.0612359419465065
102,blocks.18.conv2,0.04997645318508148
102,blocks.18.gate_conv,0.0057836961932480335
102,blocks.19.conv1,0.06211036071181297
102,blocks.19.conv2,0.04970509186387062
102,blocks.19.gate_conv,0.007715750951319933
102,blocks.20.conv1,0.05762583762407303
102,blocks.20.conv2,0.047757938504219055
102,blocks.20.gate_conv,0.005599371623247862
102,blocks.21.conv1,0.05469696596264839
102,blocks.21.conv2,0.04753086715936661
102,blocks.21.gate_conv,0.007664616219699383
102,blocks.22.conv1,0.060993440449237823
102,blocks.22.conv2,0.04747329652309418
102,blocks.22.gate_conv,0.006266453769057989
102,blocks.23.conv1,0.0504094734787941
102,blocks.23.conv2,0.04233832657337189
102,blocks.23.gate_conv,0.0057837823405861855
102,blocks.24.conv1,0.06336867064237595
102,blocks.24.conv2,0.054007742553949356
102,blocks.24.gate_conv,0.006584910210222006
102,blocks.25.conv1,0.05721603333950043
102,blocks.25.conv2,0.04804713651537895
102,blocks.25.gate_conv,0.012752065435051918
102,blocks.26.conv1,0.056706514209508896
102,blocks.26.conv2,0.05057964473962784
102,blocks.26.gate_conv,0.010440436191856861
102,blocks.27.conv1,0.059823062270879745
102,blocks.27.conv2,0.05343032255768776
102,blocks.27.gate_conv,0.008929658681154251
102,blocks.28.conv1,0.0684962123632431
102,blocks.28.conv2,0.054334867745637894
102,blocks.28.gate_conv,0.009554434567689896
102,blocks.29.conv1,0.07715579122304916
102,blocks.29.conv2,0.06333529204130173
102,blocks.29.gate_conv,0.016616597771644592
102,blocks.30.conv1,0.0906885415315628
102,blocks.30.conv2,0.0691811665892601
102,blocks.30.gate_conv,0.010971789248287678
102,blocks.31.conv1,0.0730271115899086
102,blocks.31.conv2,0.06450595706701279
102,blocks.31.gate_conv,0.004991958383470774
102,mean_conv2d_grad_norm,0.056713498711163546
103,stem.0,0.04262635111808777
103,blocks.0.conv1,0.030852049589157104
103,blocks.0.conv2,0.03328949585556984
103,blocks.0.gate_conv,0.001672856044024229
103,blocks.1.conv1,0.03381989896297455
103,blocks.1.conv2,0.034641340374946594
103,blocks.1.gate_conv,0.0013947453116998076
103,blocks.2.conv1,0.030628377571702003
103,blocks.2.conv2,0.029991542920470238
103,blocks.2.gate_conv,0.002856082981452346
103,blocks.3.conv1,0.03008623979985714
103,blocks.3.conv2,0.027103479951620102
103,blocks.3.gate_conv,0.0023257271386682987
103,blocks.4.conv1,0.028488850221037865
103,blocks.4.conv2,0.024791475385427475
103,blocks.4.gate_conv,0.0021195076406002045
103,blocks.5.conv1,0.027387477457523346
103,blocks.5.conv2,0.024518579244613647
103,blocks.5.gate_conv,0.003091817256063223
103,blocks.6.conv1,0.02337341196835041
103,blocks.6.conv2,0.021039890125393867
103,blocks.6.gate_conv,0.0029397066682577133
103,blocks.7.conv1,0.022084128111600876
103,blocks.7.conv2,0.01946335658431053
103,blocks.7.gate_conv,0.0031597460620105267
103,blocks.8.conv1,0.02246074378490448
103,blocks.8.conv2,0.018839042633771896
103,blocks.8.gate_conv,0.00152040075045079
103,blocks.9.conv1,0.020243555307388306
103,blocks.9.conv2,0.01836243085563183
103,blocks.9.gate_conv,0.0023957262746989727
103,blocks.10.conv1,0.019140997901558876
103,blocks.10.conv2,0.01655369997024536
103,blocks.10.gate_conv,0.0015336942160502076
103,blocks.11.conv1,0.017569318413734436
103,blocks.11.conv2,0.015198192559182644
103,blocks.11.gate_conv,0.002371220150962472
103,blocks.12.conv1,0.016587072983384132
103,blocks.12.conv2,0.014451099559664726
103,blocks.12.gate_conv,0.0018493469106033444
103,blocks.13.conv1,0.014852521009743214
103,blocks.13.conv2,0.012357843108475208
103,blocks.13.gate_conv,0.0013128090649843216
103,blocks.14.conv1,0.015522891655564308
103,blocks.14.conv2,0.013105029240250587
103,blocks.14.gate_conv,0.0011778079206123948
103,blocks.15.conv1,0.015586514957249165
103,blocks.15.conv2,0.012992948293685913
103,blocks.15.gate_conv,0.001793548697605729
103,blocks.16.conv1,0.013668938539922237
103,blocks.16.conv2,0.01225810032337904
103,blocks.16.gate_conv,0.0014960839180275798
103,blocks.17.conv1,0.014513911679387093
103,blocks.17.conv2,0.011318006552755833
103,blocks.17.gate_conv,0.0009745756397023797
103,blocks.18.conv1,0.016009289771318436
103,blocks.18.conv2,0.01301740761846304
103,blocks.18.gate_conv,0.0014385285321623087
103,blocks.19.conv1,0.015611900947988033
103,blocks.19.conv2,0.012047317810356617
103,blocks.19.gate_conv,0.0016362848691642284
103,blocks.20.conv1,0.01332375779747963
103,blocks.20.conv2,0.011203697882592678
103,blocks.20.gate_conv,0.0013669158797711134
103,blocks.21.conv1,0.015089168213307858
103,blocks.21.conv2,0.012331781908869743
103,blocks.21.gate_conv,0.0015081051969900727
103,blocks.22.conv1,0.013685316778719425
103,blocks.22.conv2,0.011763950809836388
103,blocks.22.gate_conv,0.0016254280926659703
103,blocks.23.conv1,0.013238219544291496
103,blocks.23.conv2,0.010801602154970169
103,blocks.23.gate_conv,0.0014412308810278773
103,blocks.24.conv1,0.0154657494276762
103,blocks.24.conv2,0.01302889920771122
103,blocks.24.gate_conv,0.0020105396397411823
103,blocks.25.conv1,0.01338372565805912
103,blocks.25.conv2,0.01058725081384182
103,blocks.25.gate_conv,0.005093963351100683
103,blocks.26.conv1,0.01204262487590313
103,blocks.26.conv2,0.00972581747919321
103,blocks.26.gate_conv,0.0011912775225937366
103,blocks.27.conv1,0.011969133280217648
103,blocks.27.conv2,0.010081443004310131
103,blocks.27.gate_conv,0.0015171794220805168
103,blocks.28.conv1,0.014411748386919498
103,blocks.28.conv2,0.011998545378446579
103,blocks.28.gate_conv,0.0020513080526143312
103,blocks.29.conv1,0.018349794670939445
103,blocks.29.conv2,0.013352714478969574
103,blocks.29.gate_conv,0.005246899556368589
103,blocks.30.conv1,0.020785508677363396
103,blocks.30.conv2,0.015474709682166576
103,blocks.30.gate_conv,0.001737862592563033
103,blocks.31.conv1,0.016848986968398094
103,blocks.31.conv2,0.014260731637477875
103,blocks.31.gate_conv,0.001650023041293025
103,mean_conv2d_grad_norm,0.01283670668778269
104,stem.0,0.037192221730947495
104,blocks.0.conv1,0.042354766279459
104,blocks.0.conv2,0.04749063029885292
104,blocks.0.gate_conv,0.00300248758867383
104,blocks.1.conv1,0.04558282345533371
104,blocks.1.conv2,0.049802977591753006
104,blocks.1.gate_conv,0.002394291805103421
104,blocks.2.conv1,0.045413631945848465
104,blocks.2.conv2,0.04336019232869148
104,blocks.2.gate_conv,0.0033577033318579197
104,blocks.3.conv1,0.04211515188217163
104,blocks.3.conv2,0.037918075919151306
104,blocks.3.gate_conv,0.002824546070769429
104,blocks.4.conv1,0.03615632280707359
104,blocks.4.conv2,0.032636359333992004
104,blocks.4.gate_conv,0.002812867285683751
104,blocks.5.conv1,0.03603850305080414
104,blocks.5.conv2,0.034929294139146805
104,blocks.5.gate_conv,0.005134874954819679
104,blocks.6.conv1,0.035163238644599915
104,blocks.6.conv2,0.03143756836652756
104,blocks.6.gate_conv,0.005754667334258556
104,blocks.7.conv1,0.03134378045797348
104,blocks.7.conv2,0.02808009646832943
104,blocks.7.gate_conv,0.004513495601713657
104,blocks.8.conv1,0.03513564541935921
104,blocks.8.conv2,0.030215907841920853
104,blocks.8.gate_conv,0.004000398330390453
104,blocks.9.conv1,0.028815405443310738
104,blocks.9.conv2,0.025227561593055725
104,blocks.9.gate_conv,0.002941656392067671
104,blocks.10.conv1,0.025269977748394012
104,blocks.10.conv2,0.02257065661251545
104,blocks.10.gate_conv,0.0037091276608407497
104,blocks.11.conv1,0.024562867358326912
104,blocks.11.conv2,0.02342524752020836
104,blocks.11.gate_conv,0.0034838684368878603
104,blocks.12.conv1,0.022819330915808678
104,blocks.12.conv2,0.022001123055815697
104,blocks.12.gate_conv,0.003753702389076352
104,blocks.13.conv1,0.021823594346642494
104,blocks.13.conv2,0.018821993842720985
104,blocks.13.gate_conv,0.002783819567412138
104,blocks.14.conv1,0.023388611152768135
104,blocks.14.conv2,0.01956387609243393
104,blocks.14.gate_conv,0.001713306875899434
104,blocks.15.conv1,0.020696258172392845
104,blocks.15.conv2,0.01923731528222561
104,blocks.15.gate_conv,0.002258725930005312
104,blocks.16.conv1,0.024617357179522514
104,blocks.16.conv2,0.0219629667699337
104,blocks.16.gate_conv,0.002939572324976325
104,blocks.17.conv1,0.0204998217523098
104,blocks.17.conv2,0.0174116138368845
104,blocks.17.gate_conv,0.009086508303880692
104,blocks.18.conv1,0.021260114386677742
104,blocks.18.conv2,0.020018482580780983
104,blocks.18.gate_conv,0.0021969066001474857
104,blocks.19.conv1,0.021700765937566757
104,blocks.19.conv2,0.01828017644584179
104,blocks.19.gate_conv,0.002890822011977434
104,blocks.20.conv1,0.017652740702033043
104,blocks.20.conv2,0.016098512336611748
104,blocks.20.gate_conv,0.002476550405845046
104,blocks.21.conv1,0.022873692214488983
104,blocks.21.conv2,0.020104646682739258
104,blocks.21.gate_conv,0.004747169092297554
104,blocks.22.conv1,0.025198670104146004
104,blocks.22.conv2,0.018241574987769127
104,blocks.22.gate_conv,0.002881851280108094
104,blocks.23.conv1,0.024335308000445366
104,blocks.23.conv2,0.01861889846622944
104,blocks.23.gate_conv,0.0035292613320052624
104,blocks.24.conv1,0.023405373096466064
104,blocks.24.conv2,0.019520802423357964
104,blocks.24.gate_conv,0.0025346868205815554
104,blocks.25.conv1,0.02461259998381138
104,blocks.25.conv2,0.018378928303718567
104,blocks.25.gate_conv,0.0035252126399427652
104,blocks.26.conv1,0.019853895530104637
104,blocks.26.conv2,0.018379798159003258
104,blocks.26.gate_conv,0.0030727235134691
104,blocks.27.conv1,0.02547653578221798
104,blocks.27.conv2,0.021592101082205772
104,blocks.27.gate_conv,0.0030089665669947863
104,blocks.28.conv1,0.027085984125733376
104,blocks.28.conv2,0.022995319217443466
104,blocks.28.gate_conv,0.00503253610804677
104,blocks.29.conv1,0.03138728812336922
104,blocks.29.conv2,0.02734813280403614
104,blocks.29.gate_conv,0.006136143114417791
104,blocks.30.conv1,0.040373485535383224
104,blocks.30.conv2,0.03164077550172806
104,blocks.30.gate_conv,0.004790279548615217
104,blocks.31.conv1,0.034375257790088654
104,blocks.31.conv2,0.030825484544038773
104,blocks.31.gate_conv,0.0018300643423572183
104,mean_conv2d_grad_norm,0.019606566031405835
105,stem.0,0.061523210257291794
105,blocks.0.conv1,0.06027889996767044
105,blocks.0.conv2,0.06775795668363571
105,blocks.0.gate_conv,0.004273043945431709
105,blocks.1.conv1,0.0785747841000557
105,blocks.1.conv2,0.08687859773635864
105,blocks.1.gate_conv,0.0034470835234969854
105,blocks.2.conv1,0.0857321247458458
105,blocks.2.conv2,0.08296260982751846
105,blocks.2.gate_conv,0.005083927884697914
105,blocks.3.conv1,0.08451575040817261
105,blocks.3.conv2,0.08402735739946365
105,blocks.3.gate_conv,0.0052260453812778
105,blocks.4.conv1,0.07200106978416443
105,blocks.4.conv2,0.06703998148441315
105,blocks.4.gate_conv,0.0054169087670743465
105,blocks.5.conv1,0.06370188295841217
105,blocks.5.conv2,0.06016091629862785
105,blocks.5.gate_conv,0.00705023854970932
105,blocks.6.conv1,0.05894852802157402
105,blocks.6.conv2,0.06035635247826576
105,blocks.6.gate_conv,0.007040603552013636
105,blocks.7.conv1,0.05619988963007927
105,blocks.7.conv2,0.05325280502438545
105,blocks.7.gate_conv,0.005441759247332811
105,blocks.8.conv1,0.0619400218129158
105,blocks.8.conv2,0.051782622933387756
105,blocks.8.gate_conv,0.0039861020632088184
105,blocks.9.conv1,0.051682502031326294
105,blocks.9.conv2,0.04725414514541626
105,blocks.9.gate_conv,0.004935792647302151
105,blocks.10.conv1,0.05150756612420082
105,blocks.10.conv2,0.043982651084661484
105,blocks.10.gate_conv,0.0035772505216300488
105,blocks.11.conv1,0.04741474986076355
105,blocks.11.conv2,0.03736433386802673
105,blocks.11.gate_conv,0.004153828136622906
105,blocks.12.conv1,0.047660812735557556
105,blocks.12.conv2,0.041845787316560745
105,blocks.12.gate_conv,0.0052903760224580765
105,blocks.13.conv1,0.04230961576104164
105,blocks.13.conv2,0.031618181616067886
105,blocks.13.gate_conv,0.0027538591530174017
105,blocks.14.conv1,0.03777305781841278
105,blocks.14.conv2,0.0306174885481596
105,blocks.14.gate_conv,0.0026851920410990715
105,blocks.15.conv1,0.039822883903980255
105,blocks.15.conv2,0.03189767897129059
105,blocks.15.gate_conv,0.004372866358608007
105,blocks.16.conv1,0.03893256559967995
105,blocks.16.conv2,0.03672418370842934
105,blocks.16.gate_conv,0.003526566317304969
105,blocks.17.conv1,0.041904158890247345
105,blocks.17.conv2,0.03467034548521042
105,blocks.17.gate_conv,0.003226346103474498
105,blocks.18.conv1,0.033288732171058655
105,blocks.18.conv2,0.03280732408165932
105,blocks.18.gate_conv,0.0022909645922482014
105,blocks.19.conv1,0.03658474609255791
105,blocks.19.conv2,0.032122690230607986
105,blocks.19.gate_conv,0.003208947367966175
105,blocks.20.conv1,0.03369913622736931
105,blocks.20.conv2,0.030574660748243332
105,blocks.20.gate_conv,0.0036002974957227707
105,blocks.21.conv1,0.03719416633248329
105,blocks.21.conv2,0.03317049518227577
105,blocks.21.gate_conv,0.004619088023900986
105,blocks.22.conv1,0.04268168658018112
105,blocks.22.conv2,0.03189313784241676
105,blocks.22.gate_conv,0.00339415087364614
105,blocks.23.conv1,0.03710483759641647
105,blocks.23.conv2,0.034449320286512375
105,blocks.23.gate_conv,0.002921322826296091
105,blocks.24.conv1,0.0429186150431633
105,blocks.24.conv2,0.038796231150627136
105,blocks.24.gate_conv,0.005942011252045631
105,blocks.25.conv1,0.04401807859539986
105,blocks.25.conv2,0.03330272063612938
105,blocks.25.gate_conv,0.012491648085415363
105,blocks.26.conv1,0.03619180619716644
105,blocks.26.conv2,0.031336281448602676
105,blocks.26.gate_conv,0.002741040661931038
105,blocks.27.conv1,0.04516558721661568
105,blocks.27.conv2,0.03556389734148979
105,blocks.27.gate_conv,0.004689276218414307
105,blocks.28.conv1,0.04524479806423187
105,blocks.28.conv2,0.04016342759132385
105,blocks.28.gate_conv,0.004942112136632204
105,blocks.29.conv1,0.05260024964809418
105,blocks.29.conv2,0.04844089597463608
105,blocks.29.gate_conv,0.00975358672440052
105,blocks.30.conv1,0.06481931358575821
105,blocks.30.conv2,0.04723021015524864
105,blocks.30.gate_conv,0.009084991179406643
105,blocks.31.conv1,0.04216349124908447
105,blocks.31.conv2,0.03463592007756233
105,blocks.31.gate_conv,0.0028374111279845238
105,mean_conv2d_grad_norm,0.03386376459948411
106,stem.0,0.015796978026628494
106,blocks.0.conv1,0.023921063169836998
106,blocks.0.conv2,0.023669999092817307
106,blocks.0.gate_conv,0.002327198162674904
106,blocks.1.conv1,0.023103998973965645
106,blocks.1.conv2,0.024411559104919434
106,blocks.1.gate_conv,0.00097690150141716
106,blocks.2.conv1,0.021517405286431313
106,blocks.2.conv2,0.019783584401011467
106,blocks.2.gate_conv,0.0012408695183694363
106,blocks.3.conv1,0.019835317507386208
106,blocks.3.conv2,0.018734384328126907
106,blocks.3.gate_conv,0.001267572515644133
106,blocks.4.conv1,0.019444778561592102
106,blocks.4.conv2,0.01718807779252529
106,blocks.4.gate_conv,0.0014647572534158826
106,blocks.5.conv1,0.01864299550652504
106,blocks.5.conv2,0.01708797737956047
106,blocks.5.gate_conv,0.0015200627967715263
106,blocks.6.conv1,0.015030669048428535
106,blocks.6.conv2,0.014482035301625729
106,blocks.6.gate_conv,0.001787718734703958
106,blocks.7.conv1,0.015933284536004066
106,blocks.7.conv2,0.015628840774297714
106,blocks.7.gate_conv,0.0017368908738717437
106,blocks.8.conv1,0.016340002417564392
106,blocks.8.conv2,0.0145256407558918
106,blocks.8.gate_conv,0.0015484999166801572
106,blocks.9.conv1,0.015192708000540733
106,blocks.9.conv2,0.01381409727036953
106,blocks.9.gate_conv,0.0020140400156378746
106,blocks.10.conv1,0.016850264742970467
106,blocks.10.conv2,0.014757324010133743
106,blocks.10.gate_conv,0.001374131185002625
106,blocks.11.conv1,0.014555077068507671
106,blocks.11.conv2,0.011743918061256409
106,blocks.11.gate_conv,0.0014236472779884934
106,blocks.12.conv1,0.01444387435913086
106,blocks.12.conv2,0.012007148936390877
106,blocks.12.gate_conv,0.0021367091685533524
106,blocks.13.conv1,0.013303225859999657
106,blocks.13.conv2,0.011942090466618538
106,blocks.13.gate_conv,0.0020772721618413925
106,blocks.14.conv1,0.011661884374916553
106,blocks.14.conv2,0.010387128219008446
106,blocks.14.gate_conv,0.0010485297534614801
106,blocks.15.conv1,0.012075040489435196
106,blocks.15.conv2,0.010204401798546314
106,blocks.15.gate_conv,0.0014085619477555156
106,blocks.16.conv1,0.011291423812508583
106,blocks.16.conv2,0.009591327048838139
106,blocks.16.gate_conv,0.0010995775228366256
106,blocks.17.conv1,0.01282472163438797
106,blocks.17.conv2,0.01103897299617529
106,blocks.17.gate_conv,0.0014464616542682052
106,blocks.18.conv1,0.010737692005932331
106,blocks.18.conv2,0.009322751313447952
106,blocks.18.gate_conv,0.0010296718683093786
106,blocks.19.conv1,0.011094724759459496
106,blocks.19.conv2,0.009535868652164936
106,blocks.19.gate_conv,0.0009542301413603127
106,blocks.20.conv1,0.01129367295652628
106,blocks.20.conv2,0.009081252850592136
106,blocks.20.gate_conv,0.001303034252487123
106,blocks.21.conv1,0.011828902177512646
106,blocks.21.conv2,0.010441569611430168
106,blocks.21.gate_conv,0.0014164873864501715
106,blocks.22.conv1,0.011966242454946041
106,blocks.22.conv2,0.009295132011175156
106,blocks.22.gate_conv,0.0010771678062155843
106,blocks.23.conv1,0.010807189159095287
106,blocks.23.conv2,0.01069672591984272
106,blocks.23.gate_conv,0.0013162621762603521
106,blocks.24.conv1,0.010190591216087341
106,blocks.24.conv2,0.009026181884109974
106,blocks.24.gate_conv,0.0011500880355015397
106,blocks.25.conv1,0.01155205350369215
106,blocks.25.conv2,0.009506051428616047
106,blocks.25.gate_conv,0.0025290639605373144
106,blocks.26.conv1,0.012194588780403137
106,blocks.26.conv2,0.011841301806271076
106,blocks.26.gate_conv,0.005661332979798317
106,blocks.27.conv1,0.013294558972120285
106,blocks.27.conv2,0.009073128923773766
106,blocks.27.gate_conv,0.0012654975289478898
106,blocks.28.conv1,0.014651579782366753
106,blocks.28.conv2,0.011700164526700974
106,blocks.28.gate_conv,0.0017995573580265045
106,blocks.29.conv1,0.017010683193802834
106,blocks.29.conv2,0.01429891400039196
106,blocks.29.gate_conv,0.008787878789007664
106,blocks.30.conv1,0.01601487025618553
106,blocks.30.conv2,0.013177065178751945
106,blocks.30.gate_conv,0.0019590577576309443
106,blocks.31.conv1,0.015154939144849777
106,blocks.31.conv2,0.012480421923100948
106,blocks.31.gate_conv,0.0007052007713355124
106,mean_conv2d_grad_norm,0.009988515178154501
107,stem.0,0.04633928835391998
107,blocks.0.conv1,0.03822925686836243
107,blocks.0.conv2,0.04366409406065941
107,blocks.0.gate_conv,0.0016335415421053767
107,blocks.1.conv1,0.04800058901309967
107,blocks.1.conv2,0.049258749932050705
107,blocks.1.gate_conv,0.0019029728136956692
107,blocks.2.conv1,0.040990445762872696
107,blocks.2.conv2,0.04016566649079323
107,blocks.2.gate_conv,0.004373020492494106
107,blocks.3.conv1,0.03869645297527313
107,blocks.3.conv2,0.03757944703102112
107,blocks.3.gate_conv,0.003320555668324232
107,blocks.4.conv1,0.03760245814919472
107,blocks.4.conv2,0.03327089548110962
107,blocks.4.gate_conv,0.00271597970277071
107,blocks.5.conv1,0.03632078319787979
107,blocks.5.conv2,0.03234049305319786
107,blocks.5.gate_conv,0.0027499133720993996
107,blocks.6.conv1,0.03214309364557266
107,blocks.6.conv2,0.02889852225780487
107,blocks.6.gate_conv,0.003071218030527234
107,blocks.7.conv1,0.030937593430280685
107,blocks.7.conv2,0.027403702959418297
107,blocks.7.gate_conv,0.003157272469252348
107,blocks.8.conv1,0.029576722532510757
107,blocks.8.conv2,0.024992916733026505
107,blocks.8.gate_conv,0.0018468559719622135
107,blocks.9.conv1,0.03054017201066017
107,blocks.9.conv2,0.0249469093978405
107,blocks.9.gate_conv,0.0025600933004170656
107,blocks.10.conv1,0.027492117136716843
107,blocks.10.conv2,0.022391213104128838
107,blocks.10.gate_conv,0.0025065471418201923
107,blocks.11.conv1,0.024495035409927368
107,blocks.11.conv2,0.020963504910469055
107,blocks.11.gate_conv,0.0022511701099574566
107,blocks.12.conv1,0.02392887882888317
107,blocks.12.conv2,0.020206110551953316
107,blocks.12.gate_conv,0.002482094569131732
107,blocks.13.conv1,0.021237144246697426
107,blocks.13.conv2,0.0186032522469759
107,blocks.13.gate_conv,0.0015471269143745303
107,blocks.14.conv1,0.022615034133195877
107,blocks.14.conv2,0.020344248041510582
107,blocks.14.gate_conv,0.0016906908713281155
107,blocks.15.conv1,0.022008931264281273
107,blocks.15.conv2,0.017634086310863495
107,blocks.15.gate_conv,0.0019617725629359484
107,blocks.16.conv1,0.018972093239426613
107,blocks.16.conv2,0.01584688574075699
107,blocks.16.gate_conv,0.001749388175085187
107,blocks.17.conv1,0.020548628643155098
107,blocks.17.conv2,0.016384709626436234
107,blocks.17.gate_conv,0.0012000439455732703
107,blocks.18.conv1,0.01999593898653984
107,blocks.18.conv2,0.015591001138091087
107,blocks.18.gate_conv,0.0024188579991459846
107,blocks.19.conv1,0.019095633178949356
107,blocks.19.conv2,0.016010625287890434
107,blocks.19.gate_conv,0.0018142146291211247
107,blocks.20.conv1,0.017741328105330467
107,blocks.20.conv2,0.01515426579862833
107,blocks.20.gate_conv,0.0013958291383460164
107,blocks.21.conv1,0.018091421574354172
107,blocks.21.conv2,0.015709059312939644
107,blocks.21.gate_conv,0.0036917529068887234
107,blocks.22.conv1,0.016923997551202774
107,blocks.22.conv2,0.015527550131082535
107,blocks.22.gate_conv,0.001856862218119204
107,blocks.23.conv1,0.0194352176040411
107,blocks.23.conv2,0.014225536957383156
107,blocks.23.gate_conv,0.0013772641541436315
107,blocks.24.conv1,0.020384423434734344
107,blocks.24.conv2,0.016752561554312706
107,blocks.24.gate_conv,0.0023205422330647707
107,blocks.25.conv1,0.019107060506939888
107,blocks.25.conv2,0.014728414826095104
107,blocks.25.gate_conv,0.0036788173019886017
107,blocks.26.conv1,0.016847992315888405
107,blocks.26.conv2,0.014183031395077705
107,blocks.26.gate_conv,0.0019545401446521282
107,blocks.27.conv1,0.0178495142608881
107,blocks.27.conv2,0.01523478515446186
107,blocks.27.gate_conv,0.0017962022684514523
107,blocks.28.conv1,0.02101367898285389
107,blocks.28.conv2,0.017895735800266266
107,blocks.28.gate_conv,0.002169517334550619
107,blocks.29.conv1,0.027523107826709747
107,blocks.29.conv2,0.020797045901417732
107,blocks.29.gate_conv,0.004084635525941849
107,blocks.30.conv1,0.02891758643090725
107,blocks.30.conv2,0.021554136648774147
107,blocks.30.gate_conv,0.0022627331782132387
107,blocks.31.conv1,0.020627396181225777
107,blocks.31.conv2,0.0185223575681448
107,blocks.31.gate_conv,0.0013893272262066603
107,mean_conv2d_grad_norm,0.01727775139278089
108,stem.0,0.04148270562291145
108,blocks.0.conv1,0.035866789519786835
108,blocks.0.conv2,0.04068812355399132
108,blocks.0.gate_conv,0.0018440330168232322
108,blocks.1.conv1,0.043490536510944366
108,blocks.1.conv2,0.046384312212467194
108,blocks.1.gate_conv,0.0018824156140908599
108,blocks.2.conv1,0.04185852035880089
108,blocks.2.conv2,0.04073703661561012
108,blocks.2.gate_conv,0.003279911121353507
108,blocks.3.conv1,0.04081675037741661
108,blocks.3.conv2,0.038234733045101166
108,blocks.3.gate_conv,0.0021296385675668716
108,blocks.4.conv1,0.03792554512619972
108,blocks.4.conv2,0.035445913672447205
108,blocks.4.gate_conv,0.0030852509662508965
108,blocks.5.conv1,0.037477485835552216
108,blocks.5.conv2,0.03343259170651436
108,blocks.5.gate_conv,0.004439794458448887
108,blocks.6.conv1,0.032420847564935684
108,blocks.6.conv2,0.030049189925193787
108,blocks.6.gate_conv,0.003486102446913719
108,blocks.7.conv1,0.03169241175055504
108,blocks.7.conv2,0.028705311939120293
108,blocks.7.gate_conv,0.0034499841276556253
108,blocks.8.conv1,0.03182869404554367
108,blocks.8.conv2,0.027865173295140266
108,blocks.8.gate_conv,0.002353749005123973
108,blocks.9.conv1,0.029974857345223427
108,blocks.9.conv2,0.02617233246564865
108,blocks.9.gate_conv,0.002173066372051835
108,blocks.10.conv1,0.026907503604888916
108,blocks.10.conv2,0.02290417067706585
108,blocks.10.gate_conv,0.0025251235347241163
108,blocks.11.conv1,0.025527747347950935
108,blocks.11.conv2,0.02223241701722145
108,blocks.11.gate_conv,0.0028798163402825594
108,blocks.12.conv1,0.023833245038986206
108,blocks.12.conv2,0.020796163007616997
108,blocks.12.gate_conv,0.002345999935641885
108,blocks.13.conv1,0.021595342084765434
108,blocks.13.conv2,0.018215510994195938
108,blocks.13.gate_conv,0.0020874873735010624
108,blocks.14.conv1,0.020903412252664566
108,blocks.14.conv2,0.018570302054286003
108,blocks.14.gate_conv,0.0019823769107460976
108,blocks.15.conv1,0.020272638648748398
108,blocks.15.conv2,0.017184533178806305
108,blocks.15.gate_conv,0.001872633001767099
108,blocks.16.conv1,0.02308112569153309
108,blocks.16.conv2,0.01916969008743763
108,blocks.16.gate_conv,0.0021291780285537243
108,blocks.17.conv1,0.02200070396065712
108,blocks.17.conv2,0.018356243148446083
108,blocks.17.gate_conv,0.0014011944876983762
108,blocks.18.conv1,0.020666031166911125
108,blocks.18.conv2,0.0182602908462286
108,blocks.18.gate_conv,0.0016580952797085047
108,blocks.19.conv1,0.020376184955239296
108,blocks.19.conv2,0.018051309511065483
108,blocks.19.gate_conv,0.0024511287920176983
108,blocks.20.conv1,0.017514316365122795
108,blocks.20.conv2,0.015373803675174713
108,blocks.20.gate_conv,0.0024178330786526203
108,blocks.21.conv1,0.02259414829313755
108,blocks.21.conv2,0.01951870694756508
108,blocks.21.gate_conv,0.0026404482778161764
108,blocks.22.conv1,0.021250072866678238
108,blocks.22.conv2,0.017275039106607437
108,blocks.22.gate_conv,0.002056133933365345
108,blocks.23.conv1,0.02291911281645298
108,blocks.23.conv2,0.017036575824022293
108,blocks.23.gate_conv,0.0017331278650090098
108,blocks.24.conv1,0.021407578140497208
108,blocks.24.conv2,0.017889635637402534
108,blocks.24.gate_conv,0.002022779081016779
108,blocks.25.conv1,0.0197566207498312
108,blocks.25.conv2,0.017223473638296127
108,blocks.25.gate_conv,0.004192073363810778
108,blocks.26.conv1,0.019642459228634834
108,blocks.26.conv2,0.015794619917869568
108,blocks.26.gate_conv,0.0012169473338872194
108,blocks.27.conv1,0.019200291484594345
108,blocks.27.conv2,0.015679800882935524
108,blocks.27.gate_conv,0.0014113503275439143
108,blocks.28.conv1,0.025046084076166153
108,blocks.28.conv2,0.019414043053984642
108,blocks.28.gate_conv,0.004696176387369633
108,blocks.29.conv1,0.02968759462237358
108,blocks.29.conv2,0.022047923877835274
108,blocks.29.gate_conv,0.004356893245130777
108,blocks.30.conv1,0.02828993834555149
108,blocks.30.conv2,0.021338501945137978
108,blocks.30.gate_conv,0.0029788226820528507
108,blocks.31.conv1,0.022183388471603394
108,blocks.31.conv2,0.017940029501914978
108,blocks.31.gate_conv,0.0016910441918298602
108,mean_conv2d_grad_norm,0.0179211216121816
109,stem.0,0.010911883786320686
109,blocks.0.conv1,0.01107846014201641
109,blocks.0.conv2,0.012728214263916016
109,blocks.0.gate_conv,0.0009093838161788881
109,blocks.1.conv1,0.013440090231597424
109,blocks.1.conv2,0.014380639418959618
109,blocks.1.gate_conv,0.0005534778465516865
109,blocks.2.conv1,0.011990830302238464
109,blocks.2.conv2,0.012022307142615318
109,blocks.2.gate_conv,0.0009572540293447673
109,blocks.3.conv1,0.012363170273602009
109,blocks.3.conv2,0.010891678743064404
109,blocks.3.gate_conv,0.0006785562145523727
109,blocks.4.conv1,0.011043904349207878
109,blocks.4.conv2,0.009482309222221375
109,blocks.4.gate_conv,0.0007469662232324481
109,blocks.5.conv1,0.009975340217351913
109,blocks.5.conv2,0.00964462198317051
109,blocks.5.gate_conv,0.0009991800179705024
109,blocks.6.conv1,0.010288409888744354
109,blocks.6.conv2,0.009195871651172638
109,blocks.6.gate_conv,0.0007977286004461348
109,blocks.7.conv1,0.009551826864480972
109,blocks.7.conv2,0.008177726529538631
109,blocks.7.gate_conv,0.0010870130499824882
109,blocks.8.conv1,0.009236772544682026
109,blocks.8.conv2,0.008170634508132935
109,blocks.8.gate_conv,0.000670544512104243
109,blocks.9.conv1,0.00839200895279646
109,blocks.9.conv2,0.007033726666122675
109,blocks.9.gate_conv,0.000637439894489944
109,blocks.10.conv1,0.007985780015587807
109,blocks.10.conv2,0.007409349549561739
109,blocks.10.gate_conv,0.0007486405083909631
109,blocks.11.conv1,0.00728883221745491
109,blocks.11.conv2,0.007210088428109884
109,blocks.11.gate_conv,0.001014344161376357
109,blocks.12.conv1,0.008059692569077015
109,blocks.12.conv2,0.0062501197680830956
109,blocks.12.gate_conv,0.0008908863528631628
109,blocks.13.conv1,0.006299331318587065
109,blocks.13.conv2,0.00549846887588501
109,blocks.13.gate_conv,0.000770420185290277
109,blocks.14.conv1,0.0069245570339262486
109,blocks.14.conv2,0.005835004150867462
109,blocks.14.gate_conv,0.0005381834926083684
109,blocks.15.conv1,0.007256206125020981
109,blocks.15.conv2,0.005584071855992079
109,blocks.15.gate_conv,0.0007835711585357785
109,blocks.16.conv1,0.006204123608767986
109,blocks.16.conv2,0.005477649159729481
109,blocks.16.gate_conv,0.000576858117710799
109,blocks.17.conv1,0.006516642402857542
109,blocks.17.conv2,0.005216751713305712
109,blocks.17.gate_conv,0.00040199971408583224
109,blocks.18.conv1,0.0061805108562111855
109,blocks.18.conv2,0.0049277604557573795
109,blocks.18.gate_conv,0.0006235743639990687
109,blocks.19.conv1,0.0060865068808197975
109,blocks.19.conv2,0.005139763932675123
109,blocks.19.gate_conv,0.0006972132250666618
109,blocks.20.conv1,0.006047432776540518
109,blocks.20.conv2,0.005030411295592785
109,blocks.20.gate_conv,0.0006837196415290236
109,blocks.21.conv1,0.006275217514485121
109,blocks.21.conv2,0.004968568217009306
109,blocks.21.gate_conv,0.0009857806144282222
109,blocks.22.conv1,0.00583177013322711
109,blocks.22.conv2,0.005216158460825682
109,blocks.22.gate_conv,0.0006917881546542048
109,blocks.23.conv1,0.005919633433222771
109,blocks.23.conv2,0.004437928553670645
109,blocks.23.gate_conv,0.0004587229050230235
109,blocks.24.conv1,0.0066920057870447636
109,blocks.24.conv2,0.005389001686125994
109,blocks.24.gate_conv,0.0008776228642091155
109,blocks.25.conv1,0.005978071596473455
109,blocks.25.conv2,0.004621720872819424
109,blocks.25.gate_conv,0.0013414439745247364
109,blocks.26.conv1,0.005073931999504566
109,blocks.26.conv2,0.004384029656648636
109,blocks.26.gate_conv,0.0005829966394230723
109,blocks.27.conv1,0.006482979748398066
109,blocks.27.conv2,0.005068426486104727
109,blocks.27.gate_conv,0.000779578578658402
109,blocks.28.conv1,0.006362544372677803
109,blocks.28.conv2,0.005078298971056938
109,blocks.28.gate_conv,0.0008305929368361831
109,blocks.29.conv1,0.008552845567464828
109,blocks.29.conv2,0.006786349695175886
109,blocks.29.gate_conv,0.001272209919989109
109,blocks.30.conv1,0.008176133036613464
109,blocks.30.conv2,0.00649103382602334
109,blocks.30.gate_conv,0.0008367241243831813
109,blocks.31.conv1,0.005749262869358063
109,blocks.31.conv2,0.005406050942838192
109,blocks.31.gate_conv,0.0004057272453792393
109,mean_conv2d_grad_norm,0.005280428754463408
110,stem.0,0.017392300069332123
110,blocks.0.conv1,0.016895972192287445
110,blocks.0.conv2,0.01941087655723095
110,blocks.0.gate_conv,0.0009615215240046382
110,blocks.1.conv1,0.019970638677477837
110,blocks.1.conv2,0.021432774141430855
110,blocks.1.gate_conv,0.0008091883501037955
110,blocks.2.conv1,0.019451197236776352
110,blocks.2.conv2,0.01925257220864296
110,blocks.2.gate_conv,0.0018381730187684298
110,blocks.3.conv1,0.01822400651872158
110,blocks.3.conv2,0.017559662461280823
110,blocks.3.gate_conv,0.0011458294466137886
110,blocks.4.conv1,0.017703130841255188
110,blocks.4.conv2,0.014928020536899567
110,blocks.4.gate_conv,0.0010126694105565548
110,blocks.5.conv1,0.016979897394776344
110,blocks.5.conv2,0.014563859440386295
110,blocks.5.gate_conv,0.0012539294548332691
110,blocks.6.conv1,0.014374366030097008
110,blocks.6.conv2,0.012536692433059216
110,blocks.6.gate_conv,0.0010996798519045115
110,blocks.7.conv1,0.013911704532802105
110,blocks.7.conv2,0.012363294139504433
110,blocks.7.gate_conv,0.001733857556246221
110,blocks.8.conv1,0.014106757938861847
110,blocks.8.conv2,0.011815151199698448
110,blocks.8.gate_conv,0.0008992318180389702
110,blocks.9.conv1,0.012653477489948273
110,blocks.9.conv2,0.011144936084747314
110,blocks.9.gate_conv,0.0009382077842019498
110,blocks.10.conv1,0.011588199064135551
110,blocks.10.conv2,0.010319611988961697
110,blocks.10.gate_conv,0.0010346148628741503
110,blocks.11.conv1,0.01161488238722086
110,blocks.11.conv2,0.009553390555083752
110,blocks.11.gate_conv,0.0009361497941426933
110,blocks.12.conv1,0.010073130950331688
110,blocks.12.conv2,0.009181168861687183
110,blocks.12.gate_conv,0.0006964313215576112
110,blocks.13.conv1,0.009426649659872055
110,blocks.13.conv2,0.0075478027574718
110,blocks.13.gate_conv,0.0007595044444315135
110,blocks.14.conv1,0.009651892818510532
110,blocks.14.conv2,0.008518243208527565
110,blocks.14.gate_conv,0.00069202616577968
110,blocks.15.conv1,0.009035514667630196
110,blocks.15.conv2,0.0079346913844347
110,blocks.15.gate_conv,0.0015510694356635213
110,blocks.16.conv1,0.008403684012591839
110,blocks.16.conv2,0.007346336729824543
110,blocks.16.gate_conv,0.0008359738858416677
110,blocks.17.conv1,0.008433165028691292
110,blocks.17.conv2,0.007541760336607695
110,blocks.17.gate_conv,0.00047375267604365945
110,blocks.18.conv1,0.008671089075505733
110,blocks.18.conv2,0.008127104490995407
110,blocks.18.gate_conv,0.0006202188669703901
110,blocks.19.conv1,0.008355003781616688
110,blocks.19.conv2,0.006816570647060871
110,blocks.19.gate_conv,0.0007914130692370236
110,blocks.20.conv1,0.008409936912357807
110,blocks.20.conv2,0.006818166468292475
110,blocks.20.gate_conv,0.0005823704414069653
110,blocks.21.conv1,0.00840370450168848
110,blocks.21.conv2,0.006994333118200302
110,blocks.21.gate_conv,0.0006818776018917561
110,blocks.22.conv1,0.00858349073678255
110,blocks.22.conv2,0.007412480190396309
110,blocks.22.gate_conv,0.0007004961953498423
110,blocks.23.conv1,0.008552263490855694
110,blocks.23.conv2,0.00720593985170126
110,blocks.23.gate_conv,0.00048026899457909167
110,blocks.24.conv1,0.008436962030827999
110,blocks.24.conv2,0.0073585971258580685
110,blocks.24.gate_conv,0.0011971232015639544
110,blocks.25.conv1,0.00769882882013917
110,blocks.25.conv2,0.006226344499737024
110,blocks.25.gate_conv,0.0007536170305684209
110,blocks.26.conv1,0.007859311997890472
110,blocks.26.conv2,0.006341501604765654
110,blocks.26.gate_conv,0.00040387321496382356
110,blocks.27.conv1,0.008980716578662395
110,blocks.27.conv2,0.0069156428799033165
110,blocks.27.gate_conv,0.0006768673192709684
110,blocks.28.conv1,0.009627129882574081
110,blocks.28.conv2,0.008365674875676632
110,blocks.28.gate_conv,0.0012428044574335217
110,blocks.29.conv1,0.010589339770376682
110,blocks.29.conv2,0.008073068223893642
110,blocks.29.gate_conv,0.0016632165061309934
110,blocks.30.conv1,0.012575730681419373
110,blocks.30.conv2,0.010115611366927624
110,blocks.30.gate_conv,0.0009967838414013386
110,blocks.31.conv1,0.010713750496506691
110,blocks.31.conv2,0.008735298179090023
110,blocks.31.gate_conv,0.0006392488139681518
110,mean_conv2d_grad_norm,0.007689762836833456
111,stem.0,0.009142940863966942
111,blocks.0.conv1,0.009135969914495945
111,blocks.0.conv2,0.010183261707425117
111,blocks.0.gate_conv,0.0004988957662135363
111,blocks.1.conv1,0.011223440058529377
111,blocks.1.conv2,0.01246799249202013
111,blocks.1.gate_conv,0.0004602491098921746
111,blocks.2.conv1,0.010713028721511364
111,blocks.2.conv2,0.010677244514226913
111,blocks.2.gate_conv,0.000776085420511663
111,blocks.3.conv1,0.01051771454513073
111,blocks.3.conv2,0.009623093530535698
111,blocks.3.gate_conv,0.0008391810115426779
111,blocks.4.conv1,0.010458293370902538
111,blocks.4.conv2,0.009493718855082989
111,blocks.4.gate_conv,0.0008583460003137589
111,blocks.5.conv1,0.00987662561237812
111,blocks.5.conv2,0.00942633580416441
111,blocks.5.gate_conv,0.0013387303333729506
111,blocks.6.conv1,0.008862047456204891
111,blocks.6.conv2,0.007927441038191319
111,blocks.6.gate_conv,0.001284903846681118
111,blocks.7.conv1,0.009350777603685856
111,blocks.7.conv2,0.008262189105153084
111,blocks.7.gate_conv,0.0013953063171356916
111,blocks.8.conv1,0.008536377921700478
111,blocks.8.conv2,0.0077284169383347034
111,blocks.8.gate_conv,0.0006495796260423958
111,blocks.9.conv1,0.007914438843727112
111,blocks.9.conv2,0.006971845868974924
111,blocks.9.gate_conv,0.000993344932794571
111,blocks.10.conv1,0.007666132412850857
111,blocks.10.conv2,0.00609384523704648
111,blocks.10.gate_conv,0.000807005912065506
111,blocks.11.conv1,0.007135909516364336
111,blocks.11.conv2,0.00622292747721076
111,blocks.11.gate_conv,0.000746740261092782
111,blocks.12.conv1,0.006853674538433552
111,blocks.12.conv2,0.00571201927959919
111,blocks.12.gate_conv,0.00073155079735443
111,blocks.13.conv1,0.0064642224460840225
111,blocks.13.conv2,0.005467243492603302
111,blocks.13.gate_conv,0.00108686788007617
111,blocks.14.conv1,0.006891944445669651
111,blocks.14.conv2,0.005780356004834175
111,blocks.14.gate_conv,0.0005739191547036171
111,blocks.15.conv1,0.006100647151470184
111,blocks.15.conv2,0.005140185821801424
111,blocks.15.gate_conv,0.0007498631021007895
111,blocks.16.conv1,0.006967412773519754
111,blocks.16.conv2,0.0049672904424369335
111,blocks.16.gate_conv,0.0007305506151169538
111,blocks.17.conv1,0.0068471492268145084
111,blocks.17.conv2,0.0054914928041398525
111,blocks.17.gate_conv,0.0008042415720410645
111,blocks.18.conv1,0.005743022542446852
111,blocks.18.conv2,0.004942718893289566
111,blocks.18.gate_conv,0.0004892275901511312
111,blocks.19.conv1,0.006480826064944267
111,blocks.19.conv2,0.004941951483488083
111,blocks.19.gate_conv,0.0013196497457101941
111,blocks.20.conv1,0.005351373925805092
111,blocks.20.conv2,0.004522854927927256
111,blocks.20.gate_conv,0.0007305849576368928
111,blocks.21.conv1,0.007122706156224012
111,blocks.21.conv2,0.00544394738972187
111,blocks.21.gate_conv,0.0010083720553666353
111,blocks.22.conv1,0.006038815248757601
111,blocks.22.conv2,0.004787078592926264
111,blocks.22.gate_conv,0.00046768737956881523
111,blocks.23.conv1,0.005595258437097073
111,blocks.23.conv2,0.004721702542155981
111,blocks.23.gate_conv,0.00046421794104389846
111,blocks.24.conv1,0.00600676191970706
111,blocks.24.conv2,0.004762422293424606
111,blocks.24.gate_conv,0.0007539648795500398
111,blocks.25.conv1,0.005596351344138384
111,blocks.25.conv2,0.004460153169929981
111,blocks.25.gate_conv,0.000890113995410502
111,blocks.26.conv1,0.005343316122889519
111,blocks.26.conv2,0.004301698412746191
111,blocks.26.gate_conv,0.00045250719995237887
111,blocks.27.conv1,0.006727754604071379
111,blocks.27.conv2,0.0049348799511790276
111,blocks.27.gate_conv,0.0007944338722154498
111,blocks.28.conv1,0.0071291131898760796
111,blocks.28.conv2,0.005247951950877905
111,blocks.28.gate_conv,0.0007982999086380005
111,blocks.29.conv1,0.008611934259533882
111,blocks.29.conv2,0.006313107442110777
111,blocks.29.gate_conv,0.0012630467535927892
111,blocks.30.conv1,0.007655440829694271
111,blocks.30.conv2,0.005942499730736017
111,blocks.30.gate_conv,0.0010954400058835745
111,blocks.31.conv1,0.005491334479302168
111,blocks.31.conv2,0.0052435630932450294
111,blocks.31.gate_conv,0.0004720195720437914
111,mean_conv2d_grad_norm,0.00499052695207509
112,stem.0,0.04627373442053795
112,blocks.0.conv1,0.04999053478240967
112,blocks.0.conv2,0.05756128206849098
112,blocks.0.gate_conv,0.0029896553605794907
112,blocks.1.conv1,0.05803252011537552
112,blocks.1.conv2,0.06223062798380852
112,blocks.1.gate_conv,0.002415986265987158
112,blocks.2.conv1,0.057916928082704544
112,blocks.2.conv2,0.05486971512436867
112,blocks.2.gate_conv,0.004724965896457434
112,blocks.3.conv1,0.056399259716272354
112,blocks.3.conv2,0.04945802688598633
112,blocks.3.gate_conv,0.00275122351013124
112,blocks.4.conv1,0.0550127774477005
112,blocks.4.conv2,0.04460212215781212
112,blocks.4.gate_conv,0.003592119086533785
112,blocks.5.conv1,0.04853573814034462
112,blocks.5.conv2,0.044007252901792526
112,blocks.5.gate_conv,0.004228360019624233
112,blocks.6.conv1,0.045280572026968
112,blocks.6.conv2,0.03686792403459549
112,blocks.6.gate_conv,0.0069093359634280205
112,blocks.7.conv1,0.04431399703025818
112,blocks.7.conv2,0.038988858461380005
112,blocks.7.gate_conv,0.004299564752727747
112,blocks.8.conv1,0.04084783047437668
112,blocks.8.conv2,0.0344463549554348
112,blocks.8.gate_conv,0.002355515258386731
112,blocks.9.conv1,0.03629204258322716
112,blocks.9.conv2,0.030917374417185783
112,blocks.9.gate_conv,0.0033565228804945946
112,blocks.10.conv1,0.03889276459813118
112,blocks.10.conv2,0.030377104878425598
112,blocks.10.gate_conv,0.0029313128907233477
112,blocks.11.conv1,0.03216340392827988
112,blocks.11.conv2,0.02992006205022335
112,blocks.11.gate_conv,0.003598506562411785
112,blocks.12.conv1,0.032012756913900375
112,blocks.12.conv2,0.027077006176114082
112,blocks.12.gate_conv,0.0031000906601548195
112,blocks.13.conv1,0.03068002685904503
112,blocks.13.conv2,0.02464778535068035
112,blocks.13.gate_conv,0.0024633961729705334
112,blocks.14.conv1,0.032069068402051926
112,blocks.14.conv2,0.030644774436950684
112,blocks.14.gate_conv,0.0030925245955586433
112,blocks.15.conv1,0.029145948588848114
112,blocks.15.conv2,0.022753586992621422
112,blocks.15.gate_conv,0.0020934685599058867
112,blocks.16.conv1,0.027893701568245888
112,blocks.16.conv2,0.023814760148525238
112,blocks.16.gate_conv,0.002294778823852539
112,blocks.17.conv1,0.03126844763755798
112,blocks.17.conv2,0.02399403415620327
112,blocks.17.gate_conv,0.0019650538451969624
112,blocks.18.conv1,0.030151262879371643
112,blocks.18.conv2,0.022454511374235153
112,blocks.18.gate_conv,0.0016151908785104752
112,blocks.19.conv1,0.025645464658737183
112,blocks.19.conv2,0.021930839866399765
112,blocks.19.gate_conv,0.0028627286665141582
112,blocks.20.conv1,0.029674511402845383
112,blocks.20.conv2,0.025860758498311043
112,blocks.20.gate_conv,0.003564126556739211
112,blocks.21.conv1,0.027182908728718758
112,blocks.21.conv2,0.022446027025580406
112,blocks.21.gate_conv,0.002470878418534994
112,blocks.22.conv1,0.029920917004346848
112,blocks.22.conv2,0.02458067610859871
112,blocks.22.gate_conv,0.0034118799958378077
112,blocks.23.conv1,0.02485172636806965
112,blocks.23.conv2,0.020839542150497437
112,blocks.23.gate_conv,0.0021258334163576365
112,blocks.24.conv1,0.030211500823497772
112,blocks.24.conv2,0.03071567974984646
112,blocks.24.gate_conv,0.005928215570747852
112,blocks.25.conv1,0.03359079733490944
112,blocks.25.conv2,0.0247485414147377
112,blocks.25.gate_conv,0.004526843782514334
112,blocks.26.conv1,0.027075208723545074
112,blocks.26.conv2,0.022289056330919266
112,blocks.26.gate_conv,0.0035714914556592703
112,blocks.27.conv1,0.03684370592236519
112,blocks.27.conv2,0.02770938351750374
112,blocks.27.gate_conv,0.0037286789156496525
112,blocks.28.conv1,0.03419962525367737
112,blocks.28.conv2,0.032220736145973206
112,blocks.28.gate_conv,0.004040358122438192
112,blocks.29.conv1,0.040667369961738586
112,blocks.29.conv2,0.030679255723953247
112,blocks.29.gate_conv,0.007001173682510853
112,blocks.30.conv1,0.03503388911485672
112,blocks.30.conv2,0.026491081342101097
112,blocks.30.gate_conv,0.00408915476873517
112,blocks.31.conv1,0.022812608629465103
112,blocks.31.conv2,0.017725402489304543
112,blocks.31.gate_conv,0.0016715950332581997
112,mean_conv2d_grad_norm,0.024211589952681176
113,stem.0,0.01465146616101265
113,blocks.0.conv1,0.017001302912831306
113,blocks.0.conv2,0.020564429461956024
113,blocks.0.gate_conv,0.0009945370256900787
113,blocks.1.conv1,0.02364904060959816
113,blocks.1.conv2,0.02528863400220871
113,blocks.1.gate_conv,0.000883483502548188
113,blocks.2.conv1,0.023732222616672516
113,blocks.2.conv2,0.027002817019820213
113,blocks.2.gate_conv,0.0015437264228239655
113,blocks.3.conv1,0.02356705069541931
113,blocks.3.conv2,0.020549017935991287
113,blocks.3.gate_conv,0.0009836091194301844
113,blocks.4.conv1,0.021281203255057335
113,blocks.4.conv2,0.019743993878364563
113,blocks.4.gate_conv,0.0012507938081398606
113,blocks.5.conv1,0.020334236323833466
113,blocks.5.conv2,0.020061489194631577
113,blocks.5.gate_conv,0.002304937457665801
113,blocks.6.conv1,0.01737637259066105
113,blocks.6.conv2,0.016493400558829308
113,blocks.6.gate_conv,0.001771672279573977
113,blocks.7.conv1,0.016620447859168053
113,blocks.7.conv2,0.01586969383060932
113,blocks.7.gate_conv,0.0017435706686228514
113,blocks.8.conv1,0.018214885145425797
113,blocks.8.conv2,0.01458383072167635
113,blocks.8.gate_conv,0.0009553892305120826
113,blocks.9.conv1,0.014789055101573467
113,blocks.9.conv2,0.013308736495673656
113,blocks.9.gate_conv,0.0012472235830500722
113,blocks.10.conv1,0.013420449569821358
113,blocks.10.conv2,0.012469473294913769
113,blocks.10.gate_conv,0.0009168934193439782
113,blocks.11.conv1,0.012520815245807171
113,blocks.11.conv2,0.010903384536504745
113,blocks.11.gate_conv,0.0013399084564298391
113,blocks.12.conv1,0.011843664571642876
113,blocks.12.conv2,0.009636013768613338
113,blocks.12.gate_conv,0.0008723443024791777
113,blocks.13.conv1,0.010901463218033314
113,blocks.13.conv2,0.009252418763935566
113,blocks.13.gate_conv,0.0008760933997109532
113,blocks.14.conv1,0.011373143643140793
113,blocks.14.conv2,0.009765272960066795
113,blocks.14.gate_conv,0.0006818296387791634
113,blocks.15.conv1,0.01100188959389925
113,blocks.15.conv2,0.009122539311647415
113,blocks.15.gate_conv,0.0007734730024822056
113,blocks.16.conv1,0.010832254774868488
113,blocks.16.conv2,0.00855623371899128
113,blocks.16.gate_conv,0.0010419514728710055
113,blocks.17.conv1,0.010075378231704235
113,blocks.17.conv2,0.008890588767826557
113,blocks.17.gate_conv,0.0009145515505224466
113,blocks.18.conv1,0.01135438121855259
113,blocks.18.conv2,0.008970977738499641
113,blocks.18.gate_conv,0.0006155736045911908
113,blocks.19.conv1,0.010409380309283733
113,blocks.19.conv2,0.008683916181325912
113,blocks.19.gate_conv,0.000738983741030097
113,blocks.20.conv1,0.010956953279674053
113,blocks.20.conv2,0.009792636148631573
113,blocks.20.gate_conv,0.0006159490440040827
113,blocks.21.conv1,0.01019264105707407
113,blocks.21.conv2,0.009991254657506943
113,blocks.21.gate_conv,0.0016157400095835328
113,blocks.22.conv1,0.010496309958398342
113,blocks.22.conv2,0.009179373271763325
113,blocks.22.gate_conv,0.0009081726893782616
113,blocks.23.conv1,0.010057589039206505
113,blocks.23.conv2,0.009026437066495419
113,blocks.23.gate_conv,0.000627727888058871
113,blocks.24.conv1,0.012189232744276524
113,blocks.24.conv2,0.009770805016160011
113,blocks.24.gate_conv,0.0012399564730003476
113,blocks.25.conv1,0.010503587312996387
113,blocks.25.conv2,0.008129007183015347
113,blocks.25.gate_conv,0.0014907375443726778
113,blocks.26.conv1,0.010060654953122139
113,blocks.26.conv2,0.00776224210858345
113,blocks.26.gate_conv,0.0004802266485057771
113,blocks.27.conv1,0.008519742637872696
113,blocks.27.conv2,0.0069814883172512054
113,blocks.27.gate_conv,0.0006608798285014927
113,blocks.28.conv1,0.010520060546696186
113,blocks.28.conv2,0.010255486704409122
113,blocks.28.gate_conv,0.0010133212199434638
113,blocks.29.conv1,0.012866592966020107
113,blocks.29.conv2,0.009791549295186996
113,blocks.29.gate_conv,0.0017243362963199615
113,blocks.30.conv1,0.014171604998409748
113,blocks.30.conv2,0.009442952461540699
113,blocks.30.gate_conv,0.0006698372308164835
113,blocks.31.conv1,0.008876903913915157
113,blocks.31.conv2,0.007558113895356655
113,blocks.31.gate_conv,0.0007404807256534696
113,mean_conv2d_grad_norm,0.009134000995959703
114,stem.0,0.021241066977381706
114,blocks.0.conv1,0.021548528224229813
114,blocks.0.conv2,0.023043764755129814
114,blocks.0.gate_conv,0.0016469995025545359
114,blocks.1.conv1,0.023307060822844505
114,blocks.1.conv2,0.02379123866558075
114,blocks.1.gate_conv,0.0009062228491529822
114,blocks.2.conv1,0.02164529450237751
114,blocks.2.conv2,0.02070152945816517
114,blocks.2.gate_conv,0.0011682643089443445
114,blocks.3.conv1,0.0209661815315485
114,blocks.3.conv2,0.019884934648871422
114,blocks.3.gate_conv,0.0013503119116649032
114,blocks.4.conv1,0.0184040330350399
114,blocks.4.conv2,0.016317885369062424
114,blocks.4.gate_conv,0.0011361785000190139
114,blocks.5.conv1,0.018238317221403122
114,blocks.5.conv2,0.01570967771112919
114,blocks.5.gate_conv,0.0020632867235690355
114,blocks.6.conv1,0.01593252830207348
114,blocks.6.conv2,0.014123271219432354
114,blocks.6.gate_conv,0.0013239630497992039
114,blocks.7.conv1,0.014991126954555511
114,blocks.7.conv2,0.014710383489727974
114,blocks.7.gate_conv,0.001655680825933814
114,blocks.8.conv1,0.01639530248939991
114,blocks.8.conv2,0.01418241299688816
114,blocks.8.gate_conv,0.0009527006768621504
114,blocks.9.conv1,0.013371068984270096
114,blocks.9.conv2,0.011351196095347404
114,blocks.9.gate_conv,0.0010709075722843409
114,blocks.10.conv1,0.01297428086400032
114,blocks.10.conv2,0.010363662615418434
114,blocks.10.gate_conv,0.0008767189574427903
114,blocks.11.conv1,0.012006108649075031
114,blocks.11.conv2,0.010135514661669731
114,blocks.11.gate_conv,0.0007534683682024479
114,blocks.12.conv1,0.011258626356720924
114,blocks.12.conv2,0.010095298290252686
114,blocks.12.gate_conv,0.0011209965450689197
114,blocks.13.conv1,0.011080028489232063
114,blocks.13.conv2,0.009076543152332306
114,blocks.13.gate_conv,0.0007331474917009473
114,blocks.14.conv1,0.010488836094737053
114,blocks.14.conv2,0.009178919717669487
114,blocks.14.gate_conv,0.0007784984773024917
114,blocks.15.conv1,0.0093338992446661
114,blocks.15.conv2,0.008115852251648903
114,blocks.15.gate_conv,0.0007139219669625163
114,blocks.16.conv1,0.009721062146127224
114,blocks.16.conv2,0.008258707821369171
114,blocks.16.gate_conv,0.000832928519230336
114,blocks.17.conv1,0.00964704155921936
114,blocks.17.conv2,0.007800702936947346
114,blocks.17.gate_conv,0.0004876145103480667
114,blocks.18.conv1,0.010768136940896511
114,blocks.18.conv2,0.0089172488078475
114,blocks.18.gate_conv,0.0005321298376657069
114,blocks.19.conv1,0.010034237988293171
114,blocks.19.conv2,0.008060859516263008
114,blocks.19.gate_conv,0.0007625442231073976
114,blocks.20.conv1,0.008517215959727764
114,blocks.20.conv2,0.006963831372559071
114,blocks.20.gate_conv,0.0007079873466864228
114,blocks.21.conv1,0.009660410694777966
114,blocks.21.conv2,0.008368576876819134
114,blocks.21.gate_conv,0.000759437563829124
114,blocks.22.conv1,0.009271305985748768
114,blocks.22.conv2,0.0069747380912303925
114,blocks.22.gate_conv,0.0006408123299479485
114,blocks.23.conv1,0.009592780843377113
114,blocks.23.conv2,0.008003364317119122
114,blocks.23.gate_conv,0.0006198649061843753
114,blocks.24.conv1,0.009431206621229649
114,blocks.24.conv2,0.00743465032428503
114,blocks.24.gate_conv,0.0008330025593750179
114,blocks.25.conv1,0.010599019005894661
114,blocks.25.conv2,0.007531578652560711
114,blocks.25.gate_conv,0.0011772136203944683
114,blocks.26.conv1,0.009757761843502522
114,blocks.26.conv2,0.007857086136937141
114,blocks.26.gate_conv,0.0005860007950104773
114,blocks.27.conv1,0.011119814589619637
114,blocks.27.conv2,0.00829790998250246
114,blocks.27.gate_conv,0.0008424138650298119
114,blocks.28.conv1,0.010928938165307045
114,blocks.28.conv2,0.009970540180802345
114,blocks.28.gate_conv,0.001406733994372189
114,blocks.29.conv1,0.01342870108783245
114,blocks.29.conv2,0.009964142926037312
114,blocks.29.gate_conv,0.0014286591904237866
114,blocks.30.conv1,0.01397413294762373
114,blocks.30.conv2,0.009823556058108807
114,blocks.30.gate_conv,0.0009576352895237505
114,blocks.31.conv1,0.009043442085385323
114,blocks.31.conv2,0.007794288452714682
114,blocks.31.gate_conv,0.0005529941990971565
114,mean_conv2d_grad_norm,0.008586191806579777
115,stem.0,0.023330867290496826
115,blocks.0.conv1,0.02452229894697666
115,blocks.0.conv2,0.02659042738378048
115,blocks.0.gate_conv,0.001380782457999885
115,blocks.1.conv1,0.028125660493969917
115,blocks.1.conv2,0.031258709728717804
115,blocks.1.gate_conv,0.0011127378093078732
115,blocks.2.conv1,0.026842430233955383
115,blocks.2.conv2,0.025232840329408646
115,blocks.2.gate_conv,0.0015490747755393386
115,blocks.3.conv1,0.026291804388165474
115,blocks.3.conv2,0.025591732934117317
115,blocks.3.gate_conv,0.0016686248127371073
115,blocks.4.conv1,0.023952461779117584
115,blocks.4.conv2,0.020579366013407707
115,blocks.4.gate_conv,0.0014603716554120183
115,blocks.5.conv1,0.0226735919713974
115,blocks.5.conv2,0.019797159358859062
115,blocks.5.gate_conv,0.0018845994491130114
115,blocks.6.conv1,0.020472653210163116
115,blocks.6.conv2,0.018469171598553658
115,blocks.6.gate_conv,0.001653883489780128
115,blocks.7.conv1,0.019062018021941185
115,blocks.7.conv2,0.016989924013614655
115,blocks.7.gate_conv,0.0017657276475802064
115,blocks.8.conv1,0.018257323652505875
115,blocks.8.conv2,0.01514801848679781
115,blocks.8.gate_conv,0.0011242313776165247
115,blocks.9.conv1,0.01754729636013508
115,blocks.9.conv2,0.013837376609444618
115,blocks.9.gate_conv,0.0012126774527132511
115,blocks.10.conv1,0.017059195786714554
115,blocks.10.conv2,0.014829641208052635
115,blocks.10.gate_conv,0.0013268316397443414
115,blocks.11.conv1,0.016614876687526703
115,blocks.11.conv2,0.013598773628473282
115,blocks.11.gate_conv,0.001018568524159491
115,blocks.12.conv1,0.014636959880590439
115,blocks.12.conv2,0.012141101062297821
115,blocks.12.gate_conv,0.001206689397804439
115,blocks.13.conv1,0.014088493771851063
115,blocks.13.conv2,0.011918749660253525
115,blocks.13.gate_conv,0.0009192358702421188
115,blocks.14.conv1,0.013771029189229012
115,blocks.14.conv2,0.013310844078660011
115,blocks.14.gate_conv,0.0012890095822513103
115,blocks.15.conv1,0.01278853602707386
115,blocks.15.conv2,0.010826747864484787
115,blocks.15.gate_conv,0.0008087626192718744
115,blocks.16.conv1,0.012742429040372372
115,blocks.16.conv2,0.009998817928135395
115,blocks.16.gate_conv,0.0007642489508725703
115,blocks.17.conv1,0.013397855684161186
115,blocks.17.conv2,0.01043100655078888
115,blocks.17.gate_conv,0.0007224149885587394
115,blocks.18.conv1,0.012962006032466888
115,blocks.18.conv2,0.010777748189866543
115,blocks.18.gate_conv,0.0008875141502358019
115,blocks.19.conv1,0.0125188659876585
115,blocks.19.conv2,0.010639006271958351
115,blocks.19.gate_conv,0.0013243142748251557
115,blocks.20.conv1,0.011531241238117218
115,blocks.20.conv2,0.00982292927801609
115,blocks.20.gate_conv,0.0008224283228628337
115,blocks.21.conv1,0.011787368915975094
115,blocks.21.conv2,0.009716720320284367
115,blocks.21.gate_conv,0.000997290713712573
115,blocks.22.conv1,0.010477184318006039
115,blocks.22.conv2,0.009337878786027431
115,blocks.22.gate_conv,0.0007876465679146349
115,blocks.23.conv1,0.013042282313108444
115,blocks.23.conv2,0.010276788845658302
115,blocks.23.gate_conv,0.0008603420574218035
115,blocks.24.conv1,0.013023176230490208
115,blocks.24.conv2,0.010944602079689503
115,blocks.24.gate_conv,0.001209390233270824
115,blocks.25.conv1,0.012038270942866802
115,blocks.25.conv2,0.00915254931896925
115,blocks.25.gate_conv,0.0011393774766474962
115,blocks.26.conv1,0.01123435515910387
115,blocks.26.conv2,0.00917868036776781
115,blocks.26.gate_conv,0.0008167675696313381
115,blocks.27.conv1,0.011970988474786282
115,blocks.27.conv2,0.009769773110747337
115,blocks.27.gate_conv,0.0007027226965874434
115,blocks.28.conv1,0.012671374715864658
115,blocks.28.conv2,0.010180975310504436
115,blocks.28.gate_conv,0.0012462865561246872
115,blocks.29.conv1,0.015523207373917103
115,blocks.29.conv2,0.011214032769203186
115,blocks.29.gate_conv,0.001594691420905292
115,blocks.30.conv1,0.01613730378448963
115,blocks.30.conv2,0.01209090743213892
115,blocks.30.gate_conv,0.0009793306235224009
115,blocks.31.conv1,0.013111875392496586
115,blocks.31.conv2,0.010893520899116993
115,blocks.31.gate_conv,0.0009645284153521061
115,mean_conv2d_grad_norm,0.010679947508177384
116,stem.0,0.023348089307546616
116,blocks.0.conv1,0.03571125864982605
116,blocks.0.conv2,0.03782115876674652
116,blocks.0.gate_conv,0.0014767757384106517
116,blocks.1.conv1,0.03629559651017189
116,blocks.1.conv2,0.039522748440504074
116,blocks.1.gate_conv,0.0013584037078544497
116,blocks.2.conv1,0.03606652468442917
116,blocks.2.conv2,0.03488108515739441
116,blocks.2.gate_conv,0.0017052043695002794
116,blocks.3.conv1,0.031802207231521606
116,blocks.3.conv2,0.028617065399885178
116,blocks.3.gate_conv,0.0017075397772714496
116,blocks.4.conv1,0.02844446524977684
116,blocks.4.conv2,0.02541787177324295
116,blocks.4.gate_conv,0.0015188128454610705
116,blocks.5.conv1,0.025020277127623558
116,blocks.5.conv2,0.023855604231357574
116,blocks.5.gate_conv,0.001769256661646068
116,blocks.6.conv1,0.023797616362571716
116,blocks.6.conv2,0.022796588018536568
116,blocks.6.gate_conv,0.0018309839069843292
116,blocks.7.conv1,0.02437581494450569
116,blocks.7.conv2,0.021714547649025917
116,blocks.7.gate_conv,0.0020134442020207644
116,blocks.8.conv1,0.02450762502849102
116,blocks.8.conv2,0.021382661536335945
116,blocks.8.gate_conv,0.0017802357906475663
116,blocks.9.conv1,0.02072867751121521
116,blocks.9.conv2,0.020815230906009674
116,blocks.9.gate_conv,0.0016454305732622743
116,blocks.10.conv1,0.019573485478758812
116,blocks.10.conv2,0.01802852749824524
116,blocks.10.gate_conv,0.0014175786636769772
116,blocks.11.conv1,0.01779063791036606
116,blocks.11.conv2,0.01597812958061695
116,blocks.11.gate_conv,0.0013262754073366523
116,blocks.12.conv1,0.017966441810131073
116,blocks.12.conv2,0.015440143644809723
116,blocks.12.gate_conv,0.0011970559135079384
116,blocks.13.conv1,0.015422173775732517
116,blocks.13.conv2,0.013689626939594746
116,blocks.13.gate_conv,0.0009968667291104794
116,blocks.14.conv1,0.01571240834891796
116,blocks.14.conv2,0.01395750418305397
116,blocks.14.gate_conv,0.0009145653457380831
116,blocks.15.conv1,0.015717733651399612
116,blocks.15.conv2,0.013958772644400597
116,blocks.15.gate_conv,0.0009397883550263941
116,blocks.16.conv1,0.01570264808833599
116,blocks.16.conv2,0.013768032193183899
116,blocks.16.gate_conv,0.0009396414388902485
116,blocks.17.conv1,0.01610463857650757
116,blocks.17.conv2,0.01335232239216566
116,blocks.17.gate_conv,0.0007065135287120938
116,blocks.18.conv1,0.015657562762498856
116,blocks.18.conv2,0.013264508917927742
116,blocks.18.gate_conv,0.0009317097719758749
116,blocks.19.conv1,0.016477912664413452
116,blocks.19.conv2,0.012989036738872528
116,blocks.19.gate_conv,0.0010716342367231846
116,blocks.20.conv1,0.017452361062169075
116,blocks.20.conv2,0.01410979125648737
116,blocks.20.gate_conv,0.000929579371586442
116,blocks.21.conv1,0.01534300111234188
116,blocks.21.conv2,0.015245207585394382
116,blocks.21.gate_conv,0.0009278678917326033
116,blocks.22.conv1,0.01424030028283596
116,blocks.22.conv2,0.012014178559184074
116,blocks.22.gate_conv,0.0010360560845583677
116,blocks.23.conv1,0.01464043278247118
116,blocks.23.conv2,0.01209525391459465
116,blocks.23.gate_conv,0.0010383796179667115
116,blocks.24.conv1,0.01746637001633644
116,blocks.24.conv2,0.017334522679448128
116,blocks.24.gate_conv,0.0016091970028355718
116,blocks.25.conv1,0.01491462904959917
116,blocks.25.conv2,0.0119630740955472
116,blocks.25.gate_conv,0.0017542371060699224
116,blocks.26.conv1,0.01752948947250843
116,blocks.26.conv2,0.015346704050898552
116,blocks.26.gate_conv,0.0026578770484775305
116,blocks.27.conv1,0.013281993567943573
116,blocks.27.conv2,0.011145906522870064
116,blocks.27.gate_conv,0.0008292142883874476
116,blocks.28.conv1,0.01724182814359665
116,blocks.28.conv2,0.017860447987914085
116,blocks.28.gate_conv,0.0015112319961190224
116,blocks.29.conv1,0.021994436159729958
116,blocks.29.conv2,0.017477434128522873
116,blocks.29.gate_conv,0.0027740660589188337
116,blocks.30.conv1,0.02365884929895401
116,blocks.30.conv2,0.018441015854477882
116,blocks.30.gate_conv,0.00129994738381356
116,blocks.31.conv1,0.017300177365541458
116,blocks.31.conv2,0.014585157856345177
116,blocks.31.gate_conv,0.0008761691860854626
116,mean_conv2d_grad_norm,0.01365617592879043
117,stem.0,0.07848437130451202
117,blocks.0.conv1,0.08555686473846436
117,blocks.0.conv2,0.09490011632442474
117,blocks.0.gate_conv,0.006291399244219065
117,blocks.1.conv1,0.09525975584983826
117,blocks.1.conv2,0.10251443833112717
117,blocks.1.gate_conv,0.0035411694552749395
117,blocks.2.conv1,0.09078878164291382
117,blocks.2.conv2,0.08790165185928345
117,blocks.2.gate_conv,0.006867552641779184
117,blocks.3.conv1,0.08668645471334457
117,blocks.3.conv2,0.08608492463827133
117,blocks.3.gate_conv,0.0049910712987184525
117,blocks.4.conv1,0.08197538554668427
117,blocks.4.conv2,0.07431595772504807
117,blocks.4.gate_conv,0.0056913383305072784
117,blocks.5.conv1,0.07672914862632751
117,blocks.5.conv2,0.0706854835152626
117,blocks.5.gate_conv,0.008304653689265251
117,blocks.6.conv1,0.06857496500015259
117,blocks.6.conv2,0.06120770052075386
117,blocks.6.gate_conv,0.006341089960187674
117,blocks.7.conv1,0.07089872658252716
117,blocks.7.conv2,0.06580387055873871
117,blocks.7.gate_conv,0.00729270139709115
117,blocks.8.conv1,0.07180744409561157
117,blocks.8.conv2,0.055448561906814575
117,blocks.8.gate_conv,0.003884771838784218
117,blocks.9.conv1,0.0637018084526062
117,blocks.9.conv2,0.05457485467195511
117,blocks.9.gate_conv,0.0053622787818312645
117,blocks.10.conv1,0.06201714649796486
117,blocks.10.conv2,0.054560285061597824
117,blocks.10.gate_conv,0.0044336398132145405
117,blocks.11.conv1,0.06052003428339958
117,blocks.11.conv2,0.04783143475651741
117,blocks.11.gate_conv,0.004574290942400694
117,blocks.12.conv1,0.053295064717531204
117,blocks.12.conv2,0.047162603586912155
117,blocks.12.gate_conv,0.004768145736306906
117,blocks.13.conv1,0.05050288140773773
117,blocks.13.conv2,0.04318646341562271
117,blocks.13.gate_conv,0.004037090111523867
117,blocks.14.conv1,0.054113224148750305
117,blocks.14.conv2,0.046969421207904816
117,blocks.14.gate_conv,0.004445282742381096
117,blocks.15.conv1,0.049138978123664856
117,blocks.15.conv2,0.041564058512449265
117,blocks.15.gate_conv,0.003017932176589966
117,blocks.16.conv1,0.051949094980955124
117,blocks.16.conv2,0.03962479904294014
117,blocks.16.gate_conv,0.003817762481048703
117,blocks.17.conv1,0.04479746147990227
117,blocks.17.conv2,0.035963356494903564
117,blocks.17.gate_conv,0.002081403974443674
117,blocks.18.conv1,0.047818977385759354
117,blocks.18.conv2,0.037644755095243454
117,blocks.18.gate_conv,0.004066722933202982
117,blocks.19.conv1,0.049522820860147476
117,blocks.19.conv2,0.0386446975171566
117,blocks.19.gate_conv,0.0030183540657162666
117,blocks.20.conv1,0.04707888141274452
117,blocks.20.conv2,0.03892548382282257
117,blocks.20.gate_conv,0.006811333820223808
117,blocks.21.conv1,0.04633796960115433
117,blocks.21.conv2,0.0388258695602417
117,blocks.21.gate_conv,0.005391765385866165
117,blocks.22.conv1,0.04802181199193001
117,blocks.22.conv2,0.036097534000873566
117,blocks.22.gate_conv,0.003216454992070794
117,blocks.23.conv1,0.04629148915410042
117,blocks.23.conv2,0.03479858860373497
117,blocks.23.gate_conv,0.0024442097637802362
117,blocks.24.conv1,0.051526397466659546
117,blocks.24.conv2,0.03851290047168732
117,blocks.24.gate_conv,0.007700437214225531
117,blocks.25.conv1,0.052460066974163055
117,blocks.25.conv2,0.0457412526011467
117,blocks.25.gate_conv,0.013750444166362286
117,blocks.26.conv1,0.04032113030552864
117,blocks.26.conv2,0.03202519938349724
117,blocks.26.gate_conv,0.00280395126901567
117,blocks.27.conv1,0.053053516894578934
117,blocks.27.conv2,0.042383819818496704
117,blocks.27.gate_conv,0.0078099691309034824
117,blocks.28.conv1,0.05197286978363991
117,blocks.28.conv2,0.03766927495598793
117,blocks.28.gate_conv,0.007434055209159851
117,blocks.29.conv1,0.07275165617465973
117,blocks.29.conv2,0.0629420056939125
117,blocks.29.gate_conv,0.011047969572246075
117,blocks.30.conv1,0.0669139176607132
117,blocks.30.conv2,0.04527408629655838
117,blocks.30.gate_conv,0.006764458958059549
117,blocks.31.conv1,0.04256755858659744
117,blocks.31.conv2,0.03574883192777634
117,blocks.31.gate_conv,0.0021803248673677444
117,mean_conv2d_grad_norm,0.0398263398380278
118,stem.0,0.025895072147250175
118,blocks.0.conv1,0.021646538749337196
118,blocks.0.conv2,0.024052239954471588
118,blocks.0.gate_conv,0.0009090186795219779
118,blocks.1.conv1,0.024862419813871384
118,blocks.1.conv2,0.02585506998002529
118,blocks.1.gate_conv,0.0008604922331869602
118,blocks.2.conv1,0.023425636813044548
118,blocks.2.conv2,0.02276621013879776
118,blocks.2.gate_conv,0.0017404169775545597
118,blocks.3.conv1,0.023023854941129684
118,blocks.3.conv2,0.02124016173183918
118,blocks.3.gate_conv,0.0013082167133688927
118,blocks.4.conv1,0.02086636982858181
118,blocks.4.conv2,0.017720626667141914
118,blocks.4.gate_conv,0.0011257865699008107
118,blocks.5.conv1,0.020173052325844765
118,blocks.5.conv2,0.017770174890756607
118,blocks.5.gate_conv,0.0014959069667384028
118,blocks.6.conv1,0.01914457604289055
118,blocks.6.conv2,0.016613205894827843
118,blocks.6.gate_conv,0.001885984092950821
118,blocks.7.conv1,0.01693645678460598
118,blocks.7.conv2,0.014659043401479721
118,blocks.7.gate_conv,0.0019217324443161488
118,blocks.8.conv1,0.01638064533472061
118,blocks.8.conv2,0.01433948241174221
118,blocks.8.gate_conv,0.0008137167314998806
118,blocks.9.conv1,0.01588393934071064
118,blocks.9.conv2,0.013155614025890827
118,blocks.9.gate_conv,0.0011269459500908852
118,blocks.10.conv1,0.01461741328239441
118,blocks.10.conv2,0.012761800549924374
118,blocks.10.gate_conv,0.0010313298553228378
118,blocks.11.conv1,0.013719295151531696
118,blocks.11.conv2,0.012178164906799793
118,blocks.11.gate_conv,0.0012443553423509002
118,blocks.12.conv1,0.013085780665278435
118,blocks.12.conv2,0.010687331669032574
118,blocks.12.gate_conv,0.001003133598715067
118,blocks.13.conv1,0.011761541478335857
118,blocks.13.conv2,0.01049119420349598
118,blocks.13.gate_conv,0.0009024282335303724
118,blocks.14.conv1,0.011831187643110752
118,blocks.14.conv2,0.009937066584825516
118,blocks.14.gate_conv,0.0010145052801817656
118,blocks.15.conv1,0.011116845533251762
118,blocks.15.conv2,0.008996891789138317
118,blocks.15.gate_conv,0.0009221681975759566
118,blocks.16.conv1,0.010573874227702618
118,blocks.16.conv2,0.008989174850285053
118,blocks.16.gate_conv,0.001232170034199953
118,blocks.17.conv1,0.010863556526601315
118,blocks.17.conv2,0.009258290752768517
118,blocks.17.gate_conv,0.0008171116351149976
118,blocks.18.conv1,0.010977823287248611
118,blocks.18.conv2,0.008741075173020363
118,blocks.18.gate_conv,0.0008885057177394629
118,blocks.19.conv1,0.010884078219532967
118,blocks.19.conv2,0.009007886983454227
118,blocks.19.gate_conv,0.0007682899013161659
118,blocks.20.conv1,0.009831620380282402
118,blocks.20.conv2,0.008350823074579239
118,blocks.20.gate_conv,0.0006500190938822925
118,blocks.21.conv1,0.011072728782892227
118,blocks.21.conv2,0.008664150722324848
118,blocks.21.gate_conv,0.0010212338529527187
118,blocks.22.conv1,0.01026473194360733
118,blocks.22.conv2,0.008265792392194271
118,blocks.22.gate_conv,0.0008540655835531652
118,blocks.23.conv1,0.010149477049708366
118,blocks.23.conv2,0.00864309910684824
118,blocks.23.gate_conv,0.000598337035626173
118,blocks.24.conv1,0.011966544203460217
118,blocks.24.conv2,0.010427473112940788
118,blocks.24.gate_conv,0.0015529172960668802
118,blocks.25.conv1,0.012371056713163853
118,blocks.25.conv2,0.008980841375887394
118,blocks.25.gate_conv,0.0013169300509616733
118,blocks.26.conv1,0.009868335910141468
118,blocks.26.conv2,0.008040896616876125
118,blocks.26.gate_conv,0.0004120872472412884
118,blocks.27.conv1,0.00974390096962452
118,blocks.27.conv2,0.009276019409298897
118,blocks.27.gate_conv,0.0008562041912227869
118,blocks.28.conv1,0.012756714597344398
118,blocks.28.conv2,0.009423305280506611
118,blocks.28.gate_conv,0.0010066658724099398
118,blocks.29.conv1,0.015242649242281914
118,blocks.29.conv2,0.010489721782505512
118,blocks.29.gate_conv,0.0028138936031609774
118,blocks.30.conv1,0.012915711849927902
118,blocks.30.conv2,0.010242977179586887
118,blocks.30.gate_conv,0.0009440486901439726
118,blocks.31.conv1,0.00965957622975111
118,blocks.31.conv2,0.00891929678618908
118,blocks.31.gate_conv,0.0005304220248945057
118,mean_conv2d_grad_norm,0.009464197413462992
119,stem.0,0.007980108261108398
119,blocks.0.conv1,0.007101948838680983
119,blocks.0.conv2,0.007616412825882435
119,blocks.0.gate_conv,0.0004985705600120127
119,blocks.1.conv1,0.007796574849635363
119,blocks.1.conv2,0.008191210217773914
119,blocks.1.gate_conv,0.000246169714955613
119,blocks.2.conv1,0.007305245380848646
119,blocks.2.conv2,0.007221469189971685
119,blocks.2.gate_conv,0.0004179523966740817
119,blocks.3.conv1,0.007135496940463781
119,blocks.3.conv2,0.0067624738439917564
119,blocks.3.gate_conv,0.0003835744864773005
119,blocks.4.conv1,0.007385448087006807
119,blocks.4.conv2,0.0067540560849010944
119,blocks.4.gate_conv,0.00041389925172552466
119,blocks.5.conv1,0.006856839172542095
119,blocks.5.conv2,0.006430420093238354
119,blocks.5.gate_conv,0.0005691527621820569
119,blocks.6.conv1,0.00609934376552701
119,blocks.6.conv2,0.005692245438694954
119,blocks.6.gate_conv,0.0007377599831670523
119,blocks.7.conv1,0.006114623509347439
119,blocks.7.conv2,0.00567634217441082
119,blocks.7.gate_conv,0.000539835134986788
119,blocks.8.conv1,0.0063498979434370995
119,blocks.8.conv2,0.005554222967475653
119,blocks.8.gate_conv,0.0003578912583179772
119,blocks.9.conv1,0.005847332999110222
119,blocks.9.conv2,0.005257217213511467
119,blocks.9.gate_conv,0.0005695811123587191
119,blocks.10.conv1,0.005384230986237526
119,blocks.10.conv2,0.004692200571298599
119,blocks.10.gate_conv,0.0004009874246548861
119,blocks.11.conv1,0.004800640977919102
119,blocks.11.conv2,0.004326818510890007
119,blocks.11.gate_conv,0.0003599803021643311
119,blocks.12.conv1,0.004811201244592667
119,blocks.12.conv2,0.004210712853819132
119,blocks.12.gate_conv,0.000340595084708184
119,blocks.13.conv1,0.0044679949060082436
119,blocks.13.conv2,0.004073859192430973
119,blocks.13.gate_conv,0.0003825505555141717
119,blocks.14.conv1,0.0041655320674180984
119,blocks.14.conv2,0.003479457926005125
119,blocks.14.gate_conv,0.0002393373433733359
119,blocks.15.conv1,0.0036818014923483133
119,blocks.15.conv2,0.003318645292893052
119,blocks.15.gate_conv,0.00019752389925997704
119,blocks.16.conv1,0.004285256378352642
119,blocks.16.conv2,0.0034665323328226805
119,blocks.16.gate_conv,0.0002908927563112229
119,blocks.17.conv1,0.003986544441431761
119,blocks.17.conv2,0.0033379995729774237
119,blocks.17.gate_conv,0.00023455444897990674
119,blocks.18.conv1,0.004103042650967836
119,blocks.18.conv2,0.003195767290890217
119,blocks.18.gate_conv,0.00021628121612593532
119,blocks.19.conv1,0.003973534796386957
119,blocks.19.conv2,0.003296727081760764
119,blocks.19.gate_conv,0.00027814169880002737
119,blocks.20.conv1,0.003863385645672679
119,blocks.20.conv2,0.003165373345836997
119,blocks.20.gate_conv,0.00021132083202246577
119,blocks.21.conv1,0.0040590800344944
119,blocks.21.conv2,0.0031469962559640408
119,blocks.21.gate_conv,0.00029941281536594033
119,blocks.22.conv1,0.004236716311424971
119,blocks.22.conv2,0.003352407133206725
119,blocks.22.gate_conv,0.0004211675841361284
119,blocks.23.conv1,0.0038712809327989817
119,blocks.23.conv2,0.003181141335517168
119,blocks.23.gate_conv,0.0002442794502712786
119,blocks.24.conv1,0.004012846387922764
119,blocks.24.conv2,0.0038002070505172014
119,blocks.24.gate_conv,0.0006057207356207073
119,blocks.25.conv1,0.003909531515091658
119,blocks.25.conv2,0.003221830353140831
119,blocks.25.gate_conv,0.00046811066567897797
119,blocks.26.conv1,0.003842541016638279
119,blocks.26.conv2,0.0029975236393511295
119,blocks.26.gate_conv,0.00023877476633060724
119,blocks.27.conv1,0.003688090480864048
119,blocks.27.conv2,0.0028364842291921377
119,blocks.27.gate_conv,0.0003072937543038279
119,blocks.28.conv1,0.005037819966673851
119,blocks.28.conv2,0.0042784931138157845
119,blocks.28.gate_conv,0.0003698831715155393
119,blocks.29.conv1,0.005376536399126053
119,blocks.29.conv2,0.004192494321614504
119,blocks.29.gate_conv,0.0008614680846221745
119,blocks.30.conv1,0.005696993786841631
119,blocks.30.conv2,0.004469024483114481
119,blocks.30.gate_conv,0.0003066142671741545
119,blocks.31.conv1,0.004205973818898201
119,blocks.31.conv2,0.0038723398465663195
119,blocks.31.gate_conv,0.0002490634215064347
119,mean_conv2d_grad_norm,0.0033892874506040544
120,stem.0,0.05542224273085594
120,blocks.0.conv1,0.0574197955429554
120,blocks.0.conv2,0.06447470933198929
120,blocks.0.gate_conv,0.005175866652280092
120,blocks.1.conv1,0.06432628631591797
120,blocks.1.conv2,0.06533320993185043
120,blocks.1.gate_conv,0.0022375688422471285
120,blocks.2.conv1,0.0613677054643631
120,blocks.2.conv2,0.0567895770072937
120,blocks.2.gate_conv,0.00520169036462903
120,blocks.3.conv1,0.05781123414635658
120,blocks.3.conv2,0.05525723844766617
120,blocks.3.gate_conv,0.0027455808594822884
120,blocks.4.conv1,0.056209586560726166
120,blocks.4.conv2,0.0491262711584568
120,blocks.4.gate_conv,0.00370886386372149
120,blocks.5.conv1,0.05244745314121246
120,blocks.5.conv2,0.04649771377444267
120,blocks.5.gate_conv,0.0036918618716299534
120,blocks.6.conv1,0.048486437648534775
120,blocks.6.conv2,0.04511842131614685
120,blocks.6.gate_conv,0.003726326860487461
120,blocks.7.conv1,0.047713641077280045
120,blocks.7.conv2,0.044766537845134735
120,blocks.7.gate_conv,0.0048361895605921745
120,blocks.8.conv1,0.043743796646595
120,blocks.8.conv2,0.04040728881955147
120,blocks.8.gate_conv,0.004230011720210314
120,blocks.9.conv1,0.04370648041367531
120,blocks.9.conv2,0.0368143729865551
120,blocks.9.gate_conv,0.0026460879016667604
120,blocks.10.conv1,0.041486166417598724
120,blocks.10.conv2,0.04169683903455734
120,blocks.10.gate_conv,0.0028540310449898243
120,blocks.11.conv1,0.03934568166732788
120,blocks.11.conv2,0.03355102241039276
120,blocks.11.gate_conv,0.002938648220151663
120,blocks.12.conv1,0.03684921935200691
120,blocks.12.conv2,0.03366324305534363
120,blocks.12.gate_conv,0.002900731051340699
120,blocks.13.conv1,0.032297439873218536
120,blocks.13.conv2,0.02609151601791382
120,blocks.13.gate_conv,0.002202924806624651
120,blocks.14.conv1,0.03782451152801514
120,blocks.14.conv2,0.031152402982115746
120,blocks.14.gate_conv,0.0021885402966290712
120,blocks.15.conv1,0.03253775089979172
120,blocks.15.conv2,0.027884313836693764
120,blocks.15.gate_conv,0.0027466712053865194
120,blocks.16.conv1,0.02931123971939087
120,blocks.16.conv2,0.02631891518831253
120,blocks.16.gate_conv,0.002873482648283243
120,blocks.17.conv1,0.033718712627887726
120,blocks.17.conv2,0.028202323243021965
120,blocks.17.gate_conv,0.003415212966501713
120,blocks.18.conv1,0.030535826459527016
120,blocks.18.conv2,0.024863917380571365
120,blocks.18.gate_conv,0.004906710237264633
120,blocks.19.conv1,0.02804633416235447
120,blocks.19.conv2,0.02369537763297558
120,blocks.19.gate_conv,0.0017050080932676792
120,blocks.20.conv1,0.030691465362906456
120,blocks.20.conv2,0.023561112582683563
120,blocks.20.gate_conv,0.002216026186943054
120,blocks.21.conv1,0.02974717877805233
120,blocks.21.conv2,0.02445913478732109
120,blocks.21.gate_conv,0.002251691883429885
120,blocks.22.conv1,0.03041890449821949
120,blocks.22.conv2,0.027216410264372826
120,blocks.22.gate_conv,0.0035596322268247604
120,blocks.23.conv1,0.026486102491617203
120,blocks.23.conv2,0.021146168932318687
120,blocks.23.gate_conv,0.0016928709810599685
120,blocks.24.conv1,0.03618677332997322
120,blocks.24.conv2,0.02743087336421013
120,blocks.24.gate_conv,0.0032233283855021
120,blocks.25.conv1,0.030100440606474876
120,blocks.25.conv2,0.02017069235444069
120,blocks.25.gate_conv,0.003017471171915531
120,blocks.26.conv1,0.02568972297012806
120,blocks.26.conv2,0.02481716498732567
120,blocks.26.gate_conv,0.003793563460931182
120,blocks.27.conv1,0.029630962759256363
120,blocks.27.conv2,0.024362005293369293
120,blocks.27.gate_conv,0.002674840157851577
120,blocks.28.conv1,0.031402576714754105
120,blocks.28.conv2,0.025502214208245277
120,blocks.28.gate_conv,0.0028293353971093893
120,blocks.29.conv1,0.038606446236371994
120,blocks.29.conv2,0.03118300996720791
120,blocks.29.gate_conv,0.004946250934153795
120,blocks.30.conv1,0.04650619998574257
120,blocks.30.conv2,0.03703644871711731
120,blocks.30.gate_conv,0.00437120720744133
120,blocks.31.conv1,0.034048888832330704
120,blocks.31.conv2,0.034314658492803574
120,blocks.31.gate_conv,0.0024392451159656048
120,mean_conv2d_grad_norm,0.026257482293714798
121,stem.0,0.010958804748952389
121,blocks.0.conv1,0.013613266870379448
121,blocks.0.conv2,0.016675204038619995
121,blocks.0.gate_conv,0.0007751372759230435
121,blocks.1.conv1,0.01555903721600771
121,blocks.1.conv2,0.01725667342543602
121,blocks.1.gate_conv,0.0006010838551446795
121,blocks.2.conv1,0.015339194796979427
121,blocks.2.conv2,0.01468591671437025
121,blocks.2.gate_conv,0.000861607026308775
121,blocks.3.conv1,0.013958263210952282
121,blocks.3.conv2,0.013148504309356213
121,blocks.3.gate_conv,0.0012764178682118654
121,blocks.4.conv1,0.013100231066346169
121,blocks.4.conv2,0.012540672905743122
121,blocks.4.gate_conv,0.0010458044707775116
121,blocks.5.conv1,0.011779694817960262
121,blocks.5.conv2,0.011636273935437202
121,blocks.5.gate_conv,0.0013016964076086879
121,blocks.6.conv1,0.011783347465097904
121,blocks.6.conv2,0.011331810615956783
121,blocks.6.gate_conv,0.001778409699909389
121,blocks.7.conv1,0.011441816575825214
121,blocks.7.conv2,0.009806734509766102
121,blocks.7.gate_conv,0.001139212865382433
121,blocks.8.conv1,0.01066800206899643
121,blocks.8.conv2,0.009886311367154121
121,blocks.8.gate_conv,0.0006944822380319238
121,blocks.9.conv1,0.009924955666065216
121,blocks.9.conv2,0.008946502581238747
121,blocks.9.gate_conv,0.0009406396420672536
121,blocks.10.conv1,0.009200968779623508
121,blocks.10.conv2,0.007597359362989664
121,blocks.10.gate_conv,0.0009307474829256535
121,blocks.11.conv1,0.008832315914332867
121,blocks.11.conv2,0.007637768983840942
121,blocks.11.gate_conv,0.002031991956755519
121,blocks.12.conv1,0.008046465925872326
121,blocks.12.conv2,0.00786975771188736
121,blocks.12.gate_conv,0.0010815622517839074
121,blocks.13.conv1,0.007336669135838747
121,blocks.13.conv2,0.006536379456520081
121,blocks.13.gate_conv,0.0006772266933694482
121,blocks.14.conv1,0.008203497156500816
121,blocks.14.conv2,0.00668472982943058
121,blocks.14.gate_conv,0.00042102867155335844
121,blocks.15.conv1,0.007243896834552288
121,blocks.15.conv2,0.006299635395407677
121,blocks.15.gate_conv,0.0007400906179100275
121,blocks.16.conv1,0.00782334990799427
121,blocks.16.conv2,0.006902116350829601
121,blocks.16.gate_conv,0.0006039993604645133
121,blocks.17.conv1,0.00777563126757741
121,blocks.17.conv2,0.006598234176635742
121,blocks.17.gate_conv,0.0006970763788558543
121,blocks.18.conv1,0.007479159627109766
121,blocks.18.conv2,0.006403161678463221
121,blocks.18.gate_conv,0.00046384046436287463
121,blocks.19.conv1,0.008168252184987068
121,blocks.19.conv2,0.007336357142776251
121,blocks.19.gate_conv,0.0008835301268845797
121,blocks.20.conv1,0.007550166454166174
121,blocks.20.conv2,0.006306651514023542
121,blocks.20.gate_conv,0.0009876732947304845
121,blocks.21.conv1,0.008051653392612934
121,blocks.21.conv2,0.0062856110744178295
121,blocks.21.gate_conv,0.000785470416303724
121,blocks.22.conv1,0.008125708438456059
121,blocks.22.conv2,0.00659282598644495
121,blocks.22.gate_conv,0.0005515699740499258
121,blocks.23.conv1,0.007457300554960966
121,blocks.23.conv2,0.006486368365585804
121,blocks.23.gate_conv,0.0008036821964196861
121,blocks.24.conv1,0.008996278047561646
121,blocks.24.conv2,0.007043338380753994
121,blocks.24.gate_conv,0.000909198250155896
121,blocks.25.conv1,0.008843425661325455
121,blocks.25.conv2,0.006956885568797588
121,blocks.25.gate_conv,0.001178054022602737
121,blocks.26.conv1,0.007388638332486153
121,blocks.26.conv2,0.006301527842879295
121,blocks.26.gate_conv,0.00045669128303416073
121,blocks.27.conv1,0.008388259448111057
121,blocks.27.conv2,0.007030363194644451
121,blocks.27.gate_conv,0.0011286778608337045
121,blocks.28.conv1,0.011206856928765774
121,blocks.28.conv2,0.00850659143179655
121,blocks.28.gate_conv,0.0013689396437257528
121,blocks.29.conv1,0.010844946838915348
121,blocks.29.conv2,0.008770790882408619
121,blocks.29.gate_conv,0.0014230270171537995
121,blocks.30.conv1,0.011860843747854233
121,blocks.30.conv2,0.007791607640683651
121,blocks.30.gate_conv,0.0008467544103041291
121,blocks.31.conv1,0.008272827602922916
121,blocks.31.conv2,0.0068859499879181385
121,blocks.31.gate_conv,0.000518317858222872
121,mean_conv2d_grad_norm,0.006555319429176005
122,stem.0,0.016447804868221283
122,blocks.0.conv1,0.019766945391893387
122,blocks.0.conv2,0.020578185096383095
122,blocks.0.gate_conv,0.0007371057290583849
122,blocks.1.conv1,0.021325604990124702
122,blocks.1.conv2,0.022709907963871956
122,blocks.1.gate_conv,0.0007750390795990825
122,blocks.2.conv1,0.02070043981075287
122,blocks.2.conv2,0.02126765251159668
122,blocks.2.gate_conv,0.0015474995598196983
122,blocks.3.conv1,0.01920645497739315
122,blocks.3.conv2,0.019618937745690346
122,blocks.3.gate_conv,0.000979372183792293
122,blocks.4.conv1,0.02075009234249592
122,blocks.4.conv2,0.01889648474752903
122,blocks.4.gate_conv,0.001333547756075859
122,blocks.5.conv1,0.01832074299454689
122,blocks.5.conv2,0.018162542954087257
122,blocks.5.gate_conv,0.001472693169489503
122,blocks.6.conv1,0.016331499442458153
122,blocks.6.conv2,0.015347350388765335
122,blocks.6.gate_conv,0.001816549338400364
122,blocks.7.conv1,0.017666030675172806
122,blocks.7.conv2,0.015476935543119907
122,blocks.7.gate_conv,0.002054357435554266
122,blocks.8.conv1,0.015791648998856544
122,blocks.8.conv2,0.014375699684023857
122,blocks.8.gate_conv,0.0009021837031468749
122,blocks.9.conv1,0.01537442859262228
122,blocks.9.conv2,0.014661716297268867
122,blocks.9.gate_conv,0.0014422910753637552
122,blocks.10.conv1,0.013955965638160706
122,blocks.10.conv2,0.012457285076379776
122,blocks.10.gate_conv,0.0011607569176703691
122,blocks.11.conv1,0.013378269039094448
122,blocks.11.conv2,0.013401586562395096
122,blocks.11.gate_conv,0.0012794100912287831
122,blocks.12.conv1,0.013096894137561321
122,blocks.12.conv2,0.012594964355230331
122,blocks.12.gate_conv,0.001276208902709186
122,blocks.13.conv1,0.012362112291157246
122,blocks.13.conv2,0.011442385613918304
122,blocks.13.gate_conv,0.0010829067323356867
122,blocks.14.conv1,0.01405906118452549
122,blocks.14.conv2,0.010897383093833923
122,blocks.14.gate_conv,0.000794334860984236
122,blocks.15.conv1,0.0127578629180789
122,blocks.15.conv2,0.010853152722120285
122,blocks.15.gate_conv,0.0009327371371909976
122,blocks.16.conv1,0.011608220636844635
122,blocks.16.conv2,0.01174141839146614
122,blocks.16.gate_conv,0.0018068645149469376
122,blocks.17.conv1,0.011535584926605225
122,blocks.17.conv2,0.010131744667887688
122,blocks.17.gate_conv,0.0007451645215041935
122,blocks.18.conv1,0.011754780076444149
122,blocks.18.conv2,0.009632868692278862
122,blocks.18.gate_conv,0.001069113495759666
122,blocks.19.conv1,0.011376957409083843
122,blocks.19.conv2,0.011005456559360027
122,blocks.19.gate_conv,0.0007499185740016401
122,blocks.20.conv1,0.011780917644500732
122,blocks.20.conv2,0.010519206523895264
122,blocks.20.gate_conv,0.0008729100809432566
122,blocks.21.conv1,0.013664545491337776
122,blocks.21.conv2,0.01099820714443922
122,blocks.21.gate_conv,0.0007716277614235878
122,blocks.22.conv1,0.011050691828131676
122,blocks.22.conv2,0.010907953605055809
122,blocks.22.gate_conv,0.0007356941350735724
122,blocks.23.conv1,0.011029301211237907
122,blocks.23.conv2,0.009725878946483135
122,blocks.23.gate_conv,0.000606279936619103
122,blocks.24.conv1,0.01373178232461214
122,blocks.24.conv2,0.011934793554246426
122,blocks.24.gate_conv,0.0013878842582926154
122,blocks.25.conv1,0.01340615376830101
122,blocks.25.conv2,0.010439335368573666
122,blocks.25.gate_conv,0.0010249768383800983
122,blocks.26.conv1,0.013014556840062141
122,blocks.26.conv2,0.010413517244160175
122,blocks.26.gate_conv,0.0011193105019629002
122,blocks.27.conv1,0.013545194640755653
122,blocks.27.conv2,0.010609612800180912
122,blocks.27.gate_conv,0.0011394087923690677
122,blocks.28.conv1,0.012950865551829338
122,blocks.28.conv2,0.009909971617162228
122,blocks.28.gate_conv,0.0010345398914068937
122,blocks.29.conv1,0.01719958521425724
122,blocks.29.conv2,0.012534619309008121
122,blocks.29.gate_conv,0.0019060802878811955
122,blocks.30.conv1,0.017421744763851166
122,blocks.30.conv2,0.012795421294867992
122,blocks.30.gate_conv,0.001136800623498857
122,blocks.31.conv1,0.012446444481611252
122,blocks.31.conv2,0.011000112630426884
122,blocks.31.gate_conv,0.000622204621322453
122,mean_conv2d_grad_norm,0.009816157178516433
123,stem.0,0.04451422765851021
123,blocks.0.conv1,0.048214513808488846
123,blocks.0.conv2,0.06270451843738556
123,blocks.0.gate_conv,0.0020686518400907516
123,blocks.1.conv1,0.0628037378191948
123,blocks.1.conv2,0.06958702206611633
123,blocks.1.gate_conv,0.002852698089554906
123,blocks.2.conv1,0.061299316585063934
123,blocks.2.conv2,0.06219390034675598
123,blocks.2.gate_conv,0.003616951871663332
123,blocks.3.conv1,0.061193302273750305
123,blocks.3.conv2,0.06095607206225395
123,blocks.3.gate_conv,0.0047399727627635
123,blocks.4.conv1,0.054991040378808975
123,blocks.4.conv2,0.05773305892944336
123,blocks.4.gate_conv,0.004019495099782944
123,blocks.5.conv1,0.05465472489595413
123,blocks.5.conv2,0.04830828681588173
123,blocks.5.gate_conv,0.0062881517224013805
123,blocks.6.conv1,0.04202960431575775
123,blocks.6.conv2,0.045640092343091965
123,blocks.6.gate_conv,0.00523872347548604
123,blocks.7.conv1,0.04716653376817703
123,blocks.7.conv2,0.03990773856639862
123,blocks.7.gate_conv,0.0038695770781487226
123,blocks.8.conv1,0.045274391770362854
123,blocks.8.conv2,0.0411197729408741
123,blocks.8.gate_conv,0.002285512164235115
123,blocks.9.conv1,0.04274827614426613
123,blocks.9.conv2,0.038309503346681595
123,blocks.9.gate_conv,0.0029874492902308702
123,blocks.10.conv1,0.0394778810441494
123,blocks.10.conv2,0.032571014016866684
123,blocks.10.gate_conv,0.0031417489517480135
123,blocks.11.conv1,0.03922899067401886
123,blocks.11.conv2,0.03190954029560089
123,blocks.11.gate_conv,0.0024310576263815165
123,blocks.12.conv1,0.03261025622487068
123,blocks.12.conv2,0.030520692467689514
123,blocks.12.gate_conv,0.0019819894805550575
123,blocks.13.conv1,0.03336933255195618
123,blocks.13.conv2,0.0266036968678236
123,blocks.13.gate_conv,0.002264856593683362
123,blocks.14.conv1,0.03347090259194374
123,blocks.14.conv2,0.02634565345942974
123,blocks.14.gate_conv,0.0015695112524554133
123,blocks.15.conv1,0.025040237233042717
123,blocks.15.conv2,0.02456766925752163
123,blocks.15.gate_conv,0.001504607149399817
123,blocks.16.conv1,0.034013014286756516
123,blocks.16.conv2,0.025936046615242958
123,blocks.16.gate_conv,0.0018945427145808935
123,blocks.17.conv1,0.030690694227814674
123,blocks.17.conv2,0.024375442415475845
123,blocks.17.gate_conv,0.002282157074660063
123,blocks.18.conv1,0.029996421188116074
123,blocks.18.conv2,0.026179812848567963
123,blocks.18.gate_conv,0.0032965592108666897
123,blocks.19.conv1,0.027730731293559074
123,blocks.19.conv2,0.023876989260315895
123,blocks.19.gate_conv,0.0016222260892391205
123,blocks.20.conv1,0.028005700558423996
123,blocks.20.conv2,0.02463809959590435
123,blocks.20.gate_conv,0.0015226078685373068
123,blocks.21.conv1,0.033328745514154434
123,blocks.21.conv2,0.026066267862915993
123,blocks.21.gate_conv,0.0024170377291738987
123,blocks.22.conv1,0.031832341104745865
123,blocks.22.conv2,0.02639739401638508
123,blocks.22.gate_conv,0.0016588009893894196
123,blocks.23.conv1,0.02496538870036602
123,blocks.23.conv2,0.025943433865904808
123,blocks.23.gate_conv,0.0019721558783203363
123,blocks.24.conv1,0.02978820540010929
123,blocks.24.conv2,0.021985841915011406
123,blocks.24.gate_conv,0.002398383105173707
123,blocks.25.conv1,0.03589172661304474
123,blocks.25.conv2,0.02566944994032383
123,blocks.25.gate_conv,0.002931052353233099
123,blocks.26.conv1,0.027936117723584175
123,blocks.26.conv2,0.02242903597652912
123,blocks.26.gate_conv,0.0017928344896063209
123,blocks.27.conv1,0.03192609176039696
123,blocks.27.conv2,0.023816823959350586
123,blocks.27.gate_conv,0.0018230293644592166
123,blocks.28.conv1,0.03890655189752579
123,blocks.28.conv2,0.02923528663814068
123,blocks.28.gate_conv,0.0033355418127030134
123,blocks.29.conv1,0.03555981069803238
123,blocks.29.conv2,0.026082439348101616
123,blocks.29.gate_conv,0.003477384801954031
123,blocks.30.conv1,0.04196705296635628
123,blocks.30.conv2,0.029095513746142387
123,blocks.30.gate_conv,0.002784001175314188
123,blocks.31.conv1,0.026366814970970154
123,blocks.31.conv2,0.020743845030665398
123,blocks.31.gate_conv,0.0015111301327124238
123,mean_conv2d_grad_norm,0.025422917867377017
124,stem.0,0.009891675785183907
124,blocks.0.conv1,0.009737887419760227
124,blocks.0.conv2,0.011799496598541737
124,blocks.0.gate_conv,0.0005437984364107251
124,blocks.1.conv1,0.012599634937942028
124,blocks.1.conv2,0.012166602537035942
124,blocks.1.gate_conv,0.0003781331470236182
124,blocks.2.conv1,0.010997148230671883
124,blocks.2.conv2,0.01020792219787836
124,blocks.2.gate_conv,0.0006994848372414708
124,blocks.3.conv1,0.010589130222797394
124,blocks.3.conv2,0.009179338812828064
124,blocks.3.gate_conv,0.0004846988304052502
124,blocks.4.conv1,0.009434070438146591
124,blocks.4.conv2,0.008336812257766724
124,blocks.4.gate_conv,0.0004650460323318839
124,blocks.5.conv1,0.00943461898714304
124,blocks.5.conv2,0.008354844525456429
124,blocks.5.gate_conv,0.0007100625080056489
124,blocks.6.conv1,0.007951254025101662
124,blocks.6.conv2,0.00676471833139658
124,blocks.6.gate_conv,0.0005963143776170909
124,blocks.7.conv1,0.00791776180267334
124,blocks.7.conv2,0.007077193818986416
124,blocks.7.gate_conv,0.0006378472899086773
124,blocks.8.conv1,0.008070824667811394
124,blocks.8.conv2,0.0067595518194139
124,blocks.8.gate_conv,0.00047139657544903457
124,blocks.9.conv1,0.006813588086515665
124,blocks.9.conv2,0.005894383881241083
124,blocks.9.gate_conv,0.0004673291987273842
124,blocks.10.conv1,0.007258829195052385
124,blocks.10.conv2,0.006201646756380796
124,blocks.10.gate_conv,0.0006750999600626528
124,blocks.11.conv1,0.0066795046441257
124,blocks.11.conv2,0.005999002140015364
124,blocks.11.gate_conv,0.0010280616115778685
124,blocks.12.conv1,0.005907077342271805
124,blocks.12.conv2,0.0052209594286978245
124,blocks.12.gate_conv,0.0005443262052722275
124,blocks.13.conv1,0.005581572651863098
124,blocks.13.conv2,0.004854084458202124
124,blocks.13.gate_conv,0.00042352970922365785
124,blocks.14.conv1,0.005536876618862152
124,blocks.14.conv2,0.0047652944922447205
124,blocks.14.gate_conv,0.0003180154017172754
124,blocks.15.conv1,0.005865628831088543
124,blocks.15.conv2,0.004977127071470022
124,blocks.15.gate_conv,0.0009840584825724363
124,blocks.16.conv1,0.00549405487254262
124,blocks.16.conv2,0.005014833994209766
124,blocks.16.gate_conv,0.0005124328890815377
124,blocks.17.conv1,0.005497797392308712
124,blocks.17.conv2,0.004526866599917412
124,blocks.17.gate_conv,0.0003864058817271143
124,blocks.18.conv1,0.005804476793855429
124,blocks.18.conv2,0.004854570608586073
124,blocks.18.gate_conv,0.0002496294036973268
124,blocks.19.conv1,0.005105745512992144
124,blocks.19.conv2,0.004168142098933458
124,blocks.19.gate_conv,0.0005448607262223959
124,blocks.20.conv1,0.004906008020043373
124,blocks.20.conv2,0.004265717230737209
124,blocks.20.gate_conv,0.0003065112105105072
124,blocks.21.conv1,0.005286243744194508
124,blocks.21.conv2,0.004302471410483122
124,blocks.21.gate_conv,0.0003620663483161479
124,blocks.22.conv1,0.005578074138611555
124,blocks.22.conv2,0.004557833541184664
124,blocks.22.gate_conv,0.0003938102745451033
124,blocks.23.conv1,0.0050895120948553085
124,blocks.23.conv2,0.004143156576901674
124,blocks.23.gate_conv,0.0002584362227935344
124,blocks.24.conv1,0.004997361917048693
124,blocks.24.conv2,0.004247404169291258
124,blocks.24.gate_conv,0.00045705444063059986
124,blocks.25.conv1,0.005395033862441778
124,blocks.25.conv2,0.004460826516151428
124,blocks.25.gate_conv,0.000537954387255013
124,blocks.26.conv1,0.004788986407220364
124,blocks.26.conv2,0.0040857731364667416
124,blocks.26.gate_conv,0.0003832934598904103
124,blocks.27.conv1,0.005796605255454779
124,blocks.27.conv2,0.005232177674770355
124,blocks.27.gate_conv,0.0011028929147869349
124,blocks.28.conv1,0.006811023689806461
124,blocks.28.conv2,0.0063804094679653645
124,blocks.28.gate_conv,0.0012080803280696273
124,blocks.29.conv1,0.007583858445286751
124,blocks.29.conv2,0.0054605924524366856
124,blocks.29.gate_conv,0.0011290858965367079
124,blocks.30.conv1,0.007226895075291395
124,blocks.30.conv2,0.0052560013718903065
124,blocks.30.gate_conv,0.0006438251584768295
124,blocks.31.conv1,0.005332603584975004
124,blocks.31.conv2,0.004398384131491184
124,blocks.31.gate_conv,0.0004147386352997273
124,mean_conv2d_grad_norm,0.004569008098807205
125,stem.0,0.005667343735694885
125,blocks.0.conv1,0.006192697212100029
125,blocks.0.conv2,0.0069646770134568214
125,blocks.0.gate_conv,0.0002973120426759124
125,blocks.1.conv1,0.007584893610328436
125,blocks.1.conv2,0.008153686299920082
125,blocks.1.gate_conv,0.00024291867157444358
125,blocks.2.conv1,0.00724782794713974
125,blocks.2.conv2,0.006907021626830101
125,blocks.2.gate_conv,0.0003940249443985522
125,blocks.3.conv1,0.006962492596358061
125,blocks.3.conv2,0.006413131020963192
125,blocks.3.gate_conv,0.00029490390443243086
125,blocks.4.conv1,0.0064920843578875065
125,blocks.4.conv2,0.005989067256450653
125,blocks.4.gate_conv,0.00032341459882445633
125,blocks.5.conv1,0.006269391626119614
125,blocks.5.conv2,0.0059960694052278996
125,blocks.5.gate_conv,0.0004521439259406179
125,blocks.6.conv1,0.005410080309957266
125,blocks.6.conv2,0.005031866021454334
125,blocks.6.gate_conv,0.0004597145307343453
125,blocks.7.conv1,0.005654390435665846
125,blocks.7.conv2,0.004990425426512957
125,blocks.7.gate_conv,0.00046746479347348213
125,blocks.8.conv1,0.005480668973177671
125,blocks.8.conv2,0.004527796991169453
125,blocks.8.gate_conv,0.00028149376157671213
125,blocks.9.conv1,0.004959115292876959
125,blocks.9.conv2,0.004308671690523624
125,blocks.9.gate_conv,0.0003590407723095268
125,blocks.10.conv1,0.004839754663407803
125,blocks.10.conv2,0.003948171157389879
125,blocks.10.gate_conv,0.00027090421644970775
125,blocks.11.conv1,0.004601003136485815
125,blocks.11.conv2,0.004020889289677143
125,blocks.11.gate_conv,0.00039262959035113454
125,blocks.12.conv1,0.003927992656826973
125,blocks.12.conv2,0.0034296705853194
125,blocks.12.gate_conv,0.00027184560894966125
125,blocks.13.conv1,0.003783788299188018
125,blocks.13.conv2,0.003138449974358082
125,blocks.13.gate_conv,0.0002698352618608624
125,blocks.14.conv1,0.003754276316612959
125,blocks.14.conv2,0.0030249033588916063
125,blocks.14.gate_conv,0.00019172392785549164
125,blocks.15.conv1,0.0036148829385638237
125,blocks.15.conv2,0.002969054039567709
125,blocks.15.gate_conv,0.0002284710353706032
125,blocks.16.conv1,0.0035765545908361673
125,blocks.16.conv2,0.003047883976250887
125,blocks.16.gate_conv,0.0002656045835465193
125,blocks.17.conv1,0.003811588976532221
125,blocks.17.conv2,0.003176292637363076
125,blocks.17.gate_conv,0.00016911563579924405
125,blocks.18.conv1,0.00369301182217896
125,blocks.18.conv2,0.002946689026430249
125,blocks.18.gate_conv,0.0001705300237517804
125,blocks.19.conv1,0.0035169925540685654
125,blocks.19.conv2,0.002811973914504051
125,blocks.19.gate_conv,0.00026177079416811466
125,blocks.20.conv1,0.0036218587774783373
125,blocks.20.conv2,0.002936364384368062
125,blocks.20.gate_conv,0.00023458691430278122
125,blocks.21.conv1,0.003486699890345335
125,blocks.21.conv2,0.002958740806207061
125,blocks.21.gate_conv,0.0002495689841452986
125,blocks.22.conv1,0.0035255688708275557
125,blocks.22.conv2,0.002887450158596039
125,blocks.22.gate_conv,0.000276760634733364
125,blocks.23.conv1,0.0035876773763448
125,blocks.23.conv2,0.002905528526753187
125,blocks.23.gate_conv,0.00021380904945544899
125,blocks.24.conv1,0.004204063676297665
125,blocks.24.conv2,0.0032801248598843813
125,blocks.24.gate_conv,0.00041339025483466685
125,blocks.25.conv1,0.003681119531393051
125,blocks.25.conv2,0.002763224532827735
125,blocks.25.gate_conv,0.0004986871499568224
125,blocks.26.conv1,0.0031091333366930485
125,blocks.26.conv2,0.0023805717937648296
125,blocks.26.gate_conv,0.000245973642449826
125,blocks.27.conv1,0.0035374073777347803
125,blocks.27.conv2,0.002664545550942421
125,blocks.27.gate_conv,0.0002873038756661117
125,blocks.28.conv1,0.003931173123419285
125,blocks.28.conv2,0.0032148940954357386
125,blocks.28.gate_conv,0.00044176512164995074
125,blocks.29.conv1,0.004583002533763647
125,blocks.29.conv2,0.0037109856493771076
125,blocks.29.gate_conv,0.0007575246272608638
125,blocks.30.conv1,0.004617989994585514
125,blocks.30.conv2,0.0032417057082057
125,blocks.30.gate_conv,0.0003711119934450835
125,blocks.31.conv1,0.003169263480231166
125,blocks.31.conv2,0.0028808985371142626
125,blocks.31.gate_conv,0.00023472122848033905
125,mean_conv2d_grad_norm,0.0029897657880132308
126,stem.0,0.01710718497633934
126,blocks.0.conv1,0.019202811643481255
126,blocks.0.conv2,0.021281009539961815
126,blocks.0.gate_conv,0.0008289374527521431
126,blocks.1.conv1,0.02087641879916191
126,blocks.1.conv2,0.02144082821905613
126,blocks.1.gate_conv,0.0006925750058144331
126,blocks.2.conv1,0.021494921296834946
126,blocks.2.conv2,0.01971631683409214
126,blocks.2.gate_conv,0.0012993999989703298
126,blocks.3.conv1,0.01916011981666088
126,blocks.3.conv2,0.019039781764149666
126,blocks.3.gate_conv,0.001059273723512888
126,blocks.4.conv1,0.019467642530798912
126,blocks.4.conv2,0.018023118376731873
126,blocks.4.gate_conv,0.0010319275315850973
126,blocks.5.conv1,0.018384305760264397
126,blocks.5.conv2,0.015044628642499447
126,blocks.5.gate_conv,0.001360648893751204
126,blocks.6.conv1,0.01636469177901745
126,blocks.6.conv2,0.014989254996180534
126,blocks.6.gate_conv,0.0011342769721522927
126,blocks.7.conv1,0.01635759510099888
126,blocks.7.conv2,0.014464489184319973
126,blocks.7.gate_conv,0.001666223513893783
126,blocks.8.conv1,0.015662331134080887
126,blocks.8.conv2,0.015656622126698494
126,blocks.8.gate_conv,0.0012699305079877377
126,blocks.9.conv1,0.014876460656523705
126,blocks.9.conv2,0.013268416747450829
126,blocks.9.gate_conv,0.0008696647710166872
126,blocks.10.conv1,0.016360625624656677
126,blocks.10.conv2,0.01565704308450222
126,blocks.10.gate_conv,0.001302983844652772
126,blocks.11.conv1,0.013300195336341858
126,blocks.11.conv2,0.010221441276371479
126,blocks.11.gate_conv,0.0008471643086522818
126,blocks.12.conv1,0.013166719116270542
126,blocks.12.conv2,0.010700764134526253
126,blocks.12.gate_conv,0.0006569801480509341
126,blocks.13.conv1,0.01215687207877636
126,blocks.13.conv2,0.009876067750155926
126,blocks.13.gate_conv,0.00073770503513515
126,blocks.14.conv1,0.013353142887353897
126,blocks.14.conv2,0.013980327174067497
126,blocks.14.gate_conv,0.0007633509230799973
126,blocks.15.conv1,0.013048713095486164
126,blocks.15.conv2,0.012310678139328957
126,blocks.15.gate_conv,0.0007777906721457839
126,blocks.16.conv1,0.010992762632668018
126,blocks.16.conv2,0.009846244938671589
126,blocks.16.gate_conv,0.0006111522670835257
126,blocks.17.conv1,0.0123286759480834
126,blocks.17.conv2,0.01007069181650877
126,blocks.17.gate_conv,0.0003816854441538453
126,blocks.18.conv1,0.012257104739546776
126,blocks.18.conv2,0.008762206882238388
126,blocks.18.gate_conv,0.000794555526226759
126,blocks.19.conv1,0.011356692761182785
126,blocks.19.conv2,0.008130843751132488
126,blocks.19.gate_conv,0.0005165954353287816
126,blocks.20.conv1,0.011343302205204964
126,blocks.20.conv2,0.008878410793840885
126,blocks.20.gate_conv,0.0006340249092318118
126,blocks.21.conv1,0.011897558346390724
126,blocks.21.conv2,0.008097430691123009
126,blocks.21.gate_conv,0.0004980384255759418
126,blocks.22.conv1,0.011029977351427078
126,blocks.22.conv2,0.00907717365771532
126,blocks.22.gate_conv,0.0009685417171567678
126,blocks.23.conv1,0.00962128397077322
126,blocks.23.conv2,0.008361918851733208
126,blocks.23.gate_conv,0.0005081120762042701
126,blocks.24.conv1,0.015727145597338676
126,blocks.24.conv2,0.01059925276786089
126,blocks.24.gate_conv,0.0011428211582824588
126,blocks.25.conv1,0.009089556522667408
126,blocks.25.conv2,0.008846807293593884
126,blocks.25.gate_conv,0.001480372273363173
126,blocks.26.conv1,0.009974249638617039
126,blocks.26.conv2,0.009351047687232494
126,blocks.26.gate_conv,0.0007962325471453369
126,blocks.27.conv1,0.010759350843727589
126,blocks.27.conv2,0.008439420722424984
126,blocks.27.gate_conv,0.0007830680697225034
126,blocks.28.conv1,0.015458122827112675
126,blocks.28.conv2,0.010850111953914165
126,blocks.28.gate_conv,0.000690619635861367
126,blocks.29.conv1,0.012762975879013538
126,blocks.29.conv2,0.010334563441574574
126,blocks.29.gate_conv,0.002202413510531187
126,blocks.30.conv1,0.019918985664844513
126,blocks.30.conv2,0.014634502120316029
126,blocks.30.gate_conv,0.0008142470032908022
126,blocks.31.conv1,0.012343909591436386
126,blocks.31.conv2,0.010737879201769829
126,blocks.31.gate_conv,0.0005997982225380838
126,mean_conv2d_grad_norm,0.009356833115872955
127,stem.0,0.030574381351470947
127,blocks.0.conv1,0.03468246012926102
127,blocks.0.conv2,0.03770235925912857
127,blocks.0.gate_conv,0.001570790889672935
127,blocks.1.conv1,0.03932526707649231
127,blocks.1.conv2,0.038703542202711105
127,blocks.1.gate_conv,0.0012924281181767583
127,blocks.2.conv1,0.03591075539588928
127,blocks.2.conv2,0.033799249678850174
127,blocks.2.gate_conv,0.002773189451545477
127,blocks.3.conv1,0.03433023765683174
127,blocks.3.conv2,0.0320519357919693
127,blocks.3.gate_conv,0.0020360711496323347
127,blocks.4.conv1,0.03231988847255707
127,blocks.4.conv2,0.02862969972193241
127,blocks.4.gate_conv,0.0025650172028690577
127,blocks.5.conv1,0.03001480922102928
127,blocks.5.conv2,0.02694650925695896
127,blocks.5.gate_conv,0.0024434183724224567
127,blocks.6.conv1,0.02695278450846672
127,blocks.6.conv2,0.024631565436720848
127,blocks.6.gate_conv,0.0030291208531707525
127,blocks.7.conv1,0.02868793159723282
127,blocks.7.conv2,0.02436685375869274
127,blocks.7.gate_conv,0.0035404814407229424
127,blocks.8.conv1,0.025064801797270775
127,blocks.8.conv2,0.022405153140425682
127,blocks.8.gate_conv,0.0020097128581255674
127,blocks.9.conv1,0.023321880027651787
127,blocks.9.conv2,0.02031279355287552
127,blocks.9.gate_conv,0.0018639403861016035
127,blocks.10.conv1,0.022693894803524017
127,blocks.10.conv2,0.020950185135006905
127,blocks.10.gate_conv,0.0016331763472408056
127,blocks.11.conv1,0.021725475788116455
127,blocks.11.conv2,0.01897839829325676
127,blocks.11.gate_conv,0.0019258668180555105
127,blocks.12.conv1,0.020627755671739578
127,blocks.12.conv2,0.01816391386091709
127,blocks.12.gate_conv,0.0012922504683956504
127,blocks.13.conv1,0.02027425542473793
127,blocks.13.conv2,0.016950443387031555
127,blocks.13.gate_conv,0.0018146412912756205
127,blocks.14.conv1,0.019552623853087425
127,blocks.14.conv2,0.016955692321062088
127,blocks.14.gate_conv,0.001084911054931581
127,blocks.15.conv1,0.019839860498905182
127,blocks.15.conv2,0.017475785687565804
127,blocks.15.gate_conv,0.00209914636798203
127,blocks.16.conv1,0.01845879852771759
127,blocks.16.conv2,0.016566548496484756
127,blocks.16.gate_conv,0.0025053846184164286
127,blocks.17.conv1,0.01912958174943924
127,blocks.17.conv2,0.016041656956076622
127,blocks.17.gate_conv,0.0017934880452230573
127,blocks.18.conv1,0.0190542321652174
127,blocks.18.conv2,0.01466465089470148
127,blocks.18.gate_conv,0.0010807027574628592
127,blocks.19.conv1,0.017894351854920387
127,blocks.19.conv2,0.01548030599951744
127,blocks.19.gate_conv,0.0019004924688488245
127,blocks.20.conv1,0.018534159287810326
127,blocks.20.conv2,0.01417536661028862
127,blocks.20.gate_conv,0.0013308421475812793
127,blocks.21.conv1,0.01801423169672489
127,blocks.21.conv2,0.014484885148704052
127,blocks.21.gate_conv,0.0009756319923326373
127,blocks.22.conv1,0.018018385395407677
127,blocks.22.conv2,0.014166556298732758
127,blocks.22.gate_conv,0.00161596923135221
127,blocks.23.conv1,0.017306312918663025
127,blocks.23.conv2,0.01378578506410122
127,blocks.23.gate_conv,0.0012024142779409885
127,blocks.24.conv1,0.02059810981154442
127,blocks.24.conv2,0.016962941735982895
127,blocks.24.gate_conv,0.0016144223045557737
127,blocks.25.conv1,0.01863316260278225
127,blocks.25.conv2,0.014712933450937271
127,blocks.25.gate_conv,0.0033216807059943676
127,blocks.26.conv1,0.017911667004227638
127,blocks.26.conv2,0.014337442815303802
127,blocks.26.gate_conv,0.001380419242195785
127,blocks.27.conv1,0.019753603264689445
127,blocks.27.conv2,0.014621000736951828
127,blocks.27.gate_conv,0.0016723417211323977
127,blocks.28.conv1,0.02129071205854416
127,blocks.28.conv2,0.01598835550248623
127,blocks.28.gate_conv,0.0023885599803179502
127,blocks.29.conv1,0.023314697667956352
127,blocks.29.conv2,0.017697850242257118
127,blocks.29.gate_conv,0.0045013427734375
127,blocks.30.conv1,0.024700967594981194
127,blocks.30.conv2,0.01857099123299122
127,blocks.30.gate_conv,0.0016011022962629795
127,blocks.31.conv1,0.017339983955025673
127,blocks.31.conv2,0.013854296877980232
127,blocks.31.gate_conv,0.0009136396110989153
127,mean_conv2d_grad_norm,0.015296497594051486
128,stem.0,0.023526359349489212
128,blocks.0.conv1,0.02248625084757805
128,blocks.0.conv2,0.023291941732168198
128,blocks.0.gate_conv,0.0011678721057251096
128,blocks.1.conv1,0.02381891757249832
128,blocks.1.conv2,0.025190936401486397
128,blocks.1.gate_conv,0.0007037695613689721
128,blocks.2.conv1,0.021470259875059128
128,blocks.2.conv2,0.022027572616934776
128,blocks.2.gate_conv,0.0009989376412704587
128,blocks.3.conv1,0.021400514990091324
128,blocks.3.conv2,0.020213918760418892
128,blocks.3.gate_conv,0.0012199237244203687
128,blocks.4.conv1,0.020968003198504448
128,blocks.4.conv2,0.019672906026244164
128,blocks.4.gate_conv,0.0019386500352993608
128,blocks.5.conv1,0.02077360264956951
128,blocks.5.conv2,0.020517809316515923
128,blocks.5.gate_conv,0.0022513801231980324
128,blocks.6.conv1,0.020399242639541626
128,blocks.6.conv2,0.01828160509467125
128,blocks.6.gate_conv,0.0017419947544112802
128,blocks.7.conv1,0.020034007728099823
128,blocks.7.conv2,0.01716957986354828
128,blocks.7.gate_conv,0.0013849278911948204
128,blocks.8.conv1,0.017756083980202675
128,blocks.8.conv2,0.016272936016321182
128,blocks.8.gate_conv,0.0011301299091428518
128,blocks.9.conv1,0.01732424646615982
128,blocks.9.conv2,0.015906203538179398
128,blocks.9.gate_conv,0.0011874516494572163
128,blocks.10.conv1,0.01636262983083725
128,blocks.10.conv2,0.014820999465882778
128,blocks.10.gate_conv,0.0009501533932052553
128,blocks.11.conv1,0.016339391469955444
128,blocks.11.conv2,0.013921977020800114
128,blocks.11.gate_conv,0.0011114415246993303
128,blocks.12.conv1,0.013695776462554932
128,blocks.12.conv2,0.011694583110511303
128,blocks.12.gate_conv,0.0009093208354897797
128,blocks.13.conv1,0.012752722017467022
128,blocks.13.conv2,0.01030219066888094
128,blocks.13.gate_conv,0.0007637568633072078
128,blocks.14.conv1,0.013967189937829971
128,blocks.14.conv2,0.01119213830679655
128,blocks.14.gate_conv,0.0006838563713245094
128,blocks.15.conv1,0.012566911987960339
128,blocks.15.conv2,0.010303021408617496
128,blocks.15.gate_conv,0.0008040436659939587
128,blocks.16.conv1,0.012773874215781689
128,blocks.16.conv2,0.011577147990465164
128,blocks.16.gate_conv,0.0008640327723696828
128,blocks.17.conv1,0.011616728268563747
128,blocks.17.conv2,0.009303299710154533
128,blocks.17.gate_conv,0.0005393701721914113
128,blocks.18.conv1,0.011379105970263481
128,blocks.18.conv2,0.010646334849298
128,blocks.18.gate_conv,0.0007177077350206673
128,blocks.19.conv1,0.01319141685962677
128,blocks.19.conv2,0.010092523880302906
128,blocks.19.gate_conv,0.001434916048310697
128,blocks.20.conv1,0.011537040583789349
128,blocks.20.conv2,0.009037486277520657
128,blocks.20.gate_conv,0.0008171416120603681
128,blocks.21.conv1,0.011048302054405212
128,blocks.21.conv2,0.009268000721931458
128,blocks.21.gate_conv,0.0008252214756794274
128,blocks.22.conv1,0.011451889760792255
128,blocks.22.conv2,0.009610848501324654
128,blocks.22.gate_conv,0.0008426578715443611
128,blocks.23.conv1,0.011357611045241356
128,blocks.23.conv2,0.009689895436167717
128,blocks.23.gate_conv,0.0007689768099226058
128,blocks.24.conv1,0.011793305166065693
128,blocks.24.conv2,0.00993441790342331
128,blocks.24.gate_conv,0.0008506856975145638
128,blocks.25.conv1,0.01175444945693016
128,blocks.25.conv2,0.01041546929627657
128,blocks.25.gate_conv,0.001071129459887743
128,blocks.26.conv1,0.0109260780736804
128,blocks.26.conv2,0.009858720004558563
128,blocks.26.gate_conv,0.0006220752256922424
128,blocks.27.conv1,0.014585845172405243
128,blocks.27.conv2,0.010967664420604706
128,blocks.27.gate_conv,0.0011369581334292889
128,blocks.28.conv1,0.01569855771958828
128,blocks.28.conv2,0.011992126703262329
128,blocks.28.gate_conv,0.0024970858357846737
128,blocks.29.conv1,0.01628447324037552
128,blocks.29.conv2,0.011891557835042477
128,blocks.29.gate_conv,0.0016629775054752827
128,blocks.30.conv1,0.015761859714984894
128,blocks.30.conv2,0.011425231583416462
128,blocks.30.gate_conv,0.001308920094743371
128,blocks.31.conv1,0.012348668649792671
128,blocks.31.conv2,0.009983197785913944
128,blocks.31.gate_conv,0.0008349953568540514
128,mean_conv2d_grad_norm,0.010220288876900161
129,stem.0,0.007532569579780102
129,blocks.0.conv1,0.00858279038220644
129,blocks.0.conv2,0.009307647123932838
129,blocks.0.gate_conv,0.0003537897428032011
129,blocks.1.conv1,0.009821899235248566
129,blocks.1.conv2,0.01081059593707323
129,blocks.1.gate_conv,0.0003309484163764864
129,blocks.2.conv1,0.009585087187588215
129,blocks.2.conv2,0.00929185003042221
129,blocks.2.gate_conv,0.000514947110787034
129,blocks.3.conv1,0.009275399148464203
129,blocks.3.conv2,0.008977220393717289
129,blocks.3.gate_conv,0.000553283782210201
129,blocks.4.conv1,0.009054127149283886
129,blocks.4.conv2,0.008459441363811493
129,blocks.4.gate_conv,0.0006001063156872988
129,blocks.5.conv1,0.00828324444591999
129,blocks.5.conv2,0.007701138965785503
129,blocks.5.gate_conv,0.0006392556824721396
129,blocks.6.conv1,0.00784790888428688
129,blocks.6.conv2,0.00762549601495266
129,blocks.6.gate_conv,0.0006314226193353534
129,blocks.7.conv1,0.008048170246183872
129,blocks.7.conv2,0.006856376305222511
129,blocks.7.gate_conv,0.0008696918375790119
129,blocks.8.conv1,0.006995576433837414
129,blocks.8.conv2,0.006511556915938854
129,blocks.8.gate_conv,0.00039066094905138016
129,blocks.9.conv1,0.00670884782448411
129,blocks.9.conv2,0.0057638478465378284
129,blocks.9.gate_conv,0.00044114989577792585
129,blocks.10.conv1,0.00648133922368288
129,blocks.10.conv2,0.005700693931430578
129,blocks.10.gate_conv,0.0004682630533352494
129,blocks.11.conv1,0.006049045827239752
129,blocks.11.conv2,0.005222858861088753
129,blocks.11.gate_conv,0.00038168771425262094
129,blocks.12.conv1,0.006176750175654888
129,blocks.12.conv2,0.0049689034931361675
129,blocks.12.gate_conv,0.00034514680737629533
129,blocks.13.conv1,0.005413705483078957
129,blocks.13.conv2,0.004609492141753435
129,blocks.13.gate_conv,0.0003658654459286481
129,blocks.14.conv1,0.0054960697889328
129,blocks.14.conv2,0.004937105346471071
129,blocks.14.gate_conv,0.00029620042187161744
129,blocks.15.conv1,0.005451731849461794
129,blocks.15.conv2,0.004287513438612223
129,blocks.15.gate_conv,0.00030514298123307526
129,blocks.16.conv1,0.005146115552634001
129,blocks.16.conv2,0.004303380846977234
129,blocks.16.gate_conv,0.00036390393506735563
129,blocks.17.conv1,0.00514577329158783
129,blocks.17.conv2,0.004057856276631355
129,blocks.17.gate_conv,0.000202876006369479
129,blocks.18.conv1,0.0052162520587444305
129,blocks.18.conv2,0.004418889060616493
129,blocks.18.gate_conv,0.00036759773502126336
129,blocks.19.conv1,0.0048609026707708836
129,blocks.19.conv2,0.0037781207356601954
129,blocks.19.gate_conv,0.00028560415375977755
129,blocks.20.conv1,0.00500959949567914
129,blocks.20.conv2,0.004333456978201866
129,blocks.20.gate_conv,0.0002781734219752252
129,blocks.21.conv1,0.005147856660187244
129,blocks.21.conv2,0.0039887516759335995
129,blocks.21.gate_conv,0.0002962860744446516
129,blocks.22.conv1,0.005276423413306475
129,blocks.22.conv2,0.004174798261374235
129,blocks.22.gate_conv,0.0005130404024384916
129,blocks.23.conv1,0.0052707684226334095
129,blocks.23.conv2,0.004400789737701416
129,blocks.23.gate_conv,0.00033893456566147506
129,blocks.24.conv1,0.0057153948582708836
129,blocks.24.conv2,0.004715385381132364
129,blocks.24.gate_conv,0.0007751115481369197
129,blocks.25.conv1,0.004966140724718571
129,blocks.25.conv2,0.004510912578552961
129,blocks.25.gate_conv,0.000868491712026298
129,blocks.26.conv1,0.004984655883163214
129,blocks.26.conv2,0.004007256589829922
129,blocks.26.gate_conv,0.00025313382502645254
129,blocks.27.conv1,0.005240662954747677
129,blocks.27.conv2,0.0042342799715697765
129,blocks.27.gate_conv,0.0006944205961190164
129,blocks.28.conv1,0.006268398370593786
129,blocks.28.conv2,0.004843446426093578
129,blocks.28.gate_conv,0.0009550756658427417
129,blocks.29.conv1,0.0071123624220490456
129,blocks.29.conv2,0.005372332409024239
129,blocks.29.gate_conv,0.001065273187123239
129,blocks.30.conv1,0.006883715745061636
129,blocks.30.conv2,0.005235904362052679
129,blocks.30.gate_conv,0.0006015698309056461
129,blocks.31.conv1,0.004888791590929031
129,blocks.31.conv2,0.004718461073935032
129,blocks.31.gate_conv,0.000422457727836445
129,mean_conv2d_grad_norm,0.004245704645561006
130,stem.0,0.003775907214730978
130,blocks.0.conv1,0.004125874023884535
130,blocks.0.conv2,0.004883004352450371
130,blocks.0.gate_conv,0.0001983257825486362
130,blocks.1.conv1,0.005138037726283073
130,blocks.1.conv2,0.005462180823087692
130,blocks.1.gate_conv,0.0001597512309672311
130,blocks.2.conv1,0.004646885674446821
130,blocks.2.conv2,0.004651397932320833
130,blocks.2.gate_conv,0.00028084227233193815
130,blocks.3.conv1,0.004516382701694965
130,blocks.3.conv2,0.00425640819594264
130,blocks.3.gate_conv,0.0002582009183242917
130,blocks.4.conv1,0.0043485406786203384
130,blocks.4.conv2,0.004117978736758232
130,blocks.4.gate_conv,0.0002583407622296363
130,blocks.5.conv1,0.004237044136971235
130,blocks.5.conv2,0.003899191739037633
130,blocks.5.gate_conv,0.0002629620721563697
130,blocks.6.conv1,0.00394450593739748
130,blocks.6.conv2,0.0034978394396603107
130,blocks.6.gate_conv,0.0003266711428295821
130,blocks.7.conv1,0.003547766013070941
130,blocks.7.conv2,0.003202246269211173
130,blocks.7.gate_conv,0.00033570799860171974
130,blocks.8.conv1,0.003579112235456705
130,blocks.8.conv2,0.003244976978749037
130,blocks.8.gate_conv,0.00016321826842613518
130,blocks.9.conv1,0.003517639823257923
130,blocks.9.conv2,0.0030273646116256714
130,blocks.9.gate_conv,0.00025598163483664393
130,blocks.10.conv1,0.0034487892407923937
130,blocks.10.conv2,0.0027447137981653214
130,blocks.10.gate_conv,0.0001967870630323887
130,blocks.11.conv1,0.0029594297520816326
130,blocks.11.conv2,0.0025773129891604185
130,blocks.11.gate_conv,0.00039506758912466466
130,blocks.12.conv1,0.0027507012709975243
130,blocks.12.conv2,0.0024472586810588837
130,blocks.12.gate_conv,0.00016549043357372284
130,blocks.13.conv1,0.0027530789375305176
130,blocks.13.conv2,0.002279378240928054
130,blocks.13.gate_conv,0.00016226428851950914
130,blocks.14.conv1,0.0025751383509486914
130,blocks.14.conv2,0.0022149814758449793
130,blocks.14.gate_conv,0.0001461273495806381
130,blocks.15.conv1,0.002501195063814521
130,blocks.15.conv2,0.0023224346805363894
130,blocks.15.gate_conv,0.00020345592929515988
130,blocks.16.conv1,0.002691686386242509
130,blocks.16.conv2,0.0023300442844629288
130,blocks.16.gate_conv,0.0002097425312967971
130,blocks.17.conv1,0.0025213072076439857
130,blocks.17.conv2,0.0020982364658266306
130,blocks.17.gate_conv,0.0001447777758585289
130,blocks.18.conv1,0.0024725974071770906
130,blocks.18.conv2,0.0020925577264279127
130,blocks.18.gate_conv,0.00012438895646482706
130,blocks.19.conv1,0.002395952818915248
130,blocks.19.conv2,0.0020080709364265203
130,blocks.19.gate_conv,0.00015253697347361594
130,blocks.20.conv1,0.002511055441573262
130,blocks.20.conv2,0.002159303519874811
130,blocks.20.gate_conv,0.00015118104056455195
130,blocks.21.conv1,0.0027522132731974125
130,blocks.21.conv2,0.0021679108031094074
130,blocks.21.gate_conv,0.00018720525258686393
130,blocks.22.conv1,0.0027289558202028275
130,blocks.22.conv2,0.0021504051983356476
130,blocks.22.gate_conv,0.0001794072741176933
130,blocks.23.conv1,0.0024013398215174675
130,blocks.23.conv2,0.002165143610909581
130,blocks.23.gate_conv,0.00014239632582757622
130,blocks.24.conv1,0.0027015325613319874
130,blocks.24.conv2,0.002148626372218132
130,blocks.24.gate_conv,0.00026463373797014356
130,blocks.25.conv1,0.0024720216169953346
130,blocks.25.conv2,0.002063576364889741
130,blocks.25.gate_conv,0.0002959841804113239
130,blocks.26.conv1,0.0020729301031678915
130,blocks.26.conv2,0.001894098473712802
130,blocks.26.gate_conv,0.00016310595674440265
130,blocks.27.conv1,0.0024240303318947554
130,blocks.27.conv2,0.0018689809367060661
130,blocks.27.gate_conv,0.000197590867173858
130,blocks.28.conv1,0.002905556932091713
130,blocks.28.conv2,0.002428038977086544
130,blocks.28.gate_conv,0.0003865213075187057
130,blocks.29.conv1,0.003274646122008562
130,blocks.29.conv2,0.0026910044252872467
130,blocks.29.gate_conv,0.00041533750481903553
130,blocks.30.conv1,0.003329712664708495
130,blocks.30.conv2,0.0024135704152286053
130,blocks.30.gate_conv,0.0002815252519212663
130,blocks.31.conv1,0.002459733048453927
130,blocks.31.conv2,0.0022070754785090685
130,blocks.31.gate_conv,0.00013515255704987794
130,mean_conv2d_grad_norm,0.002076260778379684
131,stem.0,0.016991686075925827
131,blocks.0.conv1,0.01589672826230526
131,blocks.0.conv2,0.01868440955877304
131,blocks.0.gate_conv,0.0008676368743181229
131,blocks.1.conv1,0.01960699073970318
131,blocks.1.conv2,0.020633507519960403
131,blocks.1.gate_conv,0.0006585305673070252
131,blocks.2.conv1,0.018546104431152344
131,blocks.2.conv2,0.017987405881285667
131,blocks.2.gate_conv,0.0009313875925727189
131,blocks.3.conv1,0.01853090524673462
131,blocks.3.conv2,0.016296394169330597
131,blocks.3.gate_conv,0.0010036100866273046
131,blocks.4.conv1,0.016697639599442482
131,blocks.4.conv2,0.015021057799458504
131,blocks.4.gate_conv,0.0009456181433051825
131,blocks.5.conv1,0.01652013510465622
131,blocks.5.conv2,0.014693341217935085
131,blocks.5.gate_conv,0.00138952920679003
131,blocks.6.conv1,0.014117508195340633
131,blocks.6.conv2,0.0129081467166543
131,blocks.6.gate_conv,0.0013123800745233893
131,blocks.7.conv1,0.013958008028566837
131,blocks.7.conv2,0.013064988888800144
131,blocks.7.gate_conv,0.001178679522126913
131,blocks.8.conv1,0.013213589787483215
131,blocks.8.conv2,0.012703298591077328
131,blocks.8.gate_conv,0.0008846004493534565
131,blocks.9.conv1,0.012908090837299824
131,blocks.9.conv2,0.011051214300096035
131,blocks.9.gate_conv,0.0008991736103780568
131,blocks.10.conv1,0.011959152296185493
131,blocks.10.conv2,0.01051967591047287
131,blocks.10.gate_conv,0.0007398205925710499
131,blocks.11.conv1,0.01194476243108511
131,blocks.11.conv2,0.009700918570160866
131,blocks.11.gate_conv,0.0010000619804486632
131,blocks.12.conv1,0.010178763419389725
131,blocks.12.conv2,0.009470012038946152
131,blocks.12.gate_conv,0.0008638197905384004
131,blocks.13.conv1,0.010534952394664288
131,blocks.13.conv2,0.008989895693957806
131,blocks.13.gate_conv,0.0007921647629700601
131,blocks.14.conv1,0.010469317436218262
131,blocks.14.conv2,0.008617999963462353
131,blocks.14.gate_conv,0.0005261431797407568
131,blocks.15.conv1,0.009503045119345188
131,blocks.15.conv2,0.008122933097183704
131,blocks.15.gate_conv,0.0009646652033552527
131,blocks.16.conv1,0.009792380034923553
131,blocks.16.conv2,0.008303837850689888
131,blocks.16.gate_conv,0.0006932171527296305
131,blocks.17.conv1,0.009903781116008759
131,blocks.17.conv2,0.007773096673190594
131,blocks.17.gate_conv,0.0005842676619067788
131,blocks.18.conv1,0.009075037203729153
131,blocks.18.conv2,0.007743918802589178
131,blocks.18.gate_conv,0.0005795200704596937
131,blocks.19.conv1,0.009928244166076183
131,blocks.19.conv2,0.007719273678958416
131,blocks.19.gate_conv,0.0007270034402608871
131,blocks.20.conv1,0.008851272985339165
131,blocks.20.conv2,0.007406911347061396
131,blocks.20.gate_conv,0.000494409236125648
131,blocks.21.conv1,0.00948208849877119
131,blocks.21.conv2,0.007802493870258331
131,blocks.21.gate_conv,0.0008621435845270753
131,blocks.22.conv1,0.009188421070575714
131,blocks.22.conv2,0.007764623966068029
131,blocks.22.gate_conv,0.0006749395397491753
131,blocks.23.conv1,0.008862764574587345
131,blocks.23.conv2,0.007238282822072506
131,blocks.23.gate_conv,0.000568325980566442
131,blocks.24.conv1,0.010052134282886982
131,blocks.24.conv2,0.008216976188123226
131,blocks.24.gate_conv,0.0008344207308255136
131,blocks.25.conv1,0.009492883458733559
131,blocks.25.conv2,0.00742193590849638
131,blocks.25.gate_conv,0.0008235727436840534
131,blocks.26.conv1,0.009344492107629776
131,blocks.26.conv2,0.007487237453460693
131,blocks.26.gate_conv,0.0004640823171939701
131,blocks.27.conv1,0.01115068793296814
131,blocks.27.conv2,0.00851231999695301
131,blocks.27.gate_conv,0.00066946487640962
131,blocks.28.conv1,0.011969142593443394
131,blocks.28.conv2,0.009887637570500374
131,blocks.28.gate_conv,0.0012546577490866184
131,blocks.29.conv1,0.012322250753641129
131,blocks.29.conv2,0.009421064518392086
131,blocks.29.gate_conv,0.0013062747893854976
131,blocks.30.conv1,0.011639153584837914
131,blocks.30.conv2,0.009523286484181881
131,blocks.30.gate_conv,0.001107896096073091
131,blocks.31.conv1,0.00845609325915575
131,blocks.31.conv2,0.007590995170176029
131,blocks.31.gate_conv,0.0005107767647132277
131,mean_conv2d_grad_norm,0.007901856635238725
132,stem.0,0.008826155215501785
132,blocks.0.conv1,0.008983051404356956
132,blocks.0.conv2,0.010817824862897396
132,blocks.0.gate_conv,0.0005832163733430207
132,blocks.1.conv1,0.011007404886186123
132,blocks.1.conv2,0.01146767009049654
132,blocks.1.gate_conv,0.00037189567228779197
132,blocks.2.conv1,0.01021482888609171
132,blocks.2.conv2,0.010062487795948982
132,blocks.2.gate_conv,0.0011536196107044816
132,blocks.3.conv1,0.01041741855442524
132,blocks.3.conv2,0.00960269384086132
132,blocks.3.gate_conv,0.0005103652365505695
132,blocks.4.conv1,0.009753352962434292
132,blocks.4.conv2,0.009133189916610718
132,blocks.4.gate_conv,0.0005691497935913503
132,blocks.5.conv1,0.009340694174170494
132,blocks.5.conv2,0.008309312164783478
132,blocks.5.gate_conv,0.0006872639060020447
132,blocks.6.conv1,0.008647086098790169
132,blocks.6.conv2,0.007288718596100807
132,blocks.6.gate_conv,0.00058633933076635
132,blocks.7.conv1,0.008014271035790443
132,blocks.7.conv2,0.007397616747766733
132,blocks.7.gate_conv,0.0007745889015495777
132,blocks.8.conv1,0.00803129281848669
132,blocks.8.conv2,0.006913337856531143
132,blocks.8.gate_conv,0.0004280473222024739
132,blocks.9.conv1,0.007808115798979998
132,blocks.9.conv2,0.006590959150344133
132,blocks.9.gate_conv,0.0005239946185611188
132,blocks.10.conv1,0.007568587549030781
132,blocks.10.conv2,0.006357819773256779
132,blocks.10.gate_conv,0.0006333002820611
132,blocks.11.conv1,0.0070592183619737625
132,blocks.11.conv2,0.006083985790610313
132,blocks.11.gate_conv,0.0006038284045644104
132,blocks.12.conv1,0.006530442740768194
132,blocks.12.conv2,0.005672675557434559
132,blocks.12.gate_conv,0.000494529667776078
132,blocks.13.conv1,0.006286341231316328
132,blocks.13.conv2,0.005451076198369265
132,blocks.13.gate_conv,0.0004266086907591671
132,blocks.14.conv1,0.006312120705842972
132,blocks.14.conv2,0.005547701846808195
132,blocks.14.gate_conv,0.0003236943739466369
132,blocks.15.conv1,0.006077527068555355
132,blocks.15.conv2,0.005100669804960489
132,blocks.15.gate_conv,0.00046449070214293897
132,blocks.16.conv1,0.006014748942106962
132,blocks.16.conv2,0.0053606037981808186
132,blocks.16.gate_conv,0.00044626538874581456
132,blocks.17.conv1,0.006360059604048729
132,blocks.17.conv2,0.005256681237369776
132,blocks.17.gate_conv,0.0005178141291253269
132,blocks.18.conv1,0.005897682625800371
132,blocks.18.conv2,0.004816366359591484
132,blocks.18.gate_conv,0.00046198369818739593
132,blocks.19.conv1,0.005768632981926203
132,blocks.19.conv2,0.0048923371359705925
132,blocks.19.gate_conv,0.0004204671422485262
132,blocks.20.conv1,0.005256703123450279
132,blocks.20.conv2,0.00454274658113718
132,blocks.20.gate_conv,0.0003740366082638502
132,blocks.21.conv1,0.005972641985863447
132,blocks.21.conv2,0.004674789495766163
132,blocks.21.gate_conv,0.0005337338661774993
132,blocks.22.conv1,0.006151136476546526
132,blocks.22.conv2,0.004713066387921572
132,blocks.22.gate_conv,0.0004065411339979619
132,blocks.23.conv1,0.005719501990824938
132,blocks.23.conv2,0.004315052647143602
132,blocks.23.gate_conv,0.0003199140483047813
132,blocks.24.conv1,0.006385568995028734
132,blocks.24.conv2,0.005061535630375147
132,blocks.24.gate_conv,0.000490776146762073
132,blocks.25.conv1,0.00599839398637414
132,blocks.25.conv2,0.00436903303489089
132,blocks.25.gate_conv,0.0006695029442198575
132,blocks.26.conv1,0.005313581321388483
132,blocks.26.conv2,0.004380727186799049
132,blocks.26.gate_conv,0.0004199449613224715
132,blocks.27.conv1,0.006359631661325693
132,blocks.27.conv2,0.004788713529706001
132,blocks.27.gate_conv,0.0003951882245019078
132,blocks.28.conv1,0.007433653809130192
132,blocks.28.conv2,0.0060043493285775185
132,blocks.28.gate_conv,0.0006652372539974749
132,blocks.29.conv1,0.007715752348303795
132,blocks.29.conv2,0.005620367359369993
132,blocks.29.gate_conv,0.0008512592175975442
132,blocks.30.conv1,0.007633299566805363
132,blocks.30.conv2,0.005643972661346197
132,blocks.30.gate_conv,0.0005996235995553434
132,blocks.31.conv1,0.005142007954418659
132,blocks.31.conv2,0.004676087759435177
132,blocks.31.gate_conv,0.00038318027509376407
132,mean_conv2d_grad_norm,0.004721705964106356
133,stem.0,0.013517816551029682
133,blocks.0.conv1,0.014148988761007786
133,blocks.0.conv2,0.01644170843064785
133,blocks.0.gate_conv,0.000790843041613698
133,blocks.1.conv1,0.015239190310239792
133,blocks.1.conv2,0.01784284971654415
133,blocks.1.gate_conv,0.0005821227096021175
133,blocks.2.conv1,0.01618032343685627
133,blocks.2.conv2,0.015195037238299847
133,blocks.2.gate_conv,0.0012253151508048177
133,blocks.3.conv1,0.015115125104784966
133,blocks.3.conv2,0.01552839670330286
133,blocks.3.gate_conv,0.0013110601576045156
133,blocks.4.conv1,0.014615211635828018
133,blocks.4.conv2,0.01436086930334568
133,blocks.4.gate_conv,0.0008899916429072618
133,blocks.5.conv1,0.013281060382723808
133,blocks.5.conv2,0.012489255517721176
133,blocks.5.gate_conv,0.001057415152899921
133,blocks.6.conv1,0.012639888562262058
133,blocks.6.conv2,0.012566578574478626
133,blocks.6.gate_conv,0.001151764066889882
133,blocks.7.conv1,0.012066766619682312
133,blocks.7.conv2,0.01052305568009615
133,blocks.7.gate_conv,0.0010352693498134613
133,blocks.8.conv1,0.011999038979411125
133,blocks.8.conv2,0.011498414911329746
133,blocks.8.gate_conv,0.0007005560910329223
133,blocks.9.conv1,0.012175850570201874
133,blocks.9.conv2,0.010164830833673477
133,blocks.9.gate_conv,0.0007433887221850455
133,blocks.10.conv1,0.010456173680722713
133,blocks.10.conv2,0.009544757194817066
133,blocks.10.gate_conv,0.0006601187633350492
133,blocks.11.conv1,0.009933385998010635
133,blocks.11.conv2,0.008805307559669018
133,blocks.11.gate_conv,0.0007645339937880635
133,blocks.12.conv1,0.009121529757976532
133,blocks.12.conv2,0.008849459700286388
133,blocks.12.gate_conv,0.0007056753966026008
133,blocks.13.conv1,0.008799051865935326
133,blocks.13.conv2,0.007567832246422768
133,blocks.13.gate_conv,0.0006430879002436996
133,blocks.14.conv1,0.00856912974268198
133,blocks.14.conv2,0.007900669239461422
133,blocks.14.gate_conv,0.0004645761800929904
133,blocks.15.conv1,0.007459820248186588
133,blocks.15.conv2,0.006964439991861582
133,blocks.15.gate_conv,0.0005459339590743184
133,blocks.16.conv1,0.009346100501716137
133,blocks.16.conv2,0.00868520699441433
133,blocks.16.gate_conv,0.000608624133747071
133,blocks.17.conv1,0.00982360728085041
133,blocks.17.conv2,0.007562986575067043
133,blocks.17.gate_conv,0.0006134925642982125
133,blocks.18.conv1,0.011029548943042755
133,blocks.18.conv2,0.007585542276501656
133,blocks.18.gate_conv,0.0006013551610521972
133,blocks.19.conv1,0.008731108158826828
133,blocks.19.conv2,0.006786289159208536
133,blocks.19.gate_conv,0.0005712048150599003
133,blocks.20.conv1,0.00830463320016861
133,blocks.20.conv2,0.007067170459777117
133,blocks.20.gate_conv,0.0004711041983682662
133,blocks.21.conv1,0.009723835624754429
133,blocks.21.conv2,0.008203831501305103
133,blocks.21.gate_conv,0.0006222910014912486
133,blocks.22.conv1,0.008861089125275612
133,blocks.22.conv2,0.007539632264524698
133,blocks.22.gate_conv,0.0006559812463819981
133,blocks.23.conv1,0.008382177911698818
133,blocks.23.conv2,0.006725699175149202
133,blocks.23.gate_conv,0.0005531204515136778
133,blocks.24.conv1,0.00983407162129879
133,blocks.24.conv2,0.00735755218192935
133,blocks.24.gate_conv,0.000712634704541415
133,blocks.25.conv1,0.010157069191336632
133,blocks.25.conv2,0.007462834008038044
133,blocks.25.gate_conv,0.0013349936343729496
133,blocks.26.conv1,0.00751064158976078
133,blocks.26.conv2,0.00652529951184988
133,blocks.26.gate_conv,0.0005174290854483843
133,blocks.27.conv1,0.011045310646295547
133,blocks.27.conv2,0.007798343896865845
133,blocks.27.gate_conv,0.0011102334829047322
133,blocks.28.conv1,0.011610329151153564
133,blocks.28.conv2,0.009614632464945316
133,blocks.28.gate_conv,0.0012442610459402204
133,blocks.29.conv1,0.012093567289412022
133,blocks.29.conv2,0.00977217499166727
133,blocks.29.gate_conv,0.0015068893553689122
133,blocks.30.conv1,0.011579773388803005
133,blocks.30.conv2,0.00936343614012003
133,blocks.30.gate_conv,0.0013164146803319454
133,blocks.31.conv1,0.010016060434281826
133,blocks.31.conv2,0.008192237466573715
133,blocks.31.gate_conv,0.0004883352085016668
133,mean_conv2d_grad_norm,0.0072376662394219105
134,stem.0,0.017900267615914345
134,blocks.0.conv1,0.01850791834294796
134,blocks.0.conv2,0.02010413073003292
134,blocks.0.gate_conv,0.0008110722410492599
134,blocks.1.conv1,0.02142195589840412
134,blocks.1.conv2,0.024092650040984154
134,blocks.1.gate_conv,0.0007349323132075369
134,blocks.2.conv1,0.02015547640621662
134,blocks.2.conv2,0.021064529195427895
134,blocks.2.gate_conv,0.0013002632185816765
134,blocks.3.conv1,0.020510902628302574
134,blocks.3.conv2,0.019860805943608284
134,blocks.3.gate_conv,0.0011090701445937157
134,blocks.4.conv1,0.01950884610414505
134,blocks.4.conv2,0.018682697787880898
134,blocks.4.gate_conv,0.001203408115543425
134,blocks.5.conv1,0.01946079358458519
134,blocks.5.conv2,0.016679976135492325
134,blocks.5.gate_conv,0.0016227387823164463
134,blocks.6.conv1,0.017086584120988846
134,blocks.6.conv2,0.01559255551546812
134,blocks.6.gate_conv,0.0020134991500526667
134,blocks.7.conv1,0.016636209562420845
134,blocks.7.conv2,0.015237733721733093
134,blocks.7.gate_conv,0.0013779806904494762
134,blocks.8.conv1,0.016958748921751976
134,blocks.8.conv2,0.01445993222296238
134,blocks.8.gate_conv,0.00112648936919868
134,blocks.9.conv1,0.015161598101258278
134,blocks.9.conv2,0.013356776908040047
134,blocks.9.gate_conv,0.0009702652459964156
134,blocks.10.conv1,0.014230187982320786
134,blocks.10.conv2,0.01242835633456707
134,blocks.10.gate_conv,0.001116730272769928
134,blocks.11.conv1,0.012137389741837978
134,blocks.11.conv2,0.010668408125638962
134,blocks.11.gate_conv,0.0010404895292595029
134,blocks.12.conv1,0.012093308381736279
134,blocks.12.conv2,0.01149673294275999
134,blocks.12.gate_conv,0.0010990733280777931
134,blocks.13.conv1,0.011867093853652477
134,blocks.13.conv2,0.010193795897066593
134,blocks.13.gate_conv,0.0013537559425458312
134,blocks.14.conv1,0.011543580330908298
134,blocks.14.conv2,0.0098374979570508
134,blocks.14.gate_conv,0.0007590248715132475
134,blocks.15.conv1,0.010446461848914623
134,blocks.15.conv2,0.00987557228654623
134,blocks.15.gate_conv,0.0009767081355676055
134,blocks.16.conv1,0.011148382909595966
134,blocks.16.conv2,0.010341384448111057
134,blocks.16.gate_conv,0.0013787117786705494
134,blocks.17.conv1,0.011230426840484142
134,blocks.17.conv2,0.010088138282299042
134,blocks.17.gate_conv,0.000805208517704159
134,blocks.18.conv1,0.011802589520812035
134,blocks.18.conv2,0.010884133167564869
134,blocks.18.gate_conv,0.0011586910113692284
134,blocks.19.conv1,0.011781474575400352
134,blocks.19.conv2,0.0095617501065135
134,blocks.19.gate_conv,0.0012552064144983888
134,blocks.20.conv1,0.01011018455028534
134,blocks.20.conv2,0.009468917734920979
134,blocks.20.gate_conv,0.0009067128994502127
134,blocks.21.conv1,0.012833883985877037
134,blocks.21.conv2,0.010700225830078125
134,blocks.21.gate_conv,0.0011589772766456008
134,blocks.22.conv1,0.010788025334477425
134,blocks.22.conv2,0.009635675698518753
134,blocks.22.gate_conv,0.0007457883330062032
134,blocks.23.conv1,0.012158620171248913
134,blocks.23.conv2,0.01030049379914999
134,blocks.23.gate_conv,0.0006755378562957048
134,blocks.24.conv1,0.013426344841718674
134,blocks.24.conv2,0.011082964949309826
134,blocks.24.gate_conv,0.001295990077778697
134,blocks.25.conv1,0.014496013522148132
134,blocks.25.conv2,0.010780376382172108
134,blocks.25.gate_conv,0.0018403584836050868
134,blocks.26.conv1,0.013286277651786804
134,blocks.26.conv2,0.01026462484151125
134,blocks.26.gate_conv,0.0009168845717795193
134,blocks.27.conv1,0.01462035346776247
134,blocks.27.conv2,0.011686496436595917
134,blocks.27.gate_conv,0.0009889642242342234
134,blocks.28.conv1,0.01618446595966816
134,blocks.28.conv2,0.014793732203543186
134,blocks.28.gate_conv,0.0016456154407933354
134,blocks.29.conv1,0.020811181515455246
134,blocks.29.conv2,0.015515140257775784
134,blocks.29.gate_conv,0.0024153967387974262
134,blocks.30.conv1,0.019887879490852356
134,blocks.30.conv2,0.015116238966584206
134,blocks.30.gate_conv,0.0022075986489653587
134,blocks.31.conv1,0.013773058541119099
134,blocks.31.conv2,0.011632062494754791
134,blocks.31.gate_conv,0.0006296175997704268
134,mean_conv2d_grad_norm,0.009877234586327308
135,stem.0,0.004721291828900576
135,blocks.0.conv1,0.004573466256260872
135,blocks.0.conv2,0.004710154142230749
135,blocks.0.gate_conv,0.00016406079521402717
135,blocks.1.conv1,0.004664592910557985
135,blocks.1.conv2,0.00508803641423583
135,blocks.1.gate_conv,0.000149430226883851
135,blocks.2.conv1,0.004574199672788382
135,blocks.2.conv2,0.004456598777323961
135,blocks.2.gate_conv,0.00020012303139083087
135,blocks.3.conv1,0.00437599653378129
135,blocks.3.conv2,0.004170447122305632
135,blocks.3.gate_conv,0.00020109128672629595
135,blocks.4.conv1,0.004165478516370058
135,blocks.4.conv2,0.003726435825228691
135,blocks.4.gate_conv,0.0002780483919195831
135,blocks.5.conv1,0.0039896974340081215
135,blocks.5.conv2,0.0035274026449769735
135,blocks.5.gate_conv,0.00036279618507251143
135,blocks.6.conv1,0.0034213135950267315
135,blocks.6.conv2,0.0030787885189056396
135,blocks.6.gate_conv,0.00024812776246108115
135,blocks.7.conv1,0.003369065234437585
135,blocks.7.conv2,0.0029893924947828054
135,blocks.7.gate_conv,0.0002457660739310086
135,blocks.8.conv1,0.0033668421674519777
135,blocks.8.conv2,0.0030912442598491907
135,blocks.8.gate_conv,0.00017201311129610986
135,blocks.9.conv1,0.003325823461636901
135,blocks.9.conv2,0.0028066253289580345
135,blocks.9.gate_conv,0.0002379876095801592
135,blocks.10.conv1,0.003040349343791604
135,blocks.10.conv2,0.0025875475257635117
135,blocks.10.gate_conv,0.00019451515981927514
135,blocks.11.conv1,0.0026924589183181524
135,blocks.11.conv2,0.0024968436919152737
135,blocks.11.gate_conv,0.00017755517910700291
135,blocks.12.conv1,0.002713215770199895
135,blocks.12.conv2,0.0022445362992584705
135,blocks.12.gate_conv,0.0001809330569813028
135,blocks.13.conv1,0.0024012725334614515
135,blocks.13.conv2,0.0019435560097917914
135,blocks.13.gate_conv,0.0001456390746170655
135,blocks.14.conv1,0.002314804820343852
135,blocks.14.conv2,0.00202096626162529
135,blocks.14.gate_conv,0.00012949231313541532
135,blocks.15.conv1,0.002343636704608798
135,blocks.15.conv2,0.0019209228921681643
135,blocks.15.gate_conv,0.00017202981689479202
135,blocks.16.conv1,0.002353531774133444
135,blocks.16.conv2,0.001966875046491623
135,blocks.16.gate_conv,0.00013564489199779928
135,blocks.17.conv1,0.0024938739370554686
135,blocks.17.conv2,0.002007298171520233
135,blocks.17.gate_conv,0.00010925502283498645
135,blocks.18.conv1,0.0023179647978395224
135,blocks.18.conv2,0.0020131978671997786
135,blocks.18.gate_conv,0.00010699047561502084
135,blocks.19.conv1,0.0022779088467359543
135,blocks.19.conv2,0.0018011053325608373
135,blocks.19.gate_conv,0.00017015892080962658
135,blocks.20.conv1,0.0023438027128577232
135,blocks.20.conv2,0.0019506377866491675
135,blocks.20.gate_conv,0.00014302803901955485
135,blocks.21.conv1,0.0024212421849370003
135,blocks.21.conv2,0.0019235332729294896
135,blocks.21.gate_conv,0.0001649283803999424
135,blocks.22.conv1,0.002374854637309909
135,blocks.22.conv2,0.0019139948999509215
135,blocks.22.gate_conv,0.00017274884157814085
135,blocks.23.conv1,0.002179360017180443
135,blocks.23.conv2,0.001728501752950251
135,blocks.23.gate_conv,0.0001223829749505967
135,blocks.24.conv1,0.0022834588307887316
135,blocks.24.conv2,0.001875492394901812
135,blocks.24.gate_conv,0.00020501759718172252
135,blocks.25.conv1,0.002177521353587508
135,blocks.25.conv2,0.0017845070688053966
135,blocks.25.gate_conv,0.0002175947156501934
135,blocks.26.conv1,0.002127020852640271
135,blocks.26.conv2,0.0016144845867529511
135,blocks.26.gate_conv,0.00015010114293545485
135,blocks.27.conv1,0.002347726607695222
135,blocks.27.conv2,0.0018114954000338912
135,blocks.27.gate_conv,0.00017024920089170337
135,blocks.28.conv1,0.0027911842335015535
135,blocks.28.conv2,0.002147133694961667
135,blocks.28.gate_conv,0.00023563213471788913
135,blocks.29.conv1,0.003097095526754856
135,blocks.29.conv2,0.0021487190388143063
135,blocks.29.gate_conv,0.00033416409860365093
135,blocks.30.conv1,0.0028936981689184904
135,blocks.30.conv2,0.0022049678955227137
135,blocks.30.gate_conv,0.00023327504459302872
135,blocks.31.conv1,0.0022707469761371613
135,blocks.31.conv2,0.0018571482505649328
135,blocks.31.gate_conv,0.0001794455456547439
135,mean_conv2d_grad_norm,0.0019229207621898128
136,stem.0,0.029926002025604248
136,blocks.0.conv1,0.032022953033447266
136,blocks.0.conv2,0.03813396766781807
136,blocks.0.gate_conv,0.0016569610452279449
136,blocks.1.conv1,0.03728796914219856
136,blocks.1.conv2,0.037253353744745255
136,blocks.1.gate_conv,0.0011200924636796117
136,blocks.2.conv1,0.03627482056617737
136,blocks.2.conv2,0.03289409354329109
136,blocks.2.gate_conv,0.0017573949880897999
136,blocks.3.conv1,0.030990196391940117
136,blocks.3.conv2,0.028449106961488724
136,blocks.3.gate_conv,0.0015195521991699934
136,blocks.4.conv1,0.029911328107118607
136,blocks.4.conv2,0.02733500860631466
136,blocks.4.gate_conv,0.0016933385049924254
136,blocks.5.conv1,0.028932884335517883
136,blocks.5.conv2,0.025448258966207504
136,blocks.5.gate_conv,0.0022880553733557463
136,blocks.6.conv1,0.026213930919766426
136,blocks.6.conv2,0.024764567613601685
136,blocks.6.gate_conv,0.0025029745884239674
136,blocks.7.conv1,0.026223646476864815
136,blocks.7.conv2,0.0227371659129858
136,blocks.7.gate_conv,0.0023966843727976084
136,blocks.8.conv1,0.024135136976838112
136,blocks.8.conv2,0.020560994744300842
136,blocks.8.gate_conv,0.0011887820437550545
136,blocks.9.conv1,0.024520987644791603
136,blocks.9.conv2,0.021603751927614212
136,blocks.9.gate_conv,0.0023983854334801435
136,blocks.10.conv1,0.022199619561433792
136,blocks.10.conv2,0.019604913890361786
136,blocks.10.gate_conv,0.0018576066941022873
136,blocks.11.conv1,0.02194463461637497
136,blocks.11.conv2,0.019642062485218048
136,blocks.11.gate_conv,0.0018654779996722937
136,blocks.12.conv1,0.019329098984599113
136,blocks.12.conv2,0.016759533435106277
136,blocks.12.gate_conv,0.0015342390397563577
136,blocks.13.conv1,0.018537642434239388
136,blocks.13.conv2,0.015121975913643837
136,blocks.13.gate_conv,0.0011730199912562966
136,blocks.14.conv1,0.017703942954540253
136,blocks.14.conv2,0.01578003726899624
136,blocks.14.gate_conv,0.0009383638971485198
136,blocks.15.conv1,0.017522219568490982
136,blocks.15.conv2,0.014569864608347416
136,blocks.15.gate_conv,0.0014086631126701832
136,blocks.16.conv1,0.016803761944174767
136,blocks.16.conv2,0.014307179488241673
136,blocks.16.gate_conv,0.0009903962491080165
136,blocks.17.conv1,0.017686689272522926
136,blocks.17.conv2,0.014309742487967014
136,blocks.17.gate_conv,0.0015258545754477382
136,blocks.18.conv1,0.0196894071996212
136,blocks.18.conv2,0.015018656849861145
136,blocks.18.gate_conv,0.0013261351268738508
136,blocks.19.conv1,0.01627468876540661
136,blocks.19.conv2,0.013149747624993324
136,blocks.19.gate_conv,0.0012299088994041085
136,blocks.20.conv1,0.01659664325416088
136,blocks.20.conv2,0.013355827890336514
136,blocks.20.gate_conv,0.0013687697937712073
136,blocks.21.conv1,0.01905745640397072
136,blocks.21.conv2,0.014460696838796139
136,blocks.21.gate_conv,0.0021557053551077843
136,blocks.22.conv1,0.017131248489022255
136,blocks.22.conv2,0.014196988195180893
136,blocks.22.gate_conv,0.0010910264682024717
136,blocks.23.conv1,0.016215836629271507
136,blocks.23.conv2,0.013053801842033863
136,blocks.23.gate_conv,0.0009513678960502148
136,blocks.24.conv1,0.017950337380170822
136,blocks.24.conv2,0.014684363268315792
136,blocks.24.gate_conv,0.0017634638352319598
136,blocks.25.conv1,0.016538793221116066
136,blocks.25.conv2,0.012671326287090778
136,blocks.25.gate_conv,0.0017922985134646297
136,blocks.26.conv1,0.014473140239715576
136,blocks.26.conv2,0.01202205941081047
136,blocks.26.gate_conv,0.0007076167967170477
136,blocks.27.conv1,0.01752011477947235
136,blocks.27.conv2,0.013319920748472214
136,blocks.27.gate_conv,0.001171508920378983
136,blocks.28.conv1,0.019006909802556038
136,blocks.28.conv2,0.014265351928770542
136,blocks.28.gate_conv,0.0014652555109933019
136,blocks.29.conv1,0.02334478870034218
136,blocks.29.conv2,0.016892405226826668
136,blocks.29.gate_conv,0.0027504856698215008
136,blocks.30.conv1,0.01972244121134281
136,blocks.30.conv2,0.014711851254105568
136,blocks.30.gate_conv,0.0015643209917470813
136,blocks.31.conv1,0.013384150341153145
136,blocks.31.conv2,0.012658867985010147
136,blocks.31.gate_conv,0.0008552827057428658
136,mean_conv2d_grad_norm,0.014214637680891325
137,stem.0,0.010927923023700714
137,blocks.0.conv1,0.011842740699648857
137,blocks.0.conv2,0.012873915024101734
137,blocks.0.gate_conv,0.0005620700540021062
137,blocks.1.conv1,0.013850627467036247
137,blocks.1.conv2,0.015448478981852531
137,blocks.1.gate_conv,0.00046117979218252003
137,blocks.2.conv1,0.014536360278725624
137,blocks.2.conv2,0.013980305753648281
137,blocks.2.gate_conv,0.0008851690217852592
137,blocks.3.conv1,0.014211739413440228
137,blocks.3.conv2,0.013444675132632256
137,blocks.3.gate_conv,0.0008009877637960017
137,blocks.4.conv1,0.012986558489501476
137,blocks.4.conv2,0.01159664336591959
137,blocks.4.gate_conv,0.0006914862315170467
137,blocks.5.conv1,0.01207391731441021
137,blocks.5.conv2,0.010987360961735249
137,blocks.5.gate_conv,0.0009141255868598819
137,blocks.6.conv1,0.010214493609964848
137,blocks.6.conv2,0.009946237318217754
137,blocks.6.gate_conv,0.0009707817225717008
137,blocks.7.conv1,0.010815596207976341
137,blocks.7.conv2,0.009293456561863422
137,blocks.7.gate_conv,0.000914749049115926
137,blocks.8.conv1,0.010019474662840366
137,blocks.8.conv2,0.009047524072229862
137,blocks.8.gate_conv,0.0005555658135563135
137,blocks.9.conv1,0.009294908493757248
137,blocks.9.conv2,0.008485899306833744
137,blocks.9.gate_conv,0.0005696614971384406
137,blocks.10.conv1,0.008873622864484787
137,blocks.10.conv2,0.007977738045156002
137,blocks.10.gate_conv,0.0005672745173797011
137,blocks.11.conv1,0.007864068262279034
137,blocks.11.conv2,0.007069535553455353
137,blocks.11.gate_conv,0.0006260852096602321
137,blocks.12.conv1,0.007995449006557465
137,blocks.12.conv2,0.008366866037249565
137,blocks.12.gate_conv,0.0007191579206846654
137,blocks.13.conv1,0.007658378221094608
137,blocks.13.conv2,0.00657295947894454
137,blocks.13.gate_conv,0.00034861412132158875
137,blocks.14.conv1,0.007263487204909325
137,blocks.14.conv2,0.005737728904932737
137,blocks.14.gate_conv,0.0003306501603219658
137,blocks.15.conv1,0.007402255665510893
137,blocks.15.conv2,0.006392613053321838
137,blocks.15.gate_conv,0.0004475951718632132
137,blocks.16.conv1,0.007713228929787874
137,blocks.16.conv2,0.006595299579203129
137,blocks.16.gate_conv,0.0005642609903588891
137,blocks.17.conv1,0.006731410976499319
137,blocks.17.conv2,0.006000334396958351
137,blocks.17.gate_conv,0.0004043405642732978
137,blocks.18.conv1,0.007302424404770136
137,blocks.18.conv2,0.005750239826738834
137,blocks.18.gate_conv,0.00036883060238324106
137,blocks.19.conv1,0.00747528113424778
137,blocks.19.conv2,0.005778980441391468
137,blocks.19.gate_conv,0.00026295959833078086
137,blocks.20.conv1,0.007646541576832533
137,blocks.20.conv2,0.006204970180988312
137,blocks.20.gate_conv,0.0004226810997352004
137,blocks.21.conv1,0.008094443008303642
137,blocks.21.conv2,0.00756194768473506
137,blocks.21.gate_conv,0.0004432034329511225
137,blocks.22.conv1,0.008187925443053246
137,blocks.22.conv2,0.005954336374998093
137,blocks.22.gate_conv,0.0005424172268249094
137,blocks.23.conv1,0.007422224152833223
137,blocks.23.conv2,0.005500722210854292
137,blocks.23.gate_conv,0.0003252031747251749
137,blocks.24.conv1,0.0072461385279893875
137,blocks.24.conv2,0.006241156253963709
137,blocks.24.gate_conv,0.0004581465036608279
137,blocks.25.conv1,0.006742515135556459
137,blocks.25.conv2,0.005280695855617523
137,blocks.25.gate_conv,0.0005885486025363207
137,blocks.26.conv1,0.007555436808615923
137,blocks.26.conv2,0.006125920917838812
137,blocks.26.gate_conv,0.0006465385085903108
137,blocks.27.conv1,0.007577065844088793
137,blocks.27.conv2,0.005736288148909807
137,blocks.27.gate_conv,0.000440204021288082
137,blocks.28.conv1,0.00900495145469904
137,blocks.28.conv2,0.007067319471389055
137,blocks.28.gate_conv,0.0006879295106045902
137,blocks.29.conv1,0.01059706974774599
137,blocks.29.conv2,0.007977857254445553
137,blocks.29.gate_conv,0.0010123848915100098
137,blocks.30.conv1,0.010140083730220795
137,blocks.30.conv2,0.007436688523739576
137,blocks.30.gate_conv,0.0007365309284068644
137,blocks.31.conv1,0.007577897980809212
137,blocks.31.conv2,0.0065538170747458935
137,blocks.31.gate_conv,0.000286289636278525
137,mean_conv2d_grad_norm,0.006004024478522869
138,stem.0,0.0227510929107666
138,blocks.0.conv1,0.015918627381324768
138,blocks.0.conv2,0.018043292686343193
138,blocks.0.gate_conv,0.0006863892776891589
138,blocks.1.conv1,0.019151026383042336
138,blocks.1.conv2,0.019960280507802963
138,blocks.1.gate_conv,0.0006595439626835287
138,blocks.2.conv1,0.018435822799801826
138,blocks.2.conv2,0.019136814400553703
138,blocks.2.gate_conv,0.0009982860647141933
138,blocks.3.conv1,0.019111402332782745
138,blocks.3.conv2,0.018523795530200005
138,blocks.3.gate_conv,0.0008904901333153248
138,blocks.4.conv1,0.01958627626299858
138,blocks.4.conv2,0.01720479130744934
138,blocks.4.gate_conv,0.0008670187671668828
138,blocks.5.conv1,0.018076669424772263
138,blocks.5.conv2,0.01623913273215294
138,blocks.5.gate_conv,0.0010137595236301422
138,blocks.6.conv1,0.018486689776182175
138,blocks.6.conv2,0.014697188511490822
138,blocks.6.gate_conv,0.0010938290506601334
138,blocks.7.conv1,0.015148412436246872
138,blocks.7.conv2,0.014247331768274307
138,blocks.7.gate_conv,0.001376569620333612
138,blocks.8.conv1,0.016098344698548317
138,blocks.8.conv2,0.013418740592896938
138,blocks.8.gate_conv,0.0009919130243360996
138,blocks.9.conv1,0.01457267813384533
138,blocks.9.conv2,0.01196558028459549
138,blocks.9.gate_conv,0.0007010893896222115
138,blocks.10.conv1,0.013343197293579578
138,blocks.10.conv2,0.010720495134592056
138,blocks.10.gate_conv,0.0007214403012767434
138,blocks.11.conv1,0.01198938675224781
138,blocks.11.conv2,0.011003207415342331
138,blocks.11.gate_conv,0.0008770371787250042
138,blocks.12.conv1,0.01234558504074812
138,blocks.12.conv2,0.010097185149788857
138,blocks.12.gate_conv,0.0007807713700458407
138,blocks.13.conv1,0.010802819393575191
138,blocks.13.conv2,0.009051287546753883
138,blocks.13.gate_conv,0.000644565443508327
138,blocks.14.conv1,0.010564949363470078
138,blocks.14.conv2,0.010064886882901192
138,blocks.14.gate_conv,0.0005384042742662132
138,blocks.15.conv1,0.010800324380397797
138,blocks.15.conv2,0.00978229008615017
138,blocks.15.gate_conv,0.0008893712074495852
138,blocks.16.conv1,0.010286075994372368
138,blocks.16.conv2,0.00891132839024067
138,blocks.16.gate_conv,0.000599718710873276
138,blocks.17.conv1,0.01056548673659563
138,blocks.17.conv2,0.008593514561653137
138,blocks.17.gate_conv,0.00045159945148043334
138,blocks.18.conv1,0.010217839851975441
138,blocks.18.conv2,0.00896064005792141
138,blocks.18.gate_conv,0.0005913026398047805
138,blocks.19.conv1,0.010590807534754276
138,blocks.19.conv2,0.009091594256460667
138,blocks.19.gate_conv,0.0005899173556827009
138,blocks.20.conv1,0.010003414936363697
138,blocks.20.conv2,0.008305885829031467
138,blocks.20.gate_conv,0.0006064475164748728
138,blocks.21.conv1,0.01030952762812376
138,blocks.21.conv2,0.008751888759434223
138,blocks.21.gate_conv,0.0009459537104703486
138,blocks.22.conv1,0.010129919275641441
138,blocks.22.conv2,0.008783012628555298
138,blocks.22.gate_conv,0.0007712044753134251
138,blocks.23.conv1,0.010965586639940739
138,blocks.23.conv2,0.007560668047517538
138,blocks.23.gate_conv,0.0005173442186787724
138,blocks.24.conv1,0.010387907736003399
138,blocks.24.conv2,0.008790705353021622
138,blocks.24.gate_conv,0.0007381576579064131
138,blocks.25.conv1,0.010670273564755917
138,blocks.25.conv2,0.008376630954444408
138,blocks.25.gate_conv,0.0010573348263278604
138,blocks.26.conv1,0.009812728501856327
138,blocks.26.conv2,0.008134834468364716
138,blocks.26.gate_conv,0.0005169932264834642
138,blocks.27.conv1,0.009930206462740898
138,blocks.27.conv2,0.008904093876481056
138,blocks.27.gate_conv,0.0007459719781763852
138,blocks.28.conv1,0.013036496005952358
138,blocks.28.conv2,0.010915090329945087
138,blocks.28.gate_conv,0.0009976244764402509
138,blocks.29.conv1,0.015107836574316025
138,blocks.29.conv2,0.011695959605276585
138,blocks.29.gate_conv,0.0013589515583589673
138,blocks.30.conv1,0.013147257268428802
138,blocks.30.conv2,0.01001393236219883
138,blocks.30.gate_conv,0.0008391989395022392
138,blocks.31.conv1,0.009446404874324799
138,blocks.31.conv2,0.007862459868192673
138,blocks.31.gate_conv,0.0005033805500715971
138,mean_conv2d_grad_norm,0.008609909217711058
139,stem.0,0.007799144834280014
139,blocks.0.conv1,0.009152337908744812
139,blocks.0.conv2,0.010682830587029457
139,blocks.0.gate_conv,0.00040566263487562537
139,blocks.1.conv1,0.010917303152382374
139,blocks.1.conv2,0.011903402395546436
139,blocks.1.gate_conv,0.00040056667057797313
139,blocks.2.conv1,0.01111994031816721
139,blocks.2.conv2,0.0113572021946311
139,blocks.2.gate_conv,0.0007349372608587146
139,blocks.3.conv1,0.011095619760453701
139,blocks.3.conv2,0.009296579286456108
139,blocks.3.gate_conv,0.0005071131745353341
139,blocks.4.conv1,0.010764642618596554
139,blocks.4.conv2,0.009094317443668842
139,blocks.4.gate_conv,0.0007307226187549531
139,blocks.5.conv1,0.010068496689200401
139,blocks.5.conv2,0.008607137948274612
139,blocks.5.gate_conv,0.0007942379452288151
139,blocks.6.conv1,0.009218939580023289
139,blocks.6.conv2,0.0077816275879740715
139,blocks.6.gate_conv,0.000738808885216713
139,blocks.7.conv1,0.008225269615650177
139,blocks.7.conv2,0.007014786824584007
139,blocks.7.gate_conv,0.0006443379679694772
139,blocks.8.conv1,0.007857993245124817
139,blocks.8.conv2,0.006665115710347891
139,blocks.8.gate_conv,0.00041171658085659146
139,blocks.9.conv1,0.006718517746776342
139,blocks.9.conv2,0.006296255625784397
139,blocks.9.gate_conv,0.00041291117668151855
139,blocks.10.conv1,0.00626656087115407
139,blocks.10.conv2,0.005451059900224209
139,blocks.10.gate_conv,0.0003373656945768744
139,blocks.11.conv1,0.006295124068856239
139,blocks.11.conv2,0.005620115902274847
139,blocks.11.gate_conv,0.0004900263156741858
139,blocks.12.conv1,0.006074851378798485
139,blocks.12.conv2,0.005316560622304678
139,blocks.12.gate_conv,0.00041316915303468704
139,blocks.13.conv1,0.0058876327238976955
139,blocks.13.conv2,0.004790195729583502
139,blocks.13.gate_conv,0.00034635287011042237
139,blocks.14.conv1,0.005713566672056913
139,blocks.14.conv2,0.00458373362198472
139,blocks.14.gate_conv,0.0002564161841291934
139,blocks.15.conv1,0.005672619212418795
139,blocks.15.conv2,0.004615146201103926
139,blocks.15.gate_conv,0.00027476897230371833
139,blocks.16.conv1,0.005902235861867666
139,blocks.16.conv2,0.004834855906665325
139,blocks.16.gate_conv,0.000365018640877679
139,blocks.17.conv1,0.005240829661488533
139,blocks.17.conv2,0.004341085907071829
139,blocks.17.gate_conv,0.00037992539000697434
139,blocks.18.conv1,0.005637341644614935
139,blocks.18.conv2,0.004782996606081724
139,blocks.18.gate_conv,0.00024756681523285806
139,blocks.19.conv1,0.005504227709025145
139,blocks.19.conv2,0.004481748212128878
139,blocks.19.gate_conv,0.0003634699387475848
139,blocks.20.conv1,0.0050727613270282745
139,blocks.20.conv2,0.004191812127828598
139,blocks.20.gate_conv,0.00029445765540003777
139,blocks.21.conv1,0.005283578298985958
139,blocks.21.conv2,0.004560051951557398
139,blocks.21.gate_conv,0.0003131145494990051
139,blocks.22.conv1,0.0057434989139437675
139,blocks.22.conv2,0.00498726312071085
139,blocks.22.gate_conv,0.00034956232411786914
139,blocks.23.conv1,0.0069083101116120815
139,blocks.23.conv2,0.004958426579833031
139,blocks.23.gate_conv,0.000405620492529124
139,blocks.24.conv1,0.006480300333350897
139,blocks.24.conv2,0.004802258685231209
139,blocks.24.gate_conv,0.0003996142477262765
139,blocks.25.conv1,0.0060837846249341965
139,blocks.25.conv2,0.0047585382126271725
139,blocks.25.gate_conv,0.0004726422776002437
139,blocks.26.conv1,0.005248541943728924
139,blocks.26.conv2,0.004316006321460009
139,blocks.26.gate_conv,0.00022983859525993466
139,blocks.27.conv1,0.006716533564031124
139,blocks.27.conv2,0.004622114356607199
139,blocks.27.gate_conv,0.0005682233604602516
139,blocks.28.conv1,0.007837584242224693
139,blocks.28.conv2,0.006310639437288046
139,blocks.28.gate_conv,0.0007230148185044527
139,blocks.29.conv1,0.008312477730214596
139,blocks.29.conv2,0.005527539178729057
139,blocks.29.gate_conv,0.0007496916805393994
139,blocks.30.conv1,0.007086338475346565
139,blocks.30.conv2,0.005182965192943811
139,blocks.30.gate_conv,0.0005629826919175684
139,blocks.31.conv1,0.005273027811199427
139,blocks.31.conv2,0.00396398501470685
139,blocks.31.gate_conv,0.00029105160501785576
139,mean_conv2d_grad_norm,0.004613331919920045
140,stem.0,0.010035750456154346
140,blocks.0.conv1,0.008985240012407303
140,blocks.0.conv2,0.010612218640744686
140,blocks.0.gate_conv,0.0004917040350846946
140,blocks.1.conv1,0.011160931549966335
140,blocks.1.conv2,0.012299827300012112
140,blocks.1.gate_conv,0.00034913222771137953
140,blocks.2.conv1,0.010208792053163052
140,blocks.2.conv2,0.010508490726351738
140,blocks.2.gate_conv,0.0005334836314432323
140,blocks.3.conv1,0.010414772666990757
140,blocks.3.conv2,0.00971234031021595
140,blocks.3.gate_conv,0.0003991221310570836
140,blocks.4.conv1,0.009513628669083118
140,blocks.4.conv2,0.008601431734859943
140,blocks.4.gate_conv,0.00044321658788248897
140,blocks.5.conv1,0.009549165144562721
140,blocks.5.conv2,0.008653932251036167
140,blocks.5.gate_conv,0.0005799323553219438
140,blocks.6.conv1,0.00886289682239294
140,blocks.6.conv2,0.007883576676249504
140,blocks.6.gate_conv,0.0005980878486298025
140,blocks.7.conv1,0.008616672828793526
140,blocks.7.conv2,0.007345149293541908
140,blocks.7.gate_conv,0.0006805144948884845
140,blocks.8.conv1,0.008169391192495823
140,blocks.8.conv2,0.00689953938126564
140,blocks.8.gate_conv,0.00040723558049649
140,blocks.9.conv1,0.007430064957588911
140,blocks.9.conv2,0.006467697210609913
140,blocks.9.gate_conv,0.000456364534329623
140,blocks.10.conv1,0.007356386631727219
140,blocks.10.conv2,0.006688892841339111
140,blocks.10.gate_conv,0.0005408271681517363
140,blocks.11.conv1,0.0063161966390907764
140,blocks.11.conv2,0.006135828327387571
140,blocks.11.gate_conv,0.0005933999200351536
140,blocks.12.conv1,0.00627651484683156
140,blocks.12.conv2,0.0054025836288928986
140,blocks.12.gate_conv,0.0003557965683285147
140,blocks.13.conv1,0.00582836614921689
140,blocks.13.conv2,0.005345646291971207
140,blocks.13.gate_conv,0.00048203629557974637
140,blocks.14.conv1,0.0059527438133955
140,blocks.14.conv2,0.005036951508373022
140,blocks.14.gate_conv,0.00033438546233810484
140,blocks.15.conv1,0.005914290901273489
140,blocks.15.conv2,0.004854028113186359
140,blocks.15.gate_conv,0.00034704103018157184
140,blocks.16.conv1,0.005518245976418257
140,blocks.16.conv2,0.005063832271844149
140,blocks.16.gate_conv,0.0002860945533029735
140,blocks.17.conv1,0.005808532238006592
140,blocks.17.conv2,0.004620161838829517
140,blocks.17.gate_conv,0.0002099209523294121
140,blocks.18.conv1,0.006071270909160376
140,blocks.18.conv2,0.005240625701844692
140,blocks.18.gate_conv,0.00042079875129275024
140,blocks.19.conv1,0.005595685448497534
140,blocks.19.conv2,0.004917563870549202
140,blocks.19.gate_conv,0.0003167763352394104
140,blocks.20.conv1,0.005594449583441019
140,blocks.20.conv2,0.004440482705831528
140,blocks.20.gate_conv,0.00028429258964024484
140,blocks.21.conv1,0.0057101501151919365
140,blocks.21.conv2,0.00468062050640583
140,blocks.21.gate_conv,0.00032178114634007215
140,blocks.22.conv1,0.005887419451028109
140,blocks.22.conv2,0.004759186878800392
140,blocks.22.gate_conv,0.0004944155807606876
140,blocks.23.conv1,0.005777338985353708
140,blocks.23.conv2,0.004437079653143883
140,blocks.23.gate_conv,0.0002660681784618646
140,blocks.24.conv1,0.0065462589263916016
140,blocks.24.conv2,0.00523500656709075
140,blocks.24.gate_conv,0.0005737192695960402
140,blocks.25.conv1,0.005914545152336359
140,blocks.25.conv2,0.0045337975025177
140,blocks.25.gate_conv,0.0006838771514594555
140,blocks.26.conv1,0.0054487986490130424
140,blocks.26.conv2,0.00438693119212985
140,blocks.26.gate_conv,0.0002676485455594957
140,blocks.27.conv1,0.005479295272380114
140,blocks.27.conv2,0.004559825640171766
140,blocks.27.gate_conv,0.0003880526346620172
140,blocks.28.conv1,0.006256324239075184
140,blocks.28.conv2,0.005164043512195349
140,blocks.28.gate_conv,0.0006132856360636652
140,blocks.29.conv1,0.007551850285381079
140,blocks.29.conv2,0.006020804401487112
140,blocks.29.gate_conv,0.0008826223202049732
140,blocks.30.conv1,0.007618068251758814
140,blocks.30.conv2,0.0055373553186655045
140,blocks.30.gate_conv,0.0006455000257119536
140,blocks.31.conv1,0.00522356852889061
140,blocks.31.conv2,0.004694247618317604
140,blocks.31.gate_conv,0.00038193975342437625
140,mean_conv2d_grad_norm,0.004659405979987944
141,stem.0,0.008376035839319229
141,blocks.0.conv1,0.008715455420315266
141,blocks.0.conv2,0.00946731586009264
141,blocks.0.gate_conv,0.0005551418871618807
141,blocks.1.conv1,0.009340065531432629
141,blocks.1.conv2,0.009827541187405586
141,blocks.1.gate_conv,0.0002755929599516094
141,blocks.2.conv1,0.009080466814339161
141,blocks.2.conv2,0.008642114698886871
141,blocks.2.gate_conv,0.00048792106099426746
141,blocks.3.conv1,0.008939340710639954
141,blocks.3.conv2,0.00816258229315281
141,blocks.3.gate_conv,0.0004098832723684609
141,blocks.4.conv1,0.008507464081048965
141,blocks.4.conv2,0.007598627358675003
141,blocks.4.gate_conv,0.0004883321234956384
141,blocks.5.conv1,0.008261788636446
141,blocks.5.conv2,0.007670324761420488
141,blocks.5.gate_conv,0.0006500398158095777
141,blocks.6.conv1,0.0072018904611468315
141,blocks.6.conv2,0.0065469685941934586
141,blocks.6.gate_conv,0.0006151832640171051
141,blocks.7.conv1,0.006984491366893053
141,blocks.7.conv2,0.006168955005705357
141,blocks.7.gate_conv,0.0005233284900896251
141,blocks.8.conv1,0.006907186005264521
141,blocks.8.conv2,0.006342456676065922
141,blocks.8.gate_conv,0.0003168447583448142
141,blocks.9.conv1,0.006664291024208069
141,blocks.9.conv2,0.006017248146235943
141,blocks.9.gate_conv,0.00037255522329360247
141,blocks.10.conv1,0.006381119601428509
141,blocks.10.conv2,0.005619111005216837
141,blocks.10.gate_conv,0.000380048033548519
141,blocks.11.conv1,0.00576010113582015
141,blocks.11.conv2,0.004734980408102274
141,blocks.11.gate_conv,0.00032476033084094524
141,blocks.12.conv1,0.005389396101236343
141,blocks.12.conv2,0.004802502691745758
141,blocks.12.gate_conv,0.0003273863112553954
141,blocks.13.conv1,0.005019955337047577
141,blocks.13.conv2,0.004098378587514162
141,blocks.13.gate_conv,0.0003505230415612459
141,blocks.14.conv1,0.0051024598069489
141,blocks.14.conv2,0.004334613680839539
141,blocks.14.gate_conv,0.0002482784620951861
141,blocks.15.conv1,0.004774945322424173
141,blocks.15.conv2,0.0038786118384450674
141,blocks.15.gate_conv,0.00025951809948310256
141,blocks.16.conv1,0.004871977958828211
141,blocks.16.conv2,0.004249000456184149
141,blocks.16.gate_conv,0.00035765438224188983
141,blocks.17.conv1,0.004566870164126158
141,blocks.17.conv2,0.004135002847760916
141,blocks.17.gate_conv,0.00019373551185708493
141,blocks.18.conv1,0.004978518933057785
141,blocks.18.conv2,0.004074125085026026
141,blocks.18.gate_conv,0.0003759124665521085
141,blocks.19.conv1,0.0043134624138474464
141,blocks.19.conv2,0.003693711245432496
141,blocks.19.gate_conv,0.00019437151786405593
141,blocks.20.conv1,0.0046239737421274185
141,blocks.20.conv2,0.003673398168757558
141,blocks.20.gate_conv,0.0003048311918973923
141,blocks.21.conv1,0.004790825769305229
141,blocks.21.conv2,0.003926451317965984
141,blocks.21.gate_conv,0.0003474501136224717
141,blocks.22.conv1,0.004420282784849405
141,blocks.22.conv2,0.003844295861199498
141,blocks.22.gate_conv,0.00023880874505266547
141,blocks.23.conv1,0.004506990313529968
141,blocks.23.conv2,0.0036566206254065037
141,blocks.23.gate_conv,0.00024747487623244524
141,blocks.24.conv1,0.004790786188095808
141,blocks.24.conv2,0.004244470037519932
141,blocks.24.gate_conv,0.0004265914030838758
141,blocks.25.conv1,0.005062066484242678
141,blocks.25.conv2,0.004368957132101059
141,blocks.25.gate_conv,0.0006974985008127987
141,blocks.26.conv1,0.004672734532505274
141,blocks.26.conv2,0.004017220810055733
141,blocks.26.gate_conv,0.0002910092589445412
141,blocks.27.conv1,0.005278385244309902
141,blocks.27.conv2,0.0044861664064228535
141,blocks.27.gate_conv,0.00031027902150526643
141,blocks.28.conv1,0.005958420690149069
141,blocks.28.conv2,0.005296250805258751
141,blocks.28.gate_conv,0.0006209687562659383
141,blocks.29.conv1,0.007634268142282963
141,blocks.29.conv2,0.005373393651098013
141,blocks.29.gate_conv,0.0008306298404932022
141,blocks.30.conv1,0.006769850850105286
141,blocks.30.conv2,0.004689632914960384
141,blocks.30.gate_conv,0.0006700310623273253
141,blocks.31.conv1,0.004687696695327759
141,blocks.31.conv2,0.003977336920797825
141,blocks.31.gate_conv,0.00029159290716052055
141,mean_conv2d_grad_norm,0.003999341318273398
142,stem.0,0.004635563585907221
142,blocks.0.conv1,0.004913391545414925
142,blocks.0.conv2,0.005477640777826309
142,blocks.0.gate_conv,0.00016997454804368317
142,blocks.1.conv1,0.005560032092034817
142,blocks.1.conv2,0.005723007023334503
142,blocks.1.gate_conv,0.0001742653694236651
142,blocks.2.conv1,0.005241276230663061
142,blocks.2.conv2,0.005239578895270824
142,blocks.2.gate_conv,0.00028667334117926657
142,blocks.3.conv1,0.004991214256733656
142,blocks.3.conv2,0.005280571058392525
142,blocks.3.gate_conv,0.00036192478728480637
142,blocks.4.conv1,0.004604388494044542
142,blocks.4.conv2,0.004404926206916571
142,blocks.4.gate_conv,0.0002346179389860481
142,blocks.5.conv1,0.004598426166921854
142,blocks.5.conv2,0.004165749531239271
142,blocks.5.gate_conv,0.0003019506693817675
142,blocks.6.conv1,0.00426513934507966
142,blocks.6.conv2,0.003987977746874094
142,blocks.6.gate_conv,0.0003675128682516515
142,blocks.7.conv1,0.004557086620479822
142,blocks.7.conv2,0.003689981997013092
142,blocks.7.gate_conv,0.0003427315386943519
142,blocks.8.conv1,0.004267006181180477
142,blocks.8.conv2,0.003451359923928976
142,blocks.8.gate_conv,0.00018535648996476084
142,blocks.9.conv1,0.0038849676493555307
142,blocks.9.conv2,0.003205623012036085
142,blocks.9.gate_conv,0.00019421045726630837
142,blocks.10.conv1,0.0033195281866937876
142,blocks.10.conv2,0.002939295955002308
142,blocks.10.gate_conv,0.00017919049423653632
142,blocks.11.conv1,0.003319248789921403
142,blocks.11.conv2,0.0027941649314016104
142,blocks.11.gate_conv,0.00017840282816905528
142,blocks.12.conv1,0.0030311509035527706
142,blocks.12.conv2,0.0027685246895998716
142,blocks.12.gate_conv,0.0002136262774001807
142,blocks.13.conv1,0.0027403109706938267
142,blocks.13.conv2,0.0022325697354972363
142,blocks.13.gate_conv,0.00019196052744518965
142,blocks.14.conv1,0.0028641321696341038
142,blocks.14.conv2,0.0025483195204287767
142,blocks.14.gate_conv,0.00012837770918849856
142,blocks.15.conv1,0.003247312968596816
142,blocks.15.conv2,0.0025177786592394114
142,blocks.15.gate_conv,0.00026864686515182257
142,blocks.16.conv1,0.0028585107065737247
142,blocks.16.conv2,0.0025307112373411655
142,blocks.16.gate_conv,0.0002039100363617763
142,blocks.17.conv1,0.0028831197414547205
142,blocks.17.conv2,0.0024309533182531595
142,blocks.17.gate_conv,0.00028598392964340746
142,blocks.18.conv1,0.0026031627785414457
142,blocks.18.conv2,0.0023063847329467535
142,blocks.18.gate_conv,0.0003395180974621326
142,blocks.19.conv1,0.002687684027478099
142,blocks.19.conv2,0.0022694526705890894
142,blocks.19.gate_conv,0.00014350144192576408
142,blocks.20.conv1,0.002576582133769989
142,blocks.20.conv2,0.002171901287510991
142,blocks.20.gate_conv,0.00012087727373000234
142,blocks.21.conv1,0.0027307430282235146
142,blocks.21.conv2,0.002086705295369029
142,blocks.21.gate_conv,0.00016037495515774935
142,blocks.22.conv1,0.00282845227047801
142,blocks.22.conv2,0.0022548087872564793
142,blocks.22.gate_conv,0.00021274967002682388
142,blocks.23.conv1,0.002500672359019518
142,blocks.23.conv2,0.002142201876267791
142,blocks.23.gate_conv,0.00015021950821392238
142,blocks.24.conv1,0.002918398240581155
142,blocks.24.conv2,0.002272440120577812
142,blocks.24.gate_conv,0.000247927411692217
142,blocks.25.conv1,0.0026150390040129423
142,blocks.25.conv2,0.0019594936165958643
142,blocks.25.gate_conv,0.0002420036616967991
142,blocks.26.conv1,0.0026550597976893187
142,blocks.26.conv2,0.0019695793744176626
142,blocks.26.gate_conv,0.0002343965315958485
142,blocks.27.conv1,0.00268168980255723
142,blocks.27.conv2,0.002105669816955924
142,blocks.27.gate_conv,0.00018251892470289022
142,blocks.28.conv1,0.002850050339475274
142,blocks.28.conv2,0.00220476440154016
142,blocks.28.gate_conv,0.00023774904548190534
142,blocks.29.conv1,0.003384556621313095
142,blocks.29.conv2,0.002604850335046649
142,blocks.29.gate_conv,0.00044295890256762505
142,blocks.30.conv1,0.0034527124371379614
142,blocks.30.conv2,0.002488632220774889
142,blocks.30.gate_conv,0.00023715717543382198
142,blocks.31.conv1,0.0023893543984740973
142,blocks.31.conv2,0.001771230367012322
142,blocks.31.gate_conv,0.00012740399688482285
142,mean_conv2d_grad_norm,0.0022474380024617596
143,stem.0,0.0109291085973382
143,blocks.0.conv1,0.01196685153990984
143,blocks.0.conv2,0.012602790258824825
143,blocks.0.gate_conv,0.0006543362978845835
143,blocks.1.conv1,0.01246547419577837
143,blocks.1.conv2,0.01250407937914133
143,blocks.1.gate_conv,0.0004238637920934707
143,blocks.2.conv1,0.012558167800307274
143,blocks.2.conv2,0.0117063382640481
143,blocks.2.gate_conv,0.000963269267231226
143,blocks.3.conv1,0.011416285298764706
143,blocks.3.conv2,0.01054904144257307
143,blocks.3.gate_conv,0.0006449435604736209
143,blocks.4.conv1,0.010597018525004387
143,blocks.4.conv2,0.00960814580321312
143,blocks.4.gate_conv,0.0005378760397434235
143,blocks.5.conv1,0.010546144098043442
143,blocks.5.conv2,0.008715173229575157
143,blocks.5.gate_conv,0.001123794005252421
143,blocks.6.conv1,0.009470113553106785
143,blocks.6.conv2,0.009002462029457092
143,blocks.6.gate_conv,0.000947025022469461
143,blocks.7.conv1,0.00854369718581438
143,blocks.7.conv2,0.008363966830074787
143,blocks.7.gate_conv,0.0007304115570150316
143,blocks.8.conv1,0.008187218569219112
143,blocks.8.conv2,0.007190221454948187
143,blocks.8.gate_conv,0.0005886472063139081
143,blocks.9.conv1,0.00846621673554182
143,blocks.9.conv2,0.0073038432747125626
143,blocks.9.gate_conv,0.0006911142263561487
143,blocks.10.conv1,0.007739317137748003
143,blocks.10.conv2,0.00660632224753499
143,blocks.10.gate_conv,0.0004517135675996542
143,blocks.11.conv1,0.0076608844101428986
143,blocks.11.conv2,0.006435887422412634
143,blocks.11.gate_conv,0.00046866608317941427
143,blocks.12.conv1,0.006866731680929661
143,blocks.12.conv2,0.005787597503513098
143,blocks.12.gate_conv,0.0006317251245491207
143,blocks.13.conv1,0.006920305546373129
143,blocks.13.conv2,0.0052206143736839294
143,blocks.13.gate_conv,0.0003451590018812567
143,blocks.14.conv1,0.007555081974714994
143,blocks.14.conv2,0.005759655963629484
143,blocks.14.gate_conv,0.00043062010081484914
143,blocks.15.conv1,0.0057024578563869
143,blocks.15.conv2,0.005033879075199366
143,blocks.15.gate_conv,0.0003778988611884415
143,blocks.16.conv1,0.005941090639680624
143,blocks.16.conv2,0.005034194327890873
143,blocks.16.gate_conv,0.0005299784825183451
143,blocks.17.conv1,0.006037396844476461
143,blocks.17.conv2,0.0045858947560191154
143,blocks.17.gate_conv,0.0002710474072955549
143,blocks.18.conv1,0.0057520028203725815
143,blocks.18.conv2,0.004752476699650288
143,blocks.18.gate_conv,0.0006139218457974494
143,blocks.19.conv1,0.005773802753537893
143,blocks.19.conv2,0.004614401608705521
143,blocks.19.gate_conv,0.0003129508695565164
143,blocks.20.conv1,0.0057845283299684525
143,blocks.20.conv2,0.004934941418468952
143,blocks.20.gate_conv,0.000301545049296692
143,blocks.21.conv1,0.005936401430517435
143,blocks.21.conv2,0.004544744733721018
143,blocks.21.gate_conv,0.00070521782618016
143,blocks.22.conv1,0.00678216852247715
143,blocks.22.conv2,0.005111887119710445
143,blocks.22.gate_conv,0.00042559136636555195
143,blocks.23.conv1,0.005515358876436949
143,blocks.23.conv2,0.004237164743244648
143,blocks.23.gate_conv,0.00028418004512786865
143,blocks.24.conv1,0.0062049743719398975
143,blocks.24.conv2,0.004324005451053381
143,blocks.24.gate_conv,0.00035587744787335396
143,blocks.25.conv1,0.005647721234709024
143,blocks.25.conv2,0.004276577848941088
143,blocks.25.gate_conv,0.0004916345933452249
143,blocks.26.conv1,0.004819460678845644
143,blocks.26.conv2,0.0036940136924386024
143,blocks.26.gate_conv,0.00022637347865384072
143,blocks.27.conv1,0.006296906620264053
143,blocks.27.conv2,0.0049454993568360806
143,blocks.27.gate_conv,0.0004851741832681
143,blocks.28.conv1,0.006615763995796442
143,blocks.28.conv2,0.005059176590293646
143,blocks.28.gate_conv,0.0005376163171604276
143,blocks.29.conv1,0.006636916194111109
143,blocks.29.conv2,0.00521466601639986
143,blocks.29.gate_conv,0.0007803931948728859
143,blocks.30.conv1,0.00650040851905942
143,blocks.30.conv2,0.0047835130244493484
143,blocks.30.gate_conv,0.0005431449972093105
143,blocks.31.conv1,0.004398306366056204
143,blocks.31.conv2,0.0037981851492077112
143,blocks.31.gate_conv,0.00024599453900009394
143,mean_conv2d_grad_norm,0.004903684013922814
144,stem.0,0.069058358669281
144,blocks.0.conv1,0.06335844844579697
144,blocks.0.conv2,0.07694919407367706
144,blocks.0.gate_conv,0.0027843513526022434
144,blocks.1.conv1,0.08066108077764511
144,blocks.1.conv2,0.08547629415988922
144,blocks.1.gate_conv,0.002639753045514226
144,blocks.2.conv1,0.07532638311386108
144,blocks.2.conv2,0.07294445484876633
144,blocks.2.gate_conv,0.0032757073640823364
144,blocks.3.conv1,0.07154906541109085
144,blocks.3.conv2,0.06676404178142548
144,blocks.3.gate_conv,0.002820028690621257
144,blocks.4.conv1,0.0678543895483017
144,blocks.4.conv2,0.059256087988615036
144,blocks.4.gate_conv,0.003143394598737359
144,blocks.5.conv1,0.06414903700351715
144,blocks.5.conv2,0.05939435586333275
144,blocks.5.gate_conv,0.0037865922786295414
144,blocks.6.conv1,0.05352858453989029
144,blocks.6.conv2,0.048712484538555145
144,blocks.6.gate_conv,0.003769809380173683
144,blocks.7.conv1,0.05934814363718033
144,blocks.7.conv2,0.04975395277142525
144,blocks.7.gate_conv,0.004059812519699335
144,blocks.8.conv1,0.05360150709748268
144,blocks.8.conv2,0.048266589641571045
144,blocks.8.gate_conv,0.0025794284883886576
144,blocks.9.conv1,0.04853691905736923
144,blocks.9.conv2,0.04282320663332939
144,blocks.9.gate_conv,0.002553855534642935
144,blocks.10.conv1,0.048942845314741135
144,blocks.10.conv2,0.03917817398905754
144,blocks.10.gate_conv,0.0023927718866616488
144,blocks.11.conv1,0.045440416783094406
144,blocks.11.conv2,0.04031579568982124
144,blocks.11.gate_conv,0.002846494084224105
144,blocks.12.conv1,0.04400765895843506
144,blocks.12.conv2,0.035228144377470016
144,blocks.12.gate_conv,0.0019647260196506977
144,blocks.13.conv1,0.04079405963420868
144,blocks.13.conv2,0.03209008276462555
144,blocks.13.gate_conv,0.0018668295815587044
144,blocks.14.conv1,0.03950057551264763
144,blocks.14.conv2,0.03402452915906906
144,blocks.14.gate_conv,0.002127587329596281
144,blocks.15.conv1,0.03976255655288696
144,blocks.15.conv2,0.032663799822330475
144,blocks.15.gate_conv,0.002061303239315748
144,blocks.16.conv1,0.037836816161870956
144,blocks.16.conv2,0.03328439220786095
144,blocks.16.gate_conv,0.0033477800898253918
144,blocks.17.conv1,0.03628857433795929
144,blocks.17.conv2,0.030402030795812607
144,blocks.17.gate_conv,0.001606857287697494
144,blocks.18.conv1,0.04288225620985031
144,blocks.18.conv2,0.03622712939977646
144,blocks.18.gate_conv,0.0016802005702629685
144,blocks.19.conv1,0.03965626284480095
144,blocks.19.conv2,0.030376654118299484
144,blocks.19.gate_conv,0.0017369521083310246
144,blocks.20.conv1,0.04486214742064476
144,blocks.20.conv2,0.03242604061961174
144,blocks.20.gate_conv,0.0020810826681554317
144,blocks.21.conv1,0.03678728640079498
144,blocks.21.conv2,0.029917346313595772
144,blocks.21.gate_conv,0.0015223158989101648
144,blocks.22.conv1,0.04010496661067009
144,blocks.22.conv2,0.03049054555594921
144,blocks.22.gate_conv,0.002120250603184104
144,blocks.23.conv1,0.036615390330553055
144,blocks.23.conv2,0.029725125059485435
144,blocks.23.gate_conv,0.0013930596178397536
144,blocks.24.conv1,0.049615368247032166
144,blocks.24.conv2,0.03553106635808945
144,blocks.24.gate_conv,0.005190166644752026
144,blocks.25.conv1,0.04300308972597122
144,blocks.25.conv2,0.029630698263645172
144,blocks.25.gate_conv,0.005434507038444281
144,blocks.26.conv1,0.03595135360956192
144,blocks.26.conv2,0.02870633453130722
144,blocks.26.gate_conv,0.002549718366935849
144,blocks.27.conv1,0.03851912170648575
144,blocks.27.conv2,0.030512845143675804
144,blocks.27.gate_conv,0.0026321576442569494
144,blocks.28.conv1,0.042590539902448654
144,blocks.28.conv2,0.031199969351291656
144,blocks.28.gate_conv,0.003491416107863188
144,blocks.29.conv1,0.04842019081115723
144,blocks.29.conv2,0.03320641815662384
144,blocks.29.gate_conv,0.00712249893695116
144,blocks.30.conv1,0.044506557285785675
144,blocks.30.conv2,0.03548874706029892
144,blocks.30.gate_conv,0.002894194098189473
144,blocks.31.conv1,0.03337687626481056
144,blocks.31.conv2,0.029905829578638077
144,blocks.31.gate_conv,0.002377335447818041
144,mean_conv2d_grad_norm,0.0313315683202914
145,stem.0,0.002317623933777213
145,blocks.0.conv1,0.002361649414524436
145,blocks.0.conv2,0.003021131968125701
145,blocks.0.gate_conv,0.0001414086000295356
145,blocks.1.conv1,0.0029071196913719177
145,blocks.1.conv2,0.0031537271570414305
145,blocks.1.gate_conv,8.326650277012959e-05
145,blocks.2.conv1,0.0026692752726376057
145,blocks.2.conv2,0.002871530828997493
145,blocks.2.gate_conv,0.00014310344704426825
145,blocks.3.conv1,0.0026792564895004034
145,blocks.3.conv2,0.0026650349609553814
145,blocks.3.gate_conv,0.00012792863708455116
145,blocks.4.conv1,0.002588388742879033
145,blocks.4.conv2,0.0023444744292646646
145,blocks.4.gate_conv,0.00017156823014374822
145,blocks.5.conv1,0.0025291068013757467
145,blocks.5.conv2,0.0023397691547870636
145,blocks.5.gate_conv,0.0001664466253714636
145,blocks.6.conv1,0.002507912227883935
145,blocks.6.conv2,0.002319594845175743
145,blocks.6.gate_conv,0.00017781670612748712
145,blocks.7.conv1,0.0023017891217023134
145,blocks.7.conv2,0.0019809105433523655
145,blocks.7.gate_conv,0.00015101284952834249
145,blocks.8.conv1,0.0023336114827543497
145,blocks.8.conv2,0.002046892885118723
145,blocks.8.gate_conv,0.0001943042443599552
145,blocks.9.conv1,0.0022710736375302076
145,blocks.9.conv2,0.0018474818207323551
145,blocks.9.gate_conv,0.00010548201680649072
145,blocks.10.conv1,0.0020469550509005785
145,blocks.10.conv2,0.0018537681316956878
145,blocks.10.gate_conv,0.00012178662291262299
145,blocks.11.conv1,0.0018728184513747692
145,blocks.11.conv2,0.0016917056636884809
145,blocks.11.gate_conv,0.00013438098540063947
145,blocks.12.conv1,0.0018029994098469615
145,blocks.12.conv2,0.001575800240971148
145,blocks.12.gate_conv,8.679838356329128e-05
145,blocks.13.conv1,0.0017000806983560324
145,blocks.13.conv2,0.001524991705082357
145,blocks.13.gate_conv,0.00010069977724924684
145,blocks.14.conv1,0.001813213457353413
145,blocks.14.conv2,0.0017061182297766209
145,blocks.14.gate_conv,6.814097287133336e-05
145,blocks.15.conv1,0.0017005645204335451
145,blocks.15.conv2,0.0014695551944896579
145,blocks.15.gate_conv,0.0001319119764957577
145,blocks.16.conv1,0.0016662244452163577
145,blocks.16.conv2,0.0016368499491363764
145,blocks.16.gate_conv,0.00012581686314661056
145,blocks.17.conv1,0.0017732364358380437
145,blocks.17.conv2,0.0014779180055484176
145,blocks.17.gate_conv,0.00010029975237557665
145,blocks.18.conv1,0.0015972787514328957
145,blocks.18.conv2,0.0014248896623030305
145,blocks.18.gate_conv,8.636787242721766e-05
145,blocks.19.conv1,0.0016887499950826168
145,blocks.19.conv2,0.0013809214578941464
145,blocks.19.gate_conv,0.0002199128648499027
145,blocks.20.conv1,0.0016018904279917479
145,blocks.20.conv2,0.0012904272880405188
145,blocks.20.gate_conv,8.382439409615472e-05
145,blocks.21.conv1,0.001873669563792646
145,blocks.21.conv2,0.0014137491816654801
145,blocks.21.gate_conv,0.00016906813834793866
145,blocks.22.conv1,0.0016422666376456618
145,blocks.22.conv2,0.001353470259346068
145,blocks.22.gate_conv,0.0001415539300069213
145,blocks.23.conv1,0.0017256744904443622
145,blocks.23.conv2,0.0013554698089137673
145,blocks.23.gate_conv,9.990177932195365e-05
145,blocks.24.conv1,0.0016748728230595589
145,blocks.24.conv2,0.0013540358049795032
145,blocks.24.gate_conv,0.00014165198081173003
145,blocks.25.conv1,0.0017285851063206792
145,blocks.25.conv2,0.0012244977988302708
145,blocks.25.gate_conv,0.0001360730384476483
145,blocks.26.conv1,0.001905732904560864
145,blocks.26.conv2,0.0014390918659046292
145,blocks.26.gate_conv,0.00012908394273836166
145,blocks.27.conv1,0.0017402498051524162
145,blocks.27.conv2,0.001315233064815402
145,blocks.27.gate_conv,0.0001314157561864704
145,blocks.28.conv1,0.0021533446852117777
145,blocks.28.conv2,0.0016642475966364145
145,blocks.28.gate_conv,0.00018249581626150757
145,blocks.29.conv1,0.0022636805661022663
145,blocks.29.conv2,0.0017155618406832218
145,blocks.29.gate_conv,0.0002922672138083726
145,blocks.30.conv1,0.0019917881581932306
145,blocks.30.conv2,0.0015832340577617288
145,blocks.30.gate_conv,0.00017462299729231745
145,blocks.31.conv1,0.0014692976837977767
145,blocks.31.conv2,0.0012308803852647543
145,blocks.31.gate_conv,8.837718633003533e-05
145,mean_conv2d_grad_norm,0.0013255849152085726
146,stem.0,0.0050683580338954926
146,blocks.0.conv1,0.004231560509651899
146,blocks.0.conv2,0.004668902605772018
146,blocks.0.gate_conv,0.0001979040098376572
146,blocks.1.conv1,0.005349502433091402
146,blocks.1.conv2,0.00553061394020915
146,blocks.1.gate_conv,0.00017353499424643815
146,blocks.2.conv1,0.004745413549244404
146,blocks.2.conv2,0.004668555688112974
146,blocks.2.gate_conv,0.00019401036843191832
146,blocks.3.conv1,0.004812676925212145
146,blocks.3.conv2,0.004219628870487213
146,blocks.3.gate_conv,0.00022951181745156646
146,blocks.4.conv1,0.0043193805031478405
146,blocks.4.conv2,0.0038135522045195103
146,blocks.4.gate_conv,0.0001855249865911901
146,blocks.5.conv1,0.0042297858744859695
146,blocks.5.conv2,0.0036806906573474407
146,blocks.5.gate_conv,0.00038506710552610457
146,blocks.6.conv1,0.0037443810142576694
146,blocks.6.conv2,0.0033535847906023264
146,blocks.6.gate_conv,0.00020989193581044674
146,blocks.7.conv1,0.003739267587661743
146,blocks.7.conv2,0.003370393766090274
146,blocks.7.gate_conv,0.0003282484831288457
146,blocks.8.conv1,0.003667863318696618
146,blocks.8.conv2,0.003147902898490429
146,blocks.8.gate_conv,0.00015442959556821734
146,blocks.9.conv1,0.003368217498064041
146,blocks.9.conv2,0.002951201284304261
146,blocks.9.gate_conv,0.0001888707047328353
146,blocks.10.conv1,0.0031648417934775352
146,blocks.10.conv2,0.002902935491874814
146,blocks.10.gate_conv,0.00015202382928691804
146,blocks.11.conv1,0.0029481269884854555
146,blocks.11.conv2,0.0025094919838011265
146,blocks.11.gate_conv,0.00017026595014613122
146,blocks.12.conv1,0.0029029708821326494
146,blocks.12.conv2,0.002492524916306138
146,blocks.12.gate_conv,0.0001962326787179336
146,blocks.13.conv1,0.0026817014440894127
146,blocks.13.conv2,0.0022064202930778265
146,blocks.13.gate_conv,0.0001347736979369074
146,blocks.14.conv1,0.0025500718038529158
146,blocks.14.conv2,0.0022223261184990406
146,blocks.14.gate_conv,0.00011196468403795734
146,blocks.15.conv1,0.002503584837540984
146,blocks.15.conv2,0.0021072118543088436
146,blocks.15.gate_conv,0.00011572398216230795
146,blocks.16.conv1,0.002572889206930995
146,blocks.16.conv2,0.0023352219723165035
146,blocks.16.gate_conv,0.00016143801622092724
146,blocks.17.conv1,0.0024509576614946127
146,blocks.17.conv2,0.0020540952682495117
146,blocks.17.gate_conv,0.0001866021630121395
146,blocks.18.conv1,0.0025705185253173113
146,blocks.18.conv2,0.002145722508430481
146,blocks.18.gate_conv,0.0001642413844820112
146,blocks.19.conv1,0.0024031021166592836
146,blocks.19.conv2,0.0019524188246577978
146,blocks.19.gate_conv,0.00010355233825976029
146,blocks.20.conv1,0.002524695126339793
146,blocks.20.conv2,0.002197759924456477
146,blocks.20.gate_conv,0.00013670969929080456
146,blocks.21.conv1,0.002802683273330331
146,blocks.21.conv2,0.00216178921982646
146,blocks.21.gate_conv,0.0002561650762800127
146,blocks.22.conv1,0.002604238223284483
146,blocks.22.conv2,0.0021279738284647465
146,blocks.22.gate_conv,0.00012717535719275475
146,blocks.23.conv1,0.0021177257876843214
146,blocks.23.conv2,0.001794964773580432
146,blocks.23.gate_conv,0.00011707626254064962
146,blocks.24.conv1,0.002512457547709346
146,blocks.24.conv2,0.0021708793938159943
146,blocks.24.gate_conv,0.00021706883853767067
146,blocks.25.conv1,0.002387808170169592
146,blocks.25.conv2,0.001924462616443634
146,blocks.25.gate_conv,0.00018545257626101375
146,blocks.26.conv1,0.002518981695175171
146,blocks.26.conv2,0.0020327321253716946
146,blocks.26.gate_conv,0.00027940431027673185
146,blocks.27.conv1,0.0029533333145081997
146,blocks.27.conv2,0.0021947533823549747
146,blocks.27.gate_conv,0.00020185804169159383
146,blocks.28.conv1,0.0032477243803441525
146,blocks.28.conv2,0.00225925468839705
146,blocks.28.gate_conv,0.0002095216914312914
146,blocks.29.conv1,0.0035322841722518206
146,blocks.29.conv2,0.0026713022962212563
146,blocks.29.gate_conv,0.0004043357621412724
146,blocks.30.conv1,0.0031354313250631094
146,blocks.30.conv2,0.0026565135922282934
146,blocks.30.gate_conv,0.0003408891207072884
146,blocks.31.conv1,0.002541043097153306
146,blocks.31.conv2,0.00250702234916389
146,blocks.31.gate_conv,0.0001216107266373001
146,mean_conv2d_grad_norm,0.0020853346694511667
147,stem.0,0.003985406365245581
147,blocks.0.conv1,0.004503249190747738
147,blocks.0.conv2,0.004925398621708155
147,blocks.0.gate_conv,0.00019778859859798104
147,blocks.1.conv1,0.004863635636866093
147,blocks.1.conv2,0.0053029172122478485
147,blocks.1.gate_conv,0.00015602038183715194
147,blocks.2.conv1,0.004931636620312929
147,blocks.2.conv2,0.00466065714135766
147,blocks.2.gate_conv,0.00022113510931376368
147,blocks.3.conv1,0.0048005846329033375
147,blocks.3.conv2,0.004459878895431757
147,blocks.3.gate_conv,0.0002642734325490892
147,blocks.4.conv1,0.004755562637001276
147,blocks.4.conv2,0.004052161239087582
147,blocks.4.gate_conv,0.00023875301121734083
147,blocks.5.conv1,0.004275440238416195
147,blocks.5.conv2,0.0041382829658687115
147,blocks.5.gate_conv,0.00030486061586998403
147,blocks.6.conv1,0.0038445275276899338
147,blocks.6.conv2,0.003400853369385004
147,blocks.6.gate_conv,0.00031553662847727537
147,blocks.7.conv1,0.0039034660439938307
147,blocks.7.conv2,0.0035023160744458437
147,blocks.7.gate_conv,0.0002618827857077122
147,blocks.8.conv1,0.0035648965276777744
147,blocks.8.conv2,0.0029220758005976677
147,blocks.8.gate_conv,0.00016292082727886736
147,blocks.9.conv1,0.003469229442998767
147,blocks.9.conv2,0.003058366011828184
147,blocks.9.gate_conv,0.00020886369748041034
147,blocks.10.conv1,0.003525641979649663
147,blocks.10.conv2,0.002944051055237651
147,blocks.10.gate_conv,0.00015243302914313972
147,blocks.11.conv1,0.0033142848405987024
147,blocks.11.conv2,0.00258741551078856
147,blocks.11.gate_conv,0.00016515843162778765
147,blocks.12.conv1,0.0029425439424812794
147,blocks.12.conv2,0.0024995189160108566
147,blocks.12.gate_conv,0.0001570460881339386
147,blocks.13.conv1,0.0028008746448904276
147,blocks.13.conv2,0.0023220982402563095
147,blocks.13.gate_conv,0.00019010186952073127
147,blocks.14.conv1,0.0029256443958729506
147,blocks.14.conv2,0.0023400590289384127
147,blocks.14.gate_conv,0.00013566364941652864
147,blocks.15.conv1,0.002754724584519863
147,blocks.15.conv2,0.002150536747649312
147,blocks.15.gate_conv,0.0001228248147526756
147,blocks.16.conv1,0.0028363338205963373
147,blocks.16.conv2,0.002343224361538887
147,blocks.16.gate_conv,0.0002146791375707835
147,blocks.17.conv1,0.0029409497510641813
147,blocks.17.conv2,0.002059201244264841
147,blocks.17.gate_conv,0.00010512825974728912
147,blocks.18.conv1,0.00264907767996192
147,blocks.18.conv2,0.00221165269613266
147,blocks.18.gate_conv,0.00013418363232631236
147,blocks.19.conv1,0.002672878559678793
147,blocks.19.conv2,0.0020877704955637455
147,blocks.19.gate_conv,0.00011358551273588091
147,blocks.20.conv1,0.0027295344043523073
147,blocks.20.conv2,0.002025374909862876
147,blocks.20.gate_conv,0.00011721874034265056
147,blocks.21.conv1,0.0030025101732462645
147,blocks.21.conv2,0.002523906761780381
147,blocks.21.gate_conv,0.00022032397100701928
147,blocks.22.conv1,0.002704740734770894
147,blocks.22.conv2,0.002186152618378401
147,blocks.22.gate_conv,0.00013817413127981126
147,blocks.23.conv1,0.00265700975432992
147,blocks.23.conv2,0.0019991914741694927
147,blocks.23.gate_conv,0.00011642673780443147
147,blocks.24.conv1,0.0030856053344905376
147,blocks.24.conv2,0.002206707140430808
147,blocks.24.gate_conv,0.0002974972012452781
147,blocks.25.conv1,0.002831020625308156
147,blocks.25.conv2,0.00216804351657629
147,blocks.25.gate_conv,0.0005084586446173489
147,blocks.26.conv1,0.0024240731727331877
147,blocks.26.conv2,0.0020351819694042206
147,blocks.26.gate_conv,0.00025260940310545266
147,blocks.27.conv1,0.0029037464410066605
147,blocks.27.conv2,0.0021627566311508417
147,blocks.27.gate_conv,0.0002203316253144294
147,blocks.28.conv1,0.00352643639780581
147,blocks.28.conv2,0.002578331856057048
147,blocks.28.gate_conv,0.0002042135311057791
147,blocks.29.conv1,0.003653742838650942
147,blocks.29.conv2,0.002646797802299261
147,blocks.29.gate_conv,0.0003890839288942516
147,blocks.30.conv1,0.0031404586043208838
147,blocks.30.conv2,0.002271426608785987
147,blocks.30.gate_conv,0.0003236192569602281
147,blocks.31.conv1,0.0022360202856361866
147,blocks.31.conv2,0.0020586124155670404
147,blocks.31.gate_conv,0.0001310016232309863
147,mean_conv2d_grad_norm,0.0021518371698024115
148,stem.0,0.07773546129465103
148,blocks.0.conv1,0.05520294979214668
148,blocks.0.conv2,0.060272954404354095
148,blocks.0.gate_conv,0.0017045405693352222
148,blocks.1.conv1,0.06426285952329636
148,blocks.1.conv2,0.0737731084227562
148,blocks.1.gate_conv,0.001942974398843944
148,blocks.2.conv1,0.06474622339010239
148,blocks.2.conv2,0.06319916993379593
148,blocks.2.gate_conv,0.002665345324203372
148,blocks.3.conv1,0.0668901577591896
148,blocks.3.conv2,0.05992979556322098
148,blocks.3.gate_conv,0.002908014226704836
148,blocks.4.conv1,0.059016719460487366
148,blocks.4.conv2,0.05706876888871193
148,blocks.4.gate_conv,0.0028388858772814274
148,blocks.5.conv1,0.0612366646528244
148,blocks.5.conv2,0.05343082547187805
148,blocks.5.gate_conv,0.0035683559253811836
148,blocks.6.conv1,0.0515359491109848
148,blocks.6.conv2,0.04820442199707031
148,blocks.6.gate_conv,0.0039009188767522573
148,blocks.7.conv1,0.05040404945611954
148,blocks.7.conv2,0.050220463424921036
148,blocks.7.gate_conv,0.003319190815091133
148,blocks.8.conv1,0.050699710845947266
148,blocks.8.conv2,0.046737659722566605
148,blocks.8.gate_conv,0.0021251088473945856
148,blocks.9.conv1,0.04864475503563881
148,blocks.9.conv2,0.044240932911634445
148,blocks.9.gate_conv,0.0021956448908895254
148,blocks.10.conv1,0.04738443344831467
148,blocks.10.conv2,0.04461747780442238
148,blocks.10.gate_conv,0.002323924796655774
148,blocks.11.conv1,0.04236043617129326
148,blocks.11.conv2,0.03609243407845497
148,blocks.11.gate_conv,0.0019352572271600366
148,blocks.12.conv1,0.038798827677965164
148,blocks.12.conv2,0.03775743395090103
148,blocks.12.gate_conv,0.0017593406373634934
148,blocks.13.conv1,0.0362233929336071
148,blocks.13.conv2,0.03407961130142212
148,blocks.13.gate_conv,0.0017042569816112518
148,blocks.14.conv1,0.04155677929520607
148,blocks.14.conv2,0.03441149741411209
148,blocks.14.gate_conv,0.0013822944601997733
148,blocks.15.conv1,0.035883303731679916
148,blocks.15.conv2,0.030684689059853554
148,blocks.15.gate_conv,0.0020042636897414923
148,blocks.16.conv1,0.03993627801537514
148,blocks.16.conv2,0.03247779607772827
148,blocks.16.gate_conv,0.0020955097861588
148,blocks.17.conv1,0.03539563715457916
148,blocks.17.conv2,0.03023705631494522
148,blocks.17.gate_conv,0.0016355302650481462
148,blocks.18.conv1,0.034450236707925797
148,blocks.18.conv2,0.030376406386494637
148,blocks.18.gate_conv,0.0012422901345416903
148,blocks.19.conv1,0.03584440052509308
148,blocks.19.conv2,0.02946251630783081
148,blocks.19.gate_conv,0.001632641302421689
148,blocks.20.conv1,0.0380694679915905
148,blocks.20.conv2,0.02967064455151558
148,blocks.20.gate_conv,0.001238607452251017
148,blocks.21.conv1,0.04256293177604675
148,blocks.21.conv2,0.0349249430000782
148,blocks.21.gate_conv,0.0021246038377285004
148,blocks.22.conv1,0.039806414395570755
148,blocks.22.conv2,0.03256741166114807
148,blocks.22.gate_conv,0.0024597926530987024
148,blocks.23.conv1,0.03484389930963516
148,blocks.23.conv2,0.028555553406476974
148,blocks.23.gate_conv,0.0017885885899886489
148,blocks.24.conv1,0.03854085132479668
148,blocks.24.conv2,0.03178180009126663
148,blocks.24.gate_conv,0.0025880313478410244
148,blocks.25.conv1,0.037505172193050385
148,blocks.25.conv2,0.028331894427537918
148,blocks.25.gate_conv,0.0026050328742712736
148,blocks.26.conv1,0.03517180308699608
148,blocks.26.conv2,0.02758905291557312
148,blocks.26.gate_conv,0.001098988694138825
148,blocks.27.conv1,0.03735113516449928
148,blocks.27.conv2,0.03215901926159859
148,blocks.27.gate_conv,0.0017813177546486259
148,blocks.28.conv1,0.048655539751052856
148,blocks.28.conv2,0.043888919055461884
148,blocks.28.gate_conv,0.004639992956072092
148,blocks.29.conv1,0.05215747654438019
148,blocks.29.conv2,0.037441469728946686
148,blocks.29.gate_conv,0.004577390383929014
148,blocks.30.conv1,0.04219838231801987
148,blocks.30.conv2,0.03264565020799637
148,blocks.30.gate_conv,0.0027484914753586054
148,blocks.31.conv1,0.028962649405002594
148,blocks.31.conv2,0.028279853984713554
148,blocks.31.gate_conv,0.0016994532197713852
148,mean_conv2d_grad_norm,0.02962248207468386
149,stem.0,0.008799943141639233
149,blocks.0.conv1,0.009637350216507912
149,blocks.0.conv2,0.011151157319545746
149,blocks.0.gate_conv,0.0006665782420895994
149,blocks.1.conv1,0.011073360219597816
149,blocks.1.conv2,0.012775398790836334
149,blocks.1.gate_conv,0.00037153702578507364
149,blocks.2.conv1,0.011070861481130123
149,blocks.2.conv2,0.011354723945260048
149,blocks.2.gate_conv,0.0006326638394966722
149,blocks.3.conv1,0.010816199705004692
149,blocks.3.conv2,0.009855750948190689
149,blocks.3.gate_conv,0.0005949903861619532
149,blocks.4.conv1,0.010188491083681583
149,blocks.4.conv2,0.009492351673543453
149,blocks.4.gate_conv,0.000730872736312449
149,blocks.5.conv1,0.009771531447768211
149,blocks.5.conv2,0.009103157557547092
149,blocks.5.gate_conv,0.0006399867124855518
149,blocks.6.conv1,0.00835953839123249
149,blocks.6.conv2,0.008229210041463375
149,blocks.6.gate_conv,0.0007163729751482606
149,blocks.7.conv1,0.008993329480290413
149,blocks.7.conv2,0.007945222780108452
149,blocks.7.gate_conv,0.0007046892424114048
149,blocks.8.conv1,0.008622020483016968
149,blocks.8.conv2,0.006986016873270273
149,blocks.8.gate_conv,0.000341499166097492
149,blocks.9.conv1,0.007711510639637709
149,blocks.9.conv2,0.007031426765024662
149,blocks.9.gate_conv,0.0005005194107070565
149,blocks.10.conv1,0.007814307697117329
149,blocks.10.conv2,0.006965777836740017
149,blocks.10.gate_conv,0.0004929962451569736
149,blocks.11.conv1,0.007398289628326893
149,blocks.11.conv2,0.006283073220402002
149,blocks.11.gate_conv,0.00037574864109046757
149,blocks.12.conv1,0.007686002179980278
149,blocks.12.conv2,0.006560450419783592
149,blocks.12.gate_conv,0.0006168690742924809
149,blocks.13.conv1,0.006559858564287424
149,blocks.13.conv2,0.005600535776466131
149,blocks.13.gate_conv,0.0003396836982574314
149,blocks.14.conv1,0.006532557774335146
149,blocks.14.conv2,0.006434488110244274
149,blocks.14.gate_conv,0.0004804814816452563
149,blocks.15.conv1,0.005873539485037327
149,blocks.15.conv2,0.004767321515828371
149,blocks.15.gate_conv,0.00026430527213960886
149,blocks.16.conv1,0.006851171143352985
149,blocks.16.conv2,0.005275906063616276
149,blocks.16.gate_conv,0.00045797176426276565
149,blocks.17.conv1,0.006283541209995747
149,blocks.17.conv2,0.005705438554286957
149,blocks.17.gate_conv,0.00027242000214755535
149,blocks.18.conv1,0.0060264673084020615
149,blocks.18.conv2,0.00521474052220583
149,blocks.18.gate_conv,0.0003359747352078557
149,blocks.19.conv1,0.006437151227146387
149,blocks.19.conv2,0.0053076185286045074
149,blocks.19.gate_conv,0.00029093664488755167
149,blocks.20.conv1,0.006874497979879379
149,blocks.20.conv2,0.005556083749979734
149,blocks.20.gate_conv,0.00037161982618272305
149,blocks.21.conv1,0.007289675064384937
149,blocks.21.conv2,0.005025115329772234
149,blocks.21.gate_conv,0.0005152017110958695
149,blocks.22.conv1,0.0070861754938960075
149,blocks.22.conv2,0.005513738375157118
149,blocks.22.gate_conv,0.000386336469091475
149,blocks.23.conv1,0.006677031051367521
149,blocks.23.conv2,0.0056378841400146484
149,blocks.23.gate_conv,0.000320752413244918
149,blocks.24.conv1,0.00896952673792839
149,blocks.24.conv2,0.00697682797908783
149,blocks.24.gate_conv,0.0008452348411083221
149,blocks.25.conv1,0.008422265760600567
149,blocks.25.conv2,0.007164692971855402
149,blocks.25.gate_conv,0.0010946058901026845
149,blocks.26.conv1,0.007163666188716888
149,blocks.26.conv2,0.005204012151807547
149,blocks.26.gate_conv,0.00037002057069912553
149,blocks.27.conv1,0.008884493261575699
149,blocks.27.conv2,0.006129587069153786
149,blocks.27.gate_conv,0.0005770198185928166
149,blocks.28.conv1,0.008782772347331047
149,blocks.28.conv2,0.005484243854880333
149,blocks.28.gate_conv,0.0008818582282401621
149,blocks.29.conv1,0.009258579462766647
149,blocks.29.conv2,0.006599993444979191
149,blocks.29.gate_conv,0.0007356649148277938
149,blocks.30.conv1,0.00814945250749588
149,blocks.30.conv2,0.005861438345164061
149,blocks.30.gate_conv,0.0005486630834639072
149,blocks.31.conv1,0.00603900384157896
149,blocks.31.conv2,0.0048184581100940704
149,blocks.31.gate_conv,0.00030722288647666574
149,mean_conv2d_grad_norm,0.00520512683421479
150,stem.0,0.01027071475982666
150,blocks.0.conv1,0.00837691780179739
150,blocks.0.conv2,0.008621187880635262
150,blocks.0.gate_conv,0.00023756279551889747
150,blocks.1.conv1,0.00881097000092268
150,blocks.1.conv2,0.008578351698815823
150,blocks.1.gate_conv,0.00021079705038573593
150,blocks.2.conv1,0.007741335313767195
150,blocks.2.conv2,0.007523773703724146
150,blocks.2.gate_conv,0.00042556767584756017
150,blocks.3.conv1,0.007246467750519514
150,blocks.3.conv2,0.007550075184553862
150,blocks.3.gate_conv,0.0003572002169676125
150,blocks.4.conv1,0.007517676334828138
150,blocks.4.conv2,0.00706626009196043
150,blocks.4.gate_conv,0.00043547083623707294
150,blocks.5.conv1,0.007642523851245642
150,blocks.5.conv2,0.0072076586075127125
150,blocks.5.gate_conv,0.0004985143314115703
150,blocks.6.conv1,0.006373388692736626
150,blocks.6.conv2,0.0060391915030777454
150,blocks.6.gate_conv,0.0003920135786756873
150,blocks.7.conv1,0.005807067733258009
150,blocks.7.conv2,0.005435996223241091
150,blocks.7.gate_conv,0.0002912015188485384
150,blocks.8.conv1,0.0059755356051027775
150,blocks.8.conv2,0.005535276141017675
150,blocks.8.gate_conv,0.000246878364123404
150,blocks.9.conv1,0.006079649552702904
150,blocks.9.conv2,0.005447974428534508
150,blocks.9.gate_conv,0.00027930509531870484
150,blocks.10.conv1,0.0056267669424414635
150,blocks.10.conv2,0.004771413281559944
150,blocks.10.gate_conv,0.00023963868443388492
150,blocks.11.conv1,0.005303751211613417
150,blocks.11.conv2,0.004193741828203201
150,blocks.11.gate_conv,0.00020810919522773474
150,blocks.12.conv1,0.0044799442403018475
150,blocks.12.conv2,0.003983621019870043
150,blocks.12.gate_conv,0.0002459221868775785
150,blocks.13.conv1,0.004281599074602127
150,blocks.13.conv2,0.003613474080339074
150,blocks.13.gate_conv,0.0001986443530768156
150,blocks.14.conv1,0.00450090691447258
150,blocks.14.conv2,0.0036559803411364555
150,blocks.14.gate_conv,0.00017639773432165384
150,blocks.15.conv1,0.004224034957587719
150,blocks.15.conv2,0.0034186665434390306
150,blocks.15.gate_conv,0.00017539531108923256
150,blocks.16.conv1,0.004641837440431118
150,blocks.16.conv2,0.0038821669295430183
150,blocks.16.gate_conv,0.0002508599718566984
150,blocks.17.conv1,0.004032687749713659
150,blocks.17.conv2,0.003754865378141403
150,blocks.17.gate_conv,0.0003240120713599026
150,blocks.18.conv1,0.003930998034775257
150,blocks.18.conv2,0.0031775166280567646
150,blocks.18.gate_conv,0.00019783376774284989
150,blocks.19.conv1,0.0037416403647512197
150,blocks.19.conv2,0.0031962108332663774
150,blocks.19.gate_conv,0.00016395284910686314
150,blocks.20.conv1,0.004352279007434845
150,blocks.20.conv2,0.0035747000947594643
150,blocks.20.gate_conv,0.00014822481898590922
150,blocks.21.conv1,0.004899963270872831
150,blocks.21.conv2,0.003247229615226388
150,blocks.21.gate_conv,0.00024795872741378844
150,blocks.22.conv1,0.0039205849170684814
150,blocks.22.conv2,0.003340538125485182
150,blocks.22.gate_conv,0.00016309443162754178
150,blocks.23.conv1,0.004060850944370031
150,blocks.23.conv2,0.0031733461655676365
150,blocks.23.gate_conv,0.0001544468686915934
150,blocks.24.conv1,0.003827865468338132
150,blocks.24.conv2,0.003362627001479268
150,blocks.24.gate_conv,0.0002813211176544428
150,blocks.25.conv1,0.0038517119828611612
150,blocks.25.conv2,0.0032367571257054806
150,blocks.25.gate_conv,0.00028037800802849233
150,blocks.26.conv1,0.003969471901655197
150,blocks.26.conv2,0.0031189536675810814
150,blocks.26.gate_conv,0.0001442006032448262
150,blocks.27.conv1,0.00425106892362237
150,blocks.27.conv2,0.003256015945225954
150,blocks.27.gate_conv,0.00027787123690359294
150,blocks.28.conv1,0.004530449863523245
150,blocks.28.conv2,0.003465055488049984
150,blocks.28.gate_conv,0.00034038524609059095
150,blocks.29.conv1,0.005728446878492832
150,blocks.29.conv2,0.0039902436546981335
150,blocks.29.gate_conv,0.0003935683926101774
150,blocks.30.conv1,0.004168536048382521
150,blocks.30.conv2,0.0026186727918684483
150,blocks.30.gate_conv,0.00020776015298906714
150,blocks.31.conv1,0.002482260577380657
150,blocks.31.conv2,0.001952556660398841
150,blocks.31.gate_conv,0.00015740108210593462
150,mean_conv2d_grad_norm,0.0034019782582355527
151,stem.0,0.006429136730730534
151,blocks.0.conv1,0.006436852738261223
151,blocks.0.conv2,0.0075248247012495995
151,blocks.0.gate_conv,0.000288064475171268
151,blocks.1.conv1,0.008091328665614128
151,blocks.1.conv2,0.008647614158689976
151,blocks.1.gate_conv,0.0002306355891050771
151,blocks.2.conv1,0.007889487780630589
151,blocks.2.conv2,0.007402839604765177
151,blocks.2.gate_conv,0.0003051884414162487
151,blocks.3.conv1,0.007564965635538101
151,blocks.3.conv2,0.007269327063113451
151,blocks.3.gate_conv,0.00028494803700596094
151,blocks.4.conv1,0.0071556842885911465
151,blocks.4.conv2,0.006563269067555666
151,blocks.4.gate_conv,0.00029818748589605093
151,blocks.5.conv1,0.006859696004539728
151,blocks.5.conv2,0.006305796559900045
151,blocks.5.gate_conv,0.00042296506580896676
151,blocks.6.conv1,0.006364902481436729
151,blocks.6.conv2,0.005678659304976463
151,blocks.6.gate_conv,0.00045186211355030537
151,blocks.7.conv1,0.006212090142071247
151,blocks.7.conv2,0.005709609482437372
151,blocks.7.gate_conv,0.0003709037264343351
151,blocks.8.conv1,0.0061968108639121056
151,blocks.8.conv2,0.005470426753163338
151,blocks.8.gate_conv,0.0002477139059919864
151,blocks.9.conv1,0.005832798779010773
151,blocks.9.conv2,0.004926162306219339
151,blocks.9.gate_conv,0.0002712202840484679
151,blocks.10.conv1,0.005272187292575836
151,blocks.10.conv2,0.004678071476519108
151,blocks.10.gate_conv,0.0002957251272164285
151,blocks.11.conv1,0.005186574533581734
151,blocks.11.conv2,0.004851390141993761
151,blocks.11.gate_conv,0.00035591310006566346
151,blocks.12.conv1,0.0045822360552847385
151,blocks.12.conv2,0.00401754816994071
151,blocks.12.gate_conv,0.0002496472152415663
151,blocks.13.conv1,0.004473492503166199
151,blocks.13.conv2,0.003658964531496167
151,blocks.13.gate_conv,0.00019713767687790096
151,blocks.14.conv1,0.0048050950281322
151,blocks.14.conv2,0.004262737929821014
151,blocks.14.gate_conv,0.0001661340647842735
151,blocks.15.conv1,0.004437058698385954
151,blocks.15.conv2,0.0035889525897800922
151,blocks.15.gate_conv,0.00028301207930780947
151,blocks.16.conv1,0.004743778612464666
151,blocks.16.conv2,0.00403869803994894
151,blocks.16.gate_conv,0.0002670004905667156
151,blocks.17.conv1,0.004420857410877943
151,blocks.17.conv2,0.0037379527930170298
151,blocks.17.gate_conv,0.00019286152382846922
151,blocks.18.conv1,0.004387510009109974
151,blocks.18.conv2,0.0036478545516729355
151,blocks.18.gate_conv,0.00020283175399526954
151,blocks.19.conv1,0.004296970088034868
151,blocks.19.conv2,0.0034556156024336815
151,blocks.19.gate_conv,0.00022531008289661258
151,blocks.20.conv1,0.004134027287364006
151,blocks.20.conv2,0.003194099059328437
151,blocks.20.gate_conv,0.00019350515503901988
151,blocks.21.conv1,0.004464796278625727
151,blocks.21.conv2,0.003528477856889367
151,blocks.21.gate_conv,0.00020489422604441643
151,blocks.22.conv1,0.004553572274744511
151,blocks.22.conv2,0.003510046750307083
151,blocks.22.gate_conv,0.00031148118432611227
151,blocks.23.conv1,0.004333114251494408
151,blocks.23.conv2,0.0033323271200060844
151,blocks.23.gate_conv,0.00017771708371583372
151,blocks.24.conv1,0.004335253033787012
151,blocks.24.conv2,0.003459559753537178
151,blocks.24.gate_conv,0.0003069423255510628
151,blocks.25.conv1,0.004968835040926933
151,blocks.25.conv2,0.003347951453179121
151,blocks.25.gate_conv,0.0003170715062879026
151,blocks.26.conv1,0.004193961154669523
151,blocks.26.conv2,0.0032209898345172405
151,blocks.26.gate_conv,0.00015558110317215323
151,blocks.27.conv1,0.004859682638198137
151,blocks.27.conv2,0.003759820479899645
151,blocks.27.gate_conv,0.00033183841151185334
151,blocks.28.conv1,0.00593394273892045
151,blocks.28.conv2,0.004724215716123581
151,blocks.28.gate_conv,0.0006798852700740099
151,blocks.29.conv1,0.006411397829651833
151,blocks.29.conv2,0.004394915420562029
151,blocks.29.gate_conv,0.0006435220129787922
151,blocks.30.conv1,0.005727673415094614
151,blocks.30.conv2,0.004289767239242792
151,blocks.30.gate_conv,0.000466463272459805
151,blocks.31.conv1,0.0043506501242518425
151,blocks.31.conv2,0.003923980984836817
151,blocks.31.gate_conv,0.00021293146710377187
151,mean_conv2d_grad_norm,0.0035014224965389355
152,stem.0,0.005988710094243288
152,blocks.0.conv1,0.006789491977542639
152,blocks.0.conv2,0.007689742371439934
152,blocks.0.gate_conv,0.00031687054433859885
152,blocks.1.conv1,0.008368224836885929
152,blocks.1.conv2,0.008809073828160763
152,blocks.1.gate_conv,0.00022671416809316725
152,blocks.2.conv1,0.007680037524551153
152,blocks.2.conv2,0.007386009208858013
152,blocks.2.gate_conv,0.00039899509283713996
152,blocks.3.conv1,0.007649528793990612
152,blocks.3.conv2,0.007390045095235109
152,blocks.3.gate_conv,0.0002868799492716789
152,blocks.4.conv1,0.007418318185955286
152,blocks.4.conv2,0.007159601431339979
152,blocks.4.gate_conv,0.0003573216963559389
152,blocks.5.conv1,0.0073976069688797
152,blocks.5.conv2,0.006823445670306683
152,blocks.5.gate_conv,0.0004252312355674803
152,blocks.6.conv1,0.006822459399700165
152,blocks.6.conv2,0.005913462024182081
152,blocks.6.gate_conv,0.0005137926782481372
152,blocks.7.conv1,0.006368680857121944
152,blocks.7.conv2,0.005501871928572655
152,blocks.7.gate_conv,0.0004137810901738703
152,blocks.8.conv1,0.005851279478520155
152,blocks.8.conv2,0.005322746466845274
152,blocks.8.gate_conv,0.0003098847810178995
152,blocks.9.conv1,0.005976849235594273
152,blocks.9.conv2,0.005679163616150618
152,blocks.9.gate_conv,0.00037929482641629875
152,blocks.10.conv1,0.005655741784721613
152,blocks.10.conv2,0.004518614150583744
152,blocks.10.gate_conv,0.0003465179761406034
152,blocks.11.conv1,0.005233097821474075
152,blocks.11.conv2,0.004533672239631414
152,blocks.11.gate_conv,0.000296994810923934
152,blocks.12.conv1,0.005074099637567997
152,blocks.12.conv2,0.003862497629597783
152,blocks.12.gate_conv,0.0002604376641102135
152,blocks.13.conv1,0.0047462861984968185
152,blocks.13.conv2,0.003577757626771927
152,blocks.13.gate_conv,0.0004558879882097244
152,blocks.14.conv1,0.0046574124135077
152,blocks.14.conv2,0.0038476847112178802
152,blocks.14.gate_conv,0.00018019248091150075
152,blocks.15.conv1,0.0051585603505373
152,blocks.15.conv2,0.003980334382504225
152,blocks.15.gate_conv,0.00022109231213107705
152,blocks.16.conv1,0.004642774350941181
152,blocks.16.conv2,0.003817291697487235
152,blocks.16.gate_conv,0.00021210026170592755
152,blocks.17.conv1,0.0044568427838385105
152,blocks.17.conv2,0.003578541101887822
152,blocks.17.gate_conv,0.0002219882298959419
152,blocks.18.conv1,0.00444303173571825
152,blocks.18.conv2,0.0037433786783367395
152,blocks.18.gate_conv,0.00020134275837335736
152,blocks.19.conv1,0.004347610287368298
152,blocks.19.conv2,0.003244940657168627
152,blocks.19.gate_conv,0.0001961475209100172
152,blocks.20.conv1,0.004915171768516302
152,blocks.20.conv2,0.0038001544307917356
152,blocks.20.gate_conv,0.0002067515888484195
152,blocks.21.conv1,0.004612579941749573
152,blocks.21.conv2,0.004023454152047634
152,blocks.21.gate_conv,0.0003127242380287498
152,blocks.22.conv1,0.005156321916729212
152,blocks.22.conv2,0.003773698816075921
152,blocks.22.gate_conv,0.0002667974622454494
152,blocks.23.conv1,0.004401457495987415
152,blocks.23.conv2,0.003198077203705907
152,blocks.23.gate_conv,0.0002123095910064876
152,blocks.24.conv1,0.004969543777406216
152,blocks.24.conv2,0.0039159078150987625
152,blocks.24.gate_conv,0.0003754597273655236
152,blocks.25.conv1,0.003975595813244581
152,blocks.25.conv2,0.0033547000493854284
152,blocks.25.gate_conv,0.0005719676846638322
152,blocks.26.conv1,0.004418213851749897
152,blocks.26.conv2,0.003360544331371784
152,blocks.26.gate_conv,0.00023804012744221836
152,blocks.27.conv1,0.004928321577608585
152,blocks.27.conv2,0.003553117858245969
152,blocks.27.gate_conv,0.0004948853165842593
152,blocks.28.conv1,0.006797187030315399
152,blocks.28.conv2,0.005397196393460035
152,blocks.28.gate_conv,0.000444236327894032
152,blocks.29.conv1,0.006070597097277641
152,blocks.29.conv2,0.004114233888685703
152,blocks.29.gate_conv,0.0004998994409106672
152,blocks.30.conv1,0.004855290055274963
152,blocks.30.conv2,0.003663215786218643
152,blocks.30.gate_conv,0.0003242592792958021
152,blocks.31.conv1,0.00342145306058228
152,blocks.31.conv2,0.003013262990862131
152,blocks.31.gate_conv,0.00029612367507070303
152,mean_conv2d_grad_norm,0.0035593890604207813
153,stem.0,0.01151309721171856
153,blocks.0.conv1,0.01204425934702158
153,blocks.0.conv2,0.013712773099541664
153,blocks.0.gate_conv,0.0005027547595091164
153,blocks.1.conv1,0.013064168393611908
153,blocks.1.conv2,0.013898726552724838
153,blocks.1.gate_conv,0.0004335222765803337
153,blocks.2.conv1,0.01282208226621151
153,blocks.2.conv2,0.012071704491972923
153,blocks.2.gate_conv,0.0007968923891894519
153,blocks.3.conv1,0.011930319480597973
153,blocks.3.conv2,0.011644639074802399
153,blocks.3.gate_conv,0.0005045044235885143
153,blocks.4.conv1,0.012164101004600525
153,blocks.4.conv2,0.010340207256376743
153,blocks.4.gate_conv,0.0005598239367827773
153,blocks.5.conv1,0.01176322903484106
153,blocks.5.conv2,0.009818464517593384
153,blocks.5.gate_conv,0.0007597284275107086
153,blocks.6.conv1,0.010319777764379978
153,blocks.6.conv2,0.008933105506002903
153,blocks.6.gate_conv,0.0007902609650045633
153,blocks.7.conv1,0.009842597879469395
153,blocks.7.conv2,0.008635902777314186
153,blocks.7.gate_conv,0.0006846751202829182
153,blocks.8.conv1,0.009294369257986546
153,blocks.8.conv2,0.007529785390943289
153,blocks.8.gate_conv,0.000398896198021248
153,blocks.9.conv1,0.009385711513459682
153,blocks.9.conv2,0.007974141277372837
153,blocks.9.gate_conv,0.0004959885263815522
153,blocks.10.conv1,0.008882942609488964
153,blocks.10.conv2,0.007853454910218716
153,blocks.10.gate_conv,0.0004989228909835219
153,blocks.11.conv1,0.008618773892521858
153,blocks.11.conv2,0.007528293877840042
153,blocks.11.gate_conv,0.0009542516199871898
153,blocks.12.conv1,0.007617288269102573
153,blocks.12.conv2,0.006083865649998188
153,blocks.12.gate_conv,0.0003583213547244668
153,blocks.13.conv1,0.006818993017077446
153,blocks.13.conv2,0.006084030028432608
153,blocks.13.gate_conv,0.00037954823346808553
153,blocks.14.conv1,0.007453030440956354
153,blocks.14.conv2,0.006108896341174841
153,blocks.14.gate_conv,0.0002489813487045467
153,blocks.15.conv1,0.006683566607534885
153,blocks.15.conv2,0.005542326252907515
153,blocks.15.gate_conv,0.0003335039655212313
153,blocks.16.conv1,0.006731873378157616
153,blocks.16.conv2,0.005378024652600288
153,blocks.16.gate_conv,0.0004635236691683531
153,blocks.17.conv1,0.006998023483902216
153,blocks.17.conv2,0.005751422606408596
153,blocks.17.gate_conv,0.0002945460728369653
153,blocks.18.conv1,0.006921018473803997
153,blocks.18.conv2,0.005416936706751585
153,blocks.18.gate_conv,0.00023928130394779146
153,blocks.19.conv1,0.006941486150026321
153,blocks.19.conv2,0.0058037773706018925
153,blocks.19.gate_conv,0.00032984212157316506
153,blocks.20.conv1,0.007142492104321718
153,blocks.20.conv2,0.005712876562029123
153,blocks.20.gate_conv,0.0002975765964947641
153,blocks.21.conv1,0.006934775970876217
153,blocks.21.conv2,0.005608902778476477
153,blocks.21.gate_conv,0.00029420823557302356
153,blocks.22.conv1,0.006826240103691816
153,blocks.22.conv2,0.005555494222790003
153,blocks.22.gate_conv,0.0003649757709354162
153,blocks.23.conv1,0.007432156708091497
153,blocks.23.conv2,0.005794183816760778
153,blocks.23.gate_conv,0.00037085814983583987
153,blocks.24.conv1,0.007063922937959433
153,blocks.24.conv2,0.0055894432589411736
153,blocks.24.gate_conv,0.00045440634130500257
153,blocks.25.conv1,0.007024924270808697
153,blocks.25.conv2,0.005552732385694981
153,blocks.25.gate_conv,0.0004741069278679788
153,blocks.26.conv1,0.007299595978111029
153,blocks.26.conv2,0.005716428626328707
153,blocks.26.gate_conv,0.0003445854817982763
153,blocks.27.conv1,0.008047343231737614
153,blocks.27.conv2,0.005482521839439869
153,blocks.27.gate_conv,0.0003837852564174682
153,blocks.28.conv1,0.009479534812271595
153,blocks.28.conv2,0.006988609209656715
153,blocks.28.gate_conv,0.0008455106290057302
153,blocks.29.conv1,0.00873476080596447
153,blocks.29.conv2,0.00558535847812891
153,blocks.29.gate_conv,0.0006348060560412705
153,blocks.30.conv1,0.007548969238996506
153,blocks.30.conv2,0.005200227256864309
153,blocks.30.gate_conv,0.0004445089725777507
153,blocks.31.conv1,0.004720296245068312
153,blocks.31.conv2,0.004496898036450148
153,blocks.31.gate_conv,0.0003536294971127063
153,mean_conv2d_grad_norm,0.0055128928269715695
154,stem.0,0.042307306081056595
154,blocks.0.conv1,0.06346356123685837
154,blocks.0.conv2,0.0755474865436554
154,blocks.0.gate_conv,0.0022399122826755047
154,blocks.1.conv1,0.0565204992890358
154,blocks.1.conv2,0.05691102519631386
154,blocks.1.gate_conv,0.0018798420205712318
154,blocks.2.conv1,0.05291907861828804
154,blocks.2.conv2,0.0490511916577816
154,blocks.2.gate_conv,0.0024814277421683073
154,blocks.3.conv1,0.04821430891752243
154,blocks.3.conv2,0.0451153926551342
154,blocks.3.gate_conv,0.0024202566128224134
154,blocks.4.conv1,0.04802561551332474
154,blocks.4.conv2,0.04284331575036049
154,blocks.4.gate_conv,0.0023016815539449453
154,blocks.5.conv1,0.046908434480428696
154,blocks.5.conv2,0.04269195720553398
154,blocks.5.gate_conv,0.003050719853490591
154,blocks.6.conv1,0.0413580946624279
154,blocks.6.conv2,0.035628534853458405
154,blocks.6.gate_conv,0.0034353509545326233
154,blocks.7.conv1,0.043480079621076584
154,blocks.7.conv2,0.03477261960506439
154,blocks.7.gate_conv,0.0036955969408154488
154,blocks.8.conv1,0.03982380032539368
154,blocks.8.conv2,0.03535088524222374
154,blocks.8.gate_conv,0.0015315236523747444
154,blocks.9.conv1,0.03765782713890076
154,blocks.9.conv2,0.03403039276599884
154,blocks.9.gate_conv,0.0021320926025509834
154,blocks.10.conv1,0.03520064055919647
154,blocks.10.conv2,0.030057718977332115
154,blocks.10.gate_conv,0.001827461994253099
154,blocks.11.conv1,0.033802133053541183
154,blocks.11.conv2,0.02949688769876957
154,blocks.11.gate_conv,0.002180263167247176
154,blocks.12.conv1,0.030276479199528694
154,blocks.12.conv2,0.027514848858118057
154,blocks.12.gate_conv,0.001354091800749302
154,blocks.13.conv1,0.02861097827553749
154,blocks.13.conv2,0.022288097068667412
154,blocks.13.gate_conv,0.0013442951021715999
154,blocks.14.conv1,0.03070417419075966
154,blocks.14.conv2,0.026301538571715355
154,blocks.14.gate_conv,0.0013091262662783265
154,blocks.15.conv1,0.028024042025208473
154,blocks.15.conv2,0.023575348779559135
154,blocks.15.gate_conv,0.0011577698169276118
154,blocks.16.conv1,0.030419154092669487
154,blocks.16.conv2,0.026027999818325043
154,blocks.16.gate_conv,0.001484640990383923
154,blocks.17.conv1,0.028194259852170944
154,blocks.17.conv2,0.024169307202100754
154,blocks.17.gate_conv,0.0017298613674938679
154,blocks.18.conv1,0.0290935430675745
154,blocks.18.conv2,0.03044690191745758
154,blocks.18.gate_conv,0.0015628442633897066
154,blocks.19.conv1,0.027446024119853973
154,blocks.19.conv2,0.022098951041698456
154,blocks.19.gate_conv,0.0011840492952615023
154,blocks.20.conv1,0.03069874458014965
154,blocks.20.conv2,0.026530005037784576
154,blocks.20.gate_conv,0.0016205880092456937
154,blocks.21.conv1,0.030322756618261337
154,blocks.21.conv2,0.024180252104997635
154,blocks.21.gate_conv,0.0014430403243750334
154,blocks.22.conv1,0.03120025061070919
154,blocks.22.conv2,0.026599595323204994
154,blocks.22.gate_conv,0.0027729386929422617
154,blocks.23.conv1,0.029793359339237213
154,blocks.23.conv2,0.024911178275942802
154,blocks.23.gate_conv,0.002069537527859211
154,blocks.24.conv1,0.03225218877196312
154,blocks.24.conv2,0.024288291111588478
154,blocks.24.gate_conv,0.0018896046094596386
154,blocks.25.conv1,0.03465856611728668
154,blocks.25.conv2,0.02489631250500679
154,blocks.25.gate_conv,0.004969849716871977
154,blocks.26.conv1,0.031177183613181114
154,blocks.26.conv2,0.023709794506430626
154,blocks.26.gate_conv,0.0016727462643757463
154,blocks.27.conv1,0.03807684779167175
154,blocks.27.conv2,0.030174244195222855
154,blocks.27.gate_conv,0.0018697347259148955
154,blocks.28.conv1,0.04198440909385681
154,blocks.28.conv2,0.03603464737534523
154,blocks.28.gate_conv,0.004111704882234335
154,blocks.29.conv1,0.04440236836671829
154,blocks.29.conv2,0.03520457074046135
154,blocks.29.gate_conv,0.0039514885284006596
154,blocks.30.conv1,0.03940807655453682
154,blocks.30.conv2,0.022816162556409836
154,blocks.30.gate_conv,0.0033860986586660147
154,blocks.31.conv1,0.022827517241239548
154,blocks.31.conv2,0.018762575462460518
154,blocks.31.gate_conv,0.001222708960995078
154,mean_conv2d_grad_norm,0.024047043121698284
155,stem.0,0.0025636397767812014
155,blocks.0.conv1,0.0030397740192711353
155,blocks.0.conv2,0.0034367607440799475
155,blocks.0.gate_conv,9.609349217498675e-05
155,blocks.1.conv1,0.0033806259743869305
155,blocks.1.conv2,0.0035335898865014315
155,blocks.1.gate_conv,0.00010054904851131141
155,blocks.2.conv1,0.003075782209634781
155,blocks.2.conv2,0.0030269213020801544
155,blocks.2.gate_conv,0.00015614948642905802
155,blocks.3.conv1,0.0030273012816905975
155,blocks.3.conv2,0.0028644881676882505
155,blocks.3.gate_conv,0.00013836762809660286
155,blocks.4.conv1,0.002825640607625246
155,blocks.4.conv2,0.0025436237920075655
155,blocks.4.gate_conv,0.00013097563351038843
155,blocks.5.conv1,0.0027284538373351097
155,blocks.5.conv2,0.0024059461429715157
155,blocks.5.gate_conv,0.00016601487004663795
155,blocks.6.conv1,0.0023598861880600452
155,blocks.6.conv2,0.0021561298053711653
155,blocks.6.gate_conv,0.00020417272753547877
155,blocks.7.conv1,0.0024355275090783834
155,blocks.7.conv2,0.0021120645105838776
155,blocks.7.gate_conv,0.00017937261145561934
155,blocks.8.conv1,0.0021666556131094694
155,blocks.8.conv2,0.0019953714217990637
155,blocks.8.gate_conv,9.707487333798781e-05
155,blocks.9.conv1,0.002147855469956994
155,blocks.9.conv2,0.0018859977135434747
155,blocks.9.gate_conv,0.00012179975601611659
155,blocks.10.conv1,0.0021149010863155127
155,blocks.10.conv2,0.001775534707121551
155,blocks.10.gate_conv,0.00010503115481697023
155,blocks.11.conv1,0.0020057170186191797
155,blocks.11.conv2,0.001756382524035871
155,blocks.11.gate_conv,0.00011312797869322821
155,blocks.12.conv1,0.0019303869921714067
155,blocks.12.conv2,0.0017478030640631914
155,blocks.12.gate_conv,0.00013850659888703376
155,blocks.13.conv1,0.001786756911315024
155,blocks.13.conv2,0.0015496817650273442
155,blocks.13.gate_conv,9.547594527248293e-05
155,blocks.14.conv1,0.001834191265515983
155,blocks.14.conv2,0.0015449434285983443
155,blocks.14.gate_conv,0.00011671993706841022
155,blocks.15.conv1,0.0017493418417870998
155,blocks.15.conv2,0.0014544673031195998
155,blocks.15.gate_conv,8.196184353437275e-05
155,blocks.16.conv1,0.0018295466434210539
155,blocks.16.conv2,0.0015123101184144616
155,blocks.16.gate_conv,0.00010678337275749072
155,blocks.17.conv1,0.0017029400914907455
155,blocks.17.conv2,0.001451604999601841
155,blocks.17.gate_conv,6.404308078344911e-05
155,blocks.18.conv1,0.0016254588263109326
155,blocks.18.conv2,0.0014834555331617594
155,blocks.18.gate_conv,8.164899190887809e-05
155,blocks.19.conv1,0.0016560243675485253
155,blocks.19.conv2,0.0012830175692215562
155,blocks.19.gate_conv,7.148829899961129e-05
155,blocks.20.conv1,0.0017112644854933023
155,blocks.20.conv2,0.0014128743205219507
155,blocks.20.gate_conv,0.00010722163278842345
155,blocks.21.conv1,0.0017198525601997972
155,blocks.21.conv2,0.0014441485982388258
155,blocks.21.gate_conv,0.0001157811566372402
155,blocks.22.conv1,0.0017124253790825605
155,blocks.22.conv2,0.0013202127302065492
155,blocks.22.gate_conv,9.103927732212469e-05
155,blocks.23.conv1,0.001728099538013339
155,blocks.23.conv2,0.0012820289703086019
155,blocks.23.gate_conv,7.75997104938142e-05
155,blocks.24.conv1,0.0016934000886976719
155,blocks.24.conv2,0.0013256941456347704
155,blocks.24.gate_conv,0.00013045305968262255
155,blocks.25.conv1,0.0016152875032275915
155,blocks.25.conv2,0.0012747185537591577
155,blocks.25.gate_conv,0.00023215530382003635
155,blocks.26.conv1,0.0015876968391239643
155,blocks.26.conv2,0.001314258319325745
155,blocks.26.gate_conv,9.026467887451872e-05
155,blocks.27.conv1,0.0019129749853163958
155,blocks.27.conv2,0.0014195396797731519
155,blocks.27.gate_conv,0.00012969592353329062
155,blocks.28.conv1,0.0020623488817363977
155,blocks.28.conv2,0.0013949909480288625
155,blocks.28.gate_conv,0.0001666676689637825
155,blocks.29.conv1,0.002083130180835724
155,blocks.29.conv2,0.0016023649368435144
155,blocks.29.gate_conv,0.00019391918613109738
155,blocks.30.conv1,0.0019531057914718986
155,blocks.30.conv2,0.0014427400892600417
155,blocks.30.gate_conv,0.0002077346871374175
155,blocks.31.conv1,0.0013641841942444444
155,blocks.31.conv2,0.0010422186460345984
155,blocks.31.gate_conv,9.193755977321416e-05
155,mean_conv2d_grad_norm,0.0013497514388741225
156,stem.0,0.020125867798924446
156,blocks.0.conv1,0.02005842700600624
156,blocks.0.conv2,0.023268697783350945
156,blocks.0.gate_conv,0.00071299186674878
156,blocks.1.conv1,0.021649833768606186
156,blocks.1.conv2,0.023773232474923134
156,blocks.1.gate_conv,0.0006257637869566679
156,blocks.2.conv1,0.020965691655874252
156,blocks.2.conv2,0.01983417570590973
156,blocks.2.gate_conv,0.0009661297081038356
156,blocks.3.conv1,0.020267503336071968
156,blocks.3.conv2,0.01822545751929283
156,blocks.3.gate_conv,0.0008543950389139354
156,blocks.4.conv1,0.018621807917952538
156,blocks.4.conv2,0.016299525275826454
156,blocks.4.gate_conv,0.0008219216833822429
156,blocks.5.conv1,0.01802230440080166
156,blocks.5.conv2,0.016837142407894135
156,blocks.5.gate_conv,0.001097515574656427
156,blocks.6.conv1,0.016610661521553993
156,blocks.6.conv2,0.014254841022193432
156,blocks.6.gate_conv,0.0009213844314217567
156,blocks.7.conv1,0.016878347843885422
156,blocks.7.conv2,0.014977212063968182
156,blocks.7.gate_conv,0.001056378474459052
156,blocks.8.conv1,0.015650926157832146
156,blocks.8.conv2,0.012396750971674919
156,blocks.8.gate_conv,0.0006435696268454194
156,blocks.9.conv1,0.013717676512897015
156,blocks.9.conv2,0.012725276872515678
156,blocks.9.gate_conv,0.0008916038786992431
156,blocks.10.conv1,0.015461196191608906
156,blocks.10.conv2,0.013969740830361843
156,blocks.10.gate_conv,0.0010993583127856255
156,blocks.11.conv1,0.0133475037291646
156,blocks.11.conv2,0.011737537570297718
156,blocks.11.gate_conv,0.0009982777992263436
156,blocks.12.conv1,0.013079226016998291
156,blocks.12.conv2,0.010907003656029701
156,blocks.12.gate_conv,0.0007128325523808599
156,blocks.13.conv1,0.012958002276718616
156,blocks.13.conv2,0.011104369536042213
156,blocks.13.gate_conv,0.0009529948001727462
156,blocks.14.conv1,0.012162120081484318
156,blocks.14.conv2,0.01059194840490818
156,blocks.14.gate_conv,0.000782234244979918
156,blocks.15.conv1,0.012271537445485592
156,blocks.15.conv2,0.010107346810400486
156,blocks.15.gate_conv,0.0009584006620571017
156,blocks.16.conv1,0.011556342244148254
156,blocks.16.conv2,0.009296589531004429
156,blocks.16.gate_conv,0.0008213425171561539
156,blocks.17.conv1,0.011398409493267536
156,blocks.17.conv2,0.009775160811841488
156,blocks.17.gate_conv,0.0005080954870209098
156,blocks.18.conv1,0.011894501745700836
156,blocks.18.conv2,0.009917127899825573
156,blocks.18.gate_conv,0.0006637616315856576
156,blocks.19.conv1,0.010577036067843437
156,blocks.19.conv2,0.008711224421858788
156,blocks.19.gate_conv,0.0006242189556360245
156,blocks.20.conv1,0.011951930820941925
156,blocks.20.conv2,0.009901308454573154
156,blocks.20.gate_conv,0.0006768231396563351
156,blocks.21.conv1,0.013063106685876846
156,blocks.21.conv2,0.009805855341255665
156,blocks.21.gate_conv,0.0008009723969735205
156,blocks.22.conv1,0.012037817388772964
156,blocks.22.conv2,0.009827068075537682
156,blocks.22.gate_conv,0.0006882298039272428
156,blocks.23.conv1,0.010929006151854992
156,blocks.23.conv2,0.009572862647473812
156,blocks.23.gate_conv,0.0005340211791917682
156,blocks.24.conv1,0.012159710749983788
156,blocks.24.conv2,0.011143725365400314
156,blocks.24.gate_conv,0.0012863092124462128
156,blocks.25.conv1,0.012381223030388355
156,blocks.25.conv2,0.010965658351778984
156,blocks.25.gate_conv,0.0028987545520067215
156,blocks.26.conv1,0.011382312513887882
156,blocks.26.conv2,0.009770099073648453
156,blocks.26.gate_conv,0.0008142135920934379
156,blocks.27.conv1,0.01428042072802782
156,blocks.27.conv2,0.01014384813606739
156,blocks.27.gate_conv,0.0014276886358857155
156,blocks.28.conv1,0.015635792165994644
156,blocks.28.conv2,0.013379747048020363
156,blocks.28.gate_conv,0.001280688913539052
156,blocks.29.conv1,0.01741207018494606
156,blocks.29.conv2,0.012447704561054707
156,blocks.29.gate_conv,0.0020506358705461025
156,blocks.30.conv1,0.013296256773173809
156,blocks.30.conv2,0.010096506215631962
156,blocks.30.gate_conv,0.0016178544610738754
156,blocks.31.conv1,0.010077472776174545
156,blocks.31.conv2,0.00886720884591341
156,blocks.31.gate_conv,0.0007794135017320514
156,mean_conv2d_grad_norm,0.009464770857335943
157,stem.0,0.005596113856881857
157,blocks.0.conv1,0.008193115703761578
157,blocks.0.conv2,0.008512159809470177
157,blocks.0.gate_conv,0.00043065939098596573
157,blocks.1.conv1,0.007306267973035574
157,blocks.1.conv2,0.00807490386068821
157,blocks.1.gate_conv,0.00029599873232655227
157,blocks.2.conv1,0.006761359982192516
157,blocks.2.conv2,0.006573486607521772
157,blocks.2.gate_conv,0.0003160169580951333
157,blocks.3.conv1,0.006833625491708517
157,blocks.3.conv2,0.005952853709459305
157,blocks.3.gate_conv,0.000293904246063903
157,blocks.4.conv1,0.006265941075980663
157,blocks.4.conv2,0.005382600240409374
157,blocks.4.gate_conv,0.0003878499264828861
157,blocks.5.conv1,0.005876797717064619
157,blocks.5.conv2,0.005026059225201607
157,blocks.5.gate_conv,0.0004298258572816849
157,blocks.6.conv1,0.005614095367491245
157,blocks.6.conv2,0.004669496789574623
157,blocks.6.gate_conv,0.0003282628022134304
157,blocks.7.conv1,0.005233979318290949
157,blocks.7.conv2,0.00473901629447937
157,blocks.7.gate_conv,0.00042334452155046165
157,blocks.8.conv1,0.004822952207177877
157,blocks.8.conv2,0.0040632882155478
157,blocks.8.gate_conv,0.00021827495947945863
157,blocks.9.conv1,0.00476583419367671
157,blocks.9.conv2,0.004064232110977173
157,blocks.9.gate_conv,0.0003131599514745176
157,blocks.10.conv1,0.0046406155452132225
157,blocks.10.conv2,0.004149076994508505
157,blocks.10.gate_conv,0.00025721630663610995
157,blocks.11.conv1,0.004226755350828171
157,blocks.11.conv2,0.0035551355686038733
157,blocks.11.gate_conv,0.00022274469665717334
157,blocks.12.conv1,0.003925272263586521
157,blocks.12.conv2,0.003192590782418847
157,blocks.12.gate_conv,0.0002369430148974061
157,blocks.13.conv1,0.0036540545988827944
157,blocks.13.conv2,0.0033464347943663597
157,blocks.13.gate_conv,0.00026483734836801887
157,blocks.14.conv1,0.0038815923035144806
157,blocks.14.conv2,0.00299147074110806
157,blocks.14.gate_conv,0.0002233234845334664
157,blocks.15.conv1,0.003701338078826666
157,blocks.15.conv2,0.003024146193638444
157,blocks.15.gate_conv,0.0002162997261621058
157,blocks.16.conv1,0.0036669711116701365
157,blocks.16.conv2,0.0028826305642724037
157,blocks.16.gate_conv,0.0001974904298549518
157,blocks.17.conv1,0.0036976884584873915
157,blocks.17.conv2,0.0031286750454455614
157,blocks.17.gate_conv,0.00015529323718510568
157,blocks.18.conv1,0.0034337881952524185
157,blocks.18.conv2,0.003126610303297639
157,blocks.18.gate_conv,0.00023826885444577783
157,blocks.19.conv1,0.0033468028996139765
157,blocks.19.conv2,0.0025604646652936935
157,blocks.19.gate_conv,0.0001441189815523103
157,blocks.20.conv1,0.0033469630870968103
157,blocks.20.conv2,0.0029734305571764708
157,blocks.20.gate_conv,0.00021822693815920502
157,blocks.21.conv1,0.0036476943641901016
157,blocks.21.conv2,0.0027968883514404297
157,blocks.21.gate_conv,0.00026498871739022434
157,blocks.22.conv1,0.0036555312108248472
157,blocks.22.conv2,0.0028456628788262606
157,blocks.22.gate_conv,0.00019471455016173422
157,blocks.23.conv1,0.0038285141345113516
157,blocks.23.conv2,0.0031262098345905542
157,blocks.23.gate_conv,0.00022207506117410958
157,blocks.24.conv1,0.0038475010078400373
157,blocks.24.conv2,0.0032484889961779118
157,blocks.24.gate_conv,0.0006140416953712702
157,blocks.25.conv1,0.0037157346960157156
157,blocks.25.conv2,0.0030816991347819567
157,blocks.25.gate_conv,0.0007280156714841723
157,blocks.26.conv1,0.003491251729428768
157,blocks.26.conv2,0.0029638768173754215
157,blocks.26.gate_conv,0.0002084772422676906
157,blocks.27.conv1,0.004675058647990227
157,blocks.27.conv2,0.0035354553256183863
157,blocks.27.gate_conv,0.0007264637388288975
157,blocks.28.conv1,0.004524094518274069
157,blocks.28.conv2,0.0036011526826769114
157,blocks.28.gate_conv,0.0004732155939564109
157,blocks.29.conv1,0.004970588255673647
157,blocks.29.conv2,0.003536100732162595
157,blocks.29.gate_conv,0.0005150584620423615
157,blocks.30.conv1,0.004331992007791996
157,blocks.30.conv2,0.003064570249989629
157,blocks.30.gate_conv,0.00036784951225854456
157,blocks.31.conv1,0.002993769710883498
157,blocks.31.conv2,0.002827533520758152
157,blocks.31.gate_conv,0.00016425921057816595
157,mean_conv2d_grad_norm,0.002983312128674594
158,stem.0,0.041698019951581955
158,blocks.0.conv1,0.047118548303842545
158,blocks.0.conv2,0.049373939633369446
158,blocks.0.gate_conv,0.0011655763955786824
158,blocks.1.conv1,0.051451608538627625
158,blocks.1.conv2,0.049543846398591995
158,blocks.1.gate_conv,0.0014575831592082977
158,blocks.2.conv1,0.04509016498923302
158,blocks.2.conv2,0.042626455426216125
158,blocks.2.gate_conv,0.002329464303329587
158,blocks.3.conv1,0.043950699269771576
158,blocks.3.conv2,0.03704915568232536
158,blocks.3.gate_conv,0.00144347851164639
158,blocks.4.conv1,0.041208717972040176
158,blocks.4.conv2,0.03172449395060539
158,blocks.4.gate_conv,0.0013237930834293365
158,blocks.5.conv1,0.04116733372211456
158,blocks.5.conv2,0.037338078022003174
158,blocks.5.gate_conv,0.0021837856620550156
158,blocks.6.conv1,0.03708050400018692
158,blocks.6.conv2,0.03031269647181034
158,blocks.6.gate_conv,0.0016128103015944362
158,blocks.7.conv1,0.034945469349622726
158,blocks.7.conv2,0.02973725087940693
158,blocks.7.gate_conv,0.002368278568610549
158,blocks.8.conv1,0.033675216138362885
158,blocks.8.conv2,0.027384759858250618
158,blocks.8.gate_conv,0.0012334388447925448
158,blocks.9.conv1,0.030951768159866333
158,blocks.9.conv2,0.024765964597463608
158,blocks.9.gate_conv,0.0015423549339175224
158,blocks.10.conv1,0.02831428125500679
158,blocks.10.conv2,0.020522993057966232
158,blocks.10.gate_conv,0.0009982844348996878
158,blocks.11.conv1,0.02379404567182064
158,blocks.11.conv2,0.022048478946089745
158,blocks.11.gate_conv,0.0014152807416394353
158,blocks.12.conv1,0.025822656229138374
158,blocks.12.conv2,0.01882932148873806
158,blocks.12.gate_conv,0.0007612283807247877
158,blocks.13.conv1,0.02081535942852497
158,blocks.13.conv2,0.016866523772478104
158,blocks.13.gate_conv,0.0008763327496126294
158,blocks.14.conv1,0.022432347759604454
158,blocks.14.conv2,0.01805052161216736
158,blocks.14.gate_conv,0.0008279253379441798
158,blocks.15.conv1,0.02085154876112938
158,blocks.15.conv2,0.019125957041978836
158,blocks.15.gate_conv,0.0008548001642338932
158,blocks.16.conv1,0.019506869837641716
158,blocks.16.conv2,0.015378854237496853
158,blocks.16.gate_conv,0.0013387359213083982
158,blocks.17.conv1,0.022440491244196892
158,blocks.17.conv2,0.01724962890148163
158,blocks.17.gate_conv,0.0006241201190277934
158,blocks.18.conv1,0.020858628675341606
158,blocks.18.conv2,0.016406837850809097
158,blocks.18.gate_conv,0.0006073717377148569
158,blocks.19.conv1,0.019647255539894104
158,blocks.19.conv2,0.016947107389569283
158,blocks.19.gate_conv,0.0008495316142216325
158,blocks.20.conv1,0.02179739437997341
158,blocks.20.conv2,0.01757419854402542
158,blocks.20.gate_conv,0.0011429688893258572
158,blocks.21.conv1,0.01953141950070858
158,blocks.21.conv2,0.01684422604739666
158,blocks.21.gate_conv,0.0009264830150641501
158,blocks.22.conv1,0.017958344891667366
158,blocks.22.conv2,0.014253013767302036
158,blocks.22.gate_conv,0.0008150553912855685
158,blocks.23.conv1,0.02110348269343376
158,blocks.23.conv2,0.017533281818032265
158,blocks.23.gate_conv,0.000851827731821686
158,blocks.24.conv1,0.01936994306743145
158,blocks.24.conv2,0.016983402892947197
158,blocks.24.gate_conv,0.001195824588648975
158,blocks.25.conv1,0.01859942078590393
158,blocks.25.conv2,0.014128939248621464
158,blocks.25.gate_conv,0.0019643425475806
158,blocks.26.conv1,0.017586134374141693
158,blocks.26.conv2,0.014668848365545273
158,blocks.26.gate_conv,0.0006002812879160047
158,blocks.27.conv1,0.01608063280582428
158,blocks.27.conv2,0.014125373214483261
158,blocks.27.gate_conv,0.0008754790760576725
158,blocks.28.conv1,0.02266625128686428
158,blocks.28.conv2,0.019214916974306107
158,blocks.28.gate_conv,0.0013341919984668493
158,blocks.29.conv1,0.022878319025039673
158,blocks.29.conv2,0.016835127025842667
158,blocks.29.gate_conv,0.002998882904648781
158,blocks.30.conv1,0.020843790844082832
158,blocks.30.conv2,0.014404690824449062
158,blocks.30.gate_conv,0.000780212867539376
158,blocks.31.conv1,0.013638414442539215
158,blocks.31.conv2,0.010905043222010136
158,blocks.31.gate_conv,0.0007627559825778008
158,mean_conv2d_grad_norm,0.017254551456756313
159,stem.0,0.00920176412910223
159,blocks.0.conv1,0.00893589947372675
159,blocks.0.conv2,0.010552394203841686
159,blocks.0.gate_conv,0.0003196197503712028
159,blocks.1.conv1,0.01109733060002327
159,blocks.1.conv2,0.011740049347281456
159,blocks.1.gate_conv,0.0002840871748048812
159,blocks.2.conv1,0.010955034755170345
159,blocks.2.conv2,0.010210392996668816
159,blocks.2.gate_conv,0.0005740585038438439
159,blocks.3.conv1,0.010487601161003113
159,blocks.3.conv2,0.009690073318779469
159,blocks.3.gate_conv,0.00040344553417526186
159,blocks.4.conv1,0.009920929558575153
159,blocks.4.conv2,0.008802005089819431
159,blocks.4.gate_conv,0.00043361284770071507
159,blocks.5.conv1,0.009412668645381927
159,blocks.5.conv2,0.0089622363448143
159,blocks.5.gate_conv,0.0006334978388622403
159,blocks.6.conv1,0.008316569961607456
159,blocks.6.conv2,0.007361636031419039
159,blocks.6.gate_conv,0.0005481746629811823
159,blocks.7.conv1,0.00823721569031477
159,blocks.7.conv2,0.007383665535598993
159,blocks.7.gate_conv,0.0006046495400369167
159,blocks.8.conv1,0.007700811605900526
159,blocks.8.conv2,0.0062436000443995
159,blocks.8.gate_conv,0.00029076053760945797
159,blocks.9.conv1,0.006990669295191765
159,blocks.9.conv2,0.006269508507102728
159,blocks.9.gate_conv,0.00034106915700249374
159,blocks.10.conv1,0.006864272058010101
159,blocks.10.conv2,0.005350217688828707
159,blocks.10.gate_conv,0.00033449410693719983
159,blocks.11.conv1,0.006163077428936958
159,blocks.11.conv2,0.005616966634988785
159,blocks.11.gate_conv,0.00048140742001123726
159,blocks.12.conv1,0.006190087646245956
159,blocks.12.conv2,0.004934018477797508
159,blocks.12.gate_conv,0.0002978864940814674
159,blocks.13.conv1,0.006066951435059309
159,blocks.13.conv2,0.004963578190654516
159,blocks.13.gate_conv,0.00029209902277216315
159,blocks.14.conv1,0.005314134992659092
159,blocks.14.conv2,0.0046936217695474625
159,blocks.14.gate_conv,0.00022611345048062503
159,blocks.15.conv1,0.005631264764815569
159,blocks.15.conv2,0.004317485261708498
159,blocks.15.gate_conv,0.00023988267639651895
159,blocks.16.conv1,0.0053592766635119915
159,blocks.16.conv2,0.004537676461040974
159,blocks.16.gate_conv,0.0002759816707111895
159,blocks.17.conv1,0.0056286645121872425
159,blocks.17.conv2,0.004616545047610998
159,blocks.17.gate_conv,0.00023873746977187693
159,blocks.18.conv1,0.005677454639226198
159,blocks.18.conv2,0.004706621170043945
159,blocks.18.gate_conv,0.0002374628820689395
159,blocks.19.conv1,0.005268322769552469
159,blocks.19.conv2,0.004384735599160194
159,blocks.19.gate_conv,0.00023411661095451564
159,blocks.20.conv1,0.005340185482054949
159,blocks.20.conv2,0.0040795630775392056
159,blocks.20.gate_conv,0.0003390961210243404
159,blocks.21.conv1,0.005157899111509323
159,blocks.21.conv2,0.00429850397631526
159,blocks.21.gate_conv,0.0002477552043274045
159,blocks.22.conv1,0.004896388854831457
159,blocks.22.conv2,0.004027377814054489
159,blocks.22.gate_conv,0.0003026027115993202
159,blocks.23.conv1,0.005308264400810003
159,blocks.23.conv2,0.00426191370934248
159,blocks.23.gate_conv,0.00021633421420119703
159,blocks.24.conv1,0.005946221761405468
159,blocks.24.conv2,0.004555548075586557
159,blocks.24.gate_conv,0.0004677358374465257
159,blocks.25.conv1,0.005747587885707617
159,blocks.25.conv2,0.004110494628548622
159,blocks.25.gate_conv,0.0006617312901653349
159,blocks.26.conv1,0.005007991101592779
159,blocks.26.conv2,0.003917514346539974
159,blocks.26.gate_conv,0.00027728418353945017
159,blocks.27.conv1,0.005165436305105686
159,blocks.27.conv2,0.004206441342830658
159,blocks.27.gate_conv,0.0003224069077987224
159,blocks.28.conv1,0.006170273292809725
159,blocks.28.conv2,0.004877208732068539
159,blocks.28.gate_conv,0.00053832569392398
159,blocks.29.conv1,0.006865527480840683
159,blocks.29.conv2,0.004807230085134506
159,blocks.29.gate_conv,0.0008093752549029887
159,blocks.30.conv1,0.005912951193749905
159,blocks.30.conv2,0.004310901742428541
159,blocks.30.gate_conv,0.0007545886910520494
159,blocks.31.conv1,0.003968055825680494
159,blocks.31.conv2,0.0034777650143951178
159,blocks.31.gate_conv,0.00038485846016556025
159,mean_conv2d_grad_norm,0.004368943573916619
160,stem.0,0.019985627382993698
160,blocks.0.conv1,0.02735169604420662
160,blocks.0.conv2,0.031487684696912766
160,blocks.0.gate_conv,0.0012524195481091738
160,blocks.1.conv1,0.025544358417391777
160,blocks.1.conv2,0.027759434655308723
160,blocks.1.gate_conv,0.000750102917663753
160,blocks.2.conv1,0.023699764162302017
160,blocks.2.conv2,0.021427396684885025
160,blocks.2.gate_conv,0.0009183235815726221
160,blocks.3.conv1,0.021342085674405098
160,blocks.3.conv2,0.019383354112505913
160,blocks.3.gate_conv,0.000849290459882468
160,blocks.4.conv1,0.021406302228569984
160,blocks.4.conv2,0.017862798646092415
160,blocks.4.gate_conv,0.0007745361654087901
160,blocks.5.conv1,0.01692013628780842
160,blocks.5.conv2,0.016067299991846085
160,blocks.5.gate_conv,0.0009141716873273253
160,blocks.6.conv1,0.016585208475589752
160,blocks.6.conv2,0.014966877177357674
160,blocks.6.gate_conv,0.0009055831469595432
160,blocks.7.conv1,0.01849195547401905
160,blocks.7.conv2,0.016290336847305298
160,blocks.7.gate_conv,0.001294496119953692
160,blocks.8.conv1,0.016196589916944504
160,blocks.8.conv2,0.013511592522263527
160,blocks.8.gate_conv,0.0006306049763225019
160,blocks.9.conv1,0.015284283086657524
160,blocks.9.conv2,0.013246091082692146
160,blocks.9.gate_conv,0.0008408083813264966
160,blocks.10.conv1,0.0157388374209404
160,blocks.10.conv2,0.013834490440785885
160,blocks.10.gate_conv,0.0005877326475456357
160,blocks.11.conv1,0.013157607056200504
160,blocks.11.conv2,0.01206066831946373
160,blocks.11.gate_conv,0.0006371971685439348
160,blocks.12.conv1,0.014004928059875965
160,blocks.12.conv2,0.010649802163243294
160,blocks.12.gate_conv,0.0005527198663912714
160,blocks.13.conv1,0.0116190230473876
160,blocks.13.conv2,0.010082135908305645
160,blocks.13.gate_conv,0.0005659759044647217
160,blocks.14.conv1,0.012850743718445301
160,blocks.14.conv2,0.013377214781939983
160,blocks.14.gate_conv,0.0007838825695216656
160,blocks.15.conv1,0.012191670946776867
160,blocks.15.conv2,0.009927977807819843
160,blocks.15.gate_conv,0.00044027273543179035
160,blocks.16.conv1,0.010581634938716888
160,blocks.16.conv2,0.008966170251369476
160,blocks.16.gate_conv,0.0007286588079296052
160,blocks.17.conv1,0.013378883711993694
160,blocks.17.conv2,0.010185097344219685
160,blocks.17.gate_conv,0.0003605968377087265
160,blocks.18.conv1,0.012066409923136234
160,blocks.18.conv2,0.011194578371942043
160,blocks.18.gate_conv,0.0009003703598864377
160,blocks.19.conv1,0.010704790242016315
160,blocks.19.conv2,0.009195138700306416
160,blocks.19.gate_conv,0.0005842959508299828
160,blocks.20.conv1,0.011428114026784897
160,blocks.20.conv2,0.009066706523299217
160,blocks.20.gate_conv,0.0005453700432553887
160,blocks.21.conv1,0.009725524112582207
160,blocks.21.conv2,0.007361260708421469
160,blocks.21.gate_conv,0.0003706562565639615
160,blocks.22.conv1,0.011705268174409866
160,blocks.22.conv2,0.009438352659344673
160,blocks.22.gate_conv,0.0006436170660890639
160,blocks.23.conv1,0.010898650623857975
160,blocks.23.conv2,0.00833449512720108
160,blocks.23.gate_conv,0.00030890648486092687
160,blocks.24.conv1,0.013630295172333717
160,blocks.24.conv2,0.01143072359263897
160,blocks.24.gate_conv,0.001500526792369783
160,blocks.25.conv1,0.01014660857617855
160,blocks.25.conv2,0.007692321203649044
160,blocks.25.gate_conv,0.0008104895241558552
160,blocks.26.conv1,0.010536222718656063
160,blocks.26.conv2,0.00981427077203989
160,blocks.26.gate_conv,0.000700424425303936
160,blocks.27.conv1,0.011098862625658512
160,blocks.27.conv2,0.00902030523866415
160,blocks.27.gate_conv,0.0006110005779191852
160,blocks.28.conv1,0.014812923967838287
160,blocks.28.conv2,0.010435361415147781
160,blocks.28.gate_conv,0.000761212024372071
160,blocks.29.conv1,0.014552697539329529
160,blocks.29.conv2,0.010385183617472649
160,blocks.29.gate_conv,0.0013707494363188744
160,blocks.30.conv1,0.014706353656947613
160,blocks.30.conv2,0.010691128671169281
160,blocks.30.gate_conv,0.0007503837696276605
160,blocks.31.conv1,0.009830035269260406
160,blocks.31.conv2,0.00926406029611826
160,blocks.31.gate_conv,0.0005527237080968916
160,mean_conv2d_grad_norm,0.009595695906738779
161,stem.0,0.011953514069318771
161,blocks.0.conv1,0.009607633575797081
161,blocks.0.conv2,0.010422131977975368
161,blocks.0.gate_conv,0.0003477404243312776
161,blocks.1.conv1,0.010676272213459015
161,blocks.1.conv2,0.01107777375727892
161,blocks.1.gate_conv,0.00033020394039340317
161,blocks.2.conv1,0.010278663598001003
161,blocks.2.conv2,0.010040583088994026
161,blocks.2.gate_conv,0.0007659628754481673
161,blocks.3.conv1,0.009711937978863716
161,blocks.3.conv2,0.009416629560291767
161,blocks.3.gate_conv,0.0003286023857071996
161,blocks.4.conv1,0.009727302938699722
161,blocks.4.conv2,0.008345156908035278
161,blocks.4.gate_conv,0.0004336731799412519
161,blocks.5.conv1,0.009298319928348064
161,blocks.5.conv2,0.008186866529285908
161,blocks.5.gate_conv,0.0005247290246188641
161,blocks.6.conv1,0.008303769864141941
161,blocks.6.conv2,0.007289058528840542
161,blocks.6.gate_conv,0.0004980578669346869
161,blocks.7.conv1,0.008102959021925926
161,blocks.7.conv2,0.007275903131812811
161,blocks.7.gate_conv,0.0006786469602957368
161,blocks.8.conv1,0.008050801232457161
161,blocks.8.conv2,0.00693475129082799
161,blocks.8.gate_conv,0.00040936883306130767
161,blocks.9.conv1,0.0074288747273385525
161,blocks.9.conv2,0.006659179460257292
161,blocks.9.gate_conv,0.00038459314964711666
161,blocks.10.conv1,0.007109233643859625
161,blocks.10.conv2,0.006347270682454109
161,blocks.10.gate_conv,0.00034600647632032633
161,blocks.11.conv1,0.006797563284635544
161,blocks.11.conv2,0.005368161015212536
161,blocks.11.gate_conv,0.00029192512738518417
161,blocks.12.conv1,0.006666065659373999
161,blocks.12.conv2,0.005386470351368189
161,blocks.12.gate_conv,0.00029668788192793727
161,blocks.13.conv1,0.0059596095234155655
161,blocks.13.conv2,0.004781256429851055
161,blocks.13.gate_conv,0.0002534855739213526
161,blocks.14.conv1,0.006240561604499817
161,blocks.14.conv2,0.005274677183479071
161,blocks.14.gate_conv,0.00021118907898198813
161,blocks.15.conv1,0.005826446693390608
161,blocks.15.conv2,0.0049344697035849094
161,blocks.15.gate_conv,0.00038741726893931627
161,blocks.16.conv1,0.005670018028467894
161,blocks.16.conv2,0.005164801143109798
161,blocks.16.gate_conv,0.0002708930114749819
161,blocks.17.conv1,0.005453229881823063
161,blocks.17.conv2,0.0043492503464221954
161,blocks.17.gate_conv,0.00017010043666232377
161,blocks.18.conv1,0.005687166005373001
161,blocks.18.conv2,0.004347693175077438
161,blocks.18.gate_conv,0.0006249403231777251
161,blocks.19.conv1,0.004912402015179396
161,blocks.19.conv2,0.0038752646651118994
161,blocks.19.gate_conv,0.00025809946237131953
161,blocks.20.conv1,0.004799408372491598
161,blocks.20.conv2,0.004153188318014145
161,blocks.20.gate_conv,0.00019339349819347262
161,blocks.21.conv1,0.004824143368750811
161,blocks.21.conv2,0.004003896377980709
161,blocks.21.gate_conv,0.0002658402663655579
161,blocks.22.conv1,0.005068970378488302
161,blocks.22.conv2,0.004018700215965509
161,blocks.22.gate_conv,0.00025160645600408316
161,blocks.23.conv1,0.00469142897054553
161,blocks.23.conv2,0.004210789687931538
161,blocks.23.gate_conv,0.00022306127357296646
161,blocks.24.conv1,0.005642811767756939
161,blocks.24.conv2,0.00417355727404356
161,blocks.24.gate_conv,0.0003608156112022698
161,blocks.25.conv1,0.0046844566240906715
161,blocks.25.conv2,0.003909916616976261
161,blocks.25.gate_conv,0.0003484156040940434
161,blocks.26.conv1,0.004994736053049564
161,blocks.26.conv2,0.004311421420425177
161,blocks.26.gate_conv,0.0002222884795628488
161,blocks.27.conv1,0.004791812971234322
161,blocks.27.conv2,0.003515001153573394
161,blocks.27.gate_conv,0.00020712964760605246
161,blocks.28.conv1,0.006503043230623007
161,blocks.28.conv2,0.004803661722689867
161,blocks.28.gate_conv,0.0003156877646688372
161,blocks.29.conv1,0.006264975760132074
161,blocks.29.conv2,0.005376983899623156
161,blocks.29.gate_conv,0.0007184802088886499
161,blocks.30.conv1,0.0075260549783706665
161,blocks.30.conv2,0.005884165409952402
161,blocks.30.gate_conv,0.00037066361983306706
161,blocks.31.conv1,0.005371115170419216
161,blocks.31.conv2,0.005025720689445734
161,blocks.31.gate_conv,0.0003167135000694543
161,mean_conv2d_grad_norm,0.004423670866616675
162,stem.0,0.009074104018509388
162,blocks.0.conv1,0.01043755654245615
162,blocks.0.conv2,0.012044128030538559
162,blocks.0.gate_conv,0.0003744906571228057
162,blocks.1.conv1,0.011856830678880215
162,blocks.1.conv2,0.013228564523160458
162,blocks.1.gate_conv,0.00035377294989302754
162,blocks.2.conv1,0.012040707282721996
162,blocks.2.conv2,0.01156360562890768
162,blocks.2.gate_conv,0.0007180599495768547
162,blocks.3.conv1,0.011754117906093597
162,blocks.3.conv2,0.011133295483887196
162,blocks.3.gate_conv,0.0005425048293545842
162,blocks.4.conv1,0.012460856698453426
162,blocks.4.conv2,0.011286548338830471
162,blocks.4.gate_conv,0.0005400792579166591
162,blocks.5.conv1,0.010671215131878853
162,blocks.5.conv2,0.009841158986091614
162,blocks.5.gate_conv,0.0005990731879137456
162,blocks.6.conv1,0.009924919344484806
162,blocks.6.conv2,0.00821493100374937
162,blocks.6.gate_conv,0.0006503385375253856
162,blocks.7.conv1,0.010227266699075699
162,blocks.7.conv2,0.008333556354045868
162,blocks.7.gate_conv,0.0004840568290092051
162,blocks.8.conv1,0.009171011857688427
162,blocks.8.conv2,0.007556332740932703
162,blocks.8.gate_conv,0.00042042459244839847
162,blocks.9.conv1,0.008470832370221615
162,blocks.9.conv2,0.007366245146840811
162,blocks.9.gate_conv,0.00039826842839829624
162,blocks.10.conv1,0.009106145240366459
162,blocks.10.conv2,0.00831411499530077
162,blocks.10.gate_conv,0.00045228275121189654
162,blocks.11.conv1,0.007995089516043663
162,blocks.11.conv2,0.006963791325688362
162,blocks.11.gate_conv,0.00046863211900927126
162,blocks.12.conv1,0.007194348145276308
162,blocks.12.conv2,0.006065800786018372
162,blocks.12.gate_conv,0.0003096979053225368
162,blocks.13.conv1,0.006872648373246193
162,blocks.13.conv2,0.005750211887061596
162,blocks.13.gate_conv,0.00029547978192567825
162,blocks.14.conv1,0.007059935480356216
162,blocks.14.conv2,0.005929479841142893
162,blocks.14.gate_conv,0.00023544648138340563
162,blocks.15.conv1,0.0064999936148524284
162,blocks.15.conv2,0.0065732053481042385
162,blocks.15.gate_conv,0.00028658710652962327
162,blocks.16.conv1,0.0065590329468250275
162,blocks.16.conv2,0.006041662767529488
162,blocks.16.gate_conv,0.0003891357919201255
162,blocks.17.conv1,0.006851052399724722
162,blocks.17.conv2,0.005829382687807083
162,blocks.17.gate_conv,0.00021715484035667032
162,blocks.18.conv1,0.006388095207512379
162,blocks.18.conv2,0.0052916500717401505
162,blocks.18.gate_conv,0.0002477315429132432
162,blocks.19.conv1,0.005970128811895847
162,blocks.19.conv2,0.005142722278833389
162,blocks.19.gate_conv,0.0003002024895977229
162,blocks.20.conv1,0.007539505138993263
162,blocks.20.conv2,0.0055955094285309315
162,blocks.20.gate_conv,0.0002665537758730352
162,blocks.21.conv1,0.007389930542558432
162,blocks.21.conv2,0.006119579076766968
162,blocks.21.gate_conv,0.00038907976704649627
162,blocks.22.conv1,0.006631099618971348
162,blocks.22.conv2,0.005980130285024643
162,blocks.22.gate_conv,0.0003957487642765045
162,blocks.23.conv1,0.006997225806117058
162,blocks.23.conv2,0.005003499332815409
162,blocks.23.gate_conv,0.00026865111431106925
162,blocks.24.conv1,0.006517959758639336
162,blocks.24.conv2,0.005628010258078575
162,blocks.24.gate_conv,0.0004733263049274683
162,blocks.25.conv1,0.008101130835711956
162,blocks.25.conv2,0.006062965840101242
162,blocks.25.gate_conv,0.0006756856455467641
162,blocks.26.conv1,0.007987342774868011
162,blocks.26.conv2,0.006414503790438175
162,blocks.26.gate_conv,0.0003441272128839046
162,blocks.27.conv1,0.009224948473274708
162,blocks.27.conv2,0.006138754542917013
162,blocks.27.gate_conv,0.0005968162440694869
162,blocks.28.conv1,0.00928034633398056
162,blocks.28.conv2,0.006455244496464729
162,blocks.28.gate_conv,0.0009107799269258976
162,blocks.29.conv1,0.009060674346983433
162,blocks.29.conv2,0.005907543934881687
162,blocks.29.gate_conv,0.0007194584468379617
162,blocks.30.conv1,0.007540800143033266
162,blocks.30.conv2,0.00558748934417963
162,blocks.30.gate_conv,0.0005444221314974129
162,blocks.31.conv1,0.005577128380537033
162,blocks.31.conv2,0.00509058078750968
162,blocks.31.gate_conv,0.00032867371919564903
162,mean_conv2d_grad_norm,0.005413246627287344
163,stem.0,0.009847739711403847
163,blocks.0.conv1,0.011573930270969868
163,blocks.0.conv2,0.013326187618076801
163,blocks.0.gate_conv,0.00038137767114676535
163,blocks.1.conv1,0.013456269167363644
163,blocks.1.conv2,0.014266641810536385
163,blocks.1.gate_conv,0.0004330005613155663
163,blocks.2.conv1,0.013042541220784187
163,blocks.2.conv2,0.012833083048462868
163,blocks.2.gate_conv,0.0006084173219278455
163,blocks.3.conv1,0.012885716743767262
163,blocks.3.conv2,0.011153963394463062
163,blocks.3.gate_conv,0.0004932204610668123
163,blocks.4.conv1,0.010986613109707832
163,blocks.4.conv2,0.010616639629006386
163,blocks.4.gate_conv,0.0004993602633476257
163,blocks.5.conv1,0.01136037241667509
163,blocks.5.conv2,0.010095409117639065
163,blocks.5.gate_conv,0.001066656201146543
163,blocks.6.conv1,0.009637885726988316
163,blocks.6.conv2,0.008330635726451874
163,blocks.6.gate_conv,0.0005890795728191733
163,blocks.7.conv1,0.009050153195858002
163,blocks.7.conv2,0.007951878942549229
163,blocks.7.gate_conv,0.0006033554673194885
163,blocks.8.conv1,0.00885595753788948
163,blocks.8.conv2,0.007549868430942297
163,blocks.8.gate_conv,0.0004391512193251401
163,blocks.9.conv1,0.00929985847324133
163,blocks.9.conv2,0.007951799780130386
163,blocks.9.gate_conv,0.0004659243568312377
163,blocks.10.conv1,0.008360994048416615
163,blocks.10.conv2,0.00701134605333209
163,blocks.10.gate_conv,0.0005412335158325732
163,blocks.11.conv1,0.00806293822824955
163,blocks.11.conv2,0.007240280508995056
163,blocks.11.gate_conv,0.00039387523429468274
163,blocks.12.conv1,0.007240154314786196
163,blocks.12.conv2,0.0062343161553144455
163,blocks.12.gate_conv,0.00032196854590438306
163,blocks.13.conv1,0.006934514734894037
163,blocks.13.conv2,0.005329352803528309
163,blocks.13.gate_conv,0.0003228818823117763
163,blocks.14.conv1,0.006671703886240721
163,blocks.14.conv2,0.0059403786435723305
163,blocks.14.gate_conv,0.0003295180795248598
163,blocks.15.conv1,0.006228125188499689
163,blocks.15.conv2,0.005538439378142357
163,blocks.15.gate_conv,0.0002848932927008718
163,blocks.16.conv1,0.006398287136107683
163,blocks.16.conv2,0.006051244214177132
163,blocks.16.gate_conv,0.00042166447383351624
163,blocks.17.conv1,0.006464763078838587
163,blocks.17.conv2,0.005618480034172535
163,blocks.17.gate_conv,0.0002722543722484261
163,blocks.18.conv1,0.0067788283340632915
163,blocks.18.conv2,0.0056728520430624485
163,blocks.18.gate_conv,0.00046631955774500966
163,blocks.19.conv1,0.0062864734791219234
163,blocks.19.conv2,0.0051193274557590485
163,blocks.19.gate_conv,0.00030801157117821276
163,blocks.20.conv1,0.006360690109431744
163,blocks.20.conv2,0.005691630765795708
163,blocks.20.gate_conv,0.0002916789671871811
163,blocks.21.conv1,0.0073980893939733505
163,blocks.21.conv2,0.005507944617420435
163,blocks.21.gate_conv,0.0005299524054862559
163,blocks.22.conv1,0.006460490636527538
163,blocks.22.conv2,0.005234461277723312
163,blocks.22.gate_conv,0.000271977303782478
163,blocks.23.conv1,0.005889633670449257
163,blocks.23.conv2,0.004719265270978212
163,blocks.23.gate_conv,0.00034335925010964274
163,blocks.24.conv1,0.00671731261536479
163,blocks.24.conv2,0.00516947777941823
163,blocks.24.gate_conv,0.00042279597255401313
163,blocks.25.conv1,0.006178667768836021
163,blocks.25.conv2,0.004219389520585537
163,blocks.25.gate_conv,0.00047592786722816527
163,blocks.26.conv1,0.005578175187110901
163,blocks.26.conv2,0.004565405193716288
163,blocks.26.gate_conv,0.000285086571238935
163,blocks.27.conv1,0.006413178984075785
163,blocks.27.conv2,0.005104193463921547
163,blocks.27.gate_conv,0.0003558793105185032
163,blocks.28.conv1,0.007540610618889332
163,blocks.28.conv2,0.0055399551056325436
163,blocks.28.gate_conv,0.0005401517264544964
163,blocks.29.conv1,0.008028360083699226
163,blocks.29.conv2,0.006213610991835594
163,blocks.29.gate_conv,0.0005094602820463479
163,blocks.30.conv1,0.0073214247822761536
163,blocks.30.conv2,0.005803132429718971
163,blocks.30.gate_conv,0.0005539358244277537
163,blocks.31.conv1,0.005004911217838526
163,blocks.31.conv2,0.004485768731683493
163,blocks.31.gate_conv,0.0003500608145259321
163,mean_conv2d_grad_norm,0.005243032525015092
164,stem.0,0.004805787932127714
164,blocks.0.conv1,0.0049363598227500916
164,blocks.0.conv2,0.005837383680045605
164,blocks.0.gate_conv,0.00016578001668676734
164,blocks.1.conv1,0.006322759669274092
164,blocks.1.conv2,0.0067056515254080296
164,blocks.1.gate_conv,0.00019568340212572366
164,blocks.2.conv1,0.006186068523675203
164,blocks.2.conv2,0.005847762804478407
164,blocks.2.gate_conv,0.0002433496993035078
164,blocks.3.conv1,0.005867015104740858
164,blocks.3.conv2,0.005297836847603321
164,blocks.3.gate_conv,0.0002683002967387438
164,blocks.4.conv1,0.0056333113461732864
164,blocks.4.conv2,0.004764636978507042
164,blocks.4.gate_conv,0.00023051939206197858
164,blocks.5.conv1,0.005186586640775204
164,blocks.5.conv2,0.004611854907125235
164,blocks.5.gate_conv,0.00034923545899800956
164,blocks.6.conv1,0.004865409806370735
164,blocks.6.conv2,0.004113014787435532
164,blocks.6.gate_conv,0.0002568588824942708
164,blocks.7.conv1,0.00442361319437623
164,blocks.7.conv2,0.004101296421140432
164,blocks.7.gate_conv,0.000295200472464785
164,blocks.8.conv1,0.004301039502024651
164,blocks.8.conv2,0.0038785142824053764
164,blocks.8.gate_conv,0.00019834483100567013
164,blocks.9.conv1,0.004276945721358061
164,blocks.9.conv2,0.0038173997309058905
164,blocks.9.gate_conv,0.0002357350749662146
164,blocks.10.conv1,0.004284566268324852
164,blocks.10.conv2,0.003472290700301528
164,blocks.10.gate_conv,0.0002329277340322733
164,blocks.11.conv1,0.004048996604979038
164,blocks.11.conv2,0.003470821538940072
164,blocks.11.gate_conv,0.00032821123022586107
164,blocks.12.conv1,0.00363140064291656
164,blocks.12.conv2,0.0029569698963314295
164,blocks.12.gate_conv,0.0001430428383173421
164,blocks.13.conv1,0.003160565858706832
164,blocks.13.conv2,0.002828660188242793
164,blocks.13.gate_conv,0.0001553196634631604
164,blocks.14.conv1,0.003192482516169548
164,blocks.14.conv2,0.00299269100651145
164,blocks.14.gate_conv,0.0001387466472806409
164,blocks.15.conv1,0.003333980217576027
164,blocks.15.conv2,0.002819144632667303
164,blocks.15.gate_conv,0.00019514249288477004
164,blocks.16.conv1,0.0034151740837842226
164,blocks.16.conv2,0.003088718978688121
164,blocks.16.gate_conv,0.0002580329601187259
164,blocks.17.conv1,0.0034688201267272234
164,blocks.17.conv2,0.0028582168743014336
164,blocks.17.gate_conv,0.00014898291556164622
164,blocks.18.conv1,0.0035765976645052433
164,blocks.18.conv2,0.0028271619230508804
164,blocks.18.gate_conv,0.0001639154797885567
164,blocks.19.conv1,0.0034011872485280037
164,blocks.19.conv2,0.002545058960095048
164,blocks.19.gate_conv,0.0002024107234319672
164,blocks.20.conv1,0.003398359287530184
164,blocks.20.conv2,0.0025956672616302967
164,blocks.20.gate_conv,0.00014442495012190193
164,blocks.21.conv1,0.003314659930765629
164,blocks.21.conv2,0.002513061510398984
164,blocks.21.gate_conv,0.00023724905622657388
164,blocks.22.conv1,0.003153276164084673
164,blocks.22.conv2,0.0027175787836313248
164,blocks.22.gate_conv,0.00016413663979619741
164,blocks.23.conv1,0.0033577806316316128
164,blocks.23.conv2,0.002425610553473234
164,blocks.23.gate_conv,0.0001745408371789381
164,blocks.24.conv1,0.003519827965646982
164,blocks.24.conv2,0.002746254438534379
164,blocks.24.gate_conv,0.0002981593133881688
164,blocks.25.conv1,0.0034454897977411747
164,blocks.25.conv2,0.002549807308241725
164,blocks.25.gate_conv,0.0003242609091103077
164,blocks.26.conv1,0.0031165943946689367
164,blocks.26.conv2,0.0022247934248298407
164,blocks.26.gate_conv,0.00013507858966477215
164,blocks.27.conv1,0.0029885133262723684
164,blocks.27.conv2,0.00246413704007864
164,blocks.27.gate_conv,0.0001830778201110661
164,blocks.28.conv1,0.004179272335022688
164,blocks.28.conv2,0.003374379826709628
164,blocks.28.gate_conv,0.0003207173722330481
164,blocks.29.conv1,0.004448757506906986
164,blocks.29.conv2,0.0030707905534654856
164,blocks.29.gate_conv,0.0004449632833711803
164,blocks.30.conv1,0.003587346989661455
164,blocks.30.conv2,0.0029114128556102514
164,blocks.30.gate_conv,0.0002956973621621728
164,blocks.31.conv1,0.002645744476467371
164,blocks.31.conv2,0.002442873315885663
164,blocks.31.gate_conv,0.00021329523588065058
164,mean_conv2d_grad_norm,0.002594712231135399
165,stem.0,0.008849280886352062
165,blocks.0.conv1,0.009098033420741558
165,blocks.0.conv2,0.010798563249409199
165,blocks.0.gate_conv,0.0004902129876427352
165,blocks.1.conv1,0.01055065542459488
165,blocks.1.conv2,0.01171600166708231
165,blocks.1.gate_conv,0.0003581580822356045
165,blocks.2.conv1,0.010390767827630043
165,blocks.2.conv2,0.01049627922475338
165,blocks.2.gate_conv,0.0005705410148948431
165,blocks.3.conv1,0.00991508737206459
165,blocks.3.conv2,0.009155661799013615
165,blocks.3.gate_conv,0.00042758352356031537
165,blocks.4.conv1,0.009330624714493752
165,blocks.4.conv2,0.008762871846556664
165,blocks.4.gate_conv,0.000538089603651315
165,blocks.5.conv1,0.009580576792359352
165,blocks.5.conv2,0.008893391117453575
165,blocks.5.gate_conv,0.0009598799515515566
165,blocks.6.conv1,0.008356860838830471
165,blocks.6.conv2,0.007418319117277861
165,blocks.6.gate_conv,0.000505556003190577
165,blocks.7.conv1,0.008441111072897911
165,blocks.7.conv2,0.007555152289569378
165,blocks.7.gate_conv,0.0005382216768339276
165,blocks.8.conv1,0.008585670031607151
165,blocks.8.conv2,0.007004501298069954
165,blocks.8.gate_conv,0.0003246341657359153
165,blocks.9.conv1,0.007850149646401405
165,blocks.9.conv2,0.007220250554382801
165,blocks.9.gate_conv,0.00048134656390175223
165,blocks.10.conv1,0.007388928439468145
165,blocks.10.conv2,0.005740930791944265
165,blocks.10.gate_conv,0.00032718037255108356
165,blocks.11.conv1,0.0071091740392148495
165,blocks.11.conv2,0.00629712687805295
165,blocks.11.gate_conv,0.0004284667666070163
165,blocks.12.conv1,0.0066658733412623405
165,blocks.12.conv2,0.005298843141645193
165,blocks.12.gate_conv,0.0002423562400508672
165,blocks.13.conv1,0.006306550465524197
165,blocks.13.conv2,0.00526301097124815
165,blocks.13.gate_conv,0.0003188987902831286
165,blocks.14.conv1,0.006165483966469765
165,blocks.14.conv2,0.0054448745213449
165,blocks.14.gate_conv,0.00026599937700666487
165,blocks.15.conv1,0.0055417208932340145
165,blocks.15.conv2,0.004803342279046774
165,blocks.15.gate_conv,0.0002886509755626321
165,blocks.16.conv1,0.00647984491661191
165,blocks.16.conv2,0.005927222780883312
165,blocks.16.gate_conv,0.0004518281784839928
165,blocks.17.conv1,0.005630929954349995
165,blocks.17.conv2,0.004790017381310463
165,blocks.17.gate_conv,0.00018599296163301915
165,blocks.18.conv1,0.006459357216954231
165,blocks.18.conv2,0.004623314365744591
165,blocks.18.gate_conv,0.00025271630147472024
165,blocks.19.conv1,0.006079976912587881
165,blocks.19.conv2,0.005185360088944435
165,blocks.19.gate_conv,0.00021600605396088213
165,blocks.20.conv1,0.005984444171190262
165,blocks.20.conv2,0.0045577348209917545
165,blocks.20.gate_conv,0.0002281738561578095
165,blocks.21.conv1,0.006170604843646288
165,blocks.21.conv2,0.005365937016904354
165,blocks.21.gate_conv,0.0005081054987385869
165,blocks.22.conv1,0.0052800956182181835
165,blocks.22.conv2,0.004659529309719801
165,blocks.22.gate_conv,0.0002401805395493284
165,blocks.23.conv1,0.006495707668364048
165,blocks.23.conv2,0.0043878452852368355
165,blocks.23.gate_conv,0.00027384483837522566
165,blocks.24.conv1,0.006794829852879047
165,blocks.24.conv2,0.004937242716550827
165,blocks.24.gate_conv,0.0003524651692714542
165,blocks.25.conv1,0.005415630526840687
165,blocks.25.conv2,0.003833651775494218
165,blocks.25.gate_conv,0.00027113285614177585
165,blocks.26.conv1,0.005975359585136175
165,blocks.26.conv2,0.004992777016013861
165,blocks.26.gate_conv,0.0006013305974192917
165,blocks.27.conv1,0.0062750293873250484
165,blocks.27.conv2,0.004626533016562462
165,blocks.27.gate_conv,0.00042967245099134743
165,blocks.28.conv1,0.006584285758435726
165,blocks.28.conv2,0.00540446350350976
165,blocks.28.gate_conv,0.00047296739649027586
165,blocks.29.conv1,0.007213668432086706
165,blocks.29.conv2,0.005212432239204645
165,blocks.29.gate_conv,0.000634458614513278
165,blocks.30.conv1,0.006823052652180195
165,blocks.30.conv2,0.005147864110767841
165,blocks.30.gate_conv,0.000508154509589076
165,blocks.31.conv1,0.00435830419883132
165,blocks.31.conv2,0.003728412324562669
165,blocks.31.gate_conv,0.00035339707392267883
165,mean_conv2d_grad_norm,0.0046437456944330895
166,stem.0,0.00967111624777317
166,blocks.0.conv1,0.01230058167129755
166,blocks.0.conv2,0.014809120446443558
166,blocks.0.gate_conv,0.0003776100929826498
166,blocks.1.conv1,0.014516458846628666
166,blocks.1.conv2,0.016504758968949318
166,blocks.1.gate_conv,0.0004901379579678178
166,blocks.2.conv1,0.015457780100405216
166,blocks.2.conv2,0.01492506917566061
166,blocks.2.gate_conv,0.0009021332953125238
166,blocks.3.conv1,0.014486325904726982
166,blocks.3.conv2,0.014076733961701393
166,blocks.3.gate_conv,0.0006538694142363966
166,blocks.4.conv1,0.013454915024340153
166,blocks.4.conv2,0.012038789689540863
166,blocks.4.gate_conv,0.0005958968540653586
166,blocks.5.conv1,0.011883947998285294
166,blocks.5.conv2,0.010758807882666588
166,blocks.5.gate_conv,0.0007124238181859255
166,blocks.6.conv1,0.010986752808094025
166,blocks.6.conv2,0.010365692898631096
166,blocks.6.gate_conv,0.000682733254507184
166,blocks.7.conv1,0.011314143426716328
166,blocks.7.conv2,0.010457111522555351
166,blocks.7.gate_conv,0.0008296510204672813
166,blocks.8.conv1,0.011716362088918686
166,blocks.8.conv2,0.00961029902100563
166,blocks.8.gate_conv,0.00048110593343153596
166,blocks.9.conv1,0.010007818229496479
166,blocks.9.conv2,0.00896481517702341
166,blocks.9.gate_conv,0.000531839148607105
166,blocks.10.conv1,0.009956421330571175
166,blocks.10.conv2,0.009051152504980564
166,blocks.10.gate_conv,0.0005479640094563365
166,blocks.11.conv1,0.009073327295482159
166,blocks.11.conv2,0.007330271415412426
166,blocks.11.gate_conv,0.00045350499567575753
166,blocks.12.conv1,0.009055164642632008
166,blocks.12.conv2,0.0075505818240344524
166,blocks.12.gate_conv,0.00042167879291810095
166,blocks.13.conv1,0.007709180936217308
166,blocks.13.conv2,0.006237686611711979
166,blocks.13.gate_conv,0.0003592387947719544
166,blocks.14.conv1,0.008600721135735512
166,blocks.14.conv2,0.006991296540945768
166,blocks.14.gate_conv,0.0002818118373397738
166,blocks.15.conv1,0.007747459225356579
166,blocks.15.conv2,0.006237840745598078
166,blocks.15.gate_conv,0.0003751914482563734
166,blocks.16.conv1,0.007350375410169363
166,blocks.16.conv2,0.006233415100723505
166,blocks.16.gate_conv,0.0003818532859440893
166,blocks.17.conv1,0.008197682909667492
166,blocks.17.conv2,0.007070732302963734
166,blocks.17.gate_conv,0.00023756879090797156
166,blocks.18.conv1,0.007241474464535713
166,blocks.18.conv2,0.00628620432689786
166,blocks.18.gate_conv,0.00030929563217796385
166,blocks.19.conv1,0.007502606138586998
166,blocks.19.conv2,0.005770525429397821
166,blocks.19.gate_conv,0.0005050401668995619
166,blocks.20.conv1,0.006789731327444315
166,blocks.20.conv2,0.005637466907501221
166,blocks.20.gate_conv,0.0003508343652356416
166,blocks.21.conv1,0.00679402332752943
166,blocks.21.conv2,0.005694936029613018
166,blocks.21.gate_conv,0.0003503220505081117
166,blocks.22.conv1,0.008032349869608879
166,blocks.22.conv2,0.006440908182412386
166,blocks.22.gate_conv,0.0005247772787697613
166,blocks.23.conv1,0.007150469347834587
166,blocks.23.conv2,0.005300040822476149
166,blocks.23.gate_conv,0.0002476169029250741
166,blocks.24.conv1,0.008792102336883545
166,blocks.24.conv2,0.006545658223330975
166,blocks.24.gate_conv,0.00047529683797620237
166,blocks.25.conv1,0.007763448171317577
166,blocks.25.conv2,0.005637037102133036
166,blocks.25.gate_conv,0.0006783325807191432
166,blocks.26.conv1,0.006958136335015297
166,blocks.26.conv2,0.005604884121567011
166,blocks.26.gate_conv,0.00035966269206255674
166,blocks.27.conv1,0.007870710454881191
166,blocks.27.conv2,0.005957975052297115
166,blocks.27.gate_conv,0.0004078676865901798
166,blocks.28.conv1,0.008412268944084644
166,blocks.28.conv2,0.006633457262068987
166,blocks.28.gate_conv,0.0006285021081566811
166,blocks.29.conv1,0.008691222406923771
166,blocks.29.conv2,0.007251936476677656
166,blocks.29.gate_conv,0.000936248223297298
166,blocks.30.conv1,0.009904695674777031
166,blocks.30.conv2,0.007818625308573246
166,blocks.30.gate_conv,0.0008547429461032152
166,blocks.31.conv1,0.0073232934810221195
166,blocks.31.conv2,0.006534290965646505
166,blocks.31.gate_conv,0.0005671881954185665
166,mean_conv2d_grad_norm,0.006139722988927574
167,stem.0,0.013451654464006424
167,blocks.0.conv1,0.009603090584278107
167,blocks.0.conv2,0.01057718601077795
167,blocks.0.gate_conv,0.00038176795351319015
167,blocks.1.conv1,0.011094940826296806
167,blocks.1.conv2,0.012316562235355377
167,blocks.1.gate_conv,0.0003113681741524488
167,blocks.2.conv1,0.011585691012442112
167,blocks.2.conv2,0.011146117933094501
167,blocks.2.gate_conv,0.0005208445363678038
167,blocks.3.conv1,0.01082443818449974
167,blocks.3.conv2,0.010772954672574997
167,blocks.3.gate_conv,0.0005127598415128887
167,blocks.4.conv1,0.010552824474871159
167,blocks.4.conv2,0.009250052273273468
167,blocks.4.gate_conv,0.00048155704280361533
167,blocks.5.conv1,0.010588462464511395
167,blocks.5.conv2,0.008860577829182148
167,blocks.5.gate_conv,0.0005620727315545082
167,blocks.6.conv1,0.008985637687146664
167,blocks.6.conv2,0.00819697231054306
167,blocks.6.gate_conv,0.0005775839672423899
167,blocks.7.conv1,0.008895322680473328
167,blocks.7.conv2,0.007869547232985497
167,blocks.7.gate_conv,0.000574324862100184
167,blocks.8.conv1,0.008724180981516838
167,blocks.8.conv2,0.007639162242412567
167,blocks.8.gate_conv,0.00037852514651603997
167,blocks.9.conv1,0.007978768087923527
167,blocks.9.conv2,0.006858394015580416
167,blocks.9.gate_conv,0.0003577113093342632
167,blocks.10.conv1,0.007437810767441988
167,blocks.10.conv2,0.006315518636256456
167,blocks.10.gate_conv,0.0003640458162408322
167,blocks.11.conv1,0.0066741593182086945
167,blocks.11.conv2,0.005889915861189365
167,blocks.11.gate_conv,0.0005272763082757592
167,blocks.12.conv1,0.006784377153962851
167,blocks.12.conv2,0.006021737586706877
167,blocks.12.gate_conv,0.00033462163992226124
167,blocks.13.conv1,0.006750183179974556
167,blocks.13.conv2,0.005183069966733456
167,blocks.13.gate_conv,0.00031197399948723614
167,blocks.14.conv1,0.006505284458398819
167,blocks.14.conv2,0.005468445364385843
167,blocks.14.gate_conv,0.00022191970492713153
167,blocks.15.conv1,0.006182779558002949
167,blocks.15.conv2,0.005180791486054659
167,blocks.15.gate_conv,0.00027303837123326957
167,blocks.16.conv1,0.006683921907097101
167,blocks.16.conv2,0.005786856636404991
167,blocks.16.gate_conv,0.00028359907446429133
167,blocks.17.conv1,0.006567888893187046
167,blocks.17.conv2,0.005281473975628614
167,blocks.17.gate_conv,0.0002778260677587241
167,blocks.18.conv1,0.006410698406398296
167,blocks.18.conv2,0.004871183540672064
167,blocks.18.gate_conv,0.00022560602519661188
167,blocks.19.conv1,0.006064396817237139
167,blocks.19.conv2,0.005266283638775349
167,blocks.19.gate_conv,0.00024372550251428038
167,blocks.20.conv1,0.005677402019500732
167,blocks.20.conv2,0.004701495636254549
167,blocks.20.gate_conv,0.00025072545395232737
167,blocks.21.conv1,0.006698879413306713
167,blocks.21.conv2,0.005699059925973415
167,blocks.21.gate_conv,0.0005886761355213821
167,blocks.22.conv1,0.006621746812015772
167,blocks.22.conv2,0.004965073429048061
167,blocks.22.gate_conv,0.0002665962092578411
167,blocks.23.conv1,0.0057958755642175674
167,blocks.23.conv2,0.004508647136390209
167,blocks.23.gate_conv,0.00027041175053454936
167,blocks.24.conv1,0.006313181482255459
167,blocks.24.conv2,0.005336312111467123
167,blocks.24.gate_conv,0.0003903638571500778
167,blocks.25.conv1,0.0061545222997665405
167,blocks.25.conv2,0.0047279843129217625
167,blocks.25.gate_conv,0.0005068259197287261
167,blocks.26.conv1,0.006516097113490105
167,blocks.26.conv2,0.004939382430166006
167,blocks.26.gate_conv,0.0002643787593115121
167,blocks.27.conv1,0.00697191571816802
167,blocks.27.conv2,0.004897900857031345
167,blocks.27.gate_conv,0.0003044426266569644
167,blocks.28.conv1,0.007431009318679571
167,blocks.28.conv2,0.005738220643252134
167,blocks.28.gate_conv,0.0004380234458949417
167,blocks.29.conv1,0.008312901481986046
167,blocks.29.conv2,0.006398175377398729
167,blocks.29.gate_conv,0.0007570713059976697
167,blocks.30.conv1,0.007919714786112309
167,blocks.30.conv2,0.00548504339531064
167,blocks.30.gate_conv,0.000546256429515779
167,blocks.31.conv1,0.005336374044418335
167,blocks.31.conv2,0.004659838508814573
167,blocks.31.gate_conv,0.00038853517617098987
167,mean_conv2d_grad_norm,0.004964953858961025
168,stem.0,0.004199822433292866
168,blocks.0.conv1,0.006387546192854643
168,blocks.0.conv2,0.007175258360803127
168,blocks.0.gate_conv,0.0002032936317846179
168,blocks.1.conv1,0.006042760331183672
168,blocks.1.conv2,0.0062559256330132484
168,blocks.1.gate_conv,0.00017126131569966674
168,blocks.2.conv1,0.005763858091086149
168,blocks.2.conv2,0.005406307987868786
168,blocks.2.gate_conv,0.0002231006365036592
168,blocks.3.conv1,0.005401530768722296
168,blocks.3.conv2,0.005006385967135429
168,blocks.3.gate_conv,0.00032586310408078134
168,blocks.4.conv1,0.00493575120344758
168,blocks.4.conv2,0.004452466499060392
168,blocks.4.gate_conv,0.0002570484357420355
168,blocks.5.conv1,0.004578812513500452
168,blocks.5.conv2,0.004474273417145014
168,blocks.5.gate_conv,0.00030971196247264743
168,blocks.6.conv1,0.004393815528601408
168,blocks.6.conv2,0.003862835234031081
168,blocks.6.gate_conv,0.0002755276800598949
168,blocks.7.conv1,0.004443065263330936
168,blocks.7.conv2,0.004188715014606714
168,blocks.7.gate_conv,0.0003460683219600469
168,blocks.8.conv1,0.0040902732871472836
168,blocks.8.conv2,0.003627630416303873
168,blocks.8.gate_conv,0.00021659559570252895
168,blocks.9.conv1,0.0038917555939406157
168,blocks.9.conv2,0.0032252727542072535
168,blocks.9.gate_conv,0.00020999711705371737
168,blocks.10.conv1,0.0037575613241642714
168,blocks.10.conv2,0.0034834116231650114
168,blocks.10.gate_conv,0.00022948571131564677
168,blocks.11.conv1,0.003548910841345787
168,blocks.11.conv2,0.002981865778565407
168,blocks.11.gate_conv,0.0001937305205501616
168,blocks.12.conv1,0.0035978928208351135
168,blocks.12.conv2,0.002891288371756673
168,blocks.12.gate_conv,0.0001768209331203252
168,blocks.13.conv1,0.003027291502803564
168,blocks.13.conv2,0.0026448366697877645
168,blocks.13.gate_conv,0.00018929681391455233
168,blocks.14.conv1,0.0036122931633144617
168,blocks.14.conv2,0.0029136240482330322
168,blocks.14.gate_conv,0.00016342887829523534
168,blocks.15.conv1,0.003161436878144741
168,blocks.15.conv2,0.0029088659211993217
168,blocks.15.gate_conv,0.00018136056314688176
168,blocks.16.conv1,0.003248406108468771
168,blocks.16.conv2,0.0026485638227313757
168,blocks.16.gate_conv,0.00020132094505243003
168,blocks.17.conv1,0.0033215628936886787
168,blocks.17.conv2,0.002734159119427204
168,blocks.17.gate_conv,0.00013039812620263547
168,blocks.18.conv1,0.0031955288723111153
168,blocks.18.conv2,0.0025501763448119164
168,blocks.18.gate_conv,0.000202080249437131
168,blocks.19.conv1,0.002985424594953656
168,blocks.19.conv2,0.0023772858548909426
168,blocks.19.gate_conv,0.00011510773765621707
168,blocks.20.conv1,0.0031581863295286894
168,blocks.20.conv2,0.0025791970547288656
168,blocks.20.gate_conv,0.00017174298409372568
168,blocks.21.conv1,0.0028812852688133717
168,blocks.21.conv2,0.002601403510197997
168,blocks.21.gate_conv,0.00019324272579979151
168,blocks.22.conv1,0.0032303992193192244
168,blocks.22.conv2,0.002462826669216156
168,blocks.22.gate_conv,0.00017460381786804646
168,blocks.23.conv1,0.0032389769330620766
168,blocks.23.conv2,0.0024425724986940622
168,blocks.23.gate_conv,0.00011402855307096615
168,blocks.24.conv1,0.0032902793027460575
168,blocks.24.conv2,0.00279558589681983
168,blocks.24.gate_conv,0.00040816591354086995
168,blocks.25.conv1,0.0028653847984969616
168,blocks.25.conv2,0.0022269319742918015
168,blocks.25.gate_conv,0.00040306674782186747
168,blocks.26.conv1,0.0030477773398160934
168,blocks.26.conv2,0.002599582076072693
168,blocks.26.gate_conv,0.00018914154497906566
168,blocks.27.conv1,0.0038348359521478415
168,blocks.27.conv2,0.0029531067702919245
168,blocks.27.gate_conv,0.00031259015668183565
168,blocks.28.conv1,0.004033834673464298
168,blocks.28.conv2,0.002966234926134348
168,blocks.28.gate_conv,0.0004023537621833384
168,blocks.29.conv1,0.004254866857081652
168,blocks.29.conv2,0.003095570718869567
168,blocks.29.gate_conv,0.0006292624166235328
168,blocks.30.conv1,0.0036014653742313385
168,blocks.30.conv2,0.002852336736395955
168,blocks.30.gate_conv,0.00040753616485744715
168,blocks.31.conv1,0.0026560951955616474
168,blocks.31.conv2,0.0025800990406423807
168,blocks.31.gate_conv,0.00017331037088297307
168,mean_conv2d_grad_norm,0.0025107611092851623
169,stem.0,0.00960141234099865
169,blocks.0.conv1,0.007999444380402565
169,blocks.0.conv2,0.007201389409601688
169,blocks.0.gate_conv,0.00021824962459504604
169,blocks.1.conv1,0.007832558825612068
169,blocks.1.conv2,0.007512293756008148
169,blocks.1.gate_conv,0.00019027608504984528
169,blocks.2.conv1,0.007557920180261135
169,blocks.2.conv2,0.007392199710011482
169,blocks.2.gate_conv,0.0003369633050169796
169,blocks.3.conv1,0.007589524146169424
169,blocks.3.conv2,0.006702790968120098
169,blocks.3.gate_conv,0.00031400396255776286
169,blocks.4.conv1,0.006557886488735676
169,blocks.4.conv2,0.005959836300462484
169,blocks.4.gate_conv,0.0002795493637677282
169,blocks.5.conv1,0.006749585270881653
169,blocks.5.conv2,0.006270281504839659
169,blocks.5.gate_conv,0.00041284767212346196
169,blocks.6.conv1,0.005624950397759676
169,blocks.6.conv2,0.005862242542207241
169,blocks.6.gate_conv,0.00045009402674622834
169,blocks.7.conv1,0.005750654730945826
169,blocks.7.conv2,0.005154427140951157
169,blocks.7.gate_conv,0.00045016483636572957
169,blocks.8.conv1,0.00617739325389266
169,blocks.8.conv2,0.005263130180537701
169,blocks.8.gate_conv,0.00020300195319578052
169,blocks.9.conv1,0.005368056241422892
169,blocks.9.conv2,0.0048312474973499775
169,blocks.9.gate_conv,0.0003033307148143649
169,blocks.10.conv1,0.004772369749844074
169,blocks.10.conv2,0.0042535592801868916
169,blocks.10.gate_conv,0.00021627881505992264
169,blocks.11.conv1,0.004844408482313156
169,blocks.11.conv2,0.004482171032577753
169,blocks.11.gate_conv,0.0004076668410561979
169,blocks.12.conv1,0.004102419596165419
169,blocks.12.conv2,0.003717047395184636
169,blocks.12.gate_conv,0.00019182263349648565
169,blocks.13.conv1,0.004271657671779394
169,blocks.13.conv2,0.003494605654850602
169,blocks.13.gate_conv,0.00018869258929044008
169,blocks.14.conv1,0.003986702766269445
169,blocks.14.conv2,0.003243404673412442
169,blocks.14.gate_conv,0.00014001884846948087
169,blocks.15.conv1,0.004168663639575243
169,blocks.15.conv2,0.0031311449129134417
169,blocks.15.gate_conv,0.00017749774269759655
169,blocks.16.conv1,0.004137243144214153
169,blocks.16.conv2,0.0033581533934921026
169,blocks.16.gate_conv,0.000246510753640905
169,blocks.17.conv1,0.0038089961744844913
169,blocks.17.conv2,0.0030208562966436148
169,blocks.17.gate_conv,0.00011204810289200395
169,blocks.18.conv1,0.00417540967464447
169,blocks.18.conv2,0.0031647183932363987
169,blocks.18.gate_conv,0.0001301916199736297
169,blocks.19.conv1,0.004205580335110426
169,blocks.19.conv2,0.0031936736777424812
169,blocks.19.gate_conv,0.00016371635138057172
169,blocks.20.conv1,0.00425546383485198
169,blocks.20.conv2,0.002883599605411291
169,blocks.20.gate_conv,0.00012262474047020078
169,blocks.21.conv1,0.0037500346079468727
169,blocks.21.conv2,0.003019351977854967
169,blocks.21.gate_conv,0.00019478258036542684
169,blocks.22.conv1,0.003907222766429186
169,blocks.22.conv2,0.002868268173187971
169,blocks.22.gate_conv,0.00019350580987520516
169,blocks.23.conv1,0.003921258728951216
169,blocks.23.conv2,0.0029407120309770107
169,blocks.23.gate_conv,0.00015687242557760328
169,blocks.24.conv1,0.004120444878935814
169,blocks.24.conv2,0.003284806851297617
169,blocks.24.gate_conv,0.0002606332709547132
169,blocks.25.conv1,0.003910603001713753
169,blocks.25.conv2,0.002789561403915286
169,blocks.25.gate_conv,0.000408999650971964
169,blocks.26.conv1,0.0034661339595913887
169,blocks.26.conv2,0.0026120017282664776
169,blocks.26.gate_conv,0.000143364435643889
169,blocks.27.conv1,0.003332976484671235
169,blocks.27.conv2,0.002739144489169121
169,blocks.27.gate_conv,0.0001880841882666573
169,blocks.28.conv1,0.004635436460375786
169,blocks.28.conv2,0.003223525593057275
169,blocks.28.gate_conv,0.0002729186089709401
169,blocks.29.conv1,0.004599519539624453
169,blocks.29.conv2,0.0035516389179974794
169,blocks.29.gate_conv,0.00072817801265046
169,blocks.30.conv1,0.004138631746172905
169,blocks.30.conv2,0.002985859289765358
169,blocks.30.gate_conv,0.0002365016844123602
169,blocks.31.conv1,0.0030347227584570646
169,blocks.31.conv2,0.002794079016894102
169,blocks.31.gate_conv,0.00020543579012155533
169,mean_conv2d_grad_norm,0.0031701220216267963
170,stem.0,0.015626415610313416
170,blocks.0.conv1,0.01474699191749096
170,blocks.0.conv2,0.018088731914758682
170,blocks.0.gate_conv,0.0004905587993562222
170,blocks.1.conv1,0.017893128097057343
170,blocks.1.conv2,0.018800785765051842
170,blocks.1.gate_conv,0.0005646263598464429
170,blocks.2.conv1,0.01721179485321045
170,blocks.2.conv2,0.017481952905654907
170,blocks.2.gate_conv,0.0008150273934006691
170,blocks.3.conv1,0.017763471230864525
170,blocks.3.conv2,0.016136497259140015
170,blocks.3.gate_conv,0.0007818111917003989
170,blocks.4.conv1,0.017432739958167076
170,blocks.4.conv2,0.015394458547234535
170,blocks.4.gate_conv,0.0007911653374321759
170,blocks.5.conv1,0.01661030575633049
170,blocks.5.conv2,0.01561509259045124
170,blocks.5.gate_conv,0.0011679347371682525
170,blocks.6.conv1,0.013818426057696342
170,blocks.6.conv2,0.014281601645052433
170,blocks.6.gate_conv,0.0009303521947003901
170,blocks.7.conv1,0.014882947318255901
170,blocks.7.conv2,0.012024120427668095
170,blocks.7.gate_conv,0.0008669070666655898
170,blocks.8.conv1,0.013498487882316113
170,blocks.8.conv2,0.011484823189675808
170,blocks.8.gate_conv,0.0005194963305257261
170,blocks.9.conv1,0.013743069022893906
170,blocks.9.conv2,0.011714872904121876
170,blocks.9.gate_conv,0.0006643728702329099
170,blocks.10.conv1,0.012386780232191086
170,blocks.10.conv2,0.01003421563655138
170,blocks.10.gate_conv,0.000572842312976718
170,blocks.11.conv1,0.010848642326891422
170,blocks.11.conv2,0.009176849387586117
170,blocks.11.gate_conv,0.0005341977230273187
170,blocks.12.conv1,0.010386626236140728
170,blocks.12.conv2,0.00894868467003107
170,blocks.12.gate_conv,0.0005782167427241802
170,blocks.13.conv1,0.0094375628978014
170,blocks.13.conv2,0.00819643959403038
170,blocks.13.gate_conv,0.0004912217846140265
170,blocks.14.conv1,0.009413536638021469
170,blocks.14.conv2,0.008174077607691288
170,blocks.14.gate_conv,0.00037783084553666413
170,blocks.15.conv1,0.009123475290834904
170,blocks.15.conv2,0.0074898735620081425
170,blocks.15.gate_conv,0.0004017996834591031
170,blocks.16.conv1,0.010633915662765503
170,blocks.16.conv2,0.00884163100272417
170,blocks.16.gate_conv,0.00047385250218212605
170,blocks.17.conv1,0.009944030083715916
170,blocks.17.conv2,0.008663536980748177
170,blocks.17.gate_conv,0.00040261514368467033
170,blocks.18.conv1,0.00982650090008974
170,blocks.18.conv2,0.00820115301758051
170,blocks.18.gate_conv,0.00045820389641448855
170,blocks.19.conv1,0.008733711205422878
170,blocks.19.conv2,0.007304705213755369
170,blocks.19.gate_conv,0.00042424682760611176
170,blocks.20.conv1,0.009283572435379028
170,blocks.20.conv2,0.007563119288533926
170,blocks.20.gate_conv,0.0003524459316395223
170,blocks.21.conv1,0.010228044353425503
170,blocks.21.conv2,0.008197803981602192
170,blocks.21.gate_conv,0.0005669110687449574
170,blocks.22.conv1,0.010776106268167496
170,blocks.22.conv2,0.008265451528131962
170,blocks.22.gate_conv,0.0004368432273622602
170,blocks.23.conv1,0.01036167424172163
170,blocks.23.conv2,0.008137403056025505
170,blocks.23.gate_conv,0.0003992710553575307
170,blocks.24.conv1,0.009984002448618412
170,blocks.24.conv2,0.007923961617052555
170,blocks.24.gate_conv,0.0006490248488262296
170,blocks.25.conv1,0.008988568559288979
170,blocks.25.conv2,0.007685388904064894
170,blocks.25.gate_conv,0.0009251367882825434
170,blocks.26.conv1,0.008566251955926418
170,blocks.26.conv2,0.007016849238425493
170,blocks.26.gate_conv,0.0003352672210894525
170,blocks.27.conv1,0.010872827842831612
170,blocks.27.conv2,0.008359522558748722
170,blocks.27.gate_conv,0.0006875662365928292
170,blocks.28.conv1,0.013085736893117428
170,blocks.28.conv2,0.009718252345919609
170,blocks.28.gate_conv,0.0009345863363705575
170,blocks.29.conv1,0.01242163684219122
170,blocks.29.conv2,0.00815957598388195
170,blocks.29.gate_conv,0.0009208742412738502
170,blocks.30.conv1,0.010781233198940754
170,blocks.30.conv2,0.007429643999785185
170,blocks.30.gate_conv,0.0006850642384961247
170,blocks.31.conv1,0.006499532610177994
170,blocks.31.conv2,0.005589303560554981
170,blocks.31.gate_conv,0.00039963360177353024
170,mean_conv2d_grad_norm,0.007685691043830563
171,stem.0,0.06637744605541229
171,blocks.0.conv1,0.0904821828007698
171,blocks.0.conv2,0.11499835550785065
171,blocks.0.gate_conv,0.003258371725678444
171,blocks.1.conv1,0.12269067764282227
171,blocks.1.conv2,0.13594110310077667
171,blocks.1.gate_conv,0.004370419308543205
171,blocks.2.conv1,0.12509839236736298
171,blocks.2.conv2,0.11468396335840225
171,blocks.2.gate_conv,0.00624708691611886
171,blocks.3.conv1,0.10329055786132812
171,blocks.3.conv2,0.09230171889066696
171,blocks.3.gate_conv,0.005213018972426653
171,blocks.4.conv1,0.0985071137547493
171,blocks.4.conv2,0.09161382913589478
171,blocks.4.gate_conv,0.005534210242331028
171,blocks.5.conv1,0.09585563093423843
171,blocks.5.conv2,0.07852239161729813
171,blocks.5.gate_conv,0.006329911295324564
171,blocks.6.conv1,0.08470002561807632
171,blocks.6.conv2,0.08305726200342178
171,blocks.6.gate_conv,0.008598877117037773
171,blocks.7.conv1,0.08381976932287216
171,blocks.7.conv2,0.07042600959539413
171,blocks.7.gate_conv,0.004829142242670059
171,blocks.8.conv1,0.08147068321704865
171,blocks.8.conv2,0.06319013237953186
171,blocks.8.gate_conv,0.0029615878593176603
171,blocks.9.conv1,0.07254693657159805
171,blocks.9.conv2,0.06466655433177948
171,blocks.9.gate_conv,0.00668049231171608
171,blocks.10.conv1,0.06667370349168777
171,blocks.10.conv2,0.05604067072272301
171,blocks.10.gate_conv,0.003784073982387781
171,blocks.11.conv1,0.06971321254968643
171,blocks.11.conv2,0.054306510835886
171,blocks.11.gate_conv,0.004244065377861261
171,blocks.12.conv1,0.06521205604076385
171,blocks.12.conv2,0.05831371992826462
171,blocks.12.gate_conv,0.0036857144441455603
171,blocks.13.conv1,0.058212216943502426
171,blocks.13.conv2,0.04567285627126694
171,blocks.13.gate_conv,0.003430318320170045
171,blocks.14.conv1,0.05762287229299545
171,blocks.14.conv2,0.050662171095609665
171,blocks.14.gate_conv,0.002531526144593954
171,blocks.15.conv1,0.054544683545827866
171,blocks.15.conv2,0.04456867277622223
171,blocks.15.gate_conv,0.0025351739022880793
171,blocks.16.conv1,0.06581386178731918
171,blocks.16.conv2,0.04798271134495735
171,blocks.16.gate_conv,0.003479557577520609
171,blocks.17.conv1,0.0588013157248497
171,blocks.17.conv2,0.049552157521247864
171,blocks.17.gate_conv,0.0048425206914544106
171,blocks.18.conv1,0.05363313481211662
171,blocks.18.conv2,0.04691401869058609
171,blocks.18.gate_conv,0.0030086005572229624
171,blocks.19.conv1,0.058314938098192215
171,blocks.19.conv2,0.047501932829618454
171,blocks.19.gate_conv,0.0039070681668818
171,blocks.20.conv1,0.05255792289972305
171,blocks.20.conv2,0.05019666999578476
171,blocks.20.gate_conv,0.0027477750554680824
171,blocks.21.conv1,0.059506721794605255
171,blocks.21.conv2,0.054362569004297256
171,blocks.21.gate_conv,0.0038559900131076574
171,blocks.22.conv1,0.07009705156087875
171,blocks.22.conv2,0.04942589998245239
171,blocks.22.gate_conv,0.008403065614402294
171,blocks.23.conv1,0.06040997430682182
171,blocks.23.conv2,0.050930675119161606
171,blocks.23.gate_conv,0.004171168897300959
171,blocks.24.conv1,0.0676388069987297
171,blocks.24.conv2,0.05806626006960869
171,blocks.24.gate_conv,0.0075832549482584
171,blocks.25.conv1,0.06499583274126053
171,blocks.25.conv2,0.05500584840774536
171,blocks.25.gate_conv,0.007158465217798948
171,blocks.26.conv1,0.0594695620238781
171,blocks.26.conv2,0.04885615408420563
171,blocks.26.gate_conv,0.002966961357742548
171,blocks.27.conv1,0.07711854577064514
171,blocks.27.conv2,0.05142775923013687
171,blocks.27.gate_conv,0.0038855327293276787
171,blocks.28.conv1,0.08189018070697784
171,blocks.28.conv2,0.06969350576400757
171,blocks.28.gate_conv,0.007794179487973452
171,blocks.29.conv1,0.09190326184034348
171,blocks.29.conv2,0.06127625331282616
171,blocks.29.gate_conv,0.0074223061092197895
171,blocks.30.conv1,0.06541398167610168
171,blocks.30.conv2,0.04365236312150955
171,blocks.30.gate_conv,0.004491313360631466
171,blocks.31.conv1,0.03912696614861488
171,blocks.31.conv2,0.032917868345975876
171,blocks.31.gate_conv,0.0023479547817260027
171,mean_conv2d_grad_norm,0.04755194322686143
172,stem.0,0.013119854032993317
172,blocks.0.conv1,0.012448418885469437
172,blocks.0.conv2,0.015286663547158241
172,blocks.0.gate_conv,0.00039489948539994657
172,blocks.1.conv1,0.016799522563815117
172,blocks.1.conv2,0.020135171711444855
172,blocks.1.gate_conv,0.000550632132217288
172,blocks.2.conv1,0.018061857670545578
172,blocks.2.conv2,0.017078785225749016
172,blocks.2.gate_conv,0.0006761547410860658
172,blocks.3.conv1,0.019211716949939728
172,blocks.3.conv2,0.016972661018371582
172,blocks.3.gate_conv,0.0007550707668997347
172,blocks.4.conv1,0.01510397344827652
172,blocks.4.conv2,0.013851874507963657
172,blocks.4.gate_conv,0.0005815316690132022
172,blocks.5.conv1,0.015035307966172695
172,blocks.5.conv2,0.013658106327056885
172,blocks.5.gate_conv,0.0007580305100418627
172,blocks.6.conv1,0.013575281016528606
172,blocks.6.conv2,0.011707144789397717
172,blocks.6.gate_conv,0.0006790102343074977
172,blocks.7.conv1,0.012338644824922085
172,blocks.7.conv2,0.011613178066909313
172,blocks.7.gate_conv,0.0006385361193679273
172,blocks.8.conv1,0.0131255267187953
172,blocks.8.conv2,0.01197092141956091
172,blocks.8.gate_conv,0.0005569111672230065
172,blocks.9.conv1,0.011817160993814468
172,blocks.9.conv2,0.009947611019015312
172,blocks.9.gate_conv,0.00046304109855555
172,blocks.10.conv1,0.011836720630526543
172,blocks.10.conv2,0.010793855413794518
172,blocks.10.gate_conv,0.0004928960697725415
172,blocks.11.conv1,0.011655370704829693
172,blocks.11.conv2,0.00996829941868782
172,blocks.11.gate_conv,0.00044968811562284827
172,blocks.12.conv1,0.010220935568213463
172,blocks.12.conv2,0.009093109518289566
172,blocks.12.gate_conv,0.0004606290895026177
172,blocks.13.conv1,0.009815874509513378
172,blocks.13.conv2,0.00811718124896288
172,blocks.13.gate_conv,0.00035901396768167615
172,blocks.14.conv1,0.00890022050589323
172,blocks.14.conv2,0.007505626417696476
172,blocks.14.gate_conv,0.00038953867624513805
172,blocks.15.conv1,0.008294735103845596
172,blocks.15.conv2,0.0071563017554581165
172,blocks.15.gate_conv,0.0002614778932183981
172,blocks.16.conv1,0.009077202528715134
172,blocks.16.conv2,0.008364390581846237
172,blocks.16.gate_conv,0.0003896472917404026
172,blocks.17.conv1,0.00904589518904686
172,blocks.17.conv2,0.009202927350997925
172,blocks.17.gate_conv,0.0003343589196447283
172,blocks.18.conv1,0.00881630927324295
172,blocks.18.conv2,0.007166560273617506
172,blocks.18.gate_conv,0.0003393289225641638
172,blocks.19.conv1,0.008805452845990658
172,blocks.19.conv2,0.006911004427820444
172,blocks.19.gate_conv,0.00030117834103293717
172,blocks.20.conv1,0.008419716730713844
172,blocks.20.conv2,0.007699372712522745
172,blocks.20.gate_conv,0.00031808714265935123
172,blocks.21.conv1,0.009140325710177422
172,blocks.21.conv2,0.008276140317320824
172,blocks.21.gate_conv,0.0005168446223251522
172,blocks.22.conv1,0.007475522346794605
172,blocks.22.conv2,0.006919009145349264
172,blocks.22.gate_conv,0.0002834686602000147
172,blocks.23.conv1,0.008503379300236702
172,blocks.23.conv2,0.007234360557049513
172,blocks.23.gate_conv,0.0003625362878665328
172,blocks.24.conv1,0.007952207699418068
172,blocks.24.conv2,0.007559502497315407
172,blocks.24.gate_conv,0.0007004388025961816
172,blocks.25.conv1,0.009322542697191238
172,blocks.25.conv2,0.006810531485825777
172,blocks.25.gate_conv,0.0005095140659250319
172,blocks.26.conv1,0.0075807818211615086
172,blocks.26.conv2,0.006158772390335798
172,blocks.26.gate_conv,0.00030285082175396383
172,blocks.27.conv1,0.009934988804161549
172,blocks.27.conv2,0.007403109688311815
172,blocks.27.gate_conv,0.00034950717235915363
172,blocks.28.conv1,0.009712222963571548
172,blocks.28.conv2,0.008730732835829258
172,blocks.28.gate_conv,0.0005568243796005845
172,blocks.29.conv1,0.012254181317985058
172,blocks.29.conv2,0.008383432403206825
172,blocks.29.gate_conv,0.0006994370487518609
172,blocks.30.conv1,0.010159545578062534
172,blocks.30.conv2,0.007153690792620182
172,blocks.30.gate_conv,0.0005252175033092499
172,blocks.31.conv1,0.007021213881671429
172,blocks.31.conv2,0.00634740712121129
172,blocks.31.gate_conv,0.0004164600686635822
172,mean_conv2d_grad_norm,0.007166317613980224
173,stem.0,0.0036976279225200415
173,blocks.0.conv1,0.004314077086746693
173,blocks.0.conv2,0.005008268635720015
173,blocks.0.gate_conv,0.00013137060159351677
173,blocks.1.conv1,0.005060152616351843
173,blocks.1.conv2,0.005484735127538443
173,blocks.1.gate_conv,0.00016921787755563855
173,blocks.2.conv1,0.005012841429561377
173,blocks.2.conv2,0.004960243124514818
173,blocks.2.gate_conv,0.00020352595311123878
173,blocks.3.conv1,0.004781405907124281
173,blocks.3.conv2,0.004511396400630474
173,blocks.3.gate_conv,0.00020889674487989396
173,blocks.4.conv1,0.004567358177155256
173,blocks.4.conv2,0.004085151944309473
173,blocks.4.gate_conv,0.0002203190088039264
173,blocks.5.conv1,0.004593062214553356
173,blocks.5.conv2,0.0040580835193395615
173,blocks.5.gate_conv,0.00021376513177528977
173,blocks.6.conv1,0.003904420882463455
173,blocks.6.conv2,0.0034477226436138153
173,blocks.6.gate_conv,0.0002667885273694992
173,blocks.7.conv1,0.003958381712436676
173,blocks.7.conv2,0.0036008930765092373
173,blocks.7.gate_conv,0.00022942633950151503
173,blocks.8.conv1,0.003890196792781353
173,blocks.8.conv2,0.0031922420021146536
173,blocks.8.gate_conv,0.00018900292343460023
173,blocks.9.conv1,0.003725899150595069
173,blocks.9.conv2,0.003182282904163003
173,blocks.9.gate_conv,0.0001995203347178176
173,blocks.10.conv1,0.0035088236909359694
173,blocks.10.conv2,0.0028990351129323244
173,blocks.10.gate_conv,0.00021319379447959363
173,blocks.11.conv1,0.0031430544331669807
173,blocks.11.conv2,0.0025898676831275225
173,blocks.11.gate_conv,0.00018703470414038748
173,blocks.12.conv1,0.003107229946181178
173,blocks.12.conv2,0.002544884104281664
173,blocks.12.gate_conv,0.0001821261685108766
173,blocks.13.conv1,0.002745372010394931
173,blocks.13.conv2,0.0022461605258286
173,blocks.13.gate_conv,0.0001275351969525218
173,blocks.14.conv1,0.0027884177397936583
173,blocks.14.conv2,0.0024326753336936235
173,blocks.14.gate_conv,0.00010969855793518946
173,blocks.15.conv1,0.0027385810390114784
173,blocks.15.conv2,0.0023354054428637028
173,blocks.15.gate_conv,0.0001268344058189541
173,blocks.16.conv1,0.002685282612219453
173,blocks.16.conv2,0.0023619630374014378
173,blocks.16.gate_conv,0.00015615002484992146
173,blocks.17.conv1,0.0029259922448545694
173,blocks.17.conv2,0.0022958528716117144
173,blocks.17.gate_conv,8.779997006058693e-05
173,blocks.18.conv1,0.002763095311820507
173,blocks.18.conv2,0.002136043505743146
173,blocks.18.gate_conv,9.548919479129836e-05
173,blocks.19.conv1,0.0026105307042598724
173,blocks.19.conv2,0.0020492549519985914
173,blocks.19.gate_conv,0.00011135832028230652
173,blocks.20.conv1,0.002830807352438569
173,blocks.20.conv2,0.0023594656959176064
173,blocks.20.gate_conv,0.00013098215276841074
173,blocks.21.conv1,0.002562386216595769
173,blocks.21.conv2,0.0022156990598887205
173,blocks.21.gate_conv,0.00012723648978862911
173,blocks.22.conv1,0.0027588980738073587
173,blocks.22.conv2,0.0021253854501992464
173,blocks.22.gate_conv,0.00013176353240851313
173,blocks.23.conv1,0.0025337825063616037
173,blocks.23.conv2,0.002004058565944433
173,blocks.23.gate_conv,8.705615618964657e-05
173,blocks.24.conv1,0.002847390016540885
173,blocks.24.conv2,0.002267134375870228
173,blocks.24.gate_conv,0.0001888728584162891
173,blocks.25.conv1,0.0026847401168197393
173,blocks.25.conv2,0.0020767664536833763
173,blocks.25.gate_conv,0.00020751889678649604
173,blocks.26.conv1,0.002497839741408825
173,blocks.26.conv2,0.0018769381567835808
173,blocks.26.gate_conv,0.0001012815409922041
173,blocks.27.conv1,0.0027576552238315344
173,blocks.27.conv2,0.002139666583389044
173,blocks.27.gate_conv,0.00024113099789246917
173,blocks.28.conv1,0.0031934301368892193
173,blocks.28.conv2,0.0026104538701474667
173,blocks.28.gate_conv,0.00025350472424179316
173,blocks.29.conv1,0.00339426938444376
173,blocks.29.conv2,0.002662557177245617
173,blocks.29.gate_conv,0.000402202014811337
173,blocks.30.conv1,0.0031355812679976225
173,blocks.30.conv2,0.002274814061820507
173,blocks.30.gate_conv,0.0002058612008113414
173,blocks.31.conv1,0.0020662492606788874
173,blocks.31.conv2,0.0016545302933081985
173,blocks.31.gate_conv,0.00011132058716611937
173,mean_conv2d_grad_norm,0.002134971644821788
174,stem.0,0.005351063795387745
174,blocks.0.conv1,0.004121431615203619
174,blocks.0.conv2,0.004816521890461445
174,blocks.0.gate_conv,0.00015867454931139946
174,blocks.1.conv1,0.0052997395396232605
174,blocks.1.conv2,0.005880417302250862
174,blocks.1.gate_conv,0.00017190999642480165
174,blocks.2.conv1,0.005186295136809349
174,blocks.2.conv2,0.005385078489780426
174,blocks.2.gate_conv,0.0003372005303390324
174,blocks.3.conv1,0.005323929712176323
174,blocks.3.conv2,0.0048765093088150024
174,blocks.3.gate_conv,0.00019335950491949916
174,blocks.4.conv1,0.005128931254148483
174,blocks.4.conv2,0.004259051289409399
174,blocks.4.gate_conv,0.00022202303807716817
174,blocks.5.conv1,0.0046465592458844185
174,blocks.5.conv2,0.003958620596677065
174,blocks.5.gate_conv,0.00022567264386452734
174,blocks.6.conv1,0.003992421552538872
174,blocks.6.conv2,0.00370214506983757
174,blocks.6.gate_conv,0.0002616310375742614
174,blocks.7.conv1,0.0037365402095019817
174,blocks.7.conv2,0.0034396308474242687
174,blocks.7.gate_conv,0.0002516114618629217
174,blocks.8.conv1,0.0038117358926683664
174,blocks.8.conv2,0.0032839872874319553
174,blocks.8.gate_conv,0.00016266446618828923
174,blocks.9.conv1,0.003565168706700206
174,blocks.9.conv2,0.0030559920705854893
174,blocks.9.gate_conv,0.00016169338778126985
174,blocks.10.conv1,0.003717087209224701
174,blocks.10.conv2,0.0031184067483991385
174,blocks.10.gate_conv,0.0001543010730529204
174,blocks.11.conv1,0.003071598242968321
174,blocks.11.conv2,0.0026156322564929724
174,blocks.11.gate_conv,0.0001419873151462525
174,blocks.12.conv1,0.0029656668193638325
174,blocks.12.conv2,0.002687413478270173
174,blocks.12.gate_conv,0.00016349802899640054
174,blocks.13.conv1,0.0028037235606461763
174,blocks.13.conv2,0.0025419844314455986
174,blocks.13.gate_conv,0.00017185091564897448
174,blocks.14.conv1,0.00296354410238564
174,blocks.14.conv2,0.002572468714788556
174,blocks.14.gate_conv,0.00012483331374824047
174,blocks.15.conv1,0.0025607324205338955
174,blocks.15.conv2,0.0021990579552948475
174,blocks.15.gate_conv,0.00010932092118309811
174,blocks.16.conv1,0.0027852815110236406
174,blocks.16.conv2,0.0024303991813212633
174,blocks.16.gate_conv,0.00018895712855737656
174,blocks.17.conv1,0.0027426534797996283
174,blocks.17.conv2,0.0022733318619430065
174,blocks.17.gate_conv,0.0001980249653570354
174,blocks.18.conv1,0.0027252633590251207
174,blocks.18.conv2,0.0023017372004687786
174,blocks.18.gate_conv,0.00010523993114475161
174,blocks.19.conv1,0.002538488246500492
174,blocks.19.conv2,0.002231133868917823
174,blocks.19.gate_conv,0.00011520207044668496
174,blocks.20.conv1,0.002629693830385804
174,blocks.20.conv2,0.002238285494968295
174,blocks.20.gate_conv,0.00012762034020852298
174,blocks.21.conv1,0.0029343198984861374
174,blocks.21.conv2,0.002280006418004632
174,blocks.21.gate_conv,0.00021022251166868955
174,blocks.22.conv1,0.0027638953179121017
174,blocks.22.conv2,0.0022132282610982656
174,blocks.22.gate_conv,0.00012064348993590102
174,blocks.23.conv1,0.002725045895203948
174,blocks.23.conv2,0.0021486100740730762
174,blocks.23.gate_conv,0.00013157680223230273
174,blocks.24.conv1,0.002872105687856674
174,blocks.24.conv2,0.002281628781929612
174,blocks.24.gate_conv,0.00022814629483036697
174,blocks.25.conv1,0.0027627749368548393
174,blocks.25.conv2,0.002167981816455722
174,blocks.25.gate_conv,0.0002796795452013612
174,blocks.26.conv1,0.0026841016951948404
174,blocks.26.conv2,0.0022023851051926613
174,blocks.26.gate_conv,0.00017073817434720695
174,blocks.27.conv1,0.003006633138284087
174,blocks.27.conv2,0.0022244935389608145
174,blocks.27.gate_conv,0.00015482614981010556
174,blocks.28.conv1,0.003548051230609417
174,blocks.28.conv2,0.0028485325165092945
174,blocks.28.gate_conv,0.00022594316396862268
174,blocks.29.conv1,0.0039018297102302313
174,blocks.29.conv2,0.00292793195694685
174,blocks.29.gate_conv,0.000280492939054966
174,blocks.30.conv1,0.003650352591648698
174,blocks.30.conv2,0.002832583151757717
174,blocks.30.gate_conv,0.00023586595489177853
174,blocks.31.conv1,0.0026660203002393246
174,blocks.31.conv2,0.002328295726329088
174,blocks.31.gate_conv,0.00012236980546731502
174,mean_conv2d_grad_norm,0.0022413808658608646
175,stem.0,0.01785307191312313
175,blocks.0.conv1,0.018427113071084023
175,blocks.0.conv2,0.019187429919838905
175,blocks.0.gate_conv,0.0006232482264749706
175,blocks.1.conv1,0.01979103311896324
175,blocks.1.conv2,0.02081131376326084
175,blocks.1.gate_conv,0.0005769606796093285
175,blocks.2.conv1,0.01941101625561714
175,blocks.2.conv2,0.018924148753285408
175,blocks.2.gate_conv,0.000847447314299643
175,blocks.3.conv1,0.018410177901387215
175,blocks.3.conv2,0.017293117940425873
175,blocks.3.gate_conv,0.0006983185885474086
175,blocks.4.conv1,0.017630334943532944
175,blocks.4.conv2,0.016373945400118828
175,blocks.4.gate_conv,0.0008352964650839567
175,blocks.5.conv1,0.01864202320575714
175,blocks.5.conv2,0.016239626333117485
175,blocks.5.gate_conv,0.001094757579267025
175,blocks.6.conv1,0.015675609931349754
175,blocks.6.conv2,0.0142558878287673
175,blocks.6.gate_conv,0.0010495084570720792
175,blocks.7.conv1,0.015662487596273422
175,blocks.7.conv2,0.014257417060434818
175,blocks.7.gate_conv,0.0010415333090350032
175,blocks.8.conv1,0.015071925707161427
175,blocks.8.conv2,0.013076787814497948
175,blocks.8.gate_conv,0.0006175165763124824
175,blocks.9.conv1,0.014232235960662365
175,blocks.9.conv2,0.013370673172175884
175,blocks.9.gate_conv,0.0007041703793220222
175,blocks.10.conv1,0.01337759755551815
175,blocks.10.conv2,0.011723039671778679
175,blocks.10.gate_conv,0.0006334345671348274
175,blocks.11.conv1,0.012776236981153488
175,blocks.11.conv2,0.011262784712016582
175,blocks.11.gate_conv,0.0006254205363802612
175,blocks.12.conv1,0.011990752071142197
175,blocks.12.conv2,0.010204615071415901
175,blocks.12.gate_conv,0.000601994339376688
175,blocks.13.conv1,0.011136713437736034
175,blocks.13.conv2,0.009308007545769215
175,blocks.13.gate_conv,0.0004510263679549098
175,blocks.14.conv1,0.011482921428978443
175,blocks.14.conv2,0.0097873630002141
175,blocks.14.gate_conv,0.0004993914044462144
175,blocks.15.conv1,0.01150364987552166
175,blocks.15.conv2,0.009338172152638435
175,blocks.15.gate_conv,0.00045728604891337454
175,blocks.16.conv1,0.011794491671025753
175,blocks.16.conv2,0.009546088054776192
175,blocks.16.gate_conv,0.00047839339822530746
175,blocks.17.conv1,0.011044085957109928
175,blocks.17.conv2,0.009190513752400875
175,blocks.17.gate_conv,0.00037365383468568325
175,blocks.18.conv1,0.010660473257303238
175,blocks.18.conv2,0.008559735491871834
175,blocks.18.gate_conv,0.00037137666367925704
175,blocks.19.conv1,0.012316024862229824
175,blocks.19.conv2,0.009936879388988018
175,blocks.19.gate_conv,0.0006794510409235954
175,blocks.20.conv1,0.011566921137273312
175,blocks.20.conv2,0.008503224700689316
175,blocks.20.gate_conv,0.0005526556051336229
175,blocks.21.conv1,0.010118931531906128
175,blocks.21.conv2,0.008323815651237965
175,blocks.21.gate_conv,0.00047076857299543917
175,blocks.22.conv1,0.010142145678400993
175,blocks.22.conv2,0.007652476895600557
175,blocks.22.gate_conv,0.0003885227779392153
175,blocks.23.conv1,0.01030682772397995
175,blocks.23.conv2,0.008249619044363499
175,blocks.23.gate_conv,0.0003424558090046048
175,blocks.24.conv1,0.012452226132154465
175,blocks.24.conv2,0.00964773166924715
175,blocks.24.gate_conv,0.0007562481914646924
175,blocks.25.conv1,0.008999870158731937
175,blocks.25.conv2,0.007015971001237631
175,blocks.25.gate_conv,0.0005075522349216044
175,blocks.26.conv1,0.009818038903176785
175,blocks.26.conv2,0.008267621509730816
175,blocks.26.gate_conv,0.0004936261684633791
175,blocks.27.conv1,0.010464509017765522
175,blocks.27.conv2,0.008117570541799068
175,blocks.27.gate_conv,0.0005771825090050697
175,blocks.28.conv1,0.01206095702946186
175,blocks.28.conv2,0.009603834711015224
175,blocks.28.gate_conv,0.0009743380360305309
175,blocks.29.conv1,0.013172324746847153
175,blocks.29.conv2,0.01117815263569355
175,blocks.29.gate_conv,0.0011108351172879338
175,blocks.30.conv1,0.01340403314679861
175,blocks.30.conv2,0.009172857739031315
175,blocks.30.gate_conv,0.0006064437911845744
175,blocks.31.conv1,0.008550416678190231
175,blocks.31.conv2,0.007544097490608692
175,blocks.31.gate_conv,0.0005329014384187758
175,mean_conv2d_grad_norm,0.00852005582509236
176,stem.0,0.023571820929646492
176,blocks.0.conv1,0.019449645653367043
176,blocks.0.conv2,0.02198546566069126
176,blocks.0.gate_conv,0.0006577427848242223
176,blocks.1.conv1,0.021974116563796997
176,blocks.1.conv2,0.023284398019313812
176,blocks.1.gate_conv,0.0007066532853059471
176,blocks.2.conv1,0.01919821836054325
176,blocks.2.conv2,0.018644116818904877
176,blocks.2.gate_conv,0.0008084363071247935
176,blocks.3.conv1,0.02011631242930889
176,blocks.3.conv2,0.01844549924135208
176,blocks.3.gate_conv,0.0007260943530127406
176,blocks.4.conv1,0.01871921494603157
176,blocks.4.conv2,0.01474870927631855
176,blocks.4.gate_conv,0.0008339628111571074
176,blocks.5.conv1,0.018199533224105835
176,blocks.5.conv2,0.014468207955360413
176,blocks.5.gate_conv,0.0010675881057977676
176,blocks.6.conv1,0.016628850251436234
176,blocks.6.conv2,0.01435836497694254
176,blocks.6.gate_conv,0.0008742781355977058
176,blocks.7.conv1,0.015363633632659912
176,blocks.7.conv2,0.013523726724088192
176,blocks.7.gate_conv,0.0011434440966695547
176,blocks.8.conv1,0.01506041083484888
176,blocks.8.conv2,0.012316815555095673
176,blocks.8.gate_conv,0.0005949984188191593
176,blocks.9.conv1,0.01344214379787445
176,blocks.9.conv2,0.011598240584135056
176,blocks.9.gate_conv,0.0006442599114961922
176,blocks.10.conv1,0.013321679085493088
176,blocks.10.conv2,0.011312915943562984
176,blocks.10.gate_conv,0.0007069925195537508
176,blocks.11.conv1,0.012539374642074108
176,blocks.11.conv2,0.010834054090082645
176,blocks.11.gate_conv,0.0005501083214767277
176,blocks.12.conv1,0.011788972653448582
176,blocks.12.conv2,0.010156411677598953
176,blocks.12.gate_conv,0.0006990440306253731
176,blocks.13.conv1,0.010626530274748802
176,blocks.13.conv2,0.008462588302791119
176,blocks.13.gate_conv,0.0004653219657484442
176,blocks.14.conv1,0.010418632999062538
176,blocks.14.conv2,0.010034652426838875
176,blocks.14.gate_conv,0.0004837985907215625
176,blocks.15.conv1,0.01059703528881073
176,blocks.15.conv2,0.009119801223278046
176,blocks.15.gate_conv,0.0004786584759131074
176,blocks.16.conv1,0.0099318977445364
176,blocks.16.conv2,0.008179408498108387
176,blocks.16.gate_conv,0.00041001022327691317
176,blocks.17.conv1,0.010604485869407654
176,blocks.17.conv2,0.008031877689063549
176,blocks.17.gate_conv,0.0003832085058093071
176,blocks.18.conv1,0.010148367844522
176,blocks.18.conv2,0.008465123362839222
176,blocks.18.gate_conv,0.00035130296600982547
176,blocks.19.conv1,0.009869723580777645
176,blocks.19.conv2,0.0087951784953475
176,blocks.19.gate_conv,0.0006473322864621878
176,blocks.20.conv1,0.008816656656563282
176,blocks.20.conv2,0.007844655774533749
176,blocks.20.gate_conv,0.0004964437102898955
176,blocks.21.conv1,0.009832672774791718
176,blocks.21.conv2,0.008409908972680569
176,blocks.21.gate_conv,0.0005581714794971049
176,blocks.22.conv1,0.009273926727473736
176,blocks.22.conv2,0.007450645789504051
176,blocks.22.gate_conv,0.0003698258369695395
176,blocks.23.conv1,0.009996306151151657
176,blocks.23.conv2,0.007424599956721067
176,blocks.23.gate_conv,0.00036523560993373394
176,blocks.24.conv1,0.010623340494930744
176,blocks.24.conv2,0.008249964565038681
176,blocks.24.gate_conv,0.0006992060225456953
176,blocks.25.conv1,0.008786510676145554
176,blocks.25.conv2,0.006831813603639603
176,blocks.25.gate_conv,0.0005715718725696206
176,blocks.26.conv1,0.009217879734933376
176,blocks.26.conv2,0.00729561410844326
176,blocks.26.gate_conv,0.0003892061358783394
176,blocks.27.conv1,0.010458595119416714
176,blocks.27.conv2,0.007975276559591293
176,blocks.27.gate_conv,0.0004078590718563646
176,blocks.28.conv1,0.012156859040260315
176,blocks.28.conv2,0.011989888735115528
176,blocks.28.gate_conv,0.0008207932696677744
176,blocks.29.conv1,0.013839568011462688
176,blocks.29.conv2,0.010889577679336071
176,blocks.29.gate_conv,0.0010362404864281416
176,blocks.30.conv1,0.013231653720140457
176,blocks.30.conv2,0.009353642351925373
176,blocks.30.gate_conv,0.0008102800929918885
176,blocks.31.conv1,0.008401433005928993
176,blocks.31.conv2,0.008492277935147285
176,blocks.31.gate_conv,0.0006390123162418604
176,mean_conv2d_grad_norm,0.008408005229622298
177,stem.0,0.022445717826485634
177,blocks.0.conv1,0.023453369736671448
177,blocks.0.conv2,0.02818884514272213
177,blocks.0.gate_conv,0.0016600064700469375
177,blocks.1.conv1,0.02795889787375927
177,blocks.1.conv2,0.029639555141329765
177,blocks.1.gate_conv,0.0008064139983616769
177,blocks.2.conv1,0.027725499123334885
177,blocks.2.conv2,0.027027634903788567
177,blocks.2.gate_conv,0.0015254373429343104
177,blocks.3.conv1,0.0286101121455431
177,blocks.3.conv2,0.02505524270236492
177,blocks.3.gate_conv,0.0011446623830124736
177,blocks.4.conv1,0.02653038501739502
177,blocks.4.conv2,0.024862509220838547
177,blocks.4.gate_conv,0.0012329284800216556
177,blocks.5.conv1,0.02385127544403076
177,blocks.5.conv2,0.021891862154006958
177,blocks.5.gate_conv,0.0015434076776728034
177,blocks.6.conv1,0.0201870109885931
177,blocks.6.conv2,0.01933889277279377
177,blocks.6.gate_conv,0.0013462307397276163
177,blocks.7.conv1,0.023844370618462563
177,blocks.7.conv2,0.020804280415177345
177,blocks.7.gate_conv,0.0014665450435131788
177,blocks.8.conv1,0.01902545616030693
177,blocks.8.conv2,0.016753125935792923
177,blocks.8.gate_conv,0.0007270198548212647
177,blocks.9.conv1,0.01812148466706276
177,blocks.9.conv2,0.015824658796191216
177,blocks.9.gate_conv,0.0008516082307323813
177,blocks.10.conv1,0.020300038158893585
177,blocks.10.conv2,0.017445597797632217
177,blocks.10.gate_conv,0.000987086328677833
177,blocks.11.conv1,0.018392173573374748
177,blocks.11.conv2,0.013909522444009781
177,blocks.11.gate_conv,0.0008307842072099447
177,blocks.12.conv1,0.016445675864815712
177,blocks.12.conv2,0.014577765949070454
177,blocks.12.gate_conv,0.0007712087244726717
177,blocks.13.conv1,0.016317307949066162
177,blocks.13.conv2,0.015175472013652325
177,blocks.13.gate_conv,0.0009416271932423115
177,blocks.14.conv1,0.018585169687867165
177,blocks.14.conv2,0.016959231346845627
177,blocks.14.gate_conv,0.0011392747983336449
177,blocks.15.conv1,0.01712489128112793
177,blocks.15.conv2,0.012562073767185211
177,blocks.15.gate_conv,0.0005276791634969413
177,blocks.16.conv1,0.017143774777650833
177,blocks.16.conv2,0.013746244832873344
177,blocks.16.gate_conv,0.0007391215767711401
177,blocks.17.conv1,0.01522582583129406
177,blocks.17.conv2,0.012910711579024792
177,blocks.17.gate_conv,0.0005099315312691033
177,blocks.18.conv1,0.016957197338342667
177,blocks.18.conv2,0.013030455447733402
177,blocks.18.gate_conv,0.0005870125605724752
177,blocks.19.conv1,0.016996394842863083
177,blocks.19.conv2,0.012568535283207893
177,blocks.19.gate_conv,0.0006157149909995496
177,blocks.20.conv1,0.018416425213217735
177,blocks.20.conv2,0.012707539834082127
177,blocks.20.gate_conv,0.0008201759192161262
177,blocks.21.conv1,0.015689073130488396
177,blocks.21.conv2,0.014420936815440655
177,blocks.21.gate_conv,0.0009458616259507835
177,blocks.22.conv1,0.019660644233226776
177,blocks.22.conv2,0.014137149788439274
177,blocks.22.gate_conv,0.0007941662915982306
177,blocks.23.conv1,0.017924996092915535
177,blocks.23.conv2,0.011353316716849804
177,blocks.23.gate_conv,0.0006016605184413493
177,blocks.24.conv1,0.016163358464837074
177,blocks.24.conv2,0.01464875042438507
177,blocks.24.gate_conv,0.0012352259363979101
177,blocks.25.conv1,0.01808873377740383
177,blocks.25.conv2,0.013338523916900158
177,blocks.25.gate_conv,0.0015370268374681473
177,blocks.26.conv1,0.013928000815212727
177,blocks.26.conv2,0.010988153517246246
177,blocks.26.gate_conv,0.0007192495395429432
177,blocks.27.conv1,0.01928536221385002
177,blocks.27.conv2,0.013939316384494305
177,blocks.27.gate_conv,0.0009420171263627708
177,blocks.28.conv1,0.01868600770831108
177,blocks.28.conv2,0.013675962574779987
177,blocks.28.gate_conv,0.001515627489425242
177,blocks.29.conv1,0.018925432115793228
177,blocks.29.conv2,0.013658519834280014
177,blocks.29.gate_conv,0.0016321357106789947
177,blocks.30.conv1,0.015781885012984276
177,blocks.30.conv2,0.011165685020387173
177,blocks.30.gate_conv,0.0008735198061913252
177,blocks.31.conv1,0.009255710057914257
177,blocks.31.conv2,0.007569974288344383
177,blocks.31.gate_conv,0.0006099817110225558
177,mean_conv2d_grad_norm,0.012300041797042815
178,stem.0,0.009595219977200031
178,blocks.0.conv1,0.009455078281462193
178,blocks.0.conv2,0.009954625740647316
178,blocks.0.gate_conv,0.0005185049958527088
178,blocks.1.conv1,0.01067701168358326
178,blocks.1.conv2,0.010937522165477276
178,blocks.1.gate_conv,0.00028823671163991094
178,blocks.2.conv1,0.010244539938867092
178,blocks.2.conv2,0.010168807581067085
178,blocks.2.gate_conv,0.0004656807577703148
178,blocks.3.conv1,0.009688295423984528
178,blocks.3.conv2,0.010000946000218391
178,blocks.3.gate_conv,0.00040299815009348094
178,blocks.4.conv1,0.009886723011732101
178,blocks.4.conv2,0.009594797156751156
178,blocks.4.gate_conv,0.00047341352910734713
178,blocks.5.conv1,0.009509782306849957
178,blocks.5.conv2,0.009106754325330257
178,blocks.5.gate_conv,0.0006573434802703559
178,blocks.6.conv1,0.008666502311825752
178,blocks.6.conv2,0.007780415937304497
178,blocks.6.gate_conv,0.0005173822864890099
178,blocks.7.conv1,0.009340127930045128
178,blocks.7.conv2,0.009073355235159397
178,blocks.7.gate_conv,0.0007039025658741593
178,blocks.8.conv1,0.0086882458999753
178,blocks.8.conv2,0.00788869708776474
178,blocks.8.gate_conv,0.00040075735887512565
178,blocks.9.conv1,0.007973420433700085
178,blocks.9.conv2,0.006622556131333113
178,blocks.9.gate_conv,0.0004256964602973312
178,blocks.10.conv1,0.00857379287481308
178,blocks.10.conv2,0.007959618233144283
178,blocks.10.gate_conv,0.0005270125693641603
178,blocks.11.conv1,0.007309575565159321
178,blocks.11.conv2,0.005944400560110807
178,blocks.11.gate_conv,0.00031157582998275757
178,blocks.12.conv1,0.007404709700495005
178,blocks.12.conv2,0.006466056685894728
178,blocks.12.gate_conv,0.0003916291461791843
178,blocks.13.conv1,0.007258904166519642
178,blocks.13.conv2,0.005764339119195938
178,blocks.13.gate_conv,0.0004525621479842812
178,blocks.14.conv1,0.007038128096610308
178,blocks.14.conv2,0.005850065965205431
178,blocks.14.gate_conv,0.0002845799899660051
178,blocks.15.conv1,0.0068547348491847515
178,blocks.15.conv2,0.006563454866409302
178,blocks.15.gate_conv,0.00042903947178274393
178,blocks.16.conv1,0.006429282482713461
178,blocks.16.conv2,0.005852318834513426
178,blocks.16.gate_conv,0.0003547465312294662
178,blocks.17.conv1,0.006398238707333803
178,blocks.17.conv2,0.004744165576994419
178,blocks.17.gate_conv,0.00021547359938267618
178,blocks.18.conv1,0.0065487949177622795
178,blocks.18.conv2,0.005631641019135714
178,blocks.18.gate_conv,0.000396008079405874
178,blocks.19.conv1,0.0068391840904951096
178,blocks.19.conv2,0.005227001383900642
178,blocks.19.gate_conv,0.00031449305242858827
178,blocks.20.conv1,0.006524323485791683
178,blocks.20.conv2,0.005210065748542547
178,blocks.20.gate_conv,0.0002553391386754811
178,blocks.21.conv1,0.00742326769977808
178,blocks.21.conv2,0.005745082162320614
178,blocks.21.gate_conv,0.0003610595013014972
178,blocks.22.conv1,0.006777036469429731
178,blocks.22.conv2,0.00579421129077673
178,blocks.22.gate_conv,0.00027839085669256747
178,blocks.23.conv1,0.006952563766390085
178,blocks.23.conv2,0.004799448885023594
178,blocks.23.gate_conv,0.00024832747294567525
178,blocks.24.conv1,0.00828480999916792
178,blocks.24.conv2,0.006852959282696247
178,blocks.24.gate_conv,0.0011249822564423084
178,blocks.25.conv1,0.007275213487446308
178,blocks.25.conv2,0.005505348555743694
178,blocks.25.gate_conv,0.0007049572304822505
178,blocks.26.conv1,0.006623376626521349
178,blocks.26.conv2,0.005186764989048243
178,blocks.26.gate_conv,0.00039110012585297227
178,blocks.27.conv1,0.007720200344920158
178,blocks.27.conv2,0.00617609079927206
178,blocks.27.gate_conv,0.0006132338312454522
178,blocks.28.conv1,0.008507486432790756
178,blocks.28.conv2,0.006365132052451372
178,blocks.28.gate_conv,0.00047498365165665746
178,blocks.29.conv1,0.009376319125294685
178,blocks.29.conv2,0.006649961229413748
178,blocks.29.gate_conv,0.0008677825680933893
178,blocks.30.conv1,0.00789260771125555
178,blocks.30.conv2,0.005451092962175608
178,blocks.30.gate_conv,0.0010589312296360731
178,blocks.31.conv1,0.005279094912111759
178,blocks.31.conv2,0.0039871432818472385
178,blocks.31.gate_conv,0.00033864344004541636
178,mean_conv2d_grad_norm,0.005124950531681702
179,stem.0,0.03417881205677986
179,blocks.0.conv1,0.03275490552186966
179,blocks.0.conv2,0.038332317024469376
179,blocks.0.gate_conv,0.0017505961004644632
179,blocks.1.conv1,0.042070142924785614
179,blocks.1.conv2,0.049153588712215424
179,blocks.1.gate_conv,0.0011692149564623833
179,blocks.2.conv1,0.04292522743344307
179,blocks.2.conv2,0.04194913059473038
179,blocks.2.gate_conv,0.0015673841116949916
179,blocks.3.conv1,0.043996501713991165
179,blocks.3.conv2,0.038946591317653656
179,blocks.3.gate_conv,0.001616964815184474
179,blocks.4.conv1,0.039713360369205475
179,blocks.4.conv2,0.03462948650121689
179,blocks.4.gate_conv,0.0017901371465995908
179,blocks.5.conv1,0.03744791820645332
179,blocks.5.conv2,0.03482397645711899
179,blocks.5.gate_conv,0.0024276883341372013
179,blocks.6.conv1,0.03512749448418617
179,blocks.6.conv2,0.03260180354118347
179,blocks.6.gate_conv,0.0024099131114780903
179,blocks.7.conv1,0.03164658322930336
179,blocks.7.conv2,0.030902758240699768
179,blocks.7.gate_conv,0.002346242545172572
179,blocks.8.conv1,0.0344759076833725
179,blocks.8.conv2,0.028337059542536736
179,blocks.8.gate_conv,0.0013997136848047376
179,blocks.9.conv1,0.029220445081591606
179,blocks.9.conv2,0.02655862830579281
179,blocks.9.gate_conv,0.0014525564620271325
179,blocks.10.conv1,0.027864640578627586
179,blocks.10.conv2,0.02559005655348301
179,blocks.10.gate_conv,0.0026145423762500286
179,blocks.11.conv1,0.03157816827297211
179,blocks.11.conv2,0.026318952441215515
179,blocks.11.gate_conv,0.0017837677150964737
179,blocks.12.conv1,0.024935845285654068
179,blocks.12.conv2,0.022368667647242546
179,blocks.12.gate_conv,0.0012871053768321872
179,blocks.13.conv1,0.026952335610985756
179,blocks.13.conv2,0.022460896521806717
179,blocks.13.gate_conv,0.001301894779317081
179,blocks.14.conv1,0.02360782027244568
179,blocks.14.conv2,0.020424164831638336
179,blocks.14.gate_conv,0.00089231226593256
179,blocks.15.conv1,0.02573593705892563
179,blocks.15.conv2,0.019533339887857437
179,blocks.15.gate_conv,0.0011108219623565674
179,blocks.16.conv1,0.025205286219716072
179,blocks.16.conv2,0.021995363757014275
179,blocks.16.gate_conv,0.0017339348560199142
179,blocks.17.conv1,0.0254946481436491
179,blocks.17.conv2,0.02133355289697647
179,blocks.17.gate_conv,0.0009089738596230745
179,blocks.18.conv1,0.025698473677039146
179,blocks.18.conv2,0.021388856694102287
179,blocks.18.gate_conv,0.0009319918463006616
179,blocks.19.conv1,0.028349369764328003
179,blocks.19.conv2,0.024341970682144165
179,blocks.19.gate_conv,0.0033403474371880293
179,blocks.20.conv1,0.023652730509638786
179,blocks.20.conv2,0.01885051280260086
179,blocks.20.gate_conv,0.0010037194006145
179,blocks.21.conv1,0.025237971916794777
179,blocks.21.conv2,0.020383503288030624
179,blocks.21.gate_conv,0.002007060218602419
179,blocks.22.conv1,0.026361150667071342
179,blocks.22.conv2,0.01981196366250515
179,blocks.22.gate_conv,0.0015558545710518956
179,blocks.23.conv1,0.024183886125683784
179,blocks.23.conv2,0.018920384347438812
179,blocks.23.gate_conv,0.0008134467643685639
179,blocks.24.conv1,0.029092151671648026
179,blocks.24.conv2,0.023375017568469048
179,blocks.24.gate_conv,0.002647366374731064
179,blocks.25.conv1,0.032034553587436676
179,blocks.25.conv2,0.026752905920147896
179,blocks.25.gate_conv,0.0063421884551644325
179,blocks.26.conv1,0.02333470992743969
179,blocks.26.conv2,0.021082639694213867
179,blocks.26.gate_conv,0.0011427735444158316
179,blocks.27.conv1,0.030580954626202583
179,blocks.27.conv2,0.02131638675928116
179,blocks.27.gate_conv,0.0013321239966899157
179,blocks.28.conv1,0.036196861416101456
179,blocks.28.conv2,0.027803251519799232
179,blocks.28.gate_conv,0.0032245591282844543
179,blocks.29.conv1,0.03860975056886673
179,blocks.29.conv2,0.02447294257581234
179,blocks.29.gate_conv,0.0063734813593328
179,blocks.30.conv1,0.02680714800953865
179,blocks.30.conv2,0.020996082574129105
179,blocks.30.gate_conv,0.0017952691996470094
179,blocks.31.conv1,0.020584432408213615
179,blocks.31.conv2,0.019507450982928276
179,blocks.31.gate_conv,0.0014227301580831409
179,mean_conv2d_grad_norm,0.019736257791591175
180,stem.0,0.0017549433978274465
180,blocks.0.conv1,0.0020260480232536793
180,blocks.0.conv2,0.0022362414747476578
180,blocks.0.gate_conv,8.941980195231736e-05
180,blocks.1.conv1,0.0021982805337756872
180,blocks.1.conv2,0.0024025505408644676
180,blocks.1.gate_conv,6.889417272759601e-05
180,blocks.2.conv1,0.0021408037282526493
180,blocks.2.conv2,0.002014556899666786
180,blocks.2.gate_conv,8.735238952795044e-05
180,blocks.3.conv1,0.001964554889127612
180,blocks.3.conv2,0.0018227450782433152
180,blocks.3.gate_conv,7.831949915271252e-05
180,blocks.4.conv1,0.0018969262018799782
180,blocks.4.conv2,0.0016292117070406675
180,blocks.4.gate_conv,7.653539796592668e-05
180,blocks.5.conv1,0.001763768494129181
180,blocks.5.conv2,0.0016175373457372189
180,blocks.5.gate_conv,9.905347542371601e-05
180,blocks.6.conv1,0.0015571119729429483
180,blocks.6.conv2,0.0014043190749362111
180,blocks.6.gate_conv,9.646020771469921e-05
180,blocks.7.conv1,0.001624853815883398
180,blocks.7.conv2,0.0014478022931143641
180,blocks.7.gate_conv,0.00012227108527440578
180,blocks.8.conv1,0.0014508998719975352
180,blocks.8.conv2,0.0012412803480401635
180,blocks.8.gate_conv,5.395365951699205e-05
180,blocks.9.conv1,0.0013688948238268495
180,blocks.9.conv2,0.0012240558862686157
180,blocks.9.gate_conv,7.763245230307803e-05
180,blocks.10.conv1,0.0013182790717110038
180,blocks.10.conv2,0.0012353142956271768
180,blocks.10.gate_conv,6.934440898476169e-05
180,blocks.11.conv1,0.001298742601647973
180,blocks.11.conv2,0.0010669990442693233
180,blocks.11.gate_conv,9.069519728654996e-05
180,blocks.12.conv1,0.0011979471892118454
180,blocks.12.conv2,0.0009908685460686684
180,blocks.12.gate_conv,5.4243064369075e-05
180,blocks.13.conv1,0.0011419091606512666
180,blocks.13.conv2,0.0009914913680404425
180,blocks.13.gate_conv,5.753247387474403e-05
180,blocks.14.conv1,0.00113966956268996
180,blocks.14.conv2,0.0009891684167087078
180,blocks.14.gate_conv,4.732671732199378e-05
180,blocks.15.conv1,0.001084728050045669
180,blocks.15.conv2,0.0008735380251891911
180,blocks.15.gate_conv,5.296620656736195e-05
180,blocks.16.conv1,0.0010412666015326977
180,blocks.16.conv2,0.000843009736854583
180,blocks.16.gate_conv,8.861871174303815e-05
180,blocks.17.conv1,0.0010805161437019706
180,blocks.17.conv2,0.0008687368826940656
180,blocks.17.gate_conv,3.5140274121658877e-05
180,blocks.18.conv1,0.0010742773301899433
180,blocks.18.conv2,0.0008899720851331949
180,blocks.18.gate_conv,4.777833237312734e-05
180,blocks.19.conv1,0.001104996888898313
180,blocks.19.conv2,0.0008635424310341477
180,blocks.19.gate_conv,5.758298357250169e-05
180,blocks.20.conv1,0.0010723174782469869
180,blocks.20.conv2,0.0009179844637401402
180,blocks.20.gate_conv,5.258121382212266e-05
180,blocks.21.conv1,0.0011386940022930503
180,blocks.21.conv2,0.0009095699642784894
180,blocks.21.gate_conv,7.411608385154977e-05
180,blocks.22.conv1,0.0010811598040163517
180,blocks.22.conv2,0.000865654437802732
180,blocks.22.gate_conv,5.277158925309777e-05
180,blocks.23.conv1,0.0011240621097385883
180,blocks.23.conv2,0.0008807900594547391
180,blocks.23.gate_conv,4.146770515944809e-05
180,blocks.24.conv1,0.001184146967716515
180,blocks.24.conv2,0.0009286629501730204
180,blocks.24.gate_conv,0.0001114131446229294
180,blocks.25.conv1,0.0010941168293356895
180,blocks.25.conv2,0.0008922197157517076
180,blocks.25.gate_conv,0.00017500320973340422
180,blocks.26.conv1,0.0009855804964900017
180,blocks.26.conv2,0.0008011144818738103
180,blocks.26.gate_conv,8.29193668323569e-05
180,blocks.27.conv1,0.00122378533706069
180,blocks.27.conv2,0.0009874718962237239
180,blocks.27.gate_conv,0.00010759619908640161
180,blocks.28.conv1,0.0014147453475743532
180,blocks.28.conv2,0.0009992271661758423
180,blocks.28.gate_conv,0.0001305066398344934
180,blocks.29.conv1,0.0014345870586112142
180,blocks.29.conv2,0.0010632347548380494
180,blocks.29.gate_conv,0.0001554694608785212
180,blocks.30.conv1,0.0012455136748030782
180,blocks.30.conv2,0.0008897756924852729
180,blocks.30.gate_conv,0.00010222566197626293
180,blocks.31.conv1,0.0008334895828738809
180,blocks.31.conv2,0.0007997045177035034
180,blocks.31.gate_conv,6.809617480030283e-05
180,mean_conv2d_grad_norm,0.000878920160663331
181,stem.0,0.013413223437964916
181,blocks.0.conv1,0.013881643302738667
181,blocks.0.conv2,0.015600045211613178
181,blocks.0.gate_conv,0.0003747059090528637
181,blocks.1.conv1,0.0162055604159832
181,blocks.1.conv2,0.01839652843773365
181,blocks.1.gate_conv,0.0004753560933750123
181,blocks.2.conv1,0.016686808317899704
181,blocks.2.conv2,0.016858208924531937
181,blocks.2.gate_conv,0.0007544946274720132
181,blocks.3.conv1,0.01589583232998848
181,blocks.3.conv2,0.015859831124544144
181,blocks.3.gate_conv,0.0005528820911422372
181,blocks.4.conv1,0.015677396208047867
181,blocks.4.conv2,0.014629974029958248
181,blocks.4.gate_conv,0.0006754631758667529
181,blocks.5.conv1,0.01583055593073368
181,blocks.5.conv2,0.015122324228286743
181,blocks.5.gate_conv,0.0008208305225707591
181,blocks.6.conv1,0.013878650963306427
181,blocks.6.conv2,0.012148878537118435
181,blocks.6.gate_conv,0.0009080262389034033
181,blocks.7.conv1,0.013499769382178783
181,blocks.7.conv2,0.01319420337677002
181,blocks.7.gate_conv,0.0009589084656909108
181,blocks.8.conv1,0.012577800080180168
181,blocks.8.conv2,0.010354883968830109
181,blocks.8.gate_conv,0.0004367375513538718
181,blocks.9.conv1,0.012512100860476494
181,blocks.9.conv2,0.010799731127917767
181,blocks.9.gate_conv,0.0006599126500077546
181,blocks.10.conv1,0.011473814025521278
181,blocks.10.conv2,0.009848055429756641
181,blocks.10.gate_conv,0.0006034314865246415
181,blocks.11.conv1,0.010887682437896729
181,blocks.11.conv2,0.010005778633058071
181,blocks.11.gate_conv,0.0006026302580721676
181,blocks.12.conv1,0.010693217627704144
181,blocks.12.conv2,0.009290913119912148
181,blocks.12.gate_conv,0.0005264788051135838
181,blocks.13.conv1,0.009740732610225677
181,blocks.13.conv2,0.008082795888185501
181,blocks.13.gate_conv,0.0004377629957161844
181,blocks.14.conv1,0.010101363062858582
181,blocks.14.conv2,0.008392239920794964
181,blocks.14.gate_conv,0.0002947220054920763
181,blocks.15.conv1,0.010729480534791946
181,blocks.15.conv2,0.008831288665533066
181,blocks.15.gate_conv,0.0006100572063587606
181,blocks.16.conv1,0.009498687461018562
181,blocks.16.conv2,0.008276396431028843
181,blocks.16.gate_conv,0.00048515130765736103
181,blocks.17.conv1,0.00986495427787304
181,blocks.17.conv2,0.008012094534933567
181,blocks.17.gate_conv,0.0004455370071809739
181,blocks.18.conv1,0.009315628558397293
181,blocks.18.conv2,0.007812342140823603
181,blocks.18.gate_conv,0.0003052750835195184
181,blocks.19.conv1,0.010383063927292824
181,blocks.19.conv2,0.007697913330048323
181,blocks.19.gate_conv,0.0004153786285314709
181,blocks.20.conv1,0.009643091820180416
181,blocks.20.conv2,0.007430530618876219
181,blocks.20.gate_conv,0.00038733056862838566
181,blocks.21.conv1,0.009964056313037872
181,blocks.21.conv2,0.008255138993263245
181,blocks.21.gate_conv,0.00034987088292837143
181,blocks.22.conv1,0.010644825175404549
181,blocks.22.conv2,0.008596607483923435
181,blocks.22.gate_conv,0.0007641068659722805
181,blocks.23.conv1,0.010728630237281322
181,blocks.23.conv2,0.008329926058650017
181,blocks.23.gate_conv,0.00043720085523091257
181,blocks.24.conv1,0.009807365946471691
181,blocks.24.conv2,0.008498501032590866
181,blocks.24.gate_conv,0.00046097440645098686
181,blocks.25.conv1,0.009999249130487442
181,blocks.25.conv2,0.008065667003393173
181,blocks.25.gate_conv,0.0007393179112114012
181,blocks.26.conv1,0.009254285134375095
181,blocks.26.conv2,0.007072391454130411
181,blocks.26.gate_conv,0.00032608446781523526
181,blocks.27.conv1,0.010194657370448112
181,blocks.27.conv2,0.008388545364141464
181,blocks.27.gate_conv,0.0005286266678012908
181,blocks.28.conv1,0.014977657236158848
181,blocks.28.conv2,0.01245136745274067
181,blocks.28.gate_conv,0.0008898833766579628
181,blocks.29.conv1,0.013231041841208935
181,blocks.29.conv2,0.008737281896173954
181,blocks.29.gate_conv,0.0011437886860221624
181,blocks.30.conv1,0.011266117915511131
181,blocks.30.conv2,0.008228381164371967
181,blocks.30.gate_conv,0.0005841616657562554
181,blocks.31.conv1,0.008024063892662525
181,blocks.31.conv2,0.006504152901470661
181,blocks.31.gate_conv,0.0004520622896961868
181,mean_conv2d_grad_norm,0.007615083268094693
182,stem.0,0.009265419095754623
182,blocks.0.conv1,0.008811083622276783
182,blocks.0.conv2,0.009094266220927238
182,blocks.0.gate_conv,0.00028249024762772024
182,blocks.1.conv1,0.009945288300514221
182,blocks.1.conv2,0.010814601555466652
182,blocks.1.gate_conv,0.0002943050058092922
182,blocks.2.conv1,0.009988476522266865
182,blocks.2.conv2,0.00969312246888876
182,blocks.2.gate_conv,0.000501391536090523
182,blocks.3.conv1,0.009665517136454582
182,blocks.3.conv2,0.008578961715102196
182,blocks.3.gate_conv,0.000384021841455251
182,blocks.4.conv1,0.009015130810439587
182,blocks.4.conv2,0.007726153824478388
182,blocks.4.gate_conv,0.0004516500048339367
182,blocks.5.conv1,0.008351681753993034
182,blocks.5.conv2,0.008030666969716549
182,blocks.5.gate_conv,0.0005191897507756948
182,blocks.6.conv1,0.007214946206659079
182,blocks.6.conv2,0.00644574873149395
182,blocks.6.gate_conv,0.0004856903397012502
182,blocks.7.conv1,0.00726161478087306
182,blocks.7.conv2,0.006382773630321026
182,blocks.7.gate_conv,0.0004155754577368498
182,blocks.8.conv1,0.006755082868039608
182,blocks.8.conv2,0.005818685982376337
182,blocks.8.gate_conv,0.00028998416382819414
182,blocks.9.conv1,0.006526608485728502
182,blocks.9.conv2,0.005930033046752214
182,blocks.9.gate_conv,0.0004494417808018625
182,blocks.10.conv1,0.006392816547304392
182,blocks.10.conv2,0.005168162751942873
182,blocks.10.gate_conv,0.0002697758318390697
182,blocks.11.conv1,0.005784906446933746
182,blocks.11.conv2,0.005206798203289509
182,blocks.11.gate_conv,0.0006000103312544525
182,blocks.12.conv1,0.005804943852126598
182,blocks.12.conv2,0.004896929021924734
182,blocks.12.gate_conv,0.0003533019917085767
182,blocks.13.conv1,0.004906776826828718
182,blocks.13.conv2,0.004190881736576557
182,blocks.13.gate_conv,0.0002250403631478548
182,blocks.14.conv1,0.005450932774692774
182,blocks.14.conv2,0.004551564808934927
182,blocks.14.gate_conv,0.0002391872985754162
182,blocks.15.conv1,0.005692553706467152
182,blocks.15.conv2,0.004162043333053589
182,blocks.15.gate_conv,0.00025130403810180724
182,blocks.16.conv1,0.00556349428370595
182,blocks.16.conv2,0.004326455760747194
182,blocks.16.gate_conv,0.0002567227929830551
182,blocks.17.conv1,0.00546129047870636
182,blocks.17.conv2,0.004231212195008993
182,blocks.17.gate_conv,0.00014939773245714605
182,blocks.18.conv1,0.0056162807159125805
182,blocks.18.conv2,0.004850893281400204
182,blocks.18.gate_conv,0.00020645830954890698
182,blocks.19.conv1,0.00561410142108798
182,blocks.19.conv2,0.004260859452188015
182,blocks.19.gate_conv,0.0003917232097592205
182,blocks.20.conv1,0.005308188032358885
182,blocks.20.conv2,0.004085656721144915
182,blocks.20.gate_conv,0.0002656303986441344
182,blocks.21.conv1,0.004658053163439035
182,blocks.21.conv2,0.004008137155324221
182,blocks.21.gate_conv,0.00020808646513614804
182,blocks.22.conv1,0.00532750878483057
182,blocks.22.conv2,0.004651963710784912
182,blocks.22.gate_conv,0.00029645272297784686
182,blocks.23.conv1,0.005563779268413782
182,blocks.23.conv2,0.004606609698385
182,blocks.23.gate_conv,0.00034063085331581533
182,blocks.24.conv1,0.005392727442085743
182,blocks.24.conv2,0.004533334169536829
182,blocks.24.gate_conv,0.0003473582037258893
182,blocks.25.conv1,0.005473309196531773
182,blocks.25.conv2,0.004215348977595568
182,blocks.25.gate_conv,0.0005376975168474019
182,blocks.26.conv1,0.005509600974619389
182,blocks.26.conv2,0.003718556836247444
182,blocks.26.gate_conv,0.00017441493400838226
182,blocks.27.conv1,0.004914445336908102
182,blocks.27.conv2,0.004153075162321329
182,blocks.27.gate_conv,0.00027512843371368945
182,blocks.28.conv1,0.007921700365841389
182,blocks.28.conv2,0.006250911857932806
182,blocks.28.gate_conv,0.0004926352412439883
182,blocks.29.conv1,0.007257647812366486
182,blocks.29.conv2,0.0053863972425460815
182,blocks.29.gate_conv,0.0008014837512746453
182,blocks.30.conv1,0.006789518985897303
182,blocks.30.conv2,0.005131136160343885
182,blocks.30.gate_conv,0.00033419785904698074
182,blocks.31.conv1,0.004298204556107521
182,blocks.31.conv2,0.0035933558829128742
182,blocks.31.gate_conv,0.0002497637178748846
182,mean_conv2d_grad_norm,0.004201433721110081
183,stem.0,0.004970056936144829
183,blocks.0.conv1,0.004836695268750191
183,blocks.0.conv2,0.0058153169229626656
183,blocks.0.gate_conv,0.000182268675416708
183,blocks.1.conv1,0.006046772468835115
183,blocks.1.conv2,0.006472807843238115
183,blocks.1.gate_conv,0.00018606093362905085
183,blocks.2.conv1,0.00575663335621357
183,blocks.2.conv2,0.005616400856524706
183,blocks.2.gate_conv,0.00026209818315692246
183,blocks.3.conv1,0.005601986777037382
183,blocks.3.conv2,0.005016619339585304
183,blocks.3.gate_conv,0.00022571254521608353
183,blocks.4.conv1,0.005306134466081858
183,blocks.4.conv2,0.0047172983177006245
183,blocks.4.gate_conv,0.0003031425585504621
183,blocks.5.conv1,0.0048482343554496765
183,blocks.5.conv2,0.004394806455820799
183,blocks.5.gate_conv,0.0003297867369838059
183,blocks.6.conv1,0.004477108363062143
183,blocks.6.conv2,0.003987701144069433
183,blocks.6.gate_conv,0.000316647463478148
183,blocks.7.conv1,0.0046060699969530106
183,blocks.7.conv2,0.0038465543184429407
183,blocks.7.gate_conv,0.00022800634906161577
183,blocks.8.conv1,0.004237805493175983
183,blocks.8.conv2,0.0035161732230335474
183,blocks.8.gate_conv,0.00019448233069851995
183,blocks.9.conv1,0.0039160847663879395
183,blocks.9.conv2,0.0033455980010330677
183,blocks.9.gate_conv,0.00025026907678693533
183,blocks.10.conv1,0.003604011842980981
183,blocks.10.conv2,0.003206350840628147
183,blocks.10.gate_conv,0.00019874061399605125
183,blocks.11.conv1,0.0035107869189232588
183,blocks.11.conv2,0.0029901841189712286
183,blocks.11.gate_conv,0.00018809436005540192
183,blocks.12.conv1,0.003281023120507598
183,blocks.12.conv2,0.0028576382901519537
183,blocks.12.gate_conv,0.00015027131303213537
183,blocks.13.conv1,0.003204335691407323
183,blocks.13.conv2,0.0028078067116439342
183,blocks.13.gate_conv,0.0002309933042852208
183,blocks.14.conv1,0.0030950934160500765
183,blocks.14.conv2,0.0027043416630476713
183,blocks.14.gate_conv,0.00016288064944092184
183,blocks.15.conv1,0.0032907468266785145
183,blocks.15.conv2,0.0025582751259207726
183,blocks.15.gate_conv,0.00026042055105790496
183,blocks.16.conv1,0.0031723924912512302
183,blocks.16.conv2,0.0028845297638326883
183,blocks.16.gate_conv,0.00022238792735151947
183,blocks.17.conv1,0.003344655502587557
183,blocks.17.conv2,0.0024153038393706083
183,blocks.17.gate_conv,0.00014310302503872663
183,blocks.18.conv1,0.003241347149014473
183,blocks.18.conv2,0.0025687431916594505
183,blocks.18.gate_conv,0.00014224804181139916
183,blocks.19.conv1,0.002938514109700918
183,blocks.19.conv2,0.002259707311168313
183,blocks.19.gate_conv,0.00013032270362600684
183,blocks.20.conv1,0.0029882793314754963
183,blocks.20.conv2,0.002470601350069046
183,blocks.20.gate_conv,0.00014214588736649603
183,blocks.21.conv1,0.003126983530819416
183,blocks.21.conv2,0.002501377370208502
183,blocks.21.gate_conv,0.00013810234668198973
183,blocks.22.conv1,0.0030520812142640352
183,blocks.22.conv2,0.0024664790835231543
183,blocks.22.gate_conv,0.00019158810027875006
183,blocks.23.conv1,0.0031862782780081034
183,blocks.23.conv2,0.0023101260885596275
183,blocks.23.gate_conv,0.00013336499978322536
183,blocks.24.conv1,0.0032684020698070526
183,blocks.24.conv2,0.0027210721746087074
183,blocks.24.gate_conv,0.0005406275158748031
183,blocks.25.conv1,0.0032034683972597122
183,blocks.25.conv2,0.0024903011508286
183,blocks.25.gate_conv,0.0003671302692964673
183,blocks.26.conv1,0.0029564641881734133
183,blocks.26.conv2,0.002240361412987113
183,blocks.26.gate_conv,0.00012983974011149257
183,blocks.27.conv1,0.0031764796003699303
183,blocks.27.conv2,0.002430326770991087
183,blocks.27.gate_conv,0.0002550915814936161
183,blocks.28.conv1,0.004042264074087143
183,blocks.28.conv2,0.0027067996561527252
183,blocks.28.gate_conv,0.0002756838221102953
183,blocks.29.conv1,0.003566309344023466
183,blocks.29.conv2,0.002587289549410343
183,blocks.29.gate_conv,0.00046491753892041743
183,blocks.30.conv1,0.003383238799870014
183,blocks.30.conv2,0.0025095667224377394
183,blocks.30.gate_conv,0.00029119302053004503
183,blocks.31.conv1,0.002210173523053527
183,blocks.31.conv2,0.0020201303996145725
183,blocks.31.gate_conv,0.00015598299796693027
183,mean_conv2d_grad_norm,0.002435846451955569
184,stem.0,0.0061762831173837185
184,blocks.0.conv1,0.005765500012785196
184,blocks.0.conv2,0.006792749743908644
184,blocks.0.gate_conv,0.00018103643378708512
184,blocks.1.conv1,0.007126340642571449
184,blocks.1.conv2,0.0076370867900550365
184,blocks.1.gate_conv,0.00019340022117830813
184,blocks.2.conv1,0.006920600309967995
184,blocks.2.conv2,0.0067304824478924274
184,blocks.2.gate_conv,0.00032815910526551306
184,blocks.3.conv1,0.006777632515877485
184,blocks.3.conv2,0.006258189212530851
184,blocks.3.gate_conv,0.0002539104607421905
184,blocks.4.conv1,0.00630820682272315
184,blocks.4.conv2,0.005758944898843765
184,blocks.4.gate_conv,0.00027452039648778737
184,blocks.5.conv1,0.00587470130994916
184,blocks.5.conv2,0.005495774559676647
184,blocks.5.gate_conv,0.0003351141349412501
184,blocks.6.conv1,0.00552468653768301
184,blocks.6.conv2,0.004898834973573685
184,blocks.6.gate_conv,0.00033558596624061465
184,blocks.7.conv1,0.005378906615078449
184,blocks.7.conv2,0.0046205222606658936
184,blocks.7.gate_conv,0.0003470314259175211
184,blocks.8.conv1,0.005053259432315826
184,blocks.8.conv2,0.004587275441735983
184,blocks.8.gate_conv,0.00023537901870440692
184,blocks.9.conv1,0.0052458117716014385
184,blocks.9.conv2,0.004318905994296074
184,blocks.9.gate_conv,0.0002226377255283296
184,blocks.10.conv1,0.0045767067931592464
184,blocks.10.conv2,0.003713142592459917
184,blocks.10.gate_conv,0.00023400099598802626
184,blocks.11.conv1,0.004145821090787649
184,blocks.11.conv2,0.0035550976172089577
184,blocks.11.gate_conv,0.00025623716646805406
184,blocks.12.conv1,0.004057395271956921
184,blocks.12.conv2,0.0034347970504313707
184,blocks.12.gate_conv,0.00020404464157763869
184,blocks.13.conv1,0.003775890450924635
184,blocks.13.conv2,0.0031067770905792713
184,blocks.13.gate_conv,0.00018045188335236162
184,blocks.14.conv1,0.0038373020943254232
184,blocks.14.conv2,0.003129196586087346
184,blocks.14.gate_conv,0.00017459961236454546
184,blocks.15.conv1,0.0038604121655225754
184,blocks.15.conv2,0.0030625448562204838
184,blocks.15.gate_conv,0.0001738980208756402
184,blocks.16.conv1,0.003990366123616695
184,blocks.16.conv2,0.0032436747569590807
184,blocks.16.gate_conv,0.00020968911121599376
184,blocks.17.conv1,0.004051358439028263
184,blocks.17.conv2,0.0029903454706072807
184,blocks.17.gate_conv,0.00014067739539314061
184,blocks.18.conv1,0.003767147660255432
184,blocks.18.conv2,0.0030687295366078615
184,blocks.18.gate_conv,0.00017030649178195745
184,blocks.19.conv1,0.003870126325637102
184,blocks.19.conv2,0.0031124348752200603
184,blocks.19.gate_conv,0.0001896540488814935
184,blocks.20.conv1,0.0036947750486433506
184,blocks.20.conv2,0.0028965475503355265
184,blocks.20.gate_conv,0.00014111667405813932
184,blocks.21.conv1,0.0035600734408944845
184,blocks.21.conv2,0.002949400804936886
184,blocks.21.gate_conv,0.0002068964677164331
184,blocks.22.conv1,0.004179443698376417
184,blocks.22.conv2,0.003063885262235999
184,blocks.22.gate_conv,0.0002149523061234504
184,blocks.23.conv1,0.003927337005734444
184,blocks.23.conv2,0.0030993414111435413
184,blocks.23.gate_conv,0.00015968842490110546
184,blocks.24.conv1,0.003704901086166501
184,blocks.24.conv2,0.0031249402090907097
184,blocks.24.gate_conv,0.00024908207706175745
184,blocks.25.conv1,0.003951346501708031
184,blocks.25.conv2,0.00328318914398551
184,blocks.25.gate_conv,0.0003680570225697011
184,blocks.26.conv1,0.0034785866737365723
184,blocks.26.conv2,0.002620881190523505
184,blocks.26.gate_conv,0.00016435448196716607
184,blocks.27.conv1,0.004261689726263285
184,blocks.27.conv2,0.0031028848607093096
184,blocks.27.gate_conv,0.00018782613915391266
184,blocks.28.conv1,0.005820519290864468
184,blocks.28.conv2,0.004340282641351223
184,blocks.28.gate_conv,0.00029901793459430337
184,blocks.29.conv1,0.00508221285417676
184,blocks.29.conv2,0.0033718401100486517
184,blocks.29.gate_conv,0.00038380175828933716
184,blocks.30.conv1,0.0037701542023569345
184,blocks.30.conv2,0.002992207882925868
184,blocks.30.gate_conv,0.00025272832135669887
184,blocks.31.conv1,0.0029305804055184126
184,blocks.31.conv2,0.00278469268232584
184,blocks.31.gate_conv,0.00022894702851772308
184,mean_conv2d_grad_norm,0.0029802935962450028
185,stem.0,0.003895961446687579
185,blocks.0.conv1,0.004213194362819195
185,blocks.0.conv2,0.0052574193105101585
185,blocks.0.gate_conv,0.00018200142949353904
185,blocks.1.conv1,0.005148636642843485
185,blocks.1.conv2,0.005559214856475592
185,blocks.1.gate_conv,0.0001673319929977879
185,blocks.2.conv1,0.005153868813067675
185,blocks.2.conv2,0.004910108167678118
185,blocks.2.gate_conv,0.00047955737682059407
185,blocks.3.conv1,0.00492659630253911
185,blocks.3.conv2,0.004424850456416607
185,blocks.3.gate_conv,0.00018325280689168721
185,blocks.4.conv1,0.004696352872997522
185,blocks.4.conv2,0.004113326780498028
185,blocks.4.gate_conv,0.00018548674415796995
185,blocks.5.conv1,0.004474026151001453
185,blocks.5.conv2,0.0039104558527469635
185,blocks.5.gate_conv,0.0002512191713321954
185,blocks.6.conv1,0.003971614874899387
185,blocks.6.conv2,0.0035026627592742443
185,blocks.6.gate_conv,0.00020996785315219313
185,blocks.7.conv1,0.003790362970903516
185,blocks.7.conv2,0.0034664457198232412
185,blocks.7.gate_conv,0.00028365166508592665
185,blocks.8.conv1,0.00371839408762753
185,blocks.8.conv2,0.003347003133967519
185,blocks.8.gate_conv,0.00014772804570384324
185,blocks.9.conv1,0.0036276206374168396
185,blocks.9.conv2,0.0031451103277504444
185,blocks.9.gate_conv,0.00018206062668468803
185,blocks.10.conv1,0.003322552889585495
185,blocks.10.conv2,0.002871681470423937
185,blocks.10.gate_conv,0.00016597742796875536
185,blocks.11.conv1,0.003204885870218277
185,blocks.11.conv2,0.002675022929906845
185,blocks.11.gate_conv,0.00016172851610463113
185,blocks.12.conv1,0.0028824300970882177
185,blocks.12.conv2,0.002581880195066333
185,blocks.12.gate_conv,0.0001527686108602211
185,blocks.13.conv1,0.0027933972887694836
185,blocks.13.conv2,0.0023501026444137096
185,blocks.13.gate_conv,0.00015761423856019974
185,blocks.14.conv1,0.002777739427983761
185,blocks.14.conv2,0.002450293395668268
185,blocks.14.gate_conv,0.00010375862621003762
185,blocks.15.conv1,0.002608965151011944
185,blocks.15.conv2,0.0023983679711818695
185,blocks.15.gate_conv,0.0001507473352830857
185,blocks.16.conv1,0.002545085968449712
185,blocks.16.conv2,0.002322626765817404
185,blocks.16.gate_conv,0.00013536954065784812
185,blocks.17.conv1,0.002881198190152645
185,blocks.17.conv2,0.002304686000570655
185,blocks.17.gate_conv,9.305604180553928e-05
185,blocks.18.conv1,0.0025617356877774
185,blocks.18.conv2,0.0022029851097613573
185,blocks.18.gate_conv,0.00012638767657335848
185,blocks.19.conv1,0.002617713063955307
185,blocks.19.conv2,0.0022082384675741196
185,blocks.19.gate_conv,0.00011117405665572733
185,blocks.20.conv1,0.002536138752475381
185,blocks.20.conv2,0.00220097997225821
185,blocks.20.gate_conv,0.000110569380922243
185,blocks.21.conv1,0.0025658283848315477
185,blocks.21.conv2,0.0021526794880628586
185,blocks.21.gate_conv,0.00011357022594893351
185,blocks.22.conv1,0.0030286931432783604
185,blocks.22.conv2,0.0024543488398194313
185,blocks.22.gate_conv,0.00016650964971631765
185,blocks.23.conv1,0.0028622602112591267
185,blocks.23.conv2,0.0023063023108989
185,blocks.23.gate_conv,0.00014095685037318617
185,blocks.24.conv1,0.002898273291066289
185,blocks.24.conv2,0.0024012576323002577
185,blocks.24.gate_conv,0.000278478633845225
185,blocks.25.conv1,0.002777931047603488
185,blocks.25.conv2,0.002231726422905922
185,blocks.25.gate_conv,0.0002457059745211154
185,blocks.26.conv1,0.002599115949124098
185,blocks.26.conv2,0.002131773391738534
185,blocks.26.gate_conv,0.00012123172200517729
185,blocks.27.conv1,0.0030613334383815527
185,blocks.27.conv2,0.0025737190153449774
185,blocks.27.gate_conv,0.00031398286228068173
185,blocks.28.conv1,0.004002977628260851
185,blocks.28.conv2,0.003286656690761447
185,blocks.28.gate_conv,0.0003845417231786996
185,blocks.29.conv1,0.004138305317610502
185,blocks.29.conv2,0.002917433390393853
185,blocks.29.gate_conv,0.0002889393363147974
185,blocks.30.conv1,0.0034231680911034346
185,blocks.30.conv2,0.0024798333179205656
185,blocks.30.gate_conv,0.0002639621670823544
185,blocks.31.conv1,0.0022117469925433397
185,blocks.31.conv2,0.001816233852878213
185,blocks.31.gate_conv,0.00013898557517677546
185,mean_conv2d_grad_norm,0.0021966165522732724
186,stem.0,0.028911346569657326
186,blocks.0.conv1,0.028629712760448456
186,blocks.0.conv2,0.03205852583050728
186,blocks.0.gate_conv,0.001087410026229918
186,blocks.1.conv1,0.03471741825342178
186,blocks.1.conv2,0.037869494408369064
186,blocks.1.gate_conv,0.000887652684468776
186,blocks.2.conv1,0.03414741903543472
186,blocks.2.conv2,0.03563522547483444
186,blocks.2.gate_conv,0.002043122658506036
186,blocks.3.conv1,0.03359951451420784
186,blocks.3.conv2,0.033360425382852554
186,blocks.3.gate_conv,0.0015997167211025953
186,blocks.4.conv1,0.0330708883702755
186,blocks.4.conv2,0.03209410980343819
186,blocks.4.gate_conv,0.0015412401407957077
186,blocks.5.conv1,0.030878597870469093
186,blocks.5.conv2,0.02943350374698639
186,blocks.5.gate_conv,0.0018601615447551012
186,blocks.6.conv1,0.028017239645123482
186,blocks.6.conv2,0.025721022859215736
186,blocks.6.gate_conv,0.0015418104594573379
186,blocks.7.conv1,0.029822343960404396
186,blocks.7.conv2,0.026819366961717606
186,blocks.7.gate_conv,0.0020065701100975275
186,blocks.8.conv1,0.029214762151241302
186,blocks.8.conv2,0.024287356063723564
186,blocks.8.gate_conv,0.001093671889975667
186,blocks.9.conv1,0.025848913937807083
186,blocks.9.conv2,0.022763477638363838
186,blocks.9.gate_conv,0.0011718206806108356
186,blocks.10.conv1,0.025545068085193634
186,blocks.10.conv2,0.02282005175948143
186,blocks.10.gate_conv,0.0011014090850949287
186,blocks.11.conv1,0.022418949753046036
186,blocks.11.conv2,0.018669454380869865
186,blocks.11.gate_conv,0.0009541556355543435
186,blocks.12.conv1,0.024149872362613678
186,blocks.12.conv2,0.020917454734444618
186,blocks.12.gate_conv,0.0012257401831448078
186,blocks.13.conv1,0.02181752398610115
186,blocks.13.conv2,0.017891820520162582
186,blocks.13.gate_conv,0.0008912790799513459
186,blocks.14.conv1,0.02398197539150715
186,blocks.14.conv2,0.01900554448366165
186,blocks.14.gate_conv,0.0008558808476664126
186,blocks.15.conv1,0.021265937015414238
186,blocks.15.conv2,0.019814088940620422
186,blocks.15.gate_conv,0.0016031099949032068
186,blocks.16.conv1,0.020673420280218124
186,blocks.16.conv2,0.01943093352019787
186,blocks.16.gate_conv,0.0012578485766425729
186,blocks.17.conv1,0.023518363013863564
186,blocks.17.conv2,0.017586925998330116
186,blocks.17.gate_conv,0.0007714560488238931
186,blocks.18.conv1,0.021384863182902336
186,blocks.18.conv2,0.016114290803670883
186,blocks.18.gate_conv,0.0015650594141334295
186,blocks.19.conv1,0.019657138735055923
186,blocks.19.conv2,0.015150988474488258
186,blocks.19.gate_conv,0.0006255986518226564
186,blocks.20.conv1,0.01961776241660118
186,blocks.20.conv2,0.016322657465934753
186,blocks.20.gate_conv,0.0009522678446955979
186,blocks.21.conv1,0.020958468317985535
186,blocks.21.conv2,0.015754334628582
186,blocks.21.gate_conv,0.0009494942496530712
186,blocks.22.conv1,0.020484963431954384
186,blocks.22.conv2,0.017344506457448006
186,blocks.22.gate_conv,0.0010651430347934365
186,blocks.23.conv1,0.017764847725629807
186,blocks.23.conv2,0.014242186211049557
186,blocks.23.gate_conv,0.0009115324355661869
186,blocks.24.conv1,0.021562224254012108
186,blocks.24.conv2,0.01476574968546629
186,blocks.24.gate_conv,0.001019818359054625
186,blocks.25.conv1,0.0208301842212677
186,blocks.25.conv2,0.014655576087534428
186,blocks.25.gate_conv,0.0012264357646927238
186,blocks.26.conv1,0.017765801399946213
186,blocks.26.conv2,0.01508416049182415
186,blocks.26.gate_conv,0.0009449509088881314
186,blocks.27.conv1,0.022457735612988472
186,blocks.27.conv2,0.014779165387153625
186,blocks.27.gate_conv,0.0012217232724651694
186,blocks.28.conv1,0.02017870359122753
186,blocks.28.conv2,0.01802910678088665
186,blocks.28.gate_conv,0.0017106111627072096
186,blocks.29.conv1,0.024472253397107124
186,blocks.29.conv2,0.017770785838365555
186,blocks.29.gate_conv,0.0019171545282006264
186,blocks.30.conv1,0.025833824649453163
186,blocks.30.conv2,0.019681021571159363
186,blocks.30.gate_conv,0.0017239520093426108
186,blocks.31.conv1,0.0173773393034935
186,blocks.31.conv2,0.017095277085900307
186,blocks.31.gate_conv,0.0011207390343770385
186,mean_conv2d_grad_norm,0.015814355708365858
187,stem.0,0.0045958710834383965
187,blocks.0.conv1,0.0047753178514540195
187,blocks.0.conv2,0.005686607211828232
187,blocks.0.gate_conv,0.0003780098631978035
187,blocks.1.conv1,0.005848302505910397
187,blocks.1.conv2,0.006719841156154871
187,blocks.1.gate_conv,0.00017838945495896041
187,blocks.2.conv1,0.005699898116290569
187,blocks.2.conv2,0.005616717040538788
187,blocks.2.gate_conv,0.00024318716896232218
187,blocks.3.conv1,0.0057995496317744255
187,blocks.3.conv2,0.005284390412271023
187,blocks.3.gate_conv,0.00021366492728702724
187,blocks.4.conv1,0.0052577052265405655
187,blocks.4.conv2,0.004712722729891539
187,blocks.4.gate_conv,0.0001962126261787489
187,blocks.5.conv1,0.005226506851613522
187,blocks.5.conv2,0.004581687040627003
187,blocks.5.gate_conv,0.00032836326863616705
187,blocks.6.conv1,0.004450512118637562
187,blocks.6.conv2,0.004173197317868471
187,blocks.6.gate_conv,0.00026067512226291
187,blocks.7.conv1,0.004647913388907909
187,blocks.7.conv2,0.003922272007912397
187,blocks.7.gate_conv,0.0003000615397468209
187,blocks.8.conv1,0.004175535403192043
187,blocks.8.conv2,0.0036303778178989887
187,blocks.8.gate_conv,0.00018494288087822497
187,blocks.9.conv1,0.004239864181727171
187,blocks.9.conv2,0.003636410227045417
187,blocks.9.gate_conv,0.00024557363940402865
187,blocks.10.conv1,0.004155988804996014
187,blocks.10.conv2,0.003470743540674448
187,blocks.10.gate_conv,0.0002451291948091239
187,blocks.11.conv1,0.0038469000719487667
187,blocks.11.conv2,0.0033967001363635063
187,blocks.11.gate_conv,0.0002117025724146515
187,blocks.12.conv1,0.0035097659565508366
187,blocks.12.conv2,0.003071337705478072
187,blocks.12.gate_conv,0.00021145821665413678
187,blocks.13.conv1,0.0033092531375586987
187,blocks.13.conv2,0.0026516250800341368
187,blocks.13.gate_conv,0.00014879873197060078
187,blocks.14.conv1,0.003472998272627592
187,blocks.14.conv2,0.002854702528566122
187,blocks.14.gate_conv,0.00013075767492409796
187,blocks.15.conv1,0.0032884017564356327
187,blocks.15.conv2,0.0026829794514924288
187,blocks.15.gate_conv,0.00015592979616485536
187,blocks.16.conv1,0.0033656323794275522
187,blocks.16.conv2,0.0028256045188754797
187,blocks.16.gate_conv,0.0002041506377281621
187,blocks.17.conv1,0.0033566467463970184
187,blocks.17.conv2,0.0027732555754482746
187,blocks.17.gate_conv,0.00019840388267766684
187,blocks.18.conv1,0.003327358281239867
187,blocks.18.conv2,0.0026648682542145252
187,blocks.18.gate_conv,0.00011925608123419806
187,blocks.19.conv1,0.0031820773147046566
187,blocks.19.conv2,0.0027719622012227774
187,blocks.19.gate_conv,0.0002192407991969958
187,blocks.20.conv1,0.003187201451510191
187,blocks.20.conv2,0.0025617408100515604
187,blocks.20.gate_conv,0.00015308847650885582
187,blocks.21.conv1,0.0033171719405800104
187,blocks.21.conv2,0.0025356600526720285
187,blocks.21.gate_conv,0.00015554638230241835
187,blocks.22.conv1,0.003312270389869809
187,blocks.22.conv2,0.002819265704602003
187,blocks.22.gate_conv,0.0005139876739121974
187,blocks.23.conv1,0.0031445948407053947
187,blocks.23.conv2,0.0026073928456753492
187,blocks.23.gate_conv,0.0001635210937820375
187,blocks.24.conv1,0.003552148351445794
187,blocks.24.conv2,0.003057462628930807
187,blocks.24.gate_conv,0.00024360812676604837
187,blocks.25.conv1,0.003452911041676998
187,blocks.25.conv2,0.0028369713108986616
187,blocks.25.gate_conv,0.0003504572086967528
187,blocks.26.conv1,0.0033836152870208025
187,blocks.26.conv2,0.002495480701327324
187,blocks.26.gate_conv,0.0001701733417576179
187,blocks.27.conv1,0.0036713415756821632
187,blocks.27.conv2,0.002718198113143444
187,blocks.27.gate_conv,0.00024953242973424494
187,blocks.28.conv1,0.004401154816150665
187,blocks.28.conv2,0.003369205165654421
187,blocks.28.gate_conv,0.00036835818900726736
187,blocks.29.conv1,0.004397868178784847
187,blocks.29.conv2,0.003065316705033183
187,blocks.29.gate_conv,0.0006530737155117095
187,blocks.30.conv1,0.004000863526016474
187,blocks.30.conv2,0.002786168595775962
187,blocks.30.gate_conv,0.00027774643967859447
187,blocks.31.conv1,0.0028375396504998207
187,blocks.31.conv2,0.0026940738316625357
187,blocks.31.gate_conv,0.00019946167594753206
187,mean_conv2d_grad_norm,0.0025849286740622962
188,stem.0,0.04555254429578781
188,blocks.0.conv1,0.05748354643583298
188,blocks.0.conv2,0.06620649993419647
188,blocks.0.gate_conv,0.003465890884399414
188,blocks.1.conv1,0.0665561854839325
188,blocks.1.conv2,0.06980396807193756
188,blocks.1.gate_conv,0.002246186602860689
188,blocks.2.conv1,0.06822225451469421
188,blocks.2.conv2,0.0653558000922203
188,blocks.2.gate_conv,0.003697281936183572
188,blocks.3.conv1,0.06457126140594482
188,blocks.3.conv2,0.06477487832307816
188,blocks.3.gate_conv,0.003814062336459756
188,blocks.4.conv1,0.06378713250160217
188,blocks.4.conv2,0.05892876535654068
188,blocks.4.gate_conv,0.006044370122253895
188,blocks.5.conv1,0.06589282304048538
188,blocks.5.conv2,0.06827022135257721
188,blocks.5.gate_conv,0.006933846510946751
188,blocks.6.conv1,0.05376005172729492
188,blocks.6.conv2,0.06244440749287605
188,blocks.6.gate_conv,0.008272077888250351
188,blocks.7.conv1,0.06517542153596878
188,blocks.7.conv2,0.05266689136624336
188,blocks.7.gate_conv,0.004589400254189968
188,blocks.8.conv1,0.050948597490787506
188,blocks.8.conv2,0.04441060125827789
188,blocks.8.gate_conv,0.0022325250320136547
188,blocks.9.conv1,0.05001595616340637
188,blocks.9.conv2,0.053071387112140656
188,blocks.9.gate_conv,0.003112225793302059
188,blocks.10.conv1,0.04473601654171944
188,blocks.10.conv2,0.04238572716712952
188,blocks.10.gate_conv,0.0021416908130049706
188,blocks.11.conv1,0.04064334183931351
188,blocks.11.conv2,0.036636464297771454
188,blocks.11.gate_conv,0.002574844751507044
188,blocks.12.conv1,0.03749112784862518
188,blocks.12.conv2,0.034787584096193314
188,blocks.12.gate_conv,0.002262519206851721
188,blocks.13.conv1,0.03704915940761566
188,blocks.13.conv2,0.03503682464361191
188,blocks.13.gate_conv,0.001727201510220766
188,blocks.14.conv1,0.0394979752600193
188,blocks.14.conv2,0.030356021597981453
188,blocks.14.gate_conv,0.0011479937238618731
188,blocks.15.conv1,0.039422351866960526
188,blocks.15.conv2,0.031656064093112946
188,blocks.15.gate_conv,0.0015949038788676262
188,blocks.16.conv1,0.040295686572790146
188,blocks.16.conv2,0.035212013870477676
188,blocks.16.gate_conv,0.0014394535683095455
188,blocks.17.conv1,0.035775624215602875
188,blocks.17.conv2,0.03274720534682274
188,blocks.17.gate_conv,0.0014768543187528849
188,blocks.18.conv1,0.037523314356803894
188,blocks.18.conv2,0.03209748491644859
188,blocks.18.gate_conv,0.0015190111007541418
188,blocks.19.conv1,0.033863283693790436
188,blocks.19.conv2,0.028745440766215324
188,blocks.19.gate_conv,0.0018947543576359749
188,blocks.20.conv1,0.03411731868982315
188,blocks.20.conv2,0.029355688020586967
188,blocks.20.gate_conv,0.0012456788681447506
188,blocks.21.conv1,0.03514372184872627
188,blocks.21.conv2,0.029029594734311104
188,blocks.21.gate_conv,0.0012505794875323772
188,blocks.22.conv1,0.037295229732990265
188,blocks.22.conv2,0.03024107776582241
188,blocks.22.gate_conv,0.0023238768335431814
188,blocks.23.conv1,0.0463428758084774
188,blocks.23.conv2,0.03633248805999756
188,blocks.23.gate_conv,0.0031069114338606596
188,blocks.24.conv1,0.045967623591423035
188,blocks.24.conv2,0.031235748901963234
188,blocks.24.gate_conv,0.001888000057078898
188,blocks.25.conv1,0.04151615872979164
188,blocks.25.conv2,0.032582156360149384
188,blocks.25.gate_conv,0.003108803415670991
188,blocks.26.conv1,0.03791831433773041
188,blocks.26.conv2,0.03205782175064087
188,blocks.26.gate_conv,0.0013834437122568488
188,blocks.27.conv1,0.050319697707891464
188,blocks.27.conv2,0.03647676855325699
188,blocks.27.gate_conv,0.0028046441730111837
188,blocks.28.conv1,0.05289365351200104
188,blocks.28.conv2,0.04459373652935028
188,blocks.28.gate_conv,0.008192489854991436
188,blocks.29.conv1,0.05622214078903198
188,blocks.29.conv2,0.033529508858919144
188,blocks.29.gate_conv,0.004081096965819597
188,blocks.30.conv1,0.050204481929540634
188,blocks.30.conv2,0.029530145227909088
188,blocks.30.gate_conv,0.0020940559916198254
188,blocks.31.conv1,0.03462756797671318
188,blocks.31.conv2,0.02667916938662529
188,blocks.31.gate_conv,0.001236421288922429
188,mean_conv2d_grad_norm,0.03085539889517096
189,stem.0,0.009511920623481274
189,blocks.0.conv1,0.009706276468932629
189,blocks.0.conv2,0.011676214635372162
189,blocks.0.gate_conv,0.00041484663961455226
189,blocks.1.conv1,0.011863416992127895
189,blocks.1.conv2,0.012279641814529896
189,blocks.1.gate_conv,0.0004544260445982218
189,blocks.2.conv1,0.010232169181108475
189,blocks.2.conv2,0.009715082123875618
189,blocks.2.gate_conv,0.0007200423278845847
189,blocks.3.conv1,0.009187843650579453
189,blocks.3.conv2,0.008495408110320568
189,blocks.3.gate_conv,0.00036556582199409604
189,blocks.4.conv1,0.009281778708100319
189,blocks.4.conv2,0.007370340637862682
189,blocks.4.gate_conv,0.000352712842868641
189,blocks.5.conv1,0.008198441937565804
189,blocks.5.conv2,0.007002256810665131
189,blocks.5.gate_conv,0.0004081417864654213
189,blocks.6.conv1,0.008388192392885685
189,blocks.6.conv2,0.006431051529943943
189,blocks.6.gate_conv,0.0003652895975392312
189,blocks.7.conv1,0.007329171523451805
189,blocks.7.conv2,0.006259867921471596
189,blocks.7.gate_conv,0.00035586979356594384
189,blocks.8.conv1,0.0063062733970582485
189,blocks.8.conv2,0.0052814423106610775
189,blocks.8.gate_conv,0.00021427424508146942
189,blocks.9.conv1,0.006352079566568136
189,blocks.9.conv2,0.00527483643963933
189,blocks.9.gate_conv,0.0002735934394877404
189,blocks.10.conv1,0.006671728100627661
189,blocks.10.conv2,0.00569085543975234
189,blocks.10.gate_conv,0.00030099425930529833
189,blocks.11.conv1,0.005693526938557625
189,blocks.11.conv2,0.004398324526846409
189,blocks.11.gate_conv,0.0002799185458570719
189,blocks.12.conv1,0.005534001160413027
189,blocks.12.conv2,0.004555949009954929
189,blocks.12.gate_conv,0.0002588353818282485
189,blocks.13.conv1,0.0050774565897881985
189,blocks.13.conv2,0.004102617036551237
189,blocks.13.gate_conv,0.0002877677616197616
189,blocks.14.conv1,0.005333602894097567
189,blocks.14.conv2,0.004431006498634815
189,blocks.14.gate_conv,0.0002278017345815897
189,blocks.15.conv1,0.004797765053808689
189,blocks.15.conv2,0.0038881737273186445
189,blocks.15.gate_conv,0.00018619019829202443
189,blocks.16.conv1,0.00476829195395112
189,blocks.16.conv2,0.003613795153796673
189,blocks.16.gate_conv,0.0002954928495455533
189,blocks.17.conv1,0.004805116448551416
189,blocks.17.conv2,0.003930303733795881
189,blocks.17.gate_conv,0.00013462093193084002
189,blocks.18.conv1,0.0045595369301736355
189,blocks.18.conv2,0.003835040610283613
189,blocks.18.gate_conv,0.00019237933156546205
189,blocks.19.conv1,0.004713413305580616
189,blocks.19.conv2,0.0038592349737882614
189,blocks.19.gate_conv,0.00016049662372097373
189,blocks.20.conv1,0.004723960533738136
189,blocks.20.conv2,0.0040648262947797775
189,blocks.20.gate_conv,0.00023154098016675562
189,blocks.21.conv1,0.004568277858197689
189,blocks.21.conv2,0.0037690685130655766
189,blocks.21.gate_conv,0.00027349728043191135
189,blocks.22.conv1,0.005151395685970783
189,blocks.22.conv2,0.0037139137275516987
189,blocks.22.gate_conv,0.0002378115023020655
189,blocks.23.conv1,0.004834250081330538
189,blocks.23.conv2,0.003642854280769825
189,blocks.23.gate_conv,0.000172469750395976
189,blocks.24.conv1,0.005073953419923782
189,blocks.24.conv2,0.004235395230352879
189,blocks.24.gate_conv,0.0005487775197252631
189,blocks.25.conv1,0.004817345645278692
189,blocks.25.conv2,0.0036113921087235212
189,blocks.25.gate_conv,0.00043494562851265073
189,blocks.26.conv1,0.004407059401273727
189,blocks.26.conv2,0.003363739000633359
189,blocks.26.gate_conv,0.00021735538030043244
189,blocks.27.conv1,0.005485748406499624
189,blocks.27.conv2,0.003994251601397991
189,blocks.27.gate_conv,0.0002875187201425433
189,blocks.28.conv1,0.005920482333749533
189,blocks.28.conv2,0.004149008542299271
189,blocks.28.gate_conv,0.0005207431386224926
189,blocks.29.conv1,0.005952004808932543
189,blocks.29.conv2,0.004446083679795265
189,blocks.29.gate_conv,0.00042616410064511
189,blocks.30.conv1,0.005445502698421478
189,blocks.30.conv2,0.003973506856709719
189,blocks.30.gate_conv,0.0002606247435323894
189,blocks.31.conv1,0.003471194766461849
189,blocks.31.conv2,0.002765079028904438
189,blocks.31.gate_conv,0.00020120838598813862
189,mean_conv2d_grad_norm,0.0039798521510860645
190,stem.0,0.03467833995819092
190,blocks.0.conv1,0.0355919748544693
190,blocks.0.conv2,0.0372115895152092
190,blocks.0.gate_conv,0.0009614715236239135
190,blocks.1.conv1,0.03460048511624336
190,blocks.1.conv2,0.03428226336836815
190,blocks.1.gate_conv,0.0008309532422572374
190,blocks.2.conv1,0.03237069770693779
190,blocks.2.conv2,0.03149087727069855
190,blocks.2.gate_conv,0.0014210885856300592
190,blocks.3.conv1,0.03220988065004349
190,blocks.3.conv2,0.030409105122089386
190,blocks.3.gate_conv,0.001512301852926612
190,blocks.4.conv1,0.030644850805401802
190,blocks.4.conv2,0.02886258065700531
190,blocks.4.gate_conv,0.001521190395578742
190,blocks.5.conv1,0.028626909479498863
190,blocks.5.conv2,0.02643635869026184
190,blocks.5.gate_conv,0.0018022081349045038
190,blocks.6.conv1,0.026274224743247032
190,blocks.6.conv2,0.023929964751005173
190,blocks.6.gate_conv,0.0015104548074305058
190,blocks.7.conv1,0.025429600849747658
190,blocks.7.conv2,0.02488439716398716
190,blocks.7.gate_conv,0.0017029616283252835
190,blocks.8.conv1,0.024217955768108368
190,blocks.8.conv2,0.023233087733387947
190,blocks.8.gate_conv,0.001144471694715321
190,blocks.9.conv1,0.025228165090084076
190,blocks.9.conv2,0.022519653663039207
190,blocks.9.gate_conv,0.0011369698913767934
190,blocks.10.conv1,0.022424526512622833
190,blocks.10.conv2,0.02110789716243744
190,blocks.10.gate_conv,0.00098491704557091
190,blocks.11.conv1,0.022032732143998146
190,blocks.11.conv2,0.018628820776939392
190,blocks.11.gate_conv,0.0010955458274111152
190,blocks.12.conv1,0.020992035046219826
190,blocks.12.conv2,0.017183316871523857
190,blocks.12.gate_conv,0.0009087487123906612
190,blocks.13.conv1,0.020288271829485893
190,blocks.13.conv2,0.01559376996010542
190,blocks.13.gate_conv,0.0008463924168609083
190,blocks.14.conv1,0.020392412319779396
190,blocks.14.conv2,0.01706111431121826
190,blocks.14.gate_conv,0.0008693854324519634
190,blocks.15.conv1,0.020901992917060852
190,blocks.15.conv2,0.017589690163731575
190,blocks.15.gate_conv,0.0008707151864655316
190,blocks.16.conv1,0.020492931827902794
190,blocks.16.conv2,0.017560187727212906
190,blocks.16.gate_conv,0.0009954965207725763
190,blocks.17.conv1,0.018925461918115616
190,blocks.17.conv2,0.015391591005027294
190,blocks.17.gate_conv,0.000723667093552649
190,blocks.18.conv1,0.017307693138718605
190,blocks.18.conv2,0.0158223919570446
190,blocks.18.gate_conv,0.0007236435194499791
190,blocks.19.conv1,0.019765235483646393
190,blocks.19.conv2,0.015093285590410233
190,blocks.19.gate_conv,0.0011427109129726887
190,blocks.20.conv1,0.01935519278049469
190,blocks.20.conv2,0.01557430624961853
190,blocks.20.gate_conv,0.0009230140130966902
190,blocks.21.conv1,0.01965436153113842
190,blocks.21.conv2,0.01626512035727501
190,blocks.21.gate_conv,0.0008892156183719635
190,blocks.22.conv1,0.02150566689670086
190,blocks.22.conv2,0.015872711315751076
190,blocks.22.gate_conv,0.0010919570922851562
190,blocks.23.conv1,0.01930895633995533
190,blocks.23.conv2,0.015394649468362331
190,blocks.23.gate_conv,0.000707268132828176
190,blocks.24.conv1,0.02036275900900364
190,blocks.24.conv2,0.016552340239286423
190,blocks.24.gate_conv,0.0011720849433913827
190,blocks.25.conv1,0.02047615312039852
190,blocks.25.conv2,0.015811949968338013
190,blocks.25.gate_conv,0.001408223295584321
190,blocks.26.conv1,0.018334992229938507
190,blocks.26.conv2,0.015696078538894653
190,blocks.26.gate_conv,0.0007882640929892659
190,blocks.27.conv1,0.021473724395036697
190,blocks.27.conv2,0.01623305305838585
190,blocks.27.gate_conv,0.001422975561581552
190,blocks.28.conv1,0.02584041655063629
190,blocks.28.conv2,0.019567282870411873
190,blocks.28.gate_conv,0.001665003364905715
190,blocks.29.conv1,0.024592792615294456
190,blocks.29.conv2,0.01727626472711563
190,blocks.29.gate_conv,0.0018000880954787135
190,blocks.30.conv1,0.020548712462186813
190,blocks.30.conv2,0.015414184890687466
190,blocks.30.gate_conv,0.0011817638296633959
190,blocks.31.conv1,0.01456363033503294
190,blocks.31.conv2,0.012454606592655182
190,blocks.31.gate_conv,0.0009712076862342656
190,mean_conv2d_grad_norm,0.015077779260968078
191,stem.0,0.004022471606731415
191,blocks.0.conv1,0.005329493433237076
191,blocks.0.conv2,0.006784726865589619
191,blocks.0.gate_conv,0.00016917617176659405
191,blocks.1.conv1,0.006698264740407467
191,blocks.1.conv2,0.007378373295068741
191,blocks.1.gate_conv,0.00019978644559159875
191,blocks.2.conv1,0.006724128033965826
191,blocks.2.conv2,0.006205139681696892
191,blocks.2.gate_conv,0.00027033741935156286
191,blocks.3.conv1,0.006351951975375414
191,blocks.3.conv2,0.005738400388509035
191,blocks.3.gate_conv,0.0002685768704395741
191,blocks.4.conv1,0.005710644647479057
191,blocks.4.conv2,0.005613769870251417
191,blocks.4.gate_conv,0.0004342459433246404
191,blocks.5.conv1,0.006057989317923784
191,blocks.5.conv2,0.005473889876157045
191,blocks.5.gate_conv,0.0005161878652870655
191,blocks.6.conv1,0.005463190842419863
191,blocks.6.conv2,0.005067422520369291
191,blocks.6.gate_conv,0.00037907614023424685
191,blocks.7.conv1,0.0054950048215687275
191,blocks.7.conv2,0.004485809709876776
191,blocks.7.gate_conv,0.0003354438522364944
191,blocks.8.conv1,0.0048006633296608925
191,blocks.8.conv2,0.004223935771733522
191,blocks.8.gate_conv,0.0002251541882287711
191,blocks.9.conv1,0.004950506146997213
191,blocks.9.conv2,0.004076067823916674
191,blocks.9.gate_conv,0.00027150844107382
191,blocks.10.conv1,0.004605070222169161
191,blocks.10.conv2,0.0035908017307519913
191,blocks.10.gate_conv,0.00023366339155472815
191,blocks.11.conv1,0.0042143468745052814
191,blocks.11.conv2,0.003506180364638567
191,blocks.11.gate_conv,0.0002151102526113391
191,blocks.12.conv1,0.0038089335430413485
191,blocks.12.conv2,0.0033303259406238794
191,blocks.12.gate_conv,0.00026804511435329914
191,blocks.13.conv1,0.003547628642991185
191,blocks.13.conv2,0.0031098707113415003
191,blocks.13.gate_conv,0.0002106426836689934
191,blocks.14.conv1,0.003766030538827181
191,blocks.14.conv2,0.003198046935722232
191,blocks.14.gate_conv,0.00017608604684937745
191,blocks.15.conv1,0.0033102408051490784
191,blocks.15.conv2,0.0028902858030050993
191,blocks.15.gate_conv,0.00015686507686041296
191,blocks.16.conv1,0.003665710799396038
191,blocks.16.conv2,0.003104712814092636
191,blocks.16.gate_conv,0.00017163292795885354
191,blocks.17.conv1,0.003521510399878025
191,blocks.17.conv2,0.003085183911025524
191,blocks.17.gate_conv,0.0001855039008660242
191,blocks.18.conv1,0.0037695944774895906
191,blocks.18.conv2,0.0030786667484790087
191,blocks.18.gate_conv,0.00017376213509123772
191,blocks.19.conv1,0.0033207519445568323
191,blocks.19.conv2,0.0028002550825476646
191,blocks.19.gate_conv,0.000170703322510235
191,blocks.20.conv1,0.0035327253863215446
191,blocks.20.conv2,0.0029089346062391996
191,blocks.20.gate_conv,0.00018162798369303346
191,blocks.21.conv1,0.003641656832769513
191,blocks.21.conv2,0.002981514437124133
191,blocks.21.gate_conv,0.00022408776567317545
191,blocks.22.conv1,0.0036088982596993446
191,blocks.22.conv2,0.002872990444302559
191,blocks.22.gate_conv,0.0002132691879523918
191,blocks.23.conv1,0.0034471808467060328
191,blocks.23.conv2,0.002940143458545208
191,blocks.23.gate_conv,0.00015750691818539053
191,blocks.24.conv1,0.003792374162003398
191,blocks.24.conv2,0.0028885442297905684
191,blocks.24.gate_conv,0.00024306471459567547
191,blocks.25.conv1,0.0037554767914116383
191,blocks.25.conv2,0.0029206727631390095
191,blocks.25.gate_conv,0.0002915435761678964
191,blocks.26.conv1,0.0035118754021823406
191,blocks.26.conv2,0.0030088338535279036
191,blocks.26.gate_conv,0.0001940881775226444
191,blocks.27.conv1,0.0040352484211325645
191,blocks.27.conv2,0.0030428869649767876
191,blocks.27.gate_conv,0.00021949024812784046
191,blocks.28.conv1,0.004488853272050619
191,blocks.28.conv2,0.003344012191519141
191,blocks.28.gate_conv,0.0003058855072595179
191,blocks.29.conv1,0.004623790737241507
191,blocks.29.conv2,0.003548406297340989
191,blocks.29.gate_conv,0.0004182875854894519
191,blocks.30.conv1,0.004094668664038181
191,blocks.30.conv2,0.0030132888350635767
191,blocks.30.gate_conv,0.00026206314214505255
191,blocks.31.conv1,0.002815741579979658
191,blocks.31.conv2,0.0024410386104136705
191,blocks.31.gate_conv,0.000171596635482274
191,mean_conv2d_grad_norm,0.002835564635761236
192,stem.0,0.007782384753227234
192,blocks.0.conv1,0.008771715685725212
192,blocks.0.conv2,0.010662710294127464
192,blocks.0.gate_conv,0.0003041994059458375
192,blocks.1.conv1,0.011298000812530518
192,blocks.1.conv2,0.011819952167570591
192,blocks.1.gate_conv,0.0003333059430588037
192,blocks.2.conv1,0.010922957211732864
192,blocks.2.conv2,0.01067999005317688
192,blocks.2.gate_conv,0.0005303822108544409
192,blocks.3.conv1,0.01086009293794632
192,blocks.3.conv2,0.010573654435575008
192,blocks.3.gate_conv,0.0004971183952875435
192,blocks.4.conv1,0.010854447260499
192,blocks.4.conv2,0.008566133677959442
192,blocks.4.gate_conv,0.00043296831427142024
192,blocks.5.conv1,0.00929192453622818
192,blocks.5.conv2,0.008073843084275723
192,blocks.5.gate_conv,0.0005482718115672469
192,blocks.6.conv1,0.008662139065563679
192,blocks.6.conv2,0.007525949738919735
192,blocks.6.gate_conv,0.0005375784821808338
192,blocks.7.conv1,0.008603899739682674
192,blocks.7.conv2,0.007717994041740894
192,blocks.7.gate_conv,0.0005284505314193666
192,blocks.8.conv1,0.00791714433580637
192,blocks.8.conv2,0.006991353817284107
192,blocks.8.gate_conv,0.0005159231368452311
192,blocks.9.conv1,0.007618183270096779
192,blocks.9.conv2,0.00639732088893652
192,blocks.9.gate_conv,0.00040022938628681004
192,blocks.10.conv1,0.0068915537558496
192,blocks.10.conv2,0.006398497149348259
192,blocks.10.gate_conv,0.0003847008047159761
192,blocks.11.conv1,0.006732822395861149
192,blocks.11.conv2,0.006041146349161863
192,blocks.11.gate_conv,0.0004125443520024419
192,blocks.12.conv1,0.006716747302561998
192,blocks.12.conv2,0.005794483236968517
192,blocks.12.gate_conv,0.0002996721595991403
192,blocks.13.conv1,0.006429644301533699
192,blocks.13.conv2,0.005543367937207222
192,blocks.13.gate_conv,0.00034880844759754837
192,blocks.14.conv1,0.006276361178606749
192,blocks.14.conv2,0.0055012512020766735
192,blocks.14.gate_conv,0.0002414125483483076
192,blocks.15.conv1,0.005928819999098778
192,blocks.15.conv2,0.004983288235962391
192,blocks.15.gate_conv,0.0003144636284559965
192,blocks.16.conv1,0.006037198472768068
192,blocks.16.conv2,0.0052466546185314655
192,blocks.16.gate_conv,0.00030403726850636303
192,blocks.17.conv1,0.006071091163903475
192,blocks.17.conv2,0.004648817703127861
192,blocks.17.gate_conv,0.0001972776371985674
192,blocks.18.conv1,0.005915154702961445
192,blocks.18.conv2,0.004769735038280487
192,blocks.18.gate_conv,0.0002279916952829808
192,blocks.19.conv1,0.005772368051111698
192,blocks.19.conv2,0.004666449036449194
192,blocks.19.gate_conv,0.0004310249350965023
192,blocks.20.conv1,0.005703650414943695
192,blocks.20.conv2,0.004993305075913668
192,blocks.20.gate_conv,0.00041899477946572006
192,blocks.21.conv1,0.0065033892169594765
192,blocks.21.conv2,0.005141043569892645
192,blocks.21.gate_conv,0.00028792122611775994
192,blocks.22.conv1,0.0060194190591573715
192,blocks.22.conv2,0.00476694805547595
192,blocks.22.gate_conv,0.0002971626818180084
192,blocks.23.conv1,0.005270547233521938
192,blocks.23.conv2,0.004266633186489344
192,blocks.23.gate_conv,0.00023650539515074342
192,blocks.24.conv1,0.0059997462667524815
192,blocks.24.conv2,0.005055862478911877
192,blocks.24.gate_conv,0.00045960635179653764
192,blocks.25.conv1,0.006547524128109217
192,blocks.25.conv2,0.004656260367482901
192,blocks.25.gate_conv,0.0005715656443499029
192,blocks.26.conv1,0.005245224107056856
192,blocks.26.conv2,0.004382445476949215
192,blocks.26.gate_conv,0.000366907479474321
192,blocks.27.conv1,0.006568736396729946
192,blocks.27.conv2,0.00453309528529644
192,blocks.27.gate_conv,0.0003622310468927026
192,blocks.28.conv1,0.007894303649663925
192,blocks.28.conv2,0.005625441670417786
192,blocks.28.gate_conv,0.0005056708469055593
192,blocks.29.conv1,0.008166734129190445
192,blocks.29.conv2,0.005279183853417635
192,blocks.29.gate_conv,0.0005194316618144512
192,blocks.30.conv1,0.006348461378365755
192,blocks.30.conv2,0.004362244158983231
192,blocks.30.gate_conv,0.00034536971361376345
192,blocks.31.conv1,0.00389431812800467
192,blocks.31.conv2,0.003485634922981262
192,blocks.31.gate_conv,0.00020163529552519321
192,mean_conv2d_grad_norm,0.004649801639877211
193,stem.0,0.011520212516188622
193,blocks.0.conv1,0.011582450941205025
193,blocks.0.conv2,0.013337277807295322
193,blocks.0.gate_conv,0.0003036735288333148
193,blocks.1.conv1,0.011785225942730904
193,blocks.1.conv2,0.013293638825416565
193,blocks.1.gate_conv,0.0003410812350921333
193,blocks.2.conv1,0.011795994825661182
193,blocks.2.conv2,0.011807920411229134
193,blocks.2.gate_conv,0.0007158140651881695
193,blocks.3.conv1,0.011266326531767845
193,blocks.3.conv2,0.010828056372702122
193,blocks.3.gate_conv,0.00046786954044364393
193,blocks.4.conv1,0.011166664771735668
193,blocks.4.conv2,0.01026662066578865
193,blocks.4.gate_conv,0.0004909831914119422
193,blocks.5.conv1,0.01150598656386137
193,blocks.5.conv2,0.010939701460301876
193,blocks.5.gate_conv,0.0006134053110145032
193,blocks.6.conv1,0.009402774274349213
193,blocks.6.conv2,0.008052772842347622
193,blocks.6.gate_conv,0.000501734612043947
193,blocks.7.conv1,0.009331616573035717
193,blocks.7.conv2,0.008456885814666748
193,blocks.7.gate_conv,0.0005669213132932782
193,blocks.8.conv1,0.009074363857507706
193,blocks.8.conv2,0.008334990590810776
193,blocks.8.gate_conv,0.0004286233161110431
193,blocks.9.conv1,0.008847356773912907
193,blocks.9.conv2,0.008357884362339973
193,blocks.9.gate_conv,0.0003842398291453719
193,blocks.10.conv1,0.00865732878446579
193,blocks.10.conv2,0.00755447568371892
193,blocks.10.gate_conv,0.00033881390118040144
193,blocks.11.conv1,0.007427268661558628
193,blocks.11.conv2,0.0065477825701236725
193,blocks.11.gate_conv,0.0004770101513713598
193,blocks.12.conv1,0.0073425727896392345
193,blocks.12.conv2,0.005580226890742779
193,blocks.12.gate_conv,0.0003305146237835288
193,blocks.13.conv1,0.006717596668750048
193,blocks.13.conv2,0.005064804572612047
193,blocks.13.gate_conv,0.0003141597844660282
193,blocks.14.conv1,0.006275554653257132
193,blocks.14.conv2,0.0054239556193351746
193,blocks.14.gate_conv,0.00023225169570650905
193,blocks.15.conv1,0.007239696569740772
193,blocks.15.conv2,0.005957071203738451
193,blocks.15.gate_conv,0.00029214928508736193
193,blocks.16.conv1,0.007185752037912607
193,blocks.16.conv2,0.005587500054389238
193,blocks.16.gate_conv,0.00032705889316275716
193,blocks.17.conv1,0.007191491313278675
193,blocks.17.conv2,0.005630338564515114
193,blocks.17.gate_conv,0.00025665582506917417
193,blocks.18.conv1,0.00742988521233201
193,blocks.18.conv2,0.00559256924316287
193,blocks.18.gate_conv,0.00032439749338664114
193,blocks.19.conv1,0.006790833547711372
193,blocks.19.conv2,0.0050941952504217625
193,blocks.19.gate_conv,0.0003441804146859795
193,blocks.20.conv1,0.007336630951613188
193,blocks.20.conv2,0.005669944919645786
193,blocks.20.gate_conv,0.0002820946101564914
193,blocks.21.conv1,0.00640565250068903
193,blocks.21.conv2,0.004882156848907471
193,blocks.21.gate_conv,0.0005341147189028561
193,blocks.22.conv1,0.006714677903801203
193,blocks.22.conv2,0.005351886618882418
193,blocks.22.gate_conv,0.00029092346085235476
193,blocks.23.conv1,0.006448165513575077
193,blocks.23.conv2,0.005329413339495659
193,blocks.23.gate_conv,0.0002574826357886195
193,blocks.24.conv1,0.007302658632397652
193,blocks.24.conv2,0.005697471555322409
193,blocks.24.gate_conv,0.000467360281618312
193,blocks.25.conv1,0.006337451282888651
193,blocks.25.conv2,0.00499526783823967
193,blocks.25.gate_conv,0.00078019336797297
193,blocks.26.conv1,0.006104941945523024
193,blocks.26.conv2,0.004772703628987074
193,blocks.26.gate_conv,0.000237608517636545
193,blocks.27.conv1,0.0071119084022939205
193,blocks.27.conv2,0.005553499795496464
193,blocks.27.gate_conv,0.00032283159089274704
193,blocks.28.conv1,0.008866606280207634
193,blocks.28.conv2,0.0067955441772937775
193,blocks.28.gate_conv,0.0005078114336356521
193,blocks.29.conv1,0.0090996278449893
193,blocks.29.conv2,0.007183990441262722
193,blocks.29.gate_conv,0.0010116305202245712
193,blocks.30.conv1,0.007738850079476833
193,blocks.30.conv2,0.005225977394729853
193,blocks.30.gate_conv,0.0004442867066245526
193,blocks.31.conv1,0.004874552600085735
193,blocks.31.conv2,0.003920628223568201
193,blocks.31.gate_conv,0.00027552133542485535
193,mean_conv2d_grad_norm,0.005303394108513831
194,stem.0,0.011976625770330429
194,blocks.0.conv1,0.009628119878470898
194,blocks.0.conv2,0.010157682932913303
194,blocks.0.gate_conv,0.00024768710136413574
194,blocks.1.conv1,0.010893934406340122
194,blocks.1.conv2,0.012509070336818695
194,blocks.1.gate_conv,0.0003016214759554714
194,blocks.2.conv1,0.011719862930476665
194,blocks.2.conv2,0.01159639097750187
194,blocks.2.gate_conv,0.00046203166129998863
194,blocks.3.conv1,0.00987398624420166
194,blocks.3.conv2,0.00957076158374548
194,blocks.3.gate_conv,0.0004685148596763611
194,blocks.4.conv1,0.009813333861529827
194,blocks.4.conv2,0.008704611100256443
194,blocks.4.gate_conv,0.00040961254853755236
194,blocks.5.conv1,0.009485659189522266
194,blocks.5.conv2,0.008808988146483898
194,blocks.5.gate_conv,0.0005022496334277093
194,blocks.6.conv1,0.008779866620898247
194,blocks.6.conv2,0.008402945473790169
194,blocks.6.gate_conv,0.0004775470879394561
194,blocks.7.conv1,0.008552798070013523
194,blocks.7.conv2,0.008069529198110104
194,blocks.7.gate_conv,0.000548852956853807
194,blocks.8.conv1,0.008341195061802864
194,blocks.8.conv2,0.007086236495524645
194,blocks.8.gate_conv,0.000287490023765713
194,blocks.9.conv1,0.007772328797727823
194,blocks.9.conv2,0.006265007890760899
194,blocks.9.gate_conv,0.0003489907830953598
194,blocks.10.conv1,0.007034153211861849
194,blocks.10.conv2,0.006437306292355061
194,blocks.10.gate_conv,0.00031981198117136955
194,blocks.11.conv1,0.006963841151446104
194,blocks.11.conv2,0.005872844252735376
194,blocks.11.gate_conv,0.00037718258681707084
194,blocks.12.conv1,0.006877392064779997
194,blocks.12.conv2,0.005360881332308054
194,blocks.12.gate_conv,0.00028465656214393675
194,blocks.13.conv1,0.006193811073899269
194,blocks.13.conv2,0.0049291448667645454
194,blocks.13.gate_conv,0.0002807558630593121
194,blocks.14.conv1,0.005980458110570908
194,blocks.14.conv2,0.005262804217636585
194,blocks.14.gate_conv,0.00029178819386288524
194,blocks.15.conv1,0.005908165592700243
194,blocks.15.conv2,0.005179479252547026
194,blocks.15.gate_conv,0.0002662708575371653
194,blocks.16.conv1,0.006069696508347988
194,blocks.16.conv2,0.004950772970914841
194,blocks.16.gate_conv,0.000282513618003577
194,blocks.17.conv1,0.005774359218776226
194,blocks.17.conv2,0.005038112867623568
194,blocks.17.gate_conv,0.00018399515829514712
194,blocks.18.conv1,0.005952982697635889
194,blocks.18.conv2,0.004925537388771772
194,blocks.18.gate_conv,0.0001927487028297037
194,blocks.19.conv1,0.005974897183477879
194,blocks.19.conv2,0.005138126201927662
194,blocks.19.gate_conv,0.0002562284644227475
194,blocks.20.conv1,0.005663454998284578
194,blocks.20.conv2,0.0046487366780638695
194,blocks.20.gate_conv,0.00035447574919089675
194,blocks.21.conv1,0.005414318758994341
194,blocks.21.conv2,0.004613859578967094
194,blocks.21.gate_conv,0.00028637333889491856
194,blocks.22.conv1,0.0055509405210614204
194,blocks.22.conv2,0.004390000365674496
194,blocks.22.gate_conv,0.0002644282940309495
194,blocks.23.conv1,0.00500788539648056
194,blocks.23.conv2,0.004478544928133488
194,blocks.23.gate_conv,0.00020679687440861017
194,blocks.24.conv1,0.006678875535726547
194,blocks.24.conv2,0.0054534804075956345
194,blocks.24.gate_conv,0.0004265443712938577
194,blocks.25.conv1,0.005697642918676138
194,blocks.25.conv2,0.004234374966472387
194,blocks.25.gate_conv,0.0005552814691327512
194,blocks.26.conv1,0.005779955070465803
194,blocks.26.conv2,0.004436310846358538
194,blocks.26.gate_conv,0.00019259258988313377
194,blocks.27.conv1,0.0059293340891599655
194,blocks.27.conv2,0.004516704007983208
194,blocks.27.gate_conv,0.0002806228876579553
194,blocks.28.conv1,0.007016370538622141
194,blocks.28.conv2,0.0067839245311915874
194,blocks.28.gate_conv,0.00038429981213994324
194,blocks.29.conv1,0.0076452018693089485
194,blocks.29.conv2,0.005416955798864365
194,blocks.29.gate_conv,0.0010507998522371054
194,blocks.30.conv1,0.006663731765002012
194,blocks.30.conv2,0.004709967877715826
194,blocks.30.gate_conv,0.0002820793306455016
194,blocks.31.conv1,0.00433054193854332
194,blocks.31.conv2,0.0038381670601665974
194,blocks.31.gate_conv,0.000261457113083452
194,mean_conv2d_grad_norm,0.0046811266358192894
195,stem.0,0.008962669409811497
195,blocks.0.conv1,0.00941981840878725
195,blocks.0.conv2,0.010151468217372894
195,blocks.0.gate_conv,0.0005194347468204796
195,blocks.1.conv1,0.010109852068126202
195,blocks.1.conv2,0.010109405033290386
195,blocks.1.gate_conv,0.00027395045617595315
195,blocks.2.conv1,0.009784295223653316
195,blocks.2.conv2,0.009680970571935177
195,blocks.2.gate_conv,0.0004918199265375733
195,blocks.3.conv1,0.008988825604319572
195,blocks.3.conv2,0.009180422872304916
195,blocks.3.gate_conv,0.0003455369733273983
195,blocks.4.conv1,0.008970952592790127
195,blocks.4.conv2,0.008182513527572155
195,blocks.4.gate_conv,0.0004360952298156917
195,blocks.5.conv1,0.00895257480442524
195,blocks.5.conv2,0.00776704540476203
195,blocks.5.gate_conv,0.00040915084537118673
195,blocks.6.conv1,0.007578426506370306
195,blocks.6.conv2,0.007404107600450516
195,blocks.6.gate_conv,0.0005295439041219652
195,blocks.7.conv1,0.0077477702870965
195,blocks.7.conv2,0.007468523923307657
195,blocks.7.gate_conv,0.0004551531746983528
195,blocks.8.conv1,0.007587822619825602
195,blocks.8.conv2,0.007098344620317221
195,blocks.8.gate_conv,0.0002968601183965802
195,blocks.9.conv1,0.006976079661399126
195,blocks.9.conv2,0.0064653633162379265
195,blocks.9.gate_conv,0.0003600680793169886
195,blocks.10.conv1,0.006726960185915232
195,blocks.10.conv2,0.006296306848526001
195,blocks.10.gate_conv,0.00036488627665676177
195,blocks.11.conv1,0.00629855552688241
195,blocks.11.conv2,0.005754198879003525
195,blocks.11.gate_conv,0.00033174833515658975
195,blocks.12.conv1,0.006655904930084944
195,blocks.12.conv2,0.006323311943560839
195,blocks.12.gate_conv,0.0005035230424255133
195,blocks.13.conv1,0.006316093262284994
195,blocks.13.conv2,0.005798380821943283
195,blocks.13.gate_conv,0.0003277165815234184
195,blocks.14.conv1,0.007104056421667337
195,blocks.14.conv2,0.005846100393682718
195,blocks.14.gate_conv,0.00041958270594477654
195,blocks.15.conv1,0.006857314612716436
195,blocks.15.conv2,0.006607668474316597
195,blocks.15.gate_conv,0.0003039913426619023
195,blocks.16.conv1,0.006264669820666313
195,blocks.16.conv2,0.004852596670389175
195,blocks.16.gate_conv,0.0003574062429834157
195,blocks.17.conv1,0.007036827504634857
195,blocks.17.conv2,0.004839334636926651
195,blocks.17.gate_conv,0.00019082659855484962
195,blocks.18.conv1,0.00622198823839426
195,blocks.18.conv2,0.005265340209007263
195,blocks.18.gate_conv,0.0002474087232258171
195,blocks.19.conv1,0.006239462643861771
195,blocks.19.conv2,0.0046396455727517605
195,blocks.19.gate_conv,0.000551513978280127
195,blocks.20.conv1,0.005626699887216091
195,blocks.20.conv2,0.004037859849631786
195,blocks.20.gate_conv,0.00020433725148905069
195,blocks.21.conv1,0.005732055753469467
195,blocks.21.conv2,0.004885559901595116
195,blocks.21.gate_conv,0.000312949123326689
195,blocks.22.conv1,0.005708721466362476
195,blocks.22.conv2,0.004352915100753307
195,blocks.22.gate_conv,0.00027703613159246743
195,blocks.23.conv1,0.005482383072376251
195,blocks.23.conv2,0.004307366441935301
195,blocks.23.gate_conv,0.00020466498972382396
195,blocks.24.conv1,0.007337098475545645
195,blocks.24.conv2,0.005456162616610527
195,blocks.24.gate_conv,0.000466037163278088
195,blocks.25.conv1,0.0054697273299098015
195,blocks.25.conv2,0.003979540430009365
195,blocks.25.gate_conv,0.00032641887082718313
195,blocks.26.conv1,0.006211908999830484
195,blocks.26.conv2,0.004563075955957174
195,blocks.26.gate_conv,0.00024284938990604132
195,blocks.27.conv1,0.006602361798286438
195,blocks.27.conv2,0.004958712961524725
195,blocks.27.gate_conv,0.00046871230006217957
195,blocks.28.conv1,0.007252730429172516
195,blocks.28.conv2,0.0053777978755533695
195,blocks.28.gate_conv,0.001006409409455955
195,blocks.29.conv1,0.007685201708227396
195,blocks.29.conv2,0.005532091483473778
195,blocks.29.gate_conv,0.0007299145217984915
195,blocks.30.conv1,0.008207039907574654
195,blocks.30.conv2,0.00648011639714241
195,blocks.30.gate_conv,0.0008743866346776485
195,blocks.31.conv1,0.005813022144138813
195,blocks.31.conv2,0.00442809984087944
195,blocks.31.gate_conv,0.0003985449729952961
195,mean_conv2d_grad_norm,0.0046314298736049135
196,stem.0,0.006515974644571543
196,blocks.0.conv1,0.007900462485849857
196,blocks.0.conv2,0.010320370085537434
196,blocks.0.gate_conv,0.0002896664955187589
196,blocks.1.conv1,0.009480300359427929
196,blocks.1.conv2,0.009252031333744526
196,blocks.1.gate_conv,0.0002853143378160894
196,blocks.2.conv1,0.008394570089876652
196,blocks.2.conv2,0.008645579218864441
196,blocks.2.gate_conv,0.00031436490826308727
196,blocks.3.conv1,0.00860378798097372
196,blocks.3.conv2,0.007367588113993406
196,blocks.3.gate_conv,0.0003287387080490589
196,blocks.4.conv1,0.0077711790800094604
196,blocks.4.conv2,0.00678507424890995
196,blocks.4.gate_conv,0.00031378859421238303
196,blocks.5.conv1,0.007524579297751188
196,blocks.5.conv2,0.006624051369726658
196,blocks.5.gate_conv,0.0004918984486721456
196,blocks.6.conv1,0.0069152493961155415
196,blocks.6.conv2,0.0057954369112849236
196,blocks.6.gate_conv,0.00039050134364515543
196,blocks.7.conv1,0.0067628659307956696
196,blocks.7.conv2,0.005920807830989361
196,blocks.7.gate_conv,0.00035047982237301767
196,blocks.8.conv1,0.0064185853116214275
196,blocks.8.conv2,0.005674770101904869
196,blocks.8.gate_conv,0.0002439687232254073
196,blocks.9.conv1,0.006295245606452227
196,blocks.9.conv2,0.005014989525079727
196,blocks.9.gate_conv,0.0002696664596442133
196,blocks.10.conv1,0.006004118826240301
196,blocks.10.conv2,0.0049043698236346245
196,blocks.10.gate_conv,0.0003018112329300493
196,blocks.11.conv1,0.00566326966509223
196,blocks.11.conv2,0.004442534409463406
196,blocks.11.gate_conv,0.0002495574299246073
196,blocks.12.conv1,0.004961502738296986
196,blocks.12.conv2,0.004261127207428217
196,blocks.12.gate_conv,0.00023657010751776397
196,blocks.13.conv1,0.004534473642706871
196,blocks.13.conv2,0.0037558218464255333
196,blocks.13.gate_conv,0.0002097861870424822
196,blocks.14.conv1,0.004579099360853434
196,blocks.14.conv2,0.003835690440610051
196,blocks.14.gate_conv,0.0002036715013673529
196,blocks.15.conv1,0.004061826970428228
196,blocks.15.conv2,0.0033317594788968563
196,blocks.15.gate_conv,0.0001941060763783753
196,blocks.16.conv1,0.004669843707233667
196,blocks.16.conv2,0.003999172244220972
196,blocks.16.gate_conv,0.00022489888942800462
196,blocks.17.conv1,0.004444078076630831
196,blocks.17.conv2,0.0038611427880823612
196,blocks.17.gate_conv,0.00017030643357429653
196,blocks.18.conv1,0.004335097037255764
196,blocks.18.conv2,0.0036850483156740665
196,blocks.18.gate_conv,0.00017924833809956908
196,blocks.19.conv1,0.004109570290893316
196,blocks.19.conv2,0.003425376722589135
196,blocks.19.gate_conv,0.00015496660489588976
196,blocks.20.conv1,0.0046342285349965096
196,blocks.20.conv2,0.003716500708833337
196,blocks.20.gate_conv,0.00021078217832837254
196,blocks.21.conv1,0.004623702261596918
196,blocks.21.conv2,0.003407033160328865
196,blocks.21.gate_conv,0.0003314102068543434
196,blocks.22.conv1,0.004385967273265123
196,blocks.22.conv2,0.0034813741222023964
196,blocks.22.gate_conv,0.00015571982658002526
196,blocks.23.conv1,0.004525593016296625
196,blocks.23.conv2,0.0036529928911477327
196,blocks.23.gate_conv,0.00015149873797781765
196,blocks.24.conv1,0.004451069515198469
196,blocks.24.conv2,0.0035404022783041
196,blocks.24.gate_conv,0.00035755260614678264
196,blocks.25.conv1,0.004188284277915955
196,blocks.25.conv2,0.003239978104829788
196,blocks.25.gate_conv,0.0002581434091553092
196,blocks.26.conv1,0.004023207817226648
196,blocks.26.conv2,0.0031203236430883408
196,blocks.26.gate_conv,0.00018431665375828743
196,blocks.27.conv1,0.005081869196146727
196,blocks.27.conv2,0.003806847846135497
196,blocks.27.gate_conv,0.0002549787168391049
196,blocks.28.conv1,0.005054351408034563
196,blocks.28.conv2,0.003910033032298088
196,blocks.28.gate_conv,0.0003402626607567072
196,blocks.29.conv1,0.005808883812278509
196,blocks.29.conv2,0.004339735489338636
196,blocks.29.gate_conv,0.00047729953075759113
196,blocks.30.conv1,0.00486398721113801
196,blocks.30.conv2,0.0038819340988993645
196,blocks.30.gate_conv,0.0003258661017753184
196,blocks.31.conv1,0.0035059936344623566
196,blocks.31.conv2,0.0033819908276200294
196,blocks.31.gate_conv,0.00021918183483649045
196,mean_conv2d_grad_norm,0.0035891240183924104
197,stem.0,0.03495193272829056
197,blocks.0.conv1,0.03499127924442291
197,blocks.0.conv2,0.04106222465634346
197,blocks.0.gate_conv,0.0010607559233903885
197,blocks.1.conv1,0.04198000952601433
197,blocks.1.conv2,0.045223839581012726
197,blocks.1.gate_conv,0.0012300005182623863
197,blocks.2.conv1,0.03927401453256607
197,blocks.2.conv2,0.03980192914605141
197,blocks.2.gate_conv,0.002906616311520338
197,blocks.3.conv1,0.03963274508714676
197,blocks.3.conv2,0.03827763721346855
197,blocks.3.gate_conv,0.0021701031364500523
197,blocks.4.conv1,0.03858562931418419
197,blocks.4.conv2,0.034657079726457596
197,blocks.4.gate_conv,0.001829979824833572
197,blocks.5.conv1,0.03529753163456917
197,blocks.5.conv2,0.03131236508488655
197,blocks.5.gate_conv,0.0021250389982014894
197,blocks.6.conv1,0.030950549989938736
197,blocks.6.conv2,0.02863985486328602
197,blocks.6.gate_conv,0.0022246164735406637
197,blocks.7.conv1,0.029540183022618294
197,blocks.7.conv2,0.026705408468842506
197,blocks.7.gate_conv,0.001737012411467731
197,blocks.8.conv1,0.027306409552693367
197,blocks.8.conv2,0.024663196876645088
197,blocks.8.gate_conv,0.001201885286718607
197,blocks.9.conv1,0.029131362214684486
197,blocks.9.conv2,0.023206984624266624
197,blocks.9.gate_conv,0.0013400838943198323
197,blocks.10.conv1,0.02927839197218418
197,blocks.10.conv2,0.02273724228143692
197,blocks.10.gate_conv,0.0018250076100230217
197,blocks.11.conv1,0.024028055369853973
197,blocks.11.conv2,0.020032722502946854
197,blocks.11.gate_conv,0.001180510618723929
197,blocks.12.conv1,0.024530865252017975
197,blocks.12.conv2,0.021114790812134743
197,blocks.12.gate_conv,0.0017064266139641404
197,blocks.13.conv1,0.021753568202257156
197,blocks.13.conv2,0.01800939068198204
197,blocks.13.gate_conv,0.0016912599094212055
197,blocks.14.conv1,0.021302269771695137
197,blocks.14.conv2,0.018549412488937378
197,blocks.14.gate_conv,0.001340673305094242
197,blocks.15.conv1,0.019515730440616608
197,blocks.15.conv2,0.016357285901904106
197,blocks.15.gate_conv,0.0010374068515375257
197,blocks.16.conv1,0.0239204503595829
197,blocks.16.conv2,0.020826110616326332
197,blocks.16.gate_conv,0.002316103084012866
197,blocks.17.conv1,0.021774521097540855
197,blocks.17.conv2,0.018425878137350082
197,blocks.17.gate_conv,0.0018198483157902956
197,blocks.18.conv1,0.020208679139614105
197,blocks.18.conv2,0.01652950793504715
197,blocks.18.gate_conv,0.0008232379914261401
197,blocks.19.conv1,0.019368985667824745
197,blocks.19.conv2,0.017409808933734894
197,blocks.19.gate_conv,0.0007770817028358579
197,blocks.20.conv1,0.01987522654235363
197,blocks.20.conv2,0.016711166128516197
197,blocks.20.gate_conv,0.0016080400673672557
197,blocks.21.conv1,0.02163500152528286
197,blocks.21.conv2,0.016579529270529747
197,blocks.21.gate_conv,0.0015550075331702828
197,blocks.22.conv1,0.019890423864126205
197,blocks.22.conv2,0.01739393174648285
197,blocks.22.gate_conv,0.0006970397080294788
197,blocks.23.conv1,0.021732650697231293
197,blocks.23.conv2,0.01715427078306675
197,blocks.23.gate_conv,0.0007215473451651633
197,blocks.24.conv1,0.022252149879932404
197,blocks.24.conv2,0.019478274509310722
197,blocks.24.gate_conv,0.0018177105812355876
197,blocks.25.conv1,0.02340043894946575
197,blocks.25.conv2,0.01821224018931389
197,blocks.25.gate_conv,0.002946080407127738
197,blocks.26.conv1,0.021245745941996574
197,blocks.26.conv2,0.0182954128831625
197,blocks.26.gate_conv,0.0014686870854347944
197,blocks.27.conv1,0.024969514459371567
197,blocks.27.conv2,0.022019673138856888
197,blocks.27.gate_conv,0.0015715996269136667
197,blocks.28.conv1,0.027435697615146637
197,blocks.28.conv2,0.021709458902478218
197,blocks.28.gate_conv,0.0014972194330766797
197,blocks.29.conv1,0.031365904957056046
197,blocks.29.conv2,0.023996474221348763
197,blocks.29.gate_conv,0.0020709214732050896
197,blocks.30.conv1,0.027481958270072937
197,blocks.30.conv2,0.02252761833369732
197,blocks.30.gate_conv,0.0015569125534966588
197,blocks.31.conv1,0.021138833835721016
197,blocks.31.conv2,0.019231360405683517
197,blocks.31.gate_conv,0.0009375920053571463
197,mean_conv2d_grad_norm,0.01749887420932676
198,stem.0,0.010948372073471546
198,blocks.0.conv1,0.010565939359366894
198,blocks.0.conv2,0.011803015135228634
198,blocks.0.gate_conv,0.00036578282015398145
198,blocks.1.conv1,0.011354703456163406
198,blocks.1.conv2,0.012597895227372646
198,blocks.1.gate_conv,0.0004282321024220437
198,blocks.2.conv1,0.011323036625981331
198,blocks.2.conv2,0.010742529295384884
198,blocks.2.gate_conv,0.0006285461713559926
198,blocks.3.conv1,0.010775834321975708
198,blocks.3.conv2,0.010513858869671822
198,blocks.3.gate_conv,0.000500622030813247
198,blocks.4.conv1,0.011007391847670078
198,blocks.4.conv2,0.009352322667837143
198,blocks.4.gate_conv,0.0004969100118614733
198,blocks.5.conv1,0.010124473832547665
198,blocks.5.conv2,0.008676137775182724
198,blocks.5.gate_conv,0.0005431768367998302
198,blocks.6.conv1,0.00874233990907669
198,blocks.6.conv2,0.008337127976119518
198,blocks.6.gate_conv,0.00043419169378466904
198,blocks.7.conv1,0.008441020734608173
198,blocks.7.conv2,0.00824803113937378
198,blocks.7.gate_conv,0.0006068446091376245
198,blocks.8.conv1,0.008604899980127811
198,blocks.8.conv2,0.006631121039390564
198,blocks.8.gate_conv,0.00029739949968643486
198,blocks.9.conv1,0.00786967296153307
198,blocks.9.conv2,0.006132846232503653
198,blocks.9.gate_conv,0.00033590037492103875
198,blocks.10.conv1,0.007546355947852135
198,blocks.10.conv2,0.006134731695055962
198,blocks.10.gate_conv,0.0003569581895135343
198,blocks.11.conv1,0.006796721834689379
198,blocks.11.conv2,0.005577107425779104
198,blocks.11.gate_conv,0.0004095069598406553
198,blocks.12.conv1,0.006114696152508259
198,blocks.12.conv2,0.005226770881563425
198,blocks.12.gate_conv,0.0003101810871157795
198,blocks.13.conv1,0.0063024102710187435
198,blocks.13.conv2,0.004803183022886515
198,blocks.13.gate_conv,0.0002493909851182252
198,blocks.14.conv1,0.005612265784293413
198,blocks.14.conv2,0.004545798525214195
198,blocks.14.gate_conv,0.0002171363594243303
198,blocks.15.conv1,0.005493388511240482
198,blocks.15.conv2,0.0043670847080647945
198,blocks.15.gate_conv,0.00020491374016273767
198,blocks.16.conv1,0.005367608275264502
198,blocks.16.conv2,0.004347969312220812
198,blocks.16.gate_conv,0.00020455718913581222
198,blocks.17.conv1,0.0053544738329946995
198,blocks.17.conv2,0.004251411650329828
198,blocks.17.gate_conv,0.0002027691516559571
198,blocks.18.conv1,0.005098645109683275
198,blocks.18.conv2,0.004006267059594393
198,blocks.18.gate_conv,0.00018741245730780065
198,blocks.19.conv1,0.005305172875523567
198,blocks.19.conv2,0.004334333818405867
198,blocks.19.gate_conv,0.0002704579383134842
198,blocks.20.conv1,0.004779612645506859
198,blocks.20.conv2,0.003863565856590867
198,blocks.20.gate_conv,0.00021694375027436763
198,blocks.21.conv1,0.005091335624456406
198,blocks.21.conv2,0.004724165890365839
198,blocks.21.gate_conv,0.00029312135302461684
198,blocks.22.conv1,0.00551148084923625
198,blocks.22.conv2,0.004288581199944019
198,blocks.22.gate_conv,0.00029542017728090286
198,blocks.23.conv1,0.005324512720108032
198,blocks.23.conv2,0.004076021257787943
198,blocks.23.gate_conv,0.00018860187265090644
198,blocks.24.conv1,0.005300440359860659
198,blocks.24.conv2,0.004508852027356625
198,blocks.24.gate_conv,0.0004043825902044773
198,blocks.25.conv1,0.00507662957534194
198,blocks.25.conv2,0.0038063786923885345
198,blocks.25.gate_conv,0.0004506246477831155
198,blocks.26.conv1,0.004986398853361607
198,blocks.26.conv2,0.004146580584347248
198,blocks.26.gate_conv,0.00024073656823020428
198,blocks.27.conv1,0.00537334568798542
198,blocks.27.conv2,0.0038368983659893274
198,blocks.27.gate_conv,0.00044292749953456223
198,blocks.28.conv1,0.00637635076418519
198,blocks.28.conv2,0.004479191731661558
198,blocks.28.gate_conv,0.00046454594121314585
198,blocks.29.conv1,0.006483857519924641
198,blocks.29.conv2,0.004402047023177147
198,blocks.29.gate_conv,0.0006804459262639284
198,blocks.30.conv1,0.005158671643584967
198,blocks.30.conv2,0.003515886841341853
198,blocks.30.gate_conv,0.000291598989861086
198,blocks.31.conv1,0.003450331510975957
198,blocks.31.conv2,0.0026538786478340626
198,blocks.31.gate_conv,0.00016978662461042404
198,mean_conv2d_grad_norm,0.004453443393582891
199,stem.0,0.013744739815592766
199,blocks.0.conv1,0.011062197387218475
199,blocks.0.conv2,0.01289589237421751
199,blocks.0.gate_conv,0.00034515606239438057
199,blocks.1.conv1,0.01310105063021183
199,blocks.1.conv2,0.014227288775146008
199,blocks.1.gate_conv,0.00038840557681396604
199,blocks.2.conv1,0.012396817095577717
199,blocks.2.conv2,0.012068040668964386
199,blocks.2.gate_conv,0.0004763227188959718
199,blocks.3.conv1,0.012488619424402714
199,blocks.3.conv2,0.011491578072309494
199,blocks.3.gate_conv,0.0004866223025601357
199,blocks.4.conv1,0.012353894300758839
199,blocks.4.conv2,0.010742784477770329
199,blocks.4.gate_conv,0.0005006951396353543
199,blocks.5.conv1,0.011648895218968391
199,blocks.5.conv2,0.01025473140180111
199,blocks.5.gate_conv,0.0006257870118133724
199,blocks.6.conv1,0.0107303187251091
199,blocks.6.conv2,0.009306694380939007
199,blocks.6.gate_conv,0.0007486470276489854
199,blocks.7.conv1,0.009849761612713337
199,blocks.7.conv2,0.009576385840773582
199,blocks.7.gate_conv,0.0006910115480422974
199,blocks.8.conv1,0.009440085850656033
199,blocks.8.conv2,0.008202644065022469
199,blocks.8.gate_conv,0.0003541262703947723
199,blocks.9.conv1,0.009478981606662273
199,blocks.9.conv2,0.007958426140248775
199,blocks.9.gate_conv,0.0004329480289015919
199,blocks.10.conv1,0.009010828100144863
199,blocks.10.conv2,0.007526378147304058
199,blocks.10.gate_conv,0.00036495691165328026
199,blocks.11.conv1,0.008602666668593884
199,blocks.11.conv2,0.007214391604065895
199,blocks.11.gate_conv,0.0003726641880348325
199,blocks.12.conv1,0.00743956258520484
199,blocks.12.conv2,0.00641774944961071
199,blocks.12.gate_conv,0.0003716985520441085
199,blocks.13.conv1,0.0075048101134598255
199,blocks.13.conv2,0.005881643854081631
199,blocks.13.gate_conv,0.0003360432747285813
199,blocks.14.conv1,0.007600392214953899
199,blocks.14.conv2,0.006230219732969999
199,blocks.14.gate_conv,0.0002749238337855786
199,blocks.15.conv1,0.006731126923114061
199,blocks.15.conv2,0.005979225970804691
199,blocks.15.gate_conv,0.0002833379548974335
199,blocks.16.conv1,0.006999855861067772
199,blocks.16.conv2,0.006281269248574972
199,blocks.16.gate_conv,0.00039615630521439016
199,blocks.17.conv1,0.007380004972219467
199,blocks.17.conv2,0.006023197900503874
199,blocks.17.gate_conv,0.00023325991060119122
199,blocks.18.conv1,0.006950952112674713
199,blocks.18.conv2,0.005455199629068375
199,blocks.18.gate_conv,0.00022952146537136286
199,blocks.19.conv1,0.006212178152054548
199,blocks.19.conv2,0.005541122518479824
199,blocks.19.gate_conv,0.00037114720907993615
199,blocks.20.conv1,0.006570176221430302
199,blocks.20.conv2,0.005465729162096977
199,blocks.20.gate_conv,0.00029325915966182947
199,blocks.21.conv1,0.007233844604343176
199,blocks.21.conv2,0.005782068241387606
199,blocks.21.gate_conv,0.00039123979513533413
199,blocks.22.conv1,0.007259165868163109
199,blocks.22.conv2,0.005884039681404829
199,blocks.22.gate_conv,0.0005008277366869152
199,blocks.23.conv1,0.007447352167218924
199,blocks.23.conv2,0.00603378564119339
199,blocks.23.gate_conv,0.00028193395701237023
199,blocks.24.conv1,0.007535903714597225
199,blocks.24.conv2,0.005942613817751408
199,blocks.24.gate_conv,0.0008047700976021588
199,blocks.25.conv1,0.006798849441111088
199,blocks.25.conv2,0.0055970256216824055
199,blocks.25.gate_conv,0.0009101125760935247
199,blocks.26.conv1,0.006230746395885944
199,blocks.26.conv2,0.005086994264274836
199,blocks.26.gate_conv,0.00026521121617406607
199,blocks.27.conv1,0.008296106941998005
199,blocks.27.conv2,0.0061740088276565075
199,blocks.27.gate_conv,0.0005134851089678705
199,blocks.28.conv1,0.009483209811151028
199,blocks.28.conv2,0.007946426048874855
199,blocks.28.gate_conv,0.0008622944005765021
199,blocks.29.conv1,0.010002694092690945
199,blocks.29.conv2,0.006931169889867306
199,blocks.29.gate_conv,0.0010092220036312938
199,blocks.30.conv1,0.008365098387002945
199,blocks.30.conv2,0.005709902383387089
199,blocks.30.gate_conv,0.000438193412264809
199,blocks.31.conv1,0.00564601831138134
199,blocks.31.conv2,0.005231964401900768
199,blocks.31.gate_conv,0.0003357826208230108
199,mean_conv2d_grad_norm,0.005644817123088755
200,stem.0,0.011814732104539871
200,blocks.0.conv1,0.011245238594710827
200,blocks.0.conv2,0.013157024048268795
200,blocks.0.gate_conv,0.00030102653545327485
200,blocks.1.conv1,0.012504704296588898
200,blocks.1.conv2,0.012585374526679516
200,blocks.1.gate_conv,0.0003913590044248849
200,blocks.2.conv1,0.011888132430613041
200,blocks.2.conv2,0.011908592656254768
200,blocks.2.gate_conv,0.0005500938859768212
200,blocks.3.conv1,0.011467888951301575
200,blocks.3.conv2,0.011502326466143131
200,blocks.3.gate_conv,0.0004904370289295912
200,blocks.4.conv1,0.010798444040119648
200,blocks.4.conv2,0.009571708738803864
200,blocks.4.gate_conv,0.0005518891266547143
200,blocks.5.conv1,0.010555241256952286
200,blocks.5.conv2,0.00929761677980423
200,blocks.5.gate_conv,0.0005726959789171815
200,blocks.6.conv1,0.009762647561728954
200,blocks.6.conv2,0.009067367762327194
200,blocks.6.gate_conv,0.0006172842695377767
200,blocks.7.conv1,0.009734990075230598
200,blocks.7.conv2,0.008868010714650154
200,blocks.7.gate_conv,0.0007121074595488608
200,blocks.8.conv1,0.009214194491505623
200,blocks.8.conv2,0.007571653462946415
200,blocks.8.gate_conv,0.00037323241122066975
200,blocks.9.conv1,0.008416952565312386
200,blocks.9.conv2,0.0072028180584311485
200,blocks.9.gate_conv,0.0004622731648851186
200,blocks.10.conv1,0.008102908730506897
200,blocks.10.conv2,0.007012469228357077
200,blocks.10.gate_conv,0.0003458661667536944
200,blocks.11.conv1,0.008308637887239456
200,blocks.11.conv2,0.006537438835948706
200,blocks.11.gate_conv,0.0006634279270656407
200,blocks.12.conv1,0.007863057777285576
200,blocks.12.conv2,0.00675039691850543
200,blocks.12.gate_conv,0.00038697465788573027
200,blocks.13.conv1,0.0071688308380544186
200,blocks.13.conv2,0.006759586278349161
200,blocks.13.gate_conv,0.0004303363966755569
200,blocks.14.conv1,0.00748815294355154
200,blocks.14.conv2,0.006798817776143551
200,blocks.14.gate_conv,0.00035700949956662953
200,blocks.15.conv1,0.006949595175683498
200,blocks.15.conv2,0.006109488196671009
200,blocks.15.gate_conv,0.00040930742397904396
200,blocks.16.conv1,0.007119565736502409
200,blocks.16.conv2,0.005528206937015057
200,blocks.16.gate_conv,0.0002966567990370095
200,blocks.17.conv1,0.007356241345405579
200,blocks.17.conv2,0.006336348131299019
200,blocks.17.gate_conv,0.000348971487255767
200,blocks.18.conv1,0.006475334987044334
200,blocks.18.conv2,0.005625502672046423
200,blocks.18.gate_conv,0.00031058696913532913
200,blocks.19.conv1,0.006173215806484222
200,blocks.19.conv2,0.005007379222661257
200,blocks.19.gate_conv,0.0003160458873026073
200,blocks.20.conv1,0.0065104784443974495
200,blocks.20.conv2,0.005364530254155397
200,blocks.20.gate_conv,0.0002995179092977196
200,blocks.21.conv1,0.006262685172259808
200,blocks.21.conv2,0.005443449132144451
200,blocks.21.gate_conv,0.0003699325898196548
200,blocks.22.conv1,0.006987383123487234
200,blocks.22.conv2,0.004985585808753967
200,blocks.22.gate_conv,0.0003602344077080488
200,blocks.23.conv1,0.006550822872668505
200,blocks.23.conv2,0.005025154910981655
200,blocks.23.gate_conv,0.0002090586203848943
200,blocks.24.conv1,0.006948059890419245
200,blocks.24.conv2,0.005925659090280533
200,blocks.24.gate_conv,0.0007131610764190555
200,blocks.25.conv1,0.0061396025121212006
200,blocks.25.conv2,0.005264462437480688
200,blocks.25.gate_conv,0.0009259448852390051
200,blocks.26.conv1,0.006237118039280176
200,blocks.26.conv2,0.005061170551925898
200,blocks.26.gate_conv,0.0003841039724647999
200,blocks.27.conv1,0.007860750891268253
200,blocks.27.conv2,0.006069750990718603
200,blocks.27.gate_conv,0.0006610912969335914
200,blocks.28.conv1,0.00902543030679226
200,blocks.28.conv2,0.006103274878114462
200,blocks.28.gate_conv,0.0005240219179540873
200,blocks.29.conv1,0.009079515933990479
200,blocks.29.conv2,0.006865934934467077
200,blocks.29.gate_conv,0.000838921288959682
200,blocks.30.conv1,0.007572253700345755
200,blocks.30.conv2,0.0056282347068190575
200,blocks.30.gate_conv,0.0005122584407217801
200,blocks.31.conv1,0.005043641198426485
200,blocks.31.conv2,0.004893369972705841
200,blocks.31.gate_conv,0.00029442543745972216
200,mean_conv2d_grad_norm,0.005355004213249897
