epoch,layer,grad_norm
1,stem.0,0.4735734462738037
1,blocks.0.conv1,0.7064443230628967
1,blocks.0.conv2,0.6866703629493713
1,blocks.1.conv1,0.9379768371582031
1,blocks.1.conv2,0.8595578670501709
1,blocks.2.conv1,1.183722734451294
1,blocks.2.conv2,0.9239040613174438
1,blocks.3.conv1,0.8738219141960144
1,blocks.3.conv2,1.0584325790405273
1,blocks.4.conv1,0.9696365594863892
1,blocks.4.conv2,0.9407557249069214
1,blocks.5.conv1,0.825722336769104
1,blocks.5.conv2,0.8566501140594482
1,blocks.6.conv1,0.9119611382484436
1,blocks.6.conv2,0.806797981262207
1,blocks.7.conv1,0.9245136380195618
1,blocks.7.conv2,1.012819528579712
1,blocks.8.conv1,1.6843488216400146
1,blocks.8.conv2,1.5100958347320557
1,blocks.9.conv1,1.1514418125152588
1,blocks.9.conv2,1.2808005809783936
1,blocks.10.conv1,1.9607043266296387
1,blocks.10.conv2,2.3535025119781494
1,blocks.11.conv1,2.7194433212280273
1,blocks.11.conv2,5.314378261566162
1,blocks.12.conv1,5.070676803588867
1,blocks.12.conv2,4.781615257263184
1,blocks.13.conv1,8.486502647399902
1,blocks.13.conv2,9.990588188171387
1,blocks.14.conv1,13.011274337768555
1,blocks.14.conv2,15.231051445007324
1,blocks.15.conv1,15.291998863220215
1,blocks.15.conv2,14.901358604431152
1,blocks.16.conv1,17.687170028686523
1,blocks.16.conv2,19.780006408691406
1,blocks.17.conv1,19.461231231689453
1,blocks.17.conv2,18.44705581665039
1,blocks.18.conv1,20.926143646240234
1,blocks.18.conv2,18.459854125976562
1,blocks.19.conv1,16.946002960205078
1,blocks.19.conv2,15.551291465759277
1,blocks.20.conv1,15.187191009521484
1,blocks.20.conv2,12.721755981445312
1,blocks.21.conv1,9.621345520019531
1,blocks.21.conv2,8.686918258666992
1,blocks.22.conv1,7.314643859863281
1,blocks.22.conv2,6.31541633605957
1,blocks.23.conv1,5.664857864379883
1,blocks.23.conv2,5.34065580368042
1,blocks.24.conv1,4.3195672035217285
1,blocks.24.conv2,3.9689791202545166
1,blocks.25.conv1,3.568053722381592
1,blocks.25.conv2,2.8764007091522217
1,blocks.26.conv1,2.700629234313965
1,blocks.26.conv2,2.18448805809021
1,blocks.27.conv1,1.802712082862854
1,blocks.27.conv2,1.463191270828247
1,blocks.28.conv1,1.1989885568618774
1,blocks.28.conv2,1.0841578245162964
1,blocks.29.conv1,1.030138611793518
1,blocks.29.conv2,0.9150364398956299
1,blocks.30.conv1,0.7734389901161194
1,blocks.30.conv2,0.6565413475036621
1,blocks.31.conv1,0.5581122636795044
1,blocks.31.conv2,0.5075704455375671
1,blocks.32.conv1,0.4656111001968384
1,blocks.32.conv2,0.43028220534324646
1,blocks.33.conv1,0.35650134086608887
1,blocks.33.conv2,0.333095908164978
1,blocks.34.conv1,0.24596145749092102
1,blocks.34.conv2,0.20718978345394135
1,blocks.35.conv1,0.17727455496788025
1,blocks.35.conv2,0.14796850085258484
1,blocks.36.conv1,0.13156992197036743
1,blocks.36.conv2,0.1155451238155365
1,blocks.37.conv1,0.10287997871637344
1,blocks.37.conv2,0.09066926687955856
1,blocks.38.conv1,0.07880046963691711
1,blocks.38.conv2,0.0636574774980545
1,blocks.39.conv1,0.0552128441631794
1,blocks.39.conv2,0.043943557888269424
1,blocks.40.conv1,0.03734559938311577
1,blocks.40.conv2,0.036378949880599976
1,blocks.41.conv1,0.02892765775322914
1,blocks.41.conv2,0.026347322389483452
1,blocks.42.conv1,0.021932058036327362
1,blocks.42.conv2,0.0191099401563406
1,blocks.43.conv1,0.016513679176568985
1,blocks.43.conv2,0.01370244100689888
1,blocks.44.conv1,0.012213518843054771
1,blocks.44.conv2,0.010066342540085316
1,blocks.45.conv1,0.00897662341594696
1,blocks.45.conv2,0.008104532025754452
1,blocks.46.conv1,0.008053012192249298
1,blocks.46.conv2,0.006502804812043905
1,blocks.47.conv1,0.005706571973860264
1,blocks.47.conv2,0.005868642590939999
1,blocks.48.conv1,0.007351738400757313
1,blocks.48.conv2,0.008798018097877502
1,blocks.49.conv1,0.014663471840322018
1,blocks.49.conv2,0.021619737148284912
1,mean_conv2d_grad_norm,3.6710557932412198
2,stem.0,0.613217294216156
2,blocks.0.conv1,0.5794239044189453
2,blocks.0.conv2,0.5206167697906494
2,blocks.1.conv1,0.492566853761673
2,blocks.1.conv2,0.30189698934555054
2,blocks.2.conv1,0.3539385199546814
2,blocks.2.conv2,0.508901834487915
2,blocks.3.conv1,0.5801668167114258
2,blocks.3.conv2,0.7778492569923401
2,blocks.4.conv1,0.7550767660140991
2,blocks.4.conv2,1.0611259937286377
2,blocks.5.conv1,0.8151127099990845
2,blocks.5.conv2,0.9130789041519165
2,blocks.6.conv1,0.6189507246017456
2,blocks.6.conv2,0.2906855046749115
2,blocks.7.conv1,0.27166303992271423
2,blocks.7.conv2,0.24949154257774353
2,blocks.8.conv1,0.12865272164344788
2,blocks.8.conv2,0.12776312232017517
2,blocks.9.conv1,0.07910695672035217
2,blocks.9.conv2,0.06734839081764221
2,blocks.10.conv1,0.07382483780384064
2,blocks.10.conv2,0.06229265034198761
2,blocks.11.conv1,0.06805083155632019
2,blocks.11.conv2,0.07167517393827438
2,blocks.12.conv1,0.10834530740976334
2,blocks.12.conv2,0.10453936457633972
2,blocks.13.conv1,0.14282846450805664
2,blocks.13.conv2,0.11691749840974808
2,blocks.14.conv1,0.15244068205356598
2,blocks.14.conv2,0.09271545708179474
2,blocks.15.conv1,0.054241374135017395
2,blocks.15.conv2,0.029131077229976654
2,blocks.16.conv1,0.04878532141447067
2,blocks.16.conv2,0.011677626520395279
2,blocks.17.conv1,0.007033723406493664
2,blocks.17.conv2,0.008617840707302094
2,blocks.18.conv1,0.01203220896422863
2,blocks.18.conv2,0.02253955416381359
2,blocks.19.conv1,0.009858697652816772
2,blocks.19.conv2,0.012660179287195206
2,blocks.20.conv1,0.01078098826110363
2,blocks.20.conv2,0.02309499867260456
2,blocks.21.conv1,0.014923471957445145
2,blocks.21.conv2,0.01725158840417862
2,blocks.22.conv1,0.015940923243761063
2,blocks.22.conv2,0.016747361049056053
2,blocks.23.conv1,0.019118398427963257
2,blocks.23.conv2,0.011321174912154675
2,blocks.24.conv1,0.009782535023987293
2,blocks.24.conv2,0.011353224515914917
2,blocks.25.conv1,0.009620610624551773
2,blocks.25.conv2,0.007201033644378185
2,blocks.26.conv1,0.007174299098551273
2,blocks.26.conv2,0.012523898854851723
2,blocks.27.conv1,0.016522200778126717
2,blocks.27.conv2,0.01757173240184784
2,blocks.28.conv1,0.01434069499373436
2,blocks.28.conv2,0.01594112627208233
2,blocks.29.conv1,0.019538192078471184
2,blocks.29.conv2,0.02928827330470085
2,blocks.30.conv1,0.09394122660160065
2,blocks.30.conv2,0.04311874508857727
2,blocks.31.conv1,0.05822883918881416
2,blocks.31.conv2,0.07029672712087631
2,blocks.32.conv1,0.07531178742647171
2,blocks.32.conv2,0.08374706655740738
2,blocks.33.conv1,0.08557834476232529
2,blocks.33.conv2,0.06470774114131927
2,blocks.34.conv1,0.05247746407985687
2,blocks.34.conv2,0.049050647765398026
2,blocks.35.conv1,0.05896281823515892
2,blocks.35.conv2,0.05520661920309067
2,blocks.36.conv1,0.06853919476270676
2,blocks.36.conv2,0.07269448041915894
2,blocks.37.conv1,0.08059271425008774
2,blocks.37.conv2,0.0787469670176506
2,blocks.38.conv1,0.09597958624362946
2,blocks.38.conv2,0.09432009607553482
2,blocks.39.conv1,0.09934590756893158
2,blocks.39.conv2,0.09498335421085358
2,blocks.40.conv1,0.10893915593624115
2,blocks.40.conv2,0.11546765267848969
2,blocks.41.conv1,0.09831225126981735
2,blocks.41.conv2,0.09722759574651718
2,blocks.42.conv1,0.08372416347265244
2,blocks.42.conv2,0.09758716821670532
2,blocks.43.conv1,0.09170494973659515
2,blocks.43.conv2,0.07906888425350189
2,blocks.44.conv1,0.10309386998414993
2,blocks.44.conv2,0.08348023891448975
2,blocks.45.conv1,0.09246854484081268
2,blocks.45.conv2,0.07467323541641235
2,blocks.46.conv1,0.06075964495539665
2,blocks.46.conv2,0.05572899803519249
2,blocks.47.conv1,0.06198747083544731
2,blocks.47.conv2,0.05833698809146881
2,blocks.48.conv1,0.053534045815467834
2,blocks.48.conv2,0.05585022643208504
2,blocks.49.conv1,0.05869327858090401
2,blocks.49.conv2,0.06445419043302536
2,mean_conv2d_grad_norm,0.14542378312769796
3,stem.0,0.26250413060188293
3,blocks.0.conv1,0.46881359815597534
3,blocks.0.conv2,0.3867266774177551
3,blocks.1.conv1,0.4242043197154999
3,blocks.1.conv2,0.2734973132610321
3,blocks.2.conv1,0.32918038964271545
3,blocks.2.conv2,0.19847828149795532
3,blocks.3.conv1,0.11377213150262833
3,blocks.3.conv2,0.2014591097831726
3,blocks.4.conv1,0.143541157245636
3,blocks.4.conv2,0.10540150851011276
3,blocks.5.conv1,0.13533632457256317
3,blocks.5.conv2,0.13167880475521088
3,blocks.6.conv1,0.1191016361117363
3,blocks.6.conv2,0.06725425273180008
3,blocks.7.conv1,0.09758926182985306
3,blocks.7.conv2,0.05564216524362564
3,blocks.8.conv1,0.06352976709604263
3,blocks.8.conv2,0.06140470877289772
3,blocks.9.conv1,0.0413830503821373
3,blocks.9.conv2,0.03188164904713631
3,blocks.10.conv1,0.03093922697007656
3,blocks.10.conv2,0.02936834655702114
3,blocks.11.conv1,0.03857618197798729
3,blocks.11.conv2,0.05292467027902603
3,blocks.12.conv1,0.054669514298439026
3,blocks.12.conv2,0.06593339890241623
3,blocks.13.conv1,0.03190434351563454
3,blocks.13.conv2,0.025938108563423157
3,blocks.14.conv1,0.01934163086116314
3,blocks.14.conv2,0.021172937005758286
3,blocks.15.conv1,0.024148760363459587
3,blocks.15.conv2,0.04609560966491699
3,blocks.16.conv1,0.03887277841567993
3,blocks.16.conv2,0.023234669119119644
3,blocks.17.conv1,0.016730789095163345
3,blocks.17.conv2,0.017609287053346634
3,blocks.18.conv1,0.023481475189328194
3,blocks.18.conv2,0.016337215900421143
3,blocks.19.conv1,0.016130736097693443
3,blocks.19.conv2,0.014214529655873775
3,blocks.20.conv1,0.013829972594976425
3,blocks.20.conv2,0.024380821734666824
3,blocks.21.conv1,0.020993424579501152
3,blocks.21.conv2,0.033478882163763046
3,blocks.22.conv1,0.031828057020902634
3,blocks.22.conv2,0.03568284958600998
3,blocks.23.conv1,0.02654402144253254
3,blocks.23.conv2,0.02980835735797882
3,blocks.24.conv1,0.041365187615156174
3,blocks.24.conv2,0.05064936727285385
3,blocks.25.conv1,0.022143971174955368
3,blocks.25.conv2,0.0253144484013319
3,blocks.26.conv1,0.019040284678339958
3,blocks.26.conv2,0.024262959137558937
3,blocks.27.conv1,0.03151443228125572
3,blocks.27.conv2,0.02867378480732441
3,blocks.28.conv1,0.03824888914823532
3,blocks.28.conv2,0.025518642738461494
3,blocks.29.conv1,0.040071435272693634
3,blocks.29.conv2,0.024092605337500572
3,blocks.30.conv1,0.02981049194931984
3,blocks.30.conv2,0.02056974731385708
3,blocks.31.conv1,0.021222680807113647
3,blocks.31.conv2,0.02726539969444275
3,blocks.32.conv1,0.02116026170551777
3,blocks.32.conv2,0.02383766509592533
3,blocks.33.conv1,0.02611878514289856
3,blocks.33.conv2,0.029163721948862076
3,blocks.34.conv1,0.03760012239217758
3,blocks.34.conv2,0.05288633331656456
3,blocks.35.conv1,0.06464534997940063
3,blocks.35.conv2,0.08578340709209442
3,blocks.36.conv1,0.0943966656923294
3,blocks.36.conv2,0.08487053960561752
3,blocks.37.conv1,0.12798559665679932
3,blocks.37.conv2,0.10960660874843597
3,blocks.38.conv1,0.14799503982067108
3,blocks.38.conv2,0.12737160921096802
3,blocks.39.conv1,0.11157504469156265
3,blocks.39.conv2,0.10759274661540985
3,blocks.40.conv1,0.1182650551199913
3,blocks.40.conv2,0.12558315694332123
3,blocks.41.conv1,0.09672745317220688
3,blocks.41.conv2,0.0946321114897728
3,blocks.42.conv1,0.07905828207731247
3,blocks.42.conv2,0.10107500106096268
3,blocks.43.conv1,0.0810345783829689
3,blocks.43.conv2,0.08305780589580536
3,blocks.44.conv1,0.09404538571834564
3,blocks.44.conv2,0.09499841928482056
3,blocks.45.conv1,0.09859057515859604
3,blocks.45.conv2,0.1075579971075058
3,blocks.46.conv1,0.10165766626596451
3,blocks.46.conv2,0.1027117669582367
3,blocks.47.conv1,0.09909655153751373
3,blocks.47.conv2,0.0979001596570015
3,blocks.48.conv1,0.09837580472230911
3,blocks.48.conv2,0.08993074297904968
3,blocks.49.conv1,0.10602502524852753
3,blocks.49.conv2,0.12649844586849213
3,mean_conv2d_grad_norm,0.08173986776077216
4,stem.0,0.14477171003818512
4,blocks.0.conv1,0.08412418514490128
4,blocks.0.conv2,0.06006265804171562
4,blocks.1.conv1,0.03351524844765663
4,blocks.1.conv2,0.020032674074172974
4,blocks.2.conv1,0.012134690769016743
4,blocks.2.conv2,0.0056540509685873985
4,blocks.3.conv1,0.00372295081615448
4,blocks.3.conv2,0.0035832207649946213
4,blocks.4.conv1,0.0027848354075104
4,blocks.4.conv2,0.0025086349342018366
4,blocks.5.conv1,0.0026822725776582956
4,blocks.5.conv2,0.002332224976271391
4,blocks.6.conv1,0.002677489072084427
4,blocks.6.conv2,0.003335297107696533
4,blocks.7.conv1,0.004054754972457886
4,blocks.7.conv2,0.003598454175516963
4,blocks.8.conv1,0.005533524323254824
4,blocks.8.conv2,0.005920153111219406
4,blocks.9.conv1,0.006520695518702269
4,blocks.9.conv2,0.0074859182350337505
4,blocks.10.conv1,0.007590159773826599
4,blocks.10.conv2,0.009941697120666504
4,blocks.11.conv1,0.01216887403279543
4,blocks.11.conv2,0.014197973534464836
4,blocks.12.conv1,0.019847579300403595
4,blocks.12.conv2,0.015033011324703693
4,blocks.13.conv1,0.015069699846208096
4,blocks.13.conv2,0.01296187099069357
4,blocks.14.conv1,0.008487008512020111
4,blocks.14.conv2,0.009297720156610012
4,blocks.15.conv1,0.012683154083788395
4,blocks.15.conv2,0.01840948313474655
4,blocks.16.conv1,0.0316830649971962
4,blocks.16.conv2,0.014891187660396099
4,blocks.17.conv1,0.0136241614818573
4,blocks.17.conv2,0.022779565304517746
4,blocks.18.conv1,0.014959429390728474
4,blocks.18.conv2,0.038571588695049286
4,blocks.19.conv1,0.022576015442609787
4,blocks.19.conv2,0.01050363015383482
4,blocks.20.conv1,0.008521015755832195
4,blocks.20.conv2,0.012819799594581127
4,blocks.21.conv1,0.02902212180197239
4,blocks.21.conv2,0.021995916962623596
4,blocks.22.conv1,0.021427007392048836
4,blocks.22.conv2,0.011694442480802536
4,blocks.23.conv1,0.0075554256327450275
4,blocks.23.conv2,0.0047406903468072414
4,blocks.24.conv1,0.007066846825182438
4,blocks.24.conv2,0.008413984440267086
4,blocks.25.conv1,0.010760758072137833
4,blocks.25.conv2,0.015926746651530266
4,blocks.26.conv1,0.02278858982026577
4,blocks.26.conv2,0.026117464527487755
4,blocks.27.conv1,0.025127025321125984
4,blocks.27.conv2,0.01915809139609337
4,blocks.28.conv1,0.015060086734592915
4,blocks.28.conv2,0.01039712131023407
4,blocks.29.conv1,0.009418513625860214
4,blocks.29.conv2,0.010123359970748425
4,blocks.30.conv1,0.013504798524081707
4,blocks.30.conv2,0.015539908781647682
4,blocks.31.conv1,0.013385850004851818
4,blocks.31.conv2,0.013160813599824905
4,blocks.32.conv1,0.010620461776852608
4,blocks.32.conv2,0.008427208289504051
4,blocks.33.conv1,0.011937469244003296
4,blocks.33.conv2,0.019044749438762665
4,blocks.34.conv1,0.01844361610710621
4,blocks.34.conv2,0.02445952408015728
4,blocks.35.conv1,0.03179166093468666
4,blocks.35.conv2,0.024656446650624275
4,blocks.36.conv1,0.016846444457769394
4,blocks.36.conv2,0.012963827699422836
4,blocks.37.conv1,0.011753671802580357
4,blocks.37.conv2,0.014461119659245014
4,blocks.38.conv1,0.019399695098400116
4,blocks.38.conv2,0.019237501546740532
4,blocks.39.conv1,0.025571666657924652
4,blocks.39.conv2,0.022191213443875313
4,blocks.40.conv1,0.022309578955173492
4,blocks.40.conv2,0.024737780913710594
4,blocks.41.conv1,0.019787896424531937
4,blocks.41.conv2,0.01906774751842022
4,blocks.42.conv1,0.016939431428909302
4,blocks.42.conv2,0.01730617694556713
4,blocks.43.conv1,0.015897879377007484
4,blocks.43.conv2,0.0177447609603405
4,blocks.44.conv1,0.01934671774506569
4,blocks.44.conv2,0.018494566902518272
4,blocks.45.conv1,0.0185217447578907
4,blocks.45.conv2,0.01857280731201172
4,blocks.46.conv1,0.02224803902208805
4,blocks.46.conv2,0.022894293069839478
4,blocks.47.conv1,0.023474184796214104
4,blocks.47.conv2,0.02263455092906952
4,blocks.48.conv1,0.023928502574563026
4,blocks.48.conv2,0.028913475573062897
4,blocks.49.conv1,0.037589650601148605
4,blocks.49.conv2,0.0694473385810852
4,mean_conv2d_grad_norm,0.01849210197290424
5,stem.0,0.5025292634963989
5,blocks.0.conv1,0.8122645020484924
5,blocks.0.conv2,0.8216133117675781
5,blocks.1.conv1,0.5238345861434937
5,blocks.1.conv2,0.39938029646873474
5,blocks.2.conv1,0.24152573943138123
5,blocks.2.conv2,0.18730570375919342
5,blocks.3.conv1,0.21003024280071259
5,blocks.3.conv2,0.2800283432006836
5,blocks.4.conv1,0.36979466676712036
5,blocks.4.conv2,0.5209167003631592
5,blocks.5.conv1,0.6293096542358398
5,blocks.5.conv2,0.9079872965812683
5,blocks.6.conv1,1.0252646207809448
5,blocks.6.conv2,1.0085320472717285
5,blocks.7.conv1,0.7731984853744507
5,blocks.7.conv2,0.5708895921707153
5,blocks.8.conv1,0.7747777104377747
5,blocks.8.conv2,1.4707233905792236
5,blocks.9.conv1,0.9938462376594543
5,blocks.9.conv2,0.6336997151374817
5,blocks.10.conv1,0.5109796524047852
5,blocks.10.conv2,0.4542997479438782
5,blocks.11.conv1,0.4243515133857727
5,blocks.11.conv2,0.3507592976093292
5,blocks.12.conv1,0.26726436614990234
5,blocks.12.conv2,0.1812155693769455
5,blocks.13.conv1,0.14087839424610138
5,blocks.13.conv2,0.11897262930870056
5,blocks.14.conv1,0.10131200402975082
5,blocks.14.conv2,0.13910941779613495
5,blocks.15.conv1,0.11170462518930435
5,blocks.15.conv2,0.15122570097446442
5,blocks.16.conv1,0.093854159116745
5,blocks.16.conv2,0.08125638216733932
5,blocks.17.conv1,0.08463285118341446
5,blocks.17.conv2,0.08688998222351074
5,blocks.18.conv1,0.08734087646007538
5,blocks.18.conv2,0.10886891186237335
5,blocks.19.conv1,0.1316036581993103
5,blocks.19.conv2,0.13676773011684418
5,blocks.20.conv1,0.13829663395881653
5,blocks.20.conv2,0.19103479385375977
5,blocks.21.conv1,0.18639621138572693
5,blocks.21.conv2,0.1352260559797287
5,blocks.22.conv1,0.1344800740480423
5,blocks.22.conv2,0.1225728914141655
5,blocks.23.conv1,0.11718609184026718
5,blocks.23.conv2,0.087614044547081
5,blocks.24.conv1,0.08465646952390671
5,blocks.24.conv2,0.12062328308820724
5,blocks.25.conv1,0.08283313363790512
5,blocks.25.conv2,0.10296694934368134
5,blocks.26.conv1,0.09950195252895355
5,blocks.26.conv2,0.13642214238643646
5,blocks.27.conv1,0.12227822840213776
5,blocks.27.conv2,0.11195722222328186
5,blocks.28.conv1,0.11737696081399918
5,blocks.28.conv2,0.10909706354141235
5,blocks.29.conv1,0.11863857507705688
5,blocks.29.conv2,0.10943035781383514
5,blocks.30.conv1,0.11264538764953613
5,blocks.30.conv2,0.10747034102678299
5,blocks.31.conv1,0.09012611955404282
5,blocks.31.conv2,0.08678363263607025
5,blocks.32.conv1,0.08774391561746597
5,blocks.32.conv2,0.07415114343166351
5,blocks.33.conv1,0.07624463737010956
5,blocks.33.conv2,0.07136549800634384
5,blocks.34.conv1,0.07605677098035812
5,blocks.34.conv2,0.08079413324594498
5,blocks.35.conv1,0.06671972572803497
5,blocks.35.conv2,0.06757612526416779
5,blocks.36.conv1,0.08036073297262192
5,blocks.36.conv2,0.08861437439918518
5,blocks.37.conv1,0.09581693261861801
5,blocks.37.conv2,0.11375952512025833
5,blocks.38.conv1,0.08976750075817108
5,blocks.38.conv2,0.10607133060693741
5,blocks.39.conv1,0.10687310248613358
5,blocks.39.conv2,0.11041106283664703
5,blocks.40.conv1,0.11256492882966995
5,blocks.40.conv2,0.13141116499900818
5,blocks.41.conv1,0.12751929461956024
5,blocks.41.conv2,0.09231586009263992
5,blocks.42.conv1,0.07937612384557724
5,blocks.42.conv2,0.06503035128116608
5,blocks.43.conv1,0.06641945987939835
5,blocks.43.conv2,0.06618817150592804
5,blocks.44.conv1,0.08016983419656754
5,blocks.44.conv2,0.07503999769687653
5,blocks.45.conv1,0.08935967087745667
5,blocks.45.conv2,0.08111925423145294
5,blocks.46.conv1,0.08487296104431152
5,blocks.46.conv2,0.08302966505289078
5,blocks.47.conv1,0.07645730674266815
5,blocks.47.conv2,0.07582669705152512
5,blocks.48.conv1,0.06528446823358536
5,blocks.48.conv2,0.05293620377779007
5,blocks.49.conv1,0.05889857932925224
5,blocks.49.conv2,0.09357334673404694
5,mean_conv2d_grad_norm,0.23065419845504337
6,stem.0,0.01972651109099388
6,blocks.0.conv1,0.050999753177165985
6,blocks.0.conv2,0.08745855838060379
6,blocks.1.conv1,0.11040335893630981
6,blocks.1.conv2,0.06932144612073898
6,blocks.2.conv1,0.060161978006362915
6,blocks.2.conv2,0.04590252414345741
6,blocks.3.conv1,0.055133458226919174
6,blocks.3.conv2,0.05248982459306717
6,blocks.4.conv1,0.03295819088816643
6,blocks.4.conv2,0.022285399958491325
6,blocks.5.conv1,0.025252271443605423
6,blocks.5.conv2,0.017765674740076065
6,blocks.6.conv1,0.010321186855435371
6,blocks.6.conv2,0.00925108976662159
6,blocks.7.conv1,0.0054849241860210896
6,blocks.7.conv2,0.004331785254180431
6,blocks.8.conv1,0.008015183731913567
6,blocks.8.conv2,0.009144497103989124
6,blocks.9.conv1,0.01405077800154686
6,blocks.9.conv2,0.020331615582108498
6,blocks.10.conv1,0.02162400260567665
6,blocks.10.conv2,0.032005082815885544
6,blocks.11.conv1,0.029887275770306587
6,blocks.11.conv2,0.023004792630672455
6,blocks.12.conv1,0.029612066224217415
6,blocks.12.conv2,0.040918316692113876
6,blocks.13.conv1,0.03480520099401474
6,blocks.13.conv2,0.0267143864184618
6,blocks.14.conv1,0.02764052338898182
6,blocks.14.conv2,0.02194201387465
6,blocks.15.conv1,0.01881653442978859
6,blocks.15.conv2,0.017742536962032318
6,blocks.16.conv1,0.015360583551228046
6,blocks.16.conv2,0.014721378684043884
6,blocks.17.conv1,0.015061827376484871
6,blocks.17.conv2,0.012123504653573036
6,blocks.18.conv1,0.009974898770451546
6,blocks.18.conv2,0.012244507670402527
6,blocks.19.conv1,0.013452870771288872
6,blocks.19.conv2,0.013063020072877407
6,blocks.20.conv1,0.01205468736588955
6,blocks.20.conv2,0.01398286409676075
6,blocks.21.conv1,0.014496585354208946
6,blocks.21.conv2,0.014286665245890617
6,blocks.22.conv1,0.013432158157229424
6,blocks.22.conv2,0.01178137119859457
6,blocks.23.conv1,0.010961814783513546
6,blocks.23.conv2,0.014016183093190193
6,blocks.24.conv1,0.013723793439567089
6,blocks.24.conv2,0.01140917744487524
6,blocks.25.conv1,0.01421827170997858
6,blocks.25.conv2,0.014072678051888943
6,blocks.26.conv1,0.020368393510580063
6,blocks.26.conv2,0.015278001315891743
6,blocks.27.conv1,0.020117104053497314
6,blocks.27.conv2,0.025754906237125397
6,blocks.28.conv1,0.028195705264806747
6,blocks.28.conv2,0.01888299733400345
6,blocks.29.conv1,0.016070641577243805
6,blocks.29.conv2,0.013553362339735031
6,blocks.30.conv1,0.012698590755462646
6,blocks.30.conv2,0.01251046173274517
6,blocks.31.conv1,0.012539923191070557
6,blocks.31.conv2,0.017945902422070503
6,blocks.32.conv1,0.022583507001399994
6,blocks.32.conv2,0.01807808317244053
6,blocks.33.conv1,0.01881059817969799
6,blocks.33.conv2,0.01735411211848259
6,blocks.34.conv1,0.01706005074083805
6,blocks.34.conv2,0.019300345331430435
6,blocks.35.conv1,0.027530869469046593
6,blocks.35.conv2,0.030975183472037315
6,blocks.36.conv1,0.02646469511091709
6,blocks.36.conv2,0.029974520206451416
6,blocks.37.conv1,0.030734652653336525
6,blocks.37.conv2,0.03033245913684368
6,blocks.38.conv1,0.028421681374311447
6,blocks.38.conv2,0.02881818637251854
6,blocks.39.conv1,0.03108157590031624
6,blocks.39.conv2,0.03463689237833023
6,blocks.40.conv1,0.038356732577085495
6,blocks.40.conv2,0.04632861912250519
6,blocks.41.conv1,0.033503443002700806
6,blocks.41.conv2,0.028600234538316727
6,blocks.42.conv1,0.03121458739042282
6,blocks.42.conv2,0.0480717308819294
6,blocks.43.conv1,0.053442731499671936
6,blocks.43.conv2,0.0617409385740757
6,blocks.44.conv1,0.06594576686620712
6,blocks.44.conv2,0.053907666355371475
6,blocks.45.conv1,0.05255537107586861
6,blocks.45.conv2,0.0454554483294487
6,blocks.46.conv1,0.036853622645139694
6,blocks.46.conv2,0.02637435682117939
6,blocks.47.conv1,0.02043735422194004
6,blocks.47.conv2,0.01535715814679861
6,blocks.48.conv1,0.018459631130099297
6,blocks.48.conv2,0.01529818307608366
6,blocks.49.conv1,0.019274869933724403
6,blocks.49.conv2,0.0377219133079052
6,mean_conv2d_grad_norm,0.02668233016173881
7,stem.0,0.07820942997932434
7,blocks.0.conv1,0.13472479581832886
7,blocks.0.conv2,0.22225823998451233
7,blocks.1.conv1,0.2904939353466034
7,blocks.1.conv2,0.32553404569625854
7,blocks.2.conv1,0.38640597462654114
7,blocks.2.conv2,0.2549559772014618
7,blocks.3.conv1,0.13413697481155396
7,blocks.3.conv2,0.06698441505432129
7,blocks.4.conv1,0.034960050135850906
7,blocks.4.conv2,0.036545950919389725
7,blocks.5.conv1,0.02365277148783207
7,blocks.5.conv2,0.022753482684493065
7,blocks.6.conv1,0.016537431627511978
7,blocks.6.conv2,0.014471962116658688
7,blocks.7.conv1,0.008424258790910244
7,blocks.7.conv2,0.006088851951062679
7,blocks.8.conv1,0.011914973147213459
7,blocks.8.conv2,0.01273930724710226
7,blocks.9.conv1,0.022964440286159515
7,blocks.9.conv2,0.02674013189971447
7,blocks.10.conv1,0.025263972580432892
7,blocks.10.conv2,0.020219290629029274
7,blocks.11.conv1,0.01251281425356865
7,blocks.11.conv2,0.010419541969895363
7,blocks.12.conv1,0.008749112486839294
7,blocks.12.conv2,0.011560146696865559
7,blocks.13.conv1,0.012384910136461258
7,blocks.13.conv2,0.013012743555009365
7,blocks.14.conv1,0.013599126599729061
7,blocks.14.conv2,0.01564043015241623
7,blocks.15.conv1,0.0138809559866786
7,blocks.15.conv2,0.011322877369821072
7,blocks.16.conv1,0.009296974167227745
7,blocks.16.conv2,0.00940411165356636
7,blocks.17.conv1,0.011969967745244503
7,blocks.17.conv2,0.010285924188792706
7,blocks.18.conv1,0.01182557176798582
7,blocks.18.conv2,0.013183927163481712
7,blocks.19.conv1,0.01622488535940647
7,blocks.19.conv2,0.01172445435076952
7,blocks.20.conv1,0.010501038283109665
7,blocks.20.conv2,0.010569355450570583
7,blocks.21.conv1,0.011488208547234535
7,blocks.21.conv2,0.011153633706271648
7,blocks.22.conv1,0.009781761094927788
7,blocks.22.conv2,0.01078842394053936
7,blocks.23.conv1,0.014523163437843323
7,blocks.23.conv2,0.013676250353455544
7,blocks.24.conv1,0.013828231021761894
7,blocks.24.conv2,0.015540302731096745
7,blocks.25.conv1,0.01659136265516281
7,blocks.25.conv2,0.0289663914591074
7,blocks.26.conv1,0.028205150738358498
7,blocks.26.conv2,0.027930045500397682
7,blocks.27.conv1,0.02821347676217556
7,blocks.27.conv2,0.02615121565759182
7,blocks.28.conv1,0.026719558984041214
7,blocks.28.conv2,0.02472151815891266
7,blocks.29.conv1,0.023624198511242867
7,blocks.29.conv2,0.019448861479759216
7,blocks.30.conv1,0.016785461455583572
7,blocks.30.conv2,0.015881380066275597
7,blocks.31.conv1,0.01828807219862938
7,blocks.31.conv2,0.026264898478984833
7,blocks.32.conv1,0.02886069193482399
7,blocks.32.conv2,0.02902895025908947
7,blocks.33.conv1,0.02662598341703415
7,blocks.33.conv2,0.029508130624890327
7,blocks.34.conv1,0.03545340523123741
7,blocks.34.conv2,0.041184600442647934
7,blocks.35.conv1,0.041923463344573975
7,blocks.35.conv2,0.041279058903455734
7,blocks.36.conv1,0.04027067497372627
7,blocks.36.conv2,0.039847537875175476
7,blocks.37.conv1,0.03755129128694534
7,blocks.37.conv2,0.039138313382864
7,blocks.38.conv1,0.04091627895832062
7,blocks.38.conv2,0.04341239854693413
7,blocks.39.conv1,0.043995097279548645
7,blocks.39.conv2,0.04513776674866676
7,blocks.40.conv1,0.05623264238238335
7,blocks.40.conv2,0.0638238862156868
7,blocks.41.conv1,0.06110075116157532
7,blocks.41.conv2,0.05137655511498451
7,blocks.42.conv1,0.04648885503411293
7,blocks.42.conv2,0.04505036026239395
7,blocks.43.conv1,0.04612225294113159
7,blocks.43.conv2,0.045111283659935
7,blocks.44.conv1,0.04383622854948044
7,blocks.44.conv2,0.03791561350226402
7,blocks.45.conv1,0.038706742227077484
7,blocks.45.conv2,0.034969642758369446
7,blocks.46.conv1,0.039539728313684464
7,blocks.46.conv2,0.045113541185855865
7,blocks.47.conv1,0.055711209774017334
7,blocks.47.conv2,0.06636971235275269
7,blocks.48.conv1,0.06501714140176773
7,blocks.48.conv2,0.045709315687417984
7,blocks.49.conv1,0.04307613894343376
7,blocks.49.conv2,0.05940450727939606
7,mean_conv2d_grad_norm,0.043944859923333815
8,stem.0,0.18642722070217133
8,blocks.0.conv1,0.16852709650993347
8,blocks.0.conv2,0.1417701542377472
8,blocks.1.conv1,0.14399860799312592
8,blocks.1.conv2,0.08719002455472946
8,blocks.2.conv1,0.08005108684301376
8,blocks.2.conv2,0.07924269139766693
8,blocks.3.conv1,0.07349921017885208
8,blocks.3.conv2,0.07549145072698593
8,blocks.4.conv1,0.06635861098766327
8,blocks.4.conv2,0.042702723294496536
8,blocks.5.conv1,0.03206094354391098
8,blocks.5.conv2,0.027607198804616928
8,blocks.6.conv1,0.019334916025400162
8,blocks.6.conv2,0.02340615727007389
8,blocks.7.conv1,0.017896629869937897
8,blocks.7.conv2,0.018593087792396545
8,blocks.8.conv1,0.046120867133140564
8,blocks.8.conv2,0.0475291945040226
8,blocks.9.conv1,0.08485399186611176
8,blocks.9.conv2,0.0966065376996994
8,blocks.10.conv1,0.10526131093502045
8,blocks.10.conv2,0.06263221800327301
8,blocks.11.conv1,0.02988705039024353
8,blocks.11.conv2,0.020868144929409027
8,blocks.12.conv1,0.017552640289068222
8,blocks.12.conv2,0.02324475347995758
8,blocks.13.conv1,0.027334587648510933
8,blocks.13.conv2,0.02755320444703102
8,blocks.14.conv1,0.01982089690864086
8,blocks.14.conv2,0.02900237776339054
8,blocks.15.conv1,0.02483820542693138
8,blocks.15.conv2,0.02183098904788494
8,blocks.16.conv1,0.017978569492697716
8,blocks.16.conv2,0.014353985898196697
8,blocks.17.conv1,0.016045670956373215
8,blocks.17.conv2,0.01656358316540718
8,blocks.18.conv1,0.01858121156692505
8,blocks.18.conv2,0.026341302320361137
8,blocks.19.conv1,0.02992907166481018
8,blocks.19.conv2,0.01951238140463829
8,blocks.20.conv1,0.01588519476354122
8,blocks.20.conv2,0.021652307361364365
8,blocks.21.conv1,0.027142561972141266
8,blocks.21.conv2,0.028114594519138336
8,blocks.22.conv1,0.025413591414690018
8,blocks.22.conv2,0.02505982294678688
8,blocks.23.conv1,0.024796215817332268
8,blocks.23.conv2,0.030863270163536072
8,blocks.24.conv1,0.030852915719151497
8,blocks.24.conv2,0.027963384985923767
8,blocks.25.conv1,0.03169407695531845
8,blocks.25.conv2,0.043583136051893234
8,blocks.26.conv1,0.0648399069905281
8,blocks.26.conv2,0.10062529146671295
8,blocks.27.conv1,0.06718775629997253
8,blocks.27.conv2,0.0558980330824852
8,blocks.28.conv1,0.06442906707525253
8,blocks.28.conv2,0.0567062646150589
8,blocks.29.conv1,0.06449301540851593
8,blocks.29.conv2,0.06813647598028183
8,blocks.30.conv1,0.06488976627588272
8,blocks.30.conv2,0.05713701993227005
8,blocks.31.conv1,0.06658289581537247
8,blocks.31.conv2,0.08001335710287094
8,blocks.32.conv1,0.1165410503745079
8,blocks.32.conv2,0.13808980584144592
8,blocks.33.conv1,0.1504650115966797
8,blocks.33.conv2,0.20468449592590332
8,blocks.34.conv1,0.2786123752593994
8,blocks.34.conv2,0.24627113342285156
8,blocks.35.conv1,0.22001589834690094
8,blocks.35.conv2,0.20306998491287231
8,blocks.36.conv1,0.1514471024274826
8,blocks.36.conv2,0.14321212470531464
8,blocks.37.conv1,0.1285211145877838
8,blocks.37.conv2,0.12171437591314316
8,blocks.38.conv1,0.12271683663129807
8,blocks.38.conv2,0.1160302460193634
8,blocks.39.conv1,0.10468059778213501
8,blocks.39.conv2,0.10553564131259918
8,blocks.40.conv1,0.11582543700933456
8,blocks.40.conv2,0.12872368097305298
8,blocks.41.conv1,0.1394118368625641
8,blocks.41.conv2,0.16138993203639984
8,blocks.42.conv1,0.17146152257919312
8,blocks.42.conv2,0.17159739136695862
8,blocks.43.conv1,0.1511421650648117
8,blocks.43.conv2,0.1167977824807167
8,blocks.44.conv1,0.10572142899036407
8,blocks.44.conv2,0.09979046136140823
8,blocks.45.conv1,0.08911529183387756
8,blocks.45.conv2,0.07422637939453125
8,blocks.46.conv1,0.06012943387031555
8,blocks.46.conv2,0.060979779809713364
8,blocks.47.conv1,0.06724892556667328
8,blocks.47.conv2,0.07954809814691544
8,blocks.48.conv1,0.09654299169778824
8,blocks.48.conv2,0.10160249471664429
8,blocks.49.conv1,0.08957502990961075
8,blocks.49.conv2,0.10781688988208771
8,mean_conv2d_grad_norm,0.07933282404953595
9,stem.0,0.039080798625946045
9,blocks.0.conv1,0.04163618013262749
9,blocks.0.conv2,0.050350043922662735
9,blocks.1.conv1,0.04129835590720177
9,blocks.1.conv2,0.0501566044986248
9,blocks.2.conv1,0.044154874980449677
9,blocks.2.conv2,0.025913748890161514
9,blocks.3.conv1,0.01623941957950592
9,blocks.3.conv2,0.0159767959266901
9,blocks.4.conv1,0.013593054376542568
9,blocks.4.conv2,0.016554299741983414
9,blocks.5.conv1,0.015036826953291893
9,blocks.5.conv2,0.008849295787513256
9,blocks.6.conv1,0.009573634713888168
9,blocks.6.conv2,0.011912655085325241
9,blocks.7.conv1,0.008788542822003365
9,blocks.7.conv2,0.007856149226427078
9,blocks.8.conv1,0.009773232974112034
9,blocks.8.conv2,0.017967117950320244
9,blocks.9.conv1,0.019105296581983566
9,blocks.9.conv2,0.026629051193594933
9,blocks.10.conv1,0.021405821666121483
9,blocks.10.conv2,0.018567444756627083
9,blocks.11.conv1,0.01616262085735798
9,blocks.11.conv2,0.012355390936136246
9,blocks.12.conv1,0.010686473920941353
9,blocks.12.conv2,0.012577131390571594
9,blocks.13.conv1,0.016919022426009178
9,blocks.13.conv2,0.016175810247659683
9,blocks.14.conv1,0.014166556298732758
9,blocks.14.conv2,0.0142030855640769
9,blocks.15.conv1,0.015909874811768532
9,blocks.15.conv2,0.015982013195753098
9,blocks.16.conv1,0.014373368583619595
9,blocks.16.conv2,0.01257452555000782
9,blocks.17.conv1,0.016369638964533806
9,blocks.17.conv2,0.01436600275337696
9,blocks.18.conv1,0.011153479106724262
9,blocks.18.conv2,0.00902299303561449
9,blocks.19.conv1,0.011017662473022938
9,blocks.19.conv2,0.009546260349452496
9,blocks.20.conv1,0.013920551165938377
9,blocks.20.conv2,0.01432462316006422
9,blocks.21.conv1,0.013876711018383503
9,blocks.21.conv2,0.013021222315728664
9,blocks.22.conv1,0.014144880697131157
9,blocks.22.conv2,0.01575811579823494
9,blocks.23.conv1,0.014747791923582554
9,blocks.23.conv2,0.021356143057346344
9,blocks.24.conv1,0.03780286759138107
9,blocks.24.conv2,0.04575151205062866
9,blocks.25.conv1,0.05517572537064552
9,blocks.25.conv2,0.047355543822050095
9,blocks.26.conv1,0.03402121365070343
9,blocks.26.conv2,0.024312838912010193
9,blocks.27.conv1,0.023466352373361588
9,blocks.27.conv2,0.021409429609775543
9,blocks.28.conv1,0.018377142027020454
9,blocks.28.conv2,0.020083310082554817
9,blocks.29.conv1,0.020824000239372253
9,blocks.29.conv2,0.01794036105275154
9,blocks.30.conv1,0.01984427683055401
9,blocks.30.conv2,0.016525710001587868
9,blocks.31.conv1,0.018474632874131203
9,blocks.31.conv2,0.02486320212483406
9,blocks.32.conv1,0.02375631220638752
9,blocks.32.conv2,0.01946275681257248
9,blocks.33.conv1,0.016155492514371872
9,blocks.33.conv2,0.012540340423583984
9,blocks.34.conv1,0.011450924910604954
9,blocks.34.conv2,0.010089337825775146
9,blocks.35.conv1,0.011256267316639423
9,blocks.35.conv2,0.012026322074234486
9,blocks.36.conv1,0.013564642518758774
9,blocks.36.conv2,0.016618065536022186
9,blocks.37.conv1,0.020160911604762077
9,blocks.37.conv2,0.02507537044584751
9,blocks.38.conv1,0.03485287353396416
9,blocks.38.conv2,0.03553970158100128
9,blocks.39.conv1,0.032416027039289474
9,blocks.39.conv2,0.02819918468594551
9,blocks.40.conv1,0.02778247930109501
9,blocks.40.conv2,0.03215695172548294
9,blocks.41.conv1,0.029171094298362732
9,blocks.41.conv2,0.024799617007374763
9,blocks.42.conv1,0.021894359961152077
9,blocks.42.conv2,0.02219254896044731
9,blocks.43.conv1,0.025442877784371376
9,blocks.43.conv2,0.025140397250652313
9,blocks.44.conv1,0.024528255686163902
9,blocks.44.conv2,0.023389926180243492
9,blocks.45.conv1,0.022495334967970848
9,blocks.45.conv2,0.02402566559612751
9,blocks.46.conv1,0.02598017454147339
9,blocks.46.conv2,0.02414104714989662
9,blocks.47.conv1,0.027209514752030373
9,blocks.47.conv2,0.026069223880767822
9,blocks.48.conv1,0.02746417559683323
9,blocks.48.conv2,0.028647717088460922
9,blocks.49.conv1,0.026683568954467773
9,blocks.49.conv2,0.036224231123924255
9,mean_conv2d_grad_norm,0.02168280205292867
10,stem.0,0.07623962312936783
10,blocks.0.conv1,0.05538488179445267
10,blocks.0.conv2,0.04410949721932411
10,blocks.1.conv1,0.04543012008070946
10,blocks.1.conv2,0.040761373937129974
10,blocks.2.conv1,0.03437487781047821
10,blocks.2.conv2,0.024783911183476448
10,blocks.3.conv1,0.018691010773181915
10,blocks.3.conv2,0.01790923811495304
10,blocks.4.conv1,0.01366339810192585
10,blocks.4.conv2,0.012303096242249012
10,blocks.5.conv1,0.015985893085598946
10,blocks.5.conv2,0.011870307847857475
10,blocks.6.conv1,0.011516823433339596
10,blocks.6.conv2,0.00955804530531168
10,blocks.7.conv1,0.00711487652733922
10,blocks.7.conv2,0.007226834073662758
10,blocks.8.conv1,0.010628260672092438
10,blocks.8.conv2,0.009462573565542698
10,blocks.9.conv1,0.019579244777560234
10,blocks.9.conv2,0.020674675703048706
10,blocks.10.conv1,0.019459161907434464
10,blocks.10.conv2,0.01901315152645111
10,blocks.11.conv1,0.02045193873345852
10,blocks.11.conv2,0.02512005716562271
10,blocks.12.conv1,0.042868517339229584
10,blocks.12.conv2,0.05420374125242233
10,blocks.13.conv1,0.05392792820930481
10,blocks.13.conv2,0.04936576634645462
10,blocks.14.conv1,0.04815452918410301
10,blocks.14.conv2,0.04670293256640434
10,blocks.15.conv1,0.03603845089673996
10,blocks.15.conv2,0.03340514004230499
10,blocks.16.conv1,0.028809815645217896
10,blocks.16.conv2,0.027934443205595016
10,blocks.17.conv1,0.03160260617733002
10,blocks.17.conv2,0.030623843893408775
10,blocks.18.conv1,0.01946421153843403
10,blocks.18.conv2,0.015241250395774841
10,blocks.19.conv1,0.01571691781282425
10,blocks.19.conv2,0.012982632964849472
10,blocks.20.conv1,0.012678898870944977
10,blocks.20.conv2,0.015593642368912697
10,blocks.21.conv1,0.015466667711734772
10,blocks.21.conv2,0.01492876373231411
10,blocks.22.conv1,0.015737710520625114
10,blocks.22.conv2,0.020624002441763878
10,blocks.23.conv1,0.016819920390844345
10,blocks.23.conv2,0.014191157184541225
10,blocks.24.conv1,0.011988526210188866
10,blocks.24.conv2,0.01260333601385355
10,blocks.25.conv1,0.011857897974550724
10,blocks.25.conv2,0.011902284808456898
10,blocks.26.conv1,0.011920495890080929
10,blocks.26.conv2,0.0165154617279768
10,blocks.27.conv1,0.020518070086836815
10,blocks.27.conv2,0.03221530467271805
10,blocks.28.conv1,0.032443609088659286
10,blocks.28.conv2,0.036557793617248535
10,blocks.29.conv1,0.0301235131919384
10,blocks.29.conv2,0.03117801621556282
10,blocks.30.conv1,0.03845061734318733
10,blocks.30.conv2,0.03964715823531151
10,blocks.31.conv1,0.039783280342817307
10,blocks.31.conv2,0.04457104206085205
10,blocks.32.conv1,0.05296454578638077
10,blocks.32.conv2,0.056734759360551834
10,blocks.33.conv1,0.09448347985744476
10,blocks.33.conv2,0.08137234300374985
10,blocks.34.conv1,0.08003978431224823
10,blocks.34.conv2,0.06721991300582886
10,blocks.35.conv1,0.034790899604558945
10,blocks.35.conv2,0.03622596710920334
10,blocks.36.conv1,0.05095764249563217
10,blocks.36.conv2,0.0999661237001419
10,blocks.37.conv1,0.16664861142635345
10,blocks.37.conv2,0.17283733189105988
10,blocks.38.conv1,0.1172504648566246
10,blocks.38.conv2,0.10172100365161896
10,blocks.39.conv1,0.0964856818318367
10,blocks.39.conv2,0.07771241664886475
10,blocks.40.conv1,0.057011883705854416
10,blocks.40.conv2,0.04760022088885307
10,blocks.41.conv1,0.044205937534570694
10,blocks.41.conv2,0.05128945782780647
10,blocks.42.conv1,0.05279604345560074
10,blocks.42.conv2,0.04570009559392929
10,blocks.43.conv1,0.03726668283343315
10,blocks.43.conv2,0.03373897075653076
10,blocks.44.conv1,0.028097722679376602
10,blocks.44.conv2,0.02730809524655342
10,blocks.45.conv1,0.030161716043949127
10,blocks.45.conv2,0.03186854347586632
10,blocks.46.conv1,0.03016418032348156
10,blocks.46.conv2,0.031084835529327393
10,blocks.47.conv1,0.03821486234664917
10,blocks.47.conv2,0.036634501069784164
10,blocks.48.conv1,0.039112649857997894
10,blocks.48.conv2,0.041245512664318085
10,blocks.49.conv1,0.04368562623858452
10,blocks.49.conv2,0.05170273408293724
10,mean_conv2d_grad_norm,0.03834627734239001
11,stem.0,0.01621815748512745
11,blocks.0.conv1,0.0087208803743124
11,blocks.0.conv2,0.010694611817598343
11,blocks.1.conv1,0.02130749635398388
11,blocks.1.conv2,0.015030058100819588
11,blocks.2.conv1,0.017562758177518845
11,blocks.2.conv2,0.01468664314597845
11,blocks.3.conv1,0.009067500941455364
11,blocks.3.conv2,0.010620911605656147
11,blocks.4.conv1,0.007452584803104401
11,blocks.4.conv2,0.007994952611625195
11,blocks.5.conv1,0.0071146246045827866
11,blocks.5.conv2,0.006115716882050037
11,blocks.6.conv1,0.006593840196728706
11,blocks.6.conv2,0.009346900507807732
11,blocks.7.conv1,0.005492117255926132
11,blocks.7.conv2,0.005374420899897814
11,blocks.8.conv1,0.00766629446297884
11,blocks.8.conv2,0.012262549251317978
11,blocks.9.conv1,0.03093286231160164
11,blocks.9.conv2,0.029612429440021515
11,blocks.10.conv1,0.02764732949435711
11,blocks.10.conv2,0.015268383547663689
11,blocks.11.conv1,0.011316359974443913
11,blocks.11.conv2,0.010192244313657284
11,blocks.12.conv1,0.008067860268056393
11,blocks.12.conv2,0.010123291052877903
11,blocks.13.conv1,0.010976241901516914
11,blocks.13.conv2,0.014313459396362305
11,blocks.14.conv1,0.012201707810163498
11,blocks.14.conv2,0.012092871591448784
11,blocks.15.conv1,0.011538749560713768
11,blocks.15.conv2,0.011485074646770954
11,blocks.16.conv1,0.012041090056300163
11,blocks.16.conv2,0.016390250995755196
11,blocks.17.conv1,0.015228010714054108
11,blocks.17.conv2,0.012951623648405075
11,blocks.18.conv1,0.009786676615476608
11,blocks.18.conv2,0.006862310692667961
11,blocks.19.conv1,0.007862827740609646
11,blocks.19.conv2,0.007386001292616129
11,blocks.20.conv1,0.010602332651615143
11,blocks.20.conv2,0.01680584065616131
11,blocks.21.conv1,0.016311833634972572
11,blocks.21.conv2,0.015420908108353615
11,blocks.22.conv1,0.013731882907450199
11,blocks.22.conv2,0.010689493268728256
11,blocks.23.conv1,0.01124420017004013
11,blocks.23.conv2,0.009355067275464535
11,blocks.24.conv1,0.00891302153468132
11,blocks.24.conv2,0.009211981669068336
11,blocks.25.conv1,0.011999815702438354
11,blocks.25.conv2,0.014957064762711525
11,blocks.26.conv1,0.018482878804206848
11,blocks.26.conv2,0.024757981300354004
11,blocks.27.conv1,0.02688601054251194
11,blocks.27.conv2,0.028707027435302734
11,blocks.28.conv1,0.030835706740617752
11,blocks.28.conv2,0.02894703857600689
11,blocks.29.conv1,0.029557809233665466
11,blocks.29.conv2,0.02770301327109337
11,blocks.30.conv1,0.023720357567071915
11,blocks.30.conv2,0.0238664411008358
11,blocks.31.conv1,0.023114247247576714
11,blocks.31.conv2,0.024222256615757942
11,blocks.32.conv1,0.022646520286798477
11,blocks.32.conv2,0.023000482469797134
11,blocks.33.conv1,0.019187141209840775
11,blocks.33.conv2,0.016427066177129745
11,blocks.34.conv1,0.019103972241282463
11,blocks.34.conv2,0.016378259286284447
11,blocks.35.conv1,0.016535159200429916
11,blocks.35.conv2,0.01701778918504715
11,blocks.36.conv1,0.018142303451895714
11,blocks.36.conv2,0.01976582407951355
11,blocks.37.conv1,0.021917369216680527
11,blocks.37.conv2,0.020894479006528854
11,blocks.38.conv1,0.02486538514494896
11,blocks.38.conv2,0.031376004219055176
11,blocks.39.conv1,0.028723664581775665
11,blocks.39.conv2,0.02720242738723755
11,blocks.40.conv1,0.028751542791724205
11,blocks.40.conv2,0.0312570296227932
11,blocks.41.conv1,0.03227482736110687
11,blocks.41.conv2,0.031093431636691093
11,blocks.42.conv1,0.027241075411438942
11,blocks.42.conv2,0.029422447085380554
11,blocks.43.conv1,0.02858906053006649
11,blocks.43.conv2,0.03108518011868
11,blocks.44.conv1,0.029291396960616112
11,blocks.44.conv2,0.03106602653861046
11,blocks.45.conv1,0.029159056022763252
11,blocks.45.conv2,0.02954716980457306
11,blocks.46.conv1,0.028747424483299255
11,blocks.46.conv2,0.032101817429065704
11,blocks.47.conv1,0.03700130805373192
11,blocks.47.conv2,0.04039910063147545
11,blocks.48.conv1,0.03923534229397774
11,blocks.48.conv2,0.03287249431014061
11,blocks.49.conv1,0.04056091979146004
11,blocks.49.conv2,0.0586034394800663
11,mean_conv2d_grad_norm,0.01955573093883767
12,stem.0,0.03393612802028656
12,blocks.0.conv1,0.019195862114429474
12,blocks.0.conv2,0.01711423695087433
12,blocks.1.conv1,0.04750877991318703
12,blocks.1.conv2,0.025256894528865814
12,blocks.2.conv1,0.01699323207139969
12,blocks.2.conv2,0.010314926505088806
12,blocks.3.conv1,0.010306263342499733
12,blocks.3.conv2,0.010488091967999935
12,blocks.4.conv1,0.0076315030455589294
12,blocks.4.conv2,0.006581356283277273
12,blocks.5.conv1,0.004365740809589624
12,blocks.5.conv2,0.004335217177867889
12,blocks.6.conv1,0.004687057808041573
12,blocks.6.conv2,0.007277994882315397
12,blocks.7.conv1,0.004956937860697508
12,blocks.7.conv2,0.004323843866586685
12,blocks.8.conv1,0.005328457336872816
12,blocks.8.conv2,0.00626220041885972
12,blocks.9.conv1,0.006876912899315357
12,blocks.9.conv2,0.00948642659932375
12,blocks.10.conv1,0.009525388479232788
12,blocks.10.conv2,0.009134423919022083
12,blocks.11.conv1,0.010669943876564503
12,blocks.11.conv2,0.009488986805081367
12,blocks.12.conv1,0.008573807775974274
12,blocks.12.conv2,0.010268834419548512
12,blocks.13.conv1,0.010118602775037289
12,blocks.13.conv2,0.01170745212584734
12,blocks.14.conv1,0.011531615629792213
12,blocks.14.conv2,0.010434002615511417
12,blocks.15.conv1,0.009560855105519295
12,blocks.15.conv2,0.00967387855052948
12,blocks.16.conv1,0.010233644396066666
12,blocks.16.conv2,0.010959312319755554
12,blocks.17.conv1,0.011455576866865158
12,blocks.17.conv2,0.009744442999362946
12,blocks.18.conv1,0.008457507938146591
12,blocks.18.conv2,0.007840365171432495
12,blocks.19.conv1,0.009303885512053967
12,blocks.19.conv2,0.00857552234083414
12,blocks.20.conv1,0.01118770893663168
12,blocks.20.conv2,0.012382523156702518
12,blocks.21.conv1,0.014584037475287914
12,blocks.21.conv2,0.014346562325954437
12,blocks.22.conv1,0.016966886818408966
12,blocks.22.conv2,0.018104786053299904
12,blocks.23.conv1,0.01928429864346981
12,blocks.23.conv2,0.020330537110567093
12,blocks.24.conv1,0.01563310995697975
12,blocks.24.conv2,0.024827396497130394
12,blocks.25.conv1,0.03284187242388725
12,blocks.25.conv2,0.04320026561617851
12,blocks.26.conv1,0.03930455818772316
12,blocks.26.conv2,0.03335590288043022
12,blocks.27.conv1,0.03069225698709488
12,blocks.27.conv2,0.02971740998327732
12,blocks.28.conv1,0.024152159690856934
12,blocks.28.conv2,0.021174347028136253
12,blocks.29.conv1,0.02102021500468254
12,blocks.29.conv2,0.021753594279289246
12,blocks.30.conv1,0.021703975275158882
12,blocks.30.conv2,0.021644266322255135
12,blocks.31.conv1,0.024192901328206062
12,blocks.31.conv2,0.028874969109892845
12,blocks.32.conv1,0.023480506613850594
12,blocks.32.conv2,0.023092959076166153
12,blocks.33.conv1,0.02074025757610798
12,blocks.33.conv2,0.022735798731446266
12,blocks.34.conv1,0.025125466287136078
12,blocks.34.conv2,0.02368764765560627
12,blocks.35.conv1,0.024174241349101067
12,blocks.35.conv2,0.02737743966281414
12,blocks.36.conv1,0.024046171456575394
12,blocks.36.conv2,0.02277735434472561
12,blocks.37.conv1,0.022868501022458076
12,blocks.37.conv2,0.024200914427638054
12,blocks.38.conv1,0.027413377538323402
12,blocks.38.conv2,0.030412200838327408
12,blocks.39.conv1,0.03214091435074806
12,blocks.39.conv2,0.029736429452896118
12,blocks.40.conv1,0.03160353749990463
12,blocks.40.conv2,0.031031636521220207
12,blocks.41.conv1,0.029509317129850388
12,blocks.41.conv2,0.028925616294145584
12,blocks.42.conv1,0.02825583703815937
12,blocks.42.conv2,0.028074631467461586
12,blocks.43.conv1,0.03079017996788025
12,blocks.43.conv2,0.03451109305024147
12,blocks.44.conv1,0.0376180037856102
12,blocks.44.conv2,0.03901652246713638
12,blocks.45.conv1,0.0408654622733593
12,blocks.45.conv2,0.04057103022933006
12,blocks.46.conv1,0.04196099191904068
12,blocks.46.conv2,0.04553235322237015
12,blocks.47.conv1,0.04958753287792206
12,blocks.47.conv2,0.05717458575963974
12,blocks.48.conv1,0.06042599678039551
12,blocks.48.conv2,0.06191523000597954
12,blocks.49.conv1,0.06501000374555588
12,blocks.49.conv2,0.06205456331372261
12,mean_conv2d_grad_norm,0.022477296642073902
13,stem.0,0.07815379649400711
13,blocks.0.conv1,0.06668224185705185
13,blocks.0.conv2,0.07095185667276382
13,blocks.1.conv1,0.034286025911569595
13,blocks.1.conv2,0.036615531891584396
13,blocks.2.conv1,0.022883297875523567
13,blocks.2.conv2,0.020360775291919708
13,blocks.3.conv1,0.020665235817432404
13,blocks.3.conv2,0.021621061488986015
13,blocks.4.conv1,0.02904435433447361
13,blocks.4.conv2,0.02805541269481182
13,blocks.5.conv1,0.02178449183702469
13,blocks.5.conv2,0.021110784262418747
13,blocks.6.conv1,0.016348551958799362
13,blocks.6.conv2,0.030384933575987816
13,blocks.7.conv1,0.014140961691737175
13,blocks.7.conv2,0.02475995197892189
13,blocks.8.conv1,0.028766324743628502
13,blocks.8.conv2,0.05224106088280678
13,blocks.9.conv1,0.03314611688256264
13,blocks.9.conv2,0.06042952835559845
13,blocks.10.conv1,0.10111325979232788
13,blocks.10.conv2,0.0907587930560112
13,blocks.11.conv1,0.07077479362487793
13,blocks.11.conv2,0.05688133090734482
13,blocks.12.conv1,0.05454966053366661
13,blocks.12.conv2,0.053921934217214584
13,blocks.13.conv1,0.050296712666749954
13,blocks.13.conv2,0.03770119324326515
13,blocks.14.conv1,0.03517565503716469
13,blocks.14.conv2,0.036122094839811325
13,blocks.15.conv1,0.027550768107175827
13,blocks.15.conv2,0.019931375980377197
13,blocks.16.conv1,0.018509728834033012
13,blocks.16.conv2,0.022138234227895737
13,blocks.17.conv1,0.024639904499053955
13,blocks.17.conv2,0.019752418622374535
13,blocks.18.conv1,0.016459304839372635
13,blocks.18.conv2,0.01248571090400219
13,blocks.19.conv1,0.013142192736268044
13,blocks.19.conv2,0.015413717366755009
13,blocks.20.conv1,0.019068650901317596
13,blocks.20.conv2,0.020745251327753067
13,blocks.21.conv1,0.02020309679210186
13,blocks.21.conv2,0.020618004724383354
13,blocks.22.conv1,0.022179700434207916
13,blocks.22.conv2,0.023822011426091194
13,blocks.23.conv1,0.0280096884816885
13,blocks.23.conv2,0.026364272460341454
13,blocks.24.conv1,0.019085949286818504
13,blocks.24.conv2,0.022244039922952652
13,blocks.25.conv1,0.021605396643280983
13,blocks.25.conv2,0.024642152711749077
13,blocks.26.conv1,0.02633027918636799
13,blocks.26.conv2,0.02515883930027485
13,blocks.27.conv1,0.02448497712612152
13,blocks.27.conv2,0.02447907067835331
13,blocks.28.conv1,0.02186056599020958
13,blocks.28.conv2,0.0248704981058836
13,blocks.29.conv1,0.02289193868637085
13,blocks.29.conv2,0.01816427893936634
13,blocks.30.conv1,0.01953786239027977
13,blocks.30.conv2,0.020386861637234688
13,blocks.31.conv1,0.023561587557196617
13,blocks.31.conv2,0.02887396328151226
13,blocks.32.conv1,0.028868794441223145
13,blocks.32.conv2,0.029709959402680397
13,blocks.33.conv1,0.025677932426333427
13,blocks.33.conv2,0.022559886798262596
13,blocks.34.conv1,0.022854218259453773
13,blocks.34.conv2,0.02136542648077011
13,blocks.35.conv1,0.022360509261488914
13,blocks.35.conv2,0.02210051566362381
13,blocks.36.conv1,0.02332806959748268
13,blocks.36.conv2,0.02488497830927372
13,blocks.37.conv1,0.0276296678930521
13,blocks.37.conv2,0.02469683438539505
13,blocks.38.conv1,0.025077536702156067
13,blocks.38.conv2,0.02375190146267414
13,blocks.39.conv1,0.024728508666157722
13,blocks.39.conv2,0.02037752978503704
13,blocks.40.conv1,0.018150079995393753
13,blocks.40.conv2,0.019173458218574524
13,blocks.41.conv1,0.02154250256717205
13,blocks.41.conv2,0.02393454499542713
13,blocks.42.conv1,0.025015195831656456
13,blocks.42.conv2,0.026417506858706474
13,blocks.43.conv1,0.02848983183503151
13,blocks.43.conv2,0.03179944306612015
13,blocks.44.conv1,0.03325556591153145
13,blocks.44.conv2,0.03309548273682594
13,blocks.45.conv1,0.039242085069417953
13,blocks.45.conv2,0.0393260233104229
13,blocks.46.conv1,0.03903362900018692
13,blocks.46.conv2,0.04050205647945404
13,blocks.47.conv1,0.050344474613666534
13,blocks.47.conv2,0.05224157124757767
13,blocks.48.conv1,0.057810891419649124
13,blocks.48.conv2,0.05523009970784187
13,blocks.49.conv1,0.04579456150531769
13,blocks.49.conv2,0.04549461975693703
13,mean_conv2d_grad_norm,0.031433721902863226
14,stem.0,0.049074213951826096
14,blocks.0.conv1,0.03375335782766342
14,blocks.0.conv2,0.031446680426597595
14,blocks.1.conv1,0.029969600960612297
14,blocks.1.conv2,0.04086902737617493
14,blocks.2.conv1,0.04197316616773605
14,blocks.2.conv2,0.05782113969326019
14,blocks.3.conv1,0.03280746191740036
14,blocks.3.conv2,0.02893047221004963
14,blocks.4.conv1,0.025509601458907127
14,blocks.4.conv2,0.02674143761396408
14,blocks.5.conv1,0.028983240947127342
14,blocks.5.conv2,0.025105779990553856
14,blocks.6.conv1,0.024595482274889946
14,blocks.6.conv2,0.030398866161704063
14,blocks.7.conv1,0.015686534345149994
14,blocks.7.conv2,0.008885180577635765
14,blocks.8.conv1,0.016202492639422417
14,blocks.8.conv2,0.016211222857236862
14,blocks.9.conv1,0.01612376980483532
14,blocks.9.conv2,0.025996709242463112
14,blocks.10.conv1,0.03426450118422508
14,blocks.10.conv2,0.03935827687382698
14,blocks.11.conv1,0.03760490193963051
14,blocks.11.conv2,0.035561032593250275
14,blocks.12.conv1,0.030010566115379333
14,blocks.12.conv2,0.0301728043705225
14,blocks.13.conv1,0.032268404960632324
14,blocks.13.conv2,0.03733067959547043
14,blocks.14.conv1,0.03752994164824486
14,blocks.14.conv2,0.03111090697348118
14,blocks.15.conv1,0.030962157994508743
14,blocks.15.conv2,0.034483831375837326
14,blocks.16.conv1,0.02830064296722412
14,blocks.16.conv2,0.02599848061800003
14,blocks.17.conv1,0.032440461218357086
14,blocks.17.conv2,0.03946748375892639
14,blocks.18.conv1,0.03730316087603569
14,blocks.18.conv2,0.030569417402148247
14,blocks.19.conv1,0.0354265496134758
14,blocks.19.conv2,0.031098205596208572
14,blocks.20.conv1,0.03298342227935791
14,blocks.20.conv2,0.030125727877020836
14,blocks.21.conv1,0.027011677622795105
14,blocks.21.conv2,0.023579029366374016
14,blocks.22.conv1,0.01974734477698803
14,blocks.22.conv2,0.023253336548805237
14,blocks.23.conv1,0.020487597212195396
14,blocks.23.conv2,0.018375564366579056
14,blocks.24.conv1,0.015054888091981411
14,blocks.24.conv2,0.01927565596997738
14,blocks.25.conv1,0.017020048573613167
14,blocks.25.conv2,0.024599285796284676
14,blocks.26.conv1,0.02580033428966999
14,blocks.26.conv2,0.021691475063562393
14,blocks.27.conv1,0.022000189870595932
14,blocks.27.conv2,0.019667616114020348
14,blocks.28.conv1,0.02191205881536007
14,blocks.28.conv2,0.02000531181693077
14,blocks.29.conv1,0.018789086490869522
14,blocks.29.conv2,0.017958782613277435
14,blocks.30.conv1,0.02324141189455986
14,blocks.30.conv2,0.024766504764556885
14,blocks.31.conv1,0.02588362991809845
14,blocks.31.conv2,0.028236988931894302
14,blocks.32.conv1,0.028208106756210327
14,blocks.32.conv2,0.027629466727375984
14,blocks.33.conv1,0.025897011160850525
14,blocks.33.conv2,0.024632100015878677
14,blocks.34.conv1,0.02535194903612137
14,blocks.34.conv2,0.026613766327500343
14,blocks.35.conv1,0.02861137129366398
14,blocks.35.conv2,0.03272772580385208
14,blocks.36.conv1,0.027718940749764442
14,blocks.36.conv2,0.02529548667371273
14,blocks.37.conv1,0.02360197715461254
14,blocks.37.conv2,0.02250129170715809
14,blocks.38.conv1,0.02321033552289009
14,blocks.38.conv2,0.02345438487827778
14,blocks.39.conv1,0.024996725842356682
14,blocks.39.conv2,0.027693049982190132
14,blocks.40.conv1,0.024132775142788887
14,blocks.40.conv2,0.024230990558862686
14,blocks.41.conv1,0.02513504959642887
14,blocks.41.conv2,0.025340475142002106
14,blocks.42.conv1,0.02658049575984478
14,blocks.42.conv2,0.026892956346273422
14,blocks.43.conv1,0.03039499931037426
14,blocks.43.conv2,0.03514467924833298
14,blocks.44.conv1,0.03814256936311722
14,blocks.44.conv2,0.040185850113630295
14,blocks.45.conv1,0.048044927418231964
14,blocks.45.conv2,0.05710205063223839
14,blocks.46.conv1,0.05843513831496239
14,blocks.46.conv2,0.07224426418542862
14,blocks.47.conv1,0.07000335305929184
14,blocks.47.conv2,0.07146801054477692
14,blocks.48.conv1,0.07102735340595245
14,blocks.48.conv2,0.07033062726259232
14,blocks.49.conv1,0.06597872823476791
14,blocks.49.conv2,0.07175973802804947
14,mean_conv2d_grad_norm,0.031589440955310175
15,stem.0,0.015019044280052185
15,blocks.0.conv1,0.008958535268902779
15,blocks.0.conv2,0.01524419616907835
15,blocks.1.conv1,0.015532518737018108
15,blocks.1.conv2,0.010927419178187847
15,blocks.2.conv1,0.013699823059141636
15,blocks.2.conv2,0.010409625247120857
15,blocks.3.conv1,0.01299542747437954
15,blocks.3.conv2,0.013523292727768421
15,blocks.4.conv1,0.011016824282705784
15,blocks.4.conv2,0.008429812267422676
15,blocks.5.conv1,0.008372670039534569
15,blocks.5.conv2,0.009367020800709724
15,blocks.6.conv1,0.010867438279092312
15,blocks.6.conv2,0.012033700942993164
15,blocks.7.conv1,0.007582804653793573
15,blocks.7.conv2,0.005790476221591234
15,blocks.8.conv1,0.007612474728375673
15,blocks.8.conv2,0.006503417156636715
15,blocks.9.conv1,0.006259400863200426
15,blocks.9.conv2,0.006200553849339485
15,blocks.10.conv1,0.007896577008068562
15,blocks.10.conv2,0.008844371885061264
15,blocks.11.conv1,0.007756535429507494
15,blocks.11.conv2,0.008723501116037369
15,blocks.12.conv1,0.016006778925657272
15,blocks.12.conv2,0.01755227893590927
15,blocks.13.conv1,0.011336030438542366
15,blocks.13.conv2,0.01030378695577383
15,blocks.14.conv1,0.011046594940125942
15,blocks.14.conv2,0.007638843264430761
15,blocks.15.conv1,0.008207160048186779
15,blocks.15.conv2,0.01251034066081047
15,blocks.16.conv1,0.015798218548297882
15,blocks.16.conv2,0.008687443099915981
15,blocks.17.conv1,0.00865672342479229
15,blocks.17.conv2,0.010783140547573566
15,blocks.18.conv1,0.010473324917256832
15,blocks.18.conv2,0.01028862502425909
15,blocks.19.conv1,0.010722029022872448
15,blocks.19.conv2,0.010528793558478355
15,blocks.20.conv1,0.011773851700127125
15,blocks.20.conv2,0.012282128445804119
15,blocks.21.conv1,0.011784864589571953
15,blocks.21.conv2,0.015395693480968475
15,blocks.22.conv1,0.015489322133362293
15,blocks.22.conv2,0.020539404824376106
15,blocks.23.conv1,0.029052888974547386
15,blocks.23.conv2,0.016886446624994278
15,blocks.24.conv1,0.013334798626601696
15,blocks.24.conv2,0.01939440332353115
15,blocks.25.conv1,0.020796243101358414
15,blocks.25.conv2,0.026503605768084526
15,blocks.26.conv1,0.032827332615852356
15,blocks.26.conv2,0.025647418573498726
15,blocks.27.conv1,0.02033357508480549
15,blocks.27.conv2,0.02183561399579048
15,blocks.28.conv1,0.01993134245276451
15,blocks.28.conv2,0.023553935810923576
15,blocks.29.conv1,0.026145268231630325
15,blocks.29.conv2,0.021021317690610886
15,blocks.30.conv1,0.021987056359648705
15,blocks.30.conv2,0.021479401737451553
15,blocks.31.conv1,0.021424058824777603
15,blocks.31.conv2,0.025562480092048645
15,blocks.32.conv1,0.02813214622437954
15,blocks.32.conv2,0.0361967496573925
15,blocks.33.conv1,0.03669982776045799
15,blocks.33.conv2,0.03996104747056961
15,blocks.34.conv1,0.03904230520129204
15,blocks.34.conv2,0.032108236104249954
15,blocks.35.conv1,0.025631289929151535
15,blocks.35.conv2,0.024922633543610573
15,blocks.36.conv1,0.02149241231381893
15,blocks.36.conv2,0.0178992822766304
15,blocks.37.conv1,0.01791202835738659
15,blocks.37.conv2,0.016529129818081856
15,blocks.38.conv1,0.017215516418218613
15,blocks.38.conv2,0.02003171108663082
15,blocks.39.conv1,0.022651711478829384
15,blocks.39.conv2,0.02173548936843872
15,blocks.40.conv1,0.01983078569173813
15,blocks.40.conv2,0.021180611103773117
15,blocks.41.conv1,0.019569138064980507
15,blocks.41.conv2,0.018780473619699478
15,blocks.42.conv1,0.017563942819833755
15,blocks.42.conv2,0.017492322251200676
15,blocks.43.conv1,0.01884704828262329
15,blocks.43.conv2,0.0218811072409153
15,blocks.44.conv1,0.024356454610824585
15,blocks.44.conv2,0.02895093895494938
15,blocks.45.conv1,0.032129108905792236
15,blocks.45.conv2,0.03977718576788902
15,blocks.46.conv1,0.048572856932878494
15,blocks.46.conv2,0.054909344762563705
15,blocks.47.conv1,0.05468570441007614
15,blocks.47.conv2,0.05672195926308632
15,blocks.48.conv1,0.06128545105457306
15,blocks.48.conv2,0.055627159774303436
15,blocks.49.conv1,0.052621543407440186
15,blocks.49.conv2,0.055626556277275085
15,mean_conv2d_grad_norm,0.020432289477695924
16,stem.0,0.007773286662995815
16,blocks.0.conv1,0.010240844450891018
16,blocks.0.conv2,0.013392964377999306
16,blocks.1.conv1,0.01821422018110752
16,blocks.1.conv2,0.014653438702225685
16,blocks.2.conv1,0.014716262929141521
16,blocks.2.conv2,0.011515563353896141
16,blocks.3.conv1,0.008277327753603458
16,blocks.3.conv2,0.00803104043006897
16,blocks.4.conv1,0.006787139922380447
16,blocks.4.conv2,0.006363827269524336
16,blocks.5.conv1,0.006034224759787321
16,blocks.5.conv2,0.007787840440869331
16,blocks.6.conv1,0.008679280988872051
16,blocks.6.conv2,0.008005566895008087
16,blocks.7.conv1,0.005764682311564684
16,blocks.7.conv2,0.00650810357183218
16,blocks.8.conv1,0.014125747606158257
16,blocks.8.conv2,0.010896800085902214
16,blocks.9.conv1,0.011417827568948269
16,blocks.9.conv2,0.012992598116397858
16,blocks.10.conv1,0.038417547941207886
16,blocks.10.conv2,0.05233355239033699
16,blocks.11.conv1,0.04438115656375885
16,blocks.11.conv2,0.030430948361754417
16,blocks.12.conv1,0.03370436653494835
16,blocks.12.conv2,0.03007470816373825
16,blocks.13.conv1,0.02505350299179554
16,blocks.13.conv2,0.024311130866408348
16,blocks.14.conv1,0.02347162552177906
16,blocks.14.conv2,0.020228493958711624
16,blocks.15.conv1,0.021040422841906548
16,blocks.15.conv2,0.02055760845541954
16,blocks.16.conv1,0.02319304086267948
16,blocks.16.conv2,0.022873885929584503
16,blocks.17.conv1,0.02305757999420166
16,blocks.17.conv2,0.01703384518623352
16,blocks.18.conv1,0.019202256575226784
16,blocks.18.conv2,0.021425697952508926
16,blocks.19.conv1,0.020771661773324013
16,blocks.19.conv2,0.02472732961177826
16,blocks.20.conv1,0.030698487535119057
16,blocks.20.conv2,0.034968301653862
16,blocks.21.conv1,0.04971890524029732
16,blocks.21.conv2,0.061840709298849106
16,blocks.22.conv1,0.060487519949674606
16,blocks.22.conv2,0.0660453736782074
16,blocks.23.conv1,0.055267684161663055
16,blocks.23.conv2,0.05068613588809967
16,blocks.24.conv1,0.04452531039714813
16,blocks.24.conv2,0.03472433239221573
16,blocks.25.conv1,0.03289388120174408
16,blocks.25.conv2,0.0360678993165493
16,blocks.26.conv1,0.03834555298089981
16,blocks.26.conv2,0.028513288125395775
16,blocks.27.conv1,0.027115706354379654
16,blocks.27.conv2,0.02736748196184635
16,blocks.28.conv1,0.025139926001429558
16,blocks.28.conv2,0.03301144018769264
16,blocks.29.conv1,0.03154093027114868
16,blocks.29.conv2,0.029320813715457916
16,blocks.30.conv1,0.03158697858452797
16,blocks.30.conv2,0.02596718817949295
16,blocks.31.conv1,0.027450455352663994
16,blocks.31.conv2,0.02869778499007225
16,blocks.32.conv1,0.03188037499785423
16,blocks.32.conv2,0.03288737311959267
16,blocks.33.conv1,0.030324680730700493
16,blocks.33.conv2,0.025662921369075775
16,blocks.34.conv1,0.027067987248301506
16,blocks.34.conv2,0.032547056674957275
16,blocks.35.conv1,0.034267596900463104
16,blocks.35.conv2,0.030012615025043488
16,blocks.36.conv1,0.024644775316119194
16,blocks.36.conv2,0.020320747047662735
16,blocks.37.conv1,0.020331252366304398
16,blocks.37.conv2,0.020001297816634178
16,blocks.38.conv1,0.02177368476986885
16,blocks.38.conv2,0.022920630872249603
16,blocks.39.conv1,0.023449694737792015
16,blocks.39.conv2,0.024357642978429794
16,blocks.40.conv1,0.02310306951403618
16,blocks.40.conv2,0.02399052120745182
16,blocks.41.conv1,0.02356458269059658
16,blocks.41.conv2,0.026525385677814484
16,blocks.42.conv1,0.026577290147542953
16,blocks.42.conv2,0.028484279289841652
16,blocks.43.conv1,0.032509494572877884
16,blocks.43.conv2,0.03363955393433571
16,blocks.44.conv1,0.036979109048843384
16,blocks.44.conv2,0.039576802402734756
16,blocks.45.conv1,0.041663579642772675
16,blocks.45.conv2,0.04626654461026192
16,blocks.46.conv1,0.042807091027498245
16,blocks.46.conv2,0.04098629578948021
16,blocks.47.conv1,0.043115582317113876
16,blocks.47.conv2,0.047181300818920135
16,blocks.48.conv1,0.048859789967536926
16,blocks.48.conv2,0.04645512253046036
16,blocks.49.conv1,0.04677711799740791
16,blocks.49.conv2,0.05288218334317207
16,mean_conv2d_grad_norm,0.0280677828393729
17,stem.0,0.02692927047610283
17,blocks.0.conv1,0.011938289739191532
17,blocks.0.conv2,0.007213645149022341
17,blocks.1.conv1,0.006507741753011942
17,blocks.1.conv2,0.00541264470666647
17,blocks.2.conv1,0.005392084363847971
17,blocks.2.conv2,0.006071604322642088
17,blocks.3.conv1,0.005799573380500078
17,blocks.3.conv2,0.006318161264061928
17,blocks.4.conv1,0.006000978872179985
17,blocks.4.conv2,0.004751637578010559
17,blocks.5.conv1,0.004462673328816891
17,blocks.5.conv2,0.006345882546156645
17,blocks.6.conv1,0.0053892130963504314
17,blocks.6.conv2,0.0036972970701754093
17,blocks.7.conv1,0.004250398371368647
17,blocks.7.conv2,0.003314352361485362
17,blocks.8.conv1,0.005148834083229303
17,blocks.8.conv2,0.005299752112478018
17,blocks.9.conv1,0.005303958430886269
17,blocks.9.conv2,0.005438803695142269
17,blocks.10.conv1,0.008810161612927914
17,blocks.10.conv2,0.009156976826488972
17,blocks.11.conv1,0.017079634591937065
17,blocks.11.conv2,0.015387975610792637
17,blocks.12.conv1,0.018689824268221855
17,blocks.12.conv2,0.01462681032717228
17,blocks.13.conv1,0.01509758923202753
17,blocks.13.conv2,0.021174492314457893
17,blocks.14.conv1,0.02106938511133194
17,blocks.14.conv2,0.015075632371008396
17,blocks.15.conv1,0.014163406565785408
17,blocks.15.conv2,0.016203226521611214
17,blocks.16.conv1,0.014522382989525795
17,blocks.16.conv2,0.0129493223503232
17,blocks.17.conv1,0.014836231246590614
17,blocks.17.conv2,0.01702164299786091
17,blocks.18.conv1,0.014305670745670795
17,blocks.18.conv2,0.015340613201260567
17,blocks.19.conv1,0.016777709126472473
17,blocks.19.conv2,0.018448833376169205
17,blocks.20.conv1,0.014430644921958447
17,blocks.20.conv2,0.01531539112329483
17,blocks.21.conv1,0.01310217659920454
17,blocks.21.conv2,0.013602160848677158
17,blocks.22.conv1,0.015623091720044613
17,blocks.22.conv2,0.017242183908820152
17,blocks.23.conv1,0.02295629121363163
17,blocks.23.conv2,0.025418875738978386
17,blocks.24.conv1,0.022766483947634697
17,blocks.24.conv2,0.026436347514390945
17,blocks.25.conv1,0.02183186449110508
17,blocks.25.conv2,0.02035023458302021
17,blocks.26.conv1,0.01685711368918419
17,blocks.26.conv2,0.015609982423484325
17,blocks.27.conv1,0.013120695017278194
17,blocks.27.conv2,0.015439735725522041
17,blocks.28.conv1,0.015856441110372543
17,blocks.28.conv2,0.01767345517873764
17,blocks.29.conv1,0.01775137148797512
17,blocks.29.conv2,0.01490122452378273
17,blocks.30.conv1,0.01540541835129261
17,blocks.30.conv2,0.016785889863967896
17,blocks.31.conv1,0.01426247600466013
17,blocks.31.conv2,0.015347321517765522
17,blocks.32.conv1,0.01696525141596794
17,blocks.32.conv2,0.01782422512769699
17,blocks.33.conv1,0.020084073767066002
17,blocks.33.conv2,0.02171996422111988
17,blocks.34.conv1,0.022183042019605637
17,blocks.34.conv2,0.021831708028912544
17,blocks.35.conv1,0.0237751267850399
17,blocks.35.conv2,0.022053493186831474
17,blocks.36.conv1,0.018703650683164597
17,blocks.36.conv2,0.017743274569511414
17,blocks.37.conv1,0.020351413637399673
17,blocks.37.conv2,0.020511357113718987
17,blocks.38.conv1,0.026347583159804344
17,blocks.38.conv2,0.029107248410582542
17,blocks.39.conv1,0.03167930245399475
17,blocks.39.conv2,0.02992660365998745
17,blocks.40.conv1,0.02955412119626999
17,blocks.40.conv2,0.028335802257061005
17,blocks.41.conv1,0.02789858914911747
17,blocks.41.conv2,0.029437318444252014
17,blocks.42.conv1,0.03160642832517624
17,blocks.42.conv2,0.029636962339282036
17,blocks.43.conv1,0.027463726699352264
17,blocks.43.conv2,0.02840421535074711
17,blocks.44.conv1,0.029202355071902275
17,blocks.44.conv2,0.032970014959573746
17,blocks.45.conv1,0.033220186829566956
17,blocks.45.conv2,0.037947576493024826
17,blocks.46.conv1,0.04521550238132477
17,blocks.46.conv2,0.05051937699317932
17,blocks.47.conv1,0.05391578748822212
17,blocks.47.conv2,0.053914375603199005
17,blocks.48.conv1,0.05388551205396652
17,blocks.48.conv2,0.049951158463954926
17,blocks.49.conv1,0.04694381356239319
17,blocks.49.conv2,0.04809630289673805
17,mean_conv2d_grad_norm,0.01978948152863817
18,stem.0,0.0070113749243319035
18,blocks.0.conv1,0.008659004233777523
18,blocks.0.conv2,0.008260860107839108
18,blocks.1.conv1,0.010657004080712795
18,blocks.1.conv2,0.011216467246413231
18,blocks.2.conv1,0.00934563111513853
18,blocks.2.conv2,0.014550602063536644
18,blocks.3.conv1,0.008725392632186413
18,blocks.3.conv2,0.008741740137338638
18,blocks.4.conv1,0.009678824804723263
18,blocks.4.conv2,0.007904388941824436
18,blocks.5.conv1,0.009422977454960346
18,blocks.5.conv2,0.014202778227627277
18,blocks.6.conv1,0.028196260333061218
18,blocks.6.conv2,0.0158813688904047
18,blocks.7.conv1,0.009538408368825912
18,blocks.7.conv2,0.007917745970189571
18,blocks.8.conv1,0.010760800912976265
18,blocks.8.conv2,0.008252736181020737
18,blocks.9.conv1,0.0071689966134727
18,blocks.9.conv2,0.006326650269329548
18,blocks.10.conv1,0.008890783414244652
18,blocks.10.conv2,0.008817479945719242
18,blocks.11.conv1,0.007360678166151047
18,blocks.11.conv2,0.007366234436631203
18,blocks.12.conv1,0.008016729727387428
18,blocks.12.conv2,0.010686597786843777
18,blocks.13.conv1,0.009095787070691586
18,blocks.13.conv2,0.012353213503956795
18,blocks.14.conv1,0.007814250886440277
18,blocks.14.conv2,0.008796995505690575
18,blocks.15.conv1,0.011200482957065105
18,blocks.15.conv2,0.013614384457468987
18,blocks.16.conv1,0.015408404171466827
18,blocks.16.conv2,0.014872925356030464
18,blocks.17.conv1,0.014534274116158485
18,blocks.17.conv2,0.016092095524072647
18,blocks.18.conv1,0.014960227534174919
18,blocks.18.conv2,0.011555242352187634
18,blocks.19.conv1,0.015789858996868134
18,blocks.19.conv2,0.01540718600153923
18,blocks.20.conv1,0.018729371950030327
18,blocks.20.conv2,0.024407874792814255
18,blocks.21.conv1,0.029209963977336884
18,blocks.21.conv2,0.02636042982339859
18,blocks.22.conv1,0.02786293253302574
18,blocks.22.conv2,0.030804214999079704
18,blocks.23.conv1,0.03145595267415047
18,blocks.23.conv2,0.028826527297496796
18,blocks.24.conv1,0.026825806125998497
18,blocks.24.conv2,0.02962944284081459
18,blocks.25.conv1,0.03122877888381481
18,blocks.25.conv2,0.036814428865909576
18,blocks.26.conv1,0.03736666217446327
18,blocks.26.conv2,0.030810702592134476
18,blocks.27.conv1,0.03083173744380474
18,blocks.27.conv2,0.036271706223487854
18,blocks.28.conv1,0.030430860817432404
18,blocks.28.conv2,0.03434354439377785
18,blocks.29.conv1,0.0359974279999733
18,blocks.29.conv2,0.03780984506011009
18,blocks.30.conv1,0.03553308919072151
18,blocks.30.conv2,0.03603209927678108
18,blocks.31.conv1,0.03266377002000809
18,blocks.31.conv2,0.034735195338726044
18,blocks.32.conv1,0.03672894835472107
18,blocks.32.conv2,0.03984649106860161
18,blocks.33.conv1,0.041134968400001526
18,blocks.33.conv2,0.0384911485016346
18,blocks.34.conv1,0.041135501116514206
18,blocks.34.conv2,0.03665764257311821
18,blocks.35.conv1,0.03679652139544487
18,blocks.35.conv2,0.037489864975214005
18,blocks.36.conv1,0.0340290293097496
18,blocks.36.conv2,0.03135444223880768
18,blocks.37.conv1,0.030906395986676216
18,blocks.37.conv2,0.03246927633881569
18,blocks.38.conv1,0.03527611866593361
18,blocks.38.conv2,0.03725367784500122
18,blocks.39.conv1,0.041331857442855835
18,blocks.39.conv2,0.038811516016721725
18,blocks.40.conv1,0.03533172979950905
18,blocks.40.conv2,0.03392837941646576
18,blocks.41.conv1,0.032043732702732086
18,blocks.41.conv2,0.030194321647286415
18,blocks.42.conv1,0.03548374027013779
18,blocks.42.conv2,0.035598672926425934
18,blocks.43.conv1,0.03928773105144501
18,blocks.43.conv2,0.040127336978912354
18,blocks.44.conv1,0.04570605233311653
18,blocks.44.conv2,0.048635080456733704
18,blocks.45.conv1,0.05684274062514305
18,blocks.45.conv2,0.05425518751144409
18,blocks.46.conv1,0.055158231407403946
18,blocks.46.conv2,0.04734675958752632
18,blocks.47.conv1,0.040177714079618454
18,blocks.47.conv2,0.03914951533079147
18,blocks.48.conv1,0.04255929961800575
18,blocks.48.conv2,0.04197462275624275
18,blocks.49.conv1,0.04331951215863228
18,blocks.49.conv2,0.0468907356262207
18,mean_conv2d_grad_norm,0.026175848586429462
19,stem.0,0.04601537063717842
19,blocks.0.conv1,0.03387663885951042
19,blocks.0.conv2,0.04250553250312805
19,blocks.1.conv1,0.035915859043598175
19,blocks.1.conv2,0.03284657001495361
19,blocks.2.conv1,0.03218675032258034
19,blocks.2.conv2,0.056326549500226974
19,blocks.3.conv1,0.028368638828396797
19,blocks.3.conv2,0.02984461933374405
19,blocks.4.conv1,0.018840879201889038
19,blocks.4.conv2,0.012372626923024654
19,blocks.5.conv1,0.009631732478737831
19,blocks.5.conv2,0.012249608524143696
19,blocks.6.conv1,0.01947089657187462
19,blocks.6.conv2,0.0114948321133852
19,blocks.7.conv1,0.008919751271605492
19,blocks.7.conv2,0.008747278712689877
19,blocks.8.conv1,0.011729173362255096
19,blocks.8.conv2,0.011160447262227535
19,blocks.9.conv1,0.010204900987446308
19,blocks.9.conv2,0.00868731178343296
19,blocks.10.conv1,0.011516385711729527
19,blocks.10.conv2,0.012711006216704845
19,blocks.11.conv1,0.014041706919670105
19,blocks.11.conv2,0.011001589708030224
19,blocks.12.conv1,0.020366070792078972
19,blocks.12.conv2,0.022413281723856926
19,blocks.13.conv1,0.015882905572652817
19,blocks.13.conv2,0.015474396757781506
19,blocks.14.conv1,0.010612268932163715
19,blocks.14.conv2,0.012157980352640152
19,blocks.15.conv1,0.019375598058104515
19,blocks.15.conv2,0.035089947283267975
19,blocks.16.conv1,0.034355711191892624
19,blocks.16.conv2,0.02483852207660675
19,blocks.17.conv1,0.017063992097973824
19,blocks.17.conv2,0.015354080125689507
19,blocks.18.conv1,0.016040360555052757
19,blocks.18.conv2,0.014680158346891403
19,blocks.19.conv1,0.01516520231962204
19,blocks.19.conv2,0.01412105467170477
19,blocks.20.conv1,0.01210017316043377
19,blocks.20.conv2,0.01573675498366356
19,blocks.21.conv1,0.0156569667160511
19,blocks.21.conv2,0.017943385988473892
19,blocks.22.conv1,0.019026074558496475
19,blocks.22.conv2,0.01819142885506153
19,blocks.23.conv1,0.015834325924515724
19,blocks.23.conv2,0.014968037605285645
19,blocks.24.conv1,0.017379557713866234
19,blocks.24.conv2,0.01927933655679226
19,blocks.25.conv1,0.020733676850795746
19,blocks.25.conv2,0.026333365589380264
19,blocks.26.conv1,0.028936345130205154
19,blocks.26.conv2,0.022118816152215004
19,blocks.27.conv1,0.02003425732254982
19,blocks.27.conv2,0.024133268743753433
19,blocks.28.conv1,0.023292670026421547
19,blocks.28.conv2,0.024990156292915344
19,blocks.29.conv1,0.02593838796019554
19,blocks.29.conv2,0.02760002575814724
19,blocks.30.conv1,0.02843121625483036
19,blocks.30.conv2,0.02950168214738369
19,blocks.31.conv1,0.03057880699634552
19,blocks.31.conv2,0.03264806792140007
19,blocks.32.conv1,0.036288123577833176
19,blocks.32.conv2,0.03808198496699333
19,blocks.33.conv1,0.03338892385363579
19,blocks.33.conv2,0.03293943405151367
19,blocks.34.conv1,0.03301210328936577
19,blocks.34.conv2,0.037954527884721756
19,blocks.35.conv1,0.037518616765737534
19,blocks.35.conv2,0.03769927844405174
19,blocks.36.conv1,0.03457926586270332
19,blocks.36.conv2,0.03202385827898979
19,blocks.37.conv1,0.03170574828982353
19,blocks.37.conv2,0.02954995073378086
19,blocks.38.conv1,0.02408435381948948
19,blocks.38.conv2,0.02514546550810337
19,blocks.39.conv1,0.025698723271489143
19,blocks.39.conv2,0.023602649569511414
19,blocks.40.conv1,0.02231668308377266
19,blocks.40.conv2,0.02180984616279602
19,blocks.41.conv1,0.02153650112450123
19,blocks.41.conv2,0.02430582046508789
19,blocks.42.conv1,0.02390236034989357
19,blocks.42.conv2,0.023620329797267914
19,blocks.43.conv1,0.025489337742328644
19,blocks.43.conv2,0.028622861951589584
19,blocks.44.conv1,0.029988007619976997
19,blocks.44.conv2,0.029621446505188942
19,blocks.45.conv1,0.02980271726846695
19,blocks.45.conv2,0.03241770714521408
19,blocks.46.conv1,0.03193192556500435
19,blocks.46.conv2,0.0338456816971302
19,blocks.47.conv1,0.032915275543928146
19,blocks.47.conv2,0.035475458949804306
19,blocks.48.conv1,0.04167395457625389
19,blocks.48.conv2,0.04753326252102852
19,blocks.49.conv1,0.05146098881959915
19,blocks.49.conv2,0.06107918173074722
19,mean_conv2d_grad_norm,0.025026409204422246
20,stem.0,0.02240339294075966
20,blocks.0.conv1,0.025280220434069633
20,blocks.0.conv2,0.04205197095870972
20,blocks.1.conv1,0.027182800695300102
20,blocks.1.conv2,0.021842118352651596
20,blocks.2.conv1,0.01999417319893837
20,blocks.2.conv2,0.021242942661046982
20,blocks.3.conv1,0.014046507887542248
20,blocks.3.conv2,0.017334524542093277
20,blocks.4.conv1,0.01948879286646843
20,blocks.4.conv2,0.016572734341025352
20,blocks.5.conv1,0.017179301008582115
20,blocks.5.conv2,0.030775079503655434
20,blocks.6.conv1,0.035351432859897614
20,blocks.6.conv2,0.022531230002641678
20,blocks.7.conv1,0.013303159736096859
20,blocks.7.conv2,0.009355246089398861
20,blocks.8.conv1,0.016284383833408356
20,blocks.8.conv2,0.015612988732755184
20,blocks.9.conv1,0.016416823491454124
20,blocks.9.conv2,0.01641012169420719
20,blocks.10.conv1,0.040636662393808365
20,blocks.10.conv2,0.06898301094770432
20,blocks.11.conv1,0.07545258849859238
20,blocks.11.conv2,0.036123160272836685
20,blocks.12.conv1,0.020641937851905823
20,blocks.12.conv2,0.020969616249203682
20,blocks.13.conv1,0.02337322197854519
20,blocks.13.conv2,0.036632221192121506
20,blocks.14.conv1,0.042709410190582275
20,blocks.14.conv2,0.02607773058116436
20,blocks.15.conv1,0.02152656950056553
20,blocks.15.conv2,0.031971488147974014
20,blocks.16.conv1,0.034592024981975555
20,blocks.16.conv2,0.027986034750938416
20,blocks.17.conv1,0.031015437096357346
20,blocks.17.conv2,0.03784725069999695
20,blocks.18.conv1,0.04342997446656227
20,blocks.18.conv2,0.03195415437221527
20,blocks.19.conv1,0.02988010086119175
20,blocks.19.conv2,0.026179244741797447
20,blocks.20.conv1,0.02812543697655201
20,blocks.20.conv2,0.035740725696086884
20,blocks.21.conv1,0.034068282693624496
20,blocks.21.conv2,0.03495878726243973
20,blocks.22.conv1,0.03790770471096039
20,blocks.22.conv2,0.03209861367940903
20,blocks.23.conv1,0.02742544747889042
20,blocks.23.conv2,0.02458653599023819
20,blocks.24.conv1,0.022625315934419632
20,blocks.24.conv2,0.022084353491663933
20,blocks.25.conv1,0.02158801071345806
20,blocks.25.conv2,0.02384062297642231
20,blocks.26.conv1,0.024568624794483185
20,blocks.26.conv2,0.01982431858778
20,blocks.27.conv1,0.020609790459275246
20,blocks.27.conv2,0.02476675808429718
20,blocks.28.conv1,0.03646373003721237
20,blocks.28.conv2,0.03727758675813675
20,blocks.29.conv1,0.03420328348875046
20,blocks.29.conv2,0.03450074791908264
20,blocks.30.conv1,0.033971816301345825
20,blocks.30.conv2,0.0377272330224514
20,blocks.31.conv1,0.036965180188417435
20,blocks.31.conv2,0.033482011407613754
20,blocks.32.conv1,0.030158624053001404
20,blocks.32.conv2,0.030645016580820084
20,blocks.33.conv1,0.030461909249424934
20,blocks.33.conv2,0.03117448091506958
20,blocks.34.conv1,0.03372502699494362
20,blocks.34.conv2,0.03346795588731766
20,blocks.35.conv1,0.03536685183644295
20,blocks.35.conv2,0.03843773901462555
20,blocks.36.conv1,0.045114368200302124
20,blocks.36.conv2,0.04355404153466225
20,blocks.37.conv1,0.04347844794392586
20,blocks.37.conv2,0.04132012277841568
20,blocks.38.conv1,0.047891825437545776
20,blocks.38.conv2,0.05522553250193596
20,blocks.39.conv1,0.06435506045818329
20,blocks.39.conv2,0.05687692388892174
20,blocks.40.conv1,0.043660297989845276
20,blocks.40.conv2,0.04178239032626152
20,blocks.41.conv1,0.03550448641180992
20,blocks.41.conv2,0.035724665969610214
20,blocks.42.conv1,0.03549889475107193
20,blocks.42.conv2,0.03638880327343941
20,blocks.43.conv1,0.03863844648003578
20,blocks.43.conv2,0.04151460900902748
20,blocks.44.conv1,0.04472505301237106
20,blocks.44.conv2,0.04332791268825531
20,blocks.45.conv1,0.042139682918787
20,blocks.45.conv2,0.04179556295275688
20,blocks.46.conv1,0.04306167736649513
20,blocks.46.conv2,0.0489395409822464
20,blocks.47.conv1,0.04881932586431503
20,blocks.47.conv2,0.053451862186193466
20,blocks.48.conv1,0.059611137956380844
20,blocks.48.conv2,0.054623283445835114
20,blocks.49.conv1,0.05356595292687416
20,blocks.49.conv2,0.05767315626144409
20,mean_conv2d_grad_norm,0.03395795420107275
21,stem.0,0.22413837909698486
21,blocks.0.conv1,0.08706992864608765
21,blocks.0.conv2,0.04759715124964714
21,blocks.1.conv1,0.02027149498462677
21,blocks.1.conv2,0.009772300720214844
21,blocks.2.conv1,0.009827925823628902
21,blocks.2.conv2,0.011038795113563538
21,blocks.3.conv1,0.015676110982894897
21,blocks.3.conv2,0.017217857763171196
21,blocks.4.conv1,0.016616029664874077
21,blocks.4.conv2,0.011151215992867947
21,blocks.5.conv1,0.011488768272101879
21,blocks.5.conv2,0.013630717992782593
21,blocks.6.conv1,0.014294750057160854
21,blocks.6.conv2,0.008044726215302944
21,blocks.7.conv1,0.00527766952291131
21,blocks.7.conv2,0.004195137415081263
21,blocks.8.conv1,0.007583353668451309
21,blocks.8.conv2,0.007959678769111633
21,blocks.9.conv1,0.00440299091860652
21,blocks.9.conv2,0.0037002679891884327
21,blocks.10.conv1,0.00305945985019207
21,blocks.10.conv2,0.002964387647807598
21,blocks.11.conv1,0.0031325723975896835
21,blocks.11.conv2,0.003015839494764805
21,blocks.12.conv1,0.004480867646634579
21,blocks.12.conv2,0.0054244669154286385
21,blocks.13.conv1,0.004338608123362064
21,blocks.13.conv2,0.007263099774718285
21,blocks.14.conv1,0.006431295536458492
21,blocks.14.conv2,0.0062668295577168465
21,blocks.15.conv1,0.006484593264758587
21,blocks.15.conv2,0.005007064901292324
21,blocks.16.conv1,0.007258367259055376
21,blocks.16.conv2,0.008106979541480541
21,blocks.17.conv1,0.0067169200628995895
21,blocks.17.conv2,0.007540085352957249
21,blocks.18.conv1,0.00863935612142086
21,blocks.18.conv2,0.008639094419777393
21,blocks.19.conv1,0.007387505378574133
21,blocks.19.conv2,0.00877656601369381
21,blocks.20.conv1,0.00886550173163414
21,blocks.20.conv2,0.00970198679715395
21,blocks.21.conv1,0.011308339424431324
21,blocks.21.conv2,0.010037558153271675
21,blocks.22.conv1,0.014716694131493568
21,blocks.22.conv2,0.016842978075146675
21,blocks.23.conv1,0.017742574214935303
21,blocks.23.conv2,0.013569880276918411
21,blocks.24.conv1,0.013466165401041508
21,blocks.24.conv2,0.015259400941431522
21,blocks.25.conv1,0.011462572030723095
21,blocks.25.conv2,0.010660851374268532
21,blocks.26.conv1,0.011568962596356869
21,blocks.26.conv2,0.01129125151783228
21,blocks.27.conv1,0.0105446707457304
21,blocks.27.conv2,0.01051201019436121
21,blocks.28.conv1,0.010918162763118744
21,blocks.28.conv2,0.012086931616067886
21,blocks.29.conv1,0.012449181638658047
21,blocks.29.conv2,0.01279928907752037
21,blocks.30.conv1,0.016389647498726845
21,blocks.30.conv2,0.021238556131720543
21,blocks.31.conv1,0.02614428475499153
21,blocks.31.conv2,0.033268239349126816
21,blocks.32.conv1,0.03550340235233307
21,blocks.32.conv2,0.03408419340848923
21,blocks.33.conv1,0.03552926331758499
21,blocks.33.conv2,0.03654110059142113
21,blocks.34.conv1,0.03827353194355965
21,blocks.34.conv2,0.03279761224985123
21,blocks.35.conv1,0.02874266915023327
21,blocks.35.conv2,0.03179368004202843
21,blocks.36.conv1,0.03604850545525551
21,blocks.36.conv2,0.03538668155670166
21,blocks.37.conv1,0.037604764103889465
21,blocks.37.conv2,0.03809443116188049
21,blocks.38.conv1,0.03505958244204521
21,blocks.38.conv2,0.033239733427762985
21,blocks.39.conv1,0.0281060803681612
21,blocks.39.conv2,0.02665586769580841
21,blocks.40.conv1,0.022677188739180565
21,blocks.40.conv2,0.02269859053194523
21,blocks.41.conv1,0.024103498086333275
21,blocks.41.conv2,0.025680335238575935
21,blocks.42.conv1,0.02626623399555683
21,blocks.42.conv2,0.024980958551168442
21,blocks.43.conv1,0.02731061540544033
21,blocks.43.conv2,0.029455536976456642
21,blocks.44.conv1,0.029453154653310776
21,blocks.44.conv2,0.03244779258966446
21,blocks.45.conv1,0.030904322862625122
21,blocks.45.conv2,0.030946914106607437
21,blocks.46.conv1,0.033315509557724
21,blocks.46.conv2,0.032080695033073425
21,blocks.47.conv1,0.02887636423110962
21,blocks.47.conv2,0.03207968920469284
21,blocks.48.conv1,0.03927000239491463
21,blocks.48.conv2,0.047093383967876434
21,blocks.49.conv1,0.04180042818188667
21,blocks.49.conv2,0.048267338424921036
21,mean_conv2d_grad_norm,0.02166242131244133
22,stem.0,0.006869467440992594
22,blocks.0.conv1,0.010064595378935337
22,blocks.0.conv2,0.01624014973640442
22,blocks.1.conv1,0.03480629250407219
22,blocks.1.conv2,0.053677938878536224
22,blocks.2.conv1,0.053793881088495255
22,blocks.2.conv2,0.1655128300189972
22,blocks.3.conv1,0.02462628483772278
22,blocks.3.conv2,0.05353409796953201
22,blocks.4.conv1,0.04433177039027214
22,blocks.4.conv2,0.032114963978528976
22,blocks.5.conv1,0.021335989236831665
22,blocks.5.conv2,0.019220786169171333
22,blocks.6.conv1,0.010149585083127022
22,blocks.6.conv2,0.010642791166901588
22,blocks.7.conv1,0.011067671701312065
22,blocks.7.conv2,0.009775067679584026
22,blocks.8.conv1,0.010412606410682201
22,blocks.8.conv2,0.007803018670529127
22,blocks.9.conv1,0.008777384646236897
22,blocks.9.conv2,0.010127152316272259
22,blocks.10.conv1,0.01525125466287136
22,blocks.10.conv2,0.024811547249555588
22,blocks.11.conv1,0.02232103981077671
22,blocks.11.conv2,0.026221293956041336
22,blocks.12.conv1,0.03062402829527855
22,blocks.12.conv2,0.029037585482001305
22,blocks.13.conv1,0.02646913379430771
22,blocks.13.conv2,0.037392374128103256
22,blocks.14.conv1,0.03030579164624214
22,blocks.14.conv2,0.025844264775514603
22,blocks.15.conv1,0.023184824734926224
22,blocks.15.conv2,0.02873043157160282
22,blocks.16.conv1,0.04227391630411148
22,blocks.16.conv2,0.0356513075530529
22,blocks.17.conv1,0.02952863834798336
22,blocks.17.conv2,0.0327053964138031
22,blocks.18.conv1,0.03110063076019287
22,blocks.18.conv2,0.025928743183612823
22,blocks.19.conv1,0.02820131927728653
22,blocks.19.conv2,0.028983639553189278
22,blocks.20.conv1,0.029161274433135986
22,blocks.20.conv2,0.03455299139022827
22,blocks.21.conv1,0.03724035248160362
22,blocks.21.conv2,0.03375549241900444
22,blocks.22.conv1,0.03207777068018913
22,blocks.22.conv2,0.03791015222668648
22,blocks.23.conv1,0.036270417273044586
22,blocks.23.conv2,0.035699013620615005
22,blocks.24.conv1,0.03903796151280403
22,blocks.24.conv2,0.04289039224386215
22,blocks.25.conv1,0.0373016782104969
22,blocks.25.conv2,0.04179483652114868
22,blocks.26.conv1,0.04146138206124306
22,blocks.26.conv2,0.03597302734851837
22,blocks.27.conv1,0.03705063462257385
22,blocks.27.conv2,0.0363321453332901
22,blocks.28.conv1,0.044076886028051376
22,blocks.28.conv2,0.0633557140827179
22,blocks.29.conv1,0.039186593145132065
22,blocks.29.conv2,0.026308437809348106
22,blocks.30.conv1,0.026307502761483192
22,blocks.30.conv2,0.029856080189347267
22,blocks.31.conv1,0.03315727040171623
22,blocks.31.conv2,0.03965672478079796
22,blocks.32.conv1,0.03500775992870331
22,blocks.32.conv2,0.033394332975149155
22,blocks.33.conv1,0.030112938955426216
22,blocks.33.conv2,0.030138680711388588
22,blocks.34.conv1,0.035077210515737534
22,blocks.34.conv2,0.033465586602687836
22,blocks.35.conv1,0.034587614238262177
22,blocks.35.conv2,0.034965962171554565
22,blocks.36.conv1,0.03362639248371124
22,blocks.36.conv2,0.02929358184337616
22,blocks.37.conv1,0.0304369255900383
22,blocks.37.conv2,0.031629499047994614
22,blocks.38.conv1,0.03501580283045769
22,blocks.38.conv2,0.033737439662218094
22,blocks.39.conv1,0.03751532733440399
22,blocks.39.conv2,0.04119384288787842
22,blocks.40.conv1,0.03554587811231613
22,blocks.40.conv2,0.033569369465112686
22,blocks.41.conv1,0.03174364194273949
22,blocks.41.conv2,0.02644876018166542
22,blocks.42.conv1,0.02306758612394333
22,blocks.42.conv2,0.02370832860469818
22,blocks.43.conv1,0.02545337751507759
22,blocks.43.conv2,0.029152080416679382
22,blocks.44.conv1,0.031529493629932404
22,blocks.44.conv2,0.030667167156934738
22,blocks.45.conv1,0.03020648844540119
22,blocks.45.conv2,0.030583783984184265
22,blocks.46.conv1,0.03502146527171135
22,blocks.46.conv2,0.04026263207197189
22,blocks.47.conv1,0.04458513855934143
22,blocks.47.conv2,0.054212138056755066
22,blocks.48.conv1,0.06180786341428757
22,blocks.48.conv2,0.05735388770699501
22,blocks.49.conv1,0.060757555067539215
22,blocks.49.conv2,0.06959070265293121
22,mean_conv2d_grad_norm,0.03360725202514689
23,stem.0,0.0067827035672962666
23,blocks.0.conv1,0.006593299563974142
23,blocks.0.conv2,0.004319540224969387
23,blocks.1.conv1,0.004190308507531881
23,blocks.1.conv2,0.007355353329330683
23,blocks.2.conv1,0.009260016493499279
23,blocks.2.conv2,0.023263968527317047
23,blocks.3.conv1,0.015357487834990025
23,blocks.3.conv2,0.009586969390511513
23,blocks.4.conv1,0.009463056921958923
23,blocks.4.conv2,0.007358857896178961
23,blocks.5.conv1,0.015019684098660946
23,blocks.5.conv2,0.017176354303956032
23,blocks.6.conv1,0.010025165975093842
23,blocks.6.conv2,0.01436531264334917
23,blocks.7.conv1,0.010470166802406311
23,blocks.7.conv2,0.01006561890244484
23,blocks.8.conv1,0.011527275666594505
23,blocks.8.conv2,0.014134763740003109
23,blocks.9.conv1,0.010651273652911186
23,blocks.9.conv2,0.008127536624670029
23,blocks.10.conv1,0.010755013674497604
23,blocks.10.conv2,0.018362265080213547
23,blocks.11.conv1,0.03450894355773926
23,blocks.11.conv2,0.023715326562523842
23,blocks.12.conv1,0.01644209958612919
23,blocks.12.conv2,0.013383980840444565
23,blocks.13.conv1,0.009066794067621231
23,blocks.13.conv2,0.008539874106645584
23,blocks.14.conv1,0.008249124512076378
23,blocks.14.conv2,0.008852188475430012
23,blocks.15.conv1,0.011868881061673164
23,blocks.15.conv2,0.009706099517643452
23,blocks.16.conv1,0.011626353487372398
23,blocks.16.conv2,0.013834226876497269
23,blocks.17.conv1,0.011672510765492916
23,blocks.17.conv2,0.014403291046619415
23,blocks.18.conv1,0.012607228010892868
23,blocks.18.conv2,0.012918646447360516
23,blocks.19.conv1,0.01659112423658371
23,blocks.19.conv2,0.019341370090842247
23,blocks.20.conv1,0.021118294447660446
23,blocks.20.conv2,0.02300393022596836
23,blocks.21.conv1,0.02354109100997448
23,blocks.21.conv2,0.023079058155417442
23,blocks.22.conv1,0.03157702833414078
23,blocks.22.conv2,0.027218099683523178
23,blocks.23.conv1,0.025570841506123543
23,blocks.23.conv2,0.0262160487473011
23,blocks.24.conv1,0.02481648698449135
23,blocks.24.conv2,0.02925504557788372
23,blocks.25.conv1,0.02830401621758938
23,blocks.25.conv2,0.03515535593032837
23,blocks.26.conv1,0.03926503285765648
23,blocks.26.conv2,0.037154629826545715
23,blocks.27.conv1,0.0379805751144886
23,blocks.27.conv2,0.03180645406246185
23,blocks.28.conv1,0.03333320468664169
23,blocks.28.conv2,0.05280004441738129
23,blocks.29.conv1,0.04478658735752106
23,blocks.29.conv2,0.04267578572034836
23,blocks.30.conv1,0.03983154892921448
23,blocks.30.conv2,0.04123259335756302
23,blocks.31.conv1,0.044986527413129807
23,blocks.31.conv2,0.04507256671786308
23,blocks.32.conv1,0.04514660686254501
23,blocks.32.conv2,0.04478795453906059
23,blocks.33.conv1,0.0529290996491909
23,blocks.33.conv2,0.045256055891513824
23,blocks.34.conv1,0.051365867257118225
23,blocks.34.conv2,0.05972091108560562
23,blocks.35.conv1,0.060199592262506485
23,blocks.35.conv2,0.06359225511550903
23,blocks.36.conv1,0.06325984746217728
23,blocks.36.conv2,0.05812986567616463
23,blocks.37.conv1,0.06174664944410324
23,blocks.37.conv2,0.07255709916353226
23,blocks.38.conv1,0.06265564262866974
23,blocks.38.conv2,0.0498175173997879
23,blocks.39.conv1,0.03836926445364952
23,blocks.39.conv2,0.03298712521791458
23,blocks.40.conv1,0.03359275683760643
23,blocks.40.conv2,0.03835415095090866
23,blocks.41.conv1,0.03961988538503647
23,blocks.41.conv2,0.0336901918053627
23,blocks.42.conv1,0.03338334709405899
23,blocks.42.conv2,0.03204026445746422
23,blocks.43.conv1,0.03402337431907654
23,blocks.43.conv2,0.03467422351241112
23,blocks.44.conv1,0.04331041872501373
23,blocks.44.conv2,0.044474516063928604
23,blocks.45.conv1,0.043176162987947464
23,blocks.45.conv2,0.0407584011554718
23,blocks.46.conv1,0.03753962740302086
23,blocks.46.conv2,0.040449194610118866
23,blocks.47.conv1,0.03864898905158043
23,blocks.47.conv2,0.04177563637495041
23,blocks.48.conv1,0.04187295213341713
23,blocks.48.conv2,0.04152960330247879
23,blocks.49.conv1,0.043537307530641556
23,blocks.49.conv2,0.06378709524869919
23,mean_conv2d_grad_norm,0.029545350069419878
24,stem.0,0.006240687798708677
24,blocks.0.conv1,0.02149057760834694
24,blocks.0.conv2,0.06620806455612183
24,blocks.1.conv1,0.0409584678709507
24,blocks.1.conv2,0.03379279375076294
24,blocks.2.conv1,0.021262409165501595
24,blocks.2.conv2,0.019813859835267067
24,blocks.3.conv1,0.008991981856524944
24,blocks.3.conv2,0.008753957226872444
24,blocks.4.conv1,0.004901777487248182
24,blocks.4.conv2,0.005991347134113312
24,blocks.5.conv1,0.007306230720132589
24,blocks.5.conv2,0.007357781287282705
24,blocks.6.conv1,0.006548551842570305
24,blocks.6.conv2,0.00733419694006443
24,blocks.7.conv1,0.005993234924972057
24,blocks.7.conv2,0.004887968301773071
24,blocks.8.conv1,0.006339930463582277
24,blocks.8.conv2,0.006438409443944693
24,blocks.9.conv1,0.007371316198259592
24,blocks.9.conv2,0.012776225805282593
24,blocks.10.conv1,0.011988118290901184
24,blocks.10.conv2,0.010674070566892624
24,blocks.11.conv1,0.010185451246798038
24,blocks.11.conv2,0.009453150443732738
24,blocks.12.conv1,0.0038845480885356665
24,blocks.12.conv2,0.002383001847192645
24,blocks.13.conv1,0.003177717560902238
24,blocks.13.conv2,0.003053417894989252
24,blocks.14.conv1,0.002793137449771166
24,blocks.14.conv2,0.0027576866559684277
24,blocks.15.conv1,0.0029499640222638845
24,blocks.15.conv2,0.004630842711776495
24,blocks.16.conv1,0.011927712708711624
24,blocks.16.conv2,0.008039236068725586
24,blocks.17.conv1,0.012631263583898544
24,blocks.17.conv2,0.015757529065012932
24,blocks.18.conv1,0.01971556432545185
24,blocks.18.conv2,0.02109922468662262
24,blocks.19.conv1,0.01687922328710556
24,blocks.19.conv2,0.01809661276638508
24,blocks.20.conv1,0.01985149458050728
24,blocks.20.conv2,0.022381411865353584
24,blocks.21.conv1,0.03339530527591705
24,blocks.21.conv2,0.04092765226960182
24,blocks.22.conv1,0.0822308287024498
24,blocks.22.conv2,0.0840667337179184
24,blocks.23.conv1,0.10195446759462357
24,blocks.23.conv2,0.09369949996471405
24,blocks.24.conv1,0.08562128245830536
24,blocks.24.conv2,0.1115872710943222
24,blocks.25.conv1,0.08350984752178192
24,blocks.25.conv2,0.08217213302850723
24,blocks.26.conv1,0.07359963655471802
24,blocks.26.conv2,0.053213104605674744
24,blocks.27.conv1,0.04789603501558304
24,blocks.27.conv2,0.048902422189712524
24,blocks.28.conv1,0.04156239330768585
24,blocks.28.conv2,0.039385467767715454
24,blocks.29.conv1,0.03156966716051102
24,blocks.29.conv2,0.030400559306144714
24,blocks.30.conv1,0.02640003152191639
24,blocks.30.conv2,0.029333515092730522
24,blocks.31.conv1,0.032981082797050476
24,blocks.31.conv2,0.03508520871400833
24,blocks.32.conv1,0.029247768223285675
24,blocks.32.conv2,0.030359884724020958
24,blocks.33.conv1,0.033867768943309784
24,blocks.33.conv2,0.038017842918634415
24,blocks.34.conv1,0.045724108815193176
24,blocks.34.conv2,0.04561496153473854
24,blocks.35.conv1,0.04495127126574516
24,blocks.35.conv2,0.04948608949780464
24,blocks.36.conv1,0.0525280199944973
24,blocks.36.conv2,0.05394915118813515
24,blocks.37.conv1,0.05111588537693024
24,blocks.37.conv2,0.04483460262417793
24,blocks.38.conv1,0.03762843832373619
24,blocks.38.conv2,0.03449741378426552
24,blocks.39.conv1,0.03270818665623665
24,blocks.39.conv2,0.029814334586262703
24,blocks.40.conv1,0.029049277305603027
24,blocks.40.conv2,0.026561612263321877
24,blocks.41.conv1,0.025490691885352135
24,blocks.41.conv2,0.0213481392711401
24,blocks.42.conv1,0.016295544803142548
24,blocks.42.conv2,0.01518965233117342
24,blocks.43.conv1,0.014965087175369263
24,blocks.43.conv2,0.015729332342743874
24,blocks.44.conv1,0.01861526072025299
24,blocks.44.conv2,0.022029519081115723
24,blocks.45.conv1,0.024478334933519363
24,blocks.45.conv2,0.02692113257944584
24,blocks.46.conv1,0.036016855388879776
24,blocks.46.conv2,0.038632772862911224
24,blocks.47.conv1,0.03684858977794647
24,blocks.47.conv2,0.03669455647468567
24,blocks.48.conv1,0.04711312800645828
24,blocks.48.conv2,0.04723615199327469
24,blocks.49.conv1,0.0522107295691967
24,blocks.49.conv2,0.07299560308456421
24,mean_conv2d_grad_norm,0.03082506926638065
25,stem.0,0.010684918612241745
25,blocks.0.conv1,0.00942325685173273
25,blocks.0.conv2,0.009139603935182095
25,blocks.1.conv1,0.0214934591203928
25,blocks.1.conv2,0.030745219439268112
25,blocks.2.conv1,0.030795641243457794
25,blocks.2.conv2,0.020060714334249496
25,blocks.3.conv1,0.01224478054791689
25,blocks.3.conv2,0.013173756189644337
25,blocks.4.conv1,0.006744864862412214
25,blocks.4.conv2,0.007247976027429104
25,blocks.5.conv1,0.013001355342566967
25,blocks.5.conv2,0.013761422596871853
25,blocks.6.conv1,0.02302658185362816
25,blocks.6.conv2,0.009800928644835949
25,blocks.7.conv1,0.007057194132357836
25,blocks.7.conv2,0.005036984570324421
25,blocks.8.conv1,0.0060049607418477535
25,blocks.8.conv2,0.0075219664722681046
25,blocks.9.conv1,0.006501741707324982
25,blocks.9.conv2,0.021979685872793198
25,blocks.10.conv1,0.015307300724089146
25,blocks.10.conv2,0.01602531224489212
25,blocks.11.conv1,0.01685749553143978
25,blocks.11.conv2,0.013208354823291302
25,blocks.12.conv1,0.01079653762280941
25,blocks.12.conv2,0.0042792134918272495
25,blocks.13.conv1,0.008567043580114841
25,blocks.13.conv2,0.00836117472499609
25,blocks.14.conv1,0.007345317397266626
25,blocks.14.conv2,0.0066619631834328175
25,blocks.15.conv1,0.008800853043794632
25,blocks.15.conv2,0.007682695984840393
25,blocks.16.conv1,0.00743074668571353
25,blocks.16.conv2,0.008477401919662952
25,blocks.17.conv1,0.011817753314971924
25,blocks.17.conv2,0.012301127426326275
25,blocks.18.conv1,0.013350780121982098
25,blocks.18.conv2,0.014889874495565891
25,blocks.19.conv1,0.014739766716957092
25,blocks.19.conv2,0.01896544173359871
25,blocks.20.conv1,0.01996466889977455
25,blocks.20.conv2,0.023974496871232986
25,blocks.21.conv1,0.03113045170903206
25,blocks.21.conv2,0.023549359291791916
25,blocks.22.conv1,0.03200092166662216
25,blocks.22.conv2,0.02969229221343994
25,blocks.23.conv1,0.024781296029686928
25,blocks.23.conv2,0.0251484215259552
25,blocks.24.conv1,0.027722828090190887
25,blocks.24.conv2,0.023646097630262375
25,blocks.25.conv1,0.02953443117439747
25,blocks.25.conv2,0.02206495963037014
25,blocks.26.conv1,0.02217268757522106
25,blocks.26.conv2,0.020701861009001732
25,blocks.27.conv1,0.015756968408823013
25,blocks.27.conv2,0.014676174148917198
25,blocks.28.conv1,0.013315916061401367
25,blocks.28.conv2,0.014865808188915253
25,blocks.29.conv1,0.014091640710830688
25,blocks.29.conv2,0.0146357212215662
25,blocks.30.conv1,0.014367597177624702
25,blocks.30.conv2,0.016500361263751984
25,blocks.31.conv1,0.018536416813731194
25,blocks.31.conv2,0.01965819112956524
25,blocks.32.conv1,0.022486817091703415
25,blocks.32.conv2,0.023805029690265656
25,blocks.33.conv1,0.022448355332016945
25,blocks.33.conv2,0.01936902105808258
25,blocks.34.conv1,0.020790651440620422
25,blocks.34.conv2,0.022217804566025734
25,blocks.35.conv1,0.02410014159977436
25,blocks.35.conv2,0.021984221413731575
25,blocks.36.conv1,0.019637709483504295
25,blocks.36.conv2,0.020017948001623154
25,blocks.37.conv1,0.01978287659585476
25,blocks.37.conv2,0.01869499869644642
25,blocks.38.conv1,0.02138219214975834
25,blocks.38.conv2,0.023431967943906784
25,blocks.39.conv1,0.026976782828569412
25,blocks.39.conv2,0.023739945143461227
25,blocks.40.conv1,0.024281224235892296
25,blocks.40.conv2,0.021631676703691483
25,blocks.41.conv1,0.019801080226898193
25,blocks.41.conv2,0.01763223297894001
25,blocks.42.conv1,0.01776215247809887
25,blocks.42.conv2,0.01808895170688629
25,blocks.43.conv1,0.019734660163521767
25,blocks.43.conv2,0.020518507808446884
25,blocks.44.conv1,0.02312636934220791
25,blocks.44.conv2,0.025987161323428154
25,blocks.45.conv1,0.033174220472574234
25,blocks.45.conv2,0.038969915360212326
25,blocks.46.conv1,0.05270224064588547
25,blocks.46.conv2,0.056073375046253204
25,blocks.47.conv1,0.0592748261988163
25,blocks.47.conv2,0.057572752237319946
25,blocks.48.conv1,0.059457819908857346
25,blocks.48.conv2,0.060609523206949234
25,blocks.49.conv1,0.05449088290333748
25,blocks.49.conv2,0.05173728987574577
25,mean_conv2d_grad_norm,0.020864317447205287
26,stem.0,0.09360048174858093
26,blocks.0.conv1,0.08632493019104004
26,blocks.0.conv2,0.12939323484897614
26,blocks.1.conv1,0.15443308651447296
26,blocks.1.conv2,0.18318216502666473
26,blocks.2.conv1,0.2107154130935669
26,blocks.2.conv2,0.14412300288677216
26,blocks.3.conv1,0.0990225300192833
26,blocks.3.conv2,0.11130387336015701
26,blocks.4.conv1,0.09566786885261536
26,blocks.4.conv2,0.08133990317583084
26,blocks.5.conv1,0.06342516094446182
26,blocks.5.conv2,0.05533295497298241
26,blocks.6.conv1,0.08404805511236191
26,blocks.6.conv2,0.05792136862874031
26,blocks.7.conv1,0.03697800636291504
26,blocks.7.conv2,0.024051174521446228
26,blocks.8.conv1,0.039009928703308105
26,blocks.8.conv2,0.04259970784187317
26,blocks.9.conv1,0.04850337281823158
26,blocks.9.conv2,0.09788473695516586
26,blocks.10.conv1,0.07448934018611908
26,blocks.10.conv2,0.06709688901901245
26,blocks.11.conv1,0.059004899114370346
26,blocks.11.conv2,0.04197157546877861
26,blocks.12.conv1,0.031030312180519104
26,blocks.12.conv2,0.012720394879579544
26,blocks.13.conv1,0.01707472838461399
26,blocks.13.conv2,0.014228220097720623
26,blocks.14.conv1,0.011686998419463634
26,blocks.14.conv2,0.010282755829393864
26,blocks.15.conv1,0.010081727057695389
26,blocks.15.conv2,0.013574900105595589
26,blocks.16.conv1,0.018614910542964935
26,blocks.16.conv2,0.022568030282855034
26,blocks.17.conv1,0.0239265114068985
26,blocks.17.conv2,0.03184545412659645
26,blocks.18.conv1,0.03446667268872261
26,blocks.18.conv2,0.04367903247475624
26,blocks.19.conv1,0.04722095653414726
26,blocks.19.conv2,0.05562828481197357
26,blocks.20.conv1,0.08016394078731537
26,blocks.20.conv2,0.13237905502319336
26,blocks.21.conv1,0.12684105336666107
26,blocks.21.conv2,0.07322477549314499
26,blocks.22.conv1,0.0942961573600769
26,blocks.22.conv2,0.09774953126907349
26,blocks.23.conv1,0.12156424671411514
26,blocks.23.conv2,0.11915429681539536
26,blocks.24.conv1,0.1282438039779663
26,blocks.24.conv2,0.1509997546672821
26,blocks.25.conv1,0.1397138088941574
26,blocks.25.conv2,0.1376984715461731
26,blocks.26.conv1,0.106142558157444
26,blocks.26.conv2,0.10648756474256516
26,blocks.27.conv1,0.11592859029769897
26,blocks.27.conv2,0.08614157140254974
26,blocks.28.conv1,0.06333254277706146
26,blocks.28.conv2,0.0546669065952301
26,blocks.29.conv1,0.05864027515053749
26,blocks.29.conv2,0.06780146062374115
26,blocks.30.conv1,0.07595889270305634
26,blocks.30.conv2,0.09016995131969452
26,blocks.31.conv1,0.08881722390651703
26,blocks.31.conv2,0.05717568099498749
26,blocks.32.conv1,0.052762553095817566
26,blocks.32.conv2,0.04931793734431267
26,blocks.33.conv1,0.05038847774267197
26,blocks.33.conv2,0.04670583829283714
26,blocks.34.conv1,0.049497056752443314
26,blocks.34.conv2,0.04541078582406044
26,blocks.35.conv1,0.05272642523050308
26,blocks.35.conv2,0.08318352699279785
26,blocks.36.conv1,0.1255265176296234
26,blocks.36.conv2,0.12679553031921387
26,blocks.37.conv1,0.1668342649936676
26,blocks.37.conv2,0.18970388174057007
26,blocks.38.conv1,0.21034853160381317
26,blocks.38.conv2,0.2866993248462677
26,blocks.39.conv1,0.319894015789032
26,blocks.39.conv2,0.3082262873649597
26,blocks.40.conv1,0.3192804455757141
26,blocks.40.conv2,0.283669114112854
26,blocks.41.conv1,0.18420541286468506
26,blocks.41.conv2,0.10067947208881378
26,blocks.42.conv1,0.07064039260149002
26,blocks.42.conv2,0.06851747632026672
26,blocks.43.conv1,0.08264307677745819
26,blocks.43.conv2,0.06995031982660294
26,blocks.44.conv1,0.07626421004533768
26,blocks.44.conv2,0.05509243533015251
26,blocks.45.conv1,0.0392046794295311
26,blocks.45.conv2,0.03377552703022957
26,blocks.46.conv1,0.02847583405673504
26,blocks.46.conv2,0.031100956723093987
26,blocks.47.conv1,0.03599323332309723
26,blocks.47.conv2,0.03601298853754997
26,blocks.48.conv1,0.03922992944717407
26,blocks.48.conv2,0.04612730070948601
26,blocks.49.conv1,0.05042207986116409
26,blocks.49.conv2,0.06850150227546692
26,mean_conv2d_grad_norm,0.08749656442847878
27,stem.0,0.27219897508621216
27,blocks.0.conv1,0.2090669423341751
27,blocks.0.conv2,0.2444457709789276
27,blocks.1.conv1,0.12543223798274994
27,blocks.1.conv2,0.15113866329193115
27,blocks.2.conv1,0.16026659309864044
27,blocks.2.conv2,0.10187992453575134
27,blocks.3.conv1,0.06274387985467911
27,blocks.3.conv2,0.05604524910449982
27,blocks.4.conv1,0.027356356382369995
27,blocks.4.conv2,0.04321183264255524
27,blocks.5.conv1,0.049002986401319504
27,blocks.5.conv2,0.03435750678181648
27,blocks.6.conv1,0.03528594225645065
27,blocks.6.conv2,0.020855048671364784
27,blocks.7.conv1,0.017386097460985184
27,blocks.7.conv2,0.013598395511507988
27,blocks.8.conv1,0.014068194665014744
27,blocks.8.conv2,0.011799587868154049
27,blocks.9.conv1,0.015999872237443924
27,blocks.9.conv2,0.03166874498128891
27,blocks.10.conv1,0.03632226958870888
27,blocks.10.conv2,0.0332958921790123
27,blocks.11.conv1,0.02061825804412365
27,blocks.11.conv2,0.009592503309249878
27,blocks.12.conv1,0.005868243984878063
27,blocks.12.conv2,0.003666556440293789
27,blocks.13.conv1,0.004971817135810852
27,blocks.13.conv2,0.004048932809382677
27,blocks.14.conv1,0.00265326676890254
27,blocks.14.conv2,0.002403668127954006
27,blocks.15.conv1,0.0026042237877845764
27,blocks.15.conv2,0.0031231052707880735
27,blocks.16.conv1,0.0048161097802221775
27,blocks.16.conv2,0.004753738641738892
27,blocks.17.conv1,0.00673958845436573
27,blocks.17.conv2,0.010944000445306301
27,blocks.18.conv1,0.014970209449529648
27,blocks.18.conv2,0.027314603328704834
27,blocks.19.conv1,0.028824714943766594
27,blocks.19.conv2,0.03593391180038452
27,blocks.20.conv1,0.03917400911450386
27,blocks.20.conv2,0.033027470111846924
27,blocks.21.conv1,0.031243829056620598
27,blocks.21.conv2,0.03311997652053833
27,blocks.22.conv1,0.02771807834506035
27,blocks.22.conv2,0.02712765894830227
27,blocks.23.conv1,0.03245238959789276
27,blocks.23.conv2,0.03811551257967949
27,blocks.24.conv1,0.04708970710635185
27,blocks.24.conv2,0.04397580772638321
27,blocks.25.conv1,0.03777331858873367
27,blocks.25.conv2,0.025058595463633537
27,blocks.26.conv1,0.023947658017277718
27,blocks.26.conv2,0.023346513509750366
27,blocks.27.conv1,0.016632188111543655
27,blocks.27.conv2,0.017336111515760422
27,blocks.28.conv1,0.019498396664857864
27,blocks.28.conv2,0.016435066238045692
27,blocks.29.conv1,0.016852116212248802
27,blocks.29.conv2,0.017862044274806976
27,blocks.30.conv1,0.018521273508667946
27,blocks.30.conv2,0.01882806047797203
27,blocks.31.conv1,0.021966250613331795
27,blocks.31.conv2,0.026282312348484993
27,blocks.32.conv1,0.024552110582590103
27,blocks.32.conv2,0.022294756025075912
27,blocks.33.conv1,0.022126566618680954
27,blocks.33.conv2,0.023165646940469742
27,blocks.34.conv1,0.026893699541687965
27,blocks.34.conv2,0.026822753250598907
27,blocks.35.conv1,0.01906045526266098
27,blocks.35.conv2,0.01824086718261242
27,blocks.36.conv1,0.01856691762804985
27,blocks.36.conv2,0.01711379922926426
27,blocks.37.conv1,0.015044053085148335
27,blocks.37.conv2,0.016105299815535545
27,blocks.38.conv1,0.01779983751475811
27,blocks.38.conv2,0.021383998915553093
27,blocks.39.conv1,0.023430122062563896
27,blocks.39.conv2,0.024129629135131836
27,blocks.40.conv1,0.02888665162026882
27,blocks.40.conv2,0.029565226286649704
27,blocks.41.conv1,0.031201789155602455
27,blocks.41.conv2,0.027018822729587555
27,blocks.42.conv1,0.025097906589508057
27,blocks.42.conv2,0.024843968451023102
27,blocks.43.conv1,0.02217882126569748
27,blocks.43.conv2,0.025514135137200356
27,blocks.44.conv1,0.031383536756038666
27,blocks.44.conv2,0.0314624197781086
27,blocks.45.conv1,0.035120464861392975
27,blocks.45.conv2,0.033329010009765625
27,blocks.46.conv1,0.03515578806400299
27,blocks.46.conv2,0.03427846357226372
27,blocks.47.conv1,0.0353115014731884
27,blocks.47.conv2,0.031762488186359406
27,blocks.48.conv1,0.030515464022755623
27,blocks.48.conv2,0.0312691293656826
27,blocks.49.conv1,0.036214035004377365
27,blocks.49.conv2,0.04131808876991272
27,mean_conv2d_grad_norm,0.03537442559367138
28,stem.0,0.02856016904115677
28,blocks.0.conv1,0.01210045162588358
28,blocks.0.conv2,0.016408437862992287
28,blocks.1.conv1,0.025655493140220642
28,blocks.1.conv2,0.05338074266910553
28,blocks.2.conv1,0.05370000749826431
28,blocks.2.conv2,0.023811280727386475
28,blocks.3.conv1,0.02246447093784809
28,blocks.3.conv2,0.018623797222971916
28,blocks.4.conv1,0.017841041088104248
28,blocks.4.conv2,0.013992891646921635
28,blocks.5.conv1,0.009037303738296032
28,blocks.5.conv2,0.006254754029214382
28,blocks.6.conv1,0.004871307406574488
28,blocks.6.conv2,0.0037941178306937218
28,blocks.7.conv1,0.003331846324726939
28,blocks.7.conv2,0.003069550497457385
28,blocks.8.conv1,0.004090513102710247
28,blocks.8.conv2,0.004565271083265543
28,blocks.9.conv1,0.004950033035129309
28,blocks.9.conv2,0.007537434343248606
28,blocks.10.conv1,0.006804856471717358
28,blocks.10.conv2,0.008275123313069344
28,blocks.11.conv1,0.008172472007572651
28,blocks.11.conv2,0.005086428020149469
28,blocks.12.conv1,0.00426757987588644
28,blocks.12.conv2,0.002816780935972929
28,blocks.13.conv1,0.0040767984464764595
28,blocks.13.conv2,0.003991376608610153
28,blocks.14.conv1,0.00386632326990366
28,blocks.14.conv2,0.0032619950361549854
28,blocks.15.conv1,0.0029310735408216715
28,blocks.15.conv2,0.006524377502501011
28,blocks.16.conv1,0.0054646753706038
28,blocks.16.conv2,0.005419928580522537
28,blocks.17.conv1,0.010267933830618858
28,blocks.17.conv2,0.012367747724056244
28,blocks.18.conv1,0.012681647203862667
28,blocks.18.conv2,0.012296739965677261
28,blocks.19.conv1,0.011379807256162167
28,blocks.19.conv2,0.01701510325074196
28,blocks.20.conv1,0.02418658696115017
28,blocks.20.conv2,0.023267384618520737
28,blocks.21.conv1,0.02508365362882614
28,blocks.21.conv2,0.019528763368725777
28,blocks.22.conv1,0.03021501749753952
28,blocks.22.conv2,0.03295271843671799
28,blocks.23.conv1,0.036716315895318985
28,blocks.23.conv2,0.04188777506351471
28,blocks.24.conv1,0.04294775053858757
28,blocks.24.conv2,0.04612957313656807
28,blocks.25.conv1,0.049064189195632935
28,blocks.25.conv2,0.040603458881378174
28,blocks.26.conv1,0.029508545994758606
28,blocks.26.conv2,0.02409842610359192
28,blocks.27.conv1,0.026171013712882996
28,blocks.27.conv2,0.0269326064735651
28,blocks.28.conv1,0.02591632679104805
28,blocks.28.conv2,0.030154379084706306
28,blocks.29.conv1,0.027847925201058388
28,blocks.29.conv2,0.028906911611557007
28,blocks.30.conv1,0.023019636049866676
28,blocks.30.conv2,0.02280300483107567
28,blocks.31.conv1,0.02835647016763687
28,blocks.31.conv2,0.030526844784617424
28,blocks.32.conv1,0.03407241404056549
28,blocks.32.conv2,0.03879334032535553
28,blocks.33.conv1,0.049397118389606476
28,blocks.33.conv2,0.05082280933856964
28,blocks.34.conv1,0.04368368163704872
28,blocks.34.conv2,0.037295930087566376
28,blocks.35.conv1,0.033597324043512344
28,blocks.35.conv2,0.031575027853250504
28,blocks.36.conv1,0.03384648263454437
28,blocks.36.conv2,0.03295950964093208
28,blocks.37.conv1,0.03772120177745819
28,blocks.37.conv2,0.033639438450336456
28,blocks.38.conv1,0.027043983340263367
28,blocks.38.conv2,0.0308004692196846
28,blocks.39.conv1,0.03592906892299652
28,blocks.39.conv2,0.03671930357813835
28,blocks.40.conv1,0.03424675390124321
28,blocks.40.conv2,0.02858959697186947
28,blocks.41.conv1,0.02543000876903534
28,blocks.41.conv2,0.02578229457139969
28,blocks.42.conv1,0.02347726561129093
28,blocks.42.conv2,0.020489195361733437
28,blocks.43.conv1,0.018128126859664917
28,blocks.43.conv2,0.017691753804683685
28,blocks.44.conv1,0.0212367232888937
28,blocks.44.conv2,0.027769720181822777
28,blocks.45.conv1,0.029920337721705437
28,blocks.45.conv2,0.032501716166734695
28,blocks.46.conv1,0.03210725262761116
28,blocks.46.conv2,0.03411851450800896
28,blocks.47.conv1,0.03489348292350769
28,blocks.47.conv2,0.03190915659070015
28,blocks.48.conv1,0.03176954388618469
28,blocks.48.conv2,0.032744646072387695
28,blocks.49.conv1,0.031905706971883774
28,blocks.49.conv2,0.035001493990421295
28,mean_conv2d_grad_norm,0.023558864902502093
29,stem.0,0.007329954765737057
29,blocks.0.conv1,0.009799450635910034
29,blocks.0.conv2,0.0040200017392635345
29,blocks.1.conv1,0.008241371251642704
29,blocks.1.conv2,0.005012407433241606
29,blocks.2.conv1,0.004994237329810858
29,blocks.2.conv2,0.0017558304825797677
29,blocks.3.conv1,0.001177342259325087
29,blocks.3.conv2,0.0008147934568114579
29,blocks.4.conv1,0.0006687030545435846
29,blocks.4.conv2,0.0005185477202758193
29,blocks.5.conv1,0.0005474434001371264
29,blocks.5.conv2,0.0007461000350303948
29,blocks.6.conv1,0.0008463565027341247
29,blocks.6.conv2,0.0007120093796402216
29,blocks.7.conv1,0.0005137848202139139
29,blocks.7.conv2,0.0004462731012608856
29,blocks.8.conv1,0.0006483553443104029
29,blocks.8.conv2,0.0006893208483234048
29,blocks.9.conv1,0.0008318910840898752
29,blocks.9.conv2,0.0014000814408063889
29,blocks.10.conv1,0.001430731383152306
29,blocks.10.conv2,0.001349866739474237
29,blocks.11.conv1,0.0014059398090466857
29,blocks.11.conv2,0.001493891584686935
29,blocks.12.conv1,0.0008346158429048955
29,blocks.12.conv2,0.00044270235230214894
29,blocks.13.conv1,0.0005934567307122052
29,blocks.13.conv2,0.000618118850979954
29,blocks.14.conv1,0.000532577105332166
29,blocks.14.conv2,0.0004829036770388484
29,blocks.15.conv1,0.0005610956577584147
29,blocks.15.conv2,0.0008581490255892277
29,blocks.16.conv1,0.0009625125676393509
29,blocks.16.conv2,0.0014400534564629197
29,blocks.17.conv1,0.0015910229412838817
29,blocks.17.conv2,0.0019665462896227837
29,blocks.18.conv1,0.0018966896459460258
29,blocks.18.conv2,0.0020955863874405622
29,blocks.19.conv1,0.0026868649292737246
29,blocks.19.conv2,0.003287054831162095
29,blocks.20.conv1,0.0028039526659995317
29,blocks.20.conv2,0.0025183330290019512
29,blocks.21.conv1,0.0021909112110733986
29,blocks.21.conv2,0.0014732489362359047
29,blocks.22.conv1,0.0026428750716149807
29,blocks.22.conv2,0.002525754040107131
29,blocks.23.conv1,0.003677202155813575
29,blocks.23.conv2,0.004295409191399813
29,blocks.24.conv1,0.004964753519743681
29,blocks.24.conv2,0.004264559596776962
29,blocks.25.conv1,0.004401927813887596
29,blocks.25.conv2,0.005525785032659769
29,blocks.26.conv1,0.005697280168533325
29,blocks.26.conv2,0.006251209881156683
29,blocks.27.conv1,0.007673171814531088
29,blocks.27.conv2,0.007615862879902124
29,blocks.28.conv1,0.0069081541150808334
29,blocks.28.conv2,0.007041628472507
29,blocks.29.conv1,0.006807885132730007
29,blocks.29.conv2,0.007655755151063204
29,blocks.30.conv1,0.007544280029833317
29,blocks.30.conv2,0.009356506168842316
29,blocks.31.conv1,0.012440528720617294
29,blocks.31.conv2,0.011138937436044216
29,blocks.32.conv1,0.011397989466786385
29,blocks.32.conv2,0.00971596036106348
29,blocks.33.conv1,0.01510508731007576
29,blocks.33.conv2,0.0186774842441082
29,blocks.34.conv1,0.01978047378361225
29,blocks.34.conv2,0.013741081580519676
29,blocks.35.conv1,0.008934699930250645
29,blocks.35.conv2,0.008567719720304012
29,blocks.36.conv1,0.01223460491746664
29,blocks.36.conv2,0.012666083872318268
29,blocks.37.conv1,0.012275722809135914
29,blocks.37.conv2,0.012701896950602531
29,blocks.38.conv1,0.011320848017930984
29,blocks.38.conv2,0.010806968435645103
29,blocks.39.conv1,0.01070659514516592
29,blocks.39.conv2,0.011392290703952312
29,blocks.40.conv1,0.010538505390286446
29,blocks.40.conv2,0.010473367758095264
29,blocks.41.conv1,0.009334948845207691
29,blocks.41.conv2,0.00995123852044344
29,blocks.42.conv1,0.010056868195533752
29,blocks.42.conv2,0.012478230521082878
29,blocks.43.conv1,0.01619429513812065
29,blocks.43.conv2,0.01533238124102354
29,blocks.44.conv1,0.013639882206916809
29,blocks.44.conv2,0.013574018143117428
29,blocks.45.conv1,0.013285405933856964
29,blocks.45.conv2,0.012025480158627033
29,blocks.46.conv1,0.014952043071389198
29,blocks.46.conv2,0.016724638640880585
29,blocks.47.conv1,0.017589256167411804
29,blocks.47.conv2,0.017062675207853317
29,blocks.48.conv1,0.0172522384673357
29,blocks.48.conv2,0.018693234771490097
29,blocks.49.conv1,0.019384386017918587
29,blocks.49.conv2,0.029454775154590607
29,mean_conv2d_grad_norm,0.007066177474542309
30,stem.0,0.05304684489965439
30,blocks.0.conv1,0.0620855912566185
30,blocks.0.conv2,0.040533483028411865
30,blocks.1.conv1,0.022852495312690735
30,blocks.1.conv2,0.04192553833127022
30,blocks.2.conv1,0.042113352566957474
30,blocks.2.conv2,0.03825085982680321
30,blocks.3.conv1,0.026234474033117294
30,blocks.3.conv2,0.02493654191493988
30,blocks.4.conv1,0.008668346330523491
30,blocks.4.conv2,0.008775000460445881
30,blocks.5.conv1,0.009715134277939796
30,blocks.5.conv2,0.008337678387761116
30,blocks.6.conv1,0.007258018013089895
30,blocks.6.conv2,0.0052924626506865025
30,blocks.7.conv1,0.004875473212450743
30,blocks.7.conv2,0.00394920539110899
30,blocks.8.conv1,0.005363417323678732
30,blocks.8.conv2,0.005428324453532696
30,blocks.9.conv1,0.006097033619880676
30,blocks.9.conv2,0.012662173248827457
30,blocks.10.conv1,0.011080402880907059
30,blocks.10.conv2,0.0087153110653162
30,blocks.11.conv1,0.008469813503324986
30,blocks.11.conv2,0.011272716335952282
30,blocks.12.conv1,0.00874697882682085
30,blocks.12.conv2,0.0029052093159407377
30,blocks.13.conv1,0.0059219845570623875
30,blocks.13.conv2,0.005626401863992214
30,blocks.14.conv1,0.004574532620608807
30,blocks.14.conv2,0.003293390152975917
30,blocks.15.conv1,0.003144886577501893
30,blocks.15.conv2,0.005269165616482496
30,blocks.16.conv1,0.006798319052904844
30,blocks.16.conv2,0.013151155784726143
30,blocks.17.conv1,0.01321407686918974
30,blocks.17.conv2,0.018188955262303352
30,blocks.18.conv1,0.017377981916069984
30,blocks.18.conv2,0.021669620648026466
30,blocks.19.conv1,0.026348983868956566
30,blocks.19.conv2,0.02567315474152565
30,blocks.20.conv1,0.02927456609904766
30,blocks.20.conv2,0.0305207259953022
30,blocks.21.conv1,0.03330798074603081
30,blocks.21.conv2,0.021883228793740273
30,blocks.22.conv1,0.03307858854532242
30,blocks.22.conv2,0.029182733967900276
30,blocks.23.conv1,0.03355810418725014
30,blocks.23.conv2,0.0353756807744503
30,blocks.24.conv1,0.034092020243406296
30,blocks.24.conv2,0.029974622651934624
30,blocks.25.conv1,0.028832029551267624
30,blocks.25.conv2,0.028110917657613754
30,blocks.26.conv1,0.032884031534194946
30,blocks.26.conv2,0.03695865347981453
30,blocks.27.conv1,0.02958345226943493
30,blocks.27.conv2,0.03188076615333557
30,blocks.28.conv1,0.04223627597093582
30,blocks.28.conv2,0.040702421218156815
30,blocks.29.conv1,0.045503683388233185
30,blocks.29.conv2,0.045151542872190475
30,blocks.30.conv1,0.03719327226281166
30,blocks.30.conv2,0.03567307069897652
30,blocks.31.conv1,0.035373810678720474
30,blocks.31.conv2,0.035946886986494064
30,blocks.32.conv1,0.03306489810347557
30,blocks.32.conv2,0.02979033999145031
30,blocks.33.conv1,0.03032093308866024
30,blocks.33.conv2,0.0391467809677124
30,blocks.34.conv1,0.04365260526537895
30,blocks.34.conv2,0.04715728387236595
30,blocks.35.conv1,0.0568675696849823
30,blocks.35.conv2,0.0578814297914505
30,blocks.36.conv1,0.05106966942548752
30,blocks.36.conv2,0.0462915264070034
30,blocks.37.conv1,0.0368257500231266
30,blocks.37.conv2,0.03371720388531685
30,blocks.38.conv1,0.027536902576684952
30,blocks.38.conv2,0.027938494458794594
30,blocks.39.conv1,0.030119620263576508
30,blocks.39.conv2,0.031324420124292374
30,blocks.40.conv1,0.03543681278824806
30,blocks.40.conv2,0.038027968257665634
30,blocks.41.conv1,0.02809753455221653
30,blocks.41.conv2,0.02587394043803215
30,blocks.42.conv1,0.023799777030944824
30,blocks.42.conv2,0.02398953028023243
30,blocks.43.conv1,0.025636455044150352
30,blocks.43.conv2,0.0269175935536623
30,blocks.44.conv1,0.02507198601961136
30,blocks.44.conv2,0.025270532816648483
30,blocks.45.conv1,0.022396270185709
30,blocks.45.conv2,0.024261945858597755
30,blocks.46.conv1,0.024577336385846138
30,blocks.46.conv2,0.030502472072839737
30,blocks.47.conv1,0.033527396619319916
30,blocks.47.conv2,0.030344141647219658
30,blocks.48.conv1,0.025824356824159622
30,blocks.48.conv2,0.025050291791558266
30,blocks.49.conv1,0.024765238165855408
30,blocks.49.conv2,0.03205173462629318
30,mean_conv2d_grad_norm,0.02624012177837736
31,stem.0,0.03586077317595482
31,blocks.0.conv1,0.04871826246380806
31,blocks.0.conv2,0.04884381592273712
31,blocks.1.conv1,0.04495403543114662
31,blocks.1.conv2,0.02440987341105938
31,blocks.2.conv1,0.014911124482750893
31,blocks.2.conv2,0.012867098674178123
31,blocks.3.conv1,0.010366152971982956
31,blocks.3.conv2,0.008007990196347237
31,blocks.4.conv1,0.0042579746805131435
31,blocks.4.conv2,0.006233786698430777
31,blocks.5.conv1,0.007892061956226826
31,blocks.5.conv2,0.014821795746684074
31,blocks.6.conv1,0.012154640629887581
31,blocks.6.conv2,0.00962710753083229
31,blocks.7.conv1,0.009893869049847126
31,blocks.7.conv2,0.008652674034237862
31,blocks.8.conv1,0.010976060293614864
31,blocks.8.conv2,0.010931088589131832
31,blocks.9.conv1,0.010191068053245544
31,blocks.9.conv2,0.027267958968877792
31,blocks.10.conv1,0.02409891039133072
31,blocks.10.conv2,0.016012132167816162
31,blocks.11.conv1,0.017739808186888695
31,blocks.11.conv2,0.015486870892345905
31,blocks.12.conv1,0.01645004376769066
31,blocks.12.conv2,0.007080944254994392
31,blocks.13.conv1,0.01187615655362606
31,blocks.13.conv2,0.010686254128813744
31,blocks.14.conv1,0.00877407006919384
31,blocks.14.conv2,0.007076154462993145
31,blocks.15.conv1,0.0072996960952878
31,blocks.15.conv2,0.009069273248314857
31,blocks.16.conv1,0.008363489992916584
31,blocks.16.conv2,0.009534263052046299
31,blocks.17.conv1,0.00938123557716608
31,blocks.17.conv2,0.0115224439650774
31,blocks.18.conv1,0.01174769178032875
31,blocks.18.conv2,0.009701547212898731
31,blocks.19.conv1,0.009662766009569168
31,blocks.19.conv2,0.011119738221168518
31,blocks.20.conv1,0.015076270326972008
31,blocks.20.conv2,0.009668176993727684
31,blocks.21.conv1,0.011470573954284191
31,blocks.21.conv2,0.012316105887293816
31,blocks.22.conv1,0.024738838896155357
31,blocks.22.conv2,0.014063648879528046
31,blocks.23.conv1,0.011793461628258228
31,blocks.23.conv2,0.01407430786639452
31,blocks.24.conv1,0.016426581889390945
31,blocks.24.conv2,0.01789802871644497
31,blocks.25.conv1,0.01602041721343994
31,blocks.25.conv2,0.020183151587843895
31,blocks.26.conv1,0.020988238975405693
31,blocks.26.conv2,0.02850584127008915
31,blocks.27.conv1,0.02557528391480446
31,blocks.27.conv2,0.02379990555346012
31,blocks.28.conv1,0.027676718309521675
31,blocks.28.conv2,0.03112654946744442
31,blocks.29.conv1,0.024242673069238663
31,blocks.29.conv2,0.02124195732176304
31,blocks.30.conv1,0.01872970163822174
31,blocks.30.conv2,0.023199550807476044
31,blocks.31.conv1,0.02568035013973713
31,blocks.31.conv2,0.022488608956336975
31,blocks.32.conv1,0.01952585019171238
31,blocks.32.conv2,0.02168349362909794
31,blocks.33.conv1,0.02352834865450859
31,blocks.33.conv2,0.02507931925356388
31,blocks.34.conv1,0.029225898906588554
31,blocks.34.conv2,0.025661880150437355
31,blocks.35.conv1,0.026290412992239
31,blocks.35.conv2,0.03354351967573166
31,blocks.36.conv1,0.0375877246260643
31,blocks.36.conv2,0.03157466650009155
31,blocks.37.conv1,0.028355373069643974
31,blocks.37.conv2,0.02678501419723034
31,blocks.38.conv1,0.03494437038898468
31,blocks.38.conv2,0.025706660002470016
31,blocks.39.conv1,0.02621743641793728
31,blocks.39.conv2,0.0300318393856287
31,blocks.40.conv1,0.033800024539232254
31,blocks.40.conv2,0.030580826103687286
31,blocks.41.conv1,0.0280300360172987
31,blocks.41.conv2,0.03251822292804718
31,blocks.42.conv1,0.03476598113775253
31,blocks.42.conv2,0.036234453320503235
31,blocks.43.conv1,0.040612656623125076
31,blocks.43.conv2,0.047632940113544464
31,blocks.44.conv1,0.04512773081660271
31,blocks.44.conv2,0.04978271946310997
31,blocks.45.conv1,0.056556105613708496
31,blocks.45.conv2,0.05723430588841438
31,blocks.46.conv1,0.05366881191730499
31,blocks.46.conv2,0.054042138159275055
31,blocks.47.conv1,0.04783282428979874
31,blocks.47.conv2,0.04325065016746521
31,blocks.48.conv1,0.03759325295686722
31,blocks.48.conv2,0.03369663655757904
31,blocks.49.conv1,0.034224413335323334
31,blocks.49.conv2,0.03660978004336357
31,mean_conv2d_grad_norm,0.02347568281474385
32,stem.0,0.009728933684527874
32,blocks.0.conv1,0.008219477720558643
32,blocks.0.conv2,0.0072411647997796535
32,blocks.1.conv1,0.014892634935677052
32,blocks.1.conv2,0.0072688935324549675
32,blocks.2.conv1,0.007502017542719841
32,blocks.2.conv2,0.006426174193620682
32,blocks.3.conv1,0.005429308861494064
32,blocks.3.conv2,0.004607606213539839
32,blocks.4.conv1,0.0027135969139635563
32,blocks.4.conv2,0.00454437080770731
32,blocks.5.conv1,0.007203591987490654
32,blocks.5.conv2,0.010062450543045998
32,blocks.6.conv1,0.010132879950106144
32,blocks.6.conv2,0.00790430512279272
32,blocks.7.conv1,0.006334574427455664
32,blocks.7.conv2,0.006765570491552353
32,blocks.8.conv1,0.010611383244395256
32,blocks.8.conv2,0.01151356752961874
32,blocks.9.conv1,0.010147586464881897
32,blocks.9.conv2,0.014890975318849087
32,blocks.10.conv1,0.015257288701832294
32,blocks.10.conv2,0.010462364181876183
32,blocks.11.conv1,0.008735116571187973
32,blocks.11.conv2,0.007174910977482796
32,blocks.12.conv1,0.006372771691530943
32,blocks.12.conv2,0.00341510446742177
32,blocks.13.conv1,0.0054133059456944466
32,blocks.13.conv2,0.005301916040480137
32,blocks.14.conv1,0.004288470838218927
32,blocks.14.conv2,0.003914321307092905
32,blocks.15.conv1,0.003634135238826275
32,blocks.15.conv2,0.0054340423084795475
32,blocks.16.conv1,0.008971654810011387
32,blocks.16.conv2,0.006488986779004335
32,blocks.17.conv1,0.0080622099339962
32,blocks.17.conv2,0.009733819402754307
32,blocks.18.conv1,0.009382137097418308
32,blocks.18.conv2,0.01046490203589201
32,blocks.19.conv1,0.010401474311947823
32,blocks.19.conv2,0.010888450779020786
32,blocks.20.conv1,0.010502554476261139
32,blocks.20.conv2,0.00749983498826623
32,blocks.21.conv1,0.006890600547194481
32,blocks.21.conv2,0.007901066914200783
32,blocks.22.conv1,0.014936862513422966
32,blocks.22.conv2,0.01218663901090622
32,blocks.23.conv1,0.011842364445328712
32,blocks.23.conv2,0.009179641492664814
32,blocks.24.conv1,0.011502373963594437
32,blocks.24.conv2,0.00952256377786398
32,blocks.25.conv1,0.010608275420963764
32,blocks.25.conv2,0.006758769974112511
32,blocks.26.conv1,0.006168467458337545
32,blocks.26.conv2,0.007542042527347803
32,blocks.27.conv1,0.0119469640776515
32,blocks.27.conv2,0.020321018993854523
32,blocks.28.conv1,0.0229180958122015
32,blocks.28.conv2,0.027340417727828026
32,blocks.29.conv1,0.02935732528567314
32,blocks.29.conv2,0.017202552407979965
32,blocks.30.conv1,0.013368422165513039
32,blocks.30.conv2,0.012082685716450214
32,blocks.31.conv1,0.010803859680891037
32,blocks.31.conv2,0.009871655143797398
32,blocks.32.conv1,0.008760837838053703
32,blocks.32.conv2,0.012026619166135788
32,blocks.33.conv1,0.015623405575752258
32,blocks.33.conv2,0.01924300380051136
32,blocks.34.conv1,0.01918875053524971
32,blocks.34.conv2,0.0202029999345541
32,blocks.35.conv1,0.020510856062173843
32,blocks.35.conv2,0.019835202023386955
32,blocks.36.conv1,0.022518491372466087
32,blocks.36.conv2,0.023274017497897148
32,blocks.37.conv1,0.02296283282339573
32,blocks.37.conv2,0.02598637342453003
32,blocks.38.conv1,0.023671109229326248
32,blocks.38.conv2,0.017388897016644478
32,blocks.39.conv1,0.024761851876974106
32,blocks.39.conv2,0.02709188312292099
32,blocks.40.conv1,0.021196573972702026
32,blocks.40.conv2,0.021698320284485817
32,blocks.41.conv1,0.02697698585689068
32,blocks.41.conv2,0.026097023859620094
32,blocks.42.conv1,0.033808231353759766
32,blocks.42.conv2,0.03342897444963455
32,blocks.43.conv1,0.04074651747941971
32,blocks.43.conv2,0.05019034072756767
32,blocks.44.conv1,0.05578160285949707
32,blocks.44.conv2,0.05535564944148064
32,blocks.45.conv1,0.04716390371322632
32,blocks.45.conv2,0.03782530501484871
32,blocks.46.conv1,0.03689251095056534
32,blocks.46.conv2,0.033891286700963974
32,blocks.47.conv1,0.03158082440495491
32,blocks.47.conv2,0.03183053061366081
32,blocks.48.conv1,0.02922603115439415
32,blocks.48.conv2,0.03329256922006607
32,blocks.49.conv1,0.04032401368021965
32,blocks.49.conv2,0.04935835301876068
32,mean_conv2d_grad_norm,0.01679115031965741
33,stem.0,0.09582239389419556
33,blocks.0.conv1,0.05274094268679619
33,blocks.0.conv2,0.03858453035354614
33,blocks.1.conv1,0.04421388357877731
33,blocks.1.conv2,0.03281189873814583
33,blocks.2.conv1,0.04173623025417328
33,blocks.2.conv2,0.04105861112475395
33,blocks.3.conv1,0.039718180894851685
33,blocks.3.conv2,0.035069454461336136
33,blocks.4.conv1,0.030154148116707802
33,blocks.4.conv2,0.0342097133398056
33,blocks.5.conv1,0.03529452532529831
33,blocks.5.conv2,0.04514855891466141
33,blocks.6.conv1,0.038762740790843964
33,blocks.6.conv2,0.02998814359307289
33,blocks.7.conv1,0.02777860499918461
33,blocks.7.conv2,0.024689720943570137
33,blocks.8.conv1,0.031113410368561745
33,blocks.8.conv2,0.034453488886356354
33,blocks.9.conv1,0.033807121217250824
33,blocks.9.conv2,0.08618058264255524
33,blocks.10.conv1,0.08595898002386093
33,blocks.10.conv2,0.0509503148496151
33,blocks.11.conv1,0.03775426000356674
33,blocks.11.conv2,0.021209385246038437
33,blocks.12.conv1,0.017049511894583702
33,blocks.12.conv2,0.011101752519607544
33,blocks.13.conv1,0.018142400309443474
33,blocks.13.conv2,0.019573301076889038
33,blocks.14.conv1,0.021437939256429672
33,blocks.14.conv2,0.027730146422982216
33,blocks.15.conv1,0.022642718628048897
33,blocks.15.conv2,0.0173186045140028
33,blocks.16.conv1,0.020238175988197327
33,blocks.16.conv2,0.015519003383815289
33,blocks.17.conv1,0.020292555913329124
33,blocks.17.conv2,0.024214226752519608
33,blocks.18.conv1,0.025339575484395027
33,blocks.18.conv2,0.018447278067469597
33,blocks.19.conv1,0.01449303887784481
33,blocks.19.conv2,0.013092692010104656
33,blocks.20.conv1,0.01296722237020731
33,blocks.20.conv2,0.009786082431674004
33,blocks.21.conv1,0.010040516965091228
33,blocks.21.conv2,0.01215195283293724
33,blocks.22.conv1,0.02146652154624462
33,blocks.22.conv2,0.026952356100082397
33,blocks.23.conv1,0.023364493623375893
33,blocks.23.conv2,0.02813594788312912
33,blocks.24.conv1,0.03362150862812996
33,blocks.24.conv2,0.025708040222525597
33,blocks.25.conv1,0.025413310155272484
33,blocks.25.conv2,0.02241707406938076
33,blocks.26.conv1,0.021323729306459427
33,blocks.26.conv2,0.023221954703330994
33,blocks.27.conv1,0.02841801941394806
33,blocks.27.conv2,0.03449435159564018
33,blocks.28.conv1,0.02951984480023384
33,blocks.28.conv2,0.02578010968863964
33,blocks.29.conv1,0.026174550876021385
33,blocks.29.conv2,0.022169310599565506
33,blocks.30.conv1,0.016223471611738205
33,blocks.30.conv2,0.014110472984611988
33,blocks.31.conv1,0.014236758463084698
33,blocks.31.conv2,0.0164825189858675
33,blocks.32.conv1,0.01599753275513649
33,blocks.32.conv2,0.017142435535788536
33,blocks.33.conv1,0.024064984172582626
33,blocks.33.conv2,0.019727086648344994
33,blocks.34.conv1,0.01970280148088932
33,blocks.34.conv2,0.02302173525094986
33,blocks.35.conv1,0.018466521054506302
33,blocks.35.conv2,0.022947102785110474
33,blocks.36.conv1,0.029999537393450737
33,blocks.36.conv2,0.030820446088910103
33,blocks.37.conv1,0.028824174776673317
33,blocks.37.conv2,0.030202031135559082
33,blocks.38.conv1,0.03534892201423645
33,blocks.38.conv2,0.029057789593935013
33,blocks.39.conv1,0.024377716705203056
33,blocks.39.conv2,0.02837059088051319
33,blocks.40.conv1,0.030030304566025734
33,blocks.40.conv2,0.03373244032263756
33,blocks.41.conv1,0.036844681948423386
33,blocks.41.conv2,0.03613107651472092
33,blocks.42.conv1,0.03806242719292641
33,blocks.42.conv2,0.03729775547981262
33,blocks.43.conv1,0.03664940968155861
33,blocks.43.conv2,0.03281804546713829
33,blocks.44.conv1,0.03465907648205757
33,blocks.44.conv2,0.03703022748231888
33,blocks.45.conv1,0.036224037408828735
33,blocks.45.conv2,0.03343057632446289
33,blocks.46.conv1,0.03638079762458801
33,blocks.46.conv2,0.0356372706592083
33,blocks.47.conv1,0.04077962785959244
33,blocks.47.conv2,0.04509900510311127
33,blocks.48.conv1,0.04491252452135086
33,blocks.48.conv2,0.04946267232298851
33,blocks.49.conv1,0.05629598721861839
33,blocks.49.conv2,0.048930343240499496
33,mean_conv2d_grad_norm,0.0304802233851192
34,stem.0,0.006202570628374815
34,blocks.0.conv1,0.007340793497860432
34,blocks.0.conv2,0.00789945013821125
34,blocks.1.conv1,0.005045378115028143
34,blocks.1.conv2,0.005446041934192181
34,blocks.2.conv1,0.007832908071577549
34,blocks.2.conv2,0.01475097518414259
34,blocks.3.conv1,0.01295472215861082
34,blocks.3.conv2,0.007548223715275526
34,blocks.4.conv1,0.00471596559509635
34,blocks.4.conv2,0.005232329946011305
34,blocks.5.conv1,0.004942174535244703
34,blocks.5.conv2,0.004440265242010355
34,blocks.6.conv1,0.003978824708610773
34,blocks.6.conv2,0.0036181469913572073
34,blocks.7.conv1,0.003849564353004098
34,blocks.7.conv2,0.0037240064702928066
34,blocks.8.conv1,0.005126909352838993
34,blocks.8.conv2,0.007769730873405933
34,blocks.9.conv1,0.006135533098131418
34,blocks.9.conv2,0.010236049070954323
34,blocks.10.conv1,0.0046561602503061295
34,blocks.10.conv2,0.005103148985654116
34,blocks.11.conv1,0.005690761376172304
34,blocks.11.conv2,0.004918110556900501
34,blocks.12.conv1,0.0033180860336869955
34,blocks.12.conv2,0.0027713801246136427
34,blocks.13.conv1,0.0035536920186132193
34,blocks.13.conv2,0.0027020873967558146
34,blocks.14.conv1,0.002443120116367936
34,blocks.14.conv2,0.0022791773080825806
34,blocks.15.conv1,0.0025836850982159376
34,blocks.15.conv2,0.005464551039040089
34,blocks.16.conv1,0.0064956494607031345
34,blocks.16.conv2,0.009240376763045788
34,blocks.17.conv1,0.009018676355481148
34,blocks.17.conv2,0.012807817198336124
34,blocks.18.conv1,0.011894273571670055
34,blocks.18.conv2,0.010322987101972103
34,blocks.19.conv1,0.01166726928204298
34,blocks.19.conv2,0.011306283064186573
34,blocks.20.conv1,0.008685716427862644
34,blocks.20.conv2,0.006049777381122112
34,blocks.21.conv1,0.005666831508278847
34,blocks.21.conv2,0.00514237442985177
34,blocks.22.conv1,0.009562808088958263
34,blocks.22.conv2,0.010405351407825947
34,blocks.23.conv1,0.012806528247892857
34,blocks.23.conv2,0.024454742670059204
34,blocks.24.conv1,0.023566758260130882
34,blocks.24.conv2,0.018520083278417587
34,blocks.25.conv1,0.019146211445331573
34,blocks.25.conv2,0.01348723005503416
34,blocks.26.conv1,0.00924059096723795
34,blocks.26.conv2,0.007792189717292786
34,blocks.27.conv1,0.010350042954087257
34,blocks.27.conv2,0.014597183093428612
34,blocks.28.conv1,0.012303025461733341
34,blocks.28.conv2,0.009857697412371635
34,blocks.29.conv1,0.01059836894273758
34,blocks.29.conv2,0.009116553701460361
34,blocks.30.conv1,0.008153017610311508
34,blocks.30.conv2,0.008100383915007114
34,blocks.31.conv1,0.008317466825246811
34,blocks.31.conv2,0.00831094291061163
34,blocks.32.conv1,0.008622869849205017
34,blocks.32.conv2,0.00954917911440134
34,blocks.33.conv1,0.01197684183716774
34,blocks.33.conv2,0.011347461491823196
34,blocks.34.conv1,0.013538490980863571
34,blocks.34.conv2,0.013163423165678978
34,blocks.35.conv1,0.013180629350244999
34,blocks.35.conv2,0.016735104843974113
34,blocks.36.conv1,0.015419970266520977
34,blocks.36.conv2,0.016129162162542343
34,blocks.37.conv1,0.015585155226290226
34,blocks.37.conv2,0.01868176832795143
34,blocks.38.conv1,0.019571872428059578
34,blocks.38.conv2,0.019672110676765442
34,blocks.39.conv1,0.02552780881524086
34,blocks.39.conv2,0.025157520547509193
34,blocks.40.conv1,0.024211859330534935
34,blocks.40.conv2,0.022914916276931763
34,blocks.41.conv1,0.024289609864354134
34,blocks.41.conv2,0.025130480527877808
34,blocks.42.conv1,0.03228634223341942
34,blocks.42.conv2,0.0340542234480381
34,blocks.43.conv1,0.034175895154476166
34,blocks.43.conv2,0.029198747128248215
34,blocks.44.conv1,0.03138098493218422
34,blocks.44.conv2,0.032482802867889404
34,blocks.45.conv1,0.02966083399951458
34,blocks.45.conv2,0.031095903366804123
34,blocks.46.conv1,0.032069429755210876
34,blocks.46.conv2,0.034124404191970825
34,blocks.47.conv1,0.03570738062262535
34,blocks.47.conv2,0.038589708507061005
34,blocks.48.conv1,0.03739834949374199
34,blocks.48.conv2,0.04096754267811775
34,blocks.49.conv1,0.04400106146931648
34,blocks.49.conv2,0.03929214924573898
34,mean_conv2d_grad_norm,0.014338135917551151
35,stem.0,0.013892075978219509
35,blocks.0.conv1,0.023965230211615562
35,blocks.0.conv2,0.014870904386043549
35,blocks.1.conv1,0.015865160152316093
35,blocks.1.conv2,0.015566369518637657
35,blocks.2.conv1,0.01508408598601818
35,blocks.2.conv2,0.016432061791419983
35,blocks.3.conv1,0.014610135927796364
35,blocks.3.conv2,0.013014927506446838
35,blocks.4.conv1,0.010607913136482239
35,blocks.4.conv2,0.015946075320243835
35,blocks.5.conv1,0.020227612927556038
35,blocks.5.conv2,0.04134342819452286
35,blocks.6.conv1,0.04752010852098465
35,blocks.6.conv2,0.027771245688199997
35,blocks.7.conv1,0.014845187775790691
35,blocks.7.conv2,0.012277812696993351
35,blocks.8.conv1,0.02440185472369194
35,blocks.8.conv2,0.014860741794109344
35,blocks.9.conv1,0.01339698676019907
35,blocks.9.conv2,0.023423293605446815
35,blocks.10.conv1,0.025108838453888893
35,blocks.10.conv2,0.01671268604695797
35,blocks.11.conv1,0.017044374719262123
35,blocks.11.conv2,0.018884198740124702
35,blocks.12.conv1,0.015320240519940853
35,blocks.12.conv2,0.008398879319429398
35,blocks.13.conv1,0.012851630337536335
35,blocks.13.conv2,0.010087171569466591
35,blocks.14.conv1,0.00821655709296465
35,blocks.14.conv2,0.008685493841767311
35,blocks.15.conv1,0.008982396684587002
35,blocks.15.conv2,0.012415287084877491
35,blocks.16.conv1,0.010779742151498795
35,blocks.16.conv2,0.011702142655849457
35,blocks.17.conv1,0.012310272082686424
35,blocks.17.conv2,0.015845362097024918
35,blocks.18.conv1,0.017689146101474762
35,blocks.18.conv2,0.016898714005947113
35,blocks.19.conv1,0.016578538343310356
35,blocks.19.conv2,0.015763146802783012
35,blocks.20.conv1,0.015919450670480728
35,blocks.20.conv2,0.01334371604025364
35,blocks.21.conv1,0.013164163567125797
35,blocks.21.conv2,0.009992433711886406
35,blocks.22.conv1,0.01271775085479021
35,blocks.22.conv2,0.012604174204170704
35,blocks.23.conv1,0.015113651752471924
35,blocks.23.conv2,0.02099793031811714
35,blocks.24.conv1,0.021974869072437286
35,blocks.24.conv2,0.02217867597937584
35,blocks.25.conv1,0.026495661586523056
35,blocks.25.conv2,0.02479749172925949
35,blocks.26.conv1,0.01925731636583805
35,blocks.26.conv2,0.016355833038687706
35,blocks.27.conv1,0.02312578447163105
35,blocks.27.conv2,0.022988349199295044
35,blocks.28.conv1,0.028303256258368492
35,blocks.28.conv2,0.030313896015286446
35,blocks.29.conv1,0.02854618802666664
35,blocks.29.conv2,0.02611849084496498
35,blocks.30.conv1,0.024979883804917336
35,blocks.30.conv2,0.024825477972626686
35,blocks.31.conv1,0.02368014305830002
35,blocks.31.conv2,0.02056778036057949
35,blocks.32.conv1,0.02009446918964386
35,blocks.32.conv2,0.02188418246805668
35,blocks.33.conv1,0.02385869435966015
35,blocks.33.conv2,0.02022104151546955
35,blocks.34.conv1,0.021755890920758247
35,blocks.34.conv2,0.024622038006782532
35,blocks.35.conv1,0.023495975881814957
35,blocks.35.conv2,0.028447017073631287
35,blocks.36.conv1,0.02606908231973648
35,blocks.36.conv2,0.02306107059121132
35,blocks.37.conv1,0.02303922362625599
35,blocks.37.conv2,0.022992072626948357
35,blocks.38.conv1,0.02694741263985634
35,blocks.38.conv2,0.025511063635349274
35,blocks.39.conv1,0.023146450519561768
35,blocks.39.conv2,0.024503502994775772
35,blocks.40.conv1,0.026166053488850594
35,blocks.40.conv2,0.026660844683647156
35,blocks.41.conv1,0.029669925570487976
35,blocks.41.conv2,0.02783527411520481
35,blocks.42.conv1,0.03275324031710625
35,blocks.42.conv2,0.03617183119058609
35,blocks.43.conv1,0.03776882588863373
35,blocks.43.conv2,0.04213939234614372
35,blocks.44.conv1,0.044317569583654404
35,blocks.44.conv2,0.04172733426094055
35,blocks.45.conv1,0.03345692530274391
35,blocks.45.conv2,0.03223813325166702
35,blocks.46.conv1,0.04123880714178085
35,blocks.46.conv2,0.0492313914000988
35,blocks.47.conv1,0.04452485963702202
35,blocks.47.conv2,0.044006798416376114
35,blocks.48.conv1,0.04307299479842186
35,blocks.48.conv2,0.05664268508553505
35,blocks.49.conv1,0.06514029949903488
35,blocks.49.conv2,0.07183051854372025
35,mean_conv2d_grad_norm,0.023710923693557776
36,stem.0,0.10500691086053848
36,blocks.0.conv1,0.06424941122531891
36,blocks.0.conv2,0.010279837995767593
36,blocks.1.conv1,0.010090363211929798
36,blocks.1.conv2,0.008643795736134052
36,blocks.2.conv1,0.008236417546868324
36,blocks.2.conv2,0.010458996519446373
36,blocks.3.conv1,0.008997893892228603
36,blocks.3.conv2,0.012630531564354897
36,blocks.4.conv1,0.00472405506297946
36,blocks.4.conv2,0.007476340979337692
36,blocks.5.conv1,0.010654076933860779
36,blocks.5.conv2,0.013988262042403221
36,blocks.6.conv1,0.009279800578951836
36,blocks.6.conv2,0.005738355685025454
36,blocks.7.conv1,0.005054546054452658
36,blocks.7.conv2,0.005859765689820051
36,blocks.8.conv1,0.006140436045825481
36,blocks.8.conv2,0.005952066741883755
36,blocks.9.conv1,0.015724556520581245
36,blocks.9.conv2,0.01160311046987772
36,blocks.10.conv1,0.008613062091171741
36,blocks.10.conv2,0.00612763362005353
36,blocks.11.conv1,0.006094533018767834
36,blocks.11.conv2,0.009248900227248669
36,blocks.12.conv1,0.01313547883182764
36,blocks.12.conv2,0.0071564484387636185
36,blocks.13.conv1,0.007947953417897224
36,blocks.13.conv2,0.0075286072678864
36,blocks.14.conv1,0.006563733331859112
36,blocks.14.conv2,0.005905909463763237
36,blocks.15.conv1,0.00599323445931077
36,blocks.15.conv2,0.016996975988149643
36,blocks.16.conv1,0.013631521724164486
36,blocks.16.conv2,0.011586707085371017
36,blocks.17.conv1,0.008588953875005245
36,blocks.17.conv2,0.010471106506884098
36,blocks.18.conv1,0.009586714208126068
36,blocks.18.conv2,0.0102393152192235
36,blocks.19.conv1,0.010902353562414646
36,blocks.19.conv2,0.01158204860985279
36,blocks.20.conv1,0.009778127074241638
36,blocks.20.conv2,0.007749099750071764
36,blocks.21.conv1,0.008325842209160328
36,blocks.21.conv2,0.01182554941624403
36,blocks.22.conv1,0.01566101610660553
36,blocks.22.conv2,0.012785504572093487
36,blocks.23.conv1,0.009829048067331314
36,blocks.23.conv2,0.01192448753863573
36,blocks.24.conv1,0.01239065919071436
36,blocks.24.conv2,0.01103484071791172
36,blocks.25.conv1,0.009279790334403515
36,blocks.25.conv2,0.011323759332299232
36,blocks.26.conv1,0.010746526531875134
36,blocks.26.conv2,0.017876574769616127
36,blocks.27.conv1,0.017255300655961037
36,blocks.27.conv2,0.0162204597145319
36,blocks.28.conv1,0.02002042904496193
36,blocks.28.conv2,0.01821727678179741
36,blocks.29.conv1,0.018854161724448204
36,blocks.29.conv2,0.018723001703619957
36,blocks.30.conv1,0.015262194909155369
36,blocks.30.conv2,0.013775939121842384
36,blocks.31.conv1,0.012404978275299072
36,blocks.31.conv2,0.013610530644655228
36,blocks.32.conv1,0.0113338902592659
36,blocks.32.conv2,0.011605764739215374
36,blocks.33.conv1,0.01132189016789198
36,blocks.33.conv2,0.011523326858878136
36,blocks.34.conv1,0.012452218681573868
36,blocks.34.conv2,0.01368650607764721
36,blocks.35.conv1,0.013320287689566612
36,blocks.35.conv2,0.01460250187665224
36,blocks.36.conv1,0.014630296267569065
36,blocks.36.conv2,0.014645745977759361
36,blocks.37.conv1,0.018025195226073265
36,blocks.37.conv2,0.023204628378152847
36,blocks.38.conv1,0.022058643400669098
36,blocks.38.conv2,0.021026283502578735
36,blocks.39.conv1,0.024747947230935097
36,blocks.39.conv2,0.03103524260222912
36,blocks.40.conv1,0.03372342512011528
36,blocks.40.conv2,0.03208230808377266
36,blocks.41.conv1,0.02839248813688755
36,blocks.41.conv2,0.0320838987827301
36,blocks.42.conv1,0.03378153219819069
36,blocks.42.conv2,0.03333737328648567
36,blocks.43.conv1,0.026147356256842613
36,blocks.43.conv2,0.022283362224698067
36,blocks.44.conv1,0.025186840444803238
36,blocks.44.conv2,0.025157028809189796
36,blocks.45.conv1,0.022855574265122414
36,blocks.45.conv2,0.02057698555290699
36,blocks.46.conv1,0.021322304382920265
36,blocks.46.conv2,0.02225937321782112
36,blocks.47.conv1,0.022205227985978127
36,blocks.47.conv2,0.03213721513748169
36,blocks.48.conv1,0.03810668736696243
36,blocks.48.conv2,0.04187855124473572
36,blocks.49.conv1,0.04627525061368942
36,blocks.49.conv2,0.05223885551095009
36,mean_conv2d_grad_norm,0.017176414139126198
37,stem.0,0.03985595703125
37,blocks.0.conv1,0.02901802584528923
37,blocks.0.conv2,0.01930324360728264
37,blocks.1.conv1,0.009522237814962864
37,blocks.1.conv2,0.010048065334558487
37,blocks.2.conv1,0.009879834949970245
37,blocks.2.conv2,0.014013714157044888
37,blocks.3.conv1,0.011016294360160828
37,blocks.3.conv2,0.007507652975618839
37,blocks.4.conv1,0.00953225139528513
37,blocks.4.conv2,0.011115243658423424
37,blocks.5.conv1,0.013005410321056843
37,blocks.5.conv2,0.013169796206057072
37,blocks.6.conv1,0.0099509097635746
37,blocks.6.conv2,0.008315563201904297
37,blocks.7.conv1,0.007110875565558672
37,blocks.7.conv2,0.01388615369796753
37,blocks.8.conv1,0.03184869885444641
37,blocks.8.conv2,0.01289367489516735
37,blocks.9.conv1,0.012770107947289944
37,blocks.9.conv2,0.011922581121325493
37,blocks.10.conv1,0.009791682474315166
37,blocks.10.conv2,0.012285174801945686
37,blocks.11.conv1,0.015898291021585464
37,blocks.11.conv2,0.015188007615506649
37,blocks.12.conv1,0.013055453076958656
37,blocks.12.conv2,0.007762585300952196
37,blocks.13.conv1,0.00950536411255598
37,blocks.13.conv2,0.006424695253372192
37,blocks.14.conv1,0.005011850968003273
37,blocks.14.conv2,0.005339618772268295
37,blocks.15.conv1,0.00601640110835433
37,blocks.15.conv2,0.014012260362505913
37,blocks.16.conv1,0.011106884106993675
37,blocks.16.conv2,0.010242420248687267
37,blocks.17.conv1,0.008534813299775124
37,blocks.17.conv2,0.01224471814930439
37,blocks.18.conv1,0.011036454699933529
37,blocks.18.conv2,0.009424456395208836
37,blocks.19.conv1,0.010050447657704353
37,blocks.19.conv2,0.011044265702366829
37,blocks.20.conv1,0.009973887354135513
37,blocks.20.conv2,0.007675863336771727
37,blocks.21.conv1,0.007600885815918446
37,blocks.21.conv2,0.008887304924428463
37,blocks.22.conv1,0.020533686503767967
37,blocks.22.conv2,0.01722470484673977
37,blocks.23.conv1,0.013816040009260178
37,blocks.23.conv2,0.01573426090180874
37,blocks.24.conv1,0.019478892907500267
37,blocks.24.conv2,0.015344192273914814
37,blocks.25.conv1,0.011837060563266277
37,blocks.25.conv2,0.010420186445116997
37,blocks.26.conv1,0.008859722875058651
37,blocks.26.conv2,0.01005022693425417
37,blocks.27.conv1,0.015302319079637527
37,blocks.27.conv2,0.010830224491655827
37,blocks.28.conv1,0.012490254826843739
37,blocks.28.conv2,0.012639334425330162
37,blocks.29.conv1,0.012969803996384144
37,blocks.29.conv2,0.014457070268690586
37,blocks.30.conv1,0.01189318299293518
37,blocks.30.conv2,0.01218700222671032
37,blocks.31.conv1,0.014179768972098827
37,blocks.31.conv2,0.018949337303638458
37,blocks.32.conv1,0.017546454444527626
37,blocks.32.conv2,0.016139505431056023
37,blocks.33.conv1,0.012876422144472599
37,blocks.33.conv2,0.013351546600461006
37,blocks.34.conv1,0.015577472746372223
37,blocks.34.conv2,0.019980330020189285
37,blocks.35.conv1,0.020521651953458786
37,blocks.35.conv2,0.02315111644566059
37,blocks.36.conv1,0.02253659814596176
37,blocks.36.conv2,0.019940810278058052
37,blocks.37.conv1,0.0177737008780241
37,blocks.37.conv2,0.015925874933600426
37,blocks.38.conv1,0.01641963981091976
37,blocks.38.conv2,0.0157442819327116
37,blocks.39.conv1,0.018082132562994957
37,blocks.39.conv2,0.02277674525976181
37,blocks.40.conv1,0.02913462184369564
37,blocks.40.conv2,0.030826929956674576
37,blocks.41.conv1,0.03914657607674599
37,blocks.41.conv2,0.04436659440398216
37,blocks.42.conv1,0.04371393844485283
37,blocks.42.conv2,0.03874274715781212
37,blocks.43.conv1,0.04040609672665596
37,blocks.43.conv2,0.0471893772482872
37,blocks.44.conv1,0.05862821638584137
37,blocks.44.conv2,0.05442670360207558
37,blocks.45.conv1,0.04567260295152664
37,blocks.45.conv2,0.04831332713365555
37,blocks.46.conv1,0.04859225079417229
37,blocks.46.conv2,0.04435800015926361
37,blocks.47.conv1,0.045313216745853424
37,blocks.47.conv2,0.05816121771931648
37,blocks.48.conv1,0.0549783892929554
37,blocks.48.conv2,0.05544101446866989
37,blocks.49.conv1,0.06617751717567444
37,blocks.49.conv2,0.060678958892822266
37,mean_conv2d_grad_norm,0.020451583493832904
38,stem.0,0.0939321219921112
38,blocks.0.conv1,0.07808464020490646
38,blocks.0.conv2,0.018442293629050255
38,blocks.1.conv1,0.027995789423584938
38,blocks.1.conv2,0.019429480656981468
38,blocks.2.conv1,0.028470894321799278
38,blocks.2.conv2,0.03640659153461456
38,blocks.3.conv1,0.029024792835116386
38,blocks.3.conv2,0.019139884039759636
38,blocks.4.conv1,0.013256823644042015
38,blocks.4.conv2,0.017798464745283127
38,blocks.5.conv1,0.017098015174269676
38,blocks.5.conv2,0.01766146346926689
38,blocks.6.conv1,0.016642045229673386
38,blocks.6.conv2,0.018045149743556976
38,blocks.7.conv1,0.01445036195218563
38,blocks.7.conv2,0.009235793724656105
38,blocks.8.conv1,0.018133800476789474
38,blocks.8.conv2,0.012802795507013798
38,blocks.9.conv1,0.010645410045981407
38,blocks.9.conv2,0.009044889360666275
38,blocks.10.conv1,0.01839238777756691
38,blocks.10.conv2,0.014878331683576107
38,blocks.11.conv1,0.03279714286327362
38,blocks.11.conv2,0.04101550951600075
38,blocks.12.conv1,0.020368555560708046
38,blocks.12.conv2,0.009243421256542206
38,blocks.13.conv1,0.009751575998961926
38,blocks.13.conv2,0.006768158171325922
38,blocks.14.conv1,0.005314006004482508
38,blocks.14.conv2,0.005249131005257368
38,blocks.15.conv1,0.010677793063223362
38,blocks.15.conv2,0.025929242372512817
38,blocks.16.conv1,0.029222242534160614
38,blocks.16.conv2,0.026383036747574806
38,blocks.17.conv1,0.019097551703453064
38,blocks.17.conv2,0.023368263617157936
38,blocks.18.conv1,0.022675322368741035
38,blocks.18.conv2,0.028234658762812614
38,blocks.19.conv1,0.028171762824058533
38,blocks.19.conv2,0.029149826616048813
38,blocks.20.conv1,0.030129728838801384
38,blocks.20.conv2,0.020236678421497345
38,blocks.21.conv1,0.022022418677806854
38,blocks.21.conv2,0.027252033352851868
38,blocks.22.conv1,0.03708336874842644
38,blocks.22.conv2,0.044468220323324203
38,blocks.23.conv1,0.03310235217213631
38,blocks.23.conv2,0.0291821900755167
38,blocks.24.conv1,0.03126151114702225
38,blocks.24.conv2,0.028676440939307213
38,blocks.25.conv1,0.025006575509905815
38,blocks.25.conv2,0.02562861330807209
38,blocks.26.conv1,0.019369833171367645
38,blocks.26.conv2,0.019167285412549973
38,blocks.27.conv1,0.025054622441530228
38,blocks.27.conv2,0.022919122129678726
38,blocks.28.conv1,0.02944864146411419
38,blocks.28.conv2,0.02380768395960331
38,blocks.29.conv1,0.021501176059246063
38,blocks.29.conv2,0.02374427206814289
38,blocks.30.conv1,0.018117286264896393
38,blocks.30.conv2,0.01557567436248064
38,blocks.31.conv1,0.016141153872013092
38,blocks.31.conv2,0.015788936987519264
38,blocks.32.conv1,0.015945911407470703
38,blocks.32.conv2,0.015190484002232552
38,blocks.33.conv1,0.01558256521821022
38,blocks.33.conv2,0.01716596633195877
38,blocks.34.conv1,0.021253904327750206
38,blocks.34.conv2,0.023996299132704735
38,blocks.35.conv1,0.025420211255550385
38,blocks.35.conv2,0.021612968295812607
38,blocks.36.conv1,0.02432558499276638
38,blocks.36.conv2,0.02296670340001583
38,blocks.37.conv1,0.021503198891878128
38,blocks.37.conv2,0.021580519154667854
38,blocks.38.conv1,0.019096313044428825
38,blocks.38.conv2,0.019189679995179176
38,blocks.39.conv1,0.024643223732709885
38,blocks.39.conv2,0.03001973405480385
38,blocks.40.conv1,0.04186023771762848
38,blocks.40.conv2,0.05544823035597801
38,blocks.41.conv1,0.051942482590675354
38,blocks.41.conv2,0.05268263444304466
38,blocks.42.conv1,0.04761667549610138
38,blocks.42.conv2,0.052763909101486206
38,blocks.43.conv1,0.054922331124544144
38,blocks.43.conv2,0.05079513043165207
38,blocks.44.conv1,0.040075670927762985
38,blocks.44.conv2,0.035301029682159424
38,blocks.45.conv1,0.033497199416160583
38,blocks.45.conv2,0.03305703029036522
38,blocks.46.conv1,0.03113941103219986
38,blocks.46.conv2,0.02965485118329525
38,blocks.47.conv1,0.028393348678946495
38,blocks.47.conv2,0.032729122787714005
38,blocks.48.conv1,0.0361357219517231
38,blocks.48.conv2,0.0444069467484951
38,blocks.49.conv1,0.0442325659096241
38,blocks.49.conv2,0.04205932095646858
38,mean_conv2d_grad_norm,0.026884379801294295
39,stem.0,0.5679078698158264
39,blocks.0.conv1,0.22555290162563324
39,blocks.0.conv2,0.3173438310623169
39,blocks.1.conv1,0.08294717222452164
39,blocks.1.conv2,0.026492014527320862
39,blocks.2.conv1,0.028816387057304382
39,blocks.2.conv2,0.03398376703262329
39,blocks.3.conv1,0.04481836035847664
39,blocks.3.conv2,0.033170487731695175
39,blocks.4.conv1,0.023206086829304695
39,blocks.4.conv2,0.03145579248666763
39,blocks.5.conv1,0.028354080393910408
39,blocks.5.conv2,0.029190760105848312
39,blocks.6.conv1,0.031617920845746994
39,blocks.6.conv2,0.03885390982031822
39,blocks.7.conv1,0.023537954315543175
39,blocks.7.conv2,0.01457127183675766
39,blocks.8.conv1,0.0186881385743618
39,blocks.8.conv2,0.013157186098396778
39,blocks.9.conv1,0.020951030775904655
39,blocks.9.conv2,0.022502273321151733
39,blocks.10.conv1,0.020709242671728134
39,blocks.10.conv2,0.023568883538246155
39,blocks.11.conv1,0.06538013368844986
39,blocks.11.conv2,0.049476660788059235
39,blocks.12.conv1,0.03344839811325073
39,blocks.12.conv2,0.021698476746678352
39,blocks.13.conv1,0.023819532245397568
39,blocks.13.conv2,0.017983149737119675
39,blocks.14.conv1,0.012430300004780293
39,blocks.14.conv2,0.010442044585943222
39,blocks.15.conv1,0.011520166881382465
39,blocks.15.conv2,0.019423745572566986
39,blocks.16.conv1,0.015026240609586239
39,blocks.16.conv2,0.016195498406887054
39,blocks.17.conv1,0.014234445989131927
39,blocks.17.conv2,0.01794024370610714
39,blocks.18.conv1,0.020444359630346298
39,blocks.18.conv2,0.023881372064352036
39,blocks.19.conv1,0.019531019032001495
39,blocks.19.conv2,0.01776980236172676
39,blocks.20.conv1,0.03224840760231018
39,blocks.20.conv2,0.01764124259352684
39,blocks.21.conv1,0.016923382878303528
39,blocks.21.conv2,0.03665884956717491
39,blocks.22.conv1,0.0372089222073555
39,blocks.22.conv2,0.034854695200920105
39,blocks.23.conv1,0.03406435623764992
39,blocks.23.conv2,0.04669243469834328
39,blocks.24.conv1,0.05041900649666786
39,blocks.24.conv2,0.04260171949863434
39,blocks.25.conv1,0.03406156226992607
39,blocks.25.conv2,0.03241042047739029
39,blocks.26.conv1,0.02949041686952114
39,blocks.26.conv2,0.026423417031764984
39,blocks.27.conv1,0.030217673629522324
39,blocks.27.conv2,0.0350402370095253
39,blocks.28.conv1,0.02645568735897541
39,blocks.28.conv2,0.027201484888792038
39,blocks.29.conv1,0.02775939181447029
39,blocks.29.conv2,0.028971444815397263
39,blocks.30.conv1,0.0247533917427063
39,blocks.30.conv2,0.02056686021387577
39,blocks.31.conv1,0.019071273505687714
39,blocks.31.conv2,0.01864895410835743
39,blocks.32.conv1,0.01787625439465046
39,blocks.32.conv2,0.01598580926656723
39,blocks.33.conv1,0.01686033420264721
39,blocks.33.conv2,0.01748528890311718
39,blocks.34.conv1,0.017605135217308998
39,blocks.34.conv2,0.017385859042406082
39,blocks.35.conv1,0.018274527043104172
39,blocks.35.conv2,0.020176542922854424
39,blocks.36.conv1,0.01961464434862137
39,blocks.36.conv2,0.019614996388554573
39,blocks.37.conv1,0.021384067833423615
39,blocks.37.conv2,0.02452443167567253
39,blocks.38.conv1,0.027087340131402016
39,blocks.38.conv2,0.023330513387918472
39,blocks.39.conv1,0.02485726960003376
39,blocks.39.conv2,0.026840485632419586
39,blocks.40.conv1,0.02866462618112564
39,blocks.40.conv2,0.03563368320465088
39,blocks.41.conv1,0.04185085743665695
39,blocks.41.conv2,0.051591742783784866
39,blocks.42.conv1,0.05404699221253395
39,blocks.42.conv2,0.05547274649143219
39,blocks.43.conv1,0.052003439515829086
39,blocks.43.conv2,0.04179111495614052
39,blocks.44.conv1,0.04278888553380966
39,blocks.44.conv2,0.04507436603307724
39,blocks.45.conv1,0.04935711249709129
39,blocks.45.conv2,0.04727273806929588
39,blocks.46.conv1,0.04587759077548981
39,blocks.46.conv2,0.04711233079433441
39,blocks.47.conv1,0.04325829818844795
39,blocks.47.conv2,0.04705486819148064
39,blocks.48.conv1,0.05047473683953285
39,blocks.48.conv2,0.05854632705450058
39,blocks.49.conv1,0.061935532838106155
39,blocks.49.conv2,0.06723447889089584
39,mean_conv2d_grad_norm,0.04097400113276326
40,stem.0,0.02190747670829296
40,blocks.0.conv1,0.010911584831774235
40,blocks.0.conv2,0.013255863450467587
40,blocks.1.conv1,0.03085370920598507
40,blocks.1.conv2,0.017211079597473145
40,blocks.2.conv1,0.01148353423923254
40,blocks.2.conv2,0.01746581681072712
40,blocks.3.conv1,0.030903827399015427
40,blocks.3.conv2,0.029642827808856964
40,blocks.4.conv1,0.014985659159719944
40,blocks.4.conv2,0.016374966129660606
40,blocks.5.conv1,0.011069893836975098
40,blocks.5.conv2,0.010516139678657055
40,blocks.6.conv1,0.013211377896368504
40,blocks.6.conv2,0.029277238994836807
40,blocks.7.conv1,0.028096631169319153
40,blocks.7.conv2,0.029095614328980446
40,blocks.8.conv1,0.0288974829018116
40,blocks.8.conv2,0.0457565076649189
40,blocks.9.conv1,0.04143045097589493
40,blocks.9.conv2,0.030178386718034744
40,blocks.10.conv1,0.019787047058343887
40,blocks.10.conv2,0.01910390891134739
40,blocks.11.conv1,0.01677255891263485
40,blocks.11.conv2,0.012937845662236214
40,blocks.12.conv1,0.012068674899637699
40,blocks.12.conv2,0.012258403934538364
40,blocks.13.conv1,0.011427405290305614
40,blocks.13.conv2,0.010817580856382847
40,blocks.14.conv1,0.007835418917238712
40,blocks.14.conv2,0.006761810276657343
40,blocks.15.conv1,0.013992175459861755
40,blocks.15.conv2,0.06483621150255203
40,blocks.16.conv1,0.06848985701799393
40,blocks.16.conv2,0.042644940316677094
40,blocks.17.conv1,0.041922252625226974
40,blocks.17.conv2,0.035783059895038605
40,blocks.18.conv1,0.037576280534267426
40,blocks.18.conv2,0.033344950526952744
40,blocks.19.conv1,0.02469526045024395
40,blocks.19.conv2,0.02389906346797943
40,blocks.20.conv1,0.021675612777471542
40,blocks.20.conv2,0.013368137180805206
40,blocks.21.conv1,0.01031960267573595
40,blocks.21.conv2,0.01161890383809805
40,blocks.22.conv1,0.014343490824103355
40,blocks.22.conv2,0.012398488819599152
40,blocks.23.conv1,0.013718514703214169
40,blocks.23.conv2,0.011807556264102459
40,blocks.24.conv1,0.010356158018112183
40,blocks.24.conv2,0.011166874319314957
40,blocks.25.conv1,0.01168279442936182
40,blocks.25.conv2,0.01126129925251007
40,blocks.26.conv1,0.01079142652451992
40,blocks.26.conv2,0.011221703141927719
40,blocks.27.conv1,0.01665613055229187
40,blocks.27.conv2,0.01332769263535738
40,blocks.28.conv1,0.013698726892471313
40,blocks.28.conv2,0.014933932572603226
40,blocks.29.conv1,0.012618808075785637
40,blocks.29.conv2,0.01450732909142971
40,blocks.30.conv1,0.014499509707093239
40,blocks.30.conv2,0.01603045128285885
40,blocks.31.conv1,0.018858538940548897
40,blocks.31.conv2,0.019466811791062355
40,blocks.32.conv1,0.020844168961048126
40,blocks.32.conv2,0.018018847331404686
40,blocks.33.conv1,0.01597236655652523
40,blocks.33.conv2,0.01608150266110897
40,blocks.34.conv1,0.020205162465572357
40,blocks.34.conv2,0.023037737235426903
40,blocks.35.conv1,0.021371303126215935
40,blocks.35.conv2,0.02255263924598694
40,blocks.36.conv1,0.020229997113347054
40,blocks.36.conv2,0.02344268187880516
40,blocks.37.conv1,0.024778878316283226
40,blocks.37.conv2,0.0233649592846632
40,blocks.38.conv1,0.02212025225162506
40,blocks.38.conv2,0.016277385875582695
40,blocks.39.conv1,0.020487861707806587
40,blocks.39.conv2,0.01891990192234516
40,blocks.40.conv1,0.024040477350354195
40,blocks.40.conv2,0.03067888505756855
40,blocks.41.conv1,0.03273933008313179
40,blocks.41.conv2,0.032349150627851486
40,blocks.42.conv1,0.028755761682987213
40,blocks.42.conv2,0.028850378468632698
40,blocks.43.conv1,0.03812268376350403
40,blocks.43.conv2,0.04218321293592453
40,blocks.44.conv1,0.051322486251592636
40,blocks.44.conv2,0.04820578545331955
40,blocks.45.conv1,0.042749762535095215
40,blocks.45.conv2,0.04045981913805008
40,blocks.46.conv1,0.040529582649469376
40,blocks.46.conv2,0.04227140545845032
40,blocks.47.conv1,0.05048075318336487
40,blocks.47.conv2,0.0632602646946907
40,blocks.48.conv1,0.05973226949572563
40,blocks.48.conv2,0.054352905601263046
40,blocks.49.conv1,0.049707163125276566
40,blocks.49.conv2,0.057288069278001785
40,mean_conv2d_grad_norm,0.024906881812886143
41,stem.0,0.35555869340896606
41,blocks.0.conv1,0.12100984901189804
41,blocks.0.conv2,0.058847811073064804
41,blocks.1.conv1,0.08842648565769196
41,blocks.1.conv2,0.06881920993328094
41,blocks.2.conv1,0.04955632984638214
41,blocks.2.conv2,0.05670786276459694
41,blocks.3.conv1,0.09521094709634781
41,blocks.3.conv2,0.10407103598117828
41,blocks.4.conv1,0.05460694432258606
41,blocks.4.conv2,0.07325350493192673
41,blocks.5.conv1,0.0687040314078331
41,blocks.5.conv2,0.05478089302778244
41,blocks.6.conv1,0.028732163831591606
41,blocks.6.conv2,0.05135510116815567
41,blocks.7.conv1,0.06706340610980988
41,blocks.7.conv2,0.042150165885686874
41,blocks.8.conv1,0.05659081041812897
41,blocks.8.conv2,0.12190563231706619
41,blocks.9.conv1,0.08889496326446533
41,blocks.9.conv2,0.06537050008773804
41,blocks.10.conv1,0.03403075039386749
41,blocks.10.conv2,0.042012326419353485
41,blocks.11.conv1,0.04891829565167427
41,blocks.11.conv2,0.05321067199110985
41,blocks.12.conv1,0.07228498160839081
41,blocks.12.conv2,0.07719729840755463
41,blocks.13.conv1,0.0995635986328125
41,blocks.13.conv2,0.09303394705057144
41,blocks.14.conv1,0.038884587585926056
41,blocks.14.conv2,0.02666672319173813
41,blocks.15.conv1,0.05121145769953728
41,blocks.15.conv2,0.10285551100969315
41,blocks.16.conv1,0.044491223990917206
41,blocks.16.conv2,0.03138292208313942
41,blocks.17.conv1,0.043051883578300476
41,blocks.17.conv2,0.08079368621110916
41,blocks.18.conv1,0.117012619972229
41,blocks.18.conv2,0.07920911908149719
41,blocks.19.conv1,0.07936283200979233
41,blocks.19.conv2,0.06867015361785889
41,blocks.20.conv1,0.04058638587594032
41,blocks.20.conv2,0.02424558252096176
41,blocks.21.conv1,0.016432253643870354
41,blocks.21.conv2,0.021411985158920288
41,blocks.22.conv1,0.02447734959423542
41,blocks.22.conv2,0.032139915972948074
41,blocks.23.conv1,0.03481288254261017
41,blocks.23.conv2,0.03278656303882599
41,blocks.24.conv1,0.027000807225704193
41,blocks.24.conv2,0.028499584645032883
41,blocks.25.conv1,0.027971947565674782
41,blocks.25.conv2,0.03856157511472702
41,blocks.26.conv1,0.02907654643058777
41,blocks.26.conv2,0.029221441596746445
41,blocks.27.conv1,0.03823528066277504
41,blocks.27.conv2,0.03048609010875225
41,blocks.28.conv1,0.024527760222554207
41,blocks.28.conv2,0.025658151134848595
41,blocks.29.conv1,0.02782411128282547
41,blocks.29.conv2,0.031035831198096275
41,blocks.30.conv1,0.03193084895610809
41,blocks.30.conv2,0.03656506538391113
41,blocks.31.conv1,0.044673673808574677
41,blocks.31.conv2,0.06219535320997238
41,blocks.32.conv1,0.05047166347503662
41,blocks.32.conv2,0.039779722690582275
41,blocks.33.conv1,0.029955722391605377
41,blocks.33.conv2,0.031927429139614105
41,blocks.34.conv1,0.03524463623762131
41,blocks.34.conv2,0.04468730092048645
41,blocks.35.conv1,0.04161114618182182
41,blocks.35.conv2,0.045884471386671066
41,blocks.36.conv1,0.0436876118183136
41,blocks.36.conv2,0.04016740247607231
41,blocks.37.conv1,0.0387323722243309
41,blocks.37.conv2,0.03190474212169647
41,blocks.38.conv1,0.03180457651615143
41,blocks.38.conv2,0.03063199669122696
41,blocks.39.conv1,0.030317440629005432
41,blocks.39.conv2,0.02916175127029419
41,blocks.40.conv1,0.033189672976732254
41,blocks.40.conv2,0.043552860617637634
41,blocks.41.conv1,0.050774045288562775
41,blocks.41.conv2,0.04726292937994003
41,blocks.42.conv1,0.042611680924892426
41,blocks.42.conv2,0.043926551938056946
41,blocks.43.conv1,0.04999386519193649
41,blocks.43.conv2,0.05699194222688675
41,blocks.44.conv1,0.05909276753664017
41,blocks.44.conv2,0.055166613310575485
41,blocks.45.conv1,0.040162939578294754
41,blocks.45.conv2,0.041862159967422485
41,blocks.46.conv1,0.04476970434188843
41,blocks.46.conv2,0.044748906046152115
41,blocks.47.conv1,0.04474427178502083
41,blocks.47.conv2,0.05169779807329178
41,blocks.48.conv1,0.05548747256398201
41,blocks.48.conv2,0.05986914411187172
41,blocks.49.conv1,0.06979083269834518
41,blocks.49.conv2,0.06530226767063141
41,mean_conv2d_grad_norm,0.053591943871561847
42,stem.0,0.03564455360174179
42,blocks.0.conv1,0.009433096274733543
42,blocks.0.conv2,0.007769541349261999
42,blocks.1.conv1,0.014235143549740314
42,blocks.1.conv2,0.006825468968600035
42,blocks.2.conv1,0.004665045998990536
42,blocks.2.conv2,0.006649861112236977
42,blocks.3.conv1,0.010017708875238895
42,blocks.3.conv2,0.008222708478569984
42,blocks.4.conv1,0.005240276921540499
42,blocks.4.conv2,0.007301001343876123
42,blocks.5.conv1,0.004470643121749163
42,blocks.5.conv2,0.0033465679734945297
42,blocks.6.conv1,0.0039244783110916615
42,blocks.6.conv2,0.01899142563343048
42,blocks.7.conv1,0.013394167646765709
42,blocks.7.conv2,0.006308036390691996
42,blocks.8.conv1,0.006953378673642874
42,blocks.8.conv2,0.016016991809010506
42,blocks.9.conv1,0.011152109131217003
42,blocks.9.conv2,0.010835232213139534
42,blocks.10.conv1,0.006532204803079367
42,blocks.10.conv2,0.010825367644429207
42,blocks.11.conv1,0.007923644036054611
42,blocks.11.conv2,0.004903593100607395
42,blocks.12.conv1,0.0034790621139109135
42,blocks.12.conv2,0.005729906260967255
42,blocks.13.conv1,0.005301606375724077
42,blocks.13.conv2,0.005536097101867199
42,blocks.14.conv1,0.004807744640856981
42,blocks.14.conv2,0.005060991272330284
42,blocks.15.conv1,0.00498264329507947
42,blocks.15.conv2,0.010507989674806595
42,blocks.16.conv1,0.00799219124019146
42,blocks.16.conv2,0.00641222158446908
42,blocks.17.conv1,0.009876714088022709
42,blocks.17.conv2,0.013023828156292439
42,blocks.18.conv1,0.01227225735783577
42,blocks.18.conv2,0.012655538506805897
42,blocks.19.conv1,0.011917662806808949
42,blocks.19.conv2,0.015687542036175728
42,blocks.20.conv1,0.013215336948633194
42,blocks.20.conv2,0.013908086344599724
42,blocks.21.conv1,0.009342619217932224
42,blocks.21.conv2,0.006879240274429321
42,blocks.22.conv1,0.011089013889431953
42,blocks.22.conv2,0.011011984199285507
42,blocks.23.conv1,0.013326571322977543
42,blocks.23.conv2,0.022456513717770576
42,blocks.24.conv1,0.026758398860692978
42,blocks.24.conv2,0.02486499585211277
42,blocks.25.conv1,0.06470773369073868
42,blocks.25.conv2,0.06809162348508835
42,blocks.26.conv1,0.033776529133319855
42,blocks.26.conv2,0.02375917322933674
42,blocks.27.conv1,0.02405051700770855
42,blocks.27.conv2,0.022290723398327827
42,blocks.28.conv1,0.020038729533553123
42,blocks.28.conv2,0.01669481210410595
42,blocks.29.conv1,0.015692103654146194
42,blocks.29.conv2,0.016241541132330894
42,blocks.30.conv1,0.014381321147084236
42,blocks.30.conv2,0.01409915927797556
42,blocks.31.conv1,0.0150131331756711
42,blocks.31.conv2,0.013345911167562008
42,blocks.32.conv1,0.013054704293608665
42,blocks.32.conv2,0.013302485458552837
42,blocks.33.conv1,0.014814289286732674
42,blocks.33.conv2,0.016444124281406403
42,blocks.34.conv1,0.021349240094423294
42,blocks.34.conv2,0.02329055592417717
42,blocks.35.conv1,0.01830458641052246
42,blocks.35.conv2,0.018476029857993126
42,blocks.36.conv1,0.02035664953291416
42,blocks.36.conv2,0.021946890279650688
42,blocks.37.conv1,0.02199355512857437
42,blocks.37.conv2,0.018504446372389793
42,blocks.38.conv1,0.020151833072304726
42,blocks.38.conv2,0.01855945773422718
42,blocks.39.conv1,0.018561577424407005
42,blocks.39.conv2,0.019618572667241096
42,blocks.40.conv1,0.022861674427986145
42,blocks.40.conv2,0.02344968356192112
42,blocks.41.conv1,0.027345435693860054
42,blocks.41.conv2,0.02891850657761097
42,blocks.42.conv1,0.03405763953924179
42,blocks.42.conv2,0.040659788995981216
42,blocks.43.conv1,0.04498910531401634
42,blocks.43.conv2,0.04823799058794975
42,blocks.44.conv1,0.05112013220787048
42,blocks.44.conv2,0.05254919454455376
42,blocks.45.conv1,0.043001268059015274
42,blocks.45.conv2,0.03924954682588577
42,blocks.46.conv1,0.042698368430137634
42,blocks.46.conv2,0.041112083941698074
42,blocks.47.conv1,0.04786891117691994
42,blocks.47.conv2,0.05566643923521042
42,blocks.48.conv1,0.05720215663313866
42,blocks.48.conv2,0.06741870194673538
42,blocks.49.conv1,0.0737217515707016
42,blocks.49.conv2,0.06432780623435974
42,mean_conv2d_grad_norm,0.020762843550136773
43,stem.0,0.023381168022751808
43,blocks.0.conv1,0.015352102927863598
43,blocks.0.conv2,0.0058052921667695045
43,blocks.1.conv1,0.017040103673934937
43,blocks.1.conv2,0.01483228337019682
43,blocks.2.conv1,0.013144386000931263
43,blocks.2.conv2,0.026146935299038887
43,blocks.3.conv1,0.047040924429893494
43,blocks.3.conv2,0.035105351358652115
43,blocks.4.conv1,0.03252290561795235
43,blocks.4.conv2,0.03596920892596245
43,blocks.5.conv1,0.010220279917120934
43,blocks.5.conv2,0.00986106414347887
43,blocks.6.conv1,0.007616681978106499
43,blocks.6.conv2,0.023612329736351967
43,blocks.7.conv1,0.02273484691977501
43,blocks.7.conv2,0.014431876130402088
43,blocks.8.conv1,0.014468444511294365
43,blocks.8.conv2,0.02417379803955555
43,blocks.9.conv1,0.02901546098291874
43,blocks.9.conv2,0.025555908679962158
43,blocks.10.conv1,0.014145256951451302
43,blocks.10.conv2,0.014615846797823906
43,blocks.11.conv1,0.017572736367583275
43,blocks.11.conv2,0.020418759435415268
43,blocks.12.conv1,0.016383910551667213
43,blocks.12.conv2,0.014660081826150417
43,blocks.13.conv1,0.00954827293753624
43,blocks.13.conv2,0.01519019529223442
43,blocks.14.conv1,0.011248690076172352
43,blocks.14.conv2,0.010903033427894115
43,blocks.15.conv1,0.011220701038837433
43,blocks.15.conv2,0.014140118844807148
43,blocks.16.conv1,0.015859510749578476
43,blocks.16.conv2,0.017904389649629593
43,blocks.17.conv1,0.01645493321120739
43,blocks.17.conv2,0.020111439749598503
43,blocks.18.conv1,0.029276061803102493
43,blocks.18.conv2,0.02900334820151329
43,blocks.19.conv1,0.021681947633624077
43,blocks.19.conv2,0.01907646283507347
43,blocks.20.conv1,0.02485261671245098
43,blocks.20.conv2,0.024598341435194016
43,blocks.21.conv1,0.037478212267160416
43,blocks.21.conv2,0.015566476620733738
43,blocks.22.conv1,0.012296064756810665
43,blocks.22.conv2,0.00875880103558302
43,blocks.23.conv1,0.02160492166876793
43,blocks.23.conv2,0.020054172724485397
43,blocks.24.conv1,0.021205000579357147
43,blocks.24.conv2,0.015504010953009129
43,blocks.25.conv1,0.013977603986859322
43,blocks.25.conv2,0.016950756311416626
43,blocks.26.conv1,0.02321804314851761
43,blocks.26.conv2,0.014536549337208271
43,blocks.27.conv1,0.017008064314723015
43,blocks.27.conv2,0.019103294238448143
43,blocks.28.conv1,0.02213163673877716
43,blocks.28.conv2,0.021970612928271294
43,blocks.29.conv1,0.024471860378980637
43,blocks.29.conv2,0.025620413944125175
43,blocks.30.conv1,0.023380374535918236
43,blocks.30.conv2,0.023181142285466194
43,blocks.31.conv1,0.023992134258151054
43,blocks.31.conv2,0.02495707757771015
43,blocks.32.conv1,0.024777410551905632
43,blocks.32.conv2,0.02239951491355896
43,blocks.33.conv1,0.021238738670945168
43,blocks.33.conv2,0.02786911465227604
43,blocks.34.conv1,0.025698134675621986
43,blocks.34.conv2,0.0329851433634758
43,blocks.35.conv1,0.03391919657588005
43,blocks.35.conv2,0.02773962914943695
43,blocks.36.conv1,0.029758041724562645
43,blocks.36.conv2,0.031542930752038956
43,blocks.37.conv1,0.03108084574341774
43,blocks.37.conv2,0.028124812990427017
43,blocks.38.conv1,0.026333332061767578
43,blocks.38.conv2,0.022661117836833
43,blocks.39.conv1,0.02568368799984455
43,blocks.39.conv2,0.025366563349962234
43,blocks.40.conv1,0.028683390468358994
43,blocks.40.conv2,0.030024398118257523
43,blocks.41.conv1,0.03179674595594406
43,blocks.41.conv2,0.03411398455500603
43,blocks.42.conv1,0.039506491273641586
43,blocks.42.conv2,0.04348979890346527
43,blocks.43.conv1,0.03929704427719116
43,blocks.43.conv2,0.0391576886177063
43,blocks.44.conv1,0.04205118119716644
43,blocks.44.conv2,0.037440355867147446
43,blocks.45.conv1,0.03612225130200386
43,blocks.45.conv2,0.03787986561655998
43,blocks.46.conv1,0.04236772283911705
43,blocks.46.conv2,0.04119246080517769
43,blocks.47.conv1,0.03994625434279442
43,blocks.47.conv2,0.041349176317453384
43,blocks.48.conv1,0.04458928108215332
43,blocks.48.conv2,0.05183258652687073
43,blocks.49.conv1,0.07021880894899368
43,blocks.49.conv2,0.0656987875699997
43,mean_conv2d_grad_norm,0.025324769530187148
44,stem.0,0.03237707167863846
44,blocks.0.conv1,0.0163052249699831
44,blocks.0.conv2,0.013665641658008099
44,blocks.1.conv1,0.07820399850606918
44,blocks.1.conv2,0.030311834067106247
44,blocks.2.conv1,0.01203941646963358
44,blocks.2.conv2,0.013498038053512573
44,blocks.3.conv1,0.016394659876823425
44,blocks.3.conv2,0.026564672589302063
44,blocks.4.conv1,0.014307493343949318
44,blocks.4.conv2,0.012653358280658722
44,blocks.5.conv1,0.007475761696696281
44,blocks.5.conv2,0.005585550330579281
44,blocks.6.conv1,0.007759605068713427
44,blocks.6.conv2,0.012173128314316273
44,blocks.7.conv1,0.008431298658251762
44,blocks.7.conv2,0.006663027685135603
44,blocks.8.conv1,0.01018347218632698
44,blocks.8.conv2,0.012429825961589813
44,blocks.9.conv1,0.013541007414460182
44,blocks.9.conv2,0.014027172699570656
44,blocks.10.conv1,0.009200298227369785
44,blocks.10.conv2,0.013912936672568321
44,blocks.11.conv1,0.015676649287343025
44,blocks.11.conv2,0.01321022305637598
44,blocks.12.conv1,0.012794305570423603
44,blocks.12.conv2,0.013309850357472897
44,blocks.13.conv1,0.014291513711214066
44,blocks.13.conv2,0.014433255419135094
44,blocks.14.conv1,0.016789522022008896
44,blocks.14.conv2,0.013484026305377483
44,blocks.15.conv1,0.018595779314637184
44,blocks.15.conv2,0.02998344972729683
44,blocks.16.conv1,0.028772249817848206
44,blocks.16.conv2,0.01404997892677784
44,blocks.17.conv1,0.016190076246857643
44,blocks.17.conv2,0.02396233007311821
44,blocks.18.conv1,0.022114256396889687
44,blocks.18.conv2,0.017950227484107018
44,blocks.19.conv1,0.02386154793202877
44,blocks.19.conv2,0.019640261307358742
44,blocks.20.conv1,0.02206152118742466
44,blocks.20.conv2,0.02883397974073887
44,blocks.21.conv1,0.045205432921648026
44,blocks.21.conv2,0.021095484495162964
44,blocks.22.conv1,0.016768380999565125
44,blocks.22.conv2,0.013790383003652096
44,blocks.23.conv1,0.026790685951709747
44,blocks.23.conv2,0.0235154926776886
44,blocks.24.conv1,0.03354034200310707
44,blocks.24.conv2,0.031622495502233505
44,blocks.25.conv1,0.025710683315992355
44,blocks.25.conv2,0.026367269456386566
44,blocks.26.conv1,0.03687652200460434
44,blocks.26.conv2,0.026591965928673744
44,blocks.27.conv1,0.029693977907299995
44,blocks.27.conv2,0.0227789469063282
44,blocks.28.conv1,0.023303549736738205
44,blocks.28.conv2,0.022710828110575676
44,blocks.29.conv1,0.026481211185455322
44,blocks.29.conv2,0.02901926077902317
44,blocks.30.conv1,0.023895949125289917
44,blocks.30.conv2,0.024654904380440712
44,blocks.31.conv1,0.024038968607783318
44,blocks.31.conv2,0.02036534622311592
44,blocks.32.conv1,0.022276971489191055
44,blocks.32.conv2,0.02172825112938881
44,blocks.33.conv1,0.02031731605529785
44,blocks.33.conv2,0.02004089020192623
44,blocks.34.conv1,0.02237163484096527
44,blocks.34.conv2,0.023055894300341606
44,blocks.35.conv1,0.023277921602129936
44,blocks.35.conv2,0.023385748267173767
44,blocks.36.conv1,0.023754509165883064
44,blocks.36.conv2,0.0241320189088583
44,blocks.37.conv1,0.02534370869398117
44,blocks.37.conv2,0.02353612892329693
44,blocks.38.conv1,0.019794760271906853
44,blocks.38.conv2,0.01636250503361225
44,blocks.39.conv1,0.01769341342151165
44,blocks.39.conv2,0.02016778476536274
44,blocks.40.conv1,0.020710615441203117
44,blocks.40.conv2,0.02733502723276615
44,blocks.41.conv1,0.028123313561081886
44,blocks.41.conv2,0.03329385071992874
44,blocks.42.conv1,0.0348316952586174
44,blocks.42.conv2,0.03954394906759262
44,blocks.43.conv1,0.035639408975839615
44,blocks.43.conv2,0.03489815816283226
44,blocks.44.conv1,0.040108758956193924
44,blocks.44.conv2,0.045905958861112595
44,blocks.45.conv1,0.04557902365922928
44,blocks.45.conv2,0.044768042862415314
44,blocks.46.conv1,0.04876025393605232
44,blocks.46.conv2,0.05253973975777626
44,blocks.47.conv1,0.061837442219257355
44,blocks.47.conv2,0.06579963117837906
44,blocks.48.conv1,0.06561635434627533
44,blocks.48.conv2,0.06622931361198425
44,blocks.49.conv1,0.07062701880931854
44,blocks.49.conv2,0.0749848410487175
44,mean_conv2d_grad_norm,0.02600890528963934
45,stem.0,0.01653098873794079
45,blocks.0.conv1,0.0053002252243459225
45,blocks.0.conv2,0.004743085242807865
45,blocks.1.conv1,0.006834680214524269
45,blocks.1.conv2,0.007920044474303722
45,blocks.2.conv1,0.005110159050673246
45,blocks.2.conv2,0.008433517999947071
45,blocks.3.conv1,0.00856933556497097
45,blocks.3.conv2,0.010539391078054905
45,blocks.4.conv1,0.009772065095603466
45,blocks.4.conv2,0.00970582664012909
45,blocks.5.conv1,0.005038133356720209
45,blocks.5.conv2,0.005383126437664032
45,blocks.6.conv1,0.005472749937325716
45,blocks.6.conv2,0.009336556307971478
45,blocks.7.conv1,0.011444230563938618
45,blocks.7.conv2,0.009670529514551163
45,blocks.8.conv1,0.013071775436401367
45,blocks.8.conv2,0.01297603640705347
45,blocks.9.conv1,0.015766166150569916
45,blocks.9.conv2,0.014221027493476868
45,blocks.10.conv1,0.011136378161609173
45,blocks.10.conv2,0.014611855149269104
45,blocks.11.conv1,0.02648564986884594
45,blocks.11.conv2,0.016886942088603973
45,blocks.12.conv1,0.020636070519685745
45,blocks.12.conv2,0.01559146586805582
45,blocks.13.conv1,0.012400074861943722
45,blocks.13.conv2,0.013117427006363869
45,blocks.14.conv1,0.015298900194466114
45,blocks.14.conv2,0.010874242521822453
45,blocks.15.conv1,0.016065221279859543
45,blocks.15.conv2,0.017579440027475357
45,blocks.16.conv1,0.01660882867872715
45,blocks.16.conv2,0.011587178334593773
45,blocks.17.conv1,0.015824025496840477
45,blocks.17.conv2,0.020010793581604958
45,blocks.18.conv1,0.01942703314125538
45,blocks.18.conv2,0.01958712749183178
45,blocks.19.conv1,0.02758139744400978
45,blocks.19.conv2,0.023854948580265045
45,blocks.20.conv1,0.018853560090065002
45,blocks.20.conv2,0.018075913190841675
45,blocks.21.conv1,0.01666351594030857
45,blocks.21.conv2,0.014033129438757896
45,blocks.22.conv1,0.013592579402029514
45,blocks.22.conv2,0.016245542094111443
45,blocks.23.conv1,0.03247927129268646
45,blocks.23.conv2,0.02856302261352539
45,blocks.24.conv1,0.02725398540496826
45,blocks.24.conv2,0.021944398060441017
45,blocks.25.conv1,0.01874879002571106
45,blocks.25.conv2,0.017484305426478386
45,blocks.26.conv1,0.020116621628403664
45,blocks.26.conv2,0.012842039577662945
45,blocks.27.conv1,0.01622467301785946
45,blocks.27.conv2,0.01960747316479683
45,blocks.28.conv1,0.02111666090786457
45,blocks.28.conv2,0.018275529146194458
45,blocks.29.conv1,0.02029581181704998
45,blocks.29.conv2,0.019333967939019203
45,blocks.30.conv1,0.019545361399650574
45,blocks.30.conv2,0.021406948566436768
45,blocks.31.conv1,0.022735774517059326
45,blocks.31.conv2,0.020688308402895927
45,blocks.32.conv1,0.020375274121761322
45,blocks.32.conv2,0.019169611856341362
45,blocks.33.conv1,0.01765897311270237
45,blocks.33.conv2,0.017515547573566437
45,blocks.34.conv1,0.01750856265425682
45,blocks.34.conv2,0.021084794774651527
45,blocks.35.conv1,0.021125275641679764
45,blocks.35.conv2,0.02387864515185356
45,blocks.36.conv1,0.022949524223804474
45,blocks.36.conv2,0.024626847356557846
45,blocks.37.conv1,0.026469789445400238
45,blocks.37.conv2,0.027082733809947968
45,blocks.38.conv1,0.025018790736794472
45,blocks.38.conv2,0.019496677443385124
45,blocks.39.conv1,0.023075835779309273
45,blocks.39.conv2,0.023915953934192657
45,blocks.40.conv1,0.0251504797488451
45,blocks.40.conv2,0.02959807589650154
45,blocks.41.conv1,0.032620467245578766
45,blocks.41.conv2,0.03138546645641327
45,blocks.42.conv1,0.03467797115445137
45,blocks.42.conv2,0.04085667058825493
45,blocks.43.conv1,0.039985254406929016
45,blocks.43.conv2,0.04554658383131027
45,blocks.44.conv1,0.05424521118402481
45,blocks.44.conv2,0.05551881343126297
45,blocks.45.conv1,0.05689410865306854
45,blocks.45.conv2,0.0590561144053936
45,blocks.46.conv1,0.06645655632019043
45,blocks.46.conv2,0.06855817884206772
45,blocks.47.conv1,0.07216622680425644
45,blocks.47.conv2,0.0803084447979927
45,blocks.48.conv1,0.07866711914539337
45,blocks.48.conv2,0.07785192877054214
45,blocks.49.conv1,0.06920983642339706
45,blocks.49.conv2,0.06414833664894104
45,mean_conv2d_grad_norm,0.024267193234276653
46,stem.0,0.008828474208712578
46,blocks.0.conv1,0.009744501672685146
46,blocks.0.conv2,0.01867659017443657
46,blocks.1.conv1,0.0170570220798254
46,blocks.1.conv2,0.012751045636832714
46,blocks.2.conv1,0.01201267633587122
46,blocks.2.conv2,0.014909645542502403
46,blocks.3.conv1,0.017464308068156242
46,blocks.3.conv2,0.015258328057825565
46,blocks.4.conv1,0.010841033421456814
46,blocks.4.conv2,0.009386886842548847
46,blocks.5.conv1,0.006357061211019754
46,blocks.5.conv2,0.006713490467518568
46,blocks.6.conv1,0.01012651901692152
46,blocks.6.conv2,0.010313140228390694
46,blocks.7.conv1,0.011539028957486153
46,blocks.7.conv2,0.011286492459475994
46,blocks.8.conv1,0.016004443168640137
46,blocks.8.conv2,0.014931302517652512
46,blocks.9.conv1,0.014053447172045708
46,blocks.9.conv2,0.018863685429096222
46,blocks.10.conv1,0.012252159416675568
46,blocks.10.conv2,0.017475396394729614
46,blocks.11.conv1,0.015986861661076546
46,blocks.11.conv2,0.016140298917889595
46,blocks.12.conv1,0.03665647655725479
46,blocks.12.conv2,0.05540647730231285
46,blocks.13.conv1,0.02277851477265358
46,blocks.13.conv2,0.020756352692842484
46,blocks.14.conv1,0.02760450728237629
46,blocks.14.conv2,0.01993419975042343
46,blocks.15.conv1,0.020743034780025482
46,blocks.15.conv2,0.02374185621738434
46,blocks.16.conv1,0.022888610139489174
46,blocks.16.conv2,0.019027380272746086
46,blocks.17.conv1,0.02177227847278118
46,blocks.17.conv2,0.025448651984333992
46,blocks.18.conv1,0.026201987639069557
46,blocks.18.conv2,0.021764781326055527
46,blocks.19.conv1,0.027521837502717972
46,blocks.19.conv2,0.031204355880618095
46,blocks.20.conv1,0.02747740037739277
46,blocks.20.conv2,0.02274605631828308
46,blocks.21.conv1,0.022266114130616188
46,blocks.21.conv2,0.020178982987999916
46,blocks.22.conv1,0.017780883237719536
46,blocks.22.conv2,0.015742696821689606
46,blocks.23.conv1,0.036600492894649506
46,blocks.23.conv2,0.02419450134038925
46,blocks.24.conv1,0.028844673186540604
46,blocks.24.conv2,0.028774144127964973
46,blocks.25.conv1,0.023307638242840767
46,blocks.25.conv2,0.02111673727631569
46,blocks.26.conv1,0.03209798410534859
46,blocks.26.conv2,0.021792858839035034
46,blocks.27.conv1,0.02466917783021927
46,blocks.27.conv2,0.028318000957369804
46,blocks.28.conv1,0.02715744636952877
46,blocks.28.conv2,0.024464067071676254
46,blocks.29.conv1,0.024499433115124702
46,blocks.29.conv2,0.02157716266810894
46,blocks.30.conv1,0.022919701412320137
46,blocks.30.conv2,0.02088075876235962
46,blocks.31.conv1,0.017777182161808014
46,blocks.31.conv2,0.016384489834308624
46,blocks.32.conv1,0.018171867355704308
46,blocks.32.conv2,0.020973654463887215
46,blocks.33.conv1,0.024030551314353943
46,blocks.33.conv2,0.024884480983018875
46,blocks.34.conv1,0.03012114390730858
46,blocks.34.conv2,0.03255997598171234
46,blocks.35.conv1,0.03587513789534569
46,blocks.35.conv2,0.040036074817180634
46,blocks.36.conv1,0.032179053872823715
46,blocks.36.conv2,0.038372479379177094
46,blocks.37.conv1,0.03756233677268028
46,blocks.37.conv2,0.037208642810583115
46,blocks.38.conv1,0.030447714030742645
46,blocks.38.conv2,0.03066868893802166
46,blocks.39.conv1,0.03487638756632805
46,blocks.39.conv2,0.030220162123441696
46,blocks.40.conv1,0.03190571069717407
46,blocks.40.conv2,0.03344381973147392
46,blocks.41.conv1,0.036185529083013535
46,blocks.41.conv2,0.03890995308756828
46,blocks.42.conv1,0.048020314425230026
46,blocks.42.conv2,0.047360870987176895
46,blocks.43.conv1,0.04283164441585541
46,blocks.43.conv2,0.04650362953543663
46,blocks.44.conv1,0.0375659316778183
46,blocks.44.conv2,0.03823685646057129
46,blocks.45.conv1,0.04148160666227341
46,blocks.45.conv2,0.04823160916566849
46,blocks.46.conv1,0.047314248979091644
46,blocks.46.conv2,0.05259130150079727
46,blocks.47.conv1,0.057383932173252106
46,blocks.47.conv2,0.06539862602949142
46,blocks.48.conv1,0.07197528332471848
46,blocks.48.conv2,0.06820088624954224
46,blocks.49.conv1,0.059696096926927567
46,blocks.49.conv2,0.05700529366731644
46,mean_conv2d_grad_norm,0.027647774482127463
47,stem.0,0.015504195354878902
47,blocks.0.conv1,0.017699727788567543
47,blocks.0.conv2,0.041310135275125504
47,blocks.1.conv1,0.03281395137310028
47,blocks.1.conv2,0.05808470770716667
47,blocks.2.conv1,0.04983440786600113
47,blocks.2.conv2,0.0351896658539772
47,blocks.3.conv1,0.04079696536064148
47,blocks.3.conv2,0.04436401650309563
47,blocks.4.conv1,0.02215944230556488
47,blocks.4.conv2,0.009655809961259365
47,blocks.5.conv1,0.010075087659060955
47,blocks.5.conv2,0.010912674479186535
47,blocks.6.conv1,0.008380920626223087
47,blocks.6.conv2,0.012800474651157856
47,blocks.7.conv1,0.014375241473317146
47,blocks.7.conv2,0.013625395484268665
47,blocks.8.conv1,0.041025761514902115
47,blocks.8.conv2,0.04040443152189255
47,blocks.9.conv1,0.02777404896914959
47,blocks.9.conv2,0.034570999443531036
47,blocks.10.conv1,0.01722586713731289
47,blocks.10.conv2,0.014495830982923508
47,blocks.11.conv1,0.016406044363975525
47,blocks.11.conv2,0.015770893543958664
47,blocks.12.conv1,0.02498432621359825
47,blocks.12.conv2,0.015901511535048485
47,blocks.13.conv1,0.01694808341562748
47,blocks.13.conv2,0.014339004643261433
47,blocks.14.conv1,0.013718860223889351
47,blocks.14.conv2,0.009359593503177166
47,blocks.15.conv1,0.009690131060779095
47,blocks.15.conv2,0.00957768876105547
47,blocks.16.conv1,0.010751399211585522
47,blocks.16.conv2,0.012878569774329662
47,blocks.17.conv1,0.022201023995876312
47,blocks.17.conv2,0.021504707634449005
47,blocks.18.conv1,0.03253614157438278
47,blocks.18.conv2,0.035190120339393616
47,blocks.19.conv1,0.031911592930555344
47,blocks.19.conv2,0.03217373415827751
47,blocks.20.conv1,0.023037457838654518
47,blocks.20.conv2,0.015670040622353554
47,blocks.21.conv1,0.014371211640536785
47,blocks.21.conv2,0.012391183525323868
47,blocks.22.conv1,0.00912640430033207
47,blocks.22.conv2,0.006360861472785473
47,blocks.23.conv1,0.012816987000405788
47,blocks.23.conv2,0.009147767908871174
47,blocks.24.conv1,0.011605365201830864
47,blocks.24.conv2,0.012845417484641075
47,blocks.25.conv1,0.010958313010632992
47,blocks.25.conv2,0.012844102457165718
47,blocks.26.conv1,0.011304918676614761
47,blocks.26.conv2,0.012642897665500641
47,blocks.27.conv1,0.01460261084139347
47,blocks.27.conv2,0.013746174983680248
47,blocks.28.conv1,0.015932630747556686
47,blocks.28.conv2,0.014671966433525085
47,blocks.29.conv1,0.013067184947431087
47,blocks.29.conv2,0.012867551296949387
47,blocks.30.conv1,0.010900633409619331
47,blocks.30.conv2,0.011040059849619865
47,blocks.31.conv1,0.010021203197538853
47,blocks.31.conv2,0.010085920803248882
47,blocks.32.conv1,0.01014905795454979
47,blocks.32.conv2,0.010109963826835155
47,blocks.33.conv1,0.010530316270887852
47,blocks.33.conv2,0.012550689280033112
47,blocks.34.conv1,0.015613974072039127
47,blocks.34.conv2,0.01693028397858143
47,blocks.35.conv1,0.01581273414194584
47,blocks.35.conv2,0.017556484788656235
47,blocks.36.conv1,0.017530927434563637
47,blocks.36.conv2,0.01795125938951969
47,blocks.37.conv1,0.01655804179608822
47,blocks.37.conv2,0.016240576282143593
47,blocks.38.conv1,0.013362116180360317
47,blocks.38.conv2,0.01299714669585228
47,blocks.39.conv1,0.015122894197702408
47,blocks.39.conv2,0.016146792098879814
47,blocks.40.conv1,0.020392216742038727
47,blocks.40.conv2,0.02239908277988434
47,blocks.41.conv1,0.02256770245730877
47,blocks.41.conv2,0.021731726825237274
47,blocks.42.conv1,0.022812610492110252
47,blocks.42.conv2,0.025003470480442047
47,blocks.43.conv1,0.02775079384446144
47,blocks.43.conv2,0.033539365977048874
47,blocks.44.conv1,0.03360829874873161
47,blocks.44.conv2,0.036823440343141556
47,blocks.45.conv1,0.0370827317237854
47,blocks.45.conv2,0.03639667481184006
47,blocks.46.conv1,0.03353344649076462
47,blocks.46.conv2,0.036552444100379944
47,blocks.47.conv1,0.036270737648010254
47,blocks.47.conv2,0.03383592888712883
47,blocks.48.conv1,0.038384921848773956
47,blocks.48.conv2,0.04592538997530937
47,blocks.49.conv1,0.054775726050138474
47,blocks.49.conv2,0.07125630229711533
47,mean_conv2d_grad_norm,0.021651369528752743
48,stem.0,0.03322703018784523
48,blocks.0.conv1,0.07789955288171768
48,blocks.0.conv2,0.12174643576145172
48,blocks.1.conv1,0.05709192156791687
48,blocks.1.conv2,0.04445551335811615
48,blocks.2.conv1,0.04826956242322922
48,blocks.2.conv2,0.04717902094125748
48,blocks.3.conv1,0.04819215461611748
48,blocks.3.conv2,0.045430988073349
48,blocks.4.conv1,0.05288892239332199
48,blocks.4.conv2,0.04084087535738945
48,blocks.5.conv1,0.024685101583600044
48,blocks.5.conv2,0.023522768169641495
48,blocks.6.conv1,0.023237168788909912
48,blocks.6.conv2,0.02240792103111744
48,blocks.7.conv1,0.02515539899468422
48,blocks.7.conv2,0.03333399444818497
48,blocks.8.conv1,0.04658763110637665
48,blocks.8.conv2,0.05377534031867981
48,blocks.9.conv1,0.0648551732301712
48,blocks.9.conv2,0.048091042786836624
48,blocks.10.conv1,0.03643154725432396
48,blocks.10.conv2,0.03265991434454918
48,blocks.11.conv1,0.03756239637732506
48,blocks.11.conv2,0.031614094972610474
48,blocks.12.conv1,0.031535226851701736
48,blocks.12.conv2,0.020717160776257515
48,blocks.13.conv1,0.0251296516507864
48,blocks.13.conv2,0.0287010557949543
48,blocks.14.conv1,0.02214255928993225
48,blocks.14.conv2,0.016506928950548172
48,blocks.15.conv1,0.017744584009051323
48,blocks.15.conv2,0.018122971057891846
48,blocks.16.conv1,0.02079855650663376
48,blocks.16.conv2,0.01781218871474266
48,blocks.17.conv1,0.02449793741106987
48,blocks.17.conv2,0.027710137888789177
48,blocks.18.conv1,0.02722259983420372
48,blocks.18.conv2,0.04100389406085014
48,blocks.19.conv1,0.024893755093216896
48,blocks.19.conv2,0.03051002509891987
48,blocks.20.conv1,0.030736172571778297
48,blocks.20.conv2,0.02906075119972229
48,blocks.21.conv1,0.04087743163108826
48,blocks.21.conv2,0.02687240019440651
48,blocks.22.conv1,0.023499786853790283
48,blocks.22.conv2,0.019364604726433754
48,blocks.23.conv1,0.027786346152424812
48,blocks.23.conv2,0.021145517006516457
48,blocks.24.conv1,0.029220307245850563
48,blocks.24.conv2,0.03586818650364876
48,blocks.25.conv1,0.02653251588344574
48,blocks.25.conv2,0.028034623712301254
48,blocks.26.conv1,0.026102537289261818
48,blocks.26.conv2,0.02670152299106121
48,blocks.27.conv1,0.034998197108507156
48,blocks.27.conv2,0.03509044647216797
48,blocks.28.conv1,0.03422069922089577
48,blocks.28.conv2,0.03581497445702553
48,blocks.29.conv1,0.031141825020313263
48,blocks.29.conv2,0.034231431782245636
48,blocks.30.conv1,0.02722322940826416
48,blocks.30.conv2,0.02774754911661148
48,blocks.31.conv1,0.025556357577443123
48,blocks.31.conv2,0.026592908427119255
48,blocks.32.conv1,0.02680385485291481
48,blocks.32.conv2,0.02701161801815033
48,blocks.33.conv1,0.0297254528850317
48,blocks.33.conv2,0.027474939823150635
48,blocks.34.conv1,0.03135806322097778
48,blocks.34.conv2,0.028846468776464462
48,blocks.35.conv1,0.032103754580020905
48,blocks.35.conv2,0.030564013868570328
48,blocks.36.conv1,0.029658980667591095
48,blocks.36.conv2,0.03622477129101753
48,blocks.37.conv1,0.038775283843278885
48,blocks.37.conv2,0.03454766795039177
48,blocks.38.conv1,0.03250311687588692
48,blocks.38.conv2,0.044199757277965546
48,blocks.39.conv1,0.04723507910966873
48,blocks.39.conv2,0.04061618074774742
48,blocks.40.conv1,0.044928357005119324
48,blocks.40.conv2,0.039371639490127563
48,blocks.41.conv1,0.03394344821572304
48,blocks.41.conv2,0.03278595581650734
48,blocks.42.conv1,0.03378598764538765
48,blocks.42.conv2,0.03878233581781387
48,blocks.43.conv1,0.04866013303399086
48,blocks.43.conv2,0.05670280009508133
48,blocks.44.conv1,0.05315162241458893
48,blocks.44.conv2,0.061191365122795105
48,blocks.45.conv1,0.0680103600025177
48,blocks.45.conv2,0.07299433648586273
48,blocks.46.conv1,0.0744095966219902
48,blocks.46.conv2,0.0937720313668251
48,blocks.47.conv1,0.08294426649808884
48,blocks.47.conv2,0.08238104730844498
48,blocks.48.conv1,0.08742524683475494
48,blocks.48.conv2,0.08171913027763367
48,blocks.49.conv1,0.07260525226593018
48,blocks.49.conv2,0.06403255462646484
48,mean_conv2d_grad_norm,0.03942433165589181
49,stem.0,0.038175418972969055
49,blocks.0.conv1,0.04252775385975838
49,blocks.0.conv2,0.04013190045952797
49,blocks.1.conv1,0.019045602530241013
49,blocks.1.conv2,0.018084242939949036
49,blocks.2.conv1,0.02618870884180069
49,blocks.2.conv2,0.03502793237566948
49,blocks.3.conv1,0.03937992826104164
49,blocks.3.conv2,0.03401671350002289
49,blocks.4.conv1,0.043895017355680466
49,blocks.4.conv2,0.027279162779450417
49,blocks.5.conv1,0.01582721620798111
49,blocks.5.conv2,0.01435431931167841
49,blocks.6.conv1,0.026774132624268532
49,blocks.6.conv2,0.017230970785021782
49,blocks.7.conv1,0.025397293269634247
49,blocks.7.conv2,0.02026405930519104
49,blocks.8.conv1,0.057129066437482834
49,blocks.8.conv2,0.0328560546040535
49,blocks.9.conv1,0.02592509612441063
49,blocks.9.conv2,0.016416721045970917
49,blocks.10.conv1,0.008599231019616127
49,blocks.10.conv2,0.008536089211702347
49,blocks.11.conv1,0.00645802728831768
49,blocks.11.conv2,0.009798680432140827
49,blocks.12.conv1,0.010719112120568752
49,blocks.12.conv2,0.013591937720775604
49,blocks.13.conv1,0.012632664293050766
49,blocks.13.conv2,0.007635326590389013
49,blocks.14.conv1,0.009667368605732918
49,blocks.14.conv2,0.009919575415551662
49,blocks.15.conv1,0.007279324810951948
49,blocks.15.conv2,0.006635493598878384
49,blocks.16.conv1,0.0058928984217345715
49,blocks.16.conv2,0.006755017675459385
49,blocks.17.conv1,0.007335531059652567
49,blocks.17.conv2,0.007509866263717413
49,blocks.18.conv1,0.007755044847726822
49,blocks.18.conv2,0.019076798111200333
49,blocks.19.conv1,0.01560555212199688
49,blocks.19.conv2,0.020305514335632324
49,blocks.20.conv1,0.02658401057124138
49,blocks.20.conv2,0.01632642187178135
49,blocks.21.conv1,0.010772213339805603
49,blocks.21.conv2,0.00624037766829133
49,blocks.22.conv1,0.004284043330699205
49,blocks.22.conv2,0.0034244884736835957
49,blocks.23.conv1,0.003922084346413612
49,blocks.23.conv2,0.005785254295915365
49,blocks.24.conv1,0.007462110836058855
49,blocks.24.conv2,0.008278192020952702
49,blocks.25.conv1,0.011191119439899921
49,blocks.25.conv2,0.01843583583831787
49,blocks.26.conv1,0.03183084726333618
49,blocks.26.conv2,0.02130766026675701
49,blocks.27.conv1,0.029459750279784203
49,blocks.27.conv2,0.027979549020528793
49,blocks.28.conv1,0.02748701348900795
49,blocks.28.conv2,0.0347147062420845
49,blocks.29.conv1,0.02855265699326992
49,blocks.29.conv2,0.02569931373000145
49,blocks.30.conv1,0.022172920405864716
49,blocks.30.conv2,0.02474214881658554
49,blocks.31.conv1,0.02415372245013714
49,blocks.31.conv2,0.02230541966855526
49,blocks.32.conv1,0.02139395847916603
49,blocks.32.conv2,0.020629627630114555
49,blocks.33.conv1,0.01950187236070633
49,blocks.33.conv2,0.018411535769701004
49,blocks.34.conv1,0.020172156393527985
49,blocks.34.conv2,0.020685462281107903
49,blocks.35.conv1,0.021825972944498062
49,blocks.35.conv2,0.02107846550643444
49,blocks.36.conv1,0.021293355152010918
49,blocks.36.conv2,0.01895771734416485
49,blocks.37.conv1,0.02230367250740528
49,blocks.37.conv2,0.019305067136883736
49,blocks.38.conv1,0.01725688949227333
49,blocks.38.conv2,0.01837846264243126
49,blocks.39.conv1,0.018256837502121925
49,blocks.39.conv2,0.019722145050764084
49,blocks.40.conv1,0.022519426420331
49,blocks.40.conv2,0.023210909217596054
49,blocks.41.conv1,0.02847195230424404
49,blocks.41.conv2,0.03256825730204582
49,blocks.42.conv1,0.03455499932169914
49,blocks.42.conv2,0.04132131114602089
49,blocks.43.conv1,0.05148681253194809
49,blocks.43.conv2,0.0583655945956707
49,blocks.44.conv1,0.05411858111619949
49,blocks.44.conv2,0.04986131191253662
49,blocks.45.conv1,0.04428314417600632
49,blocks.45.conv2,0.040025487542152405
49,blocks.46.conv1,0.043959084898233414
49,blocks.46.conv2,0.04699588939547539
49,blocks.47.conv1,0.05077318847179413
49,blocks.47.conv2,0.0692611038684845
49,blocks.48.conv1,0.07706772536039352
49,blocks.48.conv2,0.07273643463850021
49,blocks.49.conv1,0.061729442328214645
49,blocks.49.conv2,0.050219547003507614
49,mean_conv2d_grad_norm,0.025083679484553856
50,stem.0,0.026726866140961647
50,blocks.0.conv1,0.03217051550745964
50,blocks.0.conv2,0.09500803798437119
50,blocks.1.conv1,0.04629544913768768
50,blocks.1.conv2,0.028766686096787453
50,blocks.2.conv1,0.009674089960753918
50,blocks.2.conv2,0.008225586265325546
50,blocks.3.conv1,0.010258091613650322
50,blocks.3.conv2,0.026630138978362083
50,blocks.4.conv1,0.017604192718863487
50,blocks.4.conv2,0.010628997348248959
50,blocks.5.conv1,0.008613272570073605
50,blocks.5.conv2,0.008403729647397995
50,blocks.6.conv1,0.006353310309350491
50,blocks.6.conv2,0.0069923861883580685
50,blocks.7.conv1,0.007298336364328861
50,blocks.7.conv2,0.00784201268106699
50,blocks.8.conv1,0.008081856183707714
50,blocks.8.conv2,0.010830700397491455
50,blocks.9.conv1,0.009380565956234932
50,blocks.9.conv2,0.00783470831811428
50,blocks.10.conv1,0.007430926896631718
50,blocks.10.conv2,0.0030724431853741407
50,blocks.11.conv1,0.0023814612068235874
50,blocks.11.conv2,0.0033853326458483934
50,blocks.12.conv1,0.003917114343494177
50,blocks.12.conv2,0.005832331720739603
50,blocks.13.conv1,0.007266444154083729
50,blocks.13.conv2,0.004376037046313286
50,blocks.14.conv1,0.007033105473965406
50,blocks.14.conv2,0.005923453718423843
50,blocks.15.conv1,0.004505565389990807
50,blocks.15.conv2,0.00688711553812027
50,blocks.16.conv1,0.004537392407655716
50,blocks.16.conv2,0.0029775321017950773
50,blocks.17.conv1,0.003403865732252598
50,blocks.17.conv2,0.0035624178126454353
50,blocks.18.conv1,0.0036311750300228596
50,blocks.18.conv2,0.004956760909408331
50,blocks.19.conv1,0.005369951948523521
50,blocks.19.conv2,0.005780939478427172
50,blocks.20.conv1,0.0061732386238873005
50,blocks.20.conv2,0.0035340143367648125
50,blocks.21.conv1,0.0028249500319361687
50,blocks.21.conv2,0.002343958942219615
50,blocks.22.conv1,0.003382487688213587
50,blocks.22.conv2,0.003060915507376194
50,blocks.23.conv1,0.0036576075945049524
50,blocks.23.conv2,0.00487253675237298
50,blocks.24.conv1,0.0077079772017896175
50,blocks.24.conv2,0.005811989773064852
50,blocks.25.conv1,0.007789716590195894
50,blocks.25.conv2,0.009682407602667809
50,blocks.26.conv1,0.009920252487063408
50,blocks.26.conv2,0.01116717979311943
50,blocks.27.conv1,0.008923625573515892
50,blocks.27.conv2,0.012813793495297432
50,blocks.28.conv1,0.010755997151136398
50,blocks.28.conv2,0.015274976380169392
50,blocks.29.conv1,0.013052339665591717
50,blocks.29.conv2,0.024579064920544624
50,blocks.30.conv1,0.03152051940560341
50,blocks.30.conv2,0.048621032387018204
50,blocks.31.conv1,0.04570096731185913
50,blocks.31.conv2,0.03696144372224808
50,blocks.32.conv1,0.02979801408946514
50,blocks.32.conv2,0.02814183570444584
50,blocks.33.conv1,0.03087458573281765
50,blocks.33.conv2,0.03674397990107536
50,blocks.34.conv1,0.034639809280633926
50,blocks.34.conv2,0.037845443934202194
50,blocks.35.conv1,0.026922557502985
50,blocks.35.conv2,0.024128060787916183
50,blocks.36.conv1,0.022672275081276894
50,blocks.36.conv2,0.022847473621368408
50,blocks.37.conv1,0.023796265944838524
50,blocks.37.conv2,0.026299234479665756
50,blocks.38.conv1,0.022581404075026512
50,blocks.38.conv2,0.02121386118233204
50,blocks.39.conv1,0.023032963275909424
50,blocks.39.conv2,0.022600647062063217
50,blocks.40.conv1,0.024331361055374146
50,blocks.40.conv2,0.025840971618890762
50,blocks.41.conv1,0.022104285657405853
50,blocks.41.conv2,0.021151389926671982
50,blocks.42.conv1,0.020956775173544884
50,blocks.42.conv2,0.018269378691911697
50,blocks.43.conv1,0.01878977008163929
50,blocks.43.conv2,0.0185493566095829
50,blocks.44.conv1,0.021714473143219948
50,blocks.44.conv2,0.02727850340306759
50,blocks.45.conv1,0.030426563695073128
50,blocks.45.conv2,0.036511026322841644
50,blocks.46.conv1,0.04439466446638107
50,blocks.46.conv2,0.041079726070165634
50,blocks.47.conv1,0.030660176649689674
50,blocks.47.conv2,0.03120575286448002
50,blocks.48.conv1,0.03395506367087364
50,blocks.48.conv2,0.04181402549147606
50,blocks.49.conv1,0.04790567606687546
50,blocks.49.conv2,0.044755272567272186
50,mean_conv2d_grad_norm,0.018374420939898578
51,stem.0,0.029597869142889977
51,blocks.0.conv1,0.018046235665678978
51,blocks.0.conv2,0.05419572442770004
51,blocks.1.conv1,0.033745527267456055
51,blocks.1.conv2,0.017073947936296463
51,blocks.2.conv1,0.008448830805718899
51,blocks.2.conv2,0.006263893097639084
51,blocks.3.conv1,0.007276478223502636
51,blocks.3.conv2,0.014112938195466995
51,blocks.4.conv1,0.011240703985095024
51,blocks.4.conv2,0.010160804726183414
51,blocks.5.conv1,0.006828782614320517
51,blocks.5.conv2,0.0052117835730314255
51,blocks.6.conv1,0.005205175373703241
51,blocks.6.conv2,0.009136213921010494
51,blocks.7.conv1,0.008814448490738869
51,blocks.7.conv2,0.009039261378347874
51,blocks.8.conv1,0.010679873637855053
51,blocks.8.conv2,0.011420238763093948
51,blocks.9.conv1,0.015150848776102066
51,blocks.9.conv2,0.008386497385799885
51,blocks.10.conv1,0.007292099297046661
51,blocks.10.conv2,0.004572415258735418
51,blocks.11.conv1,0.004833120387047529
51,blocks.11.conv2,0.006371414288878441
51,blocks.12.conv1,0.008143974468111992
51,blocks.12.conv2,0.009337007999420166
51,blocks.13.conv1,0.010439099743962288
51,blocks.13.conv2,0.009408996440470219
51,blocks.14.conv1,0.007532472722232342
51,blocks.14.conv2,0.008055177517235279
51,blocks.15.conv1,0.006189663428813219
51,blocks.15.conv2,0.006390143185853958
51,blocks.16.conv1,0.006733463145792484
51,blocks.16.conv2,0.004551142454147339
51,blocks.17.conv1,0.005319416057318449
51,blocks.17.conv2,0.005625357385724783
51,blocks.18.conv1,0.009856280870735645
51,blocks.18.conv2,0.0060057733207941055
51,blocks.19.conv1,0.01054503582417965
51,blocks.19.conv2,0.02135876752436161
51,blocks.20.conv1,0.013983208686113358
51,blocks.20.conv2,0.006811364553868771
51,blocks.21.conv1,0.004421483725309372
51,blocks.21.conv2,0.0056337411515414715
51,blocks.22.conv1,0.006449870299547911
51,blocks.22.conv2,0.006209428422152996
51,blocks.23.conv1,0.008572054095566273
51,blocks.23.conv2,0.011830487288534641
51,blocks.24.conv1,0.01119091734290123
51,blocks.24.conv2,0.011822747997939587
51,blocks.25.conv1,0.008384112268686295
51,blocks.25.conv2,0.011010806076228619
51,blocks.26.conv1,0.015840888023376465
51,blocks.26.conv2,0.01776065118610859
51,blocks.27.conv1,0.014908269979059696
51,blocks.27.conv2,0.021817868575453758
51,blocks.28.conv1,0.015923740342259407
51,blocks.28.conv2,0.01632027141749859
51,blocks.29.conv1,0.014602670446038246
51,blocks.29.conv2,0.02980109304189682
51,blocks.30.conv1,0.05887765437364578
51,blocks.30.conv2,0.08585155010223389
51,blocks.31.conv1,0.04826992750167847
51,blocks.31.conv2,0.04859529435634613
51,blocks.32.conv1,0.05454704537987709
51,blocks.32.conv2,0.0643327534198761
51,blocks.33.conv1,0.07236112654209137
51,blocks.33.conv2,0.057317472994327545
51,blocks.34.conv1,0.05649760365486145
51,blocks.34.conv2,0.05609402433037758
51,blocks.35.conv1,0.0418827123939991
51,blocks.35.conv2,0.03676113858819008
51,blocks.36.conv1,0.041002266108989716
51,blocks.36.conv2,0.03409081697463989
51,blocks.37.conv1,0.026136012747883797
51,blocks.37.conv2,0.028078997507691383
51,blocks.38.conv1,0.02922411449253559
51,blocks.38.conv2,0.02714558131992817
51,blocks.39.conv1,0.027927296236157417
51,blocks.39.conv2,0.023875685408711433
51,blocks.40.conv1,0.02115829661488533
51,blocks.40.conv2,0.01994450017809868
51,blocks.41.conv1,0.020021269097924232
51,blocks.41.conv2,0.020524397492408752
51,blocks.42.conv1,0.02881656400859356
51,blocks.42.conv2,0.023252081125974655
51,blocks.43.conv1,0.02398454211652279
51,blocks.43.conv2,0.02538430318236351
51,blocks.44.conv1,0.02750319242477417
51,blocks.44.conv2,0.03219805657863617
51,blocks.45.conv1,0.0341065488755703
51,blocks.45.conv2,0.03075363300740719
51,blocks.46.conv1,0.03836170211434364
51,blocks.46.conv2,0.04593924805521965
51,blocks.47.conv1,0.043094608932733536
51,blocks.47.conv2,0.04036514088511467
51,blocks.48.conv1,0.046121399849653244
51,blocks.48.conv2,0.04843291640281677
51,blocks.49.conv1,0.04825497418642044
51,blocks.49.conv2,0.04463211074471474
51,mean_conv2d_grad_norm,0.022709021128087054
52,stem.0,0.032076288014650345
52,blocks.0.conv1,0.0124557726085186
52,blocks.0.conv2,0.012111625634133816
52,blocks.1.conv1,0.007776967715471983
52,blocks.1.conv2,0.012182106263935566
52,blocks.2.conv1,0.010849803686141968
52,blocks.2.conv2,0.011017002165317535
52,blocks.3.conv1,0.023034725338220596
52,blocks.3.conv2,0.035720109939575195
52,blocks.4.conv1,0.021683769300580025
52,blocks.4.conv2,0.015466234646737576
52,blocks.5.conv1,0.011679006740450859
52,blocks.5.conv2,0.01098997425287962
52,blocks.6.conv1,0.012318864464759827
52,blocks.6.conv2,0.02010013535618782
52,blocks.7.conv1,0.023419110104441643
52,blocks.7.conv2,0.02490968070924282
52,blocks.8.conv1,0.018831534311175346
52,blocks.8.conv2,0.028724098578095436
52,blocks.9.conv1,0.024807797744870186
52,blocks.9.conv2,0.02063772641122341
52,blocks.10.conv1,0.012606139294803143
52,blocks.10.conv2,0.016838354989886284
52,blocks.11.conv1,0.01682756468653679
52,blocks.11.conv2,0.019791200757026672
52,blocks.12.conv1,0.01877744495868683
52,blocks.12.conv2,0.02415207214653492
52,blocks.13.conv1,0.02018454670906067
52,blocks.13.conv2,0.021078484132885933
52,blocks.14.conv1,0.015503698959946632
52,blocks.14.conv2,0.016914738342165947
52,blocks.15.conv1,0.014782006852328777
52,blocks.15.conv2,0.02405623532831669
52,blocks.16.conv1,0.01928826794028282
52,blocks.16.conv2,0.015432468615472317
52,blocks.17.conv1,0.011698867194354534
52,blocks.17.conv2,0.011096952483057976
52,blocks.18.conv1,0.01018956396728754
52,blocks.18.conv2,0.014332866296172142
52,blocks.19.conv1,0.01464178878813982
52,blocks.19.conv2,0.022721150889992714
52,blocks.20.conv1,0.020433353260159492
52,blocks.20.conv2,0.011936201713979244
52,blocks.21.conv1,0.009131425991654396
52,blocks.21.conv2,0.009964341297745705
52,blocks.22.conv1,0.010513692162930965
52,blocks.22.conv2,0.0076201907359063625
52,blocks.23.conv1,0.007754201535135508
52,blocks.23.conv2,0.007288366090506315
52,blocks.24.conv1,0.00927818100899458
52,blocks.24.conv2,0.00906220730394125
52,blocks.25.conv1,0.007906981743872166
52,blocks.25.conv2,0.010216642171144485
52,blocks.26.conv1,0.011896410956978798
52,blocks.26.conv2,0.012896832078695297
52,blocks.27.conv1,0.014554603025317192
52,blocks.27.conv2,0.013594859279692173
52,blocks.28.conv1,0.012091082520782948
52,blocks.28.conv2,0.01997501403093338
52,blocks.29.conv1,0.021288225427269936
52,blocks.29.conv2,0.03276415914297104
52,blocks.30.conv1,0.04387318342924118
52,blocks.30.conv2,0.02778966911137104
52,blocks.31.conv1,0.022823471575975418
52,blocks.31.conv2,0.02223823592066765
52,blocks.32.conv1,0.02470793016254902
52,blocks.32.conv2,0.02607635222375393
52,blocks.33.conv1,0.016041409224271774
52,blocks.33.conv2,0.01763545535504818
52,blocks.34.conv1,0.016024140641093254
52,blocks.34.conv2,0.015287567861378193
52,blocks.35.conv1,0.016721559688448906
52,blocks.35.conv2,0.013445110991597176
52,blocks.36.conv1,0.013446797616779804
52,blocks.36.conv2,0.013025744818150997
52,blocks.37.conv1,0.01329572033137083
52,blocks.37.conv2,0.013603503815829754
52,blocks.38.conv1,0.012197919189929962
52,blocks.38.conv2,0.011101989075541496
52,blocks.39.conv1,0.013415757566690445
52,blocks.39.conv2,0.012731705792248249
52,blocks.40.conv1,0.012186100706458092
52,blocks.40.conv2,0.011712932959198952
52,blocks.41.conv1,0.012857799418270588
52,blocks.41.conv2,0.012905017472803593
52,blocks.42.conv1,0.017705196514725685
52,blocks.42.conv2,0.023004405200481415
52,blocks.43.conv1,0.027382954955101013
52,blocks.43.conv2,0.03233544901013374
52,blocks.44.conv1,0.025552187114953995
52,blocks.44.conv2,0.021060379222035408
52,blocks.45.conv1,0.025560904294252396
52,blocks.45.conv2,0.029254525899887085
52,blocks.46.conv1,0.032822832465171814
52,blocks.46.conv2,0.03327120095491409
52,blocks.47.conv1,0.02978428266942501
52,blocks.47.conv2,0.030171295627951622
52,blocks.48.conv1,0.03107611835002899
52,blocks.48.conv2,0.03645874932408333
52,blocks.49.conv1,0.03914584591984749
52,blocks.49.conv2,0.04721147567033768
52,mean_conv2d_grad_norm,0.018701154425150097
53,stem.0,0.030128203332424164
53,blocks.0.conv1,0.016398034989833832
53,blocks.0.conv2,0.012618431821465492
53,blocks.1.conv1,0.007087450474500656
53,blocks.1.conv2,0.008674705401062965
53,blocks.2.conv1,0.008677423000335693
53,blocks.2.conv2,0.007763553410768509
53,blocks.3.conv1,0.007915330119431019
53,blocks.3.conv2,0.008086847141385078
53,blocks.4.conv1,0.006236180197447538
53,blocks.4.conv2,0.005611565429717302
53,blocks.5.conv1,0.006237863563001156
53,blocks.5.conv2,0.006221955642104149
53,blocks.6.conv1,0.007037103176116943
53,blocks.6.conv2,0.008520180359482765
53,blocks.7.conv1,0.0057943700812757015
53,blocks.7.conv2,0.0051452284678816795
53,blocks.8.conv1,0.0076559800654649734
53,blocks.8.conv2,0.007526185363531113
53,blocks.9.conv1,0.005617125425487757
53,blocks.9.conv2,0.005793398711830378
53,blocks.10.conv1,0.0032042902894318104
53,blocks.10.conv2,0.004603674169629812
53,blocks.11.conv1,0.005272213835269213
53,blocks.11.conv2,0.0051844981499016285
53,blocks.12.conv1,0.004949602764099836
53,blocks.12.conv2,0.005327684339135885
53,blocks.13.conv1,0.00632588192820549
53,blocks.13.conv2,0.00647791288793087
53,blocks.14.conv1,0.005862139631062746
53,blocks.14.conv2,0.004845925606787205
53,blocks.15.conv1,0.004398587625473738
53,blocks.15.conv2,0.0042731366120278835
53,blocks.16.conv1,0.004604210611432791
53,blocks.16.conv2,0.004018396604806185
53,blocks.17.conv1,0.0031602538656443357
53,blocks.17.conv2,0.0038723715115338564
53,blocks.18.conv1,0.004813991021364927
53,blocks.18.conv2,0.0057172938250005245
53,blocks.19.conv1,0.007977478206157684
53,blocks.19.conv2,0.00859055295586586
53,blocks.20.conv1,0.010042043402791023
53,blocks.20.conv2,0.004150236491113901
53,blocks.21.conv1,0.002624950837343931
53,blocks.21.conv2,0.006320119835436344
53,blocks.22.conv1,0.0037345809396356344
53,blocks.22.conv2,0.0032503206748515368
53,blocks.23.conv1,0.0071204425767064095
53,blocks.23.conv2,0.005533379968255758
53,blocks.24.conv1,0.005950243677943945
53,blocks.24.conv2,0.005723395384848118
53,blocks.25.conv1,0.006937394849956036
53,blocks.25.conv2,0.007725103758275509
53,blocks.26.conv1,0.012287303805351257
53,blocks.26.conv2,0.015980906784534454
53,blocks.27.conv1,0.01374817080795765
53,blocks.27.conv2,0.014033284038305283
53,blocks.28.conv1,0.011487974785268307
53,blocks.28.conv2,0.019432658329606056
53,blocks.29.conv1,0.023041171953082085
53,blocks.29.conv2,0.025519007816910744
53,blocks.30.conv1,0.023828033357858658
53,blocks.30.conv2,0.024148717522621155
53,blocks.31.conv1,0.03398198261857033
53,blocks.31.conv2,0.03152555599808693
53,blocks.32.conv1,0.02751496434211731
53,blocks.32.conv2,0.030517110601067543
53,blocks.33.conv1,0.027803899720311165
53,blocks.33.conv2,0.03393838182091713
53,blocks.34.conv1,0.05026208609342575
53,blocks.34.conv2,0.049117956310510635
53,blocks.35.conv1,0.04416844621300697
53,blocks.35.conv2,0.03219274431467056
53,blocks.36.conv1,0.02990359626710415
53,blocks.36.conv2,0.03116459958255291
53,blocks.37.conv1,0.037950750440359116
53,blocks.37.conv2,0.038597963750362396
53,blocks.38.conv1,0.022904179990291595
53,blocks.38.conv2,0.031098734587430954
53,blocks.39.conv1,0.02796168252825737
53,blocks.39.conv2,0.02435476891696453
53,blocks.40.conv1,0.02420906536281109
53,blocks.40.conv2,0.028190171346068382
53,blocks.41.conv1,0.032583028078079224
53,blocks.41.conv2,0.02896972745656967
53,blocks.42.conv1,0.031593579798936844
53,blocks.42.conv2,0.03563649579882622
53,blocks.43.conv1,0.03223329782485962
53,blocks.43.conv2,0.027580684050917625
53,blocks.44.conv1,0.03002336248755455
53,blocks.44.conv2,0.03226475790143013
53,blocks.45.conv1,0.03140410780906677
53,blocks.45.conv2,0.032873526215553284
53,blocks.46.conv1,0.04636688902974129
53,blocks.46.conv2,0.0407860241830349
53,blocks.47.conv1,0.04519118368625641
53,blocks.47.conv2,0.04534662887454033
53,blocks.48.conv1,0.04203835874795914
53,blocks.48.conv2,0.0415240079164505
53,blocks.49.conv1,0.042868323624134064
53,blocks.49.conv2,0.04535641893744469
53,mean_conv2d_grad_norm,0.018444016806338684
54,stem.0,0.7527745962142944
54,blocks.0.conv1,0.2416255921125412
54,blocks.0.conv2,0.10705183446407318
54,blocks.1.conv1,0.06443007290363312
54,blocks.1.conv2,0.0736398994922638
54,blocks.2.conv1,0.08760537952184677
54,blocks.2.conv2,0.09856542944908142
54,blocks.3.conv1,0.13737142086029053
54,blocks.3.conv2,0.1328929364681244
54,blocks.4.conv1,0.0735296979546547
54,blocks.4.conv2,0.13883784413337708
54,blocks.5.conv1,0.11513204127550125
54,blocks.5.conv2,0.12485300749540329
54,blocks.6.conv1,0.10149738192558289
54,blocks.6.conv2,0.12917380034923553
54,blocks.7.conv1,0.10126719623804092
54,blocks.7.conv2,0.06701316684484482
54,blocks.8.conv1,0.13106755912303925
54,blocks.8.conv2,0.077672578394413
54,blocks.9.conv1,0.062408968806266785
54,blocks.9.conv2,0.056512005627155304
54,blocks.10.conv1,0.059389110654592514
54,blocks.10.conv2,0.07712194323539734
54,blocks.11.conv1,0.08373486995697021
54,blocks.11.conv2,0.09644211083650589
54,blocks.12.conv1,0.07643730193376541
54,blocks.12.conv2,0.0900760143995285
54,blocks.13.conv1,0.10451742261648178
54,blocks.13.conv2,0.1297452449798584
54,blocks.14.conv1,0.08630958199501038
54,blocks.14.conv2,0.07996602356433868
54,blocks.15.conv1,0.07004531472921371
54,blocks.15.conv2,0.08528278023004532
54,blocks.16.conv1,0.08638513088226318
54,blocks.16.conv2,0.060963232070207596
54,blocks.17.conv1,0.041458215564489365
54,blocks.17.conv2,0.043502114713191986
54,blocks.18.conv1,0.05874265730381012
54,blocks.18.conv2,0.060989223420619965
54,blocks.19.conv1,0.07813612371683121
54,blocks.19.conv2,0.07835295796394348
54,blocks.20.conv1,0.08180247247219086
54,blocks.20.conv2,0.07164140045642853
54,blocks.21.conv1,0.028139470145106316
54,blocks.21.conv2,0.04143744707107544
54,blocks.22.conv1,0.05845414474606514
54,blocks.22.conv2,0.217349112033844
54,blocks.23.conv1,0.10520195215940475
54,blocks.23.conv2,0.10554974526166916
54,blocks.24.conv1,0.05127790942788124
54,blocks.24.conv2,0.04537780210375786
54,blocks.25.conv1,0.03086511790752411
54,blocks.25.conv2,0.026535341516137123
54,blocks.26.conv1,0.025571579113602638
54,blocks.26.conv2,0.027617841958999634
54,blocks.27.conv1,0.02582276239991188
54,blocks.27.conv2,0.024585774168372154
54,blocks.28.conv1,0.019796598702669144
54,blocks.28.conv2,0.023812098428606987
54,blocks.29.conv1,0.04908265918493271
54,blocks.29.conv2,0.030364857986569405
54,blocks.30.conv1,0.03303113207221031
54,blocks.30.conv2,0.040389709174633026
54,blocks.31.conv1,0.0252839308232069
54,blocks.31.conv2,0.03039923496544361
54,blocks.32.conv1,0.03101957216858864
54,blocks.32.conv2,0.02646186202764511
54,blocks.33.conv1,0.021000053733587265
54,blocks.33.conv2,0.020594913512468338
54,blocks.34.conv1,0.021638236939907074
54,blocks.34.conv2,0.019899336621165276
54,blocks.35.conv1,0.018939657136797905
54,blocks.35.conv2,0.01662631705403328
54,blocks.36.conv1,0.01777052693068981
54,blocks.36.conv2,0.018554532900452614
54,blocks.37.conv1,0.019142255187034607
54,blocks.37.conv2,0.019351987168192863
54,blocks.38.conv1,0.01323340181261301
54,blocks.38.conv2,0.014405593276023865
54,blocks.39.conv1,0.017826460301876068
54,blocks.39.conv2,0.018498165532946587
54,blocks.40.conv1,0.017635097727179527
54,blocks.40.conv2,0.018419986590743065
54,blocks.41.conv1,0.018814196810126305
54,blocks.41.conv2,0.025549383834004402
54,blocks.42.conv1,0.045760270208120346
54,blocks.42.conv2,0.03721852973103523
54,blocks.43.conv1,0.031552959233522415
54,blocks.43.conv2,0.037341270595788956
54,blocks.44.conv1,0.05479523539543152
54,blocks.44.conv2,0.057778190821409225
54,blocks.45.conv1,0.0554153136909008
54,blocks.45.conv2,0.04306827858090401
54,blocks.46.conv1,0.03476838767528534
54,blocks.46.conv2,0.026613468304276466
54,blocks.47.conv1,0.024075429886579514
54,blocks.47.conv2,0.026962466537952423
54,blocks.48.conv1,0.03333950787782669
54,blocks.48.conv2,0.034431058913469315
54,blocks.49.conv1,0.0366070419549942
54,blocks.49.conv2,0.034430019557476044
54,mean_conv2d_grad_norm,0.06585592915774277
55,stem.0,0.040174003690481186
55,blocks.0.conv1,0.02164803445339203
55,blocks.0.conv2,0.017235901206731796
55,blocks.1.conv1,0.008999569341540337
55,blocks.1.conv2,0.012385590001940727
55,blocks.2.conv1,0.014548925682902336
55,blocks.2.conv2,0.011593285948038101
55,blocks.3.conv1,0.011937274597585201
55,blocks.3.conv2,0.01497356966137886
55,blocks.4.conv1,0.013562182895839214
55,blocks.4.conv2,0.015273375436663628
55,blocks.5.conv1,0.014978616498410702
55,blocks.5.conv2,0.015130441635847092
55,blocks.6.conv1,0.013505430892109871
55,blocks.6.conv2,0.013907834887504578
55,blocks.7.conv1,0.015379118733108044
55,blocks.7.conv2,0.020568136125802994
55,blocks.8.conv1,0.01999620907008648
55,blocks.8.conv2,0.020865092054009438
55,blocks.9.conv1,0.01173764280974865
55,blocks.9.conv2,0.010296085849404335
55,blocks.10.conv1,0.00998550746589899
55,blocks.10.conv2,0.012647883035242558
55,blocks.11.conv1,0.013566612266004086
55,blocks.11.conv2,0.014127717353403568
55,blocks.12.conv1,0.013811315409839153
55,blocks.12.conv2,0.01934800297021866
55,blocks.13.conv1,0.02101997472345829
55,blocks.13.conv2,0.02224874123930931
55,blocks.14.conv1,0.014174840413033962
55,blocks.14.conv2,0.012720892205834389
55,blocks.15.conv1,0.012453220784664154
55,blocks.15.conv2,0.017899930477142334
55,blocks.16.conv1,0.021082192659378052
55,blocks.16.conv2,0.014076750725507736
55,blocks.17.conv1,0.010661336593329906
55,blocks.17.conv2,0.010770951397716999
55,blocks.18.conv1,0.012130418792366982
55,blocks.18.conv2,0.01372587401419878
55,blocks.19.conv1,0.01656508632004261
55,blocks.19.conv2,0.03492452949285507
55,blocks.20.conv1,0.029792780056595802
55,blocks.20.conv2,0.01704673282802105
55,blocks.21.conv1,0.011526202782988548
55,blocks.21.conv2,0.01445193774998188
55,blocks.22.conv1,0.02051669918000698
55,blocks.22.conv2,0.020890560001134872
55,blocks.23.conv1,0.022736385464668274
55,blocks.23.conv2,0.025342455133795738
55,blocks.24.conv1,0.02175300009548664
55,blocks.24.conv2,0.015678733587265015
55,blocks.25.conv1,0.018852703273296356
55,blocks.25.conv2,0.023259837180376053
55,blocks.26.conv1,0.020265517756342888
55,blocks.26.conv2,0.02084922417998314
55,blocks.27.conv1,0.020264869555830956
55,blocks.27.conv2,0.020184610038995743
55,blocks.28.conv1,0.021486643701791763
55,blocks.28.conv2,0.024635935202240944
55,blocks.29.conv1,0.02461489848792553
55,blocks.29.conv2,0.01565455086529255
55,blocks.30.conv1,0.01682310365140438
55,blocks.30.conv2,0.03477168455719948
55,blocks.31.conv1,0.033950936049222946
55,blocks.31.conv2,0.02743738330900669
55,blocks.32.conv1,0.043165743350982666
55,blocks.32.conv2,0.04872743785381317
55,blocks.33.conv1,0.05123297497630119
55,blocks.33.conv2,0.049844857305288315
55,blocks.34.conv1,0.0490829199552536
55,blocks.34.conv2,0.03757268562912941
55,blocks.35.conv1,0.029517762362957
55,blocks.35.conv2,0.02667916938662529
55,blocks.36.conv1,0.030171960592269897
55,blocks.36.conv2,0.030284766107797623
55,blocks.37.conv1,0.03394916653633118
55,blocks.37.conv2,0.040676459670066833
55,blocks.38.conv1,0.04745567589998245
55,blocks.38.conv2,0.03857225552201271
55,blocks.39.conv1,0.051236625760793686
55,blocks.39.conv2,0.048697806894779205
55,blocks.40.conv1,0.046775806695222855
55,blocks.40.conv2,0.038151927292346954
55,blocks.41.conv1,0.04008839651942253
55,blocks.41.conv2,0.04126632958650589
55,blocks.42.conv1,0.04172060266137123
55,blocks.42.conv2,0.03903486579656601
55,blocks.43.conv1,0.03498029708862305
55,blocks.43.conv2,0.037583693861961365
55,blocks.44.conv1,0.04026016220450401
55,blocks.44.conv2,0.04031644016504288
55,blocks.45.conv1,0.04880780726671219
55,blocks.45.conv2,0.04783135652542114
55,blocks.46.conv1,0.04447217285633087
55,blocks.46.conv2,0.05093246325850487
55,blocks.47.conv1,0.04800204932689667
55,blocks.47.conv2,0.0457688607275486
55,blocks.48.conv1,0.04774341732263565
55,blocks.48.conv2,0.061582982540130615
55,blocks.49.conv1,0.06899310648441315
55,blocks.49.conv2,0.05677349120378494
55,mean_conv2d_grad_norm,0.027300791897912426
56,stem.0,0.14963464438915253
56,blocks.0.conv1,0.08418331295251846
56,blocks.0.conv2,0.06161194294691086
56,blocks.1.conv1,0.042953576892614365
56,blocks.1.conv2,0.06453125178813934
56,blocks.2.conv1,0.05946575477719307
56,blocks.2.conv2,0.03319942578673363
56,blocks.3.conv1,0.05724624544382095
56,blocks.3.conv2,0.08127043396234512
56,blocks.4.conv1,0.061273884028196335
56,blocks.4.conv2,0.02679920569062233
56,blocks.5.conv1,0.03673001751303673
56,blocks.5.conv2,0.0467141754925251
56,blocks.6.conv1,0.03343335911631584
56,blocks.6.conv2,0.04115979000926018
56,blocks.7.conv1,0.03221966326236725
56,blocks.7.conv2,0.03356151282787323
56,blocks.8.conv1,0.02658158726990223
56,blocks.8.conv2,0.024561485275626183
56,blocks.9.conv1,0.023611130192875862
56,blocks.9.conv2,0.040302179753780365
56,blocks.10.conv1,0.031661707907915115
56,blocks.10.conv2,0.03272087872028351
56,blocks.11.conv1,0.07423187792301178
56,blocks.11.conv2,0.07680343836545944
56,blocks.12.conv1,0.09786223620176315
56,blocks.12.conv2,0.0923912525177002
56,blocks.13.conv1,0.0648527592420578
56,blocks.13.conv2,0.04401981830596924
56,blocks.14.conv1,0.024473460391163826
56,blocks.14.conv2,0.0184077937155962
56,blocks.15.conv1,0.012258623726665974
56,blocks.15.conv2,0.018850957974791527
56,blocks.16.conv1,0.01878798007965088
56,blocks.16.conv2,0.014298404566943645
56,blocks.17.conv1,0.007563397288322449
56,blocks.17.conv2,0.00834804680198431
56,blocks.18.conv1,0.015385262668132782
56,blocks.18.conv2,0.013843927532434464
56,blocks.19.conv1,0.013135857880115509
56,blocks.19.conv2,0.013269977644085884
56,blocks.20.conv1,0.014972715638577938
56,blocks.20.conv2,0.013954110443592072
56,blocks.21.conv1,0.006635364145040512
56,blocks.21.conv2,0.017799023538827896
56,blocks.22.conv1,0.012534825131297112
56,blocks.22.conv2,0.01577255316078663
56,blocks.23.conv1,0.02690166048705578
56,blocks.23.conv2,0.020920932292938232
56,blocks.24.conv1,0.014916553162038326
56,blocks.24.conv2,0.013502801768481731
56,blocks.25.conv1,0.017719263210892677
56,blocks.25.conv2,0.020424097776412964
56,blocks.26.conv1,0.01657555252313614
56,blocks.26.conv2,0.01219737809151411
56,blocks.27.conv1,0.01325987745076418
56,blocks.27.conv2,0.01709805615246296
56,blocks.28.conv1,0.015056236647069454
56,blocks.28.conv2,0.015150034800171852
56,blocks.29.conv1,0.016687385737895966
56,blocks.29.conv2,0.014697770588099957
56,blocks.30.conv1,0.022752245888113976
56,blocks.30.conv2,0.042710814625024796
56,blocks.31.conv1,0.027072211727499962
56,blocks.31.conv2,0.03499430790543556
56,blocks.32.conv1,0.0335966981947422
56,blocks.32.conv2,0.04461332783102989
56,blocks.33.conv1,0.04934573546051979
56,blocks.33.conv2,0.04250979423522949
56,blocks.34.conv1,0.05798153951764107
56,blocks.34.conv2,0.037553489208221436
56,blocks.35.conv1,0.03358939662575722
56,blocks.35.conv2,0.035042040050029755
56,blocks.36.conv1,0.03436431288719177
56,blocks.36.conv2,0.03800680860877037
56,blocks.37.conv1,0.04177461192011833
56,blocks.37.conv2,0.03859981521964073
56,blocks.38.conv1,0.03662737086415291
56,blocks.38.conv2,0.03410452604293823
56,blocks.39.conv1,0.04692083224654198
56,blocks.39.conv2,0.041515447199344635
56,blocks.40.conv1,0.033459506928920746
56,blocks.40.conv2,0.03444031998515129
56,blocks.41.conv1,0.039023466408252716
56,blocks.41.conv2,0.0377352200448513
56,blocks.42.conv1,0.03401985764503479
56,blocks.42.conv2,0.03202427923679352
56,blocks.43.conv1,0.029282528907060623
56,blocks.43.conv2,0.03016059473156929
56,blocks.44.conv1,0.03142128512263298
56,blocks.44.conv2,0.03395597264170647
56,blocks.45.conv1,0.03716645389795303
56,blocks.45.conv2,0.039983805269002914
56,blocks.46.conv1,0.04362824559211731
56,blocks.46.conv2,0.04249463602900505
56,blocks.47.conv1,0.05258331075310707
56,blocks.47.conv2,0.06428645551204681
56,blocks.48.conv1,0.07113008201122284
56,blocks.48.conv2,0.07529524713754654
56,blocks.49.conv1,0.06367967277765274
56,blocks.49.conv2,0.0601624958217144
56,mean_conv2d_grad_norm,0.03693660588400199
57,stem.0,0.04260002821683884
57,blocks.0.conv1,0.03010150045156479
57,blocks.0.conv2,0.01947895996272564
57,blocks.1.conv1,0.03623563423752785
57,blocks.1.conv2,0.03711418807506561
57,blocks.2.conv1,0.04783741012215614
57,blocks.2.conv2,0.06114300712943077
57,blocks.3.conv1,0.06251917034387589
57,blocks.3.conv2,0.04206746816635132
57,blocks.4.conv1,0.04533957690000534
57,blocks.4.conv2,0.04264029860496521
57,blocks.5.conv1,0.042436063289642334
57,blocks.5.conv2,0.04164858162403107
57,blocks.6.conv1,0.04406357556581497
57,blocks.6.conv2,0.04709356650710106
57,blocks.7.conv1,0.05021267011761665
57,blocks.7.conv2,0.054433755576610565
57,blocks.8.conv1,0.06000552326440811
57,blocks.8.conv2,0.08826252073049545
57,blocks.9.conv1,0.0407039150595665
57,blocks.9.conv2,0.031760793179273605
57,blocks.10.conv1,0.018616532906889915
57,blocks.10.conv2,0.023156482726335526
57,blocks.11.conv1,0.03773443028330803
57,blocks.11.conv2,0.03689027577638626
57,blocks.12.conv1,0.02829544059932232
57,blocks.12.conv2,0.028170540928840637
57,blocks.13.conv1,0.022944768890738487
57,blocks.13.conv2,0.021026231348514557
57,blocks.14.conv1,0.023149607703089714
57,blocks.14.conv2,0.020443489775061607
57,blocks.15.conv1,0.016008131206035614
57,blocks.15.conv2,0.019299950450658798
57,blocks.16.conv1,0.014210682362318039
57,blocks.16.conv2,0.013504558242857456
57,blocks.17.conv1,0.011384616605937481
57,blocks.17.conv2,0.016001924872398376
57,blocks.18.conv1,0.021854352205991745
57,blocks.18.conv2,0.030400706455111504
57,blocks.19.conv1,0.05344245582818985
57,blocks.19.conv2,0.03928004577755928
57,blocks.20.conv1,0.030988287180662155
57,blocks.20.conv2,0.019956810399889946
57,blocks.21.conv1,0.01852111518383026
57,blocks.21.conv2,0.018860453739762306
57,blocks.22.conv1,0.023552753031253815
57,blocks.22.conv2,0.01967683620750904
57,blocks.23.conv1,0.03472425043582916
57,blocks.23.conv2,0.028707405552268028
57,blocks.24.conv1,0.025058770552277565
57,blocks.24.conv2,0.025003671646118164
57,blocks.25.conv1,0.02897895872592926
57,blocks.25.conv2,0.03241563215851784
57,blocks.26.conv1,0.03440230339765549
57,blocks.26.conv2,0.041397131979465485
57,blocks.27.conv1,0.04323669523000717
57,blocks.27.conv2,0.03564915433526039
57,blocks.28.conv1,0.03277093917131424
57,blocks.28.conv2,0.033814188092947006
57,blocks.29.conv1,0.030341293662786484
57,blocks.29.conv2,0.03818674013018608
57,blocks.30.conv1,0.04885077103972435
57,blocks.30.conv2,0.06897060573101044
57,blocks.31.conv1,0.045453764498233795
57,blocks.31.conv2,0.04573310911655426
57,blocks.32.conv1,0.03886423632502556
57,blocks.32.conv2,0.03937085345387459
57,blocks.33.conv1,0.033671703189611435
57,blocks.33.conv2,0.03254600241780281
57,blocks.34.conv1,0.03172169625759125
57,blocks.34.conv2,0.044747620820999146
57,blocks.35.conv1,0.03839718922972679
57,blocks.35.conv2,0.04030238464474678
57,blocks.36.conv1,0.040602460503578186
57,blocks.36.conv2,0.04266233369708061
57,blocks.37.conv1,0.05207725614309311
57,blocks.37.conv2,0.03912627696990967
57,blocks.38.conv1,0.026319993659853935
57,blocks.38.conv2,0.023107273504137993
57,blocks.39.conv1,0.03117794170975685
57,blocks.39.conv2,0.03140750899910927
57,blocks.40.conv1,0.026745114475488663
57,blocks.40.conv2,0.02438376657664776
57,blocks.41.conv1,0.026918554678559303
57,blocks.41.conv2,0.030774729326367378
57,blocks.42.conv1,0.0362335704267025
57,blocks.42.conv2,0.04385191947221756
57,blocks.43.conv1,0.03983580321073532
57,blocks.43.conv2,0.04565538465976715
57,blocks.44.conv1,0.0511508546769619
57,blocks.44.conv2,0.05793943256139755
57,blocks.45.conv1,0.0633745864033699
57,blocks.45.conv2,0.05883418768644333
57,blocks.46.conv1,0.05941734462976456
57,blocks.46.conv2,0.05279158800840378
57,blocks.47.conv1,0.055550094693899155
57,blocks.47.conv2,0.0518326610326767
57,blocks.48.conv1,0.05222998932003975
57,blocks.48.conv2,0.0506240576505661
57,blocks.49.conv1,0.057859718799591064
57,blocks.49.conv2,0.09575073421001434
57,mean_conv2d_grad_norm,0.03798635541876354
58,stem.0,0.007403720170259476
58,blocks.0.conv1,0.0130229527130723
58,blocks.0.conv2,0.014165087603032589
58,blocks.1.conv1,0.014201709069311619
58,blocks.1.conv2,0.01590174064040184
58,blocks.2.conv1,0.01876155100762844
58,blocks.2.conv2,0.014801742509007454
58,blocks.3.conv1,0.013378231786191463
58,blocks.3.conv2,0.024556536227464676
58,blocks.4.conv1,0.01662532612681389
58,blocks.4.conv2,0.009501398541033268
58,blocks.5.conv1,0.011283628642559052
58,blocks.5.conv2,0.018050028011202812
58,blocks.6.conv1,0.020034609362483025
58,blocks.6.conv2,0.014629127457737923
58,blocks.7.conv1,0.011730222962796688
58,blocks.7.conv2,0.015474393032491207
58,blocks.8.conv1,0.018168065696954727
58,blocks.8.conv2,0.023624952882528305
58,blocks.9.conv1,0.019840778782963753
58,blocks.9.conv2,0.016313480213284492
58,blocks.10.conv1,0.011380594223737717
58,blocks.10.conv2,0.008484594523906708
58,blocks.11.conv1,0.009395909495651722
58,blocks.11.conv2,0.01558869518339634
58,blocks.12.conv1,0.009118125773966312
58,blocks.12.conv2,0.010083702392876148
58,blocks.13.conv1,0.013477113097906113
58,blocks.13.conv2,0.014679967425763607
58,blocks.14.conv1,0.0157576035708189
58,blocks.14.conv2,0.015548422001302242
58,blocks.15.conv1,0.027375398203730583
58,blocks.15.conv2,0.05102615803480148
58,blocks.16.conv1,0.05211586132645607
58,blocks.16.conv2,0.05350300669670105
58,blocks.17.conv1,0.021030671894550323
58,blocks.17.conv2,0.018178457394242287
58,blocks.18.conv1,0.018889574334025383
58,blocks.18.conv2,0.02158786915242672
58,blocks.19.conv1,0.024403274059295654
58,blocks.19.conv2,0.019287722185254097
58,blocks.20.conv1,0.01807531714439392
58,blocks.20.conv2,0.020783035084605217
58,blocks.21.conv1,0.013633952476084232
58,blocks.21.conv2,0.01568443514406681
58,blocks.22.conv1,0.01681388169527054
58,blocks.22.conv2,0.01932365633547306
58,blocks.23.conv1,0.01836521178483963
58,blocks.23.conv2,0.018226545304059982
58,blocks.24.conv1,0.018200069665908813
58,blocks.24.conv2,0.018569592386484146
58,blocks.25.conv1,0.02064697816967964
58,blocks.25.conv2,0.0202654916793108
58,blocks.26.conv1,0.01579006388783455
58,blocks.26.conv2,0.018624428659677505
58,blocks.27.conv1,0.018478453159332275
58,blocks.27.conv2,0.017637012526392937
58,blocks.28.conv1,0.01327914372086525
58,blocks.28.conv2,0.013845509849488735
58,blocks.29.conv1,0.01392226293683052
58,blocks.29.conv2,0.015781408175826073
58,blocks.30.conv1,0.017737722024321556
58,blocks.30.conv2,0.01936289668083191
58,blocks.31.conv1,0.018452424556016922
58,blocks.31.conv2,0.02114386111497879
58,blocks.32.conv1,0.031335365027189255
58,blocks.32.conv2,0.02536584623157978
58,blocks.33.conv1,0.02892717346549034
58,blocks.33.conv2,0.029538655653595924
58,blocks.34.conv1,0.03258739411830902
58,blocks.34.conv2,0.03440405800938606
58,blocks.35.conv1,0.03527410700917244
58,blocks.35.conv2,0.03246332332491875
58,blocks.36.conv1,0.03367122635245323
58,blocks.36.conv2,0.03714418411254883
58,blocks.37.conv1,0.03642145171761513
58,blocks.37.conv2,0.032253045588731766
58,blocks.38.conv1,0.026032153517007828
58,blocks.38.conv2,0.023792315274477005
58,blocks.39.conv1,0.027278324589133263
58,blocks.39.conv2,0.02630479820072651
58,blocks.40.conv1,0.028138838708400726
58,blocks.40.conv2,0.0259650107473135
58,blocks.41.conv1,0.030143002048134804
58,blocks.41.conv2,0.03832192346453667
58,blocks.42.conv1,0.04861018434166908
58,blocks.42.conv2,0.054363902658224106
58,blocks.43.conv1,0.05454421415925026
58,blocks.43.conv2,0.06790710240602493
58,blocks.44.conv1,0.08007499575614929
58,blocks.44.conv2,0.06923487037420273
58,blocks.45.conv1,0.06286192685365677
58,blocks.45.conv2,0.05629408359527588
58,blocks.46.conv1,0.06928817927837372
58,blocks.46.conv2,0.0589158833026886
58,blocks.47.conv1,0.060651667416095734
58,blocks.47.conv2,0.06981740146875381
58,blocks.48.conv1,0.07234760373830795
58,blocks.48.conv2,0.06971082091331482
58,blocks.49.conv1,0.06965320557355881
58,blocks.49.conv2,0.06988757103681564
58,mean_conv2d_grad_norm,0.028064863055501835
59,stem.0,0.09521304816007614
59,blocks.0.conv1,0.053308285772800446
59,blocks.0.conv2,0.04756048321723938
59,blocks.1.conv1,0.025161806493997574
59,blocks.1.conv2,0.025069840252399445
59,blocks.2.conv1,0.03429147228598595
59,blocks.2.conv2,0.023571407422423363
59,blocks.3.conv1,0.030559716746211052
59,blocks.3.conv2,0.05222601071000099
59,blocks.4.conv1,0.03206497058272362
59,blocks.4.conv2,0.023959917947649956
59,blocks.5.conv1,0.028842035681009293
59,blocks.5.conv2,0.03321040794253349
59,blocks.6.conv1,0.016846025362610817
59,blocks.6.conv2,0.02568637765944004
59,blocks.7.conv1,0.018467504531145096
59,blocks.7.conv2,0.015217620879411697
59,blocks.8.conv1,0.011692850850522518
59,blocks.8.conv2,0.016232851892709732
59,blocks.9.conv1,0.022991184145212173
59,blocks.9.conv2,0.023112988099455833
59,blocks.10.conv1,0.016414133831858635
59,blocks.10.conv2,0.008187753148376942
59,blocks.11.conv1,0.007609017658978701
59,blocks.11.conv2,0.00970381498336792
59,blocks.12.conv1,0.005590488668531179
59,blocks.12.conv2,0.012317074462771416
59,blocks.13.conv1,0.0183445755392313
59,blocks.13.conv2,0.02629927545785904
59,blocks.14.conv1,0.027536634355783463
59,blocks.14.conv2,0.014345279894769192
59,blocks.15.conv1,0.015192649327218533
59,blocks.15.conv2,0.01518257986754179
59,blocks.16.conv1,0.013534790836274624
59,blocks.16.conv2,0.011693802662193775
59,blocks.17.conv1,0.008763554506003857
59,blocks.17.conv2,0.019516700878739357
59,blocks.18.conv1,0.01632816344499588
59,blocks.18.conv2,0.03560178354382515
59,blocks.19.conv1,0.03235048055648804
59,blocks.19.conv2,0.03234291821718216
59,blocks.20.conv1,0.03195854276418686
59,blocks.20.conv2,0.03066837228834629
59,blocks.21.conv1,0.02541680820286274
59,blocks.21.conv2,0.05891548842191696
59,blocks.22.conv1,0.06559239327907562
59,blocks.22.conv2,0.048249635845422745
59,blocks.23.conv1,0.049435343593358994
59,blocks.23.conv2,0.035792265087366104
59,blocks.24.conv1,0.029772460460662842
59,blocks.24.conv2,0.023325147107243538
59,blocks.25.conv1,0.03448432311415672
59,blocks.25.conv2,0.030744049698114395
59,blocks.26.conv1,0.024087080731987953
59,blocks.26.conv2,0.023392559960484505
59,blocks.27.conv1,0.027167100459337234
59,blocks.27.conv2,0.02420945093035698
59,blocks.28.conv1,0.021717075258493423
59,blocks.28.conv2,0.017896119505167007
59,blocks.29.conv1,0.019455065950751305
59,blocks.29.conv2,0.0160722304135561
59,blocks.30.conv1,0.012263040989637375
59,blocks.30.conv2,0.014873613603413105
59,blocks.31.conv1,0.013585864566266537
59,blocks.31.conv2,0.015092113986611366
59,blocks.32.conv1,0.01966399885714054
59,blocks.32.conv2,0.016573425382375717
59,blocks.33.conv1,0.014807721599936485
59,blocks.33.conv2,0.016830842941999435
59,blocks.34.conv1,0.01503802090883255
59,blocks.34.conv2,0.01493565272539854
59,blocks.35.conv1,0.017107482999563217
59,blocks.35.conv2,0.01783476397395134
59,blocks.36.conv1,0.0181959867477417
59,blocks.36.conv2,0.02533252164721489
59,blocks.37.conv1,0.03038116544485092
59,blocks.37.conv2,0.026374192908406258
59,blocks.38.conv1,0.02016104944050312
59,blocks.38.conv2,0.015340970829129219
59,blocks.39.conv1,0.017270468175411224
59,blocks.39.conv2,0.018772203475236893
59,blocks.40.conv1,0.02063964493572712
59,blocks.40.conv2,0.02146613411605358
59,blocks.41.conv1,0.024850571528077126
59,blocks.41.conv2,0.02922782488167286
59,blocks.42.conv1,0.02820209227502346
59,blocks.42.conv2,0.03498373180627823
59,blocks.43.conv1,0.03915207087993622
59,blocks.43.conv2,0.03684704378247261
59,blocks.44.conv1,0.03893118351697922
59,blocks.44.conv2,0.043154772371053696
59,blocks.45.conv1,0.042516738176345825
59,blocks.45.conv2,0.04505721852183342
59,blocks.46.conv1,0.041948895901441574
59,blocks.46.conv2,0.044246137142181396
59,blocks.47.conv1,0.049673158675432205
59,blocks.47.conv2,0.04703725501894951
59,blocks.48.conv1,0.048360612243413925
59,blocks.48.conv2,0.06070169806480408
59,blocks.49.conv1,0.07457379251718521
59,blocks.49.conv2,0.06951230019330978
59,mean_conv2d_grad_norm,0.028138730389130586
60,stem.0,0.10826174914836884
60,blocks.0.conv1,0.03928059712052345
60,blocks.0.conv2,0.0238807313144207
60,blocks.1.conv1,0.01204436644911766
60,blocks.1.conv2,0.013781342655420303
60,blocks.2.conv1,0.012544759549200535
60,blocks.2.conv2,0.009159521199762821
60,blocks.3.conv1,0.011597614735364914
60,blocks.3.conv2,0.015637485310435295
60,blocks.4.conv1,0.011634450405836105
60,blocks.4.conv2,0.00968521274626255
60,blocks.5.conv1,0.010083832778036594
60,blocks.5.conv2,0.013067883439362049
60,blocks.6.conv1,0.01500640157610178
60,blocks.6.conv2,0.02363712526857853
60,blocks.7.conv1,0.021463286131620407
60,blocks.7.conv2,0.017547456547617912
60,blocks.8.conv1,0.01539562176913023
60,blocks.8.conv2,0.017517734318971634
60,blocks.9.conv1,0.013040972873568535
60,blocks.9.conv2,0.012531484477221966
60,blocks.10.conv1,0.01286524161696434
60,blocks.10.conv2,0.012380145490169525
60,blocks.11.conv1,0.011738765984773636
60,blocks.11.conv2,0.020780444145202637
60,blocks.12.conv1,0.016122329980134964
60,blocks.12.conv2,0.01661151647567749
60,blocks.13.conv1,0.015396150760352612
60,blocks.13.conv2,0.013129382394254208
60,blocks.14.conv1,0.0215724166482687
60,blocks.14.conv2,0.018429642543196678
60,blocks.15.conv1,0.021080587059259415
60,blocks.15.conv2,0.025041278451681137
60,blocks.16.conv1,0.029407434165477753
60,blocks.16.conv2,0.024960413575172424
60,blocks.17.conv1,0.023049283772706985
60,blocks.17.conv2,0.025158029049634933
60,blocks.18.conv1,0.026134289801120758
60,blocks.18.conv2,0.02957119792699814
60,blocks.19.conv1,0.02090514451265335
60,blocks.19.conv2,0.01981540583074093
60,blocks.20.conv1,0.01617165096104145
60,blocks.20.conv2,0.022479617968201637
60,blocks.21.conv1,0.030327344313263893
60,blocks.21.conv2,0.03366728127002716
60,blocks.22.conv1,0.025569986552000046
60,blocks.22.conv2,0.03251473978161812
60,blocks.23.conv1,0.023222491145133972
60,blocks.23.conv2,0.02658967301249504
60,blocks.24.conv1,0.014949200674891472
60,blocks.24.conv2,0.01245219074189663
60,blocks.25.conv1,0.03185649216175079
60,blocks.25.conv2,0.02297828160226345
60,blocks.26.conv1,0.028311148285865784
60,blocks.26.conv2,0.02131040394306183
60,blocks.27.conv1,0.02063015103340149
60,blocks.27.conv2,0.020056577399373055
60,blocks.28.conv1,0.020012058317661285
60,blocks.28.conv2,0.019561175256967545
60,blocks.29.conv1,0.024475455284118652
60,blocks.29.conv2,0.01936943456530571
60,blocks.30.conv1,0.024466190487146378
60,blocks.30.conv2,0.02401743270456791
60,blocks.31.conv1,0.02542092092335224
60,blocks.31.conv2,0.029530609026551247
60,blocks.32.conv1,0.03578995540738106
60,blocks.32.conv2,0.02347187139093876
60,blocks.33.conv1,0.01991770789027214
60,blocks.33.conv2,0.019922228530049324
60,blocks.34.conv1,0.019300561398267746
60,blocks.34.conv2,0.01999640092253685
60,blocks.35.conv1,0.019154459238052368
60,blocks.35.conv2,0.020512472838163376
60,blocks.36.conv1,0.018615907058119774
60,blocks.36.conv2,0.01940247416496277
60,blocks.37.conv1,0.018859289586544037
60,blocks.37.conv2,0.018860459327697754
60,blocks.38.conv1,0.019778911024332047
60,blocks.38.conv2,0.018408728763461113
60,blocks.39.conv1,0.02451084926724434
60,blocks.39.conv2,0.02226339466869831
60,blocks.40.conv1,0.02167508751153946
60,blocks.40.conv2,0.024034110829234123
60,blocks.41.conv1,0.025546934455633163
60,blocks.41.conv2,0.0303393192589283
60,blocks.42.conv1,0.0320458710193634
60,blocks.42.conv2,0.028227733448147774
60,blocks.43.conv1,0.03907844424247742
60,blocks.43.conv2,0.03875201940536499
60,blocks.44.conv1,0.037522509694099426
60,blocks.44.conv2,0.040887635201215744
60,blocks.45.conv1,0.04470285773277283
60,blocks.45.conv2,0.042350880801677704
60,blocks.46.conv1,0.049701616168022156
60,blocks.46.conv2,0.046614788472652435
60,blocks.47.conv1,0.05085568130016327
60,blocks.47.conv2,0.04711601138114929
60,blocks.48.conv1,0.04649368301033974
60,blocks.48.conv2,0.05079421401023865
60,blocks.49.conv1,0.06393030285835266
60,blocks.49.conv2,0.07677255570888519
60,mean_conv2d_grad_norm,0.025515813518795047
61,stem.0,0.023681623861193657
61,blocks.0.conv1,0.009538938291370869
61,blocks.0.conv2,0.0073079075664281845
61,blocks.1.conv1,0.01159074530005455
61,blocks.1.conv2,0.015004673041403294
61,blocks.2.conv1,0.0214692410081625
61,blocks.2.conv2,0.016101853922009468
61,blocks.3.conv1,0.018520984798669815
61,blocks.3.conv2,0.01821242831647396
61,blocks.4.conv1,0.01293939258903265
61,blocks.4.conv2,0.007534264121204615
61,blocks.5.conv1,0.008362790569663048
61,blocks.5.conv2,0.013797189109027386
61,blocks.6.conv1,0.019105851650238037
61,blocks.6.conv2,0.01604519598186016
61,blocks.7.conv1,0.01033378392457962
61,blocks.7.conv2,0.012219891883432865
61,blocks.8.conv1,0.015586717054247856
61,blocks.8.conv2,0.02233075350522995
61,blocks.9.conv1,0.016291256994009018
61,blocks.9.conv2,0.016952034085989
61,blocks.10.conv1,0.012114236131310463
61,blocks.10.conv2,0.012979128398001194
61,blocks.11.conv1,0.014845263212919235
61,blocks.11.conv2,0.017534293234348297
61,blocks.12.conv1,0.014062583446502686
61,blocks.12.conv2,0.02002015709877014
61,blocks.13.conv1,0.019832715392112732
61,blocks.13.conv2,0.02511795051395893
61,blocks.14.conv1,0.029481686651706696
61,blocks.14.conv2,0.03512618690729141
61,blocks.15.conv1,0.04773717001080513
61,blocks.15.conv2,0.07321619242429733
61,blocks.16.conv1,0.08938097953796387
61,blocks.16.conv2,0.0914088636636734
61,blocks.17.conv1,0.10261640697717667
61,blocks.17.conv2,0.15253892540931702
61,blocks.18.conv1,0.13497106730937958
61,blocks.18.conv2,0.1435631513595581
61,blocks.19.conv1,0.10574886202812195
61,blocks.19.conv2,0.07147757709026337
61,blocks.20.conv1,0.036693502217531204
61,blocks.20.conv2,0.03995267301797867
61,blocks.21.conv1,0.07160086929798126
61,blocks.21.conv2,0.12314718216657639
61,blocks.22.conv1,0.08586199581623077
61,blocks.22.conv2,0.054055895656347275
61,blocks.23.conv1,0.04066437482833862
61,blocks.23.conv2,0.08578990399837494
61,blocks.24.conv1,0.06455551832914352
61,blocks.24.conv2,0.02391722798347473
61,blocks.25.conv1,0.039215754717588425
61,blocks.25.conv2,0.04254138469696045
61,blocks.26.conv1,0.04002517834305763
61,blocks.26.conv2,0.03821949660778046
61,blocks.27.conv1,0.03996417671442032
61,blocks.27.conv2,0.04525071009993553
61,blocks.28.conv1,0.040859952569007874
61,blocks.28.conv2,0.0463188998401165
61,blocks.29.conv1,0.04300997778773308
61,blocks.29.conv2,0.06287507712841034
61,blocks.30.conv1,0.050345052033662796
61,blocks.30.conv2,0.06505869328975677
61,blocks.31.conv1,0.03917684033513069
61,blocks.31.conv2,0.055449578911066055
61,blocks.32.conv1,0.04421188682317734
61,blocks.32.conv2,0.057291872799396515
61,blocks.33.conv1,0.04757465422153473
61,blocks.33.conv2,0.04732012748718262
61,blocks.34.conv1,0.04751916602253914
61,blocks.34.conv2,0.055586013942956924
61,blocks.35.conv1,0.06886995583772659
61,blocks.35.conv2,0.07160917669534683
61,blocks.36.conv1,0.07625042647123337
61,blocks.36.conv2,0.08510515838861465
61,blocks.37.conv1,0.11051984876394272
61,blocks.37.conv2,0.10766538977622986
61,blocks.38.conv1,0.15331801772117615
61,blocks.38.conv2,0.16521455347537994
61,blocks.39.conv1,0.157075434923172
61,blocks.39.conv2,0.19126403331756592
61,blocks.40.conv1,0.18732210993766785
61,blocks.40.conv2,0.18848533928394318
61,blocks.41.conv1,0.1725100427865982
61,blocks.41.conv2,0.16433987021446228
61,blocks.42.conv1,0.14798709750175476
61,blocks.42.conv2,0.16433914005756378
61,blocks.43.conv1,0.21029873192310333
61,blocks.43.conv2,0.2068764567375183
61,blocks.44.conv1,0.23595575988292694
61,blocks.44.conv2,0.22956183552742004
61,blocks.45.conv1,0.23150047659873962
61,blocks.45.conv2,0.23764580488204956
61,blocks.46.conv1,0.19757884740829468
61,blocks.46.conv2,0.15410983562469482
61,blocks.47.conv1,0.12006989866495132
61,blocks.47.conv2,0.09196147322654724
61,blocks.48.conv1,0.07441320270299911
61,blocks.48.conv2,0.08052877336740494
61,blocks.49.conv1,0.07691925019025803
61,blocks.49.conv2,0.08188728243112564
61,mean_conv2d_grad_norm,0.07467265125124319
62,stem.0,0.017431780695915222
62,blocks.0.conv1,0.01838313415646553
62,blocks.0.conv2,0.01300028245896101
62,blocks.1.conv1,0.009336854331195354
62,blocks.1.conv2,0.011091326363384724
62,blocks.2.conv1,0.01973179541528225
62,blocks.2.conv2,0.027314694598317146
62,blocks.3.conv1,0.022979022935032845
62,blocks.3.conv2,0.0476413369178772
62,blocks.4.conv1,0.02764471434056759
62,blocks.4.conv2,0.013963420875370502
62,blocks.5.conv1,0.012503408826887608
62,blocks.5.conv2,0.010261816903948784
62,blocks.6.conv1,0.017869628965854645
62,blocks.6.conv2,0.018163178116083145
62,blocks.7.conv1,0.011402323842048645
62,blocks.7.conv2,0.009568256326019764
62,blocks.8.conv1,0.008199246600270271
62,blocks.8.conv2,0.010496220551431179
62,blocks.9.conv1,0.009773594327270985
62,blocks.9.conv2,0.0072452290914952755
62,blocks.10.conv1,0.0051239910535514355
62,blocks.10.conv2,0.003590527456253767
62,blocks.11.conv1,0.005142860114574432
62,blocks.11.conv2,0.015281584113836288
62,blocks.12.conv1,0.009512349963188171
62,blocks.12.conv2,0.007607185281813145
62,blocks.13.conv1,0.006530292797833681
62,blocks.13.conv2,0.004628784954547882
62,blocks.14.conv1,0.005554309114813805
62,blocks.14.conv2,0.005301404278725386
62,blocks.15.conv1,0.005285181105136871
62,blocks.15.conv2,0.005103983450680971
62,blocks.16.conv1,0.005127900280058384
62,blocks.16.conv2,0.004527495242655277
62,blocks.17.conv1,0.005043769720941782
62,blocks.17.conv2,0.005202800501137972
62,blocks.18.conv1,0.007989638485014439
62,blocks.18.conv2,0.005679572932422161
62,blocks.19.conv1,0.007172952871769667
62,blocks.19.conv2,0.010588856413960457
62,blocks.20.conv1,0.01228824071586132
62,blocks.20.conv2,0.011341416276991367
62,blocks.21.conv1,0.009696378372609615
62,blocks.21.conv2,0.008803165517747402
62,blocks.22.conv1,0.008492504246532917
62,blocks.22.conv2,0.005537529941648245
62,blocks.23.conv1,0.007379790302366018
62,blocks.23.conv2,0.010872893035411835
62,blocks.24.conv1,0.016106685623526573
62,blocks.24.conv2,0.013264207169413567
62,blocks.25.conv1,0.011230126954615116
62,blocks.25.conv2,0.012164661660790443
62,blocks.26.conv1,0.011893197894096375
62,blocks.26.conv2,0.015823926776647568
62,blocks.27.conv1,0.019639210775494576
62,blocks.27.conv2,0.02533365972340107
62,blocks.28.conv1,0.012780321761965752
62,blocks.28.conv2,0.013642889447510242
62,blocks.29.conv1,0.00848580151796341
62,blocks.29.conv2,0.014837305061519146
62,blocks.30.conv1,0.014884606003761292
62,blocks.30.conv2,0.017080308869481087
62,blocks.31.conv1,0.02454780973494053
62,blocks.31.conv2,0.018576104193925858
62,blocks.32.conv1,0.022786742076277733
62,blocks.32.conv2,0.02844410203397274
62,blocks.33.conv1,0.019422780722379684
62,blocks.33.conv2,0.029928788542747498
62,blocks.34.conv1,0.032071538269519806
62,blocks.34.conv2,0.025818973779678345
62,blocks.35.conv1,0.015050997026264668
62,blocks.35.conv2,0.016145240515470505
62,blocks.36.conv1,0.015426160767674446
62,blocks.36.conv2,0.014370291493833065
62,blocks.37.conv1,0.014706055633723736
62,blocks.37.conv2,0.020103149116039276
62,blocks.38.conv1,0.02165660634636879
62,blocks.38.conv2,0.022551212459802628
62,blocks.39.conv1,0.023751072585582733
62,blocks.39.conv2,0.026215093210339546
62,blocks.40.conv1,0.02456299215555191
62,blocks.40.conv2,0.02822953835129738
62,blocks.41.conv1,0.025929410010576248
62,blocks.41.conv2,0.027735894545912743
62,blocks.42.conv1,0.030995771288871765
62,blocks.42.conv2,0.03949074074625969
62,blocks.43.conv1,0.06742501258850098
62,blocks.43.conv2,0.0550525039434433
62,blocks.44.conv1,0.05781284719705582
62,blocks.44.conv2,0.06904981285333633
62,blocks.45.conv1,0.0753093808889389
62,blocks.45.conv2,0.08175082504749298
62,blocks.46.conv1,0.07902032136917114
62,blocks.46.conv2,0.07679750770330429
62,blocks.47.conv1,0.07071793079376221
62,blocks.47.conv2,0.058098919689655304
62,blocks.48.conv1,0.048111993819475174
62,blocks.48.conv2,0.05190039798617363
62,blocks.49.conv1,0.05895845219492912
62,blocks.49.conv2,0.06113743036985397
62,mean_conv2d_grad_norm,0.022131048875980743
63,stem.0,0.05005166679620743
63,blocks.0.conv1,0.03333025053143501
63,blocks.0.conv2,0.025026995688676834
63,blocks.1.conv1,0.011539495550096035
63,blocks.1.conv2,0.011607427150011063
63,blocks.2.conv1,0.01780485175549984
63,blocks.2.conv2,0.01062878780066967
63,blocks.3.conv1,0.010999602265655994
63,blocks.3.conv2,0.01751822791993618
63,blocks.4.conv1,0.009823115542531013
63,blocks.4.conv2,0.008785402402281761
63,blocks.5.conv1,0.007982735522091389
63,blocks.5.conv2,0.013630539178848267
63,blocks.6.conv1,0.01815405860543251
63,blocks.6.conv2,0.009476193226873875
63,blocks.7.conv1,0.006717474199831486
63,blocks.7.conv2,0.00686269486322999
63,blocks.8.conv1,0.006856149062514305
63,blocks.8.conv2,0.01017432939261198
63,blocks.9.conv1,0.011357101611793041
63,blocks.9.conv2,0.011561643332242966
63,blocks.10.conv1,0.00808246061205864
63,blocks.10.conv2,0.00697653042152524
63,blocks.11.conv1,0.014675655402243137
63,blocks.11.conv2,0.03199073299765587
63,blocks.12.conv1,0.012550785206258297
63,blocks.12.conv2,0.010754283517599106
63,blocks.13.conv1,0.013112825341522694
63,blocks.13.conv2,0.013956674374639988
63,blocks.14.conv1,0.010629289783537388
63,blocks.14.conv2,0.010036691091954708
63,blocks.15.conv1,0.016539614647626877
63,blocks.15.conv2,0.02170412987470627
63,blocks.16.conv1,0.021656954661011696
63,blocks.16.conv2,0.02585955522954464
63,blocks.17.conv1,0.014907957054674625
63,blocks.17.conv2,0.015151520259678364
63,blocks.18.conv1,0.015529927797615528
63,blocks.18.conv2,0.011055916547775269
63,blocks.19.conv1,0.011236610822379589
63,blocks.19.conv2,0.01454000174999237
63,blocks.20.conv1,0.018487295135855675
63,blocks.20.conv2,0.01902088150382042
63,blocks.21.conv1,0.024730335921049118
63,blocks.21.conv2,0.01954754814505577
63,blocks.22.conv1,0.014355754479765892
63,blocks.22.conv2,0.012084842659533024
63,blocks.23.conv1,0.013954642228782177
63,blocks.23.conv2,0.021176598966121674
63,blocks.24.conv1,0.0247430969029665
63,blocks.24.conv2,0.02318325638771057
63,blocks.25.conv1,0.02024391107261181
63,blocks.25.conv2,0.01475592516362667
63,blocks.26.conv1,0.014262617565691471
63,blocks.26.conv2,0.01924997568130493
63,blocks.27.conv1,0.01499389298260212
63,blocks.27.conv2,0.030812641605734825
63,blocks.28.conv1,0.031095774844288826
63,blocks.28.conv2,0.02449488639831543
63,blocks.29.conv1,0.010915175080299377
63,blocks.29.conv2,0.01721990667283535
63,blocks.30.conv1,0.014052263461053371
63,blocks.30.conv2,0.013481860980391502
63,blocks.31.conv1,0.016667043790221214
63,blocks.31.conv2,0.009855566546320915
63,blocks.32.conv1,0.008963200263679028
63,blocks.32.conv2,0.011875253170728683
63,blocks.33.conv1,0.02046709880232811
63,blocks.33.conv2,0.03316454216837883
63,blocks.34.conv1,0.048812903463840485
63,blocks.34.conv2,0.04660584405064583
63,blocks.35.conv1,0.03531666845083237
63,blocks.35.conv2,0.03458523750305176
63,blocks.36.conv1,0.025908585637807846
63,blocks.36.conv2,0.02173585444688797
63,blocks.37.conv1,0.019884001463651657
63,blocks.37.conv2,0.027689915150403976
63,blocks.38.conv1,0.022421326488256454
63,blocks.38.conv2,0.02608516626060009
63,blocks.39.conv1,0.02951238676905632
63,blocks.39.conv2,0.02726040780544281
63,blocks.40.conv1,0.0262451171875
63,blocks.40.conv2,0.031611088663339615
63,blocks.41.conv1,0.03005075454711914
63,blocks.41.conv2,0.02731119468808174
63,blocks.42.conv1,0.027470972388982773
63,blocks.42.conv2,0.024909619241952896
63,blocks.43.conv1,0.031488027423620224
63,blocks.43.conv2,0.033340565860271454
63,blocks.44.conv1,0.04513633996248245
63,blocks.44.conv2,0.04350507631897926
63,blocks.45.conv1,0.040740467607975006
63,blocks.45.conv2,0.0405455082654953
63,blocks.46.conv1,0.04590960964560509
63,blocks.46.conv2,0.051081787794828415
63,blocks.47.conv1,0.05266055464744568
63,blocks.47.conv2,0.049965616315603256
63,blocks.48.conv1,0.0441015250980854
63,blocks.48.conv2,0.05449174344539642
63,blocks.49.conv1,0.06192928925156593
63,blocks.49.conv2,0.06373394280672073
63,mean_conv2d_grad_norm,0.022977621257673986
64,stem.0,0.2814748287200928
64,blocks.0.conv1,0.2875364422798157
64,blocks.0.conv2,0.4674801230430603
64,blocks.1.conv1,0.38851892948150635
64,blocks.1.conv2,0.33259260654449463
64,blocks.2.conv1,0.456132173538208
64,blocks.2.conv2,0.2599028944969177
64,blocks.3.conv1,0.3385159969329834
64,blocks.3.conv2,0.32116785645484924
64,blocks.4.conv1,0.40458035469055176
64,blocks.4.conv2,0.3177014887332916
64,blocks.5.conv1,0.258409321308136
64,blocks.5.conv2,0.25241971015930176
64,blocks.6.conv1,0.50461745262146
64,blocks.6.conv2,0.23064370453357697
64,blocks.7.conv1,0.17187397181987762
64,blocks.7.conv2,0.22281327843666077
64,blocks.8.conv1,0.17576418817043304
64,blocks.8.conv2,0.25194457173347473
64,blocks.9.conv1,0.3014640808105469
64,blocks.9.conv2,0.30675366520881653
64,blocks.10.conv1,0.25476205348968506
64,blocks.10.conv2,0.17478613555431366
64,blocks.11.conv1,0.17613579332828522
64,blocks.11.conv2,0.20907403528690338
64,blocks.12.conv1,0.16633696854114532
64,blocks.12.conv2,0.1522967517375946
64,blocks.13.conv1,0.1597692221403122
64,blocks.13.conv2,0.1770394891500473
64,blocks.14.conv1,0.19313320517539978
64,blocks.14.conv2,0.1314263939857483
64,blocks.15.conv1,0.11835982650518417
64,blocks.15.conv2,0.1148371547460556
64,blocks.16.conv1,0.09658397734165192
64,blocks.16.conv2,0.08064653724431992
64,blocks.17.conv1,0.059797633439302444
64,blocks.17.conv2,0.06460642069578171
64,blocks.18.conv1,0.08033784478902817
64,blocks.18.conv2,0.05334705859422684
64,blocks.19.conv1,0.05950622260570526
64,blocks.19.conv2,0.03745018690824509
64,blocks.20.conv1,0.06866174191236496
64,blocks.20.conv2,0.0683702901005745
64,blocks.21.conv1,0.08696205168962479
64,blocks.21.conv2,0.06884483993053436
64,blocks.22.conv1,0.03518722951412201
64,blocks.22.conv2,0.0332304909825325
64,blocks.23.conv1,0.029914287850260735
64,blocks.23.conv2,0.03588581830263138
64,blocks.24.conv1,0.036092061549425125
64,blocks.24.conv2,0.03096892312169075
64,blocks.25.conv1,0.030526945367455482
64,blocks.25.conv2,0.041967034339904785
64,blocks.26.conv1,0.03654402866959572
64,blocks.26.conv2,0.02928825095295906
64,blocks.27.conv1,0.018357468768954277
64,blocks.27.conv2,0.02723892778158188
64,blocks.28.conv1,0.02854105643928051
64,blocks.28.conv2,0.034816231578588486
64,blocks.29.conv1,0.02185971662402153
64,blocks.29.conv2,0.022003963589668274
64,blocks.30.conv1,0.01873061992228031
64,blocks.30.conv2,0.018605811521410942
64,blocks.31.conv1,0.01898592710494995
64,blocks.31.conv2,0.014499736949801445
64,blocks.32.conv1,0.0129475062713027
64,blocks.32.conv2,0.0152115598320961
64,blocks.33.conv1,0.01857982575893402
64,blocks.33.conv2,0.021202171221375465
64,blocks.34.conv1,0.022575743496418
64,blocks.34.conv2,0.023582976311445236
64,blocks.35.conv1,0.023550087586045265
64,blocks.35.conv2,0.022168273106217384
64,blocks.36.conv1,0.021727105602622032
64,blocks.36.conv2,0.018116189166903496
64,blocks.37.conv1,0.017728213220834732
64,blocks.37.conv2,0.01585107296705246
64,blocks.38.conv1,0.017980895936489105
64,blocks.38.conv2,0.015565886162221432
64,blocks.39.conv1,0.018618851900100708
64,blocks.39.conv2,0.018774354830384254
64,blocks.40.conv1,0.018043335527181625
64,blocks.40.conv2,0.022648679092526436
64,blocks.41.conv1,0.023427775129675865
64,blocks.41.conv2,0.02242092974483967
64,blocks.42.conv1,0.02000753954052925
64,blocks.42.conv2,0.017612405121326447
64,blocks.43.conv1,0.027134554460644722
64,blocks.43.conv2,0.047535240650177
64,blocks.44.conv1,0.06935780495405197
64,blocks.44.conv2,0.058648090809583664
64,blocks.45.conv1,0.0793229267001152
64,blocks.45.conv2,0.06890878081321716
64,blocks.46.conv1,0.05410606786608696
64,blocks.46.conv2,0.04441412165760994
64,blocks.47.conv1,0.039233144372701645
64,blocks.47.conv2,0.03578896075487137
64,blocks.48.conv1,0.03390182554721832
64,blocks.48.conv2,0.033394668251276016
64,blocks.49.conv1,0.03871165215969086
64,blocks.49.conv2,0.04591149464249611
64,mean_conv2d_grad_norm,0.10943895759116305
65,stem.0,0.03134704381227493
65,blocks.0.conv1,0.02926076017320156
65,blocks.0.conv2,0.019933706149458885
65,blocks.1.conv1,0.021042760461568832
65,blocks.1.conv2,0.022752869874238968
65,blocks.2.conv1,0.01685960777103901
65,blocks.2.conv2,0.021087048575282097
65,blocks.3.conv1,0.03101121261715889
65,blocks.3.conv2,0.04231813922524452
65,blocks.4.conv1,0.03125786408782005
65,blocks.4.conv2,0.0261449683457613
65,blocks.5.conv1,0.03615628182888031
65,blocks.5.conv2,0.029769985005259514
65,blocks.6.conv1,0.03165245056152344
65,blocks.6.conv2,0.037623435258865356
65,blocks.7.conv1,0.0450039766728878
65,blocks.7.conv2,0.05645523592829704
65,blocks.8.conv1,0.04749242216348648
65,blocks.8.conv2,0.06378713250160217
65,blocks.9.conv1,0.0415889173746109
65,blocks.9.conv2,0.03769947588443756
65,blocks.10.conv1,0.03285728022456169
65,blocks.10.conv2,0.037466518580913544
65,blocks.11.conv1,0.03974427655339241
65,blocks.11.conv2,0.03274615854024887
65,blocks.12.conv1,0.033592335879802704
65,blocks.12.conv2,0.039426084607839584
65,blocks.13.conv1,0.03328205645084381
65,blocks.13.conv2,0.040500279515981674
65,blocks.14.conv1,0.03753218427300453
65,blocks.14.conv2,0.03797054663300514
65,blocks.15.conv1,0.04302941635251045
65,blocks.15.conv2,0.04258345067501068
65,blocks.16.conv1,0.03974587842822075
65,blocks.16.conv2,0.029113685712218285
65,blocks.17.conv1,0.034139234572649
65,blocks.17.conv2,0.03877981752157211
65,blocks.18.conv1,0.025793354958295822
65,blocks.18.conv2,0.030331512913107872
65,blocks.19.conv1,0.050274912267923355
65,blocks.19.conv2,0.05804428458213806
65,blocks.20.conv1,0.03841705247759819
65,blocks.20.conv2,0.030316511169075966
65,blocks.21.conv1,0.030860818922519684
65,blocks.21.conv2,0.021098528057336807
65,blocks.22.conv1,0.021523403003811836
65,blocks.22.conv2,0.0387597493827343
65,blocks.23.conv1,0.03747853636741638
65,blocks.23.conv2,0.03401748836040497
65,blocks.24.conv1,0.03197074308991432
65,blocks.24.conv2,0.0625237375497818
65,blocks.25.conv1,0.0629877895116806
65,blocks.25.conv2,0.05577366426587105
65,blocks.26.conv1,0.0340149961411953
65,blocks.26.conv2,0.041833341121673584
65,blocks.27.conv1,0.03616617992520332
65,blocks.27.conv2,0.05025589466094971
65,blocks.28.conv1,0.05923577398061752
65,blocks.28.conv2,0.0335797518491745
65,blocks.29.conv1,0.042502421885728836
65,blocks.29.conv2,0.07000330090522766
65,blocks.30.conv1,0.03963831067085266
65,blocks.30.conv2,0.10401397198438644
65,blocks.31.conv1,0.06358688324689865
65,blocks.31.conv2,0.05916685611009598
65,blocks.32.conv1,0.04114225134253502
65,blocks.32.conv2,0.03769147768616676
65,blocks.33.conv1,0.032254163175821304
65,blocks.33.conv2,0.03728734701871872
65,blocks.34.conv1,0.04074632376432419
65,blocks.34.conv2,0.03337061032652855
65,blocks.35.conv1,0.03600073978304863
65,blocks.35.conv2,0.034193940460681915
65,blocks.36.conv1,0.030197754502296448
65,blocks.36.conv2,0.022496815770864487
65,blocks.37.conv1,0.023041805252432823
65,blocks.37.conv2,0.02490769512951374
65,blocks.38.conv1,0.026848047971725464
65,blocks.38.conv2,0.022184044122695923
65,blocks.39.conv1,0.026105036959052086
65,blocks.39.conv2,0.02396555244922638
65,blocks.40.conv1,0.018741020932793617
65,blocks.40.conv2,0.017712388187646866
65,blocks.41.conv1,0.020508168265223503
65,blocks.41.conv2,0.024242138490080833
65,blocks.42.conv1,0.022884201258420944
65,blocks.42.conv2,0.02739565633237362
65,blocks.43.conv1,0.02217935025691986
65,blocks.43.conv2,0.029299717396497726
65,blocks.44.conv1,0.03871181607246399
65,blocks.44.conv2,0.038593191653490067
65,blocks.45.conv1,0.04080189764499664
65,blocks.45.conv2,0.04724913462996483
65,blocks.46.conv1,0.053064361214637756
65,blocks.46.conv2,0.04180409386754036
65,blocks.47.conv1,0.05035076662898064
65,blocks.47.conv2,0.052404746413230896
65,blocks.48.conv1,0.04454673081636429
65,blocks.48.conv2,0.04902426525950432
65,blocks.49.conv1,0.050050463527441025
65,blocks.49.conv2,0.038423988968133926
65,mean_conv2d_grad_norm,0.03759748486820424
66,stem.0,0.03544294461607933
66,blocks.0.conv1,0.033869825303554535
66,blocks.0.conv2,0.019681405276060104
66,blocks.1.conv1,0.022463390603661537
66,blocks.1.conv2,0.022330788895487785
66,blocks.2.conv1,0.023207668215036392
66,blocks.2.conv2,0.0130454171448946
66,blocks.3.conv1,0.009390362538397312
66,blocks.3.conv2,0.012298277579247952
66,blocks.4.conv1,0.012833820655941963
66,blocks.4.conv2,0.014288444072008133
66,blocks.5.conv1,0.0189749076962471
66,blocks.5.conv2,0.014814292080700397
66,blocks.6.conv1,0.014214318245649338
66,blocks.6.conv2,0.016113698482513428
66,blocks.7.conv1,0.01580630987882614
66,blocks.7.conv2,0.025690915063023567
66,blocks.8.conv1,0.018779944628477097
66,blocks.8.conv2,0.01607341319322586
66,blocks.9.conv1,0.018036512657999992
66,blocks.9.conv2,0.018204640597105026
66,blocks.10.conv1,0.010340080596506596
66,blocks.10.conv2,0.009585576131939888
66,blocks.11.conv1,0.007683321833610535
66,blocks.11.conv2,0.012472430244088173
66,blocks.12.conv1,0.011571818962693214
66,blocks.12.conv2,0.014033522456884384
66,blocks.13.conv1,0.010305894538760185
66,blocks.13.conv2,0.011434651911258698
66,blocks.14.conv1,0.013151140883564949
66,blocks.14.conv2,0.012798954732716084
66,blocks.15.conv1,0.009480908513069153
66,blocks.15.conv2,0.009595734998583794
66,blocks.16.conv1,0.00852513313293457
66,blocks.16.conv2,0.008149918168783188
66,blocks.17.conv1,0.009084206074476242
66,blocks.17.conv2,0.00955585390329361
66,blocks.18.conv1,0.009930471889674664
66,blocks.18.conv2,0.010394621640443802
66,blocks.19.conv1,0.013153601437807083
66,blocks.19.conv2,0.008962428197264671
66,blocks.20.conv1,0.010210542939603329
66,blocks.20.conv2,0.008932597935199738
66,blocks.21.conv1,0.012773248367011547
66,blocks.21.conv2,0.010506074875593185
66,blocks.22.conv1,0.008339839987456799
66,blocks.22.conv2,0.009296457283198833
66,blocks.23.conv1,0.01128928828984499
66,blocks.23.conv2,0.011816644109785557
66,blocks.24.conv1,0.01564921624958515
66,blocks.24.conv2,0.013212368823587894
66,blocks.25.conv1,0.01255788654088974
66,blocks.25.conv2,0.01793595775961876
66,blocks.26.conv1,0.012747921980917454
66,blocks.26.conv2,0.02343841828405857
66,blocks.27.conv1,0.016264688223600388
66,blocks.27.conv2,0.016883086413145065
66,blocks.28.conv1,0.012615201994776726
66,blocks.28.conv2,0.01119165401905775
66,blocks.29.conv1,0.010335058905184269
66,blocks.29.conv2,0.01528334803879261
66,blocks.30.conv1,0.015211840160191059
66,blocks.30.conv2,0.010429334826767445
66,blocks.31.conv1,0.01720094308257103
66,blocks.31.conv2,0.017355967313051224
66,blocks.32.conv1,0.015988128259778023
66,blocks.32.conv2,0.013476809486746788
66,blocks.33.conv1,0.017987430095672607
66,blocks.33.conv2,0.016436103731393814
66,blocks.34.conv1,0.020418308675289154
66,blocks.34.conv2,0.02087147906422615
66,blocks.35.conv1,0.02118656225502491
66,blocks.35.conv2,0.02177560143172741
66,blocks.36.conv1,0.019264565780758858
66,blocks.36.conv2,0.019499702379107475
66,blocks.37.conv1,0.023070042952895164
66,blocks.37.conv2,0.02523590251803398
66,blocks.38.conv1,0.0268915556371212
66,blocks.38.conv2,0.024169297888875008
66,blocks.39.conv1,0.023428719490766525
66,blocks.39.conv2,0.020869476720690727
66,blocks.40.conv1,0.018250133842229843
66,blocks.40.conv2,0.022341011092066765
66,blocks.41.conv1,0.03386753425002098
66,blocks.41.conv2,0.05119852349162102
66,blocks.42.conv1,0.05077708512544632
66,blocks.42.conv2,0.051409900188446045
66,blocks.43.conv1,0.041311830282211304
66,blocks.43.conv2,0.03773901239037514
66,blocks.44.conv1,0.045078717172145844
66,blocks.44.conv2,0.03923559561371803
66,blocks.45.conv1,0.04228946194052696
66,blocks.45.conv2,0.03818533197045326
66,blocks.46.conv1,0.046345166862010956
66,blocks.46.conv2,0.05995980650186539
66,blocks.47.conv1,0.06660051643848419
66,blocks.47.conv2,0.06168607994914055
66,blocks.48.conv1,0.050740040838718414
66,blocks.48.conv2,0.047184061259031296
66,blocks.49.conv1,0.04716746136546135
66,blocks.49.conv2,0.05125855654478073
66,mean_conv2d_grad_norm,0.021390541262998438
67,stem.0,0.02248924784362316
67,blocks.0.conv1,0.04603571444749832
67,blocks.0.conv2,0.047826267778873444
67,blocks.1.conv1,0.07458578050136566
67,blocks.1.conv2,0.04801489785313606
67,blocks.2.conv1,0.03812730684876442
67,blocks.2.conv2,0.038361772894859314
67,blocks.3.conv1,0.03639237955212593
67,blocks.3.conv2,0.0450289323925972
67,blocks.4.conv1,0.03994769975543022
67,blocks.4.conv2,0.03484947606921196
67,blocks.5.conv1,0.050288014113903046
67,blocks.5.conv2,0.05283006653189659
67,blocks.6.conv1,0.11812335252761841
67,blocks.6.conv2,0.1274396777153015
67,blocks.7.conv1,0.10243185609579086
67,blocks.7.conv2,0.13560576736927032
67,blocks.8.conv1,0.14585988223552704
67,blocks.8.conv2,0.15977425873279572
67,blocks.9.conv1,0.2144874930381775
67,blocks.9.conv2,0.4604450464248657
67,blocks.10.conv1,0.5280161499977112
67,blocks.10.conv2,0.316618412733078
67,blocks.11.conv1,0.17707861959934235
67,blocks.11.conv2,0.16674768924713135
67,blocks.12.conv1,0.07209411263465881
67,blocks.12.conv2,0.09446817636489868
67,blocks.13.conv1,0.06829068064689636
67,blocks.13.conv2,0.0669996589422226
67,blocks.14.conv1,0.05363848805427551
67,blocks.14.conv2,0.04261144995689392
67,blocks.15.conv1,0.050203558057546616
67,blocks.15.conv2,0.04179554060101509
67,blocks.16.conv1,0.05564377084374428
67,blocks.16.conv2,0.04915904998779297
67,blocks.17.conv1,0.05466999113559723
67,blocks.17.conv2,0.04946155101060867
67,blocks.18.conv1,0.04103074222803116
67,blocks.18.conv2,0.03630001097917557
67,blocks.19.conv1,0.02950226701796055
67,blocks.19.conv2,0.02584993652999401
67,blocks.20.conv1,0.04340115562081337
67,blocks.20.conv2,0.03639721870422363
67,blocks.21.conv1,0.020323384553194046
67,blocks.21.conv2,0.022755533456802368
67,blocks.22.conv1,0.016658270731568336
67,blocks.22.conv2,0.017392853274941444
67,blocks.23.conv1,0.018178200349211693
67,blocks.23.conv2,0.01706831157207489
67,blocks.24.conv1,0.020177291706204414
67,blocks.24.conv2,0.02328586019575596
67,blocks.25.conv1,0.018322253599762917
67,blocks.25.conv2,0.01674950309097767
67,blocks.26.conv1,0.015015799552202225
67,blocks.26.conv2,0.016888361424207687
67,blocks.27.conv1,0.016097940504550934
67,blocks.27.conv2,0.01744721084833145
67,blocks.28.conv1,0.013743779622018337
67,blocks.28.conv2,0.011434641666710377
67,blocks.29.conv1,0.009675472974777222
67,blocks.29.conv2,0.010087343864142895
67,blocks.30.conv1,0.011677607893943787
67,blocks.30.conv2,0.011836573481559753
67,blocks.31.conv1,0.016360683366656303
67,blocks.31.conv2,0.016466518864035606
67,blocks.32.conv1,0.024936595931649208
67,blocks.32.conv2,0.017528746277093887
67,blocks.33.conv1,0.015193562023341656
67,blocks.33.conv2,0.02423226833343506
67,blocks.34.conv1,0.024088768288493156
67,blocks.34.conv2,0.022071611136198044
67,blocks.35.conv1,0.01777777448296547
67,blocks.35.conv2,0.0219759251922369
67,blocks.36.conv1,0.021326210349798203
67,blocks.36.conv2,0.01616082526743412
67,blocks.37.conv1,0.01732012815773487
67,blocks.37.conv2,0.017584457993507385
67,blocks.38.conv1,0.017324412241578102
67,blocks.38.conv2,0.01654004491865635
67,blocks.39.conv1,0.017056940123438835
67,blocks.39.conv2,0.020551510155200958
67,blocks.40.conv1,0.01940697617828846
67,blocks.40.conv2,0.014948271214962006
67,blocks.41.conv1,0.019599370658397675
67,blocks.41.conv2,0.024104168638586998
67,blocks.42.conv1,0.028859293088316917
67,blocks.42.conv2,0.029881617054343224
67,blocks.43.conv1,0.03121325373649597
67,blocks.43.conv2,0.03462693840265274
67,blocks.44.conv1,0.0348941832780838
67,blocks.44.conv2,0.03202899917960167
67,blocks.45.conv1,0.03791811689734459
67,blocks.45.conv2,0.03564121574163437
67,blocks.46.conv1,0.040906332433223724
67,blocks.46.conv2,0.0551958903670311
67,blocks.47.conv1,0.05571585148572922
67,blocks.47.conv2,0.06352775543928146
67,blocks.48.conv1,0.06097826734185219
67,blocks.48.conv2,0.057982899248600006
67,blocks.49.conv1,0.07484239339828491
67,blocks.49.conv2,0.07527816295623779
67,mean_conv2d_grad_norm,0.055799863919025604
68,stem.0,0.03357631340622902
68,blocks.0.conv1,0.02958822064101696
68,blocks.0.conv2,0.018582716584205627
68,blocks.1.conv1,0.019058747217059135
68,blocks.1.conv2,0.019904140383005142
68,blocks.2.conv1,0.025154955685138702
68,blocks.2.conv2,0.07525954395532608
68,blocks.3.conv1,0.047721222043037415
68,blocks.3.conv2,0.06110912561416626
68,blocks.4.conv1,0.05986785516142845
68,blocks.4.conv2,0.04902151972055435
68,blocks.5.conv1,0.0629870817065239
68,blocks.5.conv2,0.0521077960729599
68,blocks.6.conv1,0.11595038324594498
68,blocks.6.conv2,0.08919719606637955
68,blocks.7.conv1,0.04535596817731857
68,blocks.7.conv2,0.044975247234106064
68,blocks.8.conv1,0.04470900446176529
68,blocks.8.conv2,0.03737309202551842
68,blocks.9.conv1,0.03658447787165642
68,blocks.9.conv2,0.04698694124817848
68,blocks.10.conv1,0.03734563663601875
68,blocks.10.conv2,0.03345813974738121
68,blocks.11.conv1,0.028208822011947632
68,blocks.11.conv2,0.028383616358041763
68,blocks.12.conv1,0.025918176397681236
68,blocks.12.conv2,0.028698932379484177
68,blocks.13.conv1,0.024398785084486008
68,blocks.13.conv2,0.024023819714784622
68,blocks.14.conv1,0.02025589533150196
68,blocks.14.conv2,0.02156619168817997
68,blocks.15.conv1,0.020881501957774162
68,blocks.15.conv2,0.015794947743415833
68,blocks.16.conv1,0.016290541738271713
68,blocks.16.conv2,0.01541813649237156
68,blocks.17.conv1,0.01589774340391159
68,blocks.17.conv2,0.013643267564475536
68,blocks.18.conv1,0.01677548512816429
68,blocks.18.conv2,0.02024763450026512
68,blocks.19.conv1,0.019252948462963104
68,blocks.19.conv2,0.02019539661705494
68,blocks.20.conv1,0.012801088392734528
68,blocks.20.conv2,0.014075388200581074
68,blocks.21.conv1,0.014232130721211433
68,blocks.21.conv2,0.018359525129199028
68,blocks.22.conv1,0.0122416652739048
68,blocks.22.conv2,0.01624811254441738
68,blocks.23.conv1,0.013266130350530148
68,blocks.23.conv2,0.02123202383518219
68,blocks.24.conv1,0.014275964349508286
68,blocks.24.conv2,0.014269071631133556
68,blocks.25.conv1,0.013771628960967064
68,blocks.25.conv2,0.02165297605097294
68,blocks.26.conv1,0.013901038095355034
68,blocks.26.conv2,0.011362388730049133
68,blocks.27.conv1,0.010175785981118679
68,blocks.27.conv2,0.011838109232485294
68,blocks.28.conv1,0.009887173771858215
68,blocks.28.conv2,0.008688759990036488
68,blocks.29.conv1,0.006416081450879574
68,blocks.29.conv2,0.010014544241130352
68,blocks.30.conv1,0.007815634831786156
68,blocks.30.conv2,0.008666115812957287
68,blocks.31.conv1,0.01233655121177435
68,blocks.31.conv2,0.01351219043135643
68,blocks.32.conv1,0.010566803626716137
68,blocks.32.conv2,0.008337171748280525
68,blocks.33.conv1,0.010057364590466022
68,blocks.33.conv2,0.009260062128305435
68,blocks.34.conv1,0.011187372729182243
68,blocks.34.conv2,0.01344640925526619
68,blocks.35.conv1,0.012324229814112186
68,blocks.35.conv2,0.012409416027367115
68,blocks.36.conv1,0.012796725146472454
68,blocks.36.conv2,0.01226317510008812
68,blocks.37.conv1,0.014964730478823185
68,blocks.37.conv2,0.012943043373525143
68,blocks.38.conv1,0.014972899109125137
68,blocks.38.conv2,0.01968996226787567
68,blocks.39.conv1,0.018862755969166756
68,blocks.39.conv2,0.02058011293411255
68,blocks.40.conv1,0.01694025844335556
68,blocks.40.conv2,0.01449696347117424
68,blocks.41.conv1,0.01857692003250122
68,blocks.41.conv2,0.019847523421049118
68,blocks.42.conv1,0.024551771581172943
68,blocks.42.conv2,0.03298567235469818
68,blocks.43.conv1,0.03402629494667053
68,blocks.43.conv2,0.03296943008899689
68,blocks.44.conv1,0.038208410143852234
68,blocks.44.conv2,0.03966031223535538
68,blocks.45.conv1,0.0344361811876297
68,blocks.45.conv2,0.04640676826238632
68,blocks.46.conv1,0.04822029545903206
68,blocks.46.conv2,0.0518232099711895
68,blocks.47.conv1,0.0612495057284832
68,blocks.47.conv2,0.07734682410955429
68,blocks.48.conv1,0.08381826430559158
68,blocks.48.conv2,0.0913473442196846
68,blocks.49.conv1,0.07649100571870804
68,blocks.49.conv2,0.0704832598567009
68,mean_conv2d_grad_norm,0.02872589798551975
69,stem.0,0.5497837662696838
69,blocks.0.conv1,0.5602047443389893
69,blocks.0.conv2,0.5323895215988159
69,blocks.1.conv1,0.4280456602573395
69,blocks.1.conv2,0.25153863430023193
69,blocks.2.conv1,0.49944931268692017
69,blocks.2.conv2,0.8367903232574463
69,blocks.3.conv1,1.3153557777404785
69,blocks.3.conv2,0.9678713083267212
69,blocks.4.conv1,0.9204998016357422
69,blocks.4.conv2,0.740650475025177
69,blocks.5.conv1,1.032249927520752
69,blocks.5.conv2,1.280285358428955
69,blocks.6.conv1,1.8292481899261475
69,blocks.6.conv2,1.3029282093048096
69,blocks.7.conv1,0.77900630235672
69,blocks.7.conv2,1.0252020359039307
69,blocks.8.conv1,0.802350640296936
69,blocks.8.conv2,0.837516725063324
69,blocks.9.conv1,0.6520594358444214
69,blocks.9.conv2,0.8486567735671997
69,blocks.10.conv1,0.44647642970085144
69,blocks.10.conv2,0.29421406984329224
69,blocks.11.conv1,0.19687317311763763
69,blocks.11.conv2,0.17688535153865814
69,blocks.12.conv1,0.11713150888681412
69,blocks.12.conv2,0.08916406333446503
69,blocks.13.conv1,0.08287148177623749
69,blocks.13.conv2,0.09127400070428848
69,blocks.14.conv1,0.08588436245918274
69,blocks.14.conv2,0.0795486569404602
69,blocks.15.conv1,0.088212750852108
69,blocks.15.conv2,0.04491674527525902
69,blocks.16.conv1,0.04820927232503891
69,blocks.16.conv2,0.04569004848599434
69,blocks.17.conv1,0.03111357055604458
69,blocks.17.conv2,0.036362309008836746
69,blocks.18.conv1,0.04155391827225685
69,blocks.18.conv2,0.06405247747898102
69,blocks.19.conv1,0.05200463533401489
69,blocks.19.conv2,0.04641392454504967
69,blocks.20.conv1,0.0358288399875164
69,blocks.20.conv2,0.033562690019607544
69,blocks.21.conv1,0.0440966822206974
69,blocks.21.conv2,0.04663155972957611
69,blocks.22.conv1,0.0336705818772316
69,blocks.22.conv2,0.03873135522007942
69,blocks.23.conv1,0.03376932069659233
69,blocks.23.conv2,0.03750769421458244
69,blocks.24.conv1,0.04282926395535469
69,blocks.24.conv2,0.0363258495926857
69,blocks.25.conv1,0.03288311883807182
69,blocks.25.conv2,0.03361711651086807
69,blocks.26.conv1,0.028848279267549515
69,blocks.26.conv2,0.03103841468691826
69,blocks.27.conv1,0.022750549018383026
69,blocks.27.conv2,0.02137301117181778
69,blocks.28.conv1,0.0168426763266325
69,blocks.28.conv2,0.017603358253836632
69,blocks.29.conv1,0.013904248364269733
69,blocks.29.conv2,0.012452115304768085
69,blocks.30.conv1,0.015992790460586548
69,blocks.30.conv2,0.013319496996700764
69,blocks.31.conv1,0.01666257716715336
69,blocks.31.conv2,0.019139785319566727
69,blocks.32.conv1,0.011715496890246868
69,blocks.32.conv2,0.014719636179506779
69,blocks.33.conv1,0.011521300300955772
69,blocks.33.conv2,0.014485646039247513
69,blocks.34.conv1,0.01764983870089054
69,blocks.34.conv2,0.01724703051149845
69,blocks.35.conv1,0.015584898181259632
69,blocks.35.conv2,0.01621583290398121
69,blocks.36.conv1,0.015956111252307892
69,blocks.36.conv2,0.012639106251299381
69,blocks.37.conv1,0.014004828408360481
69,blocks.37.conv2,0.012712914496660233
69,blocks.38.conv1,0.012162594124674797
69,blocks.38.conv2,0.013791984878480434
69,blocks.39.conv1,0.011304137296974659
69,blocks.39.conv2,0.01134598907083273
69,blocks.40.conv1,0.011660231277346611
69,blocks.40.conv2,0.010541979223489761
69,blocks.41.conv1,0.011063373647630215
69,blocks.41.conv2,0.013035564683377743
69,blocks.42.conv1,0.015452275983989239
69,blocks.42.conv2,0.01613592356443405
69,blocks.43.conv1,0.021147338673472404
69,blocks.43.conv2,0.025312762707471848
69,blocks.44.conv1,0.03262152150273323
69,blocks.44.conv2,0.04116731882095337
69,blocks.45.conv1,0.041443753987550735
69,blocks.45.conv2,0.044692959636449814
69,blocks.46.conv1,0.0402979701757431
69,blocks.46.conv2,0.04590240493416786
69,blocks.47.conv1,0.04768582060933113
69,blocks.47.conv2,0.04214131459593773
69,blocks.48.conv1,0.04015152528882027
69,blocks.48.conv2,0.045300666242837906
69,blocks.49.conv1,0.047609537839889526
69,blocks.49.conv2,0.048273634165525436
69,mean_conv2d_grad_norm,0.21480210170629296
70,stem.0,0.15263289213180542
70,blocks.0.conv1,0.1397186517715454
70,blocks.0.conv2,0.1125170886516571
70,blocks.1.conv1,0.053109776228666306
70,blocks.1.conv2,0.018359526991844177
70,blocks.2.conv1,0.018240682780742645
70,blocks.2.conv2,0.03202720731496811
70,blocks.3.conv1,0.06069717928767204
70,blocks.3.conv2,0.09298697859048843
70,blocks.4.conv1,0.1452098786830902
70,blocks.4.conv2,0.10623051971197128
70,blocks.5.conv1,0.3024935722351074
70,blocks.5.conv2,0.15106235444545746
70,blocks.6.conv1,0.3796759843826294
70,blocks.6.conv2,0.2171921283006668
70,blocks.7.conv1,0.05155086889863014
70,blocks.7.conv2,0.032792240381240845
70,blocks.8.conv1,0.05263117700815201
70,blocks.8.conv2,0.04162602126598358
70,blocks.9.conv1,0.05052625387907028
70,blocks.9.conv2,0.0431445874273777
70,blocks.10.conv1,0.042463500052690506
70,blocks.10.conv2,0.04330216720700264
70,blocks.11.conv1,0.05001954361796379
70,blocks.11.conv2,0.031977828592061996
70,blocks.12.conv1,0.02888130210340023
70,blocks.12.conv2,0.03558800742030144
70,blocks.13.conv1,0.0441305972635746
70,blocks.13.conv2,0.053356390446424484
70,blocks.14.conv1,0.04451024532318115
70,blocks.14.conv2,0.04564559459686279
70,blocks.15.conv1,0.0563051700592041
70,blocks.15.conv2,0.05255126953125
70,blocks.16.conv1,0.06549768894910812
70,blocks.16.conv2,0.055837634950876236
70,blocks.17.conv1,0.04430968314409256
70,blocks.17.conv2,0.06536401808261871
70,blocks.18.conv1,0.05410851910710335
70,blocks.18.conv2,0.04793892428278923
70,blocks.19.conv1,0.055220577865839005
70,blocks.19.conv2,0.05784988030791283
70,blocks.20.conv1,0.07697773724794388
70,blocks.20.conv2,0.06306048482656479
70,blocks.21.conv1,0.0432887077331543
70,blocks.21.conv2,0.03834201768040657
70,blocks.22.conv1,0.036695193499326706
70,blocks.22.conv2,0.04225435480475426
70,blocks.23.conv1,0.038514841347932816
70,blocks.23.conv2,0.045956119894981384
70,blocks.24.conv1,0.028870632871985435
70,blocks.24.conv2,0.032709140330553055
70,blocks.25.conv1,0.03831366449594498
70,blocks.25.conv2,0.035730794072151184
70,blocks.26.conv1,0.027369221672415733
70,blocks.26.conv2,0.03563101962208748
70,blocks.27.conv1,0.038146693259477615
70,blocks.27.conv2,0.03493880853056908
70,blocks.28.conv1,0.027844993397593498
70,blocks.28.conv2,0.020672457292675972
70,blocks.29.conv1,0.01477058231830597
70,blocks.29.conv2,0.014159728772938251
70,blocks.30.conv1,0.01547367312014103
70,blocks.30.conv2,0.021555572748184204
70,blocks.31.conv1,0.04056112468242645
70,blocks.31.conv2,0.052024081349372864
70,blocks.32.conv1,0.025260072201490402
70,blocks.32.conv2,0.018546564504504204
70,blocks.33.conv1,0.027325207367539406
70,blocks.33.conv2,0.03293411433696747
70,blocks.34.conv1,0.024763643741607666
70,blocks.34.conv2,0.020045235753059387
70,blocks.35.conv1,0.013171929866075516
70,blocks.35.conv2,0.01277239341288805
70,blocks.36.conv1,0.012775703333318233
70,blocks.36.conv2,0.01583712361752987
70,blocks.37.conv1,0.0163042563945055
70,blocks.37.conv2,0.016430797055363655
70,blocks.38.conv1,0.014901930466294289
70,blocks.38.conv2,0.014452480711042881
70,blocks.39.conv1,0.012713572941720486
70,blocks.39.conv2,0.013495173305273056
70,blocks.40.conv1,0.011704578995704651
70,blocks.40.conv2,0.011818986386060715
70,blocks.41.conv1,0.01391745824366808
70,blocks.41.conv2,0.013416890986263752
70,blocks.42.conv1,0.013465425930917263
70,blocks.42.conv2,0.017605282366275787
70,blocks.43.conv1,0.020621685311198235
70,blocks.43.conv2,0.019905634224414825
70,blocks.44.conv1,0.022521954029798508
70,blocks.44.conv2,0.025699008256196976
70,blocks.45.conv1,0.02881154604256153
70,blocks.45.conv2,0.027607697993516922
70,blocks.46.conv1,0.03261189162731171
70,blocks.46.conv2,0.02958151139318943
70,blocks.47.conv1,0.03739490732550621
70,blocks.47.conv2,0.040321674197912216
70,blocks.48.conv1,0.04599304124712944
70,blocks.48.conv2,0.048826947808265686
70,blocks.49.conv1,0.046251315623521805
70,blocks.49.conv2,0.05152202397584915
70,mean_conv2d_grad_norm,0.048955202176429256
71,stem.0,4.510002613067627
71,blocks.0.conv1,2.829894781112671
71,blocks.0.conv2,0.3414316177368164
71,blocks.1.conv1,0.5455166697502136
71,blocks.1.conv2,0.8462706208229065
71,blocks.2.conv1,0.2614177167415619
71,blocks.2.conv2,0.3361712098121643
71,blocks.3.conv1,0.3320402204990387
71,blocks.3.conv2,0.26910698413848877
71,blocks.4.conv1,0.6546112895011902
71,blocks.4.conv2,0.36429595947265625
71,blocks.5.conv1,0.27173376083374023
71,blocks.5.conv2,0.4317479133605957
71,blocks.6.conv1,0.24870464205741882
71,blocks.6.conv2,0.14630866050720215
71,blocks.7.conv1,0.09646494686603546
71,blocks.7.conv2,0.1025809496641159
71,blocks.8.conv1,0.0806373804807663
71,blocks.8.conv2,0.07961627095937729
71,blocks.9.conv1,0.0663408562541008
71,blocks.9.conv2,0.06628241389989853
71,blocks.10.conv1,0.07372847944498062
71,blocks.10.conv2,0.048356447368860245
71,blocks.11.conv1,0.09271778166294098
71,blocks.11.conv2,0.05614286661148071
71,blocks.12.conv1,0.0393424853682518
71,blocks.12.conv2,0.030828149989247322
71,blocks.13.conv1,0.04043678566813469
71,blocks.13.conv2,0.061473701149225235
71,blocks.14.conv1,0.03990653157234192
71,blocks.14.conv2,0.049184441566467285
71,blocks.15.conv1,0.045567627996206284
71,blocks.15.conv2,0.031118541955947876
71,blocks.16.conv1,0.025733543559908867
71,blocks.16.conv2,0.02414487488567829
71,blocks.17.conv1,0.02258223108947277
71,blocks.17.conv2,0.024470366537570953
71,blocks.18.conv1,0.026854488998651505
71,blocks.18.conv2,0.027706163004040718
71,blocks.19.conv1,0.03965628147125244
71,blocks.19.conv2,0.024574678391218185
71,blocks.20.conv1,0.022707641124725342
71,blocks.20.conv2,0.017251482233405113
71,blocks.21.conv1,0.016288405284285545
71,blocks.21.conv2,0.020025040954351425
71,blocks.22.conv1,0.015138574875891209
71,blocks.22.conv2,0.016117481514811516
71,blocks.23.conv1,0.014143314212560654
71,blocks.23.conv2,0.01527932658791542
71,blocks.24.conv1,0.016360245645046234
71,blocks.24.conv2,0.01470384281128645
71,blocks.25.conv1,0.01511994656175375
71,blocks.25.conv2,0.016295595094561577
71,blocks.26.conv1,0.015483495779335499
71,blocks.26.conv2,0.01182717364281416
71,blocks.27.conv1,0.010306471958756447
71,blocks.27.conv2,0.009644987061619759
71,blocks.28.conv1,0.01677004247903824
71,blocks.28.conv2,0.012721835635602474
71,blocks.29.conv1,0.005963105708360672
71,blocks.29.conv2,0.005032176151871681
71,blocks.30.conv1,0.013100063428282738
71,blocks.30.conv2,0.013699682429432869
71,blocks.31.conv1,0.02069842256605625
71,blocks.31.conv2,0.032234787940979004
71,blocks.32.conv1,0.02487553097307682
71,blocks.32.conv2,0.013810654170811176
71,blocks.33.conv1,0.018066922202706337
71,blocks.33.conv2,0.02391381934285164
71,blocks.34.conv1,0.030690228566527367
71,blocks.34.conv2,0.021134914830327034
71,blocks.35.conv1,0.01769867353141308
71,blocks.35.conv2,0.015333276242017746
71,blocks.36.conv1,0.01809880882501602
71,blocks.36.conv2,0.023639600723981857
71,blocks.37.conv1,0.02235054410994053
71,blocks.37.conv2,0.01783965528011322
71,blocks.38.conv1,0.016455214470624924
71,blocks.38.conv2,0.016144026070833206
71,blocks.39.conv1,0.013447943143546581
71,blocks.39.conv2,0.015031663700938225
71,blocks.40.conv1,0.012658481486141682
71,blocks.40.conv2,0.012915821745991707
71,blocks.41.conv1,0.013929319567978382
71,blocks.41.conv2,0.015098967589437962
71,blocks.42.conv1,0.016691122204065323
71,blocks.42.conv2,0.021232470870018005
71,blocks.43.conv1,0.0178372859954834
71,blocks.43.conv2,0.016831612214446068
71,blocks.44.conv1,0.02005254104733467
71,blocks.44.conv2,0.020653624087572098
71,blocks.45.conv1,0.023445023223757744
71,blocks.45.conv2,0.02610885538160801
71,blocks.46.conv1,0.03181701898574829
71,blocks.46.conv2,0.03386341407895088
71,blocks.47.conv1,0.04112310707569122
71,blocks.47.conv2,0.04628897085785866
71,blocks.48.conv1,0.041519805788993835
71,blocks.48.conv2,0.04493261128664017
71,blocks.49.conv1,0.04987448453903198
71,blocks.49.conv2,0.04786723852157593
71,mean_conv2d_grad_norm,0.14788010237867585
72,stem.0,0.04829546436667442
72,blocks.0.conv1,0.0161330197006464
72,blocks.0.conv2,0.008425885811448097
72,blocks.1.conv1,0.03527815267443657
72,blocks.1.conv2,0.008549762889742851
72,blocks.2.conv1,0.014919941313564777
72,blocks.2.conv2,0.016087224707007408
72,blocks.3.conv1,0.009970007464289665
72,blocks.3.conv2,0.008575680665671825
72,blocks.4.conv1,0.011208990588784218
72,blocks.4.conv2,0.008810658007860184
72,blocks.5.conv1,0.008722965605556965
72,blocks.5.conv2,0.008400634862482548
72,blocks.6.conv1,0.014878674410283566
72,blocks.6.conv2,0.014831348322331905
72,blocks.7.conv1,0.013346905820071697
72,blocks.7.conv2,0.013157341629266739
72,blocks.8.conv1,0.01151310559362173
72,blocks.8.conv2,0.009876350872218609
72,blocks.9.conv1,0.008838944137096405
72,blocks.9.conv2,0.012454673647880554
72,blocks.10.conv1,0.013587608933448792
72,blocks.10.conv2,0.01139490120112896
72,blocks.11.conv1,0.00868796743452549
72,blocks.11.conv2,0.009485164657235146
72,blocks.12.conv1,0.011699138209223747
72,blocks.12.conv2,0.013836193829774857
72,blocks.13.conv1,0.013392169028520584
72,blocks.13.conv2,0.012397097423672676
72,blocks.14.conv1,0.01239488460123539
72,blocks.14.conv2,0.02251265197992325
72,blocks.15.conv1,0.010373786091804504
72,blocks.15.conv2,0.008844204246997833
72,blocks.16.conv1,0.009260711260139942
72,blocks.16.conv2,0.009030072949826717
72,blocks.17.conv1,0.009775333106517792
72,blocks.17.conv2,0.012929537333548069
72,blocks.18.conv1,0.012884953990578651
72,blocks.18.conv2,0.013756430707871914
72,blocks.19.conv1,0.02778305672109127
72,blocks.19.conv2,0.023076780140399933
72,blocks.20.conv1,0.01641220599412918
72,blocks.20.conv2,0.013476562686264515
72,blocks.21.conv1,0.01619584858417511
72,blocks.21.conv2,0.014952096156775951
72,blocks.22.conv1,0.010013153776526451
72,blocks.22.conv2,0.008810080587863922
72,blocks.23.conv1,0.012123027816414833
72,blocks.23.conv2,0.011123022995889187
72,blocks.24.conv1,0.009280898608267307
72,blocks.24.conv2,0.008934077806770802
72,blocks.25.conv1,0.007625534664839506
72,blocks.25.conv2,0.008583097718656063
72,blocks.26.conv1,0.008378670550882816
72,blocks.26.conv2,0.012312164530158043
72,blocks.27.conv1,0.008727357722818851
72,blocks.27.conv2,0.007703712675720453
72,blocks.28.conv1,0.01596994884312153
72,blocks.28.conv2,0.010895278304815292
72,blocks.29.conv1,0.00553738372400403
72,blocks.29.conv2,0.005625119432806969
72,blocks.30.conv1,0.013678131625056267
72,blocks.30.conv2,0.013746428303420544
72,blocks.31.conv1,0.0157944243401289
72,blocks.31.conv2,0.016168545931577682
72,blocks.32.conv1,0.01491501834243536
72,blocks.32.conv2,0.008834297768771648
72,blocks.33.conv1,0.014211130328476429
72,blocks.33.conv2,0.01926773227751255
72,blocks.34.conv1,0.020280349999666214
72,blocks.34.conv2,0.013108544051647186
72,blocks.35.conv1,0.010727358050644398
72,blocks.35.conv2,0.012804126366972923
72,blocks.36.conv1,0.012490011751651764
72,blocks.36.conv2,0.016289494931697845
72,blocks.37.conv1,0.016030488535761833
72,blocks.37.conv2,0.01782527193427086
72,blocks.38.conv1,0.01496030855923891
72,blocks.38.conv2,0.0115286186337471
72,blocks.39.conv1,0.010581428185105324
72,blocks.39.conv2,0.008333229459822178
72,blocks.40.conv1,0.008438571356236935
72,blocks.40.conv2,0.011083992198109627
72,blocks.41.conv1,0.013283153995871544
72,blocks.41.conv2,0.01943562552332878
72,blocks.42.conv1,0.01897888444364071
72,blocks.42.conv2,0.024898255243897438
72,blocks.43.conv1,0.02552778087556362
72,blocks.43.conv2,0.028433918952941895
72,blocks.44.conv1,0.028263568878173828
72,blocks.44.conv2,0.03191816806793213
72,blocks.45.conv1,0.03493652120232582
72,blocks.45.conv2,0.03537870943546295
72,blocks.46.conv1,0.03414347767829895
72,blocks.46.conv2,0.0415913462638855
72,blocks.47.conv1,0.05118314176797867
72,blocks.47.conv2,0.04286744445562363
72,blocks.48.conv1,0.04438646510243416
72,blocks.48.conv2,0.052570149302482605
72,blocks.49.conv1,0.06468463689088821
72,blocks.49.conv2,0.057738859206438065
72,mean_conv2d_grad_norm,0.017162130993449747
73,stem.0,0.013698913156986237
73,blocks.0.conv1,0.007622713688760996
73,blocks.0.conv2,0.003923226613551378
73,blocks.1.conv1,0.006856425199657679
73,blocks.1.conv2,0.005696495063602924
73,blocks.2.conv1,0.004530018195509911
73,blocks.2.conv2,0.006299747619777918
73,blocks.3.conv1,0.006603395566344261
73,blocks.3.conv2,0.0065139103680849075
73,blocks.4.conv1,0.008510400541126728
73,blocks.4.conv2,0.006935899145901203
73,blocks.5.conv1,0.0073228213004767895
73,blocks.5.conv2,0.009292732924222946
73,blocks.6.conv1,0.009137384593486786
73,blocks.6.conv2,0.008669953793287277
73,blocks.7.conv1,0.009557963348925114
73,blocks.7.conv2,0.009130445308983326
73,blocks.8.conv1,0.010846070945262909
73,blocks.8.conv2,0.012629722245037556
73,blocks.9.conv1,0.009406952187418938
73,blocks.9.conv2,0.00974945817142725
73,blocks.10.conv1,0.009430655278265476
73,blocks.10.conv2,0.01104962732642889
73,blocks.11.conv1,0.00910552404820919
73,blocks.11.conv2,0.012881999835371971
73,blocks.12.conv1,0.011728170327842236
73,blocks.12.conv2,0.012340884655714035
73,blocks.13.conv1,0.014328817836940289
73,blocks.13.conv2,0.013667863793671131
73,blocks.14.conv1,0.01385357417166233
73,blocks.14.conv2,0.02028249390423298
73,blocks.15.conv1,0.01816132292151451
73,blocks.15.conv2,0.011150980368256569
73,blocks.16.conv1,0.012758636847138405
73,blocks.16.conv2,0.01343681663274765
73,blocks.17.conv1,0.020429275929927826
73,blocks.17.conv2,0.02046695351600647
73,blocks.18.conv1,0.022299999371170998
73,blocks.18.conv2,0.034542568027973175
73,blocks.19.conv1,0.03624667599797249
73,blocks.19.conv2,0.031452763825654984
73,blocks.20.conv1,0.022511333227157593
73,blocks.20.conv2,0.013357693329453468
73,blocks.21.conv1,0.01737668551504612
73,blocks.21.conv2,0.020300187170505524
73,blocks.22.conv1,0.02055957540869713
73,blocks.22.conv2,0.01480153575539589
73,blocks.23.conv1,0.01126168668270111
73,blocks.23.conv2,0.013036946766078472
73,blocks.24.conv1,0.019101031124591827
73,blocks.24.conv2,0.019200067967176437
73,blocks.25.conv1,0.014195564202964306
73,blocks.25.conv2,0.010832322761416435
73,blocks.26.conv1,0.01640334539115429
73,blocks.26.conv2,0.01643497869372368
73,blocks.27.conv1,0.01755470037460327
73,blocks.27.conv2,0.022171031683683395
73,blocks.28.conv1,0.01916266605257988
73,blocks.28.conv2,0.023474274203181267
73,blocks.29.conv1,0.012867202050983906
73,blocks.29.conv2,0.012147287838160992
73,blocks.30.conv1,0.01587853953242302
73,blocks.30.conv2,0.013006116263568401
73,blocks.31.conv1,0.01397683098912239
73,blocks.31.conv2,0.016729336231946945
73,blocks.32.conv1,0.019569193944334984
73,blocks.32.conv2,0.010241459123790264
73,blocks.33.conv1,0.015237923711538315
73,blocks.33.conv2,0.017431877553462982
73,blocks.34.conv1,0.012452278286218643
73,blocks.34.conv2,0.010541742667555809
73,blocks.35.conv1,0.008857947774231434
73,blocks.35.conv2,0.010473530739545822
73,blocks.36.conv1,0.008913096971809864
73,blocks.36.conv2,0.0092734694480896
73,blocks.37.conv1,0.011840485036373138
73,blocks.37.conv2,0.011771741323173046
73,blocks.38.conv1,0.013364207930862904
73,blocks.38.conv2,0.012034774757921696
73,blocks.39.conv1,0.008507441729307175
73,blocks.39.conv2,0.007346667814999819
73,blocks.40.conv1,0.006878800690174103
73,blocks.40.conv2,0.007812273222953081
73,blocks.41.conv1,0.007512809708714485
73,blocks.41.conv2,0.009296405129134655
73,blocks.42.conv1,0.008740481920540333
73,blocks.42.conv2,0.012608474120497704
73,blocks.43.conv1,0.009471895173192024
73,blocks.43.conv2,0.009722545742988586
73,blocks.44.conv1,0.01020320225507021
73,blocks.44.conv2,0.01233136560767889
73,blocks.45.conv1,0.012910382822155952
73,blocks.45.conv2,0.012709316797554493
73,blocks.46.conv1,0.016558129340410233
73,blocks.46.conv2,0.022577783092856407
73,blocks.47.conv1,0.022942258045077324
73,blocks.47.conv2,0.025669103488326073
73,blocks.48.conv1,0.025841429829597473
73,blocks.48.conv2,0.02698262222111225
73,blocks.49.conv1,0.028697658330202103
73,blocks.49.conv2,0.027736568823456764
73,mean_conv2d_grad_norm,0.01409853998995801
74,stem.0,0.011668754741549492
74,blocks.0.conv1,0.0060182358138263226
74,blocks.0.conv2,0.005429720040410757
74,blocks.1.conv1,0.01212669350206852
74,blocks.1.conv2,0.009121004492044449
74,blocks.2.conv1,0.007689980324357748
74,blocks.2.conv2,0.00922217033803463
74,blocks.3.conv1,0.00953154731541872
74,blocks.3.conv2,0.008879409171640873
74,blocks.4.conv1,0.014586912468075752
74,blocks.4.conv2,0.01224239356815815
74,blocks.5.conv1,0.01526503823697567
74,blocks.5.conv2,0.016972437500953674
74,blocks.6.conv1,0.03545207157731056
74,blocks.6.conv2,0.03859033063054085
74,blocks.7.conv1,0.019924834370613098
74,blocks.7.conv2,0.01566574163734913
74,blocks.8.conv1,0.014467584900557995
74,blocks.8.conv2,0.018814442679286003
74,blocks.9.conv1,0.019352849572896957
74,blocks.9.conv2,0.025509463623166084
74,blocks.10.conv1,0.029398247599601746
74,blocks.10.conv2,0.025947941467165947
74,blocks.11.conv1,0.02334500476717949
74,blocks.11.conv2,0.022449923679232597
74,blocks.12.conv1,0.015355714596807957
74,blocks.12.conv2,0.03278883174061775
74,blocks.13.conv1,0.031300220638513565
74,blocks.13.conv2,0.034840941429138184
74,blocks.14.conv1,0.029712524265050888
74,blocks.14.conv2,0.035036370158195496
74,blocks.15.conv1,0.01796337030827999
74,blocks.15.conv2,0.01447718683630228
74,blocks.16.conv1,0.015760134905576706
74,blocks.16.conv2,0.019185716286301613
74,blocks.17.conv1,0.01771414652466774
74,blocks.17.conv2,0.03135181590914726
74,blocks.18.conv1,0.01923127844929695
74,blocks.18.conv2,0.020007336512207985
74,blocks.19.conv1,0.025689799338579178
74,blocks.19.conv2,0.02088000997900963
74,blocks.20.conv1,0.014837629161775112
74,blocks.20.conv2,0.017380978912115097
74,blocks.21.conv1,0.02381233684718609
74,blocks.21.conv2,0.028494691476225853
74,blocks.22.conv1,0.018618518486618996
74,blocks.22.conv2,0.018527589738368988
74,blocks.23.conv1,0.031037257984280586
74,blocks.23.conv2,0.028875594958662987
74,blocks.24.conv1,0.02197296917438507
74,blocks.24.conv2,0.023218687623739243
74,blocks.25.conv1,0.016753192991018295
74,blocks.25.conv2,0.018060723319649696
74,blocks.26.conv1,0.020760703831911087
74,blocks.26.conv2,0.019559504464268684
74,blocks.27.conv1,0.014675422571599483
74,blocks.27.conv2,0.014589189551770687
74,blocks.28.conv1,0.021529946476221085
74,blocks.28.conv2,0.015525821596384048
74,blocks.29.conv1,0.012981264851987362
74,blocks.29.conv2,0.01343233697116375
74,blocks.30.conv1,0.013225254602730274
74,blocks.30.conv2,0.01587648130953312
74,blocks.31.conv1,0.0190246794372797
74,blocks.31.conv2,0.021643688902258873
74,blocks.32.conv1,0.028848091140389442
74,blocks.32.conv2,0.021172020584344864
74,blocks.33.conv1,0.019752591848373413
74,blocks.33.conv2,0.0258915014564991
74,blocks.34.conv1,0.019711537286639214
74,blocks.34.conv2,0.017043503001332283
74,blocks.35.conv1,0.01550090592354536
74,blocks.35.conv2,0.01501981820911169
74,blocks.36.conv1,0.01508637610822916
74,blocks.36.conv2,0.020071769133210182
74,blocks.37.conv1,0.01956857554614544
74,blocks.37.conv2,0.025269821286201477
74,blocks.38.conv1,0.017673857510089874
74,blocks.38.conv2,0.016773762181401253
74,blocks.39.conv1,0.01475197821855545
74,blocks.39.conv2,0.01654798351228237
74,blocks.40.conv1,0.01784239150583744
74,blocks.40.conv2,0.01944369450211525
74,blocks.41.conv1,0.023087045177817345
74,blocks.41.conv2,0.030576959252357483
74,blocks.42.conv1,0.0323539562523365
74,blocks.42.conv2,0.045762013643980026
74,blocks.43.conv1,0.04257987067103386
74,blocks.43.conv2,0.04313555359840393
74,blocks.44.conv1,0.035002700984478
74,blocks.44.conv2,0.03277280926704407
74,blocks.45.conv1,0.033405955880880356
74,blocks.45.conv2,0.036333635449409485
74,blocks.46.conv1,0.04838388040661812
74,blocks.46.conv2,0.04545732960104942
74,blocks.47.conv1,0.06782162189483643
74,blocks.47.conv2,0.06816594302654266
74,blocks.48.conv1,0.07665880769491196
74,blocks.48.conv2,0.08103197067975998
74,blocks.49.conv1,0.07704570889472961
74,blocks.49.conv2,0.06686074286699295
74,mean_conv2d_grad_norm,0.024809794864700276
75,stem.0,0.020779084414243698
75,blocks.0.conv1,0.016582950949668884
75,blocks.0.conv2,0.006242344621568918
75,blocks.1.conv1,0.012320145033299923
75,blocks.1.conv2,0.006983072031289339
75,blocks.2.conv1,0.0047211493365466595
75,blocks.2.conv2,0.0041768779046833515
75,blocks.3.conv1,0.0038559178356081247
75,blocks.3.conv2,0.004300468135625124
75,blocks.4.conv1,0.004355938173830509
75,blocks.4.conv2,0.0032097864896059036
75,blocks.5.conv1,0.0036584679037332535
75,blocks.5.conv2,0.005649241153150797
75,blocks.6.conv1,0.009349575266242027
75,blocks.6.conv2,0.007840787060558796
75,blocks.7.conv1,0.00698164151981473
75,blocks.7.conv2,0.0070062074810266495
75,blocks.8.conv1,0.008639868348836899
75,blocks.8.conv2,0.019912898540496826
75,blocks.9.conv1,0.014125673100352287
75,blocks.9.conv2,0.012352350167930126
75,blocks.10.conv1,0.013255652040243149
75,blocks.10.conv2,0.0170106403529644
75,blocks.11.conv1,0.017107108607888222
75,blocks.11.conv2,0.014496068470180035
75,blocks.12.conv1,0.01319696195423603
75,blocks.12.conv2,0.018530383706092834
75,blocks.13.conv1,0.02084045112133026
75,blocks.13.conv2,0.01892690733075142
75,blocks.14.conv1,0.017971741035580635
75,blocks.14.conv2,0.01510640885680914
75,blocks.15.conv1,0.014732937328517437
75,blocks.15.conv2,0.014511355198919773
75,blocks.16.conv1,0.012222394347190857
75,blocks.16.conv2,0.01567755825817585
75,blocks.17.conv1,0.018265360966324806
75,blocks.17.conv2,0.019538911059498787
75,blocks.18.conv1,0.011029343120753765
75,blocks.18.conv2,0.012215867638587952
75,blocks.19.conv1,0.014813973568379879
75,blocks.19.conv2,0.016467250883579254
75,blocks.20.conv1,0.01114185806363821
75,blocks.20.conv2,0.011552063748240471
75,blocks.21.conv1,0.022392893210053444
75,blocks.21.conv2,0.02112773433327675
75,blocks.22.conv1,0.017456281930208206
75,blocks.22.conv2,0.017909614369273186
75,blocks.23.conv1,0.020258504897356033
75,blocks.23.conv2,0.01823882758617401
75,blocks.24.conv1,0.015857232734560966
75,blocks.24.conv2,0.014856779016554356
75,blocks.25.conv1,0.013367583975195885
75,blocks.25.conv2,0.01631406880915165
75,blocks.26.conv1,0.010702207684516907
75,blocks.26.conv2,0.014368114992976189
75,blocks.27.conv1,0.01653657853603363
75,blocks.27.conv2,0.018897375091910362
75,blocks.28.conv1,0.01602722890675068
75,blocks.28.conv2,0.009697657078504562
75,blocks.29.conv1,0.005997654516249895
75,blocks.29.conv2,0.009369618259370327
75,blocks.30.conv1,0.01538100279867649
75,blocks.30.conv2,0.017871810123324394
75,blocks.31.conv1,0.03001839481294155
75,blocks.31.conv2,0.03340912237763405
75,blocks.32.conv1,0.030468670651316643
75,blocks.32.conv2,0.017696794122457504
75,blocks.33.conv1,0.02549883909523487
75,blocks.33.conv2,0.02330118976533413
75,blocks.34.conv1,0.01756039634346962
75,blocks.34.conv2,0.016245568171143532
75,blocks.35.conv1,0.014380902983248234
75,blocks.35.conv2,0.013908393681049347
75,blocks.36.conv1,0.016807956621050835
75,blocks.36.conv2,0.01716071180999279
75,blocks.37.conv1,0.020144933834671974
75,blocks.37.conv2,0.023441025987267494
75,blocks.38.conv1,0.023030593991279602
75,blocks.38.conv2,0.024421878159046173
75,blocks.39.conv1,0.01642073504626751
75,blocks.39.conv2,0.015499435365200043
75,blocks.40.conv1,0.013564487919211388
75,blocks.40.conv2,0.016700800508260727
75,blocks.41.conv1,0.01958828791975975
75,blocks.41.conv2,0.025816485285758972
75,blocks.42.conv1,0.02818235009908676
75,blocks.42.conv2,0.018766941502690315
75,blocks.43.conv1,0.018137376755475998
75,blocks.43.conv2,0.019361166283488274
75,blocks.44.conv1,0.022313976660370827
75,blocks.44.conv2,0.025592202320694923
75,blocks.45.conv1,0.031152240931987762
75,blocks.45.conv2,0.03699525073170662
75,blocks.46.conv1,0.03962896391749382
75,blocks.46.conv2,0.046089157462120056
75,blocks.47.conv1,0.06118619441986084
75,blocks.47.conv2,0.06225448474287987
75,blocks.48.conv1,0.05844403803348541
75,blocks.48.conv2,0.06374561041593552
75,blocks.49.conv1,0.06654255837202072
75,blocks.49.conv2,0.06547287851572037
75,mean_conv2d_grad_norm,0.019338964431611174
76,stem.0,0.027458764612674713
76,blocks.0.conv1,0.01988561637699604
76,blocks.0.conv2,0.014645615592598915
76,blocks.1.conv1,0.02652278169989586
76,blocks.1.conv2,0.018992315977811813
76,blocks.2.conv1,0.022165898233652115
76,blocks.2.conv2,0.01927676983177662
76,blocks.3.conv1,0.020437778905034065
76,blocks.3.conv2,0.026511510834097862
76,blocks.4.conv1,0.028552979230880737
76,blocks.4.conv2,0.023333685472607613
76,blocks.5.conv1,0.02538815513253212
76,blocks.5.conv2,0.023396160453557968
76,blocks.6.conv1,0.030810819938778877
76,blocks.6.conv2,0.02948605641722679
76,blocks.7.conv1,0.01575445756316185
76,blocks.7.conv2,0.014924373477697372
76,blocks.8.conv1,0.018670398741960526
76,blocks.8.conv2,0.02127121388912201
76,blocks.9.conv1,0.015100776217877865
76,blocks.9.conv2,0.01198252197355032
76,blocks.10.conv1,0.01628807932138443
76,blocks.10.conv2,0.015662219375371933
76,blocks.11.conv1,0.011905730701982975
76,blocks.11.conv2,0.0150225181132555
76,blocks.12.conv1,0.019587835296988487
76,blocks.12.conv2,0.02131829783320427
76,blocks.13.conv1,0.019324248656630516
76,blocks.13.conv2,0.0212791096419096
76,blocks.14.conv1,0.029945122078061104
76,blocks.14.conv2,0.04640336334705353
76,blocks.15.conv1,0.03635392710566521
76,blocks.15.conv2,0.02474038116633892
76,blocks.16.conv1,0.024972669780254364
76,blocks.16.conv2,0.0304704662412405
76,blocks.17.conv1,0.024810854345560074
76,blocks.17.conv2,0.033036865293979645
76,blocks.18.conv1,0.03496924787759781
76,blocks.18.conv2,0.02926672250032425
76,blocks.19.conv1,0.031800318509340286
76,blocks.19.conv2,0.026176439598202705
76,blocks.20.conv1,0.02814551256597042
76,blocks.20.conv2,0.030262311920523643
76,blocks.21.conv1,0.03331686556339264
76,blocks.21.conv2,0.02706027962267399
76,blocks.22.conv1,0.019107729196548462
76,blocks.22.conv2,0.021762268617749214
76,blocks.23.conv1,0.02331937476992607
76,blocks.23.conv2,0.02198411524295807
76,blocks.24.conv1,0.027423571795225143
76,blocks.24.conv2,0.021825036033988
76,blocks.25.conv1,0.01875576190650463
76,blocks.25.conv2,0.021859074011445045
76,blocks.26.conv1,0.018543081358075142
76,blocks.26.conv2,0.01936592347919941
76,blocks.27.conv1,0.018209392204880714
76,blocks.27.conv2,0.019394753500819206
76,blocks.28.conv1,0.028418265283107758
76,blocks.28.conv2,0.019774815067648888
76,blocks.29.conv1,0.014506630599498749
76,blocks.29.conv2,0.011015010997653008
76,blocks.30.conv1,0.018654754385352135
76,blocks.30.conv2,0.017782064154744148
76,blocks.31.conv1,0.01982825994491577
76,blocks.31.conv2,0.02865198440849781
76,blocks.32.conv1,0.025954529643058777
76,blocks.32.conv2,0.019089065492153168
76,blocks.33.conv1,0.021276790648698807
76,blocks.33.conv2,0.02294011227786541
76,blocks.34.conv1,0.020633425563573837
76,blocks.34.conv2,0.02195190265774727
76,blocks.35.conv1,0.020197823643684387
76,blocks.35.conv2,0.016843587160110474
76,blocks.36.conv1,0.021003155037760735
76,blocks.36.conv2,0.020137546584010124
76,blocks.37.conv1,0.019435731694102287
76,blocks.37.conv2,0.0213066004216671
76,blocks.38.conv1,0.021753519773483276
76,blocks.38.conv2,0.018677067011594772
76,blocks.39.conv1,0.01876680739223957
76,blocks.39.conv2,0.019390102475881577
76,blocks.40.conv1,0.017719252035021782
76,blocks.40.conv2,0.01904936693608761
76,blocks.41.conv1,0.01890832558274269
76,blocks.41.conv2,0.01956794038414955
76,blocks.42.conv1,0.01957227662205696
76,blocks.42.conv2,0.022639337927103043
76,blocks.43.conv1,0.02476710081100464
76,blocks.43.conv2,0.02399020455777645
76,blocks.44.conv1,0.029164476320147514
76,blocks.44.conv2,0.029467886313796043
76,blocks.45.conv1,0.03729195520281792
76,blocks.45.conv2,0.045184243470430374
76,blocks.46.conv1,0.054436516016721725
76,blocks.46.conv2,0.0660044401884079
76,blocks.47.conv1,0.07120534032583237
76,blocks.47.conv2,0.0747138038277626
76,blocks.48.conv1,0.07299686223268509
76,blocks.48.conv2,0.07460015267133713
76,blocks.49.conv1,0.07391852140426636
76,blocks.49.conv2,0.06226295232772827
76,mean_conv2d_grad_norm,0.02657117452103608
77,stem.0,0.06635323166847229
77,blocks.0.conv1,0.1448581963777542
77,blocks.0.conv2,0.06478264927864075
77,blocks.1.conv1,0.06693869084119797
77,blocks.1.conv2,0.0287623330950737
77,blocks.2.conv1,0.008636153303086758
77,blocks.2.conv2,0.013669325970113277
77,blocks.3.conv1,0.006889579817652702
77,blocks.3.conv2,0.009130671620368958
77,blocks.4.conv1,0.015001093968749046
77,blocks.4.conv2,0.00763642368838191
77,blocks.5.conv1,0.0068460083566606045
77,blocks.5.conv2,0.008123576641082764
77,blocks.6.conv1,0.009177196770906448
77,blocks.6.conv2,0.007765323389321566
77,blocks.7.conv1,0.007526087108999491
77,blocks.7.conv2,0.008434086106717587
77,blocks.8.conv1,0.006220952142030001
77,blocks.8.conv2,0.009182463400065899
77,blocks.9.conv1,0.008878407999873161
77,blocks.9.conv2,0.007036982104182243
77,blocks.10.conv1,0.008476871997117996
77,blocks.10.conv2,0.013324176892638206
77,blocks.11.conv1,0.009297920390963554
77,blocks.11.conv2,0.009869643487036228
77,blocks.12.conv1,0.010888000950217247
77,blocks.12.conv2,0.013734087347984314
77,blocks.13.conv1,0.01741892658174038
77,blocks.13.conv2,0.016561614349484444
77,blocks.14.conv1,0.015472863800823689
77,blocks.14.conv2,0.01755157671868801
77,blocks.15.conv1,0.014871306717395782
77,blocks.15.conv2,0.011063503101468086
77,blocks.16.conv1,0.01300885807722807
77,blocks.16.conv2,0.015547498129308224
77,blocks.17.conv1,0.013935503549873829
77,blocks.17.conv2,0.014135604724287987
77,blocks.18.conv1,0.01641130819916725
77,blocks.18.conv2,0.017005523666739464
77,blocks.19.conv1,0.019178856164216995
77,blocks.19.conv2,0.016348566859960556
77,blocks.20.conv1,0.01549520529806614
77,blocks.20.conv2,0.01586051471531391
77,blocks.21.conv1,0.017314396798610687
77,blocks.21.conv2,0.014915328472852707
77,blocks.22.conv1,0.013299813494086266
77,blocks.22.conv2,0.016465112566947937
77,blocks.23.conv1,0.015620862133800983
77,blocks.23.conv2,0.019406260922551155
77,blocks.24.conv1,0.015675850212574005
77,blocks.24.conv2,0.014913448132574558
77,blocks.25.conv1,0.01407576072961092
77,blocks.25.conv2,0.014376915991306305
77,blocks.26.conv1,0.015301304869353771
77,blocks.26.conv2,0.013726336881518364
77,blocks.27.conv1,0.010299687273800373
77,blocks.27.conv2,0.009856835938990116
77,blocks.28.conv1,0.01303957961499691
77,blocks.28.conv2,0.009929237887263298
77,blocks.29.conv1,0.006899506784975529
77,blocks.29.conv2,0.005485936999320984
77,blocks.30.conv1,0.007475225254893303
77,blocks.30.conv2,0.007445813622325659
77,blocks.31.conv1,0.009448442608118057
77,blocks.31.conv2,0.010986888781189919
77,blocks.32.conv1,0.00821671448647976
77,blocks.32.conv2,0.009971832856535912
77,blocks.33.conv1,0.013834270648658276
77,blocks.33.conv2,0.015790004283189774
77,blocks.34.conv1,0.017521915957331657
77,blocks.34.conv2,0.016757864505052567
77,blocks.35.conv1,0.01460022758692503
77,blocks.35.conv2,0.018690673634409904
77,blocks.36.conv1,0.018114199861884117
77,blocks.36.conv2,0.03147891163825989
77,blocks.37.conv1,0.022782981395721436
77,blocks.37.conv2,0.01939745992422104
77,blocks.38.conv1,0.024193184450268745
77,blocks.38.conv2,0.018240803852677345
77,blocks.39.conv1,0.015411480329930782
77,blocks.39.conv2,0.01569001004099846
77,blocks.40.conv1,0.016218027099967003
77,blocks.40.conv2,0.01678231544792652
77,blocks.41.conv1,0.020023662596940994
77,blocks.41.conv2,0.021235628053545952
77,blocks.42.conv1,0.021923556923866272
77,blocks.42.conv2,0.025761805474758148
77,blocks.43.conv1,0.020290149375796318
77,blocks.43.conv2,0.02195347659289837
77,blocks.44.conv1,0.02766561135649681
77,blocks.44.conv2,0.03126615658402443
77,blocks.45.conv1,0.03108365833759308
77,blocks.45.conv2,0.027757173404097557
77,blocks.46.conv1,0.03491596877574921
77,blocks.46.conv2,0.0342155285179615
77,blocks.47.conv1,0.04074481874704361
77,blocks.47.conv2,0.052268680185079575
77,blocks.48.conv1,0.05016876757144928
77,blocks.48.conv2,0.04622587189078331
77,blocks.49.conv1,0.04502710700035095
77,blocks.49.conv2,0.051049042493104935
77,mean_conv2d_grad_norm,0.020005301517056356
78,stem.0,0.05797576159238815
78,blocks.0.conv1,0.010431722737848759
78,blocks.0.conv2,0.015535963699221611
78,blocks.1.conv1,0.013973325490951538
78,blocks.1.conv2,0.01820146106183529
78,blocks.2.conv1,0.010176085866987705
78,blocks.2.conv2,0.012338328175246716
78,blocks.3.conv1,0.02096075937151909
78,blocks.3.conv2,0.030262336134910583
78,blocks.4.conv1,0.013025874271988869
78,blocks.4.conv2,0.007798701990395784
78,blocks.5.conv1,0.008620116859674454
78,blocks.5.conv2,0.013018659316003323
78,blocks.6.conv1,0.015353801660239697
78,blocks.6.conv2,0.011818498373031616
78,blocks.7.conv1,0.012757678516209126
78,blocks.7.conv2,0.014669150114059448
78,blocks.8.conv1,0.018380623310804367
78,blocks.8.conv2,0.014645563438534737
78,blocks.9.conv1,0.013865475542843342
78,blocks.9.conv2,0.017188746482133865
78,blocks.10.conv1,0.015864869579672813
78,blocks.10.conv2,0.014811962842941284
78,blocks.11.conv1,0.014881165698170662
78,blocks.11.conv2,0.013640127144753933
78,blocks.12.conv1,0.013968870975077152
78,blocks.12.conv2,0.01743495464324951
78,blocks.13.conv1,0.023065155372023582
78,blocks.13.conv2,0.02402275800704956
78,blocks.14.conv1,0.017549483105540276
78,blocks.14.conv2,0.016186794266104698
78,blocks.15.conv1,0.013799024745821953
78,blocks.15.conv2,0.012980571947991848
78,blocks.16.conv1,0.013019070960581303
78,blocks.16.conv2,0.014599388465285301
78,blocks.17.conv1,0.016304248943924904
78,blocks.17.conv2,0.014297417365014553
78,blocks.18.conv1,0.013588772155344486
78,blocks.18.conv2,0.010481909848749638
78,blocks.19.conv1,0.010930673219263554
78,blocks.19.conv2,0.010396294295787811
78,blocks.20.conv1,0.01002046000212431
78,blocks.20.conv2,0.011110946536064148
78,blocks.21.conv1,0.018160982057452202
78,blocks.21.conv2,0.012161747552454472
78,blocks.22.conv1,0.008591774851083755
78,blocks.22.conv2,0.012678300030529499
78,blocks.23.conv1,0.012311900034546852
78,blocks.23.conv2,0.012314669787883759
78,blocks.24.conv1,0.012061551213264465
78,blocks.24.conv2,0.014249416068196297
78,blocks.25.conv1,0.009447338990867138
78,blocks.25.conv2,0.013369911350309849
78,blocks.26.conv1,0.015118141658604145
78,blocks.26.conv2,0.012316618114709854
78,blocks.27.conv1,0.0121229887008667
78,blocks.27.conv2,0.017069324851036072
78,blocks.28.conv1,0.012678924016654491
78,blocks.28.conv2,0.015940386801958084
78,blocks.29.conv1,0.009546109475195408
78,blocks.29.conv2,0.007528902962803841
78,blocks.30.conv1,0.008594918064773083
78,blocks.30.conv2,0.014003983698785305
78,blocks.31.conv1,0.01431781891733408
78,blocks.31.conv2,0.017998266965150833
78,blocks.32.conv1,0.01732678897678852
78,blocks.32.conv2,0.017460094764828682
78,blocks.33.conv1,0.022724634036421776
78,blocks.33.conv2,0.021220853552222252
78,blocks.34.conv1,0.024878261610865593
78,blocks.34.conv2,0.018601875752210617
78,blocks.35.conv1,0.019292080774903297
78,blocks.35.conv2,0.016507737338542938
78,blocks.36.conv1,0.01650959625840187
78,blocks.36.conv2,0.01836431957781315
78,blocks.37.conv1,0.017442869022488594
78,blocks.37.conv2,0.017170488834381104
78,blocks.38.conv1,0.020603392273187637
78,blocks.38.conv2,0.016011158004403114
78,blocks.39.conv1,0.015692077577114105
78,blocks.39.conv2,0.016178935766220093
78,blocks.40.conv1,0.014038299210369587
78,blocks.40.conv2,0.015266627073287964
78,blocks.41.conv1,0.02068316377699375
78,blocks.41.conv2,0.021928422152996063
78,blocks.42.conv1,0.019246533513069153
78,blocks.42.conv2,0.01872667297720909
78,blocks.43.conv1,0.018971718847751617
78,blocks.43.conv2,0.03235510364174843
78,blocks.44.conv1,0.03512610122561455
78,blocks.44.conv2,0.04676797613501549
78,blocks.45.conv1,0.046157464385032654
78,blocks.45.conv2,0.04228256642818451
78,blocks.46.conv1,0.0530029721558094
78,blocks.46.conv2,0.054805245250463486
78,blocks.47.conv1,0.07127466797828674
78,blocks.47.conv2,0.06082068011164665
78,blocks.48.conv1,0.06283891946077347
78,blocks.48.conv2,0.06659925729036331
78,blocks.49.conv1,0.08127428591251373
78,blocks.49.conv2,0.0659463033080101
78,mean_conv2d_grad_norm,0.020798373022255037
79,stem.0,0.06558309495449066
79,blocks.0.conv1,0.012505101040005684
79,blocks.0.conv2,0.01980101503431797
79,blocks.1.conv1,0.012511257082223892
79,blocks.1.conv2,0.019788110628724098
79,blocks.2.conv1,0.013705655932426453
79,blocks.2.conv2,0.0180641021579504
79,blocks.3.conv1,0.0228642076253891
79,blocks.3.conv2,0.035698965191841125
79,blocks.4.conv1,0.016753055155277252
79,blocks.4.conv2,0.010967985726892948
79,blocks.5.conv1,0.009066185913980007
79,blocks.5.conv2,0.012649648822844028
79,blocks.6.conv1,0.024812059476971626
79,blocks.6.conv2,0.011441431008279324
79,blocks.7.conv1,0.011063852347433567
79,blocks.7.conv2,0.01336050033569336
79,blocks.8.conv1,0.018303802236914635
79,blocks.8.conv2,0.01870252937078476
79,blocks.9.conv1,0.016998326405882835
79,blocks.9.conv2,0.015963876619935036
79,blocks.10.conv1,0.01950754225254059
79,blocks.10.conv2,0.01837894879281521
79,blocks.11.conv1,0.0126089658588171
79,blocks.11.conv2,0.016120124608278275
79,blocks.12.conv1,0.01689211092889309
79,blocks.12.conv2,0.01677718013525009
79,blocks.13.conv1,0.018413396552205086
79,blocks.13.conv2,0.01667667366564274
79,blocks.14.conv1,0.019618837162852287
79,blocks.14.conv2,0.03677412122488022
79,blocks.15.conv1,0.022966992110013962
79,blocks.15.conv2,0.02081398293375969
79,blocks.16.conv1,0.02482134848833084
79,blocks.16.conv2,0.02306944876909256
79,blocks.17.conv1,0.019316483289003372
79,blocks.17.conv2,0.020489977672696114
79,blocks.18.conv1,0.0219564326107502
79,blocks.18.conv2,0.020296335220336914
79,blocks.19.conv1,0.02240176498889923
79,blocks.19.conv2,0.01642182655632496
79,blocks.20.conv1,0.015397235751152039
79,blocks.20.conv2,0.016225824132561684
79,blocks.21.conv1,0.030245142057538033
79,blocks.21.conv2,0.021542714908719063
79,blocks.22.conv1,0.014657649211585522
79,blocks.22.conv2,0.012085250578820705
79,blocks.23.conv1,0.01574414223432541
79,blocks.23.conv2,0.03737897053360939
79,blocks.24.conv1,0.029903821647167206
79,blocks.24.conv2,0.021424828097224236
79,blocks.25.conv1,0.014727944508194923
79,blocks.25.conv2,0.015558424405753613
79,blocks.26.conv1,0.01977161318063736
79,blocks.26.conv2,0.017684245482087135
79,blocks.27.conv1,0.015084880404174328
79,blocks.27.conv2,0.018293986096978188
79,blocks.28.conv1,0.020310692489147186
79,blocks.28.conv2,0.020281363278627396
79,blocks.29.conv1,0.010374578647315502
79,blocks.29.conv2,0.00899264495819807
79,blocks.30.conv1,0.012740732170641422
79,blocks.30.conv2,0.012751452624797821
79,blocks.31.conv1,0.013727594166994095
79,blocks.31.conv2,0.013778633438050747
79,blocks.32.conv1,0.014902367256581783
79,blocks.32.conv2,0.01564166136085987
79,blocks.33.conv1,0.017818279564380646
79,blocks.33.conv2,0.020239097997546196
79,blocks.34.conv1,0.01957077905535698
79,blocks.34.conv2,0.01570983976125717
79,blocks.35.conv1,0.014307914301753044
79,blocks.35.conv2,0.014937802217900753
79,blocks.36.conv1,0.017937839031219482
79,blocks.36.conv2,0.022131945937871933
79,blocks.37.conv1,0.020693928003311157
79,blocks.37.conv2,0.017983518540859222
79,blocks.38.conv1,0.018891846761107445
79,blocks.38.conv2,0.01743098348379135
79,blocks.39.conv1,0.015267154201865196
79,blocks.39.conv2,0.014407480135560036
79,blocks.40.conv1,0.01534282136708498
79,blocks.40.conv2,0.017870580777525902
79,blocks.41.conv1,0.0190271083265543
79,blocks.41.conv2,0.021318674087524414
79,blocks.42.conv1,0.020120739936828613
79,blocks.42.conv2,0.022048311308026314
79,blocks.43.conv1,0.02804202027618885
79,blocks.43.conv2,0.02244318649172783
79,blocks.44.conv1,0.024673813953995705
79,blocks.44.conv2,0.028080526739358902
79,blocks.45.conv1,0.03252357244491577
79,blocks.45.conv2,0.031666554510593414
79,blocks.46.conv1,0.04179089143872261
79,blocks.46.conv2,0.04465101659297943
79,blocks.47.conv1,0.056075286120176315
79,blocks.47.conv2,0.05939200520515442
79,blocks.48.conv1,0.06748794764280319
79,blocks.48.conv2,0.07145438343286514
79,blocks.49.conv1,0.07659760862588882
79,blocks.49.conv2,0.07250836491584778
79,mean_conv2d_grad_norm,0.02261979676930621
80,stem.0,0.08831480890512466
80,blocks.0.conv1,0.051421619951725006
80,blocks.0.conv2,0.031105633825063705
80,blocks.1.conv1,0.021943790838122368
80,blocks.1.conv2,0.0361601896584034
80,blocks.2.conv1,0.04032512754201889
80,blocks.2.conv2,0.09022263437509537
80,blocks.3.conv1,0.02405373379588127
80,blocks.3.conv2,0.0441695936024189
80,blocks.4.conv1,0.0297329630702734
80,blocks.4.conv2,0.015173966065049171
80,blocks.5.conv1,0.008675365708768368
80,blocks.5.conv2,0.010827594436705112
80,blocks.6.conv1,0.028656193986535072
80,blocks.6.conv2,0.010448470711708069
80,blocks.7.conv1,0.009241990745067596
80,blocks.7.conv2,0.011782328598201275
80,blocks.8.conv1,0.01058225892484188
80,blocks.8.conv2,0.012340438552200794
80,blocks.9.conv1,0.013224619440734386
80,blocks.9.conv2,0.010397722944617271
80,blocks.10.conv1,0.012284396216273308
80,blocks.10.conv2,0.01416430901736021
80,blocks.11.conv1,0.012699974700808525
80,blocks.11.conv2,0.013936333358287811
80,blocks.12.conv1,0.010690403170883656
80,blocks.12.conv2,0.012422231025993824
80,blocks.13.conv1,0.014538182877004147
80,blocks.13.conv2,0.012467053718864918
80,blocks.14.conv1,0.013237723149359226
80,blocks.14.conv2,0.014221664518117905
80,blocks.15.conv1,0.016062093898653984
80,blocks.15.conv2,0.018625754863023758
80,blocks.16.conv1,0.021532787010073662
80,blocks.16.conv2,0.020166555419564247
80,blocks.17.conv1,0.015664394944906235
80,blocks.17.conv2,0.014715821482241154
80,blocks.18.conv1,0.012912641279399395
80,blocks.18.conv2,0.011187681928277016
80,blocks.19.conv1,0.011416429653763771
80,blocks.19.conv2,0.007995150052011013
80,blocks.20.conv1,0.009694173000752926
80,blocks.20.conv2,0.011015189811587334
80,blocks.21.conv1,0.01313196960836649
80,blocks.21.conv2,0.013141495175659657
80,blocks.22.conv1,0.011630721390247345
80,blocks.22.conv2,0.01369803212583065
80,blocks.23.conv1,0.011633902788162231
80,blocks.23.conv2,0.01816246286034584
80,blocks.24.conv1,0.013731277547776699
80,blocks.24.conv2,0.010667248629033566
80,blocks.25.conv1,0.010142046958208084
80,blocks.25.conv2,0.015889378264546394
80,blocks.26.conv1,0.013373632915318012
80,blocks.26.conv2,0.010662774555385113
80,blocks.27.conv1,0.00781308114528656
80,blocks.27.conv2,0.009960826486349106
80,blocks.28.conv1,0.011864915490150452
80,blocks.28.conv2,0.012319851666688919
80,blocks.29.conv1,0.009475371800363064
80,blocks.29.conv2,0.00971858948469162
80,blocks.30.conv1,0.012344862334430218
80,blocks.30.conv2,0.011988235637545586
80,blocks.31.conv1,0.012806500308215618
80,blocks.31.conv2,0.015541357919573784
80,blocks.32.conv1,0.015028453432023525
80,blocks.32.conv2,0.012932014651596546
80,blocks.33.conv1,0.01297159306704998
80,blocks.33.conv2,0.016182323917746544
80,blocks.34.conv1,0.01527305319905281
80,blocks.34.conv2,0.0187967661768198
80,blocks.35.conv1,0.018185757100582123
80,blocks.35.conv2,0.015962207689881325
80,blocks.36.conv1,0.01694668084383011
80,blocks.36.conv2,0.014742360450327396
80,blocks.37.conv1,0.013859552331268787
80,blocks.37.conv2,0.015812436118721962
80,blocks.38.conv1,0.015002339147031307
80,blocks.38.conv2,0.012793455272912979
80,blocks.39.conv1,0.013217084109783173
80,blocks.39.conv2,0.014842633157968521
80,blocks.40.conv1,0.014581273309886456
80,blocks.40.conv2,0.01665595918893814
80,blocks.41.conv1,0.020456427708268166
80,blocks.41.conv2,0.02367829531431198
80,blocks.42.conv1,0.022434083744883537
80,blocks.42.conv2,0.02607615664601326
80,blocks.43.conv1,0.031171180307865143
80,blocks.43.conv2,0.03345697745680809
80,blocks.44.conv1,0.037035174667835236
80,blocks.44.conv2,0.0465862862765789
80,blocks.45.conv1,0.04549071192741394
80,blocks.45.conv2,0.04711103439331055
80,blocks.46.conv1,0.04252256080508232
80,blocks.46.conv2,0.0468563511967659
80,blocks.47.conv1,0.05659732595086098
80,blocks.47.conv2,0.07280751317739487
80,blocks.48.conv1,0.0783609002828598
80,blocks.48.conv2,0.0737476795911789
80,blocks.49.conv1,0.07452744245529175
80,blocks.49.conv2,0.0792316198348999
80,mean_conv2d_grad_norm,0.022792912779910728
81,stem.0,0.17167679965496063
81,blocks.0.conv1,0.08036745339632034
81,blocks.0.conv2,0.0501926951110363
81,blocks.1.conv1,0.029870981350541115
81,blocks.1.conv2,0.04468636214733124
81,blocks.2.conv1,0.03322383016347885
81,blocks.2.conv2,0.03930776193737984
81,blocks.3.conv1,0.0329706147313118
81,blocks.3.conv2,0.05227910727262497
81,blocks.4.conv1,0.0319925919175148
81,blocks.4.conv2,0.028379932045936584
81,blocks.5.conv1,0.026426857337355614
81,blocks.5.conv2,0.03062862902879715
81,blocks.6.conv1,0.040100399404764175
81,blocks.6.conv2,0.02571042813360691
81,blocks.7.conv1,0.03578987717628479
81,blocks.7.conv2,0.05554564297199249
81,blocks.8.conv1,0.06673362851142883
81,blocks.8.conv2,0.04313109815120697
81,blocks.9.conv1,0.03994669392704964
81,blocks.9.conv2,0.03374915570020676
81,blocks.10.conv1,0.05628780648112297
81,blocks.10.conv2,0.05103089287877083
81,blocks.11.conv1,0.05540682375431061
81,blocks.11.conv2,0.08047377318143845
81,blocks.12.conv1,0.07623568177223206
81,blocks.12.conv2,0.09607770293951035
81,blocks.13.conv1,0.08188334852457047
81,blocks.13.conv2,0.06259021162986755
81,blocks.14.conv1,0.06398037821054459
81,blocks.14.conv2,0.07718654721975327
81,blocks.15.conv1,0.057481564581394196
81,blocks.15.conv2,0.05845436453819275
81,blocks.16.conv1,0.060650020837783813
81,blocks.16.conv2,0.06305758655071259
81,blocks.17.conv1,0.052943892776966095
81,blocks.17.conv2,0.06415116041898727
81,blocks.18.conv1,0.06251321732997894
81,blocks.18.conv2,0.053056664764881134
81,blocks.19.conv1,0.05518561229109764
81,blocks.19.conv2,0.04343521222472191
81,blocks.20.conv1,0.034881919622421265
81,blocks.20.conv2,0.038711972534656525
81,blocks.21.conv1,0.044079605489969254
81,blocks.21.conv2,0.0333859920501709
81,blocks.22.conv1,0.025999005883932114
81,blocks.22.conv2,0.02777441404759884
81,blocks.23.conv1,0.016226712614297867
81,blocks.23.conv2,0.018120042979717255
81,blocks.24.conv1,0.016727063804864883
81,blocks.24.conv2,0.01966160349547863
81,blocks.25.conv1,0.019256720319390297
81,blocks.25.conv2,0.02059098705649376
81,blocks.26.conv1,0.01721390336751938
81,blocks.26.conv2,0.013770265504717827
81,blocks.27.conv1,0.009491216391324997
81,blocks.27.conv2,0.01550076063722372
81,blocks.28.conv1,0.016166208311915398
81,blocks.28.conv2,0.014099633321166039
81,blocks.29.conv1,0.01126040518283844
81,blocks.29.conv2,0.011712506413459778
81,blocks.30.conv1,0.012985002249479294
81,blocks.30.conv2,0.011621343903243542
81,blocks.31.conv1,0.014437982812523842
81,blocks.31.conv2,0.017708035185933113
81,blocks.32.conv1,0.016207611188292503
81,blocks.32.conv2,0.014489970169961452
81,blocks.33.conv1,0.014348936267197132
81,blocks.33.conv2,0.014241917058825493
81,blocks.34.conv1,0.01517683919519186
81,blocks.34.conv2,0.016925852745771408
81,blocks.35.conv1,0.018360326066613197
81,blocks.35.conv2,0.020707257091999054
81,blocks.36.conv1,0.02016839198768139
81,blocks.36.conv2,0.01935253106057644
81,blocks.37.conv1,0.01970190741121769
81,blocks.37.conv2,0.019571900367736816
81,blocks.38.conv1,0.021242622286081314
81,blocks.38.conv2,0.02304711379110813
81,blocks.39.conv1,0.021433167159557343
81,blocks.39.conv2,0.022517621517181396
81,blocks.40.conv1,0.02133927308022976
81,blocks.40.conv2,0.019977694377303123
81,blocks.41.conv1,0.023279907181859016
81,blocks.41.conv2,0.024090763181447983
81,blocks.42.conv1,0.023116810247302055
81,blocks.42.conv2,0.031505342572927475
81,blocks.43.conv1,0.03391483426094055
81,blocks.43.conv2,0.03673228994011879
81,blocks.44.conv1,0.03766101971268654
81,blocks.44.conv2,0.040246009826660156
81,blocks.45.conv1,0.04323364049196243
81,blocks.45.conv2,0.05169513449072838
81,blocks.46.conv1,0.04945072531700134
81,blocks.46.conv2,0.05105450376868248
81,blocks.47.conv1,0.06557835638523102
81,blocks.47.conv2,0.06972887367010117
81,blocks.48.conv1,0.06734303385019302
81,blocks.48.conv2,0.08456636965274811
81,blocks.49.conv1,0.0991140827536583
81,blocks.49.conv2,0.09943026304244995
81,mean_conv2d_grad_norm,0.039769596032945824
82,stem.0,0.26854807138442993
82,blocks.0.conv1,0.031446751207113266
82,blocks.0.conv2,0.01259826123714447
82,blocks.1.conv1,0.006442098878324032
82,blocks.1.conv2,0.02003452368080616
82,blocks.2.conv1,0.00807262770831585
82,blocks.2.conv2,0.009399009868502617
82,blocks.3.conv1,0.010508507490158081
82,blocks.3.conv2,0.01715910993516445
82,blocks.4.conv1,0.01635938324034214
82,blocks.4.conv2,0.010852795094251633
82,blocks.5.conv1,0.017478538677096367
82,blocks.5.conv2,0.013449981808662415
82,blocks.6.conv1,0.01929311826825142
82,blocks.6.conv2,0.017599163576960564
82,blocks.7.conv1,0.025315215811133385
82,blocks.7.conv2,0.026881080120801926
82,blocks.8.conv1,0.035612720996141434
82,blocks.8.conv2,0.05474473908543587
82,blocks.9.conv1,0.03806496784090996
82,blocks.9.conv2,0.02468383125960827
82,blocks.10.conv1,0.023739201948046684
82,blocks.10.conv2,0.034603435546159744
82,blocks.11.conv1,0.025627857074141502
82,blocks.11.conv2,0.02786499634385109
82,blocks.12.conv1,0.023086752742528915
82,blocks.12.conv2,0.019061891362071037
82,blocks.13.conv1,0.016937844455242157
82,blocks.13.conv2,0.01746201142668724
82,blocks.14.conv1,0.018907364457845688
82,blocks.14.conv2,0.015833092853426933
82,blocks.15.conv1,0.018419118598103523
82,blocks.15.conv2,0.02209959737956524
82,blocks.16.conv1,0.021208172664046288
82,blocks.16.conv2,0.02229463867843151
82,blocks.17.conv1,0.01644233427941799
82,blocks.17.conv2,0.02238146960735321
82,blocks.18.conv1,0.06015501916408539
82,blocks.18.conv2,0.030569875612854958
82,blocks.19.conv1,0.018864335492253304
82,blocks.19.conv2,0.012738069519400597
82,blocks.20.conv1,0.019467340782284737
82,blocks.20.conv2,0.012285109609365463
82,blocks.21.conv1,0.022785883396863937
82,blocks.21.conv2,0.038790300488471985
82,blocks.22.conv1,0.07428554445505142
82,blocks.22.conv2,0.04460468143224716
82,blocks.23.conv1,0.010238214395940304
82,blocks.23.conv2,0.005649412050843239
82,blocks.24.conv1,0.0050100162625312805
82,blocks.24.conv2,0.005443722475320101
82,blocks.25.conv1,0.0067942277528345585
82,blocks.25.conv2,0.011968931183218956
82,blocks.26.conv1,0.010028068907558918
82,blocks.26.conv2,0.006929326336830854
82,blocks.27.conv1,0.006684955209493637
82,blocks.27.conv2,0.009112227708101273
82,blocks.28.conv1,0.007760301697999239
82,blocks.28.conv2,0.008240846917033195
82,blocks.29.conv1,0.006637733429670334
82,blocks.29.conv2,0.00685759587213397
82,blocks.30.conv1,0.0075136823579669
82,blocks.30.conv2,0.008502565324306488
82,blocks.31.conv1,0.010174696333706379
82,blocks.31.conv2,0.010936888866126537
82,blocks.32.conv1,0.018083861097693443
82,blocks.32.conv2,0.026069728657603264
82,blocks.33.conv1,0.024998866021633148
82,blocks.33.conv2,0.031348906457424164
82,blocks.34.conv1,0.03530212491750717
82,blocks.34.conv2,0.03803388774394989
82,blocks.35.conv1,0.029796648770570755
82,blocks.35.conv2,0.040934931486845016
82,blocks.36.conv1,0.03662891313433647
82,blocks.36.conv2,0.032638825476169586
82,blocks.37.conv1,0.030419258400797844
82,blocks.37.conv2,0.02635098621249199
82,blocks.38.conv1,0.026797153055667877
82,blocks.38.conv2,0.023008229210972786
82,blocks.39.conv1,0.025186453014612198
82,blocks.39.conv2,0.0256477203220129
82,blocks.40.conv1,0.026439480483531952
82,blocks.40.conv2,0.03048909828066826
82,blocks.41.conv1,0.03598702326416969
82,blocks.41.conv2,0.030976897105574608
82,blocks.42.conv1,0.02939199097454548
82,blocks.42.conv2,0.03175067901611328
82,blocks.43.conv1,0.05031663551926613
82,blocks.43.conv2,0.09035038948059082
82,blocks.44.conv1,0.07057790458202362
82,blocks.44.conv2,0.05381012335419655
82,blocks.45.conv1,0.05068061500787735
82,blocks.45.conv2,0.035593919456005096
82,blocks.46.conv1,0.03614437207579613
82,blocks.46.conv2,0.042068757116794586
82,blocks.47.conv1,0.04861309006810188
82,blocks.47.conv2,0.04134904220700264
82,blocks.48.conv1,0.049626439809799194
82,blocks.48.conv2,0.05722123384475708
82,blocks.49.conv1,0.06441807746887207
82,blocks.49.conv2,0.059482187032699585
82,mean_conv2d_grad_norm,0.028872062373758837
83,stem.0,0.0146001186221838
83,blocks.0.conv1,0.006462333258241415
83,blocks.0.conv2,0.011778168380260468
83,blocks.1.conv1,0.010117240250110626
83,blocks.1.conv2,0.009237389080226421
83,blocks.2.conv1,0.010251263156533241
83,blocks.2.conv2,0.0150576988235116
83,blocks.3.conv1,0.01238239649683237
83,blocks.3.conv2,0.01689283177256584
83,blocks.4.conv1,0.008724015206098557
83,blocks.4.conv2,0.007272281683981419
83,blocks.5.conv1,0.008451860398054123
83,blocks.5.conv2,0.006588195450603962
83,blocks.6.conv1,0.005352391861379147
83,blocks.6.conv2,0.006766938604414463
83,blocks.7.conv1,0.00916464626789093
83,blocks.7.conv2,0.012757529504597187
83,blocks.8.conv1,0.013221696950495243
83,blocks.8.conv2,0.010785320773720741
83,blocks.9.conv1,0.00990639440715313
83,blocks.9.conv2,0.017443682998418808
83,blocks.10.conv1,0.015735315158963203
83,blocks.10.conv2,0.016765480861067772
83,blocks.11.conv1,0.013389647006988525
83,blocks.11.conv2,0.010068418458104134
83,blocks.12.conv1,0.01198194082826376
83,blocks.12.conv2,0.00977238081395626
83,blocks.13.conv1,0.011987277306616306
83,blocks.13.conv2,0.011921418830752373
83,blocks.14.conv1,0.012660118751227856
83,blocks.14.conv2,0.010276809334754944
83,blocks.15.conv1,0.012468948028981686
83,blocks.15.conv2,0.010404865257441998
83,blocks.16.conv1,0.011769184842705727
83,blocks.16.conv2,0.01387898437678814
83,blocks.17.conv1,0.020247064530849457
83,blocks.17.conv2,0.015109723433852196
83,blocks.18.conv1,0.008313595317304134
83,blocks.18.conv2,0.008375992067158222
83,blocks.19.conv1,0.013021520338952541
83,blocks.19.conv2,0.009468519128859043
83,blocks.20.conv1,0.012040510773658752
83,blocks.20.conv2,0.009770956821739674
83,blocks.21.conv1,0.02330080419778824
83,blocks.21.conv2,0.014880310744047165
83,blocks.22.conv1,0.0181304682046175
83,blocks.22.conv2,0.025472385808825493
83,blocks.23.conv1,0.016767513006925583
83,blocks.23.conv2,0.024215037003159523
83,blocks.24.conv1,0.018103793263435364
83,blocks.24.conv2,0.017871251329779625
83,blocks.25.conv1,0.023771345615386963
83,blocks.25.conv2,0.025164073333144188
83,blocks.26.conv1,0.022714601829648018
83,blocks.26.conv2,0.019549483433365822
83,blocks.27.conv1,0.01653427816927433
83,blocks.27.conv2,0.021137284114956856
83,blocks.28.conv1,0.019633181393146515
83,blocks.28.conv2,0.021522946655750275
83,blocks.29.conv1,0.02047855779528618
83,blocks.29.conv2,0.022310899570584297
83,blocks.30.conv1,0.024538004770874977
83,blocks.30.conv2,0.028515271842479706
83,blocks.31.conv1,0.03280752897262573
83,blocks.31.conv2,0.04210478439927101
83,blocks.32.conv1,0.029668385162949562
83,blocks.32.conv2,0.01958715356886387
83,blocks.33.conv1,0.026128213852643967
83,blocks.33.conv2,0.028669100254774094
83,blocks.34.conv1,0.019830849021673203
83,blocks.34.conv2,0.021693477407097816
83,blocks.35.conv1,0.023272546008229256
83,blocks.35.conv2,0.024108104407787323
83,blocks.36.conv1,0.02508034184575081
83,blocks.36.conv2,0.028025509789586067
83,blocks.37.conv1,0.0235894862562418
83,blocks.37.conv2,0.017730189487338066
83,blocks.38.conv1,0.016074787825345993
83,blocks.38.conv2,0.018882784992456436
83,blocks.39.conv1,0.018316322937607765
83,blocks.39.conv2,0.01547344122081995
83,blocks.40.conv1,0.015214849263429642
83,blocks.40.conv2,0.021625911816954613
83,blocks.41.conv1,0.024238277226686478
83,blocks.41.conv2,0.025445541366934776
83,blocks.42.conv1,0.027424275875091553
83,blocks.42.conv2,0.03505926951766014
83,blocks.43.conv1,0.04889097437262535
83,blocks.43.conv2,0.04657740145921707
83,blocks.44.conv1,0.042601265013217926
83,blocks.44.conv2,0.054178982973098755
83,blocks.45.conv1,0.05674627795815468
83,blocks.45.conv2,0.04772581532597542
83,blocks.46.conv1,0.05383149906992912
83,blocks.46.conv2,0.07834568619728088
83,blocks.47.conv1,0.08793197572231293
83,blocks.47.conv2,0.09590452909469604
83,blocks.48.conv1,0.08564882725477219
83,blocks.48.conv2,0.08217418193817139
83,blocks.49.conv1,0.07640046626329422
83,blocks.49.conv2,0.06736491620540619
83,mean_conv2d_grad_norm,0.023976519699254545
84,stem.0,0.06846995651721954
84,blocks.0.conv1,0.01587873511016369
84,blocks.0.conv2,0.011461601592600346
84,blocks.1.conv1,0.010273822583258152
84,blocks.1.conv2,0.010534779168665409
84,blocks.2.conv1,0.009506402537226677
84,blocks.2.conv2,0.017966829240322113
84,blocks.3.conv1,0.010166941210627556
84,blocks.3.conv2,0.015310857445001602
84,blocks.4.conv1,0.012782531790435314
84,blocks.4.conv2,0.010730576701462269
84,blocks.5.conv1,0.0132583724334836
84,blocks.5.conv2,0.012770467437803745
84,blocks.6.conv1,0.009995182044804096
84,blocks.6.conv2,0.014624536968767643
84,blocks.7.conv1,0.02682207152247429
84,blocks.7.conv2,0.01745915226638317
84,blocks.8.conv1,0.025294343009591103
84,blocks.8.conv2,0.026965536177158356
84,blocks.9.conv1,0.024605922400951385
84,blocks.9.conv2,0.02489643357694149
84,blocks.10.conv1,0.026289764791727066
84,blocks.10.conv2,0.02330278418958187
84,blocks.11.conv1,0.021739723160862923
84,blocks.11.conv2,0.019868725910782814
84,blocks.12.conv1,0.023143284022808075
84,blocks.12.conv2,0.02514570951461792
84,blocks.13.conv1,0.02081870473921299
84,blocks.13.conv2,0.024219587445259094
84,blocks.14.conv1,0.02350768819451332
84,blocks.14.conv2,0.02788793481886387
84,blocks.15.conv1,0.028952891007065773
84,blocks.15.conv2,0.02817937172949314
84,blocks.16.conv1,0.042709168046712875
84,blocks.16.conv2,0.031699128448963165
84,blocks.17.conv1,0.03791864588856697
84,blocks.17.conv2,0.03431396931409836
84,blocks.18.conv1,0.019105860963463783
84,blocks.18.conv2,0.020683787763118744
84,blocks.19.conv1,0.020976873114705086
84,blocks.19.conv2,0.017002791166305542
84,blocks.20.conv1,0.023436613380908966
84,blocks.20.conv2,0.02927907183766365
84,blocks.21.conv1,0.01665285788476467
84,blocks.21.conv2,0.017776522785425186
84,blocks.22.conv1,0.022107932716608047
84,blocks.22.conv2,0.026332799345254898
84,blocks.23.conv1,0.016315260902047157
84,blocks.23.conv2,0.02124473638832569
84,blocks.24.conv1,0.0195611584931612
84,blocks.24.conv2,0.02262134663760662
84,blocks.25.conv1,0.01963646151125431
84,blocks.25.conv2,0.020700722932815552
84,blocks.26.conv1,0.02062912844121456
84,blocks.26.conv2,0.01812189631164074
84,blocks.27.conv1,0.017126314342021942
84,blocks.27.conv2,0.021768512204289436
84,blocks.28.conv1,0.01316011417657137
84,blocks.28.conv2,0.025711029767990112
84,blocks.29.conv1,0.025797035545110703
84,blocks.29.conv2,0.022138217464089394
84,blocks.30.conv1,0.023088503628969193
84,blocks.30.conv2,0.033153269439935684
84,blocks.31.conv1,0.03803674131631851
84,blocks.31.conv2,0.037535008043050766
84,blocks.32.conv1,0.030201289802789688
84,blocks.32.conv2,0.022864930331707
84,blocks.33.conv1,0.028613397851586342
84,blocks.33.conv2,0.02668319270014763
84,blocks.34.conv1,0.02728571929037571
84,blocks.34.conv2,0.02696113847196102
84,blocks.35.conv1,0.026896286755800247
84,blocks.35.conv2,0.025490041822195053
84,blocks.36.conv1,0.026901397854089737
84,blocks.36.conv2,0.024939311668276787
84,blocks.37.conv1,0.023593802005052567
84,blocks.37.conv2,0.017246680334210396
84,blocks.38.conv1,0.016490725800395012
84,blocks.38.conv2,0.020256472751498222
84,blocks.39.conv1,0.01902947388589382
84,blocks.39.conv2,0.019538970664143562
84,blocks.40.conv1,0.016652552410960197
84,blocks.40.conv2,0.017443111166357994
84,blocks.41.conv1,0.016101181507110596
84,blocks.41.conv2,0.018405288457870483
84,blocks.42.conv1,0.020451193675398827
84,blocks.42.conv2,0.023509779945015907
84,blocks.43.conv1,0.03440184146165848
84,blocks.43.conv2,0.034359730780124664
84,blocks.44.conv1,0.03907962888479233
84,blocks.44.conv2,0.05240849778056145
84,blocks.45.conv1,0.05557892844080925
84,blocks.45.conv2,0.056246452033519745
84,blocks.46.conv1,0.06096857041120529
84,blocks.46.conv2,0.06961112469434738
84,blocks.47.conv1,0.06342843919992447
84,blocks.47.conv2,0.058566123247146606
84,blocks.48.conv1,0.05948334559798241
84,blocks.48.conv2,0.062202055007219315
84,blocks.49.conv1,0.06937452405691147
84,blocks.49.conv2,0.0699266567826271
84,mean_conv2d_grad_norm,0.027132322366284854
85,stem.0,0.1812395602464676
85,blocks.0.conv1,0.025350037962198257
85,blocks.0.conv2,0.027800148352980614
85,blocks.1.conv1,0.020286235958337784
85,blocks.1.conv2,0.023281387984752655
85,blocks.2.conv1,0.011055881157517433
85,blocks.2.conv2,0.014680697582662106
85,blocks.3.conv1,0.009861675091087818
85,blocks.3.conv2,0.01480929832905531
85,blocks.4.conv1,0.01189385261386633
85,blocks.4.conv2,0.010352873243391514
85,blocks.5.conv1,0.01665393076837063
85,blocks.5.conv2,0.018702048808336258
85,blocks.6.conv1,0.016118256375193596
85,blocks.6.conv2,0.013135088607668877
85,blocks.7.conv1,0.017718985676765442
85,blocks.7.conv2,0.017175612971186638
85,blocks.8.conv1,0.019583825021982193
85,blocks.8.conv2,0.0264532882720232
85,blocks.9.conv1,0.02625194378197193
85,blocks.9.conv2,0.024314982816576958
85,blocks.10.conv1,0.028483593836426735
85,blocks.10.conv2,0.02154013328254223
85,blocks.11.conv1,0.017015445977449417
85,blocks.11.conv2,0.019690191373229027
85,blocks.12.conv1,0.018755054101347923
85,blocks.12.conv2,0.020512370392680168
85,blocks.13.conv1,0.017590325325727463
85,blocks.13.conv2,0.015799351036548615
85,blocks.14.conv1,0.014794806949794292
85,blocks.14.conv2,0.016526944935321808
85,blocks.15.conv1,0.017447244375944138
85,blocks.15.conv2,0.016166143119335175
85,blocks.16.conv1,0.015563658438622952
85,blocks.16.conv2,0.013906174339354038
85,blocks.17.conv1,0.016750317066907883
85,blocks.17.conv2,0.024065939709544182
85,blocks.18.conv1,0.017191676422953606
85,blocks.18.conv2,0.014128293842077255
85,blocks.19.conv1,0.01705908589065075
85,blocks.19.conv2,0.010442646220326424
85,blocks.20.conv1,0.017634453251957893
85,blocks.20.conv2,0.014316239394247532
85,blocks.21.conv1,0.016948675736784935
85,blocks.21.conv2,0.014031986705958843
85,blocks.22.conv1,0.030781541019678116
85,blocks.22.conv2,0.058135341852903366
85,blocks.23.conv1,0.028066938742995262
85,blocks.23.conv2,0.02818192169070244
85,blocks.24.conv1,0.028651276603341103
85,blocks.24.conv2,0.03582317754626274
85,blocks.25.conv1,0.03241080045700073
85,blocks.25.conv2,0.03381520137190819
85,blocks.26.conv1,0.028379002586007118
85,blocks.26.conv2,0.017648795619606972
85,blocks.27.conv1,0.01669706590473652
85,blocks.27.conv2,0.028782881796360016
85,blocks.28.conv1,0.022787930443882942
85,blocks.28.conv2,0.02970871888101101
85,blocks.29.conv1,0.026662591844797134
85,blocks.29.conv2,0.02277526445686817
85,blocks.30.conv1,0.019215932115912437
85,blocks.30.conv2,0.017525041475892067
85,blocks.31.conv1,0.027281878516077995
85,blocks.31.conv2,0.02547074854373932
85,blocks.32.conv1,0.020705552771687508
85,blocks.32.conv2,0.019155053421854973
85,blocks.33.conv1,0.029034504666924477
85,blocks.33.conv2,0.024584347382187843
85,blocks.34.conv1,0.026250628754496574
85,blocks.34.conv2,0.028122086077928543
85,blocks.35.conv1,0.028179699555039406
85,blocks.35.conv2,0.03245459496974945
85,blocks.36.conv1,0.042265553027391434
85,blocks.36.conv2,0.04070807620882988
85,blocks.37.conv1,0.03443530574440956
85,blocks.37.conv2,0.031296178698539734
85,blocks.38.conv1,0.02802331931889057
85,blocks.38.conv2,0.028523007407784462
85,blocks.39.conv1,0.021900832653045654
85,blocks.39.conv2,0.021294325590133667
85,blocks.40.conv1,0.020136365666985512
85,blocks.40.conv2,0.01938677579164505
85,blocks.41.conv1,0.017523856833577156
85,blocks.41.conv2,0.019554227590560913
85,blocks.42.conv1,0.029627209529280663
85,blocks.42.conv2,0.0356488935649395
85,blocks.43.conv1,0.039750926196575165
85,blocks.43.conv2,0.03758645057678223
85,blocks.44.conv1,0.03608442470431328
85,blocks.44.conv2,0.033818408846855164
85,blocks.45.conv1,0.03772980347275734
85,blocks.45.conv2,0.032707951962947845
85,blocks.46.conv1,0.03619031980633736
85,blocks.46.conv2,0.043306391686201096
85,blocks.47.conv1,0.05673322454094887
85,blocks.47.conv2,0.0618169866502285
85,blocks.48.conv1,0.06296081840991974
85,blocks.48.conv2,0.06280716508626938
85,blocks.49.conv1,0.06094077602028847
85,blocks.49.conv2,0.057583827525377274
85,mean_conv2d_grad_norm,0.027531785005242518
86,stem.0,0.08783899992704391
86,blocks.0.conv1,0.03682153299450874
86,blocks.0.conv2,0.13201871514320374
86,blocks.1.conv1,0.4170452356338501
86,blocks.1.conv2,0.27250608801841736
86,blocks.2.conv1,0.10031559318304062
86,blocks.2.conv2,0.05454811453819275
86,blocks.3.conv1,0.02559513784945011
86,blocks.3.conv2,0.02155313827097416
86,blocks.4.conv1,0.014625377021729946
86,blocks.4.conv2,0.018841547891497612
86,blocks.5.conv1,0.04761764779686928
86,blocks.5.conv2,0.03938837721943855
86,blocks.6.conv1,0.034297533333301544
86,blocks.6.conv2,0.019798116758465767
86,blocks.7.conv1,0.02983124926686287
86,blocks.7.conv2,0.02965489774942398
86,blocks.8.conv1,0.022071873769164085
86,blocks.8.conv2,0.03490244969725609
86,blocks.9.conv1,0.04709288850426674
86,blocks.9.conv2,0.06108322739601135
86,blocks.10.conv1,0.08324527740478516
86,blocks.10.conv2,0.05770185589790344
86,blocks.11.conv1,0.04630662500858307
86,blocks.11.conv2,0.029616091400384903
86,blocks.12.conv1,0.03544849157333374
86,blocks.12.conv2,0.036152128130197525
86,blocks.13.conv1,0.03169548138976097
86,blocks.13.conv2,0.02114284411072731
86,blocks.14.conv1,0.01875990629196167
86,blocks.14.conv2,0.02669098973274231
86,blocks.15.conv1,0.039735689759254456
86,blocks.15.conv2,0.03257355839014053
86,blocks.16.conv1,0.029164869338274002
86,blocks.16.conv2,0.026947321370244026
86,blocks.17.conv1,0.033768363296985626
86,blocks.17.conv2,0.03160083666443825
86,blocks.18.conv1,0.02088707871735096
86,blocks.18.conv2,0.021360360085964203
86,blocks.19.conv1,0.02631673589348793
86,blocks.19.conv2,0.017099279910326004
86,blocks.20.conv1,0.02520710788667202
86,blocks.20.conv2,0.021049322560429573
86,blocks.21.conv1,0.025021614506840706
86,blocks.21.conv2,0.02157205156981945
86,blocks.22.conv1,0.023003000766038895
86,blocks.22.conv2,0.019690973684191704
86,blocks.23.conv1,0.01580243557691574
86,blocks.23.conv2,0.015976684167981148
86,blocks.24.conv1,0.01802712120115757
86,blocks.24.conv2,0.019777337089180946
86,blocks.25.conv1,0.014629444107413292
86,blocks.25.conv2,0.01427906658500433
86,blocks.26.conv1,0.014597112312912941
86,blocks.26.conv2,0.01588996686041355
86,blocks.27.conv1,0.013110432773828506
86,blocks.27.conv2,0.015090149827301502
86,blocks.28.conv1,0.016770407557487488
86,blocks.28.conv2,0.018469613045454025
86,blocks.29.conv1,0.015203782357275486
86,blocks.29.conv2,0.014779455028474331
86,blocks.30.conv1,0.01805008016526699
86,blocks.30.conv2,0.019301168620586395
86,blocks.31.conv1,0.02059284597635269
86,blocks.31.conv2,0.01731121353805065
86,blocks.32.conv1,0.017092589288949966
86,blocks.32.conv2,0.017917871475219727
86,blocks.33.conv1,0.022078942507505417
86,blocks.33.conv2,0.023029249161481857
86,blocks.34.conv1,0.024965733289718628
86,blocks.34.conv2,0.021075693890452385
86,blocks.35.conv1,0.021978840231895447
86,blocks.35.conv2,0.02394082583487034
86,blocks.36.conv1,0.024986278265714645
86,blocks.36.conv2,0.025931179523468018
86,blocks.37.conv1,0.023618027567863464
86,blocks.37.conv2,0.02483588270843029
86,blocks.38.conv1,0.0243133045732975
86,blocks.38.conv2,0.02251959964632988
86,blocks.39.conv1,0.024384310469031334
86,blocks.39.conv2,0.020584631711244583
86,blocks.40.conv1,0.020386412739753723
86,blocks.40.conv2,0.01971348561346531
86,blocks.41.conv1,0.020479027181863785
86,blocks.41.conv2,0.02040077932178974
86,blocks.42.conv1,0.021097900345921516
86,blocks.42.conv2,0.01975059136748314
86,blocks.43.conv1,0.026746492832899094
86,blocks.43.conv2,0.03126152604818344
86,blocks.44.conv1,0.03150753304362297
86,blocks.44.conv2,0.042727984488010406
86,blocks.45.conv1,0.0551784411072731
86,blocks.45.conv2,0.05011461302638054
86,blocks.46.conv1,0.0488363653421402
86,blocks.46.conv2,0.0480952151119709
86,blocks.47.conv1,0.056214191019535065
86,blocks.47.conv2,0.06114543601870537
86,blocks.48.conv1,0.05727924779057503
86,blocks.48.conv2,0.05930424854159355
86,blocks.49.conv1,0.053847845643758774
86,blocks.49.conv2,0.04826977476477623
86,mean_conv2d_grad_norm,0.03764825728306971
87,stem.0,0.035822656005620956
87,blocks.0.conv1,0.013845885172486305
87,blocks.0.conv2,0.03251063451170921
87,blocks.1.conv1,0.026039037853479385
87,blocks.1.conv2,0.025534776970744133
87,blocks.2.conv1,0.014982739463448524
87,blocks.2.conv2,0.012426655739545822
87,blocks.3.conv1,0.009445611387491226
87,blocks.3.conv2,0.012017876841127872
87,blocks.4.conv1,0.005961163435131311
87,blocks.4.conv2,0.009115765802562237
87,blocks.5.conv1,0.01541135460138321
87,blocks.5.conv2,0.013201208785176277
87,blocks.6.conv1,0.013163888826966286
87,blocks.6.conv2,0.013275123201310635
87,blocks.7.conv1,0.014366110786795616
87,blocks.7.conv2,0.013598665595054626
87,blocks.8.conv1,0.011354181915521622
87,blocks.8.conv2,0.013499369844794273
87,blocks.9.conv1,0.01594817452132702
87,blocks.9.conv2,0.01650719903409481
87,blocks.10.conv1,0.018826458603143692
87,blocks.10.conv2,0.01828521490097046
87,blocks.11.conv1,0.018990572541952133
87,blocks.11.conv2,0.03054830990731716
87,blocks.12.conv1,0.038078319281339645
87,blocks.12.conv2,0.03707576543092728
87,blocks.13.conv1,0.03869331255555153
87,blocks.13.conv2,0.04047594591975212
87,blocks.14.conv1,0.03400689736008644
87,blocks.14.conv2,0.030113602057099342
87,blocks.15.conv1,0.032790862023830414
87,blocks.15.conv2,0.03395157679915428
87,blocks.16.conv1,0.038859572261571884
87,blocks.16.conv2,0.034296292811632156
87,blocks.17.conv1,0.039453595876693726
87,blocks.17.conv2,0.042441435158252716
87,blocks.18.conv1,0.0271482951939106
87,blocks.18.conv2,0.029139874503016472
87,blocks.19.conv1,0.025885218754410744
87,blocks.19.conv2,0.023316962644457817
87,blocks.20.conv1,0.03265989571809769
87,blocks.20.conv2,0.028035715222358704
87,blocks.21.conv1,0.04073086008429527
87,blocks.21.conv2,0.021197611466050148
87,blocks.22.conv1,0.01707000471651554
87,blocks.22.conv2,0.02079883962869644
87,blocks.23.conv1,0.01880604587495327
87,blocks.23.conv2,0.01723313145339489
87,blocks.24.conv1,0.017036959528923035
87,blocks.24.conv2,0.013098195195198059
87,blocks.25.conv1,0.018961317837238312
87,blocks.25.conv2,0.016537709161639214
87,blocks.26.conv1,0.01701333187520504
87,blocks.26.conv2,0.018061285838484764
87,blocks.27.conv1,0.014055700972676277
87,blocks.27.conv2,0.01133904792368412
87,blocks.28.conv1,0.012762256897985935
87,blocks.28.conv2,0.019178930670022964
87,blocks.29.conv1,0.01698520965874195
87,blocks.29.conv2,0.019272103905677795
87,blocks.30.conv1,0.015849972143769264
87,blocks.30.conv2,0.014204044826328754
87,blocks.31.conv1,0.014467807486653328
87,blocks.31.conv2,0.01706760749220848
87,blocks.32.conv1,0.015586011111736298
87,blocks.32.conv2,0.016307206824421883
87,blocks.33.conv1,0.01684826798737049
87,blocks.33.conv2,0.01549171656370163
87,blocks.34.conv1,0.017442114651203156
87,blocks.34.conv2,0.015318670310080051
87,blocks.35.conv1,0.016586825251579285
87,blocks.35.conv2,0.0194709375500679
87,blocks.36.conv1,0.019117198884487152
87,blocks.36.conv2,0.019370505586266518
87,blocks.37.conv1,0.019548185169696808
87,blocks.37.conv2,0.017894838005304337
87,blocks.38.conv1,0.018067408353090286
87,blocks.38.conv2,0.01747080497443676
87,blocks.39.conv1,0.014885042794048786
87,blocks.39.conv2,0.013607055880129337
87,blocks.40.conv1,0.012889111414551735
87,blocks.40.conv2,0.013738508336246014
87,blocks.41.conv1,0.015458835288882256
87,blocks.41.conv2,0.017122218385338783
87,blocks.42.conv1,0.018581654876470566
87,blocks.42.conv2,0.02261623740196228
87,blocks.43.conv1,0.0330488495528698
87,blocks.43.conv2,0.04319632053375244
87,blocks.44.conv1,0.04540429264307022
87,blocks.44.conv2,0.054230980575084686
87,blocks.45.conv1,0.05415026843547821
87,blocks.45.conv2,0.06078517436981201
87,blocks.46.conv1,0.07018844038248062
87,blocks.46.conv2,0.07423131912946701
87,blocks.47.conv1,0.0759965106844902
87,blocks.47.conv2,0.07498515397310257
87,blocks.48.conv1,0.07792137563228607
87,blocks.48.conv2,0.07856006175279617
87,blocks.49.conv1,0.07718338072299957
87,blocks.49.conv2,0.07174918055534363
87,mean_conv2d_grad_norm,0.02661267737627472
88,stem.0,0.010078245773911476
88,blocks.0.conv1,0.004187557380646467
88,blocks.0.conv2,0.002787103643640876
88,blocks.1.conv1,0.0024837867822498083
88,blocks.1.conv2,0.0035535006318241358
88,blocks.2.conv1,0.003938209265470505
88,blocks.2.conv2,0.003864469937980175
88,blocks.3.conv1,0.0064824046567082405
88,blocks.3.conv2,0.00507220858708024
88,blocks.4.conv1,0.005349032115191221
88,blocks.4.conv2,0.005870610475540161
88,blocks.5.conv1,0.0069328309036791325
88,blocks.5.conv2,0.00957542099058628
88,blocks.6.conv1,0.006966644432395697
88,blocks.6.conv2,0.010877561755478382
88,blocks.7.conv1,0.010855312459170818
88,blocks.7.conv2,0.01017930917441845
88,blocks.8.conv1,0.008699106052517891
88,blocks.8.conv2,0.012026283890008926
88,blocks.9.conv1,0.023039259016513824
88,blocks.9.conv2,0.02969483472406864
88,blocks.10.conv1,0.03092917613685131
88,blocks.10.conv2,0.020971214398741722
88,blocks.11.conv1,0.037340790033340454
88,blocks.11.conv2,0.021243991330266
88,blocks.12.conv1,0.0201959777623415
88,blocks.12.conv2,0.019637025892734528
88,blocks.13.conv1,0.01837552711367607
88,blocks.13.conv2,0.026379898190498352
88,blocks.14.conv1,0.02684483490884304
88,blocks.14.conv2,0.023930782452225685
88,blocks.15.conv1,0.025096505880355835
88,blocks.15.conv2,0.04109150171279907
88,blocks.16.conv1,0.03576099872589111
88,blocks.16.conv2,0.041072677820920944
88,blocks.17.conv1,0.03747424855828285
88,blocks.17.conv2,0.03995859995484352
88,blocks.18.conv1,0.04139985516667366
88,blocks.18.conv2,0.01854213885962963
88,blocks.19.conv1,0.010043352842330933
88,blocks.19.conv2,0.010362588800489902
88,blocks.20.conv1,0.012726237066090107
88,blocks.20.conv2,0.013453061692416668
88,blocks.21.conv1,0.01684347540140152
88,blocks.21.conv2,0.01452017854899168
88,blocks.22.conv1,0.01738726533949375
88,blocks.22.conv2,0.015934092923998833
88,blocks.23.conv1,0.013744727708399296
88,blocks.23.conv2,0.0140739930793643
88,blocks.24.conv1,0.01800866425037384
88,blocks.24.conv2,0.01685992069542408
88,blocks.25.conv1,0.015211693942546844
88,blocks.25.conv2,0.014907727017998695
88,blocks.26.conv1,0.018412843346595764
88,blocks.26.conv2,0.012446524575352669
88,blocks.27.conv1,0.015418726950883865
88,blocks.27.conv2,0.010518115945160389
88,blocks.28.conv1,0.01177282352000475
88,blocks.28.conv2,0.011206400580704212
88,blocks.29.conv1,0.010366273112595081
88,blocks.29.conv2,0.01318544801324606
88,blocks.30.conv1,0.013111437670886517
88,blocks.30.conv2,0.013990522362291813
88,blocks.31.conv1,0.015797914937138557
88,blocks.31.conv2,0.018190156668424606
88,blocks.32.conv1,0.024244019761681557
88,blocks.32.conv2,0.025270503014326096
88,blocks.33.conv1,0.028226837515830994
88,blocks.33.conv2,0.030525483191013336
88,blocks.34.conv1,0.02870774455368519
88,blocks.34.conv2,0.02518702670931816
88,blocks.35.conv1,0.021454384550452232
88,blocks.35.conv2,0.017146022990345955
88,blocks.36.conv1,0.018694870173931122
88,blocks.36.conv2,0.01860831305384636
88,blocks.37.conv1,0.020149055868387222
88,blocks.37.conv2,0.021020838990807533
88,blocks.38.conv1,0.019864728674292564
88,blocks.38.conv2,0.016724536195397377
88,blocks.39.conv1,0.01753893680870533
88,blocks.39.conv2,0.019217822700738907
88,blocks.40.conv1,0.013830085285007954
88,blocks.40.conv2,0.012979612685739994
88,blocks.41.conv1,0.014752508141100407
88,blocks.41.conv2,0.018887806683778763
88,blocks.42.conv1,0.0218913946300745
88,blocks.42.conv2,0.021984707564115524
88,blocks.43.conv1,0.0368381068110466
88,blocks.43.conv2,0.04405874013900757
88,blocks.44.conv1,0.044306058436632156
88,blocks.44.conv2,0.052141379565000534
88,blocks.45.conv1,0.046095073223114014
88,blocks.45.conv2,0.04831164330244064
88,blocks.46.conv1,0.05792719125747681
88,blocks.46.conv2,0.06272018700838089
88,blocks.47.conv1,0.06236547604203224
88,blocks.47.conv2,0.06010948494076729
88,blocks.48.conv1,0.07138051092624664
88,blocks.48.conv2,0.08082092553377151
88,blocks.49.conv1,0.08470630645751953
88,blocks.49.conv2,0.05077005550265312
88,mean_conv2d_grad_norm,0.02313576221217097
89,stem.0,0.005335003603249788
89,blocks.0.conv1,0.0046254429034888744
89,blocks.0.conv2,0.005011796951293945
89,blocks.1.conv1,0.0053877318277955055
89,blocks.1.conv2,0.005241850856691599
89,blocks.2.conv1,0.0076645961962640285
89,blocks.2.conv2,0.007323359604924917
89,blocks.3.conv1,0.01322858314961195
89,blocks.3.conv2,0.0100169088691473
89,blocks.4.conv1,0.007418523076921701
89,blocks.4.conv2,0.008463042788207531
89,blocks.5.conv1,0.027120182290673256
89,blocks.5.conv2,0.020297037437558174
89,blocks.6.conv1,0.030799806118011475
89,blocks.6.conv2,0.03630007058382034
89,blocks.7.conv1,0.017321981489658356
89,blocks.7.conv2,0.010477040894329548
89,blocks.8.conv1,0.009216822683811188
89,blocks.8.conv2,0.011089656502008438
89,blocks.9.conv1,0.009737763553857803
89,blocks.9.conv2,0.01632140763103962
89,blocks.10.conv1,0.020164165645837784
89,blocks.10.conv2,0.015086580999195576
89,blocks.11.conv1,0.023120982572436333
89,blocks.11.conv2,0.021062301471829414
89,blocks.12.conv1,0.012118442915380001
89,blocks.12.conv2,0.01667536422610283
89,blocks.13.conv1,0.026056990027427673
89,blocks.13.conv2,0.02555159106850624
89,blocks.14.conv1,0.021478358656167984
89,blocks.14.conv2,0.026881635189056396
89,blocks.15.conv1,0.024432916194200516
89,blocks.15.conv2,0.017233956605196
89,blocks.16.conv1,0.02162790112197399
89,blocks.16.conv2,0.021529078483581543
89,blocks.17.conv1,0.021405013278126717
89,blocks.17.conv2,0.016219710931181908
89,blocks.18.conv1,0.015889625996351242
89,blocks.18.conv2,0.012910793535411358
89,blocks.19.conv1,0.015846779569983482
89,blocks.19.conv2,0.007181560155004263
89,blocks.20.conv1,0.0076072243973612785
89,blocks.20.conv2,0.009476429782807827
89,blocks.21.conv1,0.009112264961004257
89,blocks.21.conv2,0.011914043687283993
89,blocks.22.conv1,0.011983812786638737
89,blocks.22.conv2,0.012896736152470112
89,blocks.23.conv1,0.016097860410809517
89,blocks.23.conv2,0.021271375939249992
89,blocks.24.conv1,0.018055127933621407
89,blocks.24.conv2,0.014709285460412502
89,blocks.25.conv1,0.015268153510987759
89,blocks.25.conv2,0.012731405906379223
89,blocks.26.conv1,0.013446960598230362
89,blocks.26.conv2,0.008680999279022217
89,blocks.27.conv1,0.007460238877683878
89,blocks.27.conv2,0.00779500650241971
89,blocks.28.conv1,0.014030382968485355
89,blocks.28.conv2,0.01514669880270958
89,blocks.29.conv1,0.010397735983133316
89,blocks.29.conv2,0.008203413337469101
89,blocks.30.conv1,0.009736845269799232
89,blocks.30.conv2,0.015537666156888008
89,blocks.31.conv1,0.017063984647393227
89,blocks.31.conv2,0.015316257253289223
89,blocks.32.conv1,0.009441860020160675
89,blocks.32.conv2,0.01211391482502222
89,blocks.33.conv1,0.015805739909410477
89,blocks.33.conv2,0.015142734162509441
89,blocks.34.conv1,0.016597354784607887
89,blocks.34.conv2,0.015362026169896126
89,blocks.35.conv1,0.015943054109811783
89,blocks.35.conv2,0.016620593145489693
89,blocks.36.conv1,0.015662843361496925
89,blocks.36.conv2,0.014276871457695961
89,blocks.37.conv1,0.014749506488442421
89,blocks.37.conv2,0.01633087731897831
89,blocks.38.conv1,0.016515521332621574
89,blocks.38.conv2,0.016038009896874428
89,blocks.39.conv1,0.018201498314738274
89,blocks.39.conv2,0.01861589029431343
89,blocks.40.conv1,0.017940938472747803
89,blocks.40.conv2,0.02043898217380047
89,blocks.41.conv1,0.021010709926486015
89,blocks.41.conv2,0.024205483496189117
89,blocks.42.conv1,0.03481018915772438
89,blocks.42.conv2,0.031199684366583824
89,blocks.43.conv1,0.04557952284812927
89,blocks.43.conv2,0.05104023218154907
89,blocks.44.conv1,0.05600804463028908
89,blocks.44.conv2,0.061233073472976685
89,blocks.45.conv1,0.06760359555482864
89,blocks.45.conv2,0.07405487447977066
89,blocks.46.conv1,0.07442037016153336
89,blocks.46.conv2,0.07580984383821487
89,blocks.47.conv1,0.07557471096515656
89,blocks.47.conv2,0.08714403957128525
89,blocks.48.conv1,0.08397511392831802
89,blocks.48.conv2,0.0971427783370018
89,blocks.49.conv1,0.09964784979820251
89,blocks.49.conv2,0.08157172799110413
89,mean_conv2d_grad_norm,0.023590518110938888
90,stem.0,0.20343168079853058
90,blocks.0.conv1,0.1326417475938797
90,blocks.0.conv2,0.18972349166870117
90,blocks.1.conv1,0.09444059431552887
90,blocks.1.conv2,0.13928765058517456
90,blocks.2.conv1,0.14317753911018372
90,blocks.2.conv2,0.26064079999923706
90,blocks.3.conv1,0.2858463525772095
90,blocks.3.conv2,0.15880906581878662
90,blocks.4.conv1,0.10369900614023209
90,blocks.4.conv2,0.10561539232730865
90,blocks.5.conv1,0.1798265427350998
90,blocks.5.conv2,0.1654207706451416
90,blocks.6.conv1,0.30341777205467224
90,blocks.6.conv2,0.17240339517593384
90,blocks.7.conv1,0.1186017096042633
90,blocks.7.conv2,0.07674414664506912
90,blocks.8.conv1,0.06979478895664215
90,blocks.8.conv2,0.07686559855937958
90,blocks.9.conv1,0.07160381972789764
90,blocks.9.conv2,0.10469977557659149
90,blocks.10.conv1,0.10230699181556702
90,blocks.10.conv2,0.059080012142658234
90,blocks.11.conv1,0.04553845524787903
90,blocks.11.conv2,0.03552410379052162
90,blocks.12.conv1,0.0301362257450819
90,blocks.12.conv2,0.03449759632349014
90,blocks.13.conv1,0.03821583464741707
90,blocks.13.conv2,0.033972594887018204
90,blocks.14.conv1,0.027045918628573418
90,blocks.14.conv2,0.026812564581632614
90,blocks.15.conv1,0.0423266775906086
90,blocks.15.conv2,0.03632110357284546
90,blocks.16.conv1,0.06522531062364578
90,blocks.16.conv2,0.03513608127832413
90,blocks.17.conv1,0.021231766790151596
90,blocks.17.conv2,0.023169303312897682
90,blocks.18.conv1,0.01943277195096016
90,blocks.18.conv2,0.04644683748483658
90,blocks.19.conv1,0.03633575513958931
90,blocks.19.conv2,0.019357753917574883
90,blocks.20.conv1,0.038379885256290436
90,blocks.20.conv2,0.030002184212207794
90,blocks.21.conv1,0.021206969395279884
90,blocks.21.conv2,0.017502909526228905
90,blocks.22.conv1,0.022210318595170975
90,blocks.22.conv2,0.022473176941275597
90,blocks.23.conv1,0.014900309033691883
90,blocks.23.conv2,0.016629066318273544
90,blocks.24.conv1,0.017508216202259064
90,blocks.24.conv2,0.018535153940320015
90,blocks.25.conv1,0.023944148793816566
90,blocks.25.conv2,0.022216539829969406
90,blocks.26.conv1,0.019147224724292755
90,blocks.26.conv2,0.01694597117602825
90,blocks.27.conv1,0.015351732261478901
90,blocks.27.conv2,0.021070998162031174
90,blocks.28.conv1,0.020862797275185585
90,blocks.28.conv2,0.014355720952153206
90,blocks.29.conv1,0.012871976010501385
90,blocks.29.conv2,0.013600781559944153
90,blocks.30.conv1,0.012529970146715641
90,blocks.30.conv2,0.014423174783587456
90,blocks.31.conv1,0.016045982018113136
90,blocks.31.conv2,0.013482707552611828
90,blocks.32.conv1,0.019362924620509148
90,blocks.32.conv2,0.014693072997033596
90,blocks.33.conv1,0.017591379582881927
90,blocks.33.conv2,0.017891280353069305
90,blocks.34.conv1,0.01807066611945629
90,blocks.34.conv2,0.01874965988099575
90,blocks.35.conv1,0.022873328998684883
90,blocks.35.conv2,0.022898240014910698
90,blocks.36.conv1,0.02689799852669239
90,blocks.36.conv2,0.02886035293340683
90,blocks.37.conv1,0.0231427364051342
90,blocks.37.conv2,0.025264326483011246
90,blocks.38.conv1,0.022726209834218025
90,blocks.38.conv2,0.020251819863915443
90,blocks.39.conv1,0.024481551721692085
90,blocks.39.conv2,0.021393172442913055
90,blocks.40.conv1,0.017678994685411453
90,blocks.40.conv2,0.01900707371532917
90,blocks.41.conv1,0.019233575090765953
90,blocks.41.conv2,0.025422729551792145
90,blocks.42.conv1,0.03551485389471054
90,blocks.42.conv2,0.0310063399374485
90,blocks.43.conv1,0.03667645528912544
90,blocks.43.conv2,0.04592029005289078
90,blocks.44.conv1,0.048507362604141235
90,blocks.44.conv2,0.050418704748153687
90,blocks.45.conv1,0.04810737445950508
90,blocks.45.conv2,0.0520307719707489
90,blocks.46.conv1,0.05691516026854515
90,blocks.46.conv2,0.059506941586732864
90,blocks.47.conv1,0.05312317609786987
90,blocks.47.conv2,0.06621244549751282
90,blocks.48.conv1,0.07473736256361008
90,blocks.48.conv2,0.07567198574542999
90,blocks.49.conv1,0.07606617361307144
90,blocks.49.conv2,0.0683237612247467
90,mean_conv2d_grad_norm,0.056398351169606245
91,stem.0,0.008002446964383125
91,blocks.0.conv1,0.0028212761972099543
91,blocks.0.conv2,0.0018133425619453192
91,blocks.1.conv1,0.001865942613221705
91,blocks.1.conv2,0.0025797823909670115
91,blocks.2.conv1,0.002038041828200221
91,blocks.2.conv2,0.0013183103874325752
91,blocks.3.conv1,0.0018412626814097166
91,blocks.3.conv2,0.002417423063889146
91,blocks.4.conv1,0.0017162745352834463
91,blocks.4.conv2,0.002634987700730562
91,blocks.5.conv1,0.005203853361308575
91,blocks.5.conv2,0.00449644448235631
91,blocks.6.conv1,0.005085714627057314
91,blocks.6.conv2,0.008992882445454597
91,blocks.7.conv1,0.014495333656668663
91,blocks.7.conv2,0.01070136297494173
91,blocks.8.conv1,0.012042580172419548
91,blocks.8.conv2,0.015384945087134838
91,blocks.9.conv1,0.015193906612694263
91,blocks.9.conv2,0.02321000210940838
91,blocks.10.conv1,0.021344106644392014
91,blocks.10.conv2,0.015047918073832989
91,blocks.11.conv1,0.02392764762043953
91,blocks.11.conv2,0.02604013681411743
91,blocks.12.conv1,0.02837749943137169
91,blocks.12.conv2,0.022455057129263878
91,blocks.13.conv1,0.02335359714925289
91,blocks.13.conv2,0.01681004837155342
91,blocks.14.conv1,0.020656855776906013
91,blocks.14.conv2,0.015922395512461662
91,blocks.15.conv1,0.018312444910407066
91,blocks.15.conv2,0.020756609737873077
91,blocks.16.conv1,0.01873311959207058
91,blocks.16.conv2,0.01608189009130001
91,blocks.17.conv1,0.013440794311463833
91,blocks.17.conv2,0.014295385219156742
91,blocks.18.conv1,0.016345005482435226
91,blocks.18.conv2,0.01670919544994831
91,blocks.19.conv1,0.01760733127593994
91,blocks.19.conv2,0.012383871711790562
91,blocks.20.conv1,0.013176074251532555
91,blocks.20.conv2,0.012406223453581333
91,blocks.21.conv1,0.010939866304397583
91,blocks.21.conv2,0.012804296799004078
91,blocks.22.conv1,0.013004087843000889
91,blocks.22.conv2,0.013845165260136127
91,blocks.23.conv1,0.009935177862644196
91,blocks.23.conv2,0.01365747768431902
91,blocks.24.conv1,0.015914319083094597
91,blocks.24.conv2,0.012613705359399319
91,blocks.25.conv1,0.016571056097745895
91,blocks.25.conv2,0.012726545333862305
91,blocks.26.conv1,0.014210851863026619
91,blocks.26.conv2,0.012991279363632202
91,blocks.27.conv1,0.01192667055875063
91,blocks.27.conv2,0.011831519193947315
91,blocks.28.conv1,0.012600990012288094
91,blocks.28.conv2,0.01415924821048975
91,blocks.29.conv1,0.011494259350001812
91,blocks.29.conv2,0.013193721882998943
91,blocks.30.conv1,0.01328167412430048
91,blocks.30.conv2,0.014665155671536922
91,blocks.31.conv1,0.019357819110155106
91,blocks.31.conv2,0.01549563743174076
91,blocks.32.conv1,0.014900896698236465
91,blocks.32.conv2,0.012330996803939342
91,blocks.33.conv1,0.014108369126915932
91,blocks.33.conv2,0.014445642940700054
91,blocks.34.conv1,0.013558576814830303
91,blocks.34.conv2,0.01102078054100275
91,blocks.35.conv1,0.01170560996979475
91,blocks.35.conv2,0.011669169180095196
91,blocks.36.conv1,0.010568267665803432
91,blocks.36.conv2,0.011816647835075855
91,blocks.37.conv1,0.012205890379846096
91,blocks.37.conv2,0.014201025478541851
91,blocks.38.conv1,0.013179652392864227
91,blocks.38.conv2,0.013896048069000244
91,blocks.39.conv1,0.01362690981477499
91,blocks.39.conv2,0.01327440980821848
91,blocks.40.conv1,0.011627706699073315
91,blocks.40.conv2,0.011791953817009926
91,blocks.41.conv1,0.012189981527626514
91,blocks.41.conv2,0.016079725697636604
91,blocks.42.conv1,0.023050624877214432
91,blocks.42.conv2,0.026248060166835785
91,blocks.43.conv1,0.02595033124089241
91,blocks.43.conv2,0.0342533141374588
91,blocks.44.conv1,0.034686073660850525
91,blocks.44.conv2,0.03361629322171211
91,blocks.45.conv1,0.03523777052760124
91,blocks.45.conv2,0.03825296089053154
91,blocks.46.conv1,0.05203605815768242
91,blocks.46.conv2,0.05611878260970116
91,blocks.47.conv1,0.0567278191447258
91,blocks.47.conv2,0.07032318413257599
91,blocks.48.conv1,0.0625738650560379
91,blocks.48.conv2,0.06468866765499115
91,blocks.49.conv1,0.05942807346582413
91,blocks.49.conv2,0.05574435740709305
91,mean_conv2d_grad_norm,0.01814251828196431
92,stem.0,0.013548879884183407
92,blocks.0.conv1,0.04316817596554756
92,blocks.0.conv2,0.014138845726847649
92,blocks.1.conv1,0.02024972066283226
92,blocks.1.conv2,0.028574263677001
92,blocks.2.conv1,0.020825030282139778
92,blocks.2.conv2,0.017191728577017784
92,blocks.3.conv1,0.02795490436255932
92,blocks.3.conv2,0.02385239116847515
92,blocks.4.conv1,0.018898222595453262
92,blocks.4.conv2,0.012427778914570808
92,blocks.5.conv1,0.024944594129920006
92,blocks.5.conv2,0.017487678676843643
92,blocks.6.conv1,0.006924768444150686
92,blocks.6.conv2,0.01765582710504532
92,blocks.7.conv1,0.013336126692593098
92,blocks.7.conv2,0.016173213720321655
92,blocks.8.conv1,0.010822324082255363
92,blocks.8.conv2,0.010789982043206692
92,blocks.9.conv1,0.012498949654400349
92,blocks.9.conv2,0.019106732681393623
92,blocks.10.conv1,0.015580769628286362
92,blocks.10.conv2,0.008287697099149227
92,blocks.11.conv1,0.009318465366959572
92,blocks.11.conv2,0.009563776664435863
92,blocks.12.conv1,0.0147240050137043
92,blocks.12.conv2,0.013510271906852722
92,blocks.13.conv1,0.013968399725854397
92,blocks.13.conv2,0.015449478290975094
92,blocks.14.conv1,0.014550818130373955
92,blocks.14.conv2,0.016675598919391632
92,blocks.15.conv1,0.016798334196209908
92,blocks.15.conv2,0.017432287335395813
92,blocks.16.conv1,0.01744132675230503
92,blocks.16.conv2,0.012967596761882305
92,blocks.17.conv1,0.01048159971833229
92,blocks.17.conv2,0.008879494853317738
92,blocks.18.conv1,0.009108482860028744
92,blocks.18.conv2,0.007981637492775917
92,blocks.19.conv1,0.007150898687541485
92,blocks.19.conv2,0.009758143685758114
92,blocks.20.conv1,0.010018245317041874
92,blocks.20.conv2,0.014048521406948566
92,blocks.21.conv1,0.007665150333195925
92,blocks.21.conv2,0.006902256049215794
92,blocks.22.conv1,0.009391394443809986
92,blocks.22.conv2,0.011557678692042828
92,blocks.23.conv1,0.008769353851675987
92,blocks.23.conv2,0.013446982949972153
92,blocks.24.conv1,0.009744296781718731
92,blocks.24.conv2,0.006434047129005194
92,blocks.25.conv1,0.00829437654465437
92,blocks.25.conv2,0.00944176223129034
92,blocks.26.conv1,0.008965757675468922
92,blocks.26.conv2,0.008610713295638561
92,blocks.27.conv1,0.006870196666568518
92,blocks.27.conv2,0.007833722047507763
92,blocks.28.conv1,0.01005763839930296
92,blocks.28.conv2,0.012413364835083485
92,blocks.29.conv1,0.011453624814748764
92,blocks.29.conv2,0.010209904983639717
92,blocks.30.conv1,0.00817395094782114
92,blocks.30.conv2,0.012039612047374249
92,blocks.31.conv1,0.01919659413397312
92,blocks.31.conv2,0.01116774883121252
92,blocks.32.conv1,0.008181264623999596
92,blocks.32.conv2,0.007761924061924219
92,blocks.33.conv1,0.012773299589753151
92,blocks.33.conv2,0.01273996289819479
92,blocks.34.conv1,0.014411339536309242
92,blocks.34.conv2,0.014051908627152443
92,blocks.35.conv1,0.013736465014517307
92,blocks.35.conv2,0.011623257771134377
92,blocks.36.conv1,0.011770280078053474
92,blocks.36.conv2,0.011069823056459427
92,blocks.37.conv1,0.011364936828613281
92,blocks.37.conv2,0.011411619372665882
92,blocks.38.conv1,0.010917156003415585
92,blocks.38.conv2,0.0124885942786932
92,blocks.39.conv1,0.01324007660150528
92,blocks.39.conv2,0.012076030485332012
92,blocks.40.conv1,0.012738853693008423
92,blocks.40.conv2,0.014050503261387348
92,blocks.41.conv1,0.013881499879062176
92,blocks.41.conv2,0.018381698057055473
92,blocks.42.conv1,0.029739633202552795
92,blocks.42.conv2,0.03112495318055153
92,blocks.43.conv1,0.035296764224767685
92,blocks.43.conv2,0.04018942639231682
92,blocks.44.conv1,0.04078909009695053
92,blocks.44.conv2,0.04700152948498726
92,blocks.45.conv1,0.03987743705511093
92,blocks.45.conv2,0.043553587049245834
92,blocks.46.conv1,0.043403737246990204
92,blocks.46.conv2,0.041507210582494736
92,blocks.47.conv1,0.04647044092416763
92,blocks.47.conv2,0.05135207250714302
92,blocks.48.conv1,0.05043704807758331
92,blocks.48.conv2,0.0564873144030571
92,blocks.49.conv1,0.058182377368211746
92,blocks.49.conv2,0.056313153356313705
92,mean_conv2d_grad_norm,0.018250518667483978
93,stem.0,0.037338871508836746
93,blocks.0.conv1,0.023446856066584587
93,blocks.0.conv2,0.005969088990241289
93,blocks.1.conv1,0.005430619232356548
93,blocks.1.conv2,0.0067062838934361935
93,blocks.2.conv1,0.0071665700525045395
93,blocks.2.conv2,0.0063592479564249516
93,blocks.3.conv1,0.00951758399605751
93,blocks.3.conv2,0.013631901703774929
93,blocks.4.conv1,0.009776606224477291
93,blocks.4.conv2,0.013852937147021294
93,blocks.5.conv1,0.021795235574245453
93,blocks.5.conv2,0.019524596631526947
93,blocks.6.conv1,0.011474411934614182
93,blocks.6.conv2,0.015089915134012699
93,blocks.7.conv1,0.016978763043880463
93,blocks.7.conv2,0.014455589465796947
93,blocks.8.conv1,0.013316200114786625
93,blocks.8.conv2,0.013844515196979046
93,blocks.9.conv1,0.016653046011924744
93,blocks.9.conv2,0.01673295721411705
93,blocks.10.conv1,0.01755911484360695
93,blocks.10.conv2,0.015639863908290863
93,blocks.11.conv1,0.012571897357702255
93,blocks.11.conv2,0.01378285326063633
93,blocks.12.conv1,0.024219848215579987
93,blocks.12.conv2,0.019310487434267998
93,blocks.13.conv1,0.027013882994651794
93,blocks.13.conv2,0.02041325345635414
93,blocks.14.conv1,0.022042488679289818
93,blocks.14.conv2,0.02135004848241806
93,blocks.15.conv1,0.03340607509016991
93,blocks.15.conv2,0.04686465859413147
93,blocks.16.conv1,0.03631681948900223
93,blocks.16.conv2,0.02277516759932041
93,blocks.17.conv1,0.028448110446333885
93,blocks.17.conv2,0.035046085715293884
93,blocks.18.conv1,0.027051713317632675
93,blocks.18.conv2,0.03153442591428757
93,blocks.19.conv1,0.02688751369714737
93,blocks.19.conv2,0.021415995433926582
93,blocks.20.conv1,0.02220606990158558
93,blocks.20.conv2,0.026374395936727524
93,blocks.21.conv1,0.03078313358128071
93,blocks.21.conv2,0.029663940891623497
93,blocks.22.conv1,0.027383986860513687
93,blocks.22.conv2,0.02317085862159729
93,blocks.23.conv1,0.017703134566545486
93,blocks.23.conv2,0.029105884954333305
93,blocks.24.conv1,0.03463560715317726
93,blocks.24.conv2,0.02679578587412834
93,blocks.25.conv1,0.024511953815817833
93,blocks.25.conv2,0.020574301481246948
93,blocks.26.conv1,0.019719965755939484
93,blocks.26.conv2,0.01773240976035595
93,blocks.27.conv1,0.018434718251228333
93,blocks.27.conv2,0.01585514470934868
93,blocks.28.conv1,0.016752103343605995
93,blocks.28.conv2,0.01802894100546837
93,blocks.29.conv1,0.019797513261437416
93,blocks.29.conv2,0.021662380546331406
93,blocks.30.conv1,0.021011993288993835
93,blocks.30.conv2,0.02088363841176033
93,blocks.31.conv1,0.028293253853917122
93,blocks.31.conv2,0.029062628746032715
93,blocks.32.conv1,0.023245804011821747
93,blocks.32.conv2,0.015712471678853035
93,blocks.33.conv1,0.0195419043302536
93,blocks.33.conv2,0.01953309401869774
93,blocks.34.conv1,0.017571119591593742
93,blocks.34.conv2,0.018119176849722862
93,blocks.35.conv1,0.020020311698317528
93,blocks.35.conv2,0.02059473656117916
93,blocks.36.conv1,0.021985260769724846
93,blocks.36.conv2,0.023833880200982094
93,blocks.37.conv1,0.021152978762984276
93,blocks.37.conv2,0.023921262472867966
93,blocks.38.conv1,0.020586656406521797
93,blocks.38.conv2,0.020810822024941444
93,blocks.39.conv1,0.01797732524573803
93,blocks.39.conv2,0.01816670596599579
93,blocks.40.conv1,0.015467562712728977
93,blocks.40.conv2,0.016047244891524315
93,blocks.41.conv1,0.018551411107182503
93,blocks.41.conv2,0.028332753106951714
93,blocks.42.conv1,0.044040560722351074
93,blocks.42.conv2,0.04108943045139313
93,blocks.43.conv1,0.03880826383829117
93,blocks.43.conv2,0.04749272018671036
93,blocks.44.conv1,0.053218454122543335
93,blocks.44.conv2,0.04842505231499672
93,blocks.45.conv1,0.053202662616968155
93,blocks.45.conv2,0.05135852098464966
93,blocks.46.conv1,0.056046709418296814
93,blocks.46.conv2,0.07184919714927673
93,blocks.47.conv1,0.07276899367570877
93,blocks.47.conv2,0.07826404273509979
93,blocks.48.conv1,0.07630477100610733
93,blocks.48.conv2,0.08499052375555038
93,blocks.49.conv1,0.08143962174654007
93,blocks.49.conv2,0.060919199138879776
93,mean_conv2d_grad_norm,0.0269727430878078
94,stem.0,0.05049847811460495
94,blocks.0.conv1,0.033572033047676086
94,blocks.0.conv2,0.008597474545240402
94,blocks.1.conv1,0.008315104991197586
94,blocks.1.conv2,0.007112286984920502
94,blocks.2.conv1,0.006904235575348139
94,blocks.2.conv2,0.0057914466597139835
94,blocks.3.conv1,0.012846271507441998
94,blocks.3.conv2,0.013845623470842838
94,blocks.4.conv1,0.013997740112245083
94,blocks.4.conv2,0.01892215572297573
94,blocks.5.conv1,0.033409204334020615
94,blocks.5.conv2,0.029198095202445984
94,blocks.6.conv1,0.02843574434518814
94,blocks.6.conv2,0.04721005633473396
94,blocks.7.conv1,0.07182377576828003
94,blocks.7.conv2,0.031524837017059326
94,blocks.8.conv1,0.024124523624777794
94,blocks.8.conv2,0.03707778826355934
94,blocks.9.conv1,0.021945975720882416
94,blocks.9.conv2,0.02326393686234951
94,blocks.10.conv1,0.02048121578991413
94,blocks.10.conv2,0.014519698917865753
94,blocks.11.conv1,0.013404215686023235
94,blocks.11.conv2,0.009856017306447029
94,blocks.12.conv1,0.01626771315932274
94,blocks.12.conv2,0.014256042428314686
94,blocks.13.conv1,0.009564363397657871
94,blocks.13.conv2,0.005698398686945438
94,blocks.14.conv1,0.008955858647823334
94,blocks.14.conv2,0.014284046366810799
94,blocks.15.conv1,0.020581334829330444
94,blocks.15.conv2,0.020616548135876656
94,blocks.16.conv1,0.020211251452565193
94,blocks.16.conv2,0.02120334282517433
94,blocks.17.conv1,0.01676693744957447
94,blocks.17.conv2,0.018883289769291878
94,blocks.18.conv1,0.019167719408869743
94,blocks.18.conv2,0.018894577398896217
94,blocks.19.conv1,0.011818383820354939
94,blocks.19.conv2,0.010381335392594337
94,blocks.20.conv1,0.015194669365882874
94,blocks.20.conv2,0.015866339206695557
94,blocks.21.conv1,0.01799490675330162
94,blocks.21.conv2,0.012404422275722027
94,blocks.22.conv1,0.01408171933144331
94,blocks.22.conv2,0.015164033509790897
94,blocks.23.conv1,0.01345596183091402
94,blocks.23.conv2,0.02253558486700058
94,blocks.24.conv1,0.019034042954444885
94,blocks.24.conv2,0.01735924370586872
94,blocks.25.conv1,0.016565311700105667
94,blocks.25.conv2,0.01764947548508644
94,blocks.26.conv1,0.02086004987359047
94,blocks.26.conv2,0.018751930445432663
94,blocks.27.conv1,0.013135571964085102
94,blocks.27.conv2,0.016054324805736542
94,blocks.28.conv1,0.01731814630329609
94,blocks.28.conv2,0.022756943479180336
94,blocks.29.conv1,0.01958230696618557
94,blocks.29.conv2,0.01485708449035883
94,blocks.30.conv1,0.01611950993537903
94,blocks.30.conv2,0.018233686685562134
94,blocks.31.conv1,0.018042942509055138
94,blocks.31.conv2,0.026090795174241066
94,blocks.32.conv1,0.02598608285188675
94,blocks.32.conv2,0.023278193548321724
94,blocks.33.conv1,0.021421434357762337
94,blocks.33.conv2,0.019834766164422035
94,blocks.34.conv1,0.019680200144648552
94,blocks.34.conv2,0.017973540350794792
94,blocks.35.conv1,0.017716271802783012
94,blocks.35.conv2,0.01691380888223648
94,blocks.36.conv1,0.016652287915349007
94,blocks.36.conv2,0.019368814304471016
94,blocks.37.conv1,0.020585501566529274
94,blocks.37.conv2,0.0242576003074646
94,blocks.38.conv1,0.02888457104563713
94,blocks.38.conv2,0.02188117615878582
94,blocks.39.conv1,0.02208019234240055
94,blocks.39.conv2,0.023156194016337395
94,blocks.40.conv1,0.02600143477320671
94,blocks.40.conv2,0.028698865324258804
94,blocks.41.conv1,0.030254969373345375
94,blocks.41.conv2,0.0326344259083271
94,blocks.42.conv1,0.05861659720540047
94,blocks.42.conv2,0.056535106152296066
94,blocks.43.conv1,0.048707492649555206
94,blocks.43.conv2,0.04871435463428497
94,blocks.44.conv1,0.06479668617248535
94,blocks.44.conv2,0.07471523433923721
94,blocks.45.conv1,0.07513859122991562
94,blocks.45.conv2,0.06570877134799957
94,blocks.46.conv1,0.06533114612102509
94,blocks.46.conv2,0.06976304203271866
94,blocks.47.conv1,0.08149339258670807
94,blocks.47.conv2,0.09735121577978134
94,blocks.48.conv1,0.0962129682302475
94,blocks.48.conv2,0.08335722982883453
94,blocks.49.conv1,0.0813896507024765
94,blocks.49.conv2,0.06912285834550858
94,mean_conv2d_grad_norm,0.028193591595950102
95,stem.0,0.053730931133031845
95,blocks.0.conv1,0.02034612186253071
95,blocks.0.conv2,0.006301284302026033
95,blocks.1.conv1,0.005390853155404329
95,blocks.1.conv2,0.00486980564892292
95,blocks.2.conv1,0.007851021364331245
95,blocks.2.conv2,0.0071811494417488575
95,blocks.3.conv1,0.014955125749111176
95,blocks.3.conv2,0.01826542429625988
95,blocks.4.conv1,0.013083777390420437
95,blocks.4.conv2,0.01819457858800888
95,blocks.5.conv1,0.02102479711174965
95,blocks.5.conv2,0.023886604234576225
95,blocks.6.conv1,0.018570685759186745
95,blocks.6.conv2,0.02132042683660984
95,blocks.7.conv1,0.034441325813531876
95,blocks.7.conv2,0.022318735718727112
95,blocks.8.conv1,0.019263749942183495
95,blocks.8.conv2,0.02457979880273342
95,blocks.9.conv1,0.022502878680825233
95,blocks.9.conv2,0.030777839943766594
95,blocks.10.conv1,0.02981559932231903
95,blocks.10.conv2,0.024709906429052353
95,blocks.11.conv1,0.022709660232067108
95,blocks.11.conv2,0.018922436982393265
95,blocks.12.conv1,0.021829944103956223
95,blocks.12.conv2,0.022410953417420387
95,blocks.13.conv1,0.0269001554697752
95,blocks.13.conv2,0.015872923657298088
95,blocks.14.conv1,0.025169847533106804
95,blocks.14.conv2,0.022379912436008453
95,blocks.15.conv1,0.023926135152578354
95,blocks.15.conv2,0.02731429971754551
95,blocks.16.conv1,0.020993532612919807
95,blocks.16.conv2,0.019248589873313904
95,blocks.17.conv1,0.016337621957063675
95,blocks.17.conv2,0.01839408650994301
95,blocks.18.conv1,0.01916295289993286
95,blocks.18.conv2,0.016046768054366112
95,blocks.19.conv1,0.014728893525898457
95,blocks.19.conv2,0.013333902694284916
95,blocks.20.conv1,0.018602214753627777
95,blocks.20.conv2,0.01929584890604019
95,blocks.21.conv1,0.0220933947712183
95,blocks.21.conv2,0.016986489295959473
95,blocks.22.conv1,0.019402192905545235
95,blocks.22.conv2,0.015884390100836754
95,blocks.23.conv1,0.017982808873057365
95,blocks.23.conv2,0.017267443239688873
95,blocks.24.conv1,0.015556723810732365
95,blocks.24.conv2,0.014976436272263527
95,blocks.25.conv1,0.01691102236509323
95,blocks.25.conv2,0.020968414843082428
95,blocks.26.conv1,0.022576237097382545
95,blocks.26.conv2,0.017064053565263748
95,blocks.27.conv1,0.013340003788471222
95,blocks.27.conv2,0.014182844199240208
95,blocks.28.conv1,0.013487107120454311
95,blocks.28.conv2,0.01633908413350582
95,blocks.29.conv1,0.018147312104701996
95,blocks.29.conv2,0.02075871452689171
95,blocks.30.conv1,0.02178802341222763
95,blocks.30.conv2,0.021684696897864342
95,blocks.31.conv1,0.025946931913495064
95,blocks.31.conv2,0.022718649357557297
95,blocks.32.conv1,0.02933565340936184
95,blocks.32.conv2,0.02832759916782379
95,blocks.33.conv1,0.03220285102725029
95,blocks.33.conv2,0.04046018794178963
95,blocks.34.conv1,0.04515134170651436
95,blocks.34.conv2,0.039727140218019485
95,blocks.35.conv1,0.03350580856204033
95,blocks.35.conv2,0.03409001976251602
95,blocks.36.conv1,0.031416505575180054
95,blocks.36.conv2,0.03292923793196678
95,blocks.37.conv1,0.03318081796169281
95,blocks.37.conv2,0.02888011746108532
95,blocks.38.conv1,0.030001811683177948
95,blocks.38.conv2,0.02855285257101059
95,blocks.39.conv1,0.026823850348591805
95,blocks.39.conv2,0.029136138036847115
95,blocks.40.conv1,0.02744830772280693
95,blocks.40.conv2,0.026839707046747208
95,blocks.41.conv1,0.02837034873664379
95,blocks.41.conv2,0.03265450894832611
95,blocks.42.conv1,0.034829314798116684
95,blocks.42.conv2,0.03624014928936958
95,blocks.43.conv1,0.03890093043446541
95,blocks.43.conv2,0.03925873339176178
95,blocks.44.conv1,0.04225613921880722
95,blocks.44.conv2,0.05145055055618286
95,blocks.45.conv1,0.0531451515853405
95,blocks.45.conv2,0.05747947096824646
95,blocks.46.conv1,0.06107265502214432
95,blocks.46.conv2,0.06653252989053726
95,blocks.47.conv1,0.07919836044311523
95,blocks.47.conv2,0.0810941830277443
95,blocks.48.conv1,0.08496282994747162
95,blocks.48.conv2,0.0887548103928566
95,blocks.49.conv1,0.085988350212574
95,blocks.49.conv2,0.07258937507867813
95,mean_conv2d_grad_norm,0.028572419967207285
96,stem.0,0.07538378238677979
96,blocks.0.conv1,0.019653592258691788
96,blocks.0.conv2,0.009340903721749783
96,blocks.1.conv1,0.0057761333882808685
96,blocks.1.conv2,0.007583789061754942
96,blocks.2.conv1,0.007706623524427414
96,blocks.2.conv2,0.006183990743011236
96,blocks.3.conv1,0.014695375226438046
96,blocks.3.conv2,0.01995740458369255
96,blocks.4.conv1,0.013088623061776161
96,blocks.4.conv2,0.01133071817457676
96,blocks.5.conv1,0.03860039263963699
96,blocks.5.conv2,0.024439867585897446
96,blocks.6.conv1,0.016816018149256706
96,blocks.6.conv2,0.03387036174535751
96,blocks.7.conv1,0.0223807655274868
96,blocks.7.conv2,0.018592864274978638
96,blocks.8.conv1,0.021121377125382423
96,blocks.8.conv2,0.025730200111865997
96,blocks.9.conv1,0.02301032468676567
96,blocks.9.conv2,0.02485024183988571
96,blocks.10.conv1,0.02728290669620037
96,blocks.10.conv2,0.023070909082889557
96,blocks.11.conv1,0.01987038552761078
96,blocks.11.conv2,0.018980510532855988
96,blocks.12.conv1,0.023962510749697685
96,blocks.12.conv2,0.02180160954594612
96,blocks.13.conv1,0.021088315173983574
96,blocks.13.conv2,0.013024107553064823
96,blocks.14.conv1,0.025256244465708733
96,blocks.14.conv2,0.0206611268222332
96,blocks.15.conv1,0.03298811614513397
96,blocks.15.conv2,0.028681932017207146
96,blocks.16.conv1,0.026764146983623505
96,blocks.16.conv2,0.02725888229906559
96,blocks.17.conv1,0.02987515553832054
96,blocks.17.conv2,0.028903452679514885
96,blocks.18.conv1,0.028091885149478912
96,blocks.18.conv2,0.024790506809949875
96,blocks.19.conv1,0.017845503985881805
96,blocks.19.conv2,0.013702747412025928
96,blocks.20.conv1,0.015254717320203781
96,blocks.20.conv2,0.017148457467556
96,blocks.21.conv1,0.017276199534535408
96,blocks.21.conv2,0.018716368824243546
96,blocks.22.conv1,0.018786462023854256
96,blocks.22.conv2,0.020056704059243202
96,blocks.23.conv1,0.01500856876373291
96,blocks.23.conv2,0.016070134937763214
96,blocks.24.conv1,0.018491722643375397
96,blocks.24.conv2,0.01966463401913643
96,blocks.25.conv1,0.02192789874970913
96,blocks.25.conv2,0.01942090131342411
96,blocks.26.conv1,0.023387333378195763
96,blocks.26.conv2,0.01677723042666912
96,blocks.27.conv1,0.013636427000164986
96,blocks.27.conv2,0.016619181260466576
96,blocks.28.conv1,0.020875796675682068
96,blocks.28.conv2,0.02413831278681755
96,blocks.29.conv1,0.02479449287056923
96,blocks.29.conv2,0.023168282583355904
96,blocks.30.conv1,0.01925988495349884
96,blocks.30.conv2,0.018102018162608147
96,blocks.31.conv1,0.024657199159264565
96,blocks.31.conv2,0.024702774360775948
96,blocks.32.conv1,0.02532314509153366
96,blocks.32.conv2,0.024856003001332283
96,blocks.33.conv1,0.028621597215533257
96,blocks.33.conv2,0.024156711995601654
96,blocks.34.conv1,0.020862068980932236
96,blocks.34.conv2,0.02911682054400444
96,blocks.35.conv1,0.029262907803058624
96,blocks.35.conv2,0.031203608959913254
96,blocks.36.conv1,0.03326587751507759
96,blocks.36.conv2,0.02755596674978733
96,blocks.37.conv1,0.0315963551402092
96,blocks.37.conv2,0.03582578897476196
96,blocks.38.conv1,0.0325678326189518
96,blocks.38.conv2,0.03336181491613388
96,blocks.39.conv1,0.035290736705064774
96,blocks.39.conv2,0.03400242328643799
96,blocks.40.conv1,0.034304141998291016
96,blocks.40.conv2,0.034140195697546005
96,blocks.41.conv1,0.03654992952942848
96,blocks.41.conv2,0.03853016719222069
96,blocks.42.conv1,0.039353370666503906
96,blocks.42.conv2,0.039572104811668396
96,blocks.43.conv1,0.044278956949710846
96,blocks.43.conv2,0.044954538345336914
96,blocks.44.conv1,0.051574237644672394
96,blocks.44.conv2,0.06263167411088943
96,blocks.45.conv1,0.07406444847583771
96,blocks.45.conv2,0.07306431233882904
96,blocks.46.conv1,0.07057848572731018
96,blocks.46.conv2,0.0738222748041153
96,blocks.47.conv1,0.09449756890535355
96,blocks.47.conv2,0.10330938547849655
96,blocks.48.conv1,0.1003156378865242
96,blocks.48.conv2,0.098753422498703
96,blocks.49.conv1,0.08410429209470749
96,blocks.49.conv2,0.07614240795373917
96,mean_conv2d_grad_norm,0.03102343783040743
97,stem.0,0.012883279472589493
97,blocks.0.conv1,0.00946616381406784
97,blocks.0.conv2,0.007240672130137682
97,blocks.1.conv1,0.007463951129466295
97,blocks.1.conv2,0.006460077594965696
97,blocks.2.conv1,0.007277203723788261
97,blocks.2.conv2,0.004947976674884558
97,blocks.3.conv1,0.01297816727310419
97,blocks.3.conv2,0.009938539005815983
97,blocks.4.conv1,0.009753022342920303
97,blocks.4.conv2,0.01116560772061348
97,blocks.5.conv1,0.01983320526778698
97,blocks.5.conv2,0.00976593792438507
97,blocks.6.conv1,0.024173298850655556
97,blocks.6.conv2,0.02895122952759266
97,blocks.7.conv1,0.02674967423081398
97,blocks.7.conv2,0.02701396495103836
97,blocks.8.conv1,0.020382700487971306
97,blocks.8.conv2,0.032348066568374634
97,blocks.9.conv1,0.023853560909628868
97,blocks.9.conv2,0.012365044094622135
97,blocks.10.conv1,0.010468574240803719
97,blocks.10.conv2,0.013166960328817368
97,blocks.11.conv1,0.009225747548043728
97,blocks.11.conv2,0.007087145000696182
97,blocks.12.conv1,0.014657771214842796
97,blocks.12.conv2,0.01923896186053753
97,blocks.13.conv1,0.014504856429994106
97,blocks.13.conv2,0.0192052461206913
97,blocks.14.conv1,0.034313131123781204
97,blocks.14.conv2,0.033682990819215775
97,blocks.15.conv1,0.03333137929439545
97,blocks.15.conv2,0.03068222478032112
97,blocks.16.conv1,0.022838683798909187
97,blocks.16.conv2,0.02195264957845211
97,blocks.17.conv1,0.022634344175457954
97,blocks.17.conv2,0.02204940654337406
97,blocks.18.conv1,0.02037093974649906
97,blocks.18.conv2,0.01811491884291172
97,blocks.19.conv1,0.017244253307580948
97,blocks.19.conv2,0.013628865592181683
97,blocks.20.conv1,0.019542917609214783
97,blocks.20.conv2,0.01906510628759861
97,blocks.21.conv1,0.017684143036603928
97,blocks.21.conv2,0.011158253066241741
97,blocks.22.conv1,0.015722233802080154
97,blocks.22.conv2,0.015037148259580135
97,blocks.23.conv1,0.014000331982970238
97,blocks.23.conv2,0.017323551699519157
97,blocks.24.conv1,0.014908954501152039
97,blocks.24.conv2,0.015454231761395931
97,blocks.25.conv1,0.013305305503308773
97,blocks.25.conv2,0.015030335634946823
97,blocks.26.conv1,0.012787478975951672
97,blocks.26.conv2,0.011387411504983902
97,blocks.27.conv1,0.013103902339935303
97,blocks.27.conv2,0.012616298161447048
97,blocks.28.conv1,0.012233882211148739
97,blocks.28.conv2,0.016003677621483803
97,blocks.29.conv1,0.012717721052467823
97,blocks.29.conv2,0.010866458527743816
97,blocks.30.conv1,0.011476314626634121
97,blocks.30.conv2,0.012574555352330208
97,blocks.31.conv1,0.014907432720065117
97,blocks.31.conv2,0.014421829022467136
97,blocks.32.conv1,0.010918132029473782
97,blocks.32.conv2,0.011293002404272556
97,blocks.33.conv1,0.013840172439813614
97,blocks.33.conv2,0.015336613170802593
97,blocks.34.conv1,0.014414672739803791
97,blocks.34.conv2,0.015120979398488998
97,blocks.35.conv1,0.014475278556346893
97,blocks.35.conv2,0.014048398472368717
97,blocks.36.conv1,0.012098349630832672
97,blocks.36.conv2,0.013179159723222256
97,blocks.37.conv1,0.014251555316150188
97,blocks.37.conv2,0.015713948756456375
97,blocks.38.conv1,0.012741576880216599
97,blocks.38.conv2,0.013294979929924011
97,blocks.39.conv1,0.01285546738654375
97,blocks.39.conv2,0.012046599760651588
97,blocks.40.conv1,0.013047121465206146
97,blocks.40.conv2,0.013882866129279137
97,blocks.41.conv1,0.01874685473740101
97,blocks.41.conv2,0.025500070303678513
97,blocks.42.conv1,0.031933125108480453
97,blocks.42.conv2,0.031007785350084305
97,blocks.43.conv1,0.03606449067592621
97,blocks.43.conv2,0.04234529659152031
97,blocks.44.conv1,0.05007156357169151
97,blocks.44.conv2,0.05622820183634758
97,blocks.45.conv1,0.06200728192925453
97,blocks.45.conv2,0.05960039794445038
97,blocks.46.conv1,0.06961259245872498
97,blocks.46.conv2,0.08461413532495499
97,blocks.47.conv1,0.09066629409790039
97,blocks.47.conv2,0.07962372153997421
97,blocks.48.conv1,0.06968245655298233
97,blocks.48.conv2,0.07094135135412216
97,blocks.49.conv1,0.06980837881565094
97,blocks.49.conv2,0.07064995914697647
97,mean_conv2d_grad_norm,0.02305349208746511
98,stem.0,0.03640264645218849
98,blocks.0.conv1,0.029602736234664917
98,blocks.0.conv2,0.01560225710272789
98,blocks.1.conv1,0.00620924262329936
98,blocks.1.conv2,0.00761151360347867
98,blocks.2.conv1,0.006765366531908512
98,blocks.2.conv2,0.006569414399564266
98,blocks.3.conv1,0.011208472773432732
98,blocks.3.conv2,0.010288541205227375
98,blocks.4.conv1,0.010010660625994205
98,blocks.4.conv2,0.014153714291751385
98,blocks.5.conv1,0.01582999899983406
98,blocks.5.conv2,0.007479049731045961
98,blocks.6.conv1,0.010130589827895164
98,blocks.6.conv2,0.011756381019949913
98,blocks.7.conv1,0.01917538233101368
98,blocks.7.conv2,0.011792447417974472
98,blocks.8.conv1,0.02224719524383545
98,blocks.8.conv2,0.01277219783514738
98,blocks.9.conv1,0.01200578361749649
98,blocks.9.conv2,0.011285192333161831
98,blocks.10.conv1,0.011532703414559364
98,blocks.10.conv2,0.010701382532715797
98,blocks.11.conv1,0.011465740390121937
98,blocks.11.conv2,0.009581422433257103
98,blocks.12.conv1,0.012980946339666843
98,blocks.12.conv2,0.015586979687213898
98,blocks.13.conv1,0.018469281494617462
98,blocks.13.conv2,0.01779283955693245
98,blocks.14.conv1,0.015871962532401085
98,blocks.14.conv2,0.029616832733154297
98,blocks.15.conv1,0.03745326027274132
98,blocks.15.conv2,0.03310312330722809
98,blocks.16.conv1,0.030719567090272903
98,blocks.16.conv2,0.02619408629834652
98,blocks.17.conv1,0.013943949714303017
98,blocks.17.conv2,0.01999254710972309
98,blocks.18.conv1,0.01495161559432745
98,blocks.18.conv2,0.012797009199857712
98,blocks.19.conv1,0.013592667877674103
98,blocks.19.conv2,0.010791568085551262
98,blocks.20.conv1,0.012111824005842209
98,blocks.20.conv2,0.009609621949493885
98,blocks.21.conv1,0.011424877680838108
98,blocks.21.conv2,0.010506084188818932
98,blocks.22.conv1,0.01623791642487049
98,blocks.22.conv2,0.01302146352827549
98,blocks.23.conv1,0.017085401341319084
98,blocks.23.conv2,0.013835656456649303
98,blocks.24.conv1,0.015624559484422207
98,blocks.24.conv2,0.015597348101437092
98,blocks.25.conv1,0.014157738536596298
98,blocks.25.conv2,0.012164423242211342
98,blocks.26.conv1,0.013578605838119984
98,blocks.26.conv2,0.012878305278718472
98,blocks.27.conv1,0.010628577321767807
98,blocks.27.conv2,0.011058976873755455
98,blocks.28.conv1,0.009311407804489136
98,blocks.28.conv2,0.010751171037554741
98,blocks.29.conv1,0.009174833074212074
98,blocks.29.conv2,0.008311840705573559
98,blocks.30.conv1,0.008376000449061394
98,blocks.30.conv2,0.009482111781835556
98,blocks.31.conv1,0.013807496055960655
98,blocks.31.conv2,0.01811048947274685
98,blocks.32.conv1,0.01232779212296009
98,blocks.32.conv2,0.008591018617153168
98,blocks.33.conv1,0.011547278612852097
98,blocks.33.conv2,0.011749210767447948
98,blocks.34.conv1,0.010829407721757889
98,blocks.34.conv2,0.014762995764613152
98,blocks.35.conv1,0.013865695334970951
98,blocks.35.conv2,0.014964156784117222
98,blocks.36.conv1,0.015428805723786354
98,blocks.36.conv2,0.01572134718298912
98,blocks.37.conv1,0.013835174031555653
98,blocks.37.conv2,0.012875902466475964
98,blocks.38.conv1,0.01489318162202835
98,blocks.38.conv2,0.015463775023818016
98,blocks.39.conv1,0.011739756911993027
98,blocks.39.conv2,0.01234370470046997
98,blocks.40.conv1,0.009721564128994942
98,blocks.40.conv2,0.011627169325947762
98,blocks.41.conv1,0.01191763486713171
98,blocks.41.conv2,0.016016632318496704
98,blocks.42.conv1,0.020542563870549202
98,blocks.42.conv2,0.016904909163713455
98,blocks.43.conv1,0.023048238828778267
98,blocks.43.conv2,0.03255489096045494
98,blocks.44.conv1,0.03981628641486168
98,blocks.44.conv2,0.046158865094184875
98,blocks.45.conv1,0.047375086694955826
98,blocks.45.conv2,0.05302857235074043
98,blocks.46.conv1,0.06389157474040985
98,blocks.46.conv2,0.06829355657100677
98,blocks.47.conv1,0.07203260064125061
98,blocks.47.conv2,0.07411830127239227
98,blocks.48.conv1,0.07930891215801239
98,blocks.48.conv2,0.0836375281214714
98,blocks.49.conv1,0.07824460417032242
98,blocks.49.conv2,0.06239614263176918
98,mean_conv2d_grad_norm,0.02053920631896299
99,stem.0,0.02762279100716114
99,blocks.0.conv1,0.02041131816804409
99,blocks.0.conv2,0.022593103349208832
99,blocks.1.conv1,0.03687052056193352
99,blocks.1.conv2,0.04100256785750389
99,blocks.2.conv1,0.04805712029337883
99,blocks.2.conv2,0.029800906777381897
99,blocks.3.conv1,0.05624499171972275
99,blocks.3.conv2,0.12946787476539612
99,blocks.4.conv1,0.05128718540072441
99,blocks.4.conv2,0.0649060606956482
99,blocks.5.conv1,0.12562277913093567
99,blocks.5.conv2,0.08898048847913742
99,blocks.6.conv1,0.08174145221710205
99,blocks.6.conv2,0.05485347658395767
99,blocks.7.conv1,0.03470905125141144
99,blocks.7.conv2,0.021354295313358307
99,blocks.8.conv1,0.029351601377129555
99,blocks.8.conv2,0.031337812542915344
99,blocks.9.conv1,0.036321815103292465
99,blocks.9.conv2,0.04002905264496803
99,blocks.10.conv1,0.0249006524682045
99,blocks.10.conv2,0.04168195649981499
99,blocks.11.conv1,0.03326789289712906
99,blocks.11.conv2,0.025793911889195442
99,blocks.12.conv1,0.022674046456813812
99,blocks.12.conv2,0.02464643493294716
99,blocks.13.conv1,0.035772569477558136
99,blocks.13.conv2,0.028175609186291695
99,blocks.14.conv1,0.0179492998868227
99,blocks.14.conv2,0.02985486015677452
99,blocks.15.conv1,0.03463450446724892
99,blocks.15.conv2,0.03209289535880089
99,blocks.16.conv1,0.026996631175279617
99,blocks.16.conv2,0.02962476760149002
99,blocks.17.conv1,0.025390254333615303
99,blocks.17.conv2,0.017384931445121765
99,blocks.18.conv1,0.018505923449993134
99,blocks.18.conv2,0.021234462037682533
99,blocks.19.conv1,0.028300225734710693
99,blocks.19.conv2,0.013562355190515518
99,blocks.20.conv1,0.01680224947631359
99,blocks.20.conv2,0.010486328974366188
99,blocks.21.conv1,0.0066227479837834835
99,blocks.21.conv2,0.011372650042176247
99,blocks.22.conv1,0.01702432706952095
99,blocks.22.conv2,0.014278090558946133
99,blocks.23.conv1,0.016014249995350838
99,blocks.23.conv2,0.016373487189412117
99,blocks.24.conv1,0.019914895296096802
99,blocks.24.conv2,0.022068729624152184
99,blocks.25.conv1,0.018361208960413933
99,blocks.25.conv2,0.017302926629781723
99,blocks.26.conv1,0.015702610835433006
99,blocks.26.conv2,0.01622079871594906
99,blocks.27.conv1,0.012390699237585068
99,blocks.27.conv2,0.01858905702829361
99,blocks.28.conv1,0.018777921795845032
99,blocks.28.conv2,0.018607061356306076
99,blocks.29.conv1,0.01492625568062067
99,blocks.29.conv2,0.0145585797727108
99,blocks.30.conv1,0.01434791088104248
99,blocks.30.conv2,0.014363323338329792
99,blocks.31.conv1,0.015706246718764305
99,blocks.31.conv2,0.014596601948142052
99,blocks.32.conv1,0.014929661527276039
99,blocks.32.conv2,0.018775390461087227
99,blocks.33.conv1,0.02029961720108986
99,blocks.33.conv2,0.018321020528674126
99,blocks.34.conv1,0.017409462481737137
99,blocks.34.conv2,0.01795104704797268
99,blocks.35.conv1,0.019005605950951576
99,blocks.35.conv2,0.01774291694164276
99,blocks.36.conv1,0.018641022965312004
99,blocks.36.conv2,0.016636529937386513
99,blocks.37.conv1,0.017812633886933327
99,blocks.37.conv2,0.021313641220331192
99,blocks.38.conv1,0.020016584545373917
99,blocks.38.conv2,0.018316024914383888
99,blocks.39.conv1,0.02326146699488163
99,blocks.39.conv2,0.01733461767435074
99,blocks.40.conv1,0.018567685037851334
99,blocks.40.conv2,0.019012684002518654
99,blocks.41.conv1,0.019560659304261208
99,blocks.41.conv2,0.02131405472755432
99,blocks.42.conv1,0.03396467864513397
99,blocks.42.conv2,0.03850312530994415
99,blocks.43.conv1,0.041632577776908875
99,blocks.43.conv2,0.048307258635759354
99,blocks.44.conv1,0.05078917369246483
99,blocks.44.conv2,0.05217614024877548
99,blocks.45.conv1,0.05482614412903786
99,blocks.45.conv2,0.06035589426755905
99,blocks.46.conv1,0.06791698932647705
99,blocks.46.conv2,0.06012677773833275
99,blocks.47.conv1,0.06800279766321182
99,blocks.47.conv2,0.07221166789531708
99,blocks.48.conv1,0.0700451210141182
99,blocks.48.conv2,0.06753092259168625
99,blocks.49.conv1,0.06536193937063217
99,blocks.49.conv2,0.06397300958633423
99,mean_conv2d_grad_norm,0.03239966291325665
100,stem.0,0.010176606476306915
100,blocks.0.conv1,0.004912771284580231
100,blocks.0.conv2,0.0022460471373051405
100,blocks.1.conv1,0.003916442859917879
100,blocks.1.conv2,0.0038544475100934505
100,blocks.2.conv1,0.007049332372844219
100,blocks.2.conv2,0.009004691615700722
100,blocks.3.conv1,0.02163766510784626
100,blocks.3.conv2,0.046427469700574875
100,blocks.4.conv1,0.02112334407866001
100,blocks.4.conv2,0.030082637444138527
100,blocks.5.conv1,0.024416450411081314
100,blocks.5.conv2,0.01818844862282276
100,blocks.6.conv1,0.022218583151698112
100,blocks.6.conv2,0.02032414637506008
100,blocks.7.conv1,0.026932857930660248
100,blocks.7.conv2,0.014396469108760357
100,blocks.8.conv1,0.011801140382885933
100,blocks.8.conv2,0.013652044348418713
100,blocks.9.conv1,0.016092047095298767
100,blocks.9.conv2,0.01809142902493477
100,blocks.10.conv1,0.01863759569823742
100,blocks.10.conv2,0.01691032573580742
100,blocks.11.conv1,0.016964562237262726
100,blocks.11.conv2,0.014812430366873741
100,blocks.12.conv1,0.013097839429974556
100,blocks.12.conv2,0.01564818061888218
100,blocks.13.conv1,0.027515945956110954
100,blocks.13.conv2,0.019272547215223312
100,blocks.14.conv1,0.014017201960086823
100,blocks.14.conv2,0.021776610985398293
100,blocks.15.conv1,0.029675237834453583
100,blocks.15.conv2,0.022283295169472694
100,blocks.16.conv1,0.02035526931285858
100,blocks.16.conv2,0.022858887910842896
100,blocks.17.conv1,0.02296960912644863
100,blocks.17.conv2,0.020392678678035736
100,blocks.18.conv1,0.02054976299405098
100,blocks.18.conv2,0.023537494242191315
100,blocks.19.conv1,0.031536225229501724
100,blocks.19.conv2,0.018222970888018608
100,blocks.20.conv1,0.02014327421784401
100,blocks.20.conv2,0.017447011545300484
100,blocks.21.conv1,0.02242710068821907
100,blocks.21.conv2,0.020629728212952614
100,blocks.22.conv1,0.022005800157785416
100,blocks.22.conv2,0.022858725860714912
100,blocks.23.conv1,0.01775382272899151
100,blocks.23.conv2,0.020970318466424942
100,blocks.24.conv1,0.02477075532078743
100,blocks.24.conv2,0.025414416566491127
100,blocks.25.conv1,0.022373391315340996
100,blocks.25.conv2,0.023660404607653618
100,blocks.26.conv1,0.023130759596824646
100,blocks.26.conv2,0.020729197189211845
100,blocks.27.conv1,0.019097300246357918
100,blocks.27.conv2,0.020068207755684853
100,blocks.28.conv1,0.02066880278289318
100,blocks.28.conv2,0.018176989629864693
100,blocks.29.conv1,0.019368723034858704
100,blocks.29.conv2,0.022665105760097504
100,blocks.30.conv1,0.026885269209742546
100,blocks.30.conv2,0.029484974220395088
100,blocks.31.conv1,0.03200090676546097
100,blocks.31.conv2,0.02679445408284664
100,blocks.32.conv1,0.028611401095986366
100,blocks.32.conv2,0.029975637793540955
100,blocks.33.conv1,0.024260692298412323
100,blocks.33.conv2,0.02583812177181244
100,blocks.34.conv1,0.022500090301036835
100,blocks.34.conv2,0.02355363592505455
100,blocks.35.conv1,0.027031229808926582
100,blocks.35.conv2,0.02562374249100685
100,blocks.36.conv1,0.029496677219867706
100,blocks.36.conv2,0.0272456556558609
100,blocks.37.conv1,0.027543900534510612
100,blocks.37.conv2,0.025239571928977966
100,blocks.38.conv1,0.02601204253733158
100,blocks.38.conv2,0.028470110148191452
100,blocks.39.conv1,0.02419067732989788
100,blocks.39.conv2,0.024833399802446365
100,blocks.40.conv1,0.02396639995276928
100,blocks.40.conv2,0.020885411649942398
100,blocks.41.conv1,0.02129027619957924
100,blocks.41.conv2,0.029345734044909477
100,blocks.42.conv1,0.03649219870567322
100,blocks.42.conv2,0.0421404130756855
100,blocks.43.conv1,0.04254131391644478
100,blocks.43.conv2,0.04665527865290642
100,blocks.44.conv1,0.04641120880842209
100,blocks.44.conv2,0.044942326843738556
100,blocks.45.conv1,0.05207889899611473
100,blocks.45.conv2,0.05501799285411835
100,blocks.46.conv1,0.05923381820321083
100,blocks.46.conv2,0.060020893812179565
100,blocks.47.conv1,0.07036466896533966
100,blocks.47.conv2,0.07199409604072571
100,blocks.48.conv1,0.07814035564661026
100,blocks.48.conv2,0.08203458786010742
100,blocks.49.conv1,0.08863707631826401
100,blocks.49.conv2,0.07319395989179611
100,mean_conv2d_grad_norm,0.027355630501717475
101,stem.0,0.06305400282144547
101,blocks.0.conv1,0.037499476224184036
101,blocks.0.conv2,0.01353349257260561
101,blocks.1.conv1,0.025068944320082664
101,blocks.1.conv2,0.020464131608605385
101,blocks.2.conv1,0.01934540458023548
101,blocks.2.conv2,0.01715310662984848
101,blocks.3.conv1,0.03160802647471428
101,blocks.3.conv2,0.02824895642697811
101,blocks.4.conv1,0.019005581736564636
101,blocks.4.conv2,0.02201482467353344
101,blocks.5.conv1,0.019948074594140053
101,blocks.5.conv2,0.01984078250825405
101,blocks.6.conv1,0.02136297896504402
101,blocks.6.conv2,0.019051430746912956
101,blocks.7.conv1,0.015829995274543762
101,blocks.7.conv2,0.011008174158632755
101,blocks.8.conv1,0.013091995380818844
101,blocks.8.conv2,0.012973232194781303
101,blocks.9.conv1,0.017545446753501892
101,blocks.9.conv2,0.017365870997309685
101,blocks.10.conv1,0.01388076413422823
101,blocks.10.conv2,0.020381281152367592
101,blocks.11.conv1,0.019467737525701523
101,blocks.11.conv2,0.015552199445664883
101,blocks.12.conv1,0.017772646620869637
101,blocks.12.conv2,0.01844220608472824
101,blocks.13.conv1,0.014386077411472797
101,blocks.13.conv2,0.011694775894284248
101,blocks.14.conv1,0.007735895458608866
101,blocks.14.conv2,0.008512225933372974
101,blocks.15.conv1,0.013166063465178013
101,blocks.15.conv2,0.014396141283214092
101,blocks.16.conv1,0.011015897616744041
101,blocks.16.conv2,0.012559720315039158
101,blocks.17.conv1,0.013555058278143406
101,blocks.17.conv2,0.012510274536907673
101,blocks.18.conv1,0.0137739647179842
101,blocks.18.conv2,0.01633971743285656
101,blocks.19.conv1,0.023877093568444252
101,blocks.19.conv2,0.009614214301109314
101,blocks.20.conv1,0.01113569550216198
101,blocks.20.conv2,0.010981203988194466
101,blocks.21.conv1,0.007607267703860998
101,blocks.21.conv2,0.013852154836058617
101,blocks.22.conv1,0.011330565437674522
101,blocks.22.conv2,0.01346683595329523
101,blocks.23.conv1,0.013485596515238285
101,blocks.23.conv2,0.012887139804661274
101,blocks.24.conv1,0.011210662312805653
101,blocks.24.conv2,0.012713801115751266
101,blocks.25.conv1,0.009672473184764385
101,blocks.25.conv2,0.0125835370272398
101,blocks.26.conv1,0.009591194801032543
101,blocks.26.conv2,0.00998319499194622
101,blocks.27.conv1,0.008673634380102158
101,blocks.27.conv2,0.013057484291493893
101,blocks.28.conv1,0.01186112966388464
101,blocks.28.conv2,0.007509253453463316
101,blocks.29.conv1,0.011139098554849625
101,blocks.29.conv2,0.008903135545551777
101,blocks.30.conv1,0.011178971268236637
101,blocks.30.conv2,0.011013816110789776
101,blocks.31.conv1,0.010091464966535568
101,blocks.31.conv2,0.011671455577015877
101,blocks.32.conv1,0.010030422359704971
101,blocks.32.conv2,0.010861407965421677
101,blocks.33.conv1,0.0108224181458354
101,blocks.33.conv2,0.013295137323439121
101,blocks.34.conv1,0.01020076684653759
101,blocks.34.conv2,0.010842839255928993
101,blocks.35.conv1,0.011388679035007954
101,blocks.35.conv2,0.011552192270755768
101,blocks.36.conv1,0.011728196404874325
101,blocks.36.conv2,0.012150031514465809
101,blocks.37.conv1,0.012624884955585003
101,blocks.37.conv2,0.012302461080253124
101,blocks.38.conv1,0.013005628250539303
101,blocks.38.conv2,0.016588231548666954
101,blocks.39.conv1,0.01708363927900791
101,blocks.39.conv2,0.015858473256230354
101,blocks.40.conv1,0.015888039022684097
101,blocks.40.conv2,0.01638401299715042
101,blocks.41.conv1,0.01662648469209671
101,blocks.41.conv2,0.019944244995713234
101,blocks.42.conv1,0.02498105727136135
101,blocks.42.conv2,0.031140750274062157
101,blocks.43.conv1,0.03512512892484665
101,blocks.43.conv2,0.04878012835979462
101,blocks.44.conv1,0.04735676199197769
101,blocks.44.conv2,0.053349461406469345
101,blocks.45.conv1,0.05475790798664093
101,blocks.45.conv2,0.0521211214363575
101,blocks.46.conv1,0.062255069613456726
101,blocks.46.conv2,0.06741153448820114
101,blocks.47.conv1,0.07128231227397919
101,blocks.47.conv2,0.07881304621696472
101,blocks.48.conv1,0.08642472326755524
101,blocks.48.conv2,0.09574001282453537
101,blocks.49.conv1,0.08801393210887909
101,blocks.49.conv2,0.07952387630939484
101,mean_conv2d_grad_norm,0.022430729383768718
102,stem.0,0.07656664401292801
102,blocks.0.conv1,0.03669370710849762
102,blocks.0.conv2,0.017127592116594315
102,blocks.1.conv1,0.009119091555476189
102,blocks.1.conv2,0.010158431716263294
102,blocks.2.conv1,0.007327747531235218
102,blocks.2.conv2,0.007292501628398895
102,blocks.3.conv1,0.02218078263103962
102,blocks.3.conv2,0.03482666611671448
102,blocks.4.conv1,0.023219281807541847
102,blocks.4.conv2,0.02947375550866127
102,blocks.5.conv1,0.029192261397838593
102,blocks.5.conv2,0.022439202293753624
102,blocks.6.conv1,0.023476505652070045
102,blocks.6.conv2,0.026300029829144478
102,blocks.7.conv1,0.025628261268138885
102,blocks.7.conv2,0.018776558339595795
102,blocks.8.conv1,0.01609032042324543
102,blocks.8.conv2,0.021393196657299995
102,blocks.9.conv1,0.025927245616912842
102,blocks.9.conv2,0.027599167078733444
102,blocks.10.conv1,0.02461974322795868
102,blocks.10.conv2,0.03296085074543953
102,blocks.11.conv1,0.046331457793712616
102,blocks.11.conv2,0.02610842138528824
102,blocks.12.conv1,0.03418835625052452
102,blocks.12.conv2,0.036617256700992584
102,blocks.13.conv1,0.03394652158021927
102,blocks.13.conv2,0.02369857020676136
102,blocks.14.conv1,0.01735837571322918
102,blocks.14.conv2,0.024850880727171898
102,blocks.15.conv1,0.029521651566028595
102,blocks.15.conv2,0.0281597301363945
102,blocks.16.conv1,0.022380610927939415
102,blocks.16.conv2,0.02509492263197899
102,blocks.17.conv1,0.029782598838210106
102,blocks.17.conv2,0.02649769000709057
102,blocks.18.conv1,0.027173399925231934
102,blocks.18.conv2,0.026823731139302254
102,blocks.19.conv1,0.03141330927610397
102,blocks.19.conv2,0.017022084444761276
102,blocks.20.conv1,0.02317090332508087
102,blocks.20.conv2,0.019908757880330086
102,blocks.21.conv1,0.029345422983169556
102,blocks.21.conv2,0.024682603776454926
102,blocks.22.conv1,0.02410747855901718
102,blocks.22.conv2,0.027846327051520348
102,blocks.23.conv1,0.036051519215106964
102,blocks.23.conv2,0.03298202157020569
102,blocks.24.conv1,0.027957146987318993
102,blocks.24.conv2,0.027978260070085526
102,blocks.25.conv1,0.025485370308160782
102,blocks.25.conv2,0.030661024153232574
102,blocks.26.conv1,0.0345521979033947
102,blocks.26.conv2,0.032617103308439255
102,blocks.27.conv1,0.023098358884453773
102,blocks.27.conv2,0.03337947279214859
102,blocks.28.conv1,0.023789305239915848
102,blocks.28.conv2,0.030605219304561615
102,blocks.29.conv1,0.030446741729974747
102,blocks.29.conv2,0.03048340417444706
102,blocks.30.conv1,0.028508450835943222
102,blocks.30.conv2,0.024421555921435356
102,blocks.31.conv1,0.028872763738036156
102,blocks.31.conv2,0.025848327204585075
102,blocks.32.conv1,0.021849391981959343
102,blocks.32.conv2,0.019025901332497597
102,blocks.33.conv1,0.02284688502550125
102,blocks.33.conv2,0.025716738775372505
102,blocks.34.conv1,0.035431090742349625
102,blocks.34.conv2,0.03149358555674553
102,blocks.35.conv1,0.029056491330266
102,blocks.35.conv2,0.031007621437311172
102,blocks.36.conv1,0.029483098536729813
102,blocks.36.conv2,0.02960614114999771
102,blocks.37.conv1,0.02891312912106514
102,blocks.37.conv2,0.029734687879681587
102,blocks.38.conv1,0.036152731627225876
102,blocks.38.conv2,0.04058541730046272
102,blocks.39.conv1,0.03265443071722984
102,blocks.39.conv2,0.03463100269436836
102,blocks.40.conv1,0.03718135505914688
102,blocks.40.conv2,0.03624243289232254
102,blocks.41.conv1,0.04200708493590355
102,blocks.41.conv2,0.041312966495752335
102,blocks.42.conv1,0.03784433379769325
102,blocks.42.conv2,0.0507999062538147
102,blocks.43.conv1,0.05631600692868233
102,blocks.43.conv2,0.05464296042919159
102,blocks.44.conv1,0.06373823434114456
102,blocks.44.conv2,0.06293589621782303
102,blocks.45.conv1,0.07807207852602005
102,blocks.45.conv2,0.09165150672197342
102,blocks.46.conv1,0.08829183876514435
102,blocks.46.conv2,0.10488787293434143
102,blocks.47.conv1,0.10814689844846725
102,blocks.47.conv2,0.12210574746131897
102,blocks.48.conv1,0.11587603390216827
102,blocks.48.conv2,0.12207283079624176
102,blocks.49.conv1,0.1270764023065567
102,blocks.49.conv2,0.08885368704795837
102,mean_conv2d_grad_norm,0.037231715543582886
103,stem.0,0.06574583053588867
103,blocks.0.conv1,0.05440913885831833
103,blocks.0.conv2,0.01788673922419548
103,blocks.1.conv1,0.019498951733112335
103,blocks.1.conv2,0.026769163087010384
103,blocks.2.conv1,0.01744856685400009
103,blocks.2.conv2,0.019717073068022728
103,blocks.3.conv1,0.04142896831035614
103,blocks.3.conv2,0.03285391256213188
103,blocks.4.conv1,0.023145781829953194
103,blocks.4.conv2,0.020222241058945656
103,blocks.5.conv1,0.015255359001457691
103,blocks.5.conv2,0.016557328402996063
103,blocks.6.conv1,0.016267936676740646
103,blocks.6.conv2,0.019610289484262466
103,blocks.7.conv1,0.022027092054486275
103,blocks.7.conv2,0.01781448721885681
103,blocks.8.conv1,0.011142882518470287
103,blocks.8.conv2,0.015820378437638283
103,blocks.9.conv1,0.0202831719070673
103,blocks.9.conv2,0.019692974165081978
103,blocks.10.conv1,0.01161897275596857
103,blocks.10.conv2,0.013453499414026737
103,blocks.11.conv1,0.013334146700799465
103,blocks.11.conv2,0.013395964168012142
103,blocks.12.conv1,0.014153326861560345
103,blocks.12.conv2,0.017871031537652016
103,blocks.13.conv1,0.010612959042191505
103,blocks.13.conv2,0.011111590079963207
103,blocks.14.conv1,0.009385783225297928
103,blocks.14.conv2,0.010092274285852909
103,blocks.15.conv1,0.010826037265360355
103,blocks.15.conv2,0.012345229275524616
103,blocks.16.conv1,0.010883564129471779
103,blocks.16.conv2,0.00932686310261488
103,blocks.17.conv1,0.007059670519083738
103,blocks.17.conv2,0.007348068058490753
103,blocks.18.conv1,0.006189784500747919
103,blocks.18.conv2,0.007612353190779686
103,blocks.19.conv1,0.01249392144382
103,blocks.19.conv2,0.009944015182554722
103,blocks.20.conv1,0.011195973493158817
103,blocks.20.conv2,0.011321423575282097
103,blocks.21.conv1,0.011678246781229973
103,blocks.21.conv2,0.0108840586617589
103,blocks.22.conv1,0.012625589035451412
103,blocks.22.conv2,0.011715424247086048
103,blocks.23.conv1,0.016630681231617928
103,blocks.23.conv2,0.017873482778668404
103,blocks.24.conv1,0.0166362002491951
103,blocks.24.conv2,0.016533154994249344
103,blocks.25.conv1,0.014065130613744259
103,blocks.25.conv2,0.01760365627706051
103,blocks.26.conv1,0.015132756903767586
103,blocks.26.conv2,0.01181138213723898
103,blocks.27.conv1,0.010024769231677055
103,blocks.27.conv2,0.014845685102045536
103,blocks.28.conv1,0.011499368585646152
103,blocks.28.conv2,0.012602636590600014
103,blocks.29.conv1,0.010383270680904388
103,blocks.29.conv2,0.012220775708556175
103,blocks.30.conv1,0.012516177259385586
103,blocks.30.conv2,0.010728412307798862
103,blocks.31.conv1,0.012284639291465282
103,blocks.31.conv2,0.012132774107158184
103,blocks.32.conv1,0.01042849663645029
103,blocks.32.conv2,0.009950282983481884
103,blocks.33.conv1,0.009981678798794746
103,blocks.33.conv2,0.010039616376161575
103,blocks.34.conv1,0.007844118401408195
103,blocks.34.conv2,0.009090467356145382
103,blocks.35.conv1,0.010256212204694748
103,blocks.35.conv2,0.011643453501164913
103,blocks.36.conv1,0.0111573226749897
103,blocks.36.conv2,0.011751528829336166
103,blocks.37.conv1,0.010362168774008751
103,blocks.37.conv2,0.01397285982966423
103,blocks.38.conv1,0.014321485534310341
103,blocks.38.conv2,0.01801781915128231
103,blocks.39.conv1,0.013156053610146046
103,blocks.39.conv2,0.012959674000740051
103,blocks.40.conv1,0.013004767708480358
103,blocks.40.conv2,0.014550833962857723
103,blocks.41.conv1,0.019850650802254677
103,blocks.41.conv2,0.020334582775831223
103,blocks.42.conv1,0.018542766571044922
103,blocks.42.conv2,0.024245180189609528
103,blocks.43.conv1,0.03372911363840103
103,blocks.43.conv2,0.0385807566344738
103,blocks.44.conv1,0.04964207857847214
103,blocks.44.conv2,0.061972133815288544
103,blocks.45.conv1,0.06897667050361633
103,blocks.45.conv2,0.07476026564836502
103,blocks.46.conv1,0.0768437460064888
103,blocks.46.conv2,0.08461128920316696
103,blocks.47.conv1,0.10581372678279877
103,blocks.47.conv2,0.10520225763320923
103,blocks.48.conv1,0.09624197334051132
103,blocks.48.conv2,0.10249544680118561
103,blocks.49.conv1,0.1197558045387268
103,blocks.49.conv2,0.09761727601289749
103,mean_conv2d_grad_norm,0.02434957971667299
104,stem.0,0.03551338613033295
104,blocks.0.conv1,0.03192007914185524
104,blocks.0.conv2,0.015026485547423363
104,blocks.1.conv1,0.014472970739006996
104,blocks.1.conv2,0.01301496010273695
104,blocks.2.conv1,0.018333036452531815
104,blocks.2.conv2,0.015642954036593437
104,blocks.3.conv1,0.045002128928899765
104,blocks.3.conv2,0.03362121433019638
104,blocks.4.conv1,0.02986275404691696
104,blocks.4.conv2,0.04293335974216461
104,blocks.5.conv1,0.04459109157323837
104,blocks.5.conv2,0.04215943068265915
104,blocks.6.conv1,0.041653603315353394
104,blocks.6.conv2,0.04623492807149887
104,blocks.7.conv1,0.037499673664569855
104,blocks.7.conv2,0.04039532318711281
104,blocks.8.conv1,0.039355915039777756
104,blocks.8.conv2,0.05644942820072174
104,blocks.9.conv1,0.04840979725122452
104,blocks.9.conv2,0.05029689148068428
104,blocks.10.conv1,0.03053433448076248
104,blocks.10.conv2,0.03427177667617798
104,blocks.11.conv1,0.035681020468473434
104,blocks.11.conv2,0.028672799468040466
104,blocks.12.conv1,0.024994270876049995
104,blocks.12.conv2,0.03286653012037277
104,blocks.13.conv1,0.0314108170568943
104,blocks.13.conv2,0.031015854328870773
104,blocks.14.conv1,0.02768123708665371
104,blocks.14.conv2,0.03159317374229431
104,blocks.15.conv1,0.0340842679142952
104,blocks.15.conv2,0.036626022309064865
104,blocks.16.conv1,0.03579898178577423
104,blocks.16.conv2,0.028207365423440933
104,blocks.17.conv1,0.02954254299402237
104,blocks.17.conv2,0.03557620942592621
104,blocks.18.conv1,0.029053034260869026
104,blocks.18.conv2,0.027095293626189232
104,blocks.19.conv1,0.04413267597556114
104,blocks.19.conv2,0.030074432492256165
104,blocks.20.conv1,0.051495812833309174
104,blocks.20.conv2,0.03427564725279808
104,blocks.21.conv1,0.057143278419971466
104,blocks.21.conv2,0.043509162962436676
104,blocks.22.conv1,0.043928999453783035
104,blocks.22.conv2,0.04195708781480789
104,blocks.23.conv1,0.0477764755487442
104,blocks.23.conv2,0.04274927079677582
104,blocks.24.conv1,0.04174239560961723
104,blocks.24.conv2,0.03725234419107437
104,blocks.25.conv1,0.033794961869716644
104,blocks.25.conv2,0.03551887348294258
104,blocks.26.conv1,0.03792435675859451
104,blocks.26.conv2,0.03569689020514488
104,blocks.27.conv1,0.02718668058514595
104,blocks.27.conv2,0.032634392380714417
104,blocks.28.conv1,0.03019455261528492
104,blocks.28.conv2,0.03997315466403961
104,blocks.29.conv1,0.04075273498892784
104,blocks.29.conv2,0.03438799828290939
104,blocks.30.conv1,0.037369225174188614
104,blocks.30.conv2,0.03465951979160309
104,blocks.31.conv1,0.037131745368242264
104,blocks.31.conv2,0.03962799534201622
104,blocks.32.conv1,0.032804250717163086
104,blocks.32.conv2,0.028996387496590614
104,blocks.33.conv1,0.028029313310980797
104,blocks.33.conv2,0.0318247526884079
104,blocks.34.conv1,0.026781924068927765
104,blocks.34.conv2,0.027937930077314377
104,blocks.35.conv1,0.028439458459615707
104,blocks.35.conv2,0.029330311343073845
104,blocks.36.conv1,0.026325251907110214
104,blocks.36.conv2,0.0270568635314703
104,blocks.37.conv1,0.024615269154310226
104,blocks.37.conv2,0.029956014826893806
104,blocks.38.conv1,0.030158299952745438
104,blocks.38.conv2,0.049344759434461594
104,blocks.39.conv1,0.034633513540029526
104,blocks.39.conv2,0.032333578914403915
104,blocks.40.conv1,0.027308421209454536
104,blocks.40.conv2,0.026220574975013733
104,blocks.41.conv1,0.025921769440174103
104,blocks.41.conv2,0.028730062767863274
104,blocks.42.conv1,0.03293181583285332
104,blocks.42.conv2,0.037602499127388
104,blocks.43.conv1,0.050059713423252106
104,blocks.43.conv2,0.06219811365008354
104,blocks.44.conv1,0.07663675397634506
104,blocks.44.conv2,0.0839536190032959
104,blocks.45.conv1,0.07579002529382706
104,blocks.45.conv2,0.08280868828296661
104,blocks.46.conv1,0.09972269833087921
104,blocks.46.conv2,0.10709173232316971
104,blocks.47.conv1,0.11036577075719833
104,blocks.47.conv2,0.11719220131635666
104,blocks.48.conv1,0.11413588374853134
104,blocks.48.conv2,0.12481065094470978
104,blocks.49.conv1,0.12905259430408478
104,blocks.49.conv2,0.08694478124380112
104,mean_conv2d_grad_norm,0.04265378077173292
105,stem.0,0.19565360248088837
105,blocks.0.conv1,0.12995187938213348
105,blocks.0.conv2,0.049385298043489456
105,blocks.1.conv1,0.03448975458741188
105,blocks.1.conv2,0.03552466258406639
105,blocks.2.conv1,0.023775776848196983
105,blocks.2.conv2,0.023399794474244118
105,blocks.3.conv1,0.05498510226607323
105,blocks.3.conv2,0.05297999829053879
105,blocks.4.conv1,0.06425826251506805
105,blocks.4.conv2,0.07478698343038559
105,blocks.5.conv1,0.07294275611639023
105,blocks.5.conv2,0.07706234604120255
105,blocks.6.conv1,0.0668758675456047
105,blocks.6.conv2,0.06884781271219254
105,blocks.7.conv1,0.05933248996734619
105,blocks.7.conv2,0.04043794423341751
105,blocks.8.conv1,0.05437120050191879
105,blocks.8.conv2,0.08140352368354797
105,blocks.9.conv1,0.08935927599668503
105,blocks.9.conv2,0.05748513340950012
105,blocks.10.conv1,0.04026953876018524
105,blocks.10.conv2,0.04230339452624321
105,blocks.11.conv1,0.034549180418252945
105,blocks.11.conv2,0.029967883601784706
105,blocks.12.conv1,0.03314753621816635
105,blocks.12.conv2,0.04341625049710274
105,blocks.13.conv1,0.026786906644701958
105,blocks.13.conv2,0.020031606778502464
105,blocks.14.conv1,0.01917993277311325
105,blocks.14.conv2,0.03228522092103958
105,blocks.15.conv1,0.030656078830361366
105,blocks.15.conv2,0.03084852173924446
105,blocks.16.conv1,0.03020038641989231
105,blocks.16.conv2,0.024957669898867607
105,blocks.17.conv1,0.026017246767878532
105,blocks.17.conv2,0.02459174022078514
105,blocks.18.conv1,0.027446314692497253
105,blocks.18.conv2,0.028995031490921974
105,blocks.19.conv1,0.03926282748579979
105,blocks.19.conv2,0.021343687549233437
105,blocks.20.conv1,0.03328594192862511
105,blocks.20.conv2,0.023123329505324364
105,blocks.21.conv1,0.04905545338988304
105,blocks.21.conv2,0.03567369282245636
105,blocks.22.conv1,0.05014974623918533
105,blocks.22.conv2,0.04844749718904495
105,blocks.23.conv1,0.04283023998141289
105,blocks.23.conv2,0.04455702379345894
105,blocks.24.conv1,0.04564030095934868
105,blocks.24.conv2,0.04279915988445282
105,blocks.25.conv1,0.03943588212132454
105,blocks.25.conv2,0.041225630789995193
105,blocks.26.conv1,0.041034333407878876
105,blocks.26.conv2,0.04314591363072395
105,blocks.27.conv1,0.030373042449355125
105,blocks.27.conv2,0.04201747849583626
105,blocks.28.conv1,0.03613662347197533
105,blocks.28.conv2,0.027741819620132446
105,blocks.29.conv1,0.030948108062148094
105,blocks.29.conv2,0.025231221690773964
105,blocks.30.conv1,0.022441942244768143
105,blocks.30.conv2,0.017188377678394318
105,blocks.31.conv1,0.01934736780822277
105,blocks.31.conv2,0.018533309921622276
105,blocks.32.conv1,0.02200501039624214
105,blocks.32.conv2,0.018328415229916573
105,blocks.33.conv1,0.023834818974137306
105,blocks.33.conv2,0.028897138312458992
105,blocks.34.conv1,0.03436284884810448
105,blocks.34.conv2,0.02834436483681202
105,blocks.35.conv1,0.026362482458353043
105,blocks.35.conv2,0.02639116533100605
105,blocks.36.conv1,0.0282135047018528
105,blocks.36.conv2,0.032538823783397675
105,blocks.37.conv1,0.030353687703609467
105,blocks.37.conv2,0.0344155877828598
105,blocks.38.conv1,0.0438082180917263
105,blocks.38.conv2,0.04800475761294365
105,blocks.39.conv1,0.04162772372364998
105,blocks.39.conv2,0.037547651678323746
105,blocks.40.conv1,0.0416116788983345
105,blocks.40.conv2,0.04135874658823013
105,blocks.41.conv1,0.048561688512563705
105,blocks.41.conv2,0.04365655407309532
105,blocks.42.conv1,0.03314165771007538
105,blocks.42.conv2,0.03301401436328888
105,blocks.43.conv1,0.03801603987812996
105,blocks.43.conv2,0.052052851766347885
105,blocks.44.conv1,0.0661655068397522
105,blocks.44.conv2,0.07889993488788605
105,blocks.45.conv1,0.0881497859954834
105,blocks.45.conv2,0.10273958742618561
105,blocks.46.conv1,0.10921309888362885
105,blocks.46.conv2,0.1366427093744278
105,blocks.47.conv1,0.14219872653484344
105,blocks.47.conv2,0.15433406829833984
105,blocks.48.conv1,0.156352236866951
105,blocks.48.conv2,0.16104267537593842
105,blocks.49.conv1,0.17063474655151367
105,blocks.49.conv2,0.12632182240486145
105,mean_conv2d_grad_norm,0.051416576129965266
106,stem.0,0.03903768211603165
106,blocks.0.conv1,0.01796567812561989
106,blocks.0.conv2,0.011770633980631828
106,blocks.1.conv1,0.011079363524913788
106,blocks.1.conv2,0.008311077952384949
106,blocks.2.conv1,0.0077461665496230125
106,blocks.2.conv2,0.006594622042030096
106,blocks.3.conv1,0.012715852819383144
106,blocks.3.conv2,0.01460506021976471
106,blocks.4.conv1,0.009238670580089092
106,blocks.4.conv2,0.015922589227557182
106,blocks.5.conv1,0.019795112311840057
106,blocks.5.conv2,0.012903237715363503
106,blocks.6.conv1,0.015759283676743507
106,blocks.6.conv2,0.015046859160065651
106,blocks.7.conv1,0.011420287191867828
106,blocks.7.conv2,0.01784767583012581
106,blocks.8.conv1,0.015760086476802826
106,blocks.8.conv2,0.029866093769669533
106,blocks.9.conv1,0.023540634661912918
106,blocks.9.conv2,0.03139467164874077
106,blocks.10.conv1,0.02443261444568634
106,blocks.10.conv2,0.021195735782384872
106,blocks.11.conv1,0.01607500948011875
106,blocks.11.conv2,0.026791095733642578
106,blocks.12.conv1,0.025776101276278496
106,blocks.12.conv2,0.020777100697159767
106,blocks.13.conv1,0.020386597141623497
106,blocks.13.conv2,0.01828410103917122
106,blocks.14.conv1,0.014321514405310154
106,blocks.14.conv2,0.01635950803756714
106,blocks.15.conv1,0.02077891118824482
106,blocks.15.conv2,0.015420238487422466
106,blocks.16.conv1,0.013835235498845577
106,blocks.16.conv2,0.013737356290221214
106,blocks.17.conv1,0.013247651048004627
106,blocks.17.conv2,0.015020402148365974
106,blocks.18.conv1,0.016214020550251007
106,blocks.18.conv2,0.01737345941364765
106,blocks.19.conv1,0.01866137981414795
106,blocks.19.conv2,0.014630447141826153
106,blocks.20.conv1,0.01585574634373188
106,blocks.20.conv2,0.016138453036546707
106,blocks.21.conv1,0.019314764067530632
106,blocks.21.conv2,0.01988796330988407
106,blocks.22.conv1,0.026100071147084236
106,blocks.22.conv2,0.02999274991452694
106,blocks.23.conv1,0.02663462981581688
106,blocks.23.conv2,0.028941260650753975
106,blocks.24.conv1,0.026027729734778404
106,blocks.24.conv2,0.027504101395606995
106,blocks.25.conv1,0.026444915682077408
106,blocks.25.conv2,0.02870892733335495
106,blocks.26.conv1,0.028116004541516304
106,blocks.26.conv2,0.027168212458491325
106,blocks.27.conv1,0.020090831443667412
106,blocks.27.conv2,0.025302665308117867
106,blocks.28.conv1,0.019473157823085785
106,blocks.28.conv2,0.019617782905697823
106,blocks.29.conv1,0.018518226221203804
106,blocks.29.conv2,0.015506181865930557
106,blocks.30.conv1,0.01890520006418228
106,blocks.30.conv2,0.013430793769657612
106,blocks.31.conv1,0.016338059678673744
106,blocks.31.conv2,0.01749556139111519
106,blocks.32.conv1,0.01638885773718357
106,blocks.32.conv2,0.01373028289526701
106,blocks.33.conv1,0.013716932386159897
106,blocks.33.conv2,0.016199413686990738
106,blocks.34.conv1,0.014224836602807045
106,blocks.34.conv2,0.017755603417754173
106,blocks.35.conv1,0.021371833980083466
106,blocks.35.conv2,0.022060655057430267
106,blocks.36.conv1,0.02162192575633526
106,blocks.36.conv2,0.02302665263414383
106,blocks.37.conv1,0.021116333082318306
106,blocks.37.conv2,0.024169249460101128
106,blocks.38.conv1,0.028636012226343155
106,blocks.38.conv2,0.032768767327070236
106,blocks.39.conv1,0.028891712427139282
106,blocks.39.conv2,0.026046331971883774
106,blocks.40.conv1,0.02334330976009369
106,blocks.40.conv2,0.021467940881848335
106,blocks.41.conv1,0.022753072902560234
106,blocks.41.conv2,0.02800915203988552
106,blocks.42.conv1,0.03615168482065201
106,blocks.42.conv2,0.043538082391023636
106,blocks.43.conv1,0.05402256175875664
106,blocks.43.conv2,0.049338895827531815
106,blocks.44.conv1,0.06512054800987244
106,blocks.44.conv2,0.07540233433246613
106,blocks.45.conv1,0.0901736319065094
106,blocks.45.conv2,0.11281605064868927
106,blocks.46.conv1,0.10079872608184814
106,blocks.46.conv2,0.1280517727136612
106,blocks.47.conv1,0.12256747484207153
106,blocks.47.conv2,0.1464935690164566
106,blocks.48.conv1,0.13590779900550842
106,blocks.48.conv2,0.13135667145252228
106,blocks.49.conv1,0.13941434025764465
106,blocks.49.conv2,0.10530473291873932
106,mean_conv2d_grad_norm,0.031850609518034326
107,stem.0,0.019875168800354004
107,blocks.0.conv1,0.010248313657939434
107,blocks.0.conv2,0.005097165238112211
107,blocks.1.conv1,0.005449837073683739
107,blocks.1.conv2,0.005081227980554104
107,blocks.2.conv1,0.003804423613473773
107,blocks.2.conv2,0.006879780441522598
107,blocks.3.conv1,0.01520534697920084
107,blocks.3.conv2,0.015397858805954456
107,blocks.4.conv1,0.011234290897846222
107,blocks.4.conv2,0.020099185407161713
107,blocks.5.conv1,0.01616598106920719
107,blocks.5.conv2,0.01464203279465437
107,blocks.6.conv1,0.017729267477989197
107,blocks.6.conv2,0.011901779100298882
107,blocks.7.conv1,0.015642471611499786
107,blocks.7.conv2,0.016824349761009216
107,blocks.8.conv1,0.010779731906950474
107,blocks.8.conv2,0.012572446838021278
107,blocks.9.conv1,0.011211504228413105
107,blocks.9.conv2,0.01524658128619194
107,blocks.10.conv1,0.019744787365198135
107,blocks.10.conv2,0.0285357553511858
107,blocks.11.conv1,0.019436608999967575
107,blocks.11.conv2,0.019930990412831306
107,blocks.12.conv1,0.025324299931526184
107,blocks.12.conv2,0.034158892929553986
107,blocks.13.conv1,0.021088900044560432
107,blocks.13.conv2,0.027677733451128006
107,blocks.14.conv1,0.021444732323288918
107,blocks.14.conv2,0.02002047561109066
107,blocks.15.conv1,0.02349301613867283
107,blocks.15.conv2,0.024228811264038086
107,blocks.16.conv1,0.023067403584718704
107,blocks.16.conv2,0.019468413665890694
107,blocks.17.conv1,0.017996754497289658
107,blocks.17.conv2,0.02117213048040867
107,blocks.18.conv1,0.02057487890124321
107,blocks.18.conv2,0.019590366631746292
107,blocks.19.conv1,0.02758367732167244
107,blocks.19.conv2,0.01802152581512928
107,blocks.20.conv1,0.022279728204011917
107,blocks.20.conv2,0.018087314441800117
107,blocks.21.conv1,0.030490612611174583
107,blocks.21.conv2,0.021667154505848885
107,blocks.22.conv1,0.01859871670603752
107,blocks.22.conv2,0.027155183255672455
107,blocks.23.conv1,0.029771320521831512
107,blocks.23.conv2,0.02606414444744587
107,blocks.24.conv1,0.023770771920681
107,blocks.24.conv2,0.026935230940580368
107,blocks.25.conv1,0.02941444329917431
107,blocks.25.conv2,0.027320608496665955
107,blocks.26.conv1,0.031695377081632614
107,blocks.26.conv2,0.032996535301208496
107,blocks.27.conv1,0.027261238545179367
107,blocks.27.conv2,0.03293396905064583
107,blocks.28.conv1,0.023575665429234505
107,blocks.28.conv2,0.027019107714295387
107,blocks.29.conv1,0.024691598489880562
107,blocks.29.conv2,0.023637117817997932
107,blocks.30.conv1,0.027940958738327026
107,blocks.30.conv2,0.022279011085629463
107,blocks.31.conv1,0.024013577029109
107,blocks.31.conv2,0.022934479638934135
107,blocks.32.conv1,0.02365656942129135
107,blocks.32.conv2,0.027764245867729187
107,blocks.33.conv1,0.025725051760673523
107,blocks.33.conv2,0.030624505132436752
107,blocks.34.conv1,0.03640848398208618
107,blocks.34.conv2,0.03186022862792015
107,blocks.35.conv1,0.037941355258226395
107,blocks.35.conv2,0.037172961980104446
107,blocks.36.conv1,0.043305087834596634
107,blocks.36.conv2,0.04339787736535072
107,blocks.37.conv1,0.04292970523238182
107,blocks.37.conv2,0.04110325872898102
107,blocks.38.conv1,0.045199256390333176
107,blocks.38.conv2,0.05296572670340538
107,blocks.39.conv1,0.03944113850593567
107,blocks.39.conv2,0.03575414419174194
107,blocks.40.conv1,0.03531350940465927
107,blocks.40.conv2,0.033135391771793365
107,blocks.41.conv1,0.03638693317770958
107,blocks.41.conv2,0.03959490731358528
107,blocks.42.conv1,0.046471983194351196
107,blocks.42.conv2,0.05006830394268036
107,blocks.43.conv1,0.057175133377313614
107,blocks.43.conv2,0.06148507073521614
107,blocks.44.conv1,0.07013098150491714
107,blocks.44.conv2,0.07381899654865265
107,blocks.45.conv1,0.07969317585229874
107,blocks.45.conv2,0.08503264933824539
107,blocks.46.conv1,0.09396481513977051
107,blocks.46.conv2,0.10702113807201385
107,blocks.47.conv1,0.1266634315252304
107,blocks.47.conv2,0.14353035390377045
107,blocks.48.conv1,0.1501363217830658
107,blocks.48.conv2,0.1490914672613144
107,blocks.49.conv1,0.16302527487277985
107,blocks.49.conv2,0.13007354736328125
107,mean_conv2d_grad_norm,0.03626975988148536
108,stem.0,0.03675006702542305
108,blocks.0.conv1,0.022455187514424324
108,blocks.0.conv2,0.012417716905474663
108,blocks.1.conv1,0.015555103309452534
108,blocks.1.conv2,0.011669985018670559
108,blocks.2.conv1,0.013507711701095104
108,blocks.2.conv2,0.007625802420079708
108,blocks.3.conv1,0.017629100009799004
108,blocks.3.conv2,0.016710931435227394
108,blocks.4.conv1,0.015968110412359238
108,blocks.4.conv2,0.034492071717977524
108,blocks.5.conv1,0.03762289136648178
108,blocks.5.conv2,0.02636207826435566
108,blocks.6.conv1,0.024802319705486298
108,blocks.6.conv2,0.023853696882724762
108,blocks.7.conv1,0.022211777046322823
108,blocks.7.conv2,0.03155190125107765
108,blocks.8.conv1,0.025602877140045166
108,blocks.8.conv2,0.02665504813194275
108,blocks.9.conv1,0.023869765922427177
108,blocks.9.conv2,0.0346163734793663
108,blocks.10.conv1,0.025446902960538864
108,blocks.10.conv2,0.022291650995612144
108,blocks.11.conv1,0.023335030302405357
108,blocks.11.conv2,0.02322503551840782
108,blocks.12.conv1,0.022547239437699318
108,blocks.12.conv2,0.025324374437332153
108,blocks.13.conv1,0.029809297993779182
108,blocks.13.conv2,0.02257540076971054
108,blocks.14.conv1,0.019685136154294014
108,blocks.14.conv2,0.028364278376102448
108,blocks.15.conv1,0.02818159945309162
108,blocks.15.conv2,0.027144722640514374
108,blocks.16.conv1,0.028142191469669342
108,blocks.16.conv2,0.021021876484155655
108,blocks.17.conv1,0.02466369792819023
108,blocks.17.conv2,0.02320743352174759
108,blocks.18.conv1,0.02426830679178238
108,blocks.18.conv2,0.022132502868771553
108,blocks.19.conv1,0.03024858795106411
108,blocks.19.conv2,0.023075681179761887
108,blocks.20.conv1,0.02960314229130745
108,blocks.20.conv2,0.022429438307881355
108,blocks.21.conv1,0.02398126758635044
108,blocks.21.conv2,0.023529883474111557
108,blocks.22.conv1,0.021219860762357712
108,blocks.22.conv2,0.023164762184023857
108,blocks.23.conv1,0.027872145175933838
108,blocks.23.conv2,0.029539596289396286
108,blocks.24.conv1,0.029422122985124588
108,blocks.24.conv2,0.03101731464266777
108,blocks.25.conv1,0.03545794636011124
108,blocks.25.conv2,0.03146502003073692
108,blocks.26.conv1,0.03456742316484451
108,blocks.26.conv2,0.0365697517991066
108,blocks.27.conv1,0.029718434438109398
108,blocks.27.conv2,0.04071168974041939
108,blocks.28.conv1,0.03364965319633484
108,blocks.28.conv2,0.03821045532822609
108,blocks.29.conv1,0.04169252887368202
108,blocks.29.conv2,0.036167409271001816
108,blocks.30.conv1,0.041251346468925476
108,blocks.30.conv2,0.04709183797240257
108,blocks.31.conv1,0.03531507030129433
108,blocks.31.conv2,0.041657354682683945
108,blocks.32.conv1,0.04771943390369415
108,blocks.32.conv2,0.05202297866344452
108,blocks.33.conv1,0.040249068289995193
108,blocks.33.conv2,0.046102359890937805
108,blocks.34.conv1,0.039383791387081146
108,blocks.34.conv2,0.030751120299100876
108,blocks.35.conv1,0.04091133549809456
108,blocks.35.conv2,0.03561171516776085
108,blocks.36.conv1,0.03733952343463898
108,blocks.36.conv2,0.04294734448194504
108,blocks.37.conv1,0.035210639238357544
108,blocks.37.conv2,0.03877882659435272
108,blocks.38.conv1,0.05474189296364784
108,blocks.38.conv2,0.05882987380027771
108,blocks.39.conv1,0.04794326052069664
108,blocks.39.conv2,0.04285963624715805
108,blocks.40.conv1,0.03849212825298309
108,blocks.40.conv2,0.03318788856267929
108,blocks.41.conv1,0.03454415127635002
108,blocks.41.conv2,0.0402756929397583
108,blocks.42.conv1,0.04743783548474312
108,blocks.42.conv2,0.053522415459156036
108,blocks.43.conv1,0.051863089203834534
108,blocks.43.conv2,0.059102002531290054
108,blocks.44.conv1,0.06396683305501938
108,blocks.44.conv2,0.06955774128437042
108,blocks.45.conv1,0.07502703368663788
108,blocks.45.conv2,0.08342087268829346
108,blocks.46.conv1,0.08431240171194077
108,blocks.46.conv2,0.10589691996574402
108,blocks.47.conv1,0.11294045299291611
108,blocks.47.conv2,0.1268230676651001
108,blocks.48.conv1,0.1232006847858429
108,blocks.48.conv2,0.10606294870376587
108,blocks.49.conv1,0.11644493043422699
108,blocks.49.conv2,0.09109735488891602
108,mean_conv2d_grad_norm,0.03931194222947158
109,stem.0,0.023050492629408836
109,blocks.0.conv1,0.017200404778122902
109,blocks.0.conv2,0.0074063632637262344
109,blocks.1.conv1,0.016440972685813904
109,blocks.1.conv2,0.009680400602519512
109,blocks.2.conv1,0.011596955358982086
109,blocks.2.conv2,0.011848618276417255
109,blocks.3.conv1,0.02735544554889202
109,blocks.3.conv2,0.02585926093161106
109,blocks.4.conv1,0.019044525921344757
109,blocks.4.conv2,0.03510601818561554
109,blocks.5.conv1,0.04443150758743286
109,blocks.5.conv2,0.024660708382725716
109,blocks.6.conv1,0.025798941031098366
109,blocks.6.conv2,0.019463127478957176
109,blocks.7.conv1,0.025047900155186653
109,blocks.7.conv2,0.028291314840316772
109,blocks.8.conv1,0.01942181959748268
109,blocks.8.conv2,0.01824650540947914
109,blocks.9.conv1,0.02505018189549446
109,blocks.9.conv2,0.03267562761902809
109,blocks.10.conv1,0.035166844725608826
109,blocks.10.conv2,0.02572634257376194
109,blocks.11.conv1,0.03742554411292076
109,blocks.11.conv2,0.0266994871199131
109,blocks.12.conv1,0.029210347682237625
109,blocks.12.conv2,0.035647377371788025
109,blocks.13.conv1,0.03190232813358307
109,blocks.13.conv2,0.03343157470226288
109,blocks.14.conv1,0.02264592982828617
109,blocks.14.conv2,0.020500266924500465
109,blocks.15.conv1,0.019542399793863297
109,blocks.15.conv2,0.021014021709561348
109,blocks.16.conv1,0.018247924745082855
109,blocks.16.conv2,0.015150697901844978
109,blocks.17.conv1,0.01122714951634407
109,blocks.17.conv2,0.01491472590714693
109,blocks.18.conv1,0.01625143736600876
109,blocks.18.conv2,0.0159858837723732
109,blocks.19.conv1,0.02429681085050106
109,blocks.19.conv2,0.01579589769244194
109,blocks.20.conv1,0.0253276564180851
109,blocks.20.conv2,0.020282957702875137
109,blocks.21.conv1,0.018767986446619034
109,blocks.21.conv2,0.031406521797180176
109,blocks.22.conv1,0.03192700073122978
109,blocks.22.conv2,0.03696601092815399
109,blocks.23.conv1,0.030218107625842094
109,blocks.23.conv2,0.03762827068567276
109,blocks.24.conv1,0.035990625619888306
109,blocks.24.conv2,0.04216542840003967
109,blocks.25.conv1,0.036471571773290634
109,blocks.25.conv2,0.034327469766139984
109,blocks.26.conv1,0.034690629690885544
109,blocks.26.conv2,0.036714840680360794
109,blocks.27.conv1,0.03420242667198181
109,blocks.27.conv2,0.04664688557386398
109,blocks.28.conv1,0.028858289122581482
109,blocks.28.conv2,0.027005242183804512
109,blocks.29.conv1,0.029367608949542046
109,blocks.29.conv2,0.037621963769197464
109,blocks.30.conv1,0.038074832409620285
109,blocks.30.conv2,0.03781425952911377
109,blocks.31.conv1,0.04377678409218788
109,blocks.31.conv2,0.03293384611606598
109,blocks.32.conv1,0.03486907109618187
109,blocks.32.conv2,0.03790143504738808
109,blocks.33.conv1,0.03899460658431053
109,blocks.33.conv2,0.03918919339776039
109,blocks.34.conv1,0.03204486891627312
109,blocks.34.conv2,0.032943811267614365
109,blocks.35.conv1,0.037657320499420166
109,blocks.35.conv2,0.033974483609199524
109,blocks.36.conv1,0.03526972234249115
109,blocks.36.conv2,0.03895057737827301
109,blocks.37.conv1,0.031147124245762825
109,blocks.37.conv2,0.03968404605984688
109,blocks.38.conv1,0.04424280673265457
109,blocks.38.conv2,0.06302224099636078
109,blocks.39.conv1,0.05151352658867836
109,blocks.39.conv2,0.04725585877895355
109,blocks.40.conv1,0.03739132732152939
109,blocks.40.conv2,0.03056226298213005
109,blocks.41.conv1,0.039133600890636444
109,blocks.41.conv2,0.040715549141168594
109,blocks.42.conv1,0.04501522332429886
109,blocks.42.conv2,0.061226438730955124
109,blocks.43.conv1,0.0751030370593071
109,blocks.43.conv2,0.08968332409858704
109,blocks.44.conv1,0.08934658020734787
109,blocks.44.conv2,0.08980552107095718
109,blocks.45.conv1,0.09840067476034164
109,blocks.45.conv2,0.10827255994081497
109,blocks.46.conv1,0.09777194261550903
109,blocks.46.conv2,0.09941902756690979
109,blocks.47.conv1,0.10890205949544907
109,blocks.47.conv2,0.12832657992839813
109,blocks.48.conv1,0.12104368209838867
109,blocks.48.conv2,0.1476050168275833
109,blocks.49.conv1,0.165493443608284
109,blocks.49.conv2,0.10949861258268356
109,mean_conv2d_grad_norm,0.04127746989194414
110,stem.0,0.012971886433660984
110,blocks.0.conv1,0.0064867958426475525
110,blocks.0.conv2,0.006366243585944176
110,blocks.1.conv1,0.007987557910382748
110,blocks.1.conv2,0.006744380574673414
110,blocks.2.conv1,0.0066610886715352535
110,blocks.2.conv2,0.006018069107085466
110,blocks.3.conv1,0.02139151655137539
110,blocks.3.conv2,0.014861325733363628
110,blocks.4.conv1,0.012614112347364426
110,blocks.4.conv2,0.017042070627212524
110,blocks.5.conv1,0.021935248747467995
110,blocks.5.conv2,0.01640406996011734
110,blocks.6.conv1,0.02106250450015068
110,blocks.6.conv2,0.018904728814959526
110,blocks.7.conv1,0.018266845494508743
110,blocks.7.conv2,0.016241496428847313
110,blocks.8.conv1,0.01605491153895855
110,blocks.8.conv2,0.02576778270304203
110,blocks.9.conv1,0.014959149062633514
110,blocks.9.conv2,0.02227308601140976
110,blocks.10.conv1,0.03291606530547142
110,blocks.10.conv2,0.022484054788947105
110,blocks.11.conv1,0.019312554970383644
110,blocks.11.conv2,0.014619394205510616
110,blocks.12.conv1,0.019588815048336983
110,blocks.12.conv2,0.026607418432831764
110,blocks.13.conv1,0.027491237968206406
110,blocks.13.conv2,0.02060498110949993
110,blocks.14.conv1,0.013105238787829876
110,blocks.14.conv2,0.019090913236141205
110,blocks.15.conv1,0.02069731615483761
110,blocks.15.conv2,0.017847659066319466
110,blocks.16.conv1,0.01719929464161396
110,blocks.16.conv2,0.01786937192082405
110,blocks.17.conv1,0.01848921924829483
110,blocks.17.conv2,0.018067466095089912
110,blocks.18.conv1,0.020039964467287064
110,blocks.18.conv2,0.0201058778911829
110,blocks.19.conv1,0.029434533789753914
110,blocks.19.conv2,0.01850670948624611
110,blocks.20.conv1,0.021707020699977875
110,blocks.20.conv2,0.026331285014748573
110,blocks.21.conv1,0.024086089804768562
110,blocks.21.conv2,0.033121079206466675
110,blocks.22.conv1,0.030261991545557976
110,blocks.22.conv2,0.03590570390224457
110,blocks.23.conv1,0.028953438624739647
110,blocks.23.conv2,0.03589058667421341
110,blocks.24.conv1,0.033446136862039566
110,blocks.24.conv2,0.03769734129309654
110,blocks.25.conv1,0.028611160814762115
110,blocks.25.conv2,0.027651159092783928
110,blocks.26.conv1,0.0262619536370039
110,blocks.26.conv2,0.025264013558626175
110,blocks.27.conv1,0.025890538468956947
110,blocks.27.conv2,0.030627259984612465
110,blocks.28.conv1,0.027700776234269142
110,blocks.28.conv2,0.026147667318582535
110,blocks.29.conv1,0.03105904906988144
110,blocks.29.conv2,0.026905974373221397
110,blocks.30.conv1,0.0345441997051239
110,blocks.30.conv2,0.03196290507912636
110,blocks.31.conv1,0.028302833437919617
110,blocks.31.conv2,0.025873534381389618
110,blocks.32.conv1,0.026938611641526222
110,blocks.32.conv2,0.029633978381752968
110,blocks.33.conv1,0.02819044329226017
110,blocks.33.conv2,0.026263274252414703
110,blocks.34.conv1,0.02636980079114437
110,blocks.34.conv2,0.025983693078160286
110,blocks.35.conv1,0.03183576092123985
110,blocks.35.conv2,0.04204396903514862
110,blocks.36.conv1,0.03804059699177742
110,blocks.36.conv2,0.06015969440340996
110,blocks.37.conv1,0.037680089473724365
110,blocks.37.conv2,0.04115280508995056
110,blocks.38.conv1,0.052551593631505966
110,blocks.38.conv2,0.05104298144578934
110,blocks.39.conv1,0.03492196276783943
110,blocks.39.conv2,0.025716640055179596
110,blocks.40.conv1,0.030062442645430565
110,blocks.40.conv2,0.026346104219555855
110,blocks.41.conv1,0.028379283845424652
110,blocks.41.conv2,0.03320418298244476
110,blocks.42.conv1,0.03728741407394409
110,blocks.42.conv2,0.05112909525632858
110,blocks.43.conv1,0.05924023315310478
110,blocks.43.conv2,0.07467401027679443
110,blocks.44.conv1,0.096382275223732
110,blocks.44.conv2,0.11185616999864578
110,blocks.45.conv1,0.1006884053349495
110,blocks.45.conv2,0.11367958784103394
110,blocks.46.conv1,0.14095404744148254
110,blocks.46.conv2,0.14000871777534485
110,blocks.47.conv1,0.16240236163139343
110,blocks.47.conv2,0.20055000483989716
110,blocks.48.conv1,0.16682642698287964
110,blocks.48.conv2,0.17869791388511658
110,blocks.49.conv1,0.20334623754024506
110,blocks.49.conv2,0.148645281791687
110,mean_conv2d_grad_norm,0.04071468067364675
111,stem.0,0.050897665321826935
111,blocks.0.conv1,0.03305397182703018
111,blocks.0.conv2,0.020568694919347763
111,blocks.1.conv1,0.04224223271012306
111,blocks.1.conv2,0.012708337977528572
111,blocks.2.conv1,0.010928663425147533
111,blocks.2.conv2,0.010378539562225342
111,blocks.3.conv1,0.0189526230096817
111,blocks.3.conv2,0.01820136234164238
111,blocks.4.conv1,0.018800882622599602
111,blocks.4.conv2,0.028091536834836006
111,blocks.5.conv1,0.04048752412199974
111,blocks.5.conv2,0.02303626760840416
111,blocks.6.conv1,0.024276355281472206
111,blocks.6.conv2,0.01610354520380497
111,blocks.7.conv1,0.01023006159812212
111,blocks.7.conv2,0.019044118002057076
111,blocks.8.conv1,0.017730964347720146
111,blocks.8.conv2,0.02653198316693306
111,blocks.9.conv1,0.025394093245267868
111,blocks.9.conv2,0.03730408102273941
111,blocks.10.conv1,0.03626887500286102
111,blocks.10.conv2,0.03157849237322807
111,blocks.11.conv1,0.03382019326090813
111,blocks.11.conv2,0.027009092271327972
111,blocks.12.conv1,0.026166709139943123
111,blocks.12.conv2,0.02851129323244095
111,blocks.13.conv1,0.030483970418572426
111,blocks.13.conv2,0.020846234634518623
111,blocks.14.conv1,0.013821225613355637
111,blocks.14.conv2,0.023923778906464577
111,blocks.15.conv1,0.02852817438542843
111,blocks.15.conv2,0.027681028470396996
111,blocks.16.conv1,0.024615401402115822
111,blocks.16.conv2,0.020344378426671028
111,blocks.17.conv1,0.017726661637425423
111,blocks.17.conv2,0.022327620536088943
111,blocks.18.conv1,0.025488421320915222
111,blocks.18.conv2,0.024622661992907524
111,blocks.19.conv1,0.03260083869099617
111,blocks.19.conv2,0.01995229907333851
111,blocks.20.conv1,0.04371795430779457
111,blocks.20.conv2,0.022473515942692757
111,blocks.21.conv1,0.020997442305088043
111,blocks.21.conv2,0.0332041010260582
111,blocks.22.conv1,0.029241250827908516
111,blocks.22.conv2,0.0370304100215435
111,blocks.23.conv1,0.029394080862402916
111,blocks.23.conv2,0.029343225061893463
111,blocks.24.conv1,0.02768588252365589
111,blocks.24.conv2,0.030859479680657387
111,blocks.25.conv1,0.029082724824547768
111,blocks.25.conv2,0.026656776666641235
111,blocks.26.conv1,0.029463820159435272
111,blocks.26.conv2,0.030799856409430504
111,blocks.27.conv1,0.03269548341631889
111,blocks.27.conv2,0.03617329150438309
111,blocks.28.conv1,0.029846251010894775
111,blocks.28.conv2,0.02802201360464096
111,blocks.29.conv1,0.03828033432364464
111,blocks.29.conv2,0.03152269870042801
111,blocks.30.conv1,0.042172230780124664
111,blocks.30.conv2,0.0420716255903244
111,blocks.31.conv1,0.038450855761766434
111,blocks.31.conv2,0.036172956228256226
111,blocks.32.conv1,0.04299924150109291
111,blocks.32.conv2,0.041821856051683426
111,blocks.33.conv1,0.03279183432459831
111,blocks.33.conv2,0.03483617678284645
111,blocks.34.conv1,0.032069217413663864
111,blocks.34.conv2,0.027557827532291412
111,blocks.35.conv1,0.03011268749833107
111,blocks.35.conv2,0.02970808930695057
111,blocks.36.conv1,0.02976190485060215
111,blocks.36.conv2,0.03234044834971428
111,blocks.37.conv1,0.030848512426018715
111,blocks.37.conv2,0.03698669746518135
111,blocks.38.conv1,0.04616609588265419
111,blocks.38.conv2,0.049445368349552155
111,blocks.39.conv1,0.03673509880900383
111,blocks.39.conv2,0.0261190515011549
111,blocks.40.conv1,0.02781916968524456
111,blocks.40.conv2,0.02970561943948269
111,blocks.41.conv1,0.03269962593913078
111,blocks.41.conv2,0.041187889873981476
111,blocks.42.conv1,0.04754381999373436
111,blocks.42.conv2,0.05185370892286301
111,blocks.43.conv1,0.06194309517741203
111,blocks.43.conv2,0.07472267746925354
111,blocks.44.conv1,0.09026515483856201
111,blocks.44.conv2,0.11271534115076065
111,blocks.45.conv1,0.12047825008630753
111,blocks.45.conv2,0.14389295876026154
111,blocks.46.conv1,0.1558607965707779
111,blocks.46.conv2,0.1784673035144806
111,blocks.47.conv1,0.17415831983089447
111,blocks.47.conv2,0.1940506398677826
111,blocks.48.conv1,0.18902280926704407
111,blocks.48.conv2,0.1915414035320282
111,blocks.49.conv1,0.1910230666399002
111,blocks.49.conv2,0.14858035743236542
111,mean_conv2d_grad_norm,0.045687833985332216
112,stem.0,0.010988232679665089
112,blocks.0.conv1,0.011644777841866016
112,blocks.0.conv2,0.010806117206811905
112,blocks.1.conv1,0.030514800921082497
112,blocks.1.conv2,0.02663150615990162
112,blocks.2.conv1,0.010950273834168911
112,blocks.2.conv2,0.009248288348317146
112,blocks.3.conv1,0.01830868609249592
112,blocks.3.conv2,0.01800474338233471
112,blocks.4.conv1,0.01888384483754635
112,blocks.4.conv2,0.03706610947847366
112,blocks.5.conv1,0.03565971925854683
112,blocks.5.conv2,0.01931840367615223
112,blocks.6.conv1,0.02070365659892559
112,blocks.6.conv2,0.026881704106926918
112,blocks.7.conv1,0.030090682208538055
112,blocks.7.conv2,0.025230398401618004
112,blocks.8.conv1,0.021542970091104507
112,blocks.8.conv2,0.017127005383372307
112,blocks.9.conv1,0.023136282339692116
112,blocks.9.conv2,0.024156831204891205
112,blocks.10.conv1,0.025912610813975334
112,blocks.10.conv2,0.02769310213625431
112,blocks.11.conv1,0.025613242760300636
112,blocks.11.conv2,0.022242577746510506
112,blocks.12.conv1,0.026195168495178223
112,blocks.12.conv2,0.02642042189836502
112,blocks.13.conv1,0.023143509402871132
112,blocks.13.conv2,0.019323062151670456
112,blocks.14.conv1,0.01594744808971882
112,blocks.14.conv2,0.018720118328928947
112,blocks.15.conv1,0.022855162620544434
112,blocks.15.conv2,0.019239304587244987
112,blocks.16.conv1,0.023438313975930214
112,blocks.16.conv2,0.024162331596016884
112,blocks.17.conv1,0.029413921758532524
112,blocks.17.conv2,0.022106477990746498
112,blocks.18.conv1,0.024136751890182495
112,blocks.18.conv2,0.019067002460360527
112,blocks.19.conv1,0.02963910438120365
112,blocks.19.conv2,0.020843885838985443
112,blocks.20.conv1,0.025124765932559967
112,blocks.20.conv2,0.02474033087491989
112,blocks.21.conv1,0.015011233277618885
112,blocks.21.conv2,0.01745995320379734
112,blocks.22.conv1,0.02347666770219803
112,blocks.22.conv2,0.030622418969869614
112,blocks.23.conv1,0.03111208602786064
112,blocks.23.conv2,0.029845118522644043
112,blocks.24.conv1,0.02572762407362461
112,blocks.24.conv2,0.03329656645655632
112,blocks.25.conv1,0.0318293422460556
112,blocks.25.conv2,0.03174440935254097
112,blocks.26.conv1,0.032068025320768356
112,blocks.26.conv2,0.03682008013129234
112,blocks.27.conv1,0.030750971287488937
112,blocks.27.conv2,0.04774736613035202
112,blocks.28.conv1,0.04311081022024155
112,blocks.28.conv2,0.04168708994984627
112,blocks.29.conv1,0.04556146264076233
112,blocks.29.conv2,0.03859929367899895
112,blocks.30.conv1,0.053525738418102264
112,blocks.30.conv2,0.048245642334222794
112,blocks.31.conv1,0.030515441671013832
112,blocks.31.conv2,0.043268874287605286
112,blocks.32.conv1,0.04485224559903145
112,blocks.32.conv2,0.04375907778739929
112,blocks.33.conv1,0.03521793335676193
112,blocks.33.conv2,0.04283860698342323
112,blocks.34.conv1,0.04182785749435425
112,blocks.34.conv2,0.033628594130277634
112,blocks.35.conv1,0.03397994488477707
112,blocks.35.conv2,0.030390042811632156
112,blocks.36.conv1,0.02759871445596218
112,blocks.36.conv2,0.03867302089929581
112,blocks.37.conv1,0.04676756262779236
112,blocks.37.conv2,0.06797003000974655
112,blocks.38.conv1,0.08369317650794983
112,blocks.38.conv2,0.08210595697164536
112,blocks.39.conv1,0.06219029054045677
112,blocks.39.conv2,0.03851434588432312
112,blocks.40.conv1,0.04003479331731796
112,blocks.40.conv2,0.03801077976822853
112,blocks.41.conv1,0.04049764573574066
112,blocks.41.conv2,0.041895363479852676
112,blocks.42.conv1,0.0434178002178669
112,blocks.42.conv2,0.05920930951833725
112,blocks.43.conv1,0.0703829973936081
112,blocks.43.conv2,0.08882313221693039
112,blocks.44.conv1,0.10698868334293365
112,blocks.44.conv2,0.11428067833185196
112,blocks.45.conv1,0.10246400535106659
112,blocks.45.conv2,0.11666663736104965
112,blocks.46.conv1,0.14798414707183838
112,blocks.46.conv2,0.17069874703884125
112,blocks.47.conv1,0.17660512030124664
112,blocks.47.conv2,0.18557527661323547
112,blocks.48.conv1,0.1744498759508133
112,blocks.48.conv2,0.19619335234165192
112,blocks.49.conv1,0.18835261464118958
112,blocks.49.conv2,0.11145437508821487
112,mean_conv2d_grad_norm,0.046464283185282555
113,stem.0,0.0179396104067564
113,blocks.0.conv1,0.011389033868908882
113,blocks.0.conv2,0.009272142313420773
113,blocks.1.conv1,0.034414272755384445
113,blocks.1.conv2,0.026203880086541176
113,blocks.2.conv1,0.020838595926761627
113,blocks.2.conv2,0.012256525456905365
113,blocks.3.conv1,0.05082956328988075
113,blocks.3.conv2,0.03543896600604057
113,blocks.4.conv1,0.02619810402393341
113,blocks.4.conv2,0.04760008305311203
113,blocks.5.conv1,0.055874090641736984
113,blocks.5.conv2,0.03946889936923981
113,blocks.6.conv1,0.0391852967441082
113,blocks.6.conv2,0.03589381277561188
113,blocks.7.conv1,0.02836431935429573
113,blocks.7.conv2,0.038558658212423325
113,blocks.8.conv1,0.032638341188430786
113,blocks.8.conv2,0.03564071282744408
113,blocks.9.conv1,0.03734562546014786
113,blocks.9.conv2,0.04591672122478485
113,blocks.10.conv1,0.03597758337855339
113,blocks.10.conv2,0.028074394911527634
113,blocks.11.conv1,0.03214791789650917
113,blocks.11.conv2,0.029248807579278946
113,blocks.12.conv1,0.03562125191092491
113,blocks.12.conv2,0.041645728051662445
113,blocks.13.conv1,0.035846151411533356
113,blocks.13.conv2,0.025004683062434196
113,blocks.14.conv1,0.021434571593999863
113,blocks.14.conv2,0.02556123025715351
113,blocks.15.conv1,0.03286929056048393
113,blocks.15.conv2,0.022387029603123665
113,blocks.16.conv1,0.02578587457537651
113,blocks.16.conv2,0.023853421211242676
113,blocks.17.conv1,0.027942165732383728
113,blocks.17.conv2,0.035272471606731415
113,blocks.18.conv1,0.02853487618267536
113,blocks.18.conv2,0.024980798363685608
113,blocks.19.conv1,0.031310442835092545
113,blocks.19.conv2,0.02706816978752613
113,blocks.20.conv1,0.029626792296767235
113,blocks.20.conv2,0.02893885038793087
113,blocks.21.conv1,0.03294438123703003
113,blocks.21.conv2,0.026494178920984268
113,blocks.22.conv1,0.027856627479195595
113,blocks.22.conv2,0.03317106142640114
113,blocks.23.conv1,0.029100539162755013
113,blocks.23.conv2,0.027421975508332253
113,blocks.24.conv1,0.023425981402397156
113,blocks.24.conv2,0.02325064316391945
113,blocks.25.conv1,0.022789591923356056
113,blocks.25.conv2,0.022633880376815796
113,blocks.26.conv1,0.027230335399508476
113,blocks.26.conv2,0.023201970383524895
113,blocks.27.conv1,0.02142094448208809
113,blocks.27.conv2,0.03040945902466774
113,blocks.28.conv1,0.023300157859921455
113,blocks.28.conv2,0.019872713834047318
113,blocks.29.conv1,0.024346256628632545
113,blocks.29.conv2,0.029353337362408638
113,blocks.30.conv1,0.02926734834909439
113,blocks.30.conv2,0.03170708566904068
113,blocks.31.conv1,0.03385426476597786
113,blocks.31.conv2,0.032694198191165924
113,blocks.32.conv1,0.031169923022389412
113,blocks.32.conv2,0.029010675847530365
113,blocks.33.conv1,0.03541267290711403
113,blocks.33.conv2,0.0412568636238575
113,blocks.34.conv1,0.03146275132894516
113,blocks.34.conv2,0.034193575382232666
113,blocks.35.conv1,0.04305858165025711
113,blocks.35.conv2,0.039476748555898666
113,blocks.36.conv1,0.04307924583554268
113,blocks.36.conv2,0.05191895738244057
113,blocks.37.conv1,0.041898664087057114
113,blocks.37.conv2,0.050918687134981155
113,blocks.38.conv1,0.08436627686023712
113,blocks.38.conv2,0.11160124838352203
113,blocks.39.conv1,0.08845117688179016
113,blocks.39.conv2,0.06552013009786606
113,blocks.40.conv1,0.06687388569116592
113,blocks.40.conv2,0.05345229059457779
113,blocks.41.conv1,0.056724581867456436
113,blocks.41.conv2,0.057768214493989944
113,blocks.42.conv1,0.0584041066467762
113,blocks.42.conv2,0.07327289879322052
113,blocks.43.conv1,0.08460294455289841
113,blocks.43.conv2,0.08060822635889053
113,blocks.44.conv1,0.09664129465818405
113,blocks.44.conv2,0.10355844348669052
113,blocks.45.conv1,0.11258508265018463
113,blocks.45.conv2,0.10944755375385284
113,blocks.46.conv1,0.1271950602531433
113,blocks.46.conv2,0.13211579620838165
113,blocks.47.conv1,0.1593306064605713
113,blocks.47.conv2,0.16459450125694275
113,blocks.48.conv1,0.16744045913219452
113,blocks.48.conv2,0.18047480285167694
113,blocks.49.conv1,0.17094790935516357
113,blocks.49.conv2,0.12468095123767853
113,mean_conv2d_grad_norm,0.04880853940612904
114,stem.0,0.045873381197452545
114,blocks.0.conv1,0.017400316894054413
114,blocks.0.conv2,0.012043526396155357
114,blocks.1.conv1,0.06506156921386719
114,blocks.1.conv2,0.02351592481136322
114,blocks.2.conv1,0.01126276794821024
114,blocks.2.conv2,0.01277519203722477
114,blocks.3.conv1,0.07153824716806412
114,blocks.3.conv2,0.06396409869194031
114,blocks.4.conv1,0.030591553077101707
114,blocks.4.conv2,0.043426141142845154
114,blocks.5.conv1,0.04951752722263336
114,blocks.5.conv2,0.0347563736140728
114,blocks.6.conv1,0.027434373274445534
114,blocks.6.conv2,0.047542862594127655
114,blocks.7.conv1,0.04001076892018318
114,blocks.7.conv2,0.02873562090098858
114,blocks.8.conv1,0.024546554312109947
114,blocks.8.conv2,0.02677953615784645
114,blocks.9.conv1,0.026793085038661957
114,blocks.9.conv2,0.021213704720139503
114,blocks.10.conv1,0.029655950143933296
114,blocks.10.conv2,0.02903568185865879
114,blocks.11.conv1,0.030079297721385956
114,blocks.11.conv2,0.02316577360033989
114,blocks.12.conv1,0.03096158243715763
114,blocks.12.conv2,0.03669162467122078
114,blocks.13.conv1,0.031383760273456573
114,blocks.13.conv2,0.023608339950442314
114,blocks.14.conv1,0.023942559957504272
114,blocks.14.conv2,0.03321244940161705
114,blocks.15.conv1,0.03107468970119953
114,blocks.15.conv2,0.029696404933929443
114,blocks.16.conv1,0.026889491826295853
114,blocks.16.conv2,0.02179783582687378
114,blocks.17.conv1,0.02067546173930168
114,blocks.17.conv2,0.03140011057257652
114,blocks.18.conv1,0.03293121978640556
114,blocks.18.conv2,0.025538405403494835
114,blocks.19.conv1,0.039046354591846466
114,blocks.19.conv2,0.024396663531661034
114,blocks.20.conv1,0.031615085899829865
114,blocks.20.conv2,0.03232276067137718
114,blocks.21.conv1,0.04357495531439781
114,blocks.21.conv2,0.041504696011543274
114,blocks.22.conv1,0.03812747448682785
114,blocks.22.conv2,0.04350365698337555
114,blocks.23.conv1,0.03933919966220856
114,blocks.23.conv2,0.0350036658346653
114,blocks.24.conv1,0.028485866263508797
114,blocks.24.conv2,0.03278477117419243
114,blocks.25.conv1,0.035663533955812454
114,blocks.25.conv2,0.036721572279930115
114,blocks.26.conv1,0.0440906323492527
114,blocks.26.conv2,0.042090222239494324
114,blocks.27.conv1,0.0324227549135685
114,blocks.27.conv2,0.046409960836172104
114,blocks.28.conv1,0.036944430321455
114,blocks.28.conv2,0.03378761187195778
114,blocks.29.conv1,0.042369332164525986
114,blocks.29.conv2,0.034334391355514526
114,blocks.30.conv1,0.036621030420064926
114,blocks.30.conv2,0.05325278639793396
114,blocks.31.conv1,0.03346695378422737
114,blocks.31.conv2,0.042999718338251114
114,blocks.32.conv1,0.04975321888923645
114,blocks.32.conv2,0.05242810398340225
114,blocks.33.conv1,0.04280092194676399
114,blocks.33.conv2,0.051734019070863724
114,blocks.34.conv1,0.03801898658275604
114,blocks.34.conv2,0.04161803051829338
114,blocks.35.conv1,0.04955128952860832
114,blocks.35.conv2,0.046968068927526474
114,blocks.36.conv1,0.04596184194087982
114,blocks.36.conv2,0.05888964980840683
114,blocks.37.conv1,0.045444056391716
114,blocks.37.conv2,0.05304276570677757
114,blocks.38.conv1,0.060762617737054825
114,blocks.38.conv2,0.06444263458251953
114,blocks.39.conv1,0.05826490744948387
114,blocks.39.conv2,0.06254759430885315
114,blocks.40.conv1,0.04119141027331352
114,blocks.40.conv2,0.04060162603855133
114,blocks.41.conv1,0.04883512109518051
114,blocks.41.conv2,0.05463492497801781
114,blocks.42.conv1,0.06174611300230026
114,blocks.42.conv2,0.06679248809814453
114,blocks.43.conv1,0.0769575983285904
114,blocks.43.conv2,0.09610097110271454
114,blocks.44.conv1,0.11883417516946793
114,blocks.44.conv2,0.1472090184688568
114,blocks.45.conv1,0.15192505717277527
114,blocks.45.conv2,0.15370364487171173
114,blocks.46.conv1,0.17217481136322021
114,blocks.46.conv2,0.19795343279838562
114,blocks.47.conv1,0.2072877436876297
114,blocks.47.conv2,0.22423823177814484
114,blocks.48.conv1,0.20540861785411835
114,blocks.48.conv2,0.21607951819896698
114,blocks.49.conv1,0.2126043289899826
114,blocks.49.conv2,0.15593300759792328
114,mean_conv2d_grad_norm,0.05633509302013876
115,stem.0,0.03179169073700905
115,blocks.0.conv1,0.019160188734531403
115,blocks.0.conv2,0.009489520452916622
115,blocks.1.conv1,0.036414410918951035
115,blocks.1.conv2,0.03549008443951607
115,blocks.2.conv1,0.0155913345515728
115,blocks.2.conv2,0.012811427004635334
115,blocks.3.conv1,0.02282969281077385
115,blocks.3.conv2,0.04055364802479744
115,blocks.4.conv1,0.024023231118917465
115,blocks.4.conv2,0.04304693639278412
115,blocks.5.conv1,0.03462481126189232
115,blocks.5.conv2,0.025435257703065872
115,blocks.6.conv1,0.029185067862272263
115,blocks.6.conv2,0.02506651170551777
115,blocks.7.conv1,0.026493756100535393
115,blocks.7.conv2,0.026497509330511093
115,blocks.8.conv1,0.018158424645662308
115,blocks.8.conv2,0.025252247229218483
115,blocks.9.conv1,0.026587996631860733
115,blocks.9.conv2,0.03578512743115425
115,blocks.10.conv1,0.04072733595967293
115,blocks.10.conv2,0.03181290626525879
115,blocks.11.conv1,0.02783852443099022
115,blocks.11.conv2,0.02223753184080124
115,blocks.12.conv1,0.027910681441426277
115,blocks.12.conv2,0.03434381261467934
115,blocks.13.conv1,0.02615051157772541
115,blocks.13.conv2,0.019608329981565475
115,blocks.14.conv1,0.014362376183271408
115,blocks.14.conv2,0.02298394776880741
115,blocks.15.conv1,0.023558709770441055
115,blocks.15.conv2,0.025312691926956177
115,blocks.16.conv1,0.029132822528481483
115,blocks.16.conv2,0.025624435395002365
115,blocks.17.conv1,0.02159896492958069
115,blocks.17.conv2,0.033669885247945786
115,blocks.18.conv1,0.0350424088537693
115,blocks.18.conv2,0.02848583273589611
115,blocks.19.conv1,0.04864652082324028
115,blocks.19.conv2,0.03659316524863243
115,blocks.20.conv1,0.061315473169088364
115,blocks.20.conv2,0.04045400768518448
115,blocks.21.conv1,0.044026412069797516
115,blocks.21.conv2,0.04933862015604973
115,blocks.22.conv1,0.05101415887475014
115,blocks.22.conv2,0.04813147336244583
115,blocks.23.conv1,0.04265237972140312
115,blocks.23.conv2,0.04219975695014
115,blocks.24.conv1,0.04408835992217064
115,blocks.24.conv2,0.04704508185386658
115,blocks.25.conv1,0.03558095917105675
115,blocks.25.conv2,0.03883149102330208
115,blocks.26.conv1,0.04275583103299141
115,blocks.26.conv2,0.04631196707487106
115,blocks.27.conv1,0.040708884596824646
115,blocks.27.conv2,0.05180201306939125
115,blocks.28.conv1,0.049414101988077164
115,blocks.28.conv2,0.0373331718146801
115,blocks.29.conv1,0.04584254324436188
115,blocks.29.conv2,0.0393855907022953
115,blocks.30.conv1,0.04527200758457184
115,blocks.30.conv2,0.049430761486291885
115,blocks.31.conv1,0.03934064507484436
115,blocks.31.conv2,0.04722648113965988
115,blocks.32.conv1,0.05457526072859764
115,blocks.32.conv2,0.06471109390258789
115,blocks.33.conv1,0.05317521467804909
115,blocks.33.conv2,0.05313554406166077
115,blocks.34.conv1,0.05287780985236168
115,blocks.34.conv2,0.05124957859516144
115,blocks.35.conv1,0.051589127629995346
115,blocks.35.conv2,0.058870669454336166
115,blocks.36.conv1,0.06057395786046982
115,blocks.36.conv2,0.0665443167090416
115,blocks.37.conv1,0.05922112613916397
115,blocks.37.conv2,0.06171868368983269
115,blocks.38.conv1,0.06261584907770157
115,blocks.38.conv2,0.06460314989089966
115,blocks.39.conv1,0.05072590708732605
115,blocks.39.conv2,0.04163004457950592
115,blocks.40.conv1,0.034396253526210785
115,blocks.40.conv2,0.035295236855745316
115,blocks.41.conv1,0.034219685941934586
115,blocks.41.conv2,0.04180724546313286
115,blocks.42.conv1,0.05015891417860985
115,blocks.42.conv2,0.057692043483257294
115,blocks.43.conv1,0.06320593506097794
115,blocks.43.conv2,0.07895060628652573
115,blocks.44.conv1,0.11228585988283157
115,blocks.44.conv2,0.13500215113162994
115,blocks.45.conv1,0.12043803185224533
115,blocks.45.conv2,0.15583468973636627
115,blocks.46.conv1,0.1778627634048462
115,blocks.46.conv2,0.18070967495441437
115,blocks.47.conv1,0.17614513635635376
115,blocks.47.conv2,0.1594436913728714
115,blocks.48.conv1,0.1513514369726181
115,blocks.48.conv2,0.1831517517566681
115,blocks.49.conv1,0.20078030228614807
115,blocks.49.conv2,0.1468319296836853
115,mean_conv2d_grad_norm,0.053691218985189304
116,stem.0,0.018014760687947273
116,blocks.0.conv1,0.01737666316330433
116,blocks.0.conv2,0.026405110955238342
116,blocks.1.conv1,0.04474204033613205
116,blocks.1.conv2,0.05762157216668129
116,blocks.2.conv1,0.06573851406574249
116,blocks.2.conv2,0.027048157528042793
116,blocks.3.conv1,0.04016904532909393
116,blocks.3.conv2,0.07870388776063919
116,blocks.4.conv1,0.061856746673583984
116,blocks.4.conv2,0.08303429186344147
116,blocks.5.conv1,0.06618669629096985
116,blocks.5.conv2,0.037413764744997025
116,blocks.6.conv1,0.059651780873537064
116,blocks.6.conv2,0.031699877232313156
116,blocks.7.conv1,0.05105157941579819
116,blocks.7.conv2,0.054907988756895065
116,blocks.8.conv1,0.03715290501713753
116,blocks.8.conv2,0.05000045895576477
116,blocks.9.conv1,0.053420379757881165
116,blocks.9.conv2,0.06305813789367676
116,blocks.10.conv1,0.06998826563358307
116,blocks.10.conv2,0.044007476419210434
116,blocks.11.conv1,0.04089094698429108
116,blocks.11.conv2,0.036874059587717056
116,blocks.12.conv1,0.05440791696310043
116,blocks.12.conv2,0.05398263409733772
116,blocks.13.conv1,0.05656696856021881
116,blocks.13.conv2,0.05135604366660118
116,blocks.14.conv1,0.031400248408317566
116,blocks.14.conv2,0.029339026659727097
116,blocks.15.conv1,0.04060351476073265
116,blocks.15.conv2,0.03265662491321564
116,blocks.16.conv1,0.02905985340476036
116,blocks.16.conv2,0.03060956858098507
116,blocks.17.conv1,0.02567308023571968
116,blocks.17.conv2,0.03988519310951233
116,blocks.18.conv1,0.03563405200839043
116,blocks.18.conv2,0.027646036818623543
116,blocks.19.conv1,0.03300774469971657
116,blocks.19.conv2,0.030864739790558815
116,blocks.20.conv1,0.039515260607004166
116,blocks.20.conv2,0.03248882293701172
116,blocks.21.conv1,0.04460756480693817
116,blocks.21.conv2,0.03765644505620003
116,blocks.22.conv1,0.04024745523929596
116,blocks.22.conv2,0.039172787219285965
116,blocks.23.conv1,0.04592551290988922
116,blocks.23.conv2,0.032247476279735565
116,blocks.24.conv1,0.025563258677721024
116,blocks.24.conv2,0.02265833131968975
116,blocks.25.conv1,0.021600395441055298
116,blocks.25.conv2,0.023701755329966545
116,blocks.26.conv1,0.02307797223329544
116,blocks.26.conv2,0.020729493349790573
116,blocks.27.conv1,0.02090001106262207
116,blocks.27.conv2,0.02797781676054001
116,blocks.28.conv1,0.020606689155101776
116,blocks.28.conv2,0.021532868966460228
116,blocks.29.conv1,0.02353067509829998
116,blocks.29.conv2,0.02158902771770954
116,blocks.30.conv1,0.02366604469716549
116,blocks.30.conv2,0.022765792906284332
116,blocks.31.conv1,0.02593878284096718
116,blocks.31.conv2,0.030120423063635826
116,blocks.32.conv1,0.025497036054730415
116,blocks.32.conv2,0.019008703529834747
116,blocks.33.conv1,0.023309405893087387
116,blocks.33.conv2,0.02844630740582943
116,blocks.34.conv1,0.022081954404711723
116,blocks.34.conv2,0.0305082518607378
116,blocks.35.conv1,0.03446568176150322
116,blocks.35.conv2,0.03927261009812355
116,blocks.36.conv1,0.03468566760420799
116,blocks.36.conv2,0.046937886625528336
116,blocks.37.conv1,0.039259668439626694
116,blocks.37.conv2,0.04179304465651512
116,blocks.38.conv1,0.043731920421123505
116,blocks.38.conv2,0.04759589582681656
116,blocks.39.conv1,0.03636147826910019
116,blocks.39.conv2,0.033991433680057526
116,blocks.40.conv1,0.03315232694149017
116,blocks.40.conv2,0.032846540212631226
116,blocks.41.conv1,0.04049104452133179
116,blocks.41.conv2,0.06095076724886894
116,blocks.42.conv1,0.060836028307676315
116,blocks.42.conv2,0.07009455561637878
116,blocks.43.conv1,0.09449778497219086
116,blocks.43.conv2,0.09101635962724686
116,blocks.44.conv1,0.11479181051254272
116,blocks.44.conv2,0.1213633343577385
116,blocks.45.conv1,0.1254386007785797
116,blocks.45.conv2,0.1376839429140091
116,blocks.46.conv1,0.14824792742729187
116,blocks.46.conv2,0.1846591830253601
116,blocks.47.conv1,0.18448546528816223
116,blocks.47.conv2,0.19879308342933655
116,blocks.48.conv1,0.19689486920833588
116,blocks.48.conv2,0.22044464945793152
116,blocks.49.conv1,0.2259628027677536
116,blocks.49.conv2,0.14020663499832153
116,mean_conv2d_grad_norm,0.05482508590684669
117,stem.0,0.04012573882937431
117,blocks.0.conv1,0.015575620345771313
117,blocks.0.conv2,0.02720281109213829
117,blocks.1.conv1,0.05297213792800903
117,blocks.1.conv2,0.02027137391269207
117,blocks.2.conv1,0.01837792806327343
117,blocks.2.conv2,0.019688906148076057
117,blocks.3.conv1,0.05016328766942024
117,blocks.3.conv2,0.07987060397863388
117,blocks.4.conv1,0.03930887579917908
117,blocks.4.conv2,0.05126544460654259
117,blocks.5.conv1,0.04235150292515755
117,blocks.5.conv2,0.02535969577729702
117,blocks.6.conv1,0.032030556350946426
117,blocks.6.conv2,0.024341996759176254
117,blocks.7.conv1,0.031795743852853775
117,blocks.7.conv2,0.03547575697302818
117,blocks.8.conv1,0.03004981204867363
117,blocks.8.conv2,0.02226960100233555
117,blocks.9.conv1,0.026276279240846634
117,blocks.9.conv2,0.04168589040637016
117,blocks.10.conv1,0.07840533554553986
117,blocks.10.conv2,0.05593658611178398
117,blocks.11.conv1,0.02928379364311695
117,blocks.11.conv2,0.023953530937433243
117,blocks.12.conv1,0.04329151287674904
117,blocks.12.conv2,0.04749258607625961
117,blocks.13.conv1,0.04254774749279022
117,blocks.13.conv2,0.03549216687679291
117,blocks.14.conv1,0.029215365648269653
117,blocks.14.conv2,0.03358134999871254
117,blocks.15.conv1,0.041067223995923996
117,blocks.15.conv2,0.03850121051073074
117,blocks.16.conv1,0.034016624093055725
117,blocks.16.conv2,0.02824312448501587
117,blocks.17.conv1,0.03348519280552864
117,blocks.17.conv2,0.0397859662771225
117,blocks.18.conv1,0.040133196860551834
117,blocks.18.conv2,0.030189381912350655
117,blocks.19.conv1,0.05241945758461952
117,blocks.19.conv2,0.03022356890141964
117,blocks.20.conv1,0.03756595030426979
117,blocks.20.conv2,0.035284701734781265
117,blocks.21.conv1,0.035655952990055084
117,blocks.21.conv2,0.028147926554083824
117,blocks.22.conv1,0.024258753284811974
117,blocks.22.conv2,0.030606938526034355
117,blocks.23.conv1,0.031513020396232605
117,blocks.23.conv2,0.027148375287652016
117,blocks.24.conv1,0.02498347871005535
117,blocks.24.conv2,0.027311475947499275
117,blocks.25.conv1,0.024729682132601738
117,blocks.25.conv2,0.025708086788654327
117,blocks.26.conv1,0.029430150985717773
117,blocks.26.conv2,0.03319058194756508
117,blocks.27.conv1,0.029775764793157578
117,blocks.27.conv2,0.03148399293422699
117,blocks.28.conv1,0.03509062901139259
117,blocks.28.conv2,0.02781675197184086
117,blocks.29.conv1,0.029773877933621407
117,blocks.29.conv2,0.03264833241701126
117,blocks.30.conv1,0.030926767736673355
117,blocks.30.conv2,0.043375659734010696
117,blocks.31.conv1,0.03235912322998047
117,blocks.31.conv2,0.03720712661743164
117,blocks.32.conv1,0.0398903414607048
117,blocks.32.conv2,0.040117450058460236
117,blocks.33.conv1,0.03981686756014824
117,blocks.33.conv2,0.046013325452804565
117,blocks.34.conv1,0.03968024253845215
117,blocks.34.conv2,0.04169385880231857
117,blocks.35.conv1,0.04925130307674408
117,blocks.35.conv2,0.04817725718021393
117,blocks.36.conv1,0.04582088440656662
117,blocks.36.conv2,0.04834344983100891
117,blocks.37.conv1,0.04673311859369278
117,blocks.37.conv2,0.050852611660957336
117,blocks.38.conv1,0.0571119599044323
117,blocks.38.conv2,0.05791216716170311
117,blocks.39.conv1,0.047736868262290955
117,blocks.39.conv2,0.03923254460096359
117,blocks.40.conv1,0.03588330000638962
117,blocks.40.conv2,0.03379504755139351
117,blocks.41.conv1,0.03971569240093231
117,blocks.41.conv2,0.05043269693851471
117,blocks.42.conv1,0.05305331572890282
117,blocks.42.conv2,0.05682649090886116
117,blocks.43.conv1,0.07970890402793884
117,blocks.43.conv2,0.09506518393754959
117,blocks.44.conv1,0.12000130861997604
117,blocks.44.conv2,0.13833318650722504
117,blocks.45.conv1,0.12279988825321198
117,blocks.45.conv2,0.14821435511112213
117,blocks.46.conv1,0.14932328462600708
117,blocks.46.conv2,0.16800454258918762
117,blocks.47.conv1,0.17596836388111115
117,blocks.47.conv2,0.2129029631614685
117,blocks.48.conv1,0.171181783080101
117,blocks.48.conv2,0.19151204824447632
117,blocks.49.conv1,0.21360817551612854
117,blocks.49.conv2,0.1441802978515625
117,mean_conv2d_grad_norm,0.05345161057234105
118,stem.0,0.05460266023874283
118,blocks.0.conv1,0.020595824345946312
118,blocks.0.conv2,0.01563764177262783
118,blocks.1.conv1,0.0916222631931305
118,blocks.1.conv2,0.029705511406064034
118,blocks.2.conv1,0.02358515001833439
118,blocks.2.conv2,0.014435610733926296
118,blocks.3.conv1,0.04938768222928047
118,blocks.3.conv2,0.04483233764767647
118,blocks.4.conv1,0.039755359292030334
118,blocks.4.conv2,0.04666776955127716
118,blocks.5.conv1,0.05357980728149414
118,blocks.5.conv2,0.03268887475132942
118,blocks.6.conv1,0.03248809650540352
118,blocks.6.conv2,0.03168982267379761
118,blocks.7.conv1,0.030440572649240494
118,blocks.7.conv2,0.06835196167230606
118,blocks.8.conv1,0.04530241712927818
118,blocks.8.conv2,0.052847377955913544
118,blocks.9.conv1,0.04145066440105438
118,blocks.9.conv2,0.050533097237348557
118,blocks.10.conv1,0.0703626349568367
118,blocks.10.conv2,0.05747011676430702
118,blocks.11.conv1,0.0325133390724659
118,blocks.11.conv2,0.03346846625208855
118,blocks.12.conv1,0.04560300335288048
118,blocks.12.conv2,0.0440300777554512
118,blocks.13.conv1,0.02979659102857113
118,blocks.13.conv2,0.03960544988512993
118,blocks.14.conv1,0.02742093615233898
118,blocks.14.conv2,0.02643846534192562
118,blocks.15.conv1,0.032319195568561554
118,blocks.15.conv2,0.02880074456334114
118,blocks.16.conv1,0.02480292320251465
118,blocks.16.conv2,0.02014991268515587
118,blocks.17.conv1,0.01910039409995079
118,blocks.17.conv2,0.032349951565265656
118,blocks.18.conv1,0.028543226420879364
118,blocks.18.conv2,0.029995959252119064
118,blocks.19.conv1,0.03808441385626793
118,blocks.19.conv2,0.02670520357787609
118,blocks.20.conv1,0.03689974918961525
118,blocks.20.conv2,0.031950630247592926
118,blocks.21.conv1,0.04074190557003021
118,blocks.21.conv2,0.03474435955286026
118,blocks.22.conv1,0.03576435148715973
118,blocks.22.conv2,0.04778503254055977
118,blocks.23.conv1,0.04458867013454437
118,blocks.23.conv2,0.03775807097554207
118,blocks.24.conv1,0.041858043521642685
118,blocks.24.conv2,0.04304062947630882
118,blocks.25.conv1,0.045479945838451385
118,blocks.25.conv2,0.051653701812028885
118,blocks.26.conv1,0.05220390856266022
118,blocks.26.conv2,0.05928301811218262
118,blocks.27.conv1,0.0423785075545311
118,blocks.27.conv2,0.04788267984986305
118,blocks.28.conv1,0.05815831199288368
118,blocks.28.conv2,0.051106374710798264
118,blocks.29.conv1,0.05409891903400421
118,blocks.29.conv2,0.04985984414815903
118,blocks.30.conv1,0.046782828867435455
118,blocks.30.conv2,0.041641831398010254
118,blocks.31.conv1,0.035450439900159836
118,blocks.31.conv2,0.0402228906750679
118,blocks.32.conv1,0.037777144461870193
118,blocks.32.conv2,0.03634613752365112
118,blocks.33.conv1,0.051158271729946136
118,blocks.33.conv2,0.05599309876561165
118,blocks.34.conv1,0.04768889769911766
118,blocks.34.conv2,0.054401081055402756
118,blocks.35.conv1,0.06343095749616623
118,blocks.35.conv2,0.06453119218349457
118,blocks.36.conv1,0.05309620872139931
118,blocks.36.conv2,0.058375146239995956
118,blocks.37.conv1,0.05774567648768425
118,blocks.37.conv2,0.06069532036781311
118,blocks.38.conv1,0.0753105953335762
118,blocks.38.conv2,0.09060806035995483
118,blocks.39.conv1,0.07398078590631485
118,blocks.39.conv2,0.055330049246549606
118,blocks.40.conv1,0.04861205071210861
118,blocks.40.conv2,0.050721630454063416
118,blocks.41.conv1,0.06818126887083054
118,blocks.41.conv2,0.10366751998662949
118,blocks.42.conv1,0.10228673368692398
118,blocks.42.conv2,0.1091872975230217
118,blocks.43.conv1,0.10419799387454987
118,blocks.43.conv2,0.10505198687314987
118,blocks.44.conv1,0.11906733363866806
118,blocks.44.conv2,0.11811909079551697
118,blocks.45.conv1,0.11424761265516281
118,blocks.45.conv2,0.12216044217348099
118,blocks.46.conv1,0.14169512689113617
118,blocks.46.conv2,0.1572537124156952
118,blocks.47.conv1,0.16161002218723297
118,blocks.47.conv2,0.1750694066286087
118,blocks.48.conv1,0.1577170193195343
118,blocks.48.conv2,0.18700334429740906
118,blocks.49.conv1,0.19299408793449402
118,blocks.49.conv2,0.15096744894981384
118,mean_conv2d_grad_norm,0.05995421689741387
119,stem.0,0.0328393429517746
119,blocks.0.conv1,0.03504050150513649
119,blocks.0.conv2,0.02360977977514267
119,blocks.1.conv1,0.0875820592045784
119,blocks.1.conv2,0.05372874066233635
119,blocks.2.conv1,0.045340001583099365
119,blocks.2.conv2,0.023315783590078354
119,blocks.3.conv1,0.05084904283285141
119,blocks.3.conv2,0.06649743765592575
119,blocks.4.conv1,0.04896354675292969
119,blocks.4.conv2,0.05674593895673752
119,blocks.5.conv1,0.03851144015789032
119,blocks.5.conv2,0.031375348567962646
119,blocks.6.conv1,0.027291052043437958
119,blocks.6.conv2,0.027195489034056664
119,blocks.7.conv1,0.032503269612789154
119,blocks.7.conv2,0.07201918959617615
119,blocks.8.conv1,0.036739107221364975
119,blocks.8.conv2,0.029174167662858963
119,blocks.9.conv1,0.042063213884830475
119,blocks.9.conv2,0.06752169877290726
119,blocks.10.conv1,0.08403768390417099
119,blocks.10.conv2,0.13089455664157867
119,blocks.11.conv1,0.0722137913107872
119,blocks.11.conv2,0.06557983160018921
119,blocks.12.conv1,0.0884573757648468
119,blocks.12.conv2,0.07735957205295563
119,blocks.13.conv1,0.04721122607588768
119,blocks.13.conv2,0.03493737801909447
119,blocks.14.conv1,0.028587214648723602
119,blocks.14.conv2,0.030117856338620186
119,blocks.15.conv1,0.028547585010528564
119,blocks.15.conv2,0.030723674222826958
119,blocks.16.conv1,0.029907578602433205
119,blocks.16.conv2,0.025936458259820938
119,blocks.17.conv1,0.025728676468133926
119,blocks.17.conv2,0.03758767247200012
119,blocks.18.conv1,0.03943481296300888
119,blocks.18.conv2,0.04497719556093216
119,blocks.19.conv1,0.03978216275572777
119,blocks.19.conv2,0.028818368911743164
119,blocks.20.conv1,0.030456891283392906
119,blocks.20.conv2,0.027085520327091217
119,blocks.21.conv1,0.02337801456451416
119,blocks.21.conv2,0.03556884080171585
119,blocks.22.conv1,0.03598320111632347
119,blocks.22.conv2,0.03986313194036484
119,blocks.23.conv1,0.03242107853293419
119,blocks.23.conv2,0.027527818456292152
119,blocks.24.conv1,0.024485761299729347
119,blocks.24.conv2,0.029788073152303696
119,blocks.25.conv1,0.028627000749111176
119,blocks.25.conv2,0.031953778117895126
119,blocks.26.conv1,0.029454711824655533
119,blocks.26.conv2,0.028373710811138153
119,blocks.27.conv1,0.020793499425053596
119,blocks.27.conv2,0.02519253082573414
119,blocks.28.conv1,0.028867678716778755
119,blocks.28.conv2,0.024539317935705185
119,blocks.29.conv1,0.02713673561811447
119,blocks.29.conv2,0.02348136529326439
119,blocks.30.conv1,0.030616596341133118
119,blocks.30.conv2,0.01950642466545105
119,blocks.31.conv1,0.01964319683611393
119,blocks.31.conv2,0.02483944036066532
119,blocks.32.conv1,0.020992565900087357
119,blocks.32.conv2,0.012813864275813103
119,blocks.33.conv1,0.019305137917399406
119,blocks.33.conv2,0.02868984267115593
119,blocks.34.conv1,0.02830636501312256
119,blocks.34.conv2,0.030956199392676353
119,blocks.35.conv1,0.042889803647994995
119,blocks.35.conv2,0.047518324106931686
119,blocks.36.conv1,0.04177951440215111
119,blocks.36.conv2,0.0560724213719368
119,blocks.37.conv1,0.06334745138883591
119,blocks.37.conv2,0.0768962949514389
119,blocks.38.conv1,0.09490782022476196
119,blocks.38.conv2,0.09539631754159927
119,blocks.39.conv1,0.07918566465377808
119,blocks.39.conv2,0.06123180687427521
119,blocks.40.conv1,0.04084679111838341
119,blocks.40.conv2,0.039764732122421265
119,blocks.41.conv1,0.037120334804058075
119,blocks.41.conv2,0.07183519750833511
119,blocks.42.conv1,0.08245456963777542
119,blocks.42.conv2,0.0671684592962265
119,blocks.43.conv1,0.07826411724090576
119,blocks.43.conv2,0.08747682720422745
119,blocks.44.conv1,0.10490589588880539
119,blocks.44.conv2,0.12801244854927063
119,blocks.45.conv1,0.11211441457271576
119,blocks.45.conv2,0.1351543515920639
119,blocks.46.conv1,0.16369785368442535
119,blocks.46.conv2,0.1949433982372284
119,blocks.47.conv1,0.20338645577430725
119,blocks.47.conv2,0.22197912633419037
119,blocks.48.conv1,0.23072375357151031
119,blocks.48.conv2,0.28206050395965576
119,blocks.49.conv1,0.29532191157341003
119,blocks.49.conv2,0.20038603246212006
119,mean_conv2d_grad_norm,0.06106175952544897
120,stem.0,0.15053623914718628
120,blocks.0.conv1,0.0770065113902092
120,blocks.0.conv2,0.04949484020471573
120,blocks.1.conv1,0.08087478578090668
120,blocks.1.conv2,0.05532144382596016
120,blocks.2.conv1,0.022328009828925133
120,blocks.2.conv2,0.02080625295639038
120,blocks.3.conv1,0.06725264340639114
120,blocks.3.conv2,0.07570283114910126
120,blocks.4.conv1,0.05233211815357208
120,blocks.4.conv2,0.06971731036901474
120,blocks.5.conv1,0.04887952283024788
120,blocks.5.conv2,0.039370328187942505
120,blocks.6.conv1,0.04135609418153763
120,blocks.6.conv2,0.045417360961437225
120,blocks.7.conv1,0.036769311875104904
120,blocks.7.conv2,0.10710401833057404
120,blocks.8.conv1,0.05270430073142052
120,blocks.8.conv2,0.03604043275117874
120,blocks.9.conv1,0.04757450148463249
120,blocks.9.conv2,0.0835384950041771
120,blocks.10.conv1,0.07062078267335892
120,blocks.10.conv2,0.04591704532504082
120,blocks.11.conv1,0.04977189004421234
120,blocks.11.conv2,0.047217268496751785
120,blocks.12.conv1,0.048474811017513275
120,blocks.12.conv2,0.07657837122678757
120,blocks.13.conv1,0.06555834412574768
120,blocks.13.conv2,0.044085536152124405
120,blocks.14.conv1,0.021927960216999054
120,blocks.14.conv2,0.033401764929294586
120,blocks.15.conv1,0.04099263623356819
120,blocks.15.conv2,0.03143053874373436
120,blocks.16.conv1,0.03713285177946091
120,blocks.16.conv2,0.033283378928899765
120,blocks.17.conv1,0.035225361585617065
120,blocks.17.conv2,0.03853118047118187
120,blocks.18.conv1,0.04291396215558052
120,blocks.18.conv2,0.03895435854792595
120,blocks.19.conv1,0.05571715906262398
120,blocks.19.conv2,0.03538310527801514
120,blocks.20.conv1,0.03970392793416977
120,blocks.20.conv2,0.03954555466771126
120,blocks.21.conv1,0.03962036967277527
120,blocks.21.conv2,0.04515540227293968
120,blocks.22.conv1,0.03385867550969124
120,blocks.22.conv2,0.04781227558851242
120,blocks.23.conv1,0.044593606144189835
120,blocks.23.conv2,0.03888827562332153
120,blocks.24.conv1,0.03542238101363182
120,blocks.24.conv2,0.04215587303042412
120,blocks.25.conv1,0.045079126954078674
120,blocks.25.conv2,0.041530512273311615
120,blocks.26.conv1,0.04443370923399925
120,blocks.26.conv2,0.045668113976716995
120,blocks.27.conv1,0.0381273552775383
120,blocks.27.conv2,0.06187520921230316
120,blocks.28.conv1,0.045789752155542374
120,blocks.28.conv2,0.043086010962724686
120,blocks.29.conv1,0.04404003173112869
120,blocks.29.conv2,0.04470714181661606
120,blocks.30.conv1,0.0423947349190712
120,blocks.30.conv2,0.035769786685705185
120,blocks.31.conv1,0.04136206954717636
120,blocks.31.conv2,0.036207415163517
120,blocks.32.conv1,0.041012007743120193
120,blocks.32.conv2,0.0428609773516655
120,blocks.33.conv1,0.04123992845416069
120,blocks.33.conv2,0.054813459515571594
120,blocks.34.conv1,0.05696827918291092
120,blocks.34.conv2,0.048830512911081314
120,blocks.35.conv1,0.0537877082824707
120,blocks.35.conv2,0.05879553407430649
120,blocks.36.conv1,0.07605933398008347
120,blocks.36.conv2,0.0712527185678482
120,blocks.37.conv1,0.07777830958366394
120,blocks.37.conv2,0.07893288880586624
120,blocks.38.conv1,0.0778646469116211
120,blocks.38.conv2,0.08879797905683517
120,blocks.39.conv1,0.07883550226688385
120,blocks.39.conv2,0.05934784188866615
120,blocks.40.conv1,0.051184237003326416
120,blocks.40.conv2,0.05021779611706734
120,blocks.41.conv1,0.046278439462184906
120,blocks.41.conv2,0.0649997740983963
120,blocks.42.conv1,0.06704872846603394
120,blocks.42.conv2,0.07995272427797318
120,blocks.43.conv1,0.093782939016819
120,blocks.43.conv2,0.1001645103096962
120,blocks.44.conv1,0.12753097712993622
120,blocks.44.conv2,0.1505284607410431
120,blocks.45.conv1,0.16760633885860443
120,blocks.45.conv2,0.18194517493247986
120,blocks.46.conv1,0.18448835611343384
120,blocks.46.conv2,0.19701120257377625
120,blocks.47.conv1,0.18937422335147858
120,blocks.47.conv2,0.21283723413944244
120,blocks.48.conv1,0.21246936917304993
120,blocks.48.conv2,0.2336459755897522
120,blocks.49.conv1,0.22906319797039032
120,blocks.49.conv2,0.17103752493858337
120,mean_conv2d_grad_norm,0.0691922552846741
121,stem.0,0.14140896499156952
121,blocks.0.conv1,0.07144536823034286
121,blocks.0.conv2,0.08145245164632797
121,blocks.1.conv1,0.33405816555023193
121,blocks.1.conv2,0.27507132291793823
121,blocks.2.conv1,0.19287021458148956
121,blocks.2.conv2,0.09463179856538773
121,blocks.3.conv1,0.23945772647857666
121,blocks.3.conv2,0.25638678669929504
121,blocks.4.conv1,0.2337367981672287
121,blocks.4.conv2,0.1638549566268921
121,blocks.5.conv1,0.16329504549503326
121,blocks.5.conv2,0.11365804076194763
121,blocks.6.conv1,0.10473725199699402
121,blocks.6.conv2,0.07737676054239273
121,blocks.7.conv1,0.11818833649158478
121,blocks.7.conv2,0.10926611721515656
121,blocks.8.conv1,0.05670527368783951
121,blocks.8.conv2,0.062108732759952545
121,blocks.9.conv1,0.05108216404914856
121,blocks.9.conv2,0.07031119614839554
121,blocks.10.conv1,0.1026485487818718
121,blocks.10.conv2,0.1093558743596077
121,blocks.11.conv1,0.0799412652850151
121,blocks.11.conv2,0.059466563165187836
121,blocks.12.conv1,0.0818721204996109
121,blocks.12.conv2,0.08060658723115921
121,blocks.13.conv1,0.061795707792043686
121,blocks.13.conv2,0.04659867286682129
121,blocks.14.conv1,0.03838636726140976
121,blocks.14.conv2,0.046834032982587814
121,blocks.15.conv1,0.05060290917754173
121,blocks.15.conv2,0.04012923687696457
121,blocks.16.conv1,0.04124368727207184
121,blocks.16.conv2,0.03854032978415489
121,blocks.17.conv1,0.04491829872131348
121,blocks.17.conv2,0.05207378417253494
121,blocks.18.conv1,0.053901925683021545
121,blocks.18.conv2,0.04891122505068779
121,blocks.19.conv1,0.06390132009983063
121,blocks.19.conv2,0.035749539732933044
121,blocks.20.conv1,0.062040578573942184
121,blocks.20.conv2,0.04484828934073448
121,blocks.21.conv1,0.04656387120485306
121,blocks.21.conv2,0.04715901240706444
121,blocks.22.conv1,0.052275724709033966
121,blocks.22.conv2,0.06511616706848145
121,blocks.23.conv1,0.053706951439380646
121,blocks.23.conv2,0.04957953095436096
121,blocks.24.conv1,0.04591717571020126
121,blocks.24.conv2,0.045047227293252945
121,blocks.25.conv1,0.03708350285887718
121,blocks.25.conv2,0.030412519350647926
121,blocks.26.conv1,0.04728853702545166
121,blocks.26.conv2,0.06303108483552933
121,blocks.27.conv1,0.05074263736605644
121,blocks.27.conv2,0.046955373138189316
121,blocks.28.conv1,0.04176110029220581
121,blocks.28.conv2,0.03904873505234718
121,blocks.29.conv1,0.04852450639009476
121,blocks.29.conv2,0.04945122450590134
121,blocks.30.conv1,0.043227385729551315
121,blocks.30.conv2,0.04527526721358299
121,blocks.31.conv1,0.04841265827417374
121,blocks.31.conv2,0.05076303705573082
121,blocks.32.conv1,0.0483437217772007
121,blocks.32.conv2,0.042590223252773285
121,blocks.33.conv1,0.04439880698919296
121,blocks.33.conv2,0.04765873774886131
121,blocks.34.conv1,0.05165186896920204
121,blocks.34.conv2,0.05247214064002037
121,blocks.35.conv1,0.05272247642278671
121,blocks.35.conv2,0.05777234584093094
121,blocks.36.conv1,0.06690474599599838
121,blocks.36.conv2,0.0567748099565506
121,blocks.37.conv1,0.07011469453573227
121,blocks.37.conv2,0.05791322886943817
121,blocks.38.conv1,0.08860037475824356
121,blocks.38.conv2,0.09326546639204025
121,blocks.39.conv1,0.07081384211778641
121,blocks.39.conv2,0.06169860064983368
121,blocks.40.conv1,0.05459913983941078
121,blocks.40.conv2,0.04449521005153656
121,blocks.41.conv1,0.060600657016038895
121,blocks.41.conv2,0.06730702519416809
121,blocks.42.conv1,0.06710797548294067
121,blocks.42.conv2,0.08018768578767776
121,blocks.43.conv1,0.1087798923254013
121,blocks.43.conv2,0.12083805352449417
121,blocks.44.conv1,0.1523812711238861
121,blocks.44.conv2,0.17465251684188843
121,blocks.45.conv1,0.154328390955925
121,blocks.45.conv2,0.1670812964439392
121,blocks.46.conv1,0.19432534277439117
121,blocks.46.conv2,0.2169947326183319
121,blocks.47.conv1,0.235959991812706
121,blocks.47.conv2,0.2560551166534424
121,blocks.48.conv1,0.25829410552978516
121,blocks.48.conv2,0.2827463746070862
121,blocks.49.conv1,0.2652375400066376
121,blocks.49.conv2,0.20731019973754883
121,mean_conv2d_grad_norm,0.09381972446963929
122,stem.0,0.026688089594244957
122,blocks.0.conv1,0.019649481400847435
122,blocks.0.conv2,0.01797569915652275
122,blocks.1.conv1,0.024577060714364052
122,blocks.1.conv2,0.06479796022176743
122,blocks.2.conv1,0.03212616592645645
122,blocks.2.conv2,0.019919881597161293
122,blocks.3.conv1,0.04774431139230728
122,blocks.3.conv2,0.05083779618144035
122,blocks.4.conv1,0.03702939301729202
122,blocks.4.conv2,0.043914832174777985
122,blocks.5.conv1,0.04752745106816292
122,blocks.5.conv2,0.03007235750555992
122,blocks.6.conv1,0.04772309586405754
122,blocks.6.conv2,0.03416905179619789
122,blocks.7.conv1,0.049761898815631866
122,blocks.7.conv2,0.05689286068081856
122,blocks.8.conv1,0.038697682321071625
122,blocks.8.conv2,0.04980305954813957
122,blocks.9.conv1,0.05191419646143913
122,blocks.9.conv2,0.05903922766447067
122,blocks.10.conv1,0.11985740810632706
122,blocks.10.conv2,0.05661935359239578
122,blocks.11.conv1,0.039980653673410416
122,blocks.11.conv2,0.04461114481091499
122,blocks.12.conv1,0.04478132724761963
122,blocks.12.conv2,0.05250459164381027
122,blocks.13.conv1,0.04569457098841667
122,blocks.13.conv2,0.03277841955423355
122,blocks.14.conv1,0.027433175593614578
122,blocks.14.conv2,0.03052205592393875
122,blocks.15.conv1,0.03990672156214714
122,blocks.15.conv2,0.03895075246691704
122,blocks.16.conv1,0.044765595346689224
122,blocks.16.conv2,0.045382533222436905
122,blocks.17.conv1,0.04110392555594444
122,blocks.17.conv2,0.05243709310889244
122,blocks.18.conv1,0.06190533563494682
122,blocks.18.conv2,0.048820674419403076
122,blocks.19.conv1,0.06205406412482262
122,blocks.19.conv2,0.05775703862309456
122,blocks.20.conv1,0.042225152254104614
122,blocks.20.conv2,0.04154610633850098
122,blocks.21.conv1,0.032152265310287476
122,blocks.21.conv2,0.03635669872164726
122,blocks.22.conv1,0.03738457337021828
122,blocks.22.conv2,0.03509201109409332
122,blocks.23.conv1,0.02999063953757286
122,blocks.23.conv2,0.028781462460756302
122,blocks.24.conv1,0.0247489120811224
122,blocks.24.conv2,0.024882666766643524
122,blocks.25.conv1,0.02417140081524849
122,blocks.25.conv2,0.02441275678575039
122,blocks.26.conv1,0.030967235565185547
122,blocks.26.conv2,0.034715428948402405
122,blocks.27.conv1,0.031206093728542328
122,blocks.27.conv2,0.04100274667143822
122,blocks.28.conv1,0.0333985760807991
122,blocks.28.conv2,0.033993903547525406
122,blocks.29.conv1,0.03877241909503937
122,blocks.29.conv2,0.033991169184446335
122,blocks.30.conv1,0.038292303681373596
122,blocks.30.conv2,0.03497792035341263
122,blocks.31.conv1,0.031165722757577896
122,blocks.31.conv2,0.030213242396712303
122,blocks.32.conv1,0.034239426255226135
122,blocks.32.conv2,0.02990180440247059
122,blocks.33.conv1,0.03640730306506157
122,blocks.33.conv2,0.03537566587328911
122,blocks.34.conv1,0.030953772366046906
122,blocks.34.conv2,0.03240367770195007
122,blocks.35.conv1,0.04473892226815224
122,blocks.35.conv2,0.050703566521406174
122,blocks.36.conv1,0.05115879327058792
122,blocks.36.conv2,0.047131411731243134
122,blocks.37.conv1,0.05984814092516899
122,blocks.37.conv2,0.08471230417490005
122,blocks.38.conv1,0.07028165459632874
122,blocks.38.conv2,0.060222327709198
122,blocks.39.conv1,0.0583171546459198
122,blocks.39.conv2,0.041239164769649506
122,blocks.40.conv1,0.034427352249622345
122,blocks.40.conv2,0.043650463223457336
122,blocks.41.conv1,0.045432060956954956
122,blocks.41.conv2,0.04690362140536308
122,blocks.42.conv1,0.059011999517679214
122,blocks.42.conv2,0.06253091990947723
122,blocks.43.conv1,0.09044518321752548
122,blocks.43.conv2,0.11847875267267227
122,blocks.44.conv1,0.1446310132741928
122,blocks.44.conv2,0.1758670061826706
122,blocks.45.conv1,0.18634939193725586
122,blocks.45.conv2,0.16760362684726715
122,blocks.46.conv1,0.18042446672916412
122,blocks.46.conv2,0.22053351998329163
122,blocks.47.conv1,0.23888200521469116
122,blocks.47.conv2,0.27219992876052856
122,blocks.48.conv1,0.2790381908416748
122,blocks.48.conv2,0.286161869764328
122,blocks.49.conv1,0.2520993947982788
122,blocks.49.conv2,0.15783663094043732
122,mean_conv2d_grad_norm,0.06399318697576475
123,stem.0,0.05318111181259155
123,blocks.0.conv1,0.04409904405474663
123,blocks.0.conv2,0.0359066016972065
123,blocks.1.conv1,0.128517284989357
123,blocks.1.conv2,0.16393479704856873
123,blocks.2.conv1,0.08189147710800171
123,blocks.2.conv2,0.05487954616546631
123,blocks.3.conv1,0.09309285879135132
123,blocks.3.conv2,0.08737962692975998
123,blocks.4.conv1,0.08204971253871918
123,blocks.4.conv2,0.06756717711687088
123,blocks.5.conv1,0.0846046581864357
123,blocks.5.conv2,0.07200596481561661
123,blocks.6.conv1,0.0795016884803772
123,blocks.6.conv2,0.06720000505447388
123,blocks.7.conv1,0.07274268567562103
123,blocks.7.conv2,0.09394637495279312
123,blocks.8.conv1,0.06028236076235771
123,blocks.8.conv2,0.06525518745183945
123,blocks.9.conv1,0.055232495069503784
123,blocks.9.conv2,0.0789622813463211
123,blocks.10.conv1,0.12926316261291504
123,blocks.10.conv2,0.0683964341878891
123,blocks.11.conv1,0.08045939356088638
123,blocks.11.conv2,0.06061007082462311
123,blocks.12.conv1,0.09255249053239822
123,blocks.12.conv2,0.07068301737308502
123,blocks.13.conv1,0.05976513773202896
123,blocks.13.conv2,0.05294302850961685
123,blocks.14.conv1,0.03700658306479454
123,blocks.14.conv2,0.0416128933429718
123,blocks.15.conv1,0.04311612248420715
123,blocks.15.conv2,0.04318848252296448
123,blocks.16.conv1,0.0483211949467659
123,blocks.16.conv2,0.04491186887025833
123,blocks.17.conv1,0.03885217383503914
123,blocks.17.conv2,0.039485424757003784
123,blocks.18.conv1,0.04732580855488777
123,blocks.18.conv2,0.05514137074351311
123,blocks.19.conv1,0.05951133370399475
123,blocks.19.conv2,0.036018870770931244
123,blocks.20.conv1,0.05301635339856148
123,blocks.20.conv2,0.04442313686013222
123,blocks.21.conv1,0.039892204105854034
123,blocks.21.conv2,0.036110106855630875
123,blocks.22.conv1,0.03096751868724823
123,blocks.22.conv2,0.04242226853966713
123,blocks.23.conv1,0.033080365508794785
123,blocks.23.conv2,0.027559993788599968
123,blocks.24.conv1,0.021591857075691223
123,blocks.24.conv2,0.020893504843115807
123,blocks.25.conv1,0.023709498345851898
123,blocks.25.conv2,0.02325793169438839
123,blocks.26.conv1,0.028328154236078262
123,blocks.26.conv2,0.02725043147802353
123,blocks.27.conv1,0.027181126177310944
123,blocks.27.conv2,0.03796897083520889
123,blocks.28.conv1,0.04191552475094795
123,blocks.28.conv2,0.04031684249639511
123,blocks.29.conv1,0.033301349729299545
123,blocks.29.conv2,0.03830140829086304
123,blocks.30.conv1,0.04121800884604454
123,blocks.30.conv2,0.040598493069410324
123,blocks.31.conv1,0.03666120395064354
123,blocks.31.conv2,0.03892575949430466
123,blocks.32.conv1,0.03380189090967178
123,blocks.32.conv2,0.0283421128988266
123,blocks.33.conv1,0.034032586961984634
123,blocks.33.conv2,0.040423836559057236
123,blocks.34.conv1,0.03790329396724701
123,blocks.34.conv2,0.037690818309783936
123,blocks.35.conv1,0.04997577890753746
123,blocks.35.conv2,0.063237264752388
123,blocks.36.conv1,0.0503624826669693
123,blocks.36.conv2,0.044575564563274384
123,blocks.37.conv1,0.0490100122988224
123,blocks.37.conv2,0.0531090646982193
123,blocks.38.conv1,0.06669379025697708
123,blocks.38.conv2,0.07705593854188919
123,blocks.39.conv1,0.07145478576421738
123,blocks.39.conv2,0.058971282094717026
123,blocks.40.conv1,0.05266790837049484
123,blocks.40.conv2,0.06177770718932152
123,blocks.41.conv1,0.05245111510157585
123,blocks.41.conv2,0.06378903985023499
123,blocks.42.conv1,0.06433799862861633
123,blocks.42.conv2,0.10713885724544525
123,blocks.43.conv1,0.11858181655406952
123,blocks.43.conv2,0.126543790102005
123,blocks.44.conv1,0.15714281797409058
123,blocks.44.conv2,0.16870899498462677
123,blocks.45.conv1,0.17444510757923126
123,blocks.45.conv2,0.1953885853290558
123,blocks.46.conv1,0.23297634720802307
123,blocks.46.conv2,0.2688148021697998
123,blocks.47.conv1,0.30038967728614807
123,blocks.47.conv2,0.2965877950191498
123,blocks.48.conv1,0.3084956407546997
123,blocks.48.conv2,0.3385303318500519
123,blocks.49.conv1,0.33058157563209534
123,blocks.49.conv2,0.22259734570980072
123,mean_conv2d_grad_norm,0.07959284727452415
124,stem.0,0.028877349570393562
124,blocks.0.conv1,0.017135480418801308
124,blocks.0.conv2,0.01299241092056036
124,blocks.1.conv1,0.026333436369895935
124,blocks.1.conv2,0.0450059175491333
124,blocks.2.conv1,0.03118913061916828
124,blocks.2.conv2,0.049888819456100464
124,blocks.3.conv1,0.04829639941453934
124,blocks.3.conv2,0.061015866696834564
124,blocks.4.conv1,0.045389190316200256
124,blocks.4.conv2,0.03312516212463379
124,blocks.5.conv1,0.03301333636045456
124,blocks.5.conv2,0.02815237082540989
124,blocks.6.conv1,0.027348138391971588
124,blocks.6.conv2,0.022749822586774826
124,blocks.7.conv1,0.02331787906587124
124,blocks.7.conv2,0.03579913452267647
124,blocks.8.conv1,0.02273578941822052
124,blocks.8.conv2,0.024632519111037254
124,blocks.9.conv1,0.02459626831114292
124,blocks.9.conv2,0.04322904348373413
124,blocks.10.conv1,0.06468632817268372
124,blocks.10.conv2,0.041374627500772476
124,blocks.11.conv1,0.0212937630712986
124,blocks.11.conv2,0.028223346918821335
124,blocks.12.conv1,0.05362296849489212
124,blocks.12.conv2,0.05038934573531151
124,blocks.13.conv1,0.04170387238264084
124,blocks.13.conv2,0.033455394208431244
124,blocks.14.conv1,0.020381731912493706
124,blocks.14.conv2,0.036759234964847565
124,blocks.15.conv1,0.04107972979545593
124,blocks.15.conv2,0.035620152950286865
124,blocks.16.conv1,0.03863784670829773
124,blocks.16.conv2,0.03649463877081871
124,blocks.17.conv1,0.031862903386354446
124,blocks.17.conv2,0.045998070389032364
124,blocks.18.conv1,0.05252020061016083
124,blocks.18.conv2,0.036537863314151764
124,blocks.19.conv1,0.032831821590662
124,blocks.19.conv2,0.037122566252946854
124,blocks.20.conv1,0.04441823437809944
124,blocks.20.conv2,0.04268130660057068
124,blocks.21.conv1,0.044550031423568726
124,blocks.21.conv2,0.043899327516555786
124,blocks.22.conv1,0.04701005667448044
124,blocks.22.conv2,0.04510512575507164
124,blocks.23.conv1,0.050336528569459915
124,blocks.23.conv2,0.037091661244630814
124,blocks.24.conv1,0.03119981661438942
124,blocks.24.conv2,0.028888950124382973
124,blocks.25.conv1,0.024894187226891518
124,blocks.25.conv2,0.02843835949897766
124,blocks.26.conv1,0.02647256664931774
124,blocks.26.conv2,0.03620585426688194
124,blocks.27.conv1,0.036613646894693375
124,blocks.27.conv2,0.040775466710329056
124,blocks.28.conv1,0.03342399373650551
124,blocks.28.conv2,0.03699532896280289
124,blocks.29.conv1,0.04040117189288139
124,blocks.29.conv2,0.030530046671628952
124,blocks.30.conv1,0.035955965518951416
124,blocks.30.conv2,0.03313399478793144
124,blocks.31.conv1,0.02845955267548561
124,blocks.31.conv2,0.029553739354014397
124,blocks.32.conv1,0.03723349794745445
124,blocks.32.conv2,0.028438035398721695
124,blocks.33.conv1,0.02701951190829277
124,blocks.33.conv2,0.029660547152161598
124,blocks.34.conv1,0.029689989984035492
124,blocks.34.conv2,0.03315872326493263
124,blocks.35.conv1,0.03727620840072632
124,blocks.35.conv2,0.039130885154008865
124,blocks.36.conv1,0.03933494910597801
124,blocks.36.conv2,0.04984399303793907
124,blocks.37.conv1,0.06836655735969543
124,blocks.37.conv2,0.05237652733922005
124,blocks.38.conv1,0.06451904773712158
124,blocks.38.conv2,0.07165583223104477
124,blocks.39.conv1,0.06610672175884247
124,blocks.39.conv2,0.05269038677215576
124,blocks.40.conv1,0.04603418707847595
124,blocks.40.conv2,0.05073606222867966
124,blocks.41.conv1,0.06052059680223465
124,blocks.41.conv2,0.09415972232818604
124,blocks.42.conv1,0.09485146403312683
124,blocks.42.conv2,0.09575144201517105
124,blocks.43.conv1,0.11110278964042664
124,blocks.43.conv2,0.12669704854488373
124,blocks.44.conv1,0.1338823288679123
124,blocks.44.conv2,0.15147998929023743
124,blocks.45.conv1,0.17335963249206543
124,blocks.45.conv2,0.19956618547439575
124,blocks.46.conv1,0.22988256812095642
124,blocks.46.conv2,0.25847116112709045
124,blocks.47.conv1,0.2759276330471039
124,blocks.47.conv2,0.2630252540111542
124,blocks.48.conv1,0.24780218303203583
124,blocks.48.conv2,0.2762153744697571
124,blocks.49.conv1,0.2955182194709778
124,blocks.49.conv2,0.19351568818092346
124,mean_conv2d_grad_norm,0.06383619535861924
125,stem.0,0.05349046364426613
125,blocks.0.conv1,0.04631657525897026
125,blocks.0.conv2,0.03651423379778862
125,blocks.1.conv1,0.07746392488479614
125,blocks.1.conv2,0.052549783140420914
125,blocks.2.conv1,0.042800918221473694
125,blocks.2.conv2,0.049617473036050797
125,blocks.3.conv1,0.11853710561990738
125,blocks.3.conv2,0.0855724886059761
125,blocks.4.conv1,0.06659947335720062
125,blocks.4.conv2,0.07287999987602234
125,blocks.5.conv1,0.07005921751260757
125,blocks.5.conv2,0.06388617306947708
125,blocks.6.conv1,0.04633115977048874
125,blocks.6.conv2,0.06376778334379196
125,blocks.7.conv1,0.06922301650047302
125,blocks.7.conv2,0.21355421841144562
125,blocks.8.conv1,0.09287792444229126
125,blocks.8.conv2,0.10210072249174118
125,blocks.9.conv1,0.06109318137168884
125,blocks.9.conv2,0.07316070795059204
125,blocks.10.conv1,0.11126013100147247
125,blocks.10.conv2,0.06411159038543701
125,blocks.11.conv1,0.05000815540552139
125,blocks.11.conv2,0.04176076874136925
125,blocks.12.conv1,0.052915073931217194
125,blocks.12.conv2,0.06008082255721092
125,blocks.13.conv1,0.04240293428301811
125,blocks.13.conv2,0.03763175010681152
125,blocks.14.conv1,0.030358221381902695
125,blocks.14.conv2,0.04279221594333649
125,blocks.15.conv1,0.05330754816532135
125,blocks.15.conv2,0.041687652468681335
125,blocks.16.conv1,0.04827557131648064
125,blocks.16.conv2,0.0449368916451931
125,blocks.17.conv1,0.05328024923801422
125,blocks.17.conv2,0.06303095817565918
125,blocks.18.conv1,0.05605514720082283
125,blocks.18.conv2,0.049670759588479996
125,blocks.19.conv1,0.07107414305210114
125,blocks.19.conv2,0.051633257418870926
125,blocks.20.conv1,0.048472702503204346
125,blocks.20.conv2,0.04046682268381119
125,blocks.21.conv1,0.04851442575454712
125,blocks.21.conv2,0.05731828883290291
125,blocks.22.conv1,0.04235357046127319
125,blocks.22.conv2,0.06534433364868164
125,blocks.23.conv1,0.06005189195275307
125,blocks.23.conv2,0.04958704113960266
125,blocks.24.conv1,0.03974835202097893
125,blocks.24.conv2,0.03893081843852997
125,blocks.25.conv1,0.04397885501384735
125,blocks.25.conv2,0.04968716576695442
125,blocks.26.conv1,0.051187388598918915
125,blocks.26.conv2,0.04757034033536911
125,blocks.27.conv1,0.047498758882284164
125,blocks.27.conv2,0.07602158188819885
125,blocks.28.conv1,0.045802950859069824
125,blocks.28.conv2,0.042876675724983215
125,blocks.29.conv1,0.047271937131881714
125,blocks.29.conv2,0.04253143072128296
125,blocks.30.conv1,0.04855513945221901
125,blocks.30.conv2,0.03856561705470085
125,blocks.31.conv1,0.03586950525641441
125,blocks.31.conv2,0.03805840387940407
125,blocks.32.conv1,0.03267453983426094
125,blocks.32.conv2,0.026460908353328705
125,blocks.33.conv1,0.03999059274792671
125,blocks.33.conv2,0.04496734216809273
125,blocks.34.conv1,0.03489919751882553
125,blocks.34.conv2,0.040680136531591415
125,blocks.35.conv1,0.05202897638082504
125,blocks.35.conv2,0.06234854459762573
125,blocks.36.conv1,0.0612952783703804
125,blocks.36.conv2,0.07904961705207825
125,blocks.37.conv1,0.08197163790464401
125,blocks.37.conv2,0.07732107490301132
125,blocks.38.conv1,0.10339947044849396
125,blocks.38.conv2,0.1015932634472847
125,blocks.39.conv1,0.09725723415613174
125,blocks.39.conv2,0.06946651637554169
125,blocks.40.conv1,0.05889102816581726
125,blocks.40.conv2,0.05749928578734398
125,blocks.41.conv1,0.06415169686079025
125,blocks.41.conv2,0.0794188603758812
125,blocks.42.conv1,0.09948202222585678
125,blocks.42.conv2,0.11643237620592117
125,blocks.43.conv1,0.13557161390781403
125,blocks.43.conv2,0.15262900292873383
125,blocks.44.conv1,0.1695246696472168
125,blocks.44.conv2,0.20381756126880646
125,blocks.45.conv1,0.21356706321239471
125,blocks.45.conv2,0.21280580759048462
125,blocks.46.conv1,0.238063246011734
125,blocks.46.conv2,0.27258577942848206
125,blocks.47.conv1,0.3235695958137512
125,blocks.47.conv2,0.32476508617401123
125,blocks.48.conv1,0.31159329414367676
125,blocks.48.conv2,0.3146817088127136
125,blocks.49.conv1,0.3004767894744873
125,blocks.49.conv2,0.20553234219551086
125,mean_conv2d_grad_norm,0.0854593816370067
126,stem.0,0.054414089769124985
126,blocks.0.conv1,0.04184370115399361
126,blocks.0.conv2,0.043152716010808945
126,blocks.1.conv1,0.1025720164179802
126,blocks.1.conv2,0.22830459475517273
126,blocks.2.conv1,0.21311424672603607
126,blocks.2.conv2,0.06839684396982193
126,blocks.3.conv1,0.10307180136442184
126,blocks.3.conv2,0.13503852486610413
126,blocks.4.conv1,0.10799887776374817
126,blocks.4.conv2,0.0571758896112442
126,blocks.5.conv1,0.05102010816335678
126,blocks.5.conv2,0.03960936889052391
126,blocks.6.conv1,0.047146447002887726
126,blocks.6.conv2,0.0375094972550869
126,blocks.7.conv1,0.05254843086004257
126,blocks.7.conv2,0.09105271846055984
126,blocks.8.conv1,0.054878950119018555
126,blocks.8.conv2,0.04671313241124153
126,blocks.9.conv1,0.04580225050449371
126,blocks.9.conv2,0.07575901597738266
126,blocks.10.conv1,0.07977136224508286
126,blocks.10.conv2,0.05253398045897484
126,blocks.11.conv1,0.057440828531980515
126,blocks.11.conv2,0.03628535568714142
126,blocks.12.conv1,0.08308366686105728
126,blocks.12.conv2,0.0799756646156311
126,blocks.13.conv1,0.07184015214443207
126,blocks.13.conv2,0.04194546863436699
126,blocks.14.conv1,0.03484709560871124
126,blocks.14.conv2,0.038973480463027954
126,blocks.15.conv1,0.04031994938850403
126,blocks.15.conv2,0.04608214274048805
126,blocks.16.conv1,0.047631677240133286
126,blocks.16.conv2,0.03957291692495346
126,blocks.17.conv1,0.03972471505403519
126,blocks.17.conv2,0.03995373845100403
126,blocks.18.conv1,0.05117408558726311
126,blocks.18.conv2,0.043685413897037506
126,blocks.19.conv1,0.05165558680891991
126,blocks.19.conv2,0.04379934072494507
126,blocks.20.conv1,0.045939527451992035
126,blocks.20.conv2,0.053534138947725296
126,blocks.21.conv1,0.044533662497997284
126,blocks.21.conv2,0.06363998353481293
126,blocks.22.conv1,0.04516151174902916
126,blocks.22.conv2,0.048095475882291794
126,blocks.23.conv1,0.06275856494903564
126,blocks.23.conv2,0.05296928435564041
126,blocks.24.conv1,0.03931700065732002
126,blocks.24.conv2,0.03215886652469635
126,blocks.25.conv1,0.04125884920358658
126,blocks.25.conv2,0.032109782099723816
126,blocks.26.conv1,0.049890391528606415
126,blocks.26.conv2,0.05627709999680519
126,blocks.27.conv1,0.056776776909828186
126,blocks.27.conv2,0.06073443219065666
126,blocks.28.conv1,0.04850481078028679
126,blocks.28.conv2,0.04895583540201187
126,blocks.29.conv1,0.050901588052511215
126,blocks.29.conv2,0.04441773518919945
126,blocks.30.conv1,0.05211365967988968
126,blocks.30.conv2,0.048669274896383286
126,blocks.31.conv1,0.037387553602457047
126,blocks.31.conv2,0.03769983723759651
126,blocks.32.conv1,0.052457090467214584
126,blocks.32.conv2,0.03550630807876587
126,blocks.33.conv1,0.041617147624492645
126,blocks.33.conv2,0.03983848914504051
126,blocks.34.conv1,0.03847017511725426
126,blocks.34.conv2,0.04785461723804474
126,blocks.35.conv1,0.05531299114227295
126,blocks.35.conv2,0.062441304326057434
126,blocks.36.conv1,0.07118212431669235
126,blocks.36.conv2,0.073688805103302
126,blocks.37.conv1,0.09011610597372055
126,blocks.37.conv2,0.11125946789979935
126,blocks.38.conv1,0.09271030128002167
126,blocks.38.conv2,0.10793356597423553
126,blocks.39.conv1,0.08554086089134216
126,blocks.39.conv2,0.07606913149356842
126,blocks.40.conv1,0.06092258170247078
126,blocks.40.conv2,0.05050284042954445
126,blocks.41.conv1,0.055031608790159225
126,blocks.41.conv2,0.08040186017751694
126,blocks.42.conv1,0.09103875607252121
126,blocks.42.conv2,0.10858939588069916
126,blocks.43.conv1,0.1242666244506836
126,blocks.43.conv2,0.1373559832572937
126,blocks.44.conv1,0.19631800055503845
126,blocks.44.conv2,0.21306614577770233
126,blocks.45.conv1,0.2105206400156021
126,blocks.45.conv2,0.21121351420879364
126,blocks.46.conv1,0.2302015870809555
126,blocks.46.conv2,0.26759129762649536
126,blocks.47.conv1,0.3321087956428528
126,blocks.47.conv2,0.3608221411705017
126,blocks.48.conv1,0.34426233172416687
126,blocks.48.conv2,0.3410903215408325
126,blocks.49.conv1,0.35818931460380554
126,blocks.49.conv2,0.24008207023143768
126,mean_conv2d_grad_norm,0.08878019588566062
127,stem.0,0.01127967145293951
127,blocks.0.conv1,0.015448485501110554
127,blocks.0.conv2,0.023335393518209457
127,blocks.1.conv1,0.03305000066757202
127,blocks.1.conv2,0.06047530844807625
127,blocks.2.conv1,0.037117037922143936
127,blocks.2.conv2,0.03822896257042885
127,blocks.3.conv1,0.07398373633623123
127,blocks.3.conv2,0.0791991725564003
127,blocks.4.conv1,0.06109592318534851
127,blocks.4.conv2,0.04858478158712387
127,blocks.5.conv1,0.04884655773639679
127,blocks.5.conv2,0.062034524977207184
127,blocks.6.conv1,0.04851993918418884
127,blocks.6.conv2,0.05772637203335762
127,blocks.7.conv1,0.046379148960113525
127,blocks.7.conv2,0.0897001177072525
127,blocks.8.conv1,0.05537419766187668
127,blocks.8.conv2,0.04379555210471153
127,blocks.9.conv1,0.04141460359096527
127,blocks.9.conv2,0.05511024221777916
127,blocks.10.conv1,0.05949797481298447
127,blocks.10.conv2,0.05509120225906372
127,blocks.11.conv1,0.058839257806539536
127,blocks.11.conv2,0.05956466495990753
127,blocks.12.conv1,0.07736760377883911
127,blocks.12.conv2,0.09012947231531143
127,blocks.13.conv1,0.045182909816503525
127,blocks.13.conv2,0.04658643528819084
127,blocks.14.conv1,0.03982987627387047
127,blocks.14.conv2,0.0488920658826828
127,blocks.15.conv1,0.047342512756586075
127,blocks.15.conv2,0.044889893382787704
127,blocks.16.conv1,0.04152626171708107
127,blocks.16.conv2,0.03848531097173691
127,blocks.17.conv1,0.029299922287464142
127,blocks.17.conv2,0.04338458552956581
127,blocks.18.conv1,0.06120946630835533
127,blocks.18.conv2,0.04568781331181526
127,blocks.19.conv1,0.0540567971765995
127,blocks.19.conv2,0.0465521402657032
127,blocks.20.conv1,0.0439891554415226
127,blocks.20.conv2,0.05387306958436966
127,blocks.21.conv1,0.04557018727064133
127,blocks.21.conv2,0.06911879777908325
127,blocks.22.conv1,0.04952487722039223
127,blocks.22.conv2,0.054180704057216644
127,blocks.23.conv1,0.06743605434894562
127,blocks.23.conv2,0.051139768213033676
127,blocks.24.conv1,0.037047889083623886
127,blocks.24.conv2,0.03475680202245712
127,blocks.25.conv1,0.04618346691131592
127,blocks.25.conv2,0.042384881526231766
127,blocks.26.conv1,0.06237748637795448
127,blocks.26.conv2,0.057692740112543106
127,blocks.27.conv1,0.05856359377503395
127,blocks.27.conv2,0.059964172542095184
127,blocks.28.conv1,0.053932201117277145
127,blocks.28.conv2,0.05275144800543785
127,blocks.29.conv1,0.04813437536358833
127,blocks.29.conv2,0.054878901690244675
127,blocks.30.conv1,0.05361422151327133
127,blocks.30.conv2,0.05823751538991928
127,blocks.31.conv1,0.03495059907436371
127,blocks.31.conv2,0.04016057029366493
127,blocks.32.conv1,0.04472469538450241
127,blocks.32.conv2,0.0536159873008728
127,blocks.33.conv1,0.0485946424305439
127,blocks.33.conv2,0.05548815056681633
127,blocks.34.conv1,0.04586322605609894
127,blocks.34.conv2,0.04283803701400757
127,blocks.35.conv1,0.06975515931844711
127,blocks.35.conv2,0.07413209974765778
127,blocks.36.conv1,0.06055428832769394
127,blocks.36.conv2,0.05157918110489845
127,blocks.37.conv1,0.05989805608987808
127,blocks.37.conv2,0.06975674629211426
127,blocks.38.conv1,0.06911331415176392
127,blocks.38.conv2,0.07194880396127701
127,blocks.39.conv1,0.06479180604219437
127,blocks.39.conv2,0.06737785786390305
127,blocks.40.conv1,0.04288526996970177
127,blocks.40.conv2,0.06274475157260895
127,blocks.41.conv1,0.04452190175652504
127,blocks.41.conv2,0.052199821919202805
127,blocks.42.conv1,0.05902708321809769
127,blocks.42.conv2,0.08392788469791412
127,blocks.43.conv1,0.10013673454523087
127,blocks.43.conv2,0.13852976262569427
127,blocks.44.conv1,0.17211057245731354
127,blocks.44.conv2,0.2120320051908493
127,blocks.45.conv1,0.18724144995212555
127,blocks.45.conv2,0.19689010083675385
127,blocks.46.conv1,0.21810279786586761
127,blocks.46.conv2,0.2515525221824646
127,blocks.47.conv1,0.26516348123550415
127,blocks.47.conv2,0.29290786385536194
127,blocks.48.conv1,0.2895459830760956
127,blocks.48.conv2,0.31745144724845886
127,blocks.49.conv1,0.3068546950817108
127,blocks.49.conv2,0.20978066325187683
127,mean_conv2d_grad_norm,0.0767150318784879
128,stem.0,0.042669061571359634
128,blocks.0.conv1,0.0214761421084404
128,blocks.0.conv2,0.049384281039237976
128,blocks.1.conv1,0.18262262642383575
128,blocks.1.conv2,0.07452942430973053
128,blocks.2.conv1,0.047856107354164124
128,blocks.2.conv2,0.10368867218494415
128,blocks.3.conv1,0.08967728167772293
128,blocks.3.conv2,0.12295573949813843
128,blocks.4.conv1,0.10177735239267349
128,blocks.4.conv2,0.09522903710603714
128,blocks.5.conv1,0.08245448023080826
128,blocks.5.conv2,0.05946579575538635
128,blocks.6.conv1,0.06606103479862213
128,blocks.6.conv2,0.05043336749076843
128,blocks.7.conv1,0.05988147482275963
128,blocks.7.conv2,0.20971353352069855
128,blocks.8.conv1,0.06591690331697464
128,blocks.8.conv2,0.05724412575364113
128,blocks.9.conv1,0.06556342542171478
128,blocks.9.conv2,0.07778995484113693
128,blocks.10.conv1,0.08866315335035324
128,blocks.10.conv2,0.09512344002723694
128,blocks.11.conv1,0.06016392633318901
128,blocks.11.conv2,0.07854088395833969
128,blocks.12.conv1,0.1043751984834671
128,blocks.12.conv2,0.110759437084198
128,blocks.13.conv1,0.07778751850128174
128,blocks.13.conv2,0.06888113915920258
128,blocks.14.conv1,0.05307959392666817
128,blocks.14.conv2,0.05848057568073273
128,blocks.15.conv1,0.06804035604000092
128,blocks.15.conv2,0.06798498332500458
128,blocks.16.conv1,0.0762457400560379
128,blocks.16.conv2,0.08431065082550049
128,blocks.17.conv1,0.06697650998830795
128,blocks.17.conv2,0.07145661115646362
128,blocks.18.conv1,0.0590241365134716
128,blocks.18.conv2,0.07353665679693222
128,blocks.19.conv1,0.07415944337844849
128,blocks.19.conv2,0.05245530977845192
128,blocks.20.conv1,0.051720961928367615
128,blocks.20.conv2,0.07649895548820496
128,blocks.21.conv1,0.0562516488134861
128,blocks.21.conv2,0.11008568108081818
128,blocks.22.conv1,0.07870083302259445
128,blocks.22.conv2,0.06212042644619942
128,blocks.23.conv1,0.07327067852020264
128,blocks.23.conv2,0.058630578219890594
128,blocks.24.conv1,0.049410827457904816
128,blocks.24.conv2,0.06165426969528198
128,blocks.25.conv1,0.07055503129959106
128,blocks.25.conv2,0.06429000198841095
128,blocks.26.conv1,0.08258117735385895
128,blocks.26.conv2,0.07777553796768188
128,blocks.27.conv1,0.08563008904457092
128,blocks.27.conv2,0.0992070809006691
128,blocks.28.conv1,0.07283230870962143
128,blocks.28.conv2,0.06443159282207489
128,blocks.29.conv1,0.06398895382881165
128,blocks.29.conv2,0.05552545562386513
128,blocks.30.conv1,0.06575729697942734
128,blocks.30.conv2,0.05625680834054947
128,blocks.31.conv1,0.04402695968747139
128,blocks.31.conv2,0.04666930437088013
128,blocks.32.conv1,0.08830102533102036
128,blocks.32.conv2,0.0683128759264946
128,blocks.33.conv1,0.05591506510972977
128,blocks.33.conv2,0.06738884001970291
128,blocks.34.conv1,0.05555932596325874
128,blocks.34.conv2,0.05963147059082985
128,blocks.35.conv1,0.07975944131612778
128,blocks.35.conv2,0.07740146666765213
128,blocks.36.conv1,0.07484908401966095
128,blocks.36.conv2,0.07357893139123917
128,blocks.37.conv1,0.08688177168369293
128,blocks.37.conv2,0.07850617915391922
128,blocks.38.conv1,0.08655247837305069
128,blocks.38.conv2,0.08382784575223923
128,blocks.39.conv1,0.10450460761785507
128,blocks.39.conv2,0.08460183441638947
128,blocks.40.conv1,0.06317488104104996
128,blocks.40.conv2,0.05573233962059021
128,blocks.41.conv1,0.061537764966487885
128,blocks.41.conv2,0.0754784569144249
128,blocks.42.conv1,0.0791410431265831
128,blocks.42.conv2,0.09822523593902588
128,blocks.43.conv1,0.14401471614837646
128,blocks.43.conv2,0.16627977788448334
128,blocks.44.conv1,0.19845391809940338
128,blocks.44.conv2,0.230390265583992
128,blocks.45.conv1,0.22674784064292908
128,blocks.45.conv2,0.25037896633148193
128,blocks.46.conv1,0.2647121250629425
128,blocks.46.conv2,0.3146669268608093
128,blocks.47.conv1,0.38973531126976013
128,blocks.47.conv2,0.5070470571517944
128,blocks.48.conv1,0.418684720993042
128,blocks.48.conv2,0.41025665402412415
128,blocks.49.conv1,0.39977702498435974
128,blocks.49.conv2,0.23739947378635406
128,mean_conv2d_grad_norm,0.10556152761720194
129,stem.0,0.03633436933159828
129,blocks.0.conv1,0.028481867164373398
129,blocks.0.conv2,0.05890766158699989
129,blocks.1.conv1,0.15075133740901947
129,blocks.1.conv2,0.1587076187133789
129,blocks.2.conv1,0.10756043344736099
129,blocks.2.conv2,0.06738051027059555
129,blocks.3.conv1,0.10804428160190582
129,blocks.3.conv2,0.18160787224769592
129,blocks.4.conv1,0.12188958376646042
129,blocks.4.conv2,0.0926831066608429
129,blocks.5.conv1,0.10272075980901718
129,blocks.5.conv2,0.060707103461027145
129,blocks.6.conv1,0.0701327845454216
129,blocks.6.conv2,0.03866825997829437
129,blocks.7.conv1,0.05676092579960823
129,blocks.7.conv2,0.1188790425658226
129,blocks.8.conv1,0.07749691605567932
129,blocks.8.conv2,0.059337787330150604
129,blocks.9.conv1,0.048112448304891586
129,blocks.9.conv2,0.06914854049682617
129,blocks.10.conv1,0.0585092268884182
129,blocks.10.conv2,0.05607641488313675
129,blocks.11.conv1,0.04346858337521553
129,blocks.11.conv2,0.05448353290557861
129,blocks.12.conv1,0.09298107773065567
129,blocks.12.conv2,0.08739378303289413
129,blocks.13.conv1,0.08065874129533768
129,blocks.13.conv2,0.04938729107379913
129,blocks.14.conv1,0.03239569440484047
129,blocks.14.conv2,0.043883394449949265
129,blocks.15.conv1,0.05288231372833252
129,blocks.15.conv2,0.07776163518428802
129,blocks.16.conv1,0.07042104750871658
129,blocks.16.conv2,0.06048884242773056
129,blocks.17.conv1,0.043637264519929886
129,blocks.17.conv2,0.04882528632879257
129,blocks.18.conv1,0.06418927758932114
129,blocks.18.conv2,0.07596568763256073
129,blocks.19.conv1,0.0939512848854065
129,blocks.19.conv2,0.055973444133996964
129,blocks.20.conv1,0.05227683112025261
129,blocks.20.conv2,0.07887554168701172
129,blocks.21.conv1,0.07482076436281204
129,blocks.21.conv2,0.06406333297491074
129,blocks.22.conv1,0.05493435263633728
129,blocks.22.conv2,0.061406880617141724
129,blocks.23.conv1,0.0786384716629982
129,blocks.23.conv2,0.07217125594615936
129,blocks.24.conv1,0.056331947445869446
129,blocks.24.conv2,0.05564064532518387
129,blocks.25.conv1,0.05752258002758026
129,blocks.25.conv2,0.07146615535020828
129,blocks.26.conv1,0.07670383155345917
129,blocks.26.conv2,0.10464023798704147
129,blocks.27.conv1,0.08415177464485168
129,blocks.27.conv2,0.07708341628313065
129,blocks.28.conv1,0.07644502818584442
129,blocks.28.conv2,0.06194913759827614
129,blocks.29.conv1,0.06917094439268112
129,blocks.29.conv2,0.07014848291873932
129,blocks.30.conv1,0.08271799236536026
129,blocks.30.conv2,0.07090392708778381
129,blocks.31.conv1,0.0675332322716713
129,blocks.31.conv2,0.05980271100997925
129,blocks.32.conv1,0.05764106288552284
129,blocks.32.conv2,0.05936842039227486
129,blocks.33.conv1,0.058145273476839066
129,blocks.33.conv2,0.0665353462100029
129,blocks.34.conv1,0.06902628391981125
129,blocks.34.conv2,0.07638264447450638
129,blocks.35.conv1,0.07521316409111023
129,blocks.35.conv2,0.09239936619997025
129,blocks.36.conv1,0.07384411990642548
129,blocks.36.conv2,0.0710226520895958
129,blocks.37.conv1,0.06929260492324829
129,blocks.37.conv2,0.07081499695777893
129,blocks.38.conv1,0.09089821577072144
129,blocks.38.conv2,0.09929866343736649
129,blocks.39.conv1,0.09780088812112808
129,blocks.39.conv2,0.08780521154403687
129,blocks.40.conv1,0.06894384324550629
129,blocks.40.conv2,0.07193832099437714
129,blocks.41.conv1,0.07933177798986435
129,blocks.41.conv2,0.1090998500585556
129,blocks.42.conv1,0.12183322757482529
129,blocks.42.conv2,0.1355639547109604
129,blocks.43.conv1,0.16366490721702576
129,blocks.43.conv2,0.17697206139564514
129,blocks.44.conv1,0.20242953300476074
129,blocks.44.conv2,0.2517032027244568
129,blocks.45.conv1,0.24143385887145996
129,blocks.45.conv2,0.2866131365299225
129,blocks.46.conv1,0.26993319392204285
129,blocks.46.conv2,0.2809814214706421
129,blocks.47.conv1,0.30172234773635864
129,blocks.47.conv2,0.3255419433116913
129,blocks.48.conv1,0.3405226469039917
129,blocks.48.conv2,0.35490334033966064
129,blocks.49.conv1,0.34124401211738586
129,blocks.49.conv2,0.22612451016902924
129,mean_conv2d_grad_norm,0.10201026252148175
130,stem.0,0.060822270810604095
130,blocks.0.conv1,0.054151106625795364
130,blocks.0.conv2,0.06007543206214905
130,blocks.1.conv1,0.058148931711912155
130,blocks.1.conv2,0.10198711603879929
130,blocks.2.conv1,0.10927199572324753
130,blocks.2.conv2,0.07459432631731033
130,blocks.3.conv1,0.09811871498823166
130,blocks.3.conv2,0.06831295788288116
130,blocks.4.conv1,0.050394922494888306
130,blocks.4.conv2,0.04518664628267288
130,blocks.5.conv1,0.048505090177059174
130,blocks.5.conv2,0.04454277455806732
130,blocks.6.conv1,0.05481743440032005
130,blocks.6.conv2,0.035262592136859894
130,blocks.7.conv1,0.054055970162153244
130,blocks.7.conv2,0.07979949563741684
130,blocks.8.conv1,0.05293503403663635
130,blocks.8.conv2,0.04466579109430313
130,blocks.9.conv1,0.05579988658428192
130,blocks.9.conv2,0.09737550467252731
130,blocks.10.conv1,0.08016691356897354
130,blocks.10.conv2,0.07061392068862915
130,blocks.11.conv1,0.04363430291414261
130,blocks.11.conv2,0.0545266792178154
130,blocks.12.conv1,0.08641199767589569
130,blocks.12.conv2,0.08000250160694122
130,blocks.13.conv1,0.05982276797294617
130,blocks.13.conv2,0.05422321334481239
130,blocks.14.conv1,0.044509392231702805
130,blocks.14.conv2,0.04409759119153023
130,blocks.15.conv1,0.05016060173511505
130,blocks.15.conv2,0.053770389407873154
130,blocks.16.conv1,0.04946168139576912
130,blocks.16.conv2,0.054669156670570374
130,blocks.17.conv1,0.047739747911691666
130,blocks.17.conv2,0.05504811927676201
130,blocks.18.conv1,0.08100873976945877
130,blocks.18.conv2,0.08235125988721848
130,blocks.19.conv1,0.06273234635591507
130,blocks.19.conv2,0.06358691304922104
130,blocks.20.conv1,0.060973793268203735
130,blocks.20.conv2,0.07546894252300262
130,blocks.21.conv1,0.06044841930270195
130,blocks.21.conv2,0.06410624831914902
130,blocks.22.conv1,0.059364039450883865
130,blocks.22.conv2,0.07342764735221863
130,blocks.23.conv1,0.08547934144735336
130,blocks.23.conv2,0.06930244714021683
130,blocks.24.conv1,0.06369853019714355
130,blocks.24.conv2,0.0597631074488163
130,blocks.25.conv1,0.06750734150409698
130,blocks.25.conv2,0.07855664193630219
130,blocks.26.conv1,0.0802292749285698
130,blocks.26.conv2,0.09245428442955017
130,blocks.27.conv1,0.0703490599989891
130,blocks.27.conv2,0.07197611033916473
130,blocks.28.conv1,0.06858351081609726
130,blocks.28.conv2,0.054108694195747375
130,blocks.29.conv1,0.06146273761987686
130,blocks.29.conv2,0.05226888507604599
130,blocks.30.conv1,0.06663179397583008
130,blocks.30.conv2,0.08073632419109344
130,blocks.31.conv1,0.04194207489490509
130,blocks.31.conv2,0.049727849662303925
130,blocks.32.conv1,0.06430450826883316
130,blocks.32.conv2,0.05934014171361923
130,blocks.33.conv1,0.05163300782442093
130,blocks.33.conv2,0.0576477013528347
130,blocks.34.conv1,0.044600050896406174
130,blocks.34.conv2,0.04978075250983238
130,blocks.35.conv1,0.0538511797785759
130,blocks.35.conv2,0.08594812452793121
130,blocks.36.conv1,0.054053857922554016
130,blocks.36.conv2,0.05905970185995102
130,blocks.37.conv1,0.07309430092573166
130,blocks.37.conv2,0.0732979029417038
130,blocks.38.conv1,0.08605529367923737
130,blocks.38.conv2,0.08342915028333664
130,blocks.39.conv1,0.09668117761611938
130,blocks.39.conv2,0.0764988586306572
130,blocks.40.conv1,0.060145456343889236
130,blocks.40.conv2,0.06880287826061249
130,blocks.41.conv1,0.07082735002040863
130,blocks.41.conv2,0.061883144080638885
130,blocks.42.conv1,0.06785473227500916
130,blocks.42.conv2,0.09377279877662659
130,blocks.43.conv1,0.11212042719125748
130,blocks.43.conv2,0.16319504380226135
130,blocks.44.conv1,0.19706761837005615
130,blocks.44.conv2,0.22570782899856567
130,blocks.45.conv1,0.23061591386795044
130,blocks.45.conv2,0.26776304841041565
130,blocks.46.conv1,0.2775605320930481
130,blocks.46.conv2,0.2905695140361786
130,blocks.47.conv1,0.3181822597980499
130,blocks.47.conv2,0.32909297943115234
130,blocks.48.conv1,0.3359118103981018
130,blocks.48.conv2,0.34914058446884155
130,blocks.49.conv1,0.3384286165237427
130,blocks.49.conv2,0.2574906349182129
130,mean_conv2d_grad_norm,0.0926865169612488
131,stem.0,0.11742919683456421
131,blocks.0.conv1,0.08669723570346832
131,blocks.0.conv2,0.12163066118955612
131,blocks.1.conv1,0.16344401240348816
131,blocks.1.conv2,0.3045181334018707
131,blocks.2.conv1,0.24475479125976562
131,blocks.2.conv2,0.284495085477829
131,blocks.3.conv1,0.1569318324327469
131,blocks.3.conv2,0.18314896523952484
131,blocks.4.conv1,0.13248105347156525
131,blocks.4.conv2,0.09063534438610077
131,blocks.5.conv1,0.09329751878976822
131,blocks.5.conv2,0.07998102903366089
131,blocks.6.conv1,0.0959298312664032
131,blocks.6.conv2,0.0686902403831482
131,blocks.7.conv1,0.07883722335100174
131,blocks.7.conv2,0.2212013453245163
131,blocks.8.conv1,0.12851402163505554
131,blocks.8.conv2,0.0764828622341156
131,blocks.9.conv1,0.10294753313064575
131,blocks.9.conv2,0.09877936542034149
131,blocks.10.conv1,0.12386127561330795
131,blocks.10.conv2,0.11837099492549896
131,blocks.11.conv1,0.09516074508428574
131,blocks.11.conv2,0.10484743863344193
131,blocks.12.conv1,0.15227478742599487
131,blocks.12.conv2,0.13023152947425842
131,blocks.13.conv1,0.08772943168878555
131,blocks.13.conv2,0.09300649911165237
131,blocks.14.conv1,0.08880241215229034
131,blocks.14.conv2,0.06948050856590271
131,blocks.15.conv1,0.07286743074655533
131,blocks.15.conv2,0.08087284117937088
131,blocks.16.conv1,0.08784303069114685
131,blocks.16.conv2,0.08426478505134583
131,blocks.17.conv1,0.07133622467517853
131,blocks.17.conv2,0.08252798765897751
131,blocks.18.conv1,0.10529483109712601
131,blocks.18.conv2,0.11445323377847672
131,blocks.19.conv1,0.1341317892074585
131,blocks.19.conv2,0.09968116134405136
131,blocks.20.conv1,0.08040747046470642
131,blocks.20.conv2,0.07530666142702103
131,blocks.21.conv1,0.09387554973363876
131,blocks.21.conv2,0.086285799741745
131,blocks.22.conv1,0.06847168505191803
131,blocks.22.conv2,0.08512664586305618
131,blocks.23.conv1,0.08207113295793533
131,blocks.23.conv2,0.06267216056585312
131,blocks.24.conv1,0.05612916126847267
131,blocks.24.conv2,0.05927864462137222
131,blocks.25.conv1,0.06146785989403725
131,blocks.25.conv2,0.06546709686517715
131,blocks.26.conv1,0.07166101038455963
131,blocks.26.conv2,0.08791901171207428
131,blocks.27.conv1,0.08077368140220642
131,blocks.27.conv2,0.08178836852312088
131,blocks.28.conv1,0.09187030047178268
131,blocks.28.conv2,0.06854363530874252
131,blocks.29.conv1,0.08044134080410004
131,blocks.29.conv2,0.08351768553256989
131,blocks.30.conv1,0.09082238376140594
131,blocks.30.conv2,0.08698683232069016
131,blocks.31.conv1,0.07034099847078323
131,blocks.31.conv2,0.07815491408109665
131,blocks.32.conv1,0.09414507448673248
131,blocks.32.conv2,0.08254734426736832
131,blocks.33.conv1,0.07990266382694244
131,blocks.33.conv2,0.0895693227648735
131,blocks.34.conv1,0.08794780820608139
131,blocks.34.conv2,0.0797203928232193
131,blocks.35.conv1,0.08967938274145126
131,blocks.35.conv2,0.08786406368017197
131,blocks.36.conv1,0.08637898415327072
131,blocks.36.conv2,0.07678510248661041
131,blocks.37.conv1,0.09977294504642487
131,blocks.37.conv2,0.0996035486459732
131,blocks.38.conv1,0.11359662562608719
131,blocks.38.conv2,0.12244214862585068
131,blocks.39.conv1,0.11999966204166412
131,blocks.39.conv2,0.11797939240932465
131,blocks.40.conv1,0.09766605496406555
131,blocks.40.conv2,0.08133091032505035
131,blocks.41.conv1,0.09569722414016724
131,blocks.41.conv2,0.11596395075321198
131,blocks.42.conv1,0.1437087208032608
131,blocks.42.conv2,0.17683017253875732
131,blocks.43.conv1,0.2272520363330841
131,blocks.43.conv2,0.24219581484794617
131,blocks.44.conv1,0.2768046259880066
131,blocks.44.conv2,0.32575902342796326
131,blocks.45.conv1,0.35951247811317444
131,blocks.45.conv2,0.3550403118133545
131,blocks.46.conv1,0.3522106111049652
131,blocks.46.conv2,0.3701658248901367
131,blocks.47.conv1,0.4535672664642334
131,blocks.47.conv2,0.5530115962028503
131,blocks.48.conv1,0.48704153299331665
131,blocks.48.conv2,0.5040513873100281
131,blocks.49.conv1,0.5247658491134644
131,blocks.49.conv2,0.34493589401245117
131,mean_conv2d_grad_norm,0.14250190098686974
132,stem.0,0.05071351304650307
132,blocks.0.conv1,0.05314348265528679
132,blocks.0.conv2,0.13851512968540192
132,blocks.1.conv1,0.3973864018917084
132,blocks.1.conv2,0.21384969353675842
132,blocks.2.conv1,0.23372192680835724
132,blocks.2.conv2,0.12217721343040466
132,blocks.3.conv1,0.15887415409088135
132,blocks.3.conv2,0.1658690869808197
132,blocks.4.conv1,0.11892957240343094
132,blocks.4.conv2,0.09350178390741348
132,blocks.5.conv1,0.17167972028255463
132,blocks.5.conv2,0.19749513268470764
132,blocks.6.conv1,0.18389463424682617
132,blocks.6.conv2,0.07802581787109375
132,blocks.7.conv1,0.06954056024551392
132,blocks.7.conv2,0.12216636538505554
132,blocks.8.conv1,0.10860902816057205
132,blocks.8.conv2,0.07278095185756683
132,blocks.9.conv1,0.07338720560073853
132,blocks.9.conv2,0.08921781182289124
132,blocks.10.conv1,0.11266522854566574
132,blocks.10.conv2,0.12473296374082565
132,blocks.11.conv1,0.0764603242278099
132,blocks.11.conv2,0.10300536453723907
132,blocks.12.conv1,0.14361989498138428
132,blocks.12.conv2,0.1724468320608139
132,blocks.13.conv1,0.09198325872421265
132,blocks.13.conv2,0.0694110319018364
132,blocks.14.conv1,0.06272903084754944
132,blocks.14.conv2,0.06891907006502151
132,blocks.15.conv1,0.10011987388134003
132,blocks.15.conv2,0.09129364788532257
132,blocks.16.conv1,0.1012427881360054
132,blocks.16.conv2,0.1258057802915573
132,blocks.17.conv1,0.09293153136968613
132,blocks.17.conv2,0.09433098137378693
132,blocks.18.conv1,0.11983934789896011
132,blocks.18.conv2,0.11976609379053116
132,blocks.19.conv1,0.10601656138896942
132,blocks.19.conv2,0.10012654215097427
132,blocks.20.conv1,0.11037991940975189
132,blocks.20.conv2,0.11826559156179428
132,blocks.21.conv1,0.13574086129665375
132,blocks.21.conv2,0.11063111573457718
132,blocks.22.conv1,0.09201832860708237
132,blocks.22.conv2,0.11504855006933212
132,blocks.23.conv1,0.10897800326347351
132,blocks.23.conv2,0.08998528122901917
132,blocks.24.conv1,0.07206807285547256
132,blocks.24.conv2,0.07454577833414078
132,blocks.25.conv1,0.08891475200653076
132,blocks.25.conv2,0.07672737538814545
132,blocks.26.conv1,0.10527686029672623
132,blocks.26.conv2,0.12104055285453796
132,blocks.27.conv1,0.08847204595804214
132,blocks.27.conv2,0.08763281255960464
132,blocks.28.conv1,0.07536383718252182
132,blocks.28.conv2,0.072431281208992
132,blocks.29.conv1,0.07762414962053299
132,blocks.29.conv2,0.08087237924337387
132,blocks.30.conv1,0.08214396983385086
132,blocks.30.conv2,0.08039218932390213
132,blocks.31.conv1,0.05992623791098595
132,blocks.31.conv2,0.07744055986404419
132,blocks.32.conv1,0.07319391518831253
132,blocks.32.conv2,0.0712171345949173
132,blocks.33.conv1,0.06082027032971382
132,blocks.33.conv2,0.09771551191806793
132,blocks.34.conv1,0.08704651892185211
132,blocks.34.conv2,0.09029050171375275
132,blocks.35.conv1,0.10681161284446716
132,blocks.35.conv2,0.14285773038864136
132,blocks.36.conv1,0.09216418862342834
132,blocks.36.conv2,0.10359567403793335
132,blocks.37.conv1,0.11329084634780884
132,blocks.37.conv2,0.10472044348716736
132,blocks.38.conv1,0.13179254531860352
132,blocks.38.conv2,0.1449739784002304
132,blocks.39.conv1,0.1323091983795166
132,blocks.39.conv2,0.10174466669559479
132,blocks.40.conv1,0.08944079279899597
132,blocks.40.conv2,0.07261664420366287
132,blocks.41.conv1,0.08149495720863342
132,blocks.41.conv2,0.09555152803659439
132,blocks.42.conv1,0.09164130687713623
132,blocks.42.conv2,0.14985282719135284
132,blocks.43.conv1,0.1894766390323639
132,blocks.43.conv2,0.19162560999393463
132,blocks.44.conv1,0.25706762075424194
132,blocks.44.conv2,0.30508720874786377
132,blocks.45.conv1,0.35402911901474
132,blocks.45.conv2,0.3661801218986511
132,blocks.46.conv1,0.3235933184623718
132,blocks.46.conv2,0.3541504144668579
132,blocks.47.conv1,0.40767011046409607
132,blocks.47.conv2,0.42693933844566345
132,blocks.48.conv1,0.3983888626098633
132,blocks.48.conv2,0.39371925592422485
132,blocks.49.conv1,0.4376070201396942
132,blocks.49.conv2,0.2919049561023712
132,mean_conv2d_grad_norm,0.13985572504525137
133,stem.0,0.06890566647052765
133,blocks.0.conv1,0.0755644142627716
133,blocks.0.conv2,0.32616299390792847
133,blocks.1.conv1,0.19676139950752258
133,blocks.1.conv2,0.4252782166004181
133,blocks.2.conv1,0.28100815415382385
133,blocks.2.conv2,0.18825124204158783
133,blocks.3.conv1,0.17680884897708893
133,blocks.3.conv2,0.19676412642002106
133,blocks.4.conv1,0.13905487954616547
133,blocks.4.conv2,0.12413857877254486
133,blocks.5.conv1,0.11715953052043915
133,blocks.5.conv2,0.12501463294029236
133,blocks.6.conv1,0.11244390904903412
133,blocks.6.conv2,0.08329781144857407
133,blocks.7.conv1,0.06904277205467224
133,blocks.7.conv2,0.22273582220077515
133,blocks.8.conv1,0.10924602299928665
133,blocks.8.conv2,0.08473321795463562
133,blocks.9.conv1,0.06324299424886703
133,blocks.9.conv2,0.09740180522203445
133,blocks.10.conv1,0.12508809566497803
133,blocks.10.conv2,0.09014888107776642
133,blocks.11.conv1,0.09070108830928802
133,blocks.11.conv2,0.07807114720344543
133,blocks.12.conv1,0.1459541916847229
133,blocks.12.conv2,0.125375896692276
133,blocks.13.conv1,0.08149980753660202
133,blocks.13.conv2,0.05526460334658623
133,blocks.14.conv1,0.05158068239688873
133,blocks.14.conv2,0.0688115730881691
133,blocks.15.conv1,0.07371678203344345
133,blocks.15.conv2,0.06315019726753235
133,blocks.16.conv1,0.0681176409125328
133,blocks.16.conv2,0.07144447416067123
133,blocks.17.conv1,0.08297216147184372
133,blocks.17.conv2,0.08493784070014954
133,blocks.18.conv1,0.09481658786535263
133,blocks.18.conv2,0.09305750578641891
133,blocks.19.conv1,0.07979531586170197
133,blocks.19.conv2,0.07148189842700958
133,blocks.20.conv1,0.05776830390095711
133,blocks.20.conv2,0.08399173617362976
133,blocks.21.conv1,0.07016079127788544
133,blocks.21.conv2,0.08066194504499435
133,blocks.22.conv1,0.0956808403134346
133,blocks.22.conv2,0.08464405685663223
133,blocks.23.conv1,0.08043399453163147
133,blocks.23.conv2,0.059773094952106476
133,blocks.24.conv1,0.05031502619385719
133,blocks.24.conv2,0.039827972650527954
133,blocks.25.conv1,0.061332061886787415
133,blocks.25.conv2,0.06158607080578804
133,blocks.26.conv1,0.07929492741823196
133,blocks.26.conv2,0.08198465406894684
133,blocks.27.conv1,0.07306807488203049
133,blocks.27.conv2,0.08249673247337341
133,blocks.28.conv1,0.08824871480464935
133,blocks.28.conv2,0.07846087962388992
133,blocks.29.conv1,0.09861227124929428
133,blocks.29.conv2,0.08170245587825775
133,blocks.30.conv1,0.0876605287194252
133,blocks.30.conv2,0.08657072484493256
133,blocks.31.conv1,0.06876304000616074
133,blocks.31.conv2,0.06181260198354721
133,blocks.32.conv1,0.06471706181764603
133,blocks.32.conv2,0.07793308794498444
133,blocks.33.conv1,0.07787125557661057
133,blocks.33.conv2,0.0778302475810051
133,blocks.34.conv1,0.07443664968013763
133,blocks.34.conv2,0.0932709276676178
133,blocks.35.conv1,0.08601884543895721
133,blocks.35.conv2,0.11352898925542831
133,blocks.36.conv1,0.10089977830648422
133,blocks.36.conv2,0.10619916766881943
133,blocks.37.conv1,0.11840426176786423
133,blocks.37.conv2,0.11982131004333496
133,blocks.38.conv1,0.10164856910705566
133,blocks.38.conv2,0.11835154891014099
133,blocks.39.conv1,0.1062474176287651
133,blocks.39.conv2,0.08715258538722992
133,blocks.40.conv1,0.08744142949581146
133,blocks.40.conv2,0.08120126277208328
133,blocks.41.conv1,0.082963727414608
133,blocks.41.conv2,0.10187122225761414
133,blocks.42.conv1,0.10540749132633209
133,blocks.42.conv2,0.12310352921485901
133,blocks.43.conv1,0.19027352333068848
133,blocks.43.conv2,0.19630813598632812
133,blocks.44.conv1,0.22498458623886108
133,blocks.44.conv2,0.2901884615421295
133,blocks.45.conv1,0.3072371482849121
133,blocks.45.conv2,0.283604234457016
133,blocks.46.conv1,0.2964266836643219
133,blocks.46.conv2,0.3438107967376709
133,blocks.47.conv1,0.3919079005718231
133,blocks.47.conv2,0.3816809356212616
133,blocks.48.conv1,0.36664509773254395
133,blocks.48.conv2,0.3955445885658264
133,blocks.49.conv1,0.417022705078125
133,blocks.49.conv2,0.28077346086502075
133,mean_conv2d_grad_norm,0.1311542924382899
134,stem.0,0.04075872153043747
134,blocks.0.conv1,0.029955895617604256
134,blocks.0.conv2,0.12206045538187027
134,blocks.1.conv1,0.33799970149993896
134,blocks.1.conv2,0.21200649440288544
134,blocks.2.conv1,0.2547190189361572
134,blocks.2.conv2,0.09152892976999283
134,blocks.3.conv1,0.10860338807106018
134,blocks.3.conv2,0.0947030782699585
134,blocks.4.conv1,0.07687824219465256
134,blocks.4.conv2,0.06276010721921921
134,blocks.5.conv1,0.07324652373790741
134,blocks.5.conv2,0.09083303064107895
134,blocks.6.conv1,0.12454181909561157
134,blocks.6.conv2,0.0699126198887825
134,blocks.7.conv1,0.08237370103597641
134,blocks.7.conv2,0.15767830610275269
134,blocks.8.conv1,0.10167977958917618
134,blocks.8.conv2,0.07645691931247711
134,blocks.9.conv1,0.08017507940530777
134,blocks.9.conv2,0.07201289385557175
134,blocks.10.conv1,0.1274046152830124
134,blocks.10.conv2,0.0924362912774086
134,blocks.11.conv1,0.07738282531499863
134,blocks.11.conv2,0.07375149428844452
134,blocks.12.conv1,0.12301544100046158
134,blocks.12.conv2,0.1408434510231018
134,blocks.13.conv1,0.10443057119846344
134,blocks.13.conv2,0.054731547832489014
134,blocks.14.conv1,0.046222709119319916
134,blocks.14.conv2,0.057143982499837875
134,blocks.15.conv1,0.07519098371267319
134,blocks.15.conv2,0.0732826218008995
134,blocks.16.conv1,0.07446940243244171
134,blocks.16.conv2,0.09336675703525543
134,blocks.17.conv1,0.07385233789682388
134,blocks.17.conv2,0.0827256366610527
134,blocks.18.conv1,0.08319596201181412
134,blocks.18.conv2,0.10222403705120087
134,blocks.19.conv1,0.08157940208911896
134,blocks.19.conv2,0.07586677372455597
134,blocks.20.conv1,0.0714942216873169
134,blocks.20.conv2,0.10562511533498764
134,blocks.21.conv1,0.07415945827960968
134,blocks.21.conv2,0.06877858191728592
134,blocks.22.conv1,0.06457122415304184
134,blocks.22.conv2,0.07777934521436691
134,blocks.23.conv1,0.08897127956151962
134,blocks.23.conv2,0.059127192944288254
134,blocks.24.conv1,0.04452161490917206
134,blocks.24.conv2,0.03796573728322983
134,blocks.25.conv1,0.0481659360229969
134,blocks.25.conv2,0.049902450293302536
134,blocks.26.conv1,0.05296948179602623
134,blocks.26.conv2,0.059755075722932816
134,blocks.27.conv1,0.06328428536653519
134,blocks.27.conv2,0.06223342940211296
134,blocks.28.conv1,0.05491683632135391
134,blocks.28.conv2,0.0494779497385025
134,blocks.29.conv1,0.06369297951459885
134,blocks.29.conv2,0.07817241549491882
134,blocks.30.conv1,0.05821518227458
134,blocks.30.conv2,0.04806980490684509
134,blocks.31.conv1,0.04833580181002617
134,blocks.31.conv2,0.059270113706588745
134,blocks.32.conv1,0.07084230333566666
134,blocks.32.conv2,0.05214155837893486
134,blocks.33.conv1,0.04724392667412758
134,blocks.33.conv2,0.0498492531478405
134,blocks.34.conv1,0.04329220578074455
134,blocks.34.conv2,0.0562853179872036
134,blocks.35.conv1,0.06474573910236359
134,blocks.35.conv2,0.06332720071077347
134,blocks.36.conv1,0.07101356238126755
134,blocks.36.conv2,0.06428911536931992
134,blocks.37.conv1,0.07802648842334747
134,blocks.37.conv2,0.08573757112026215
134,blocks.38.conv1,0.0982293039560318
134,blocks.38.conv2,0.09530282765626907
134,blocks.39.conv1,0.09160768240690231
134,blocks.39.conv2,0.08059383183717728
134,blocks.40.conv1,0.06766621768474579
134,blocks.40.conv2,0.06026681512594223
134,blocks.41.conv1,0.06786899268627167
134,blocks.41.conv2,0.06970249861478806
134,blocks.42.conv1,0.07624568045139313
134,blocks.42.conv2,0.10591180622577667
134,blocks.43.conv1,0.1663270890712738
134,blocks.43.conv2,0.20209075510501862
134,blocks.44.conv1,0.2097734957933426
134,blocks.44.conv2,0.2344767451286316
134,blocks.45.conv1,0.2857878506183624
134,blocks.45.conv2,0.318318247795105
134,blocks.46.conv1,0.33476391434669495
134,blocks.46.conv2,0.3817926049232483
134,blocks.47.conv1,0.42288336157798767
134,blocks.47.conv2,0.43860986828804016
134,blocks.48.conv1,0.465969443321228
134,blocks.48.conv2,0.44412922859191895
134,blocks.49.conv1,0.42185357213020325
134,blocks.49.conv2,0.2626059353351593
134,mean_conv2d_grad_norm,0.11597058488664651
135,stem.0,0.09526585042476654
135,blocks.0.conv1,0.07511688768863678
135,blocks.0.conv2,0.20664747059345245
135,blocks.1.conv1,0.3114095628261566
135,blocks.1.conv2,0.26714688539505005
135,blocks.2.conv1,0.24788981676101685
135,blocks.2.conv2,0.20527303218841553
135,blocks.3.conv1,0.28922945261001587
135,blocks.3.conv2,0.21795669198036194
135,blocks.4.conv1,0.15382403135299683
135,blocks.4.conv2,0.10350973159074783
135,blocks.5.conv1,0.0979483351111412
135,blocks.5.conv2,0.11475225538015366
135,blocks.6.conv1,0.1528150588274002
135,blocks.6.conv2,0.08866973966360092
135,blocks.7.conv1,0.11513262987136841
135,blocks.7.conv2,0.33178868889808655
135,blocks.8.conv1,0.17395241558551788
135,blocks.8.conv2,0.1085224524140358
135,blocks.9.conv1,0.1334119290113449
135,blocks.9.conv2,0.14464184641838074
135,blocks.10.conv1,0.22589874267578125
135,blocks.10.conv2,0.14965838193893433
135,blocks.11.conv1,0.11094493418931961
135,blocks.11.conv2,0.09411980211734772
135,blocks.12.conv1,0.145782008767128
135,blocks.12.conv2,0.13714809715747833
135,blocks.13.conv1,0.09091600030660629
135,blocks.13.conv2,0.04609835520386696
135,blocks.14.conv1,0.05495079234242439
135,blocks.14.conv2,0.07443270832300186
135,blocks.15.conv1,0.08975836634635925
135,blocks.15.conv2,0.0861852616071701
135,blocks.16.conv1,0.11511249840259552
135,blocks.16.conv2,0.10694925487041473
135,blocks.17.conv1,0.14393502473831177
135,blocks.17.conv2,0.11697256565093994
135,blocks.18.conv1,0.13959896564483643
135,blocks.18.conv2,0.1357692927122116
135,blocks.19.conv1,0.11811219155788422
135,blocks.19.conv2,0.09161633253097534
135,blocks.20.conv1,0.10247578471899033
135,blocks.20.conv2,0.1549959033727646
135,blocks.21.conv1,0.10333326458930969
135,blocks.21.conv2,0.0957244411110878
135,blocks.22.conv1,0.0985996201634407
135,blocks.22.conv2,0.12240004539489746
135,blocks.23.conv1,0.10253018885850906
135,blocks.23.conv2,0.09494677186012268
135,blocks.24.conv1,0.07834871858358383
135,blocks.24.conv2,0.0706118792295456
135,blocks.25.conv1,0.08063702285289764
135,blocks.25.conv2,0.0979825034737587
135,blocks.26.conv1,0.10012157261371613
135,blocks.26.conv2,0.10362225770950317
135,blocks.27.conv1,0.08363885432481766
135,blocks.27.conv2,0.10147655010223389
135,blocks.28.conv1,0.08572569489479065
135,blocks.28.conv2,0.09253717958927155
135,blocks.29.conv1,0.11206001043319702
135,blocks.29.conv2,0.1122194305062294
135,blocks.30.conv1,0.09405534714460373
135,blocks.30.conv2,0.08942419290542603
135,blocks.31.conv1,0.09227437525987625
135,blocks.31.conv2,0.10649965703487396
135,blocks.32.conv1,0.12736427783966064
135,blocks.32.conv2,0.09999404102563858
135,blocks.33.conv1,0.08631543815135956
135,blocks.33.conv2,0.08467473834753036
135,blocks.34.conv1,0.07641743123531342
135,blocks.34.conv2,0.09331567585468292
135,blocks.35.conv1,0.11221396178007126
135,blocks.35.conv2,0.1122271865606308
135,blocks.36.conv1,0.12034633010625839
135,blocks.36.conv2,0.1203138530254364
135,blocks.37.conv1,0.11656616628170013
135,blocks.37.conv2,0.1505436897277832
135,blocks.38.conv1,0.15244160592556
135,blocks.38.conv2,0.1698768585920334
135,blocks.39.conv1,0.14045670628547668
135,blocks.39.conv2,0.1182301789522171
135,blocks.40.conv1,0.1013529822230339
135,blocks.40.conv2,0.10284633934497833
135,blocks.41.conv1,0.1120649129152298
135,blocks.41.conv2,0.13436771929264069
135,blocks.42.conv1,0.14132972061634064
135,blocks.42.conv2,0.20089195668697357
135,blocks.43.conv1,0.2638315260410309
135,blocks.43.conv2,0.2663358151912689
135,blocks.44.conv1,0.29371726512908936
135,blocks.44.conv2,0.3023463487625122
135,blocks.45.conv1,0.3257305920124054
135,blocks.45.conv2,0.34743350744247437
135,blocks.46.conv1,0.3227744400501251
135,blocks.46.conv2,0.3917095959186554
135,blocks.47.conv1,0.44649872183799744
135,blocks.47.conv2,0.45536741614341736
135,blocks.48.conv1,0.42004746198654175
135,blocks.48.conv2,0.467062383890152
135,blocks.49.conv1,0.4510769546031952
135,blocks.49.conv2,0.2790495455265045
135,mean_conv2d_grad_norm,0.15833899954167924
136,stem.0,0.03355391323566437
136,blocks.0.conv1,0.037482891231775284
136,blocks.0.conv2,0.20357483625411987
136,blocks.1.conv1,0.1916034072637558
136,blocks.1.conv2,0.2408398985862732
136,blocks.2.conv1,0.10396689176559448
136,blocks.2.conv2,0.1463194340467453
136,blocks.3.conv1,0.14848759770393372
136,blocks.3.conv2,0.187778040766716
136,blocks.4.conv1,0.128363698720932
136,blocks.4.conv2,0.13632217049598694
136,blocks.5.conv1,0.13654328882694244
136,blocks.5.conv2,0.1394590139389038
136,blocks.6.conv1,0.1386377513408661
136,blocks.6.conv2,0.08600901812314987
136,blocks.7.conv1,0.11825614422559738
136,blocks.7.conv2,0.20068025588989258
136,blocks.8.conv1,0.10623781383037567
136,blocks.8.conv2,0.09049331396818161
136,blocks.9.conv1,0.06757493317127228
136,blocks.9.conv2,0.07834725081920624
136,blocks.10.conv1,0.1034863293170929
136,blocks.10.conv2,0.0823073759675026
136,blocks.11.conv1,0.08390580117702484
136,blocks.11.conv2,0.07217218726873398
136,blocks.12.conv1,0.09553329646587372
136,blocks.12.conv2,0.10662372410297394
136,blocks.13.conv1,0.06743062287569046
136,blocks.13.conv2,0.049298252910375595
136,blocks.14.conv1,0.07095122337341309
136,blocks.14.conv2,0.054927654564380646
136,blocks.15.conv1,0.06244530901312828
136,blocks.15.conv2,0.067125603556633
136,blocks.16.conv1,0.07729458808898926
136,blocks.16.conv2,0.0743471086025238
136,blocks.17.conv1,0.06132093071937561
136,blocks.17.conv2,0.07390203326940536
136,blocks.18.conv1,0.08052682131528854
136,blocks.18.conv2,0.10055460780858994
136,blocks.19.conv1,0.09876514226198196
136,blocks.19.conv2,0.0819125548005104
136,blocks.20.conv1,0.0983913317322731
136,blocks.20.conv2,0.09690484404563904
136,blocks.21.conv1,0.08386121690273285
136,blocks.21.conv2,0.08522062748670578
136,blocks.22.conv1,0.07940606027841568
136,blocks.22.conv2,0.10243351012468338
136,blocks.23.conv1,0.09587398916482925
136,blocks.23.conv2,0.09158217161893845
136,blocks.24.conv1,0.05183456465601921
136,blocks.24.conv2,0.052763745188713074
136,blocks.25.conv1,0.06889065355062485
136,blocks.25.conv2,0.06041480600833893
136,blocks.26.conv1,0.08204422146081924
136,blocks.26.conv2,0.06665489077568054
136,blocks.27.conv1,0.07378438115119934
136,blocks.27.conv2,0.08440573513507843
136,blocks.28.conv1,0.07171925902366638
136,blocks.28.conv2,0.06940029561519623
136,blocks.29.conv1,0.07469522953033447
136,blocks.29.conv2,0.07487048953771591
136,blocks.30.conv1,0.06839409470558167
136,blocks.30.conv2,0.06439358741044998
136,blocks.31.conv1,0.05841698497533798
136,blocks.31.conv2,0.07389679551124573
136,blocks.32.conv1,0.0856190100312233
136,blocks.32.conv2,0.07600697129964828
136,blocks.33.conv1,0.07351921498775482
136,blocks.33.conv2,0.08675111830234528
136,blocks.34.conv1,0.07865990698337555
136,blocks.34.conv2,0.09164289385080338
136,blocks.35.conv1,0.09925808757543564
136,blocks.35.conv2,0.1143081858754158
136,blocks.36.conv1,0.12924893200397491
136,blocks.36.conv2,0.10631348937749863
136,blocks.37.conv1,0.0916304737329483
136,blocks.37.conv2,0.10827159136533737
136,blocks.38.conv1,0.12495924532413483
136,blocks.38.conv2,0.09877162426710129
136,blocks.39.conv1,0.10178925842046738
136,blocks.39.conv2,0.08488421887159348
136,blocks.40.conv1,0.08713642507791519
136,blocks.40.conv2,0.08457127958536148
136,blocks.41.conv1,0.09195812046527863
136,blocks.41.conv2,0.09302074462175369
136,blocks.42.conv1,0.09158466756343842
136,blocks.42.conv2,0.12552869319915771
136,blocks.43.conv1,0.19093109667301178
136,blocks.43.conv2,0.2019978165626526
136,blocks.44.conv1,0.23479841649532318
136,blocks.44.conv2,0.30687016248703003
136,blocks.45.conv1,0.3531687557697296
136,blocks.45.conv2,0.3981270492076874
136,blocks.46.conv1,0.39067399501800537
136,blocks.46.conv2,0.43397751450538635
136,blocks.47.conv1,0.4572657346725464
136,blocks.47.conv2,0.46963971853256226
136,blocks.48.conv1,0.4497045874595642
136,blocks.48.conv2,0.4943857491016388
136,blocks.49.conv1,0.48088568449020386
136,blocks.49.conv2,0.3668954074382782
136,mean_conv2d_grad_norm,0.13337002038070472
137,stem.0,0.08990087360143661
137,blocks.0.conv1,0.07976662367582321
137,blocks.0.conv2,0.23865437507629395
137,blocks.1.conv1,0.2924577295780182
137,blocks.1.conv2,0.19710753858089447
137,blocks.2.conv1,0.15736639499664307
137,blocks.2.conv2,0.1406475305557251
137,blocks.3.conv1,0.1561782956123352
137,blocks.3.conv2,0.14599065482616425
137,blocks.4.conv1,0.09322308748960495
137,blocks.4.conv2,0.10337644815444946
137,blocks.5.conv1,0.13333122432231903
137,blocks.5.conv2,0.23382790386676788
137,blocks.6.conv1,0.14877045154571533
137,blocks.6.conv2,0.07955021411180496
137,blocks.7.conv1,0.09442955255508423
137,blocks.7.conv2,0.21996742486953735
137,blocks.8.conv1,0.16457243263721466
137,blocks.8.conv2,0.13771562278270721
137,blocks.9.conv1,0.11841752380132675
137,blocks.9.conv2,0.13705556094646454
137,blocks.10.conv1,0.23067347705364227
137,blocks.10.conv2,0.15728096663951874
137,blocks.11.conv1,0.119392529129982
137,blocks.11.conv2,0.13600611686706543
137,blocks.12.conv1,0.13378764688968658
137,blocks.12.conv2,0.14015458524227142
137,blocks.13.conv1,0.09571044892072678
137,blocks.13.conv2,0.06412698328495026
137,blocks.14.conv1,0.07235579937696457
137,blocks.14.conv2,0.08107844740152359
137,blocks.15.conv1,0.09790726006031036
137,blocks.15.conv2,0.11004235595464706
137,blocks.16.conv1,0.10788004100322723
137,blocks.16.conv2,0.10521528869867325
137,blocks.17.conv1,0.1315331906080246
137,blocks.17.conv2,0.1271093338727951
137,blocks.18.conv1,0.1410520225763321
137,blocks.18.conv2,0.15184654295444489
137,blocks.19.conv1,0.12353692948818207
137,blocks.19.conv2,0.10005812346935272
137,blocks.20.conv1,0.11045244336128235
137,blocks.20.conv2,0.1458822637796402
137,blocks.21.conv1,0.109154112637043
137,blocks.21.conv2,0.09970343858003616
137,blocks.22.conv1,0.10927970707416534
137,blocks.22.conv2,0.12247789651155472
137,blocks.23.conv1,0.11464695632457733
137,blocks.23.conv2,0.08519244939088821
137,blocks.24.conv1,0.060938749462366104
137,blocks.24.conv2,0.0575006939470768
137,blocks.25.conv1,0.07676376402378082
137,blocks.25.conv2,0.07735617458820343
137,blocks.26.conv1,0.10456917434930801
137,blocks.26.conv2,0.12023326009511948
137,blocks.27.conv1,0.10857735574245453
137,blocks.27.conv2,0.10956164449453354
137,blocks.28.conv1,0.11515191942453384
137,blocks.28.conv2,0.1499282568693161
137,blocks.29.conv1,0.14870376884937286
137,blocks.29.conv2,0.1359884887933731
137,blocks.30.conv1,0.13084881007671356
137,blocks.30.conv2,0.1174231544137001
137,blocks.31.conv1,0.08885777741670609
137,blocks.31.conv2,0.10191872715950012
137,blocks.32.conv1,0.10807055979967117
137,blocks.32.conv2,0.09860978275537491
137,blocks.33.conv1,0.09405408054590225
137,blocks.33.conv2,0.09964361786842346
137,blocks.34.conv1,0.09157382696866989
137,blocks.34.conv2,0.11774858832359314
137,blocks.35.conv1,0.13659532368183136
137,blocks.35.conv2,0.1450277715921402
137,blocks.36.conv1,0.13077625632286072
137,blocks.36.conv2,0.11509472131729126
137,blocks.37.conv1,0.1273903250694275
137,blocks.37.conv2,0.14740383625030518
137,blocks.38.conv1,0.14766576886177063
137,blocks.38.conv2,0.14839021861553192
137,blocks.39.conv1,0.13948102295398712
137,blocks.39.conv2,0.1232248991727829
137,blocks.40.conv1,0.15172339975833893
137,blocks.40.conv2,0.1534661054611206
137,blocks.41.conv1,0.13722078502178192
137,blocks.41.conv2,0.13146184384822845
137,blocks.42.conv1,0.11416136473417282
137,blocks.42.conv2,0.13087192177772522
137,blocks.43.conv1,0.1660095602273941
137,blocks.43.conv2,0.1861926019191742
137,blocks.44.conv1,0.2587592899799347
137,blocks.44.conv2,0.31203389167785645
137,blocks.45.conv1,0.33047011494636536
137,blocks.45.conv2,0.3537674844264984
137,blocks.46.conv1,0.3475470244884491
137,blocks.46.conv2,0.39200857281684875
137,blocks.47.conv1,0.42875221371650696
137,blocks.47.conv2,0.4530509412288666
137,blocks.48.conv1,0.46491068601608276
137,blocks.48.conv2,0.5153030157089233
137,blocks.49.conv1,0.5142518877983093
137,blocks.49.conv2,0.3363567590713501
137,mean_conv2d_grad_norm,0.15880432282343948
138,stem.0,0.03960162773728371
138,blocks.0.conv1,0.04283842071890831
138,blocks.0.conv2,0.4580191373825073
138,blocks.1.conv1,0.8843920230865479
138,blocks.1.conv2,0.2337178736925125
138,blocks.2.conv1,0.15288549661636353
138,blocks.2.conv2,0.21480993926525116
138,blocks.3.conv1,0.2886030673980713
138,blocks.3.conv2,0.20746107399463654
138,blocks.4.conv1,0.15629097819328308
138,blocks.4.conv2,0.16471600532531738
138,blocks.5.conv1,0.22450433671474457
138,blocks.5.conv2,0.2737346887588501
138,blocks.6.conv1,0.17151784896850586
138,blocks.6.conv2,0.12642066180706024
138,blocks.7.conv1,0.09811348468065262
138,blocks.7.conv2,0.19314682483673096
138,blocks.8.conv1,0.16177518665790558
138,blocks.8.conv2,0.1496904045343399
138,blocks.9.conv1,0.09840293973684311
138,blocks.9.conv2,0.11644977331161499
138,blocks.10.conv1,0.2148050218820572
138,blocks.10.conv2,0.15794594585895538
138,blocks.11.conv1,0.1081300675868988
138,blocks.11.conv2,0.11895313858985901
138,blocks.12.conv1,0.13535328209400177
138,blocks.12.conv2,0.14062811434268951
138,blocks.13.conv1,0.10917915403842926
138,blocks.13.conv2,0.0799565464258194
138,blocks.14.conv1,0.08294396847486496
138,blocks.14.conv2,0.08400360494852066
138,blocks.15.conv1,0.10256343334913254
138,blocks.15.conv2,0.0895395427942276
138,blocks.16.conv1,0.1037127748131752
138,blocks.16.conv2,0.12018925696611404
138,blocks.17.conv1,0.08730580657720566
138,blocks.17.conv2,0.0692315548658371
138,blocks.18.conv1,0.08910606801509857
138,blocks.18.conv2,0.11809878796339035
138,blocks.19.conv1,0.0928783044219017
138,blocks.19.conv2,0.0881282240152359
138,blocks.20.conv1,0.0867478996515274
138,blocks.20.conv2,0.10361692309379578
138,blocks.21.conv1,0.1416586935520172
138,blocks.21.conv2,0.13092374801635742
138,blocks.22.conv1,0.10461840778589249
138,blocks.22.conv2,0.12542608380317688
138,blocks.23.conv1,0.14109168946743011
138,blocks.23.conv2,0.08427498489618301
138,blocks.24.conv1,0.0641266405582428
138,blocks.24.conv2,0.056245531886816025
138,blocks.25.conv1,0.07067696005105972
138,blocks.25.conv2,0.0680488646030426
138,blocks.26.conv1,0.09072764962911606
138,blocks.26.conv2,0.10949642211198807
138,blocks.27.conv1,0.0998806431889534
138,blocks.27.conv2,0.09013665467500687
138,blocks.28.conv1,0.0777151882648468
138,blocks.28.conv2,0.06998255103826523
138,blocks.29.conv1,0.10693050920963287
138,blocks.29.conv2,0.10917753726243973
138,blocks.30.conv1,0.09293463081121445
138,blocks.30.conv2,0.08119197189807892
138,blocks.31.conv1,0.07440981268882751
138,blocks.31.conv2,0.07745793461799622
138,blocks.32.conv1,0.08543787896633148
138,blocks.32.conv2,0.09231732040643692
138,blocks.33.conv1,0.09579703211784363
138,blocks.33.conv2,0.09237439930438995
138,blocks.34.conv1,0.09018779546022415
138,blocks.34.conv2,0.10727088898420334
138,blocks.35.conv1,0.12692101299762726
138,blocks.35.conv2,0.12453209608793259
138,blocks.36.conv1,0.12744274735450745
138,blocks.36.conv2,0.11787538975477219
138,blocks.37.conv1,0.11099107563495636
138,blocks.37.conv2,0.13589519262313843
138,blocks.38.conv1,0.1338733285665512
138,blocks.38.conv2,0.14806219935417175
138,blocks.39.conv1,0.1314229667186737
138,blocks.39.conv2,0.11343485116958618
138,blocks.40.conv1,0.09645804762840271
138,blocks.40.conv2,0.09918708354234695
138,blocks.41.conv1,0.1065535917878151
138,blocks.41.conv2,0.11915717273950577
138,blocks.42.conv1,0.12665364146232605
138,blocks.42.conv2,0.15826109051704407
138,blocks.43.conv1,0.18911920487880707
138,blocks.43.conv2,0.25568756461143494
138,blocks.44.conv1,0.31250229477882385
138,blocks.44.conv2,0.3545483946800232
138,blocks.45.conv1,0.3705933392047882
138,blocks.45.conv2,0.37759891152381897
138,blocks.46.conv1,0.3818089962005615
138,blocks.46.conv2,0.4170927107334137
138,blocks.47.conv1,0.47130757570266724
138,blocks.47.conv2,0.4934195280075073
138,blocks.48.conv1,0.5013821125030518
138,blocks.48.conv2,0.523367702960968
138,blocks.49.conv1,0.5150577425956726
138,blocks.49.conv2,0.3746979236602783
138,mean_conv2d_grad_norm,0.16817359534083026
139,stem.0,0.030379878357052803
139,blocks.0.conv1,0.08697712421417236
139,blocks.0.conv2,0.22812867164611816
139,blocks.1.conv1,0.34508806467056274
139,blocks.1.conv2,0.2796144485473633
139,blocks.2.conv1,0.13009873032569885
139,blocks.2.conv2,0.09260237216949463
139,blocks.3.conv1,0.10734982788562775
139,blocks.3.conv2,0.12765634059906006
139,blocks.4.conv1,0.07127990573644638
139,blocks.4.conv2,0.09934960305690765
139,blocks.5.conv1,0.10196013748645782
139,blocks.5.conv2,0.153670996427536
139,blocks.6.conv1,0.18255700170993805
139,blocks.6.conv2,0.10329292714595795
139,blocks.7.conv1,0.07872365415096283
139,blocks.7.conv2,0.1615440845489502
139,blocks.8.conv1,0.1226561963558197
139,blocks.8.conv2,0.0870358943939209
139,blocks.9.conv1,0.07980404049158096
139,blocks.9.conv2,0.10693638771772385
139,blocks.10.conv1,0.13502633571624756
139,blocks.10.conv2,0.1468665599822998
139,blocks.11.conv1,0.08498799800872803
139,blocks.11.conv2,0.12394397705793381
139,blocks.12.conv1,0.1261185258626938
139,blocks.12.conv2,0.15083345770835876
139,blocks.13.conv1,0.10921754688024521
139,blocks.13.conv2,0.10339256376028061
139,blocks.14.conv1,0.1020350307226181
139,blocks.14.conv2,0.09753701835870743
139,blocks.15.conv1,0.13126389682292938
139,blocks.15.conv2,0.11951621621847153
139,blocks.16.conv1,0.10380429029464722
139,blocks.16.conv2,0.1005428209900856
139,blocks.17.conv1,0.065806545317173
139,blocks.17.conv2,0.08366023004055023
139,blocks.18.conv1,0.12394125014543533
139,blocks.18.conv2,0.12254209816455841
139,blocks.19.conv1,0.10872581601142883
139,blocks.19.conv2,0.12469813972711563
139,blocks.20.conv1,0.11509500443935394
139,blocks.20.conv2,0.17817436158657074
139,blocks.21.conv1,0.1250169277191162
139,blocks.21.conv2,0.091773122549057
139,blocks.22.conv1,0.10532169044017792
139,blocks.22.conv2,0.12241221964359283
139,blocks.23.conv1,0.1493304967880249
139,blocks.23.conv2,0.10627073794603348
139,blocks.24.conv1,0.06464596092700958
139,blocks.24.conv2,0.06857749819755554
139,blocks.25.conv1,0.09782184660434723
139,blocks.25.conv2,0.10056823492050171
139,blocks.26.conv1,0.13039514422416687
139,blocks.26.conv2,0.1413242369890213
139,blocks.27.conv1,0.12652587890625
139,blocks.27.conv2,0.1429091989994049
139,blocks.28.conv1,0.12498660385608673
139,blocks.28.conv2,0.10390026122331619
139,blocks.29.conv1,0.1290847510099411
139,blocks.29.conv2,0.12860853970050812
139,blocks.30.conv1,0.12645241618156433
139,blocks.30.conv2,0.11704444140195847
139,blocks.31.conv1,0.09904422610998154
139,blocks.31.conv2,0.1028028130531311
139,blocks.32.conv1,0.11274443566799164
139,blocks.32.conv2,0.11021553725004196
139,blocks.33.conv1,0.1074495017528534
139,blocks.33.conv2,0.10680199414491653
139,blocks.34.conv1,0.12259266525506973
139,blocks.34.conv2,0.12572337687015533
139,blocks.35.conv1,0.13852988183498383
139,blocks.35.conv2,0.13036927580833435
139,blocks.36.conv1,0.12277442961931229
139,blocks.36.conv2,0.1434807926416397
139,blocks.37.conv1,0.1598057746887207
139,blocks.37.conv2,0.1538786143064499
139,blocks.38.conv1,0.15620164573192596
139,blocks.38.conv2,0.17251214385032654
139,blocks.39.conv1,0.165488600730896
139,blocks.39.conv2,0.14206069707870483
139,blocks.40.conv1,0.13733774423599243
139,blocks.40.conv2,0.14103931188583374
139,blocks.41.conv1,0.14241550862789154
139,blocks.41.conv2,0.14170245826244354
139,blocks.42.conv1,0.10301953554153442
139,blocks.42.conv2,0.11649182438850403
139,blocks.43.conv1,0.16634529829025269
139,blocks.43.conv2,0.2297360897064209
139,blocks.44.conv1,0.2723241150379181
139,blocks.44.conv2,0.29082152247428894
139,blocks.45.conv1,0.33011332154273987
139,blocks.45.conv2,0.3632006347179413
139,blocks.46.conv1,0.3976007401943207
139,blocks.46.conv2,0.460568368434906
139,blocks.47.conv1,0.5140410661697388
139,blocks.47.conv2,0.5330339670181274
139,blocks.48.conv1,0.5361085534095764
139,blocks.48.conv2,0.5812289714813232
139,blocks.49.conv1,0.5445391535758972
139,blocks.49.conv2,0.3357257544994354
139,mean_conv2d_grad_norm,0.1618542230254648
140,stem.0,0.01932816579937935
140,blocks.0.conv1,0.0344916470348835
140,blocks.0.conv2,0.23038406670093536
140,blocks.1.conv1,0.2179589569568634
140,blocks.1.conv2,0.16664431989192963
140,blocks.2.conv1,0.153220072388649
140,blocks.2.conv2,0.17538489401340485
140,blocks.3.conv1,0.18661798536777496
140,blocks.3.conv2,0.15100215375423431
140,blocks.4.conv1,0.08005104213953018
140,blocks.4.conv2,0.11178994923830032
140,blocks.5.conv1,0.1354840248823166
140,blocks.5.conv2,0.19145464897155762
140,blocks.6.conv1,0.18974609673023224
140,blocks.6.conv2,0.08448415249586105
140,blocks.7.conv1,0.061075128614902496
140,blocks.7.conv2,0.12434031814336777
140,blocks.8.conv1,0.10306382924318314
140,blocks.8.conv2,0.08925317227840424
140,blocks.9.conv1,0.07668417692184448
140,blocks.9.conv2,0.10358775407075882
140,blocks.10.conv1,0.11767987161874771
140,blocks.10.conv2,0.11397237330675125
140,blocks.11.conv1,0.1109645813703537
140,blocks.11.conv2,0.11592603474855423
140,blocks.12.conv1,0.09702100604772568
140,blocks.12.conv2,0.10965462028980255
140,blocks.13.conv1,0.1106240376830101
140,blocks.13.conv2,0.10974784940481186
140,blocks.14.conv1,0.08860242366790771
140,blocks.14.conv2,0.09289295971393585
140,blocks.15.conv1,0.10255715250968933
140,blocks.15.conv2,0.11556773632764816
140,blocks.16.conv1,0.11873574554920197
140,blocks.16.conv2,0.10038244724273682
140,blocks.17.conv1,0.13628220558166504
140,blocks.17.conv2,0.10703673958778381
140,blocks.18.conv1,0.11319812387228012
140,blocks.18.conv2,0.13131384551525116
140,blocks.19.conv1,0.1377900093793869
140,blocks.19.conv2,0.09689807891845703
140,blocks.20.conv1,0.104550302028656
140,blocks.20.conv2,0.1281229555606842
140,blocks.21.conv1,0.12936027348041534
140,blocks.21.conv2,0.12308663129806519
140,blocks.22.conv1,0.11793974041938782
140,blocks.22.conv2,0.12145980447530746
140,blocks.23.conv1,0.14942249655723572
140,blocks.23.conv2,0.10122913867235184
140,blocks.24.conv1,0.07251418381929398
140,blocks.24.conv2,0.06135653704404831
140,blocks.25.conv1,0.07552773505449295
140,blocks.25.conv2,0.07015326619148254
140,blocks.26.conv1,0.08470644801855087
140,blocks.26.conv2,0.08949736505746841
140,blocks.27.conv1,0.08822108805179596
140,blocks.27.conv2,0.09838852286338806
140,blocks.28.conv1,0.06927303224802017
140,blocks.28.conv2,0.07072564214468002
140,blocks.29.conv1,0.08058235049247742
140,blocks.29.conv2,0.08699166029691696
140,blocks.30.conv1,0.08119497448205948
140,blocks.30.conv2,0.07495211064815521
140,blocks.31.conv1,0.07238370925188065
140,blocks.31.conv2,0.07876058667898178
140,blocks.32.conv1,0.09376394003629684
140,blocks.32.conv2,0.08553741127252579
140,blocks.33.conv1,0.07594054192304611
140,blocks.33.conv2,0.06566391885280609
140,blocks.34.conv1,0.06737761944532394
140,blocks.34.conv2,0.09058786928653717
140,blocks.35.conv1,0.1214505136013031
140,blocks.35.conv2,0.14119340479373932
140,blocks.36.conv1,0.143122136592865
140,blocks.36.conv2,0.1603226214647293
140,blocks.37.conv1,0.1170383095741272
140,blocks.37.conv2,0.10786814242601395
140,blocks.38.conv1,0.12080535292625427
140,blocks.38.conv2,0.11054978519678116
140,blocks.39.conv1,0.11055444180965424
140,blocks.39.conv2,0.10945142060518265
140,blocks.40.conv1,0.08116903156042099
140,blocks.40.conv2,0.10332391411066055
140,blocks.41.conv1,0.10480137914419174
140,blocks.41.conv2,0.10049895942211151
140,blocks.42.conv1,0.12114588171243668
140,blocks.42.conv2,0.14133161306381226
140,blocks.43.conv1,0.20061208307743073
140,blocks.43.conv2,0.21361547708511353
140,blocks.44.conv1,0.26245489716529846
140,blocks.44.conv2,0.27026426792144775
140,blocks.45.conv1,0.28837740421295166
140,blocks.45.conv2,0.3292362093925476
140,blocks.46.conv1,0.34279772639274597
140,blocks.46.conv2,0.36954599618911743
140,blocks.47.conv1,0.4278603494167328
140,blocks.47.conv2,0.4308371841907501
140,blocks.48.conv1,0.45345839858055115
140,blocks.48.conv2,0.4458314776420593
140,blocks.49.conv1,0.4595555365085602
140,blocks.49.conv2,0.3271105885505676
140,mean_conv2d_grad_norm,0.14196386889065846
141,stem.0,0.021853897720575333
141,blocks.0.conv1,0.037543557584285736
141,blocks.0.conv2,0.19486087560653687
141,blocks.1.conv1,0.23265907168388367
141,blocks.1.conv2,0.2333073616027832
141,blocks.2.conv1,0.15274886786937714
141,blocks.2.conv2,0.15933719277381897
141,blocks.3.conv1,0.1546722799539566
141,blocks.3.conv2,0.25001537799835205
141,blocks.4.conv1,0.12936212122440338
141,blocks.4.conv2,0.10778459161520004
141,blocks.5.conv1,0.10291377454996109
141,blocks.5.conv2,0.15971213579177856
141,blocks.6.conv1,0.17551088333129883
141,blocks.6.conv2,0.13397277891635895
141,blocks.7.conv1,0.07914404571056366
141,blocks.7.conv2,0.14316979050636292
141,blocks.8.conv1,0.10748966038227081
141,blocks.8.conv2,0.11288560926914215
141,blocks.9.conv1,0.06376330554485321
141,blocks.9.conv2,0.1186930239200592
141,blocks.10.conv1,0.15921281278133392
141,blocks.10.conv2,0.1547345221042633
141,blocks.11.conv1,0.09054252505302429
141,blocks.11.conv2,0.09784159064292908
141,blocks.12.conv1,0.11852161586284637
141,blocks.12.conv2,0.12192738056182861
141,blocks.13.conv1,0.08326218277215958
141,blocks.13.conv2,0.08510331809520721
141,blocks.14.conv1,0.08459455519914627
141,blocks.14.conv2,0.09874933212995529
141,blocks.15.conv1,0.12159424275159836
141,blocks.15.conv2,0.11463576555252075
141,blocks.16.conv1,0.11796671897172928
141,blocks.16.conv2,0.13681888580322266
141,blocks.17.conv1,0.09669117629528046
141,blocks.17.conv2,0.09480161964893341
141,blocks.18.conv1,0.12069875746965408
141,blocks.18.conv2,0.12308105081319809
141,blocks.19.conv1,0.10895904898643494
141,blocks.19.conv2,0.1046491339802742
141,blocks.20.conv1,0.12016942352056503
141,blocks.20.conv2,0.11263726651668549
141,blocks.21.conv1,0.12753166258335114
141,blocks.21.conv2,0.13643984496593475
141,blocks.22.conv1,0.1430879384279251
141,blocks.22.conv2,0.16836699843406677
141,blocks.23.conv1,0.12696942687034607
141,blocks.23.conv2,0.10972905158996582
141,blocks.24.conv1,0.08230897039175034
141,blocks.24.conv2,0.08806273341178894
141,blocks.25.conv1,0.10563208162784576
141,blocks.25.conv2,0.1044708639383316
141,blocks.26.conv1,0.10408255457878113
141,blocks.26.conv2,0.12234210222959518
141,blocks.27.conv1,0.10935568064451218
141,blocks.27.conv2,0.0992114469408989
141,blocks.28.conv1,0.09347520023584366
141,blocks.28.conv2,0.11331833899021149
141,blocks.29.conv1,0.13658197224140167
141,blocks.29.conv2,0.14249126613140106
141,blocks.30.conv1,0.12204370647668839
141,blocks.30.conv2,0.10685845464468002
141,blocks.31.conv1,0.09654642641544342
141,blocks.31.conv2,0.08572258055210114
141,blocks.32.conv1,0.10399510711431503
141,blocks.32.conv2,0.11132729798555374
141,blocks.33.conv1,0.09805897623300552
141,blocks.33.conv2,0.10607963055372238
141,blocks.34.conv1,0.09534984081983566
141,blocks.34.conv2,0.1281125545501709
141,blocks.35.conv1,0.12140271812677383
141,blocks.35.conv2,0.14027030766010284
141,blocks.36.conv1,0.12523476779460907
141,blocks.36.conv2,0.10899806767702103
141,blocks.37.conv1,0.1351384073495865
141,blocks.37.conv2,0.1394277811050415
141,blocks.38.conv1,0.12479317933320999
141,blocks.38.conv2,0.1255791336297989
141,blocks.39.conv1,0.15176352858543396
141,blocks.39.conv2,0.13354720175266266
141,blocks.40.conv1,0.11005719006061554
141,blocks.40.conv2,0.09057281166315079
141,blocks.41.conv1,0.10832363367080688
141,blocks.41.conv2,0.10995315760374069
141,blocks.42.conv1,0.11488519608974457
141,blocks.42.conv2,0.1298522651195526
141,blocks.43.conv1,0.1580367386341095
141,blocks.43.conv2,0.22161872684955597
141,blocks.44.conv1,0.24961398541927338
141,blocks.44.conv2,0.3028121590614319
141,blocks.45.conv1,0.3256525695323944
141,blocks.45.conv2,0.36240440607070923
141,blocks.46.conv1,0.3928075432777405
141,blocks.46.conv2,0.4680798351764679
141,blocks.47.conv1,0.5045260190963745
141,blocks.47.conv2,0.5547086000442505
141,blocks.48.conv1,0.5202459692955017
141,blocks.48.conv2,0.5520849823951721
141,blocks.49.conv1,0.6045008897781372
141,blocks.49.conv2,0.3620963394641876
141,mean_conv2d_grad_norm,0.15896172227688354
142,stem.0,0.03768979758024216
142,blocks.0.conv1,0.03629212826490402
142,blocks.0.conv2,0.21021713316440582
142,blocks.1.conv1,0.35362952947616577
142,blocks.1.conv2,0.2931375503540039
142,blocks.2.conv1,0.12963411211967468
142,blocks.2.conv2,0.15340419113636017
142,blocks.3.conv1,0.1607414036989212
142,blocks.3.conv2,0.14717966318130493
142,blocks.4.conv1,0.10424800962209702
142,blocks.4.conv2,0.09331105649471283
142,blocks.5.conv1,0.12859855592250824
142,blocks.5.conv2,0.16762849688529968
142,blocks.6.conv1,0.1611126810312271
142,blocks.6.conv2,0.15872234106063843
142,blocks.7.conv1,0.09853280335664749
142,blocks.7.conv2,0.17587971687316895
142,blocks.8.conv1,0.12011019885540009
142,blocks.8.conv2,0.09773261845111847
142,blocks.9.conv1,0.08236507326364517
142,blocks.9.conv2,0.09414707869291306
142,blocks.10.conv1,0.12417581677436829
142,blocks.10.conv2,0.12320166081190109
142,blocks.11.conv1,0.09171058982610703
142,blocks.11.conv2,0.10623234510421753
142,blocks.12.conv1,0.09005408734083176
142,blocks.12.conv2,0.10082120448350906
142,blocks.13.conv1,0.08713576197624207
142,blocks.13.conv2,0.06165262311697006
142,blocks.14.conv1,0.06991878151893616
142,blocks.14.conv2,0.08698276430368423
142,blocks.15.conv1,0.11420818418264389
142,blocks.15.conv2,0.11193815618753433
142,blocks.16.conv1,0.10715644806623459
142,blocks.16.conv2,0.12879422307014465
142,blocks.17.conv1,0.10612315684556961
142,blocks.17.conv2,0.11352367699146271
142,blocks.18.conv1,0.13422641158103943
142,blocks.18.conv2,0.13386353850364685
142,blocks.19.conv1,0.12375259399414062
142,blocks.19.conv2,0.11342959851026535
142,blocks.20.conv1,0.12611845135688782
142,blocks.20.conv2,0.1350632756948471
142,blocks.21.conv1,0.11559326946735382
142,blocks.21.conv2,0.11637292057275772
142,blocks.22.conv1,0.12159080803394318
142,blocks.22.conv2,0.11767759919166565
142,blocks.23.conv1,0.12004448473453522
142,blocks.23.conv2,0.09738984704017639
142,blocks.24.conv1,0.06399510055780411
142,blocks.24.conv2,0.07438474893569946
142,blocks.25.conv1,0.09932458400726318
142,blocks.25.conv2,0.11282090097665787
142,blocks.26.conv1,0.11325588077306747
142,blocks.26.conv2,0.1097799614071846
142,blocks.27.conv1,0.11130142211914062
142,blocks.27.conv2,0.12952296435832977
142,blocks.28.conv1,0.09259641915559769
142,blocks.28.conv2,0.11293110251426697
142,blocks.29.conv1,0.11833757907152176
142,blocks.29.conv2,0.11881161481142044
142,blocks.30.conv1,0.10706187039613724
142,blocks.30.conv2,0.1181216835975647
142,blocks.31.conv1,0.0918080285191536
142,blocks.31.conv2,0.08754841983318329
142,blocks.32.conv1,0.09519608318805695
142,blocks.32.conv2,0.10835734754800797
142,blocks.33.conv1,0.10793067514896393
142,blocks.33.conv2,0.10100213438272476
142,blocks.34.conv1,0.09289433807134628
142,blocks.34.conv2,0.10644198954105377
142,blocks.35.conv1,0.11675893515348434
142,blocks.35.conv2,0.1523687243461609
142,blocks.36.conv1,0.14121529459953308
142,blocks.36.conv2,0.14428740739822388
142,blocks.37.conv1,0.12685316801071167
142,blocks.37.conv2,0.11698511242866516
142,blocks.38.conv1,0.12549981474876404
142,blocks.38.conv2,0.1111421287059784
142,blocks.39.conv1,0.10769608616828918
142,blocks.39.conv2,0.11330430209636688
142,blocks.40.conv1,0.08313357084989548
142,blocks.40.conv2,0.08231835067272186
142,blocks.41.conv1,0.0789976492524147
142,blocks.41.conv2,0.0917782261967659
142,blocks.42.conv1,0.12110906839370728
142,blocks.42.conv2,0.12499208748340607
142,blocks.43.conv1,0.1641789972782135
142,blocks.43.conv2,0.22106851637363434
142,blocks.44.conv1,0.26960861682891846
142,blocks.44.conv2,0.3308665156364441
142,blocks.45.conv1,0.3677818775177002
142,blocks.45.conv2,0.36626142263412476
142,blocks.46.conv1,0.37233540415763855
142,blocks.46.conv2,0.4131697714328766
142,blocks.47.conv1,0.4956163167953491
142,blocks.47.conv2,0.5157385468482971
142,blocks.48.conv1,0.5473570227622986
142,blocks.48.conv2,0.5883799195289612
142,blocks.49.conv1,0.5704267621040344
142,blocks.49.conv2,0.3416832983493805
142,mean_conv2d_grad_norm,0.15603370477657508
143,stem.0,0.02938978560268879
143,blocks.0.conv1,0.04331577569246292
143,blocks.0.conv2,0.4445040225982666
143,blocks.1.conv1,0.28598272800445557
143,blocks.1.conv2,0.19526219367980957
143,blocks.2.conv1,0.11542407423257828
143,blocks.2.conv2,0.1167648509144783
143,blocks.3.conv1,0.1467716246843338
143,blocks.3.conv2,0.18566632270812988
143,blocks.4.conv1,0.1398678719997406
143,blocks.4.conv2,0.14995375275611877
143,blocks.5.conv1,0.1474384069442749
143,blocks.5.conv2,0.15794183313846588
143,blocks.6.conv1,0.1309230476617813
143,blocks.6.conv2,0.08881125599145889
143,blocks.7.conv1,0.09390012919902802
143,blocks.7.conv2,0.19326001405715942
143,blocks.8.conv1,0.1625220626592636
143,blocks.8.conv2,0.1026964783668518
143,blocks.9.conv1,0.1321452558040619
143,blocks.9.conv2,0.13302329182624817
143,blocks.10.conv1,0.17610691487789154
143,blocks.10.conv2,0.12074846774339676
143,blocks.11.conv1,0.11234777420759201
143,blocks.11.conv2,0.12442919611930847
143,blocks.12.conv1,0.10622623562812805
143,blocks.12.conv2,0.12065374851226807
143,blocks.13.conv1,0.1027764230966568
143,blocks.13.conv2,0.10430726408958435
143,blocks.14.conv1,0.09478697180747986
143,blocks.14.conv2,0.10402503609657288
143,blocks.15.conv1,0.1502097100019455
143,blocks.15.conv2,0.11971243470907211
143,blocks.16.conv1,0.11855150759220123
143,blocks.16.conv2,0.1182023361325264
143,blocks.17.conv1,0.10315520316362381
143,blocks.17.conv2,0.1035040020942688
143,blocks.18.conv1,0.13029515743255615
143,blocks.18.conv2,0.12692923843860626
143,blocks.19.conv1,0.11110781133174896
143,blocks.19.conv2,0.09190290421247482
143,blocks.20.conv1,0.13949573040008545
143,blocks.20.conv2,0.12462715804576874
143,blocks.21.conv1,0.1366962343454361
143,blocks.21.conv2,0.13008005917072296
143,blocks.22.conv1,0.12939795851707458
143,blocks.22.conv2,0.13756169378757477
143,blocks.23.conv1,0.16577094793319702
143,blocks.23.conv2,0.11332756280899048
143,blocks.24.conv1,0.08995544910430908
143,blocks.24.conv2,0.09050506353378296
143,blocks.25.conv1,0.10587675869464874
143,blocks.25.conv2,0.12123814225196838
143,blocks.26.conv1,0.1365606188774109
143,blocks.26.conv2,0.10369708389043808
143,blocks.27.conv1,0.09306151419878006
143,blocks.27.conv2,0.09893227368593216
143,blocks.28.conv1,0.09035968780517578
143,blocks.28.conv2,0.09858802706003189
143,blocks.29.conv1,0.1304938793182373
143,blocks.29.conv2,0.1116044744849205
143,blocks.30.conv1,0.08148541301488876
143,blocks.30.conv2,0.07867312431335449
143,blocks.31.conv1,0.08313146233558655
143,blocks.31.conv2,0.08398216962814331
143,blocks.32.conv1,0.09354530274868011
143,blocks.32.conv2,0.10035303235054016
143,blocks.33.conv1,0.1074318066239357
143,blocks.33.conv2,0.11320624500513077
143,blocks.34.conv1,0.10950774699449539
143,blocks.34.conv2,0.1160622239112854
143,blocks.35.conv1,0.12122876942157745
143,blocks.35.conv2,0.130294069647789
143,blocks.36.conv1,0.1289617419242859
143,blocks.36.conv2,0.12136518210172653
143,blocks.37.conv1,0.10274634510278702
143,blocks.37.conv2,0.10393059998750687
143,blocks.38.conv1,0.1069709062576294
143,blocks.38.conv2,0.11825752258300781
143,blocks.39.conv1,0.12460535019636154
143,blocks.39.conv2,0.12821002304553986
143,blocks.40.conv1,0.10695916414260864
143,blocks.40.conv2,0.10173090547323227
143,blocks.41.conv1,0.1005282923579216
143,blocks.41.conv2,0.11527299880981445
143,blocks.42.conv1,0.10940378159284592
143,blocks.42.conv2,0.1300746202468872
143,blocks.43.conv1,0.1692465990781784
143,blocks.43.conv2,0.21373683214187622
143,blocks.44.conv1,0.25972980260849
143,blocks.44.conv2,0.27626481652259827
143,blocks.45.conv1,0.3235355317592621
143,blocks.45.conv2,0.33885616064071655
143,blocks.46.conv1,0.3478121757507324
143,blocks.46.conv2,0.38656529784202576
143,blocks.47.conv1,0.456171452999115
143,blocks.47.conv2,0.45667609572410583
143,blocks.48.conv1,0.4869380295276642
143,blocks.48.conv2,0.5128623247146606
143,blocks.49.conv1,0.5072433948516846
143,blocks.49.conv2,0.35502421855926514
143,mean_conv2d_grad_norm,0.15635598976497012
144,stem.0,0.03754693642258644
144,blocks.0.conv1,0.04989471286535263
144,blocks.0.conv2,0.23434805870056152
144,blocks.1.conv1,0.41402468085289
144,blocks.1.conv2,0.24867001175880432
144,blocks.2.conv1,0.21110835671424866
144,blocks.2.conv2,0.21681255102157593
144,blocks.3.conv1,0.15379010140895844
144,blocks.3.conv2,0.16272637248039246
144,blocks.4.conv1,0.11513729393482208
144,blocks.4.conv2,0.14166028797626495
144,blocks.5.conv1,0.16241063177585602
144,blocks.5.conv2,0.21646304428577423
144,blocks.6.conv1,0.23453769087791443
144,blocks.6.conv2,0.147382915019989
144,blocks.7.conv1,0.08499501645565033
144,blocks.7.conv2,0.16599908471107483
144,blocks.8.conv1,0.13485069572925568
144,blocks.8.conv2,0.11560413986444473
144,blocks.9.conv1,0.09676816314458847
144,blocks.9.conv2,0.11285899579524994
144,blocks.10.conv1,0.13805803656578064
144,blocks.10.conv2,0.1410307139158249
144,blocks.11.conv1,0.1331811398267746
144,blocks.11.conv2,0.11863953620195389
144,blocks.12.conv1,0.12524975836277008
144,blocks.12.conv2,0.16097871959209442
144,blocks.13.conv1,0.13893665373325348
144,blocks.13.conv2,0.127862349152565
144,blocks.14.conv1,0.1184053122997284
144,blocks.14.conv2,0.1295892894268036
144,blocks.15.conv1,0.16342517733573914
144,blocks.15.conv2,0.1601915806531906
144,blocks.16.conv1,0.1304091066122055
144,blocks.16.conv2,0.1406530886888504
144,blocks.17.conv1,0.11045413464307785
144,blocks.17.conv2,0.12164467573165894
144,blocks.18.conv1,0.14542923867702484
144,blocks.18.conv2,0.14317356050014496
144,blocks.19.conv1,0.14132827520370483
144,blocks.19.conv2,0.11325390636920929
144,blocks.20.conv1,0.13470177352428436
144,blocks.20.conv2,0.12045375257730484
144,blocks.21.conv1,0.14471937716007233
144,blocks.21.conv2,0.12213528901338577
144,blocks.22.conv1,0.12971153855323792
144,blocks.22.conv2,0.12494545429944992
144,blocks.23.conv1,0.14434075355529785
144,blocks.23.conv2,0.10027898848056793
144,blocks.24.conv1,0.08845055848360062
144,blocks.24.conv2,0.10914197564125061
144,blocks.25.conv1,0.10025069117546082
144,blocks.25.conv2,0.10156068950891495
144,blocks.26.conv1,0.12611907720565796
144,blocks.26.conv2,0.09861063957214355
144,blocks.27.conv1,0.10909970849752426
144,blocks.27.conv2,0.11332537233829498
144,blocks.28.conv1,0.10519997775554657
144,blocks.28.conv2,0.11450675129890442
144,blocks.29.conv1,0.13720352947711945
144,blocks.29.conv2,0.14618660509586334
144,blocks.30.conv1,0.11779148876667023
144,blocks.30.conv2,0.12003252655267715
144,blocks.31.conv1,0.1136004850268364
144,blocks.31.conv2,0.11177749186754227
144,blocks.32.conv1,0.10966227203607559
144,blocks.32.conv2,0.11903805285692215
144,blocks.33.conv1,0.11801169812679291
144,blocks.33.conv2,0.10663525760173798
144,blocks.34.conv1,0.10815894603729248
144,blocks.34.conv2,0.13202421367168427
144,blocks.35.conv1,0.14931754767894745
144,blocks.35.conv2,0.15893962979316711
144,blocks.36.conv1,0.15975762903690338
144,blocks.36.conv2,0.14387184381484985
144,blocks.37.conv1,0.14596804976463318
144,blocks.37.conv2,0.14344492554664612
144,blocks.38.conv1,0.14230790734291077
144,blocks.38.conv2,0.13377170264720917
144,blocks.39.conv1,0.12935830652713776
144,blocks.39.conv2,0.14473409950733185
144,blocks.40.conv1,0.12202168256044388
144,blocks.40.conv2,0.11290238052606583
144,blocks.41.conv1,0.1035764068365097
144,blocks.41.conv2,0.1086280420422554
144,blocks.42.conv1,0.10340709984302521
144,blocks.42.conv2,0.1466897875070572
144,blocks.43.conv1,0.2051151841878891
144,blocks.43.conv2,0.21555784344673157
144,blocks.44.conv1,0.29860860109329224
144,blocks.44.conv2,0.3578738570213318
144,blocks.45.conv1,0.3800244629383087
144,blocks.45.conv2,0.3858118951320648
144,blocks.46.conv1,0.435354083776474
144,blocks.46.conv2,0.4798354506492615
144,blocks.47.conv1,0.5388584136962891
144,blocks.47.conv2,0.5224322080612183
144,blocks.48.conv1,0.5137543678283691
144,blocks.48.conv2,0.547535240650177
144,blocks.49.conv1,0.5514568090438843
144,blocks.49.conv2,0.3776434361934662
144,mean_conv2d_grad_norm,0.17471007748257997
145,stem.0,0.028754349797964096
145,blocks.0.conv1,0.20884543657302856
145,blocks.0.conv2,0.6544821262359619
145,blocks.1.conv1,0.34299829602241516
145,blocks.1.conv2,0.35870078206062317
145,blocks.2.conv1,0.22526980936527252
145,blocks.2.conv2,0.21584978699684143
145,blocks.3.conv1,0.16699859499931335
145,blocks.3.conv2,0.19190914928913116
145,blocks.4.conv1,0.10375905781984329
145,blocks.4.conv2,0.12685461342334747
145,blocks.5.conv1,0.1395702362060547
145,blocks.5.conv2,0.2019469141960144
145,blocks.6.conv1,0.1512998789548874
145,blocks.6.conv2,0.13743174076080322
145,blocks.7.conv1,0.13144813477993011
145,blocks.7.conv2,0.2010335773229599
145,blocks.8.conv1,0.15378323197364807
145,blocks.8.conv2,0.12457258999347687
145,blocks.9.conv1,0.10644811391830444
145,blocks.9.conv2,0.10614404827356339
145,blocks.10.conv1,0.12035509943962097
145,blocks.10.conv2,0.1264069825410843
145,blocks.11.conv1,0.1208946481347084
145,blocks.11.conv2,0.13014116883277893
145,blocks.12.conv1,0.12244731932878494
145,blocks.12.conv2,0.14267729222774506
145,blocks.13.conv1,0.134151890873909
145,blocks.13.conv2,0.10092213749885559
145,blocks.14.conv1,0.11851249635219574
145,blocks.14.conv2,0.12684620916843414
145,blocks.15.conv1,0.15091174840927124
145,blocks.15.conv2,0.1447037160396576
145,blocks.16.conv1,0.13565605878829956
145,blocks.16.conv2,0.14781604707241058
145,blocks.17.conv1,0.12523891031742096
145,blocks.17.conv2,0.11753279715776443
145,blocks.18.conv1,0.12024843692779541
145,blocks.18.conv2,0.14696693420410156
145,blocks.19.conv1,0.11587292701005936
145,blocks.19.conv2,0.14932109415531158
145,blocks.20.conv1,0.15947827696800232
145,blocks.20.conv2,0.1776767522096634
145,blocks.21.conv1,0.16731123626232147
145,blocks.21.conv2,0.1414063721895218
145,blocks.22.conv1,0.13406886160373688
145,blocks.22.conv2,0.14168088138103485
145,blocks.23.conv1,0.15510424971580505
145,blocks.23.conv2,0.11933062225580215
145,blocks.24.conv1,0.13240942358970642
145,blocks.24.conv2,0.13366183638572693
145,blocks.25.conv1,0.12846775352954865
145,blocks.25.conv2,0.12485537678003311
145,blocks.26.conv1,0.14335812628269196
145,blocks.26.conv2,0.13185642659664154
145,blocks.27.conv1,0.10718937963247299
145,blocks.27.conv2,0.11710987240076065
145,blocks.28.conv1,0.10553285479545593
145,blocks.28.conv2,0.10929010063409805
145,blocks.29.conv1,0.13869205117225647
145,blocks.29.conv2,0.1376015692949295
145,blocks.30.conv1,0.13552331924438477
145,blocks.30.conv2,0.13210898637771606
145,blocks.31.conv1,0.10260634869337082
145,blocks.31.conv2,0.11561746895313263
145,blocks.32.conv1,0.11181332170963287
145,blocks.32.conv2,0.11600391566753387
145,blocks.33.conv1,0.1180524006485939
145,blocks.33.conv2,0.12477900087833405
145,blocks.34.conv1,0.12071388959884644
145,blocks.34.conv2,0.14667950570583344
145,blocks.35.conv1,0.1377762109041214
145,blocks.35.conv2,0.1508292257785797
145,blocks.36.conv1,0.13603250682353973
145,blocks.36.conv2,0.13778850436210632
145,blocks.37.conv1,0.15497590601444244
145,blocks.37.conv2,0.151389941573143
145,blocks.38.conv1,0.1432705521583557
145,blocks.38.conv2,0.13210628926753998
145,blocks.39.conv1,0.13048361241817474
145,blocks.39.conv2,0.1338971108198166
145,blocks.40.conv1,0.13570667803287506
145,blocks.40.conv2,0.12845635414123535
145,blocks.41.conv1,0.1309712827205658
145,blocks.41.conv2,0.14294475317001343
145,blocks.42.conv1,0.14039143919944763
145,blocks.42.conv2,0.15196092426776886
145,blocks.43.conv1,0.23525775969028473
145,blocks.43.conv2,0.287734717130661
145,blocks.44.conv1,0.3343583941459656
145,blocks.44.conv2,0.3900735676288605
145,blocks.45.conv1,0.4000927805900574
145,blocks.45.conv2,0.388944536447525
145,blocks.46.conv1,0.4342798590660095
145,blocks.46.conv2,0.45109593868255615
145,blocks.47.conv1,0.532988429069519
145,blocks.47.conv2,0.59529709815979
145,blocks.48.conv1,0.5889894962310791
145,blocks.48.conv2,0.6020737886428833
145,blocks.49.conv1,0.5988965034484863
145,blocks.49.conv2,0.3835579454898834
145,mean_conv2d_grad_norm,0.18879531357105417
146,stem.0,0.020888598635792732
146,blocks.0.conv1,0.1067265048623085
146,blocks.0.conv2,0.2442988157272339
146,blocks.1.conv1,0.23649394512176514
146,blocks.1.conv2,0.22785300016403198
146,blocks.2.conv1,0.08913151919841766
146,blocks.2.conv2,0.1716984510421753
146,blocks.3.conv1,0.13192249834537506
146,blocks.3.conv2,0.16568703949451447
146,blocks.4.conv1,0.14500170946121216
146,blocks.4.conv2,0.1830676794052124
146,blocks.5.conv1,0.1368134319782257
146,blocks.5.conv2,0.18015830218791962
146,blocks.6.conv1,0.1535995900630951
146,blocks.6.conv2,0.11512772738933563
146,blocks.7.conv1,0.11954100430011749
146,blocks.7.conv2,0.23356220126152039
146,blocks.8.conv1,0.2079475075006485
146,blocks.8.conv2,0.16138793528079987
146,blocks.9.conv1,0.09545008838176727
146,blocks.9.conv2,0.12261933088302612
146,blocks.10.conv1,0.14193934202194214
146,blocks.10.conv2,0.11126869916915894
146,blocks.11.conv1,0.13592474162578583
146,blocks.11.conv2,0.13607792556285858
146,blocks.12.conv1,0.13911376893520355
146,blocks.12.conv2,0.15877355635166168
146,blocks.13.conv1,0.14670734107494354
146,blocks.13.conv2,0.091261126101017
146,blocks.14.conv1,0.12236382067203522
146,blocks.14.conv2,0.11929640918970108
146,blocks.15.conv1,0.16882826387882233
146,blocks.15.conv2,0.13674870133399963
146,blocks.16.conv1,0.11556252092123032
146,blocks.16.conv2,0.11903516948223114
146,blocks.17.conv1,0.10902517288923264
146,blocks.17.conv2,0.10678590834140778
146,blocks.18.conv1,0.12857845425605774
146,blocks.18.conv2,0.1390220820903778
146,blocks.19.conv1,0.11196646094322205
146,blocks.19.conv2,0.08274012058973312
146,blocks.20.conv1,0.13246887922286987
146,blocks.20.conv2,0.12279684841632843
146,blocks.21.conv1,0.10771075636148453
146,blocks.21.conv2,0.13155479729175568
146,blocks.22.conv1,0.12016861885786057
146,blocks.22.conv2,0.11893356591463089
146,blocks.23.conv1,0.12987716495990753
146,blocks.23.conv2,0.11017969995737076
146,blocks.24.conv1,0.10565176606178284
146,blocks.24.conv2,0.10353502631187439
146,blocks.25.conv1,0.11171133071184158
146,blocks.25.conv2,0.10167258977890015
146,blocks.26.conv1,0.11712512373924255
146,blocks.26.conv2,0.11312445253133774
146,blocks.27.conv1,0.11184690147638321
146,blocks.27.conv2,0.11520758271217346
146,blocks.28.conv1,0.10577846318483353
146,blocks.28.conv2,0.09733691811561584
146,blocks.29.conv1,0.11622105538845062
146,blocks.29.conv2,0.13595712184906006
146,blocks.30.conv1,0.10253234952688217
146,blocks.30.conv2,0.11270522326231003
146,blocks.31.conv1,0.10046356916427612
146,blocks.31.conv2,0.10485868901014328
146,blocks.32.conv1,0.11499956250190735
146,blocks.32.conv2,0.12910322844982147
146,blocks.33.conv1,0.11595792323350906
146,blocks.33.conv2,0.10405787080526352
146,blocks.34.conv1,0.10738682746887207
146,blocks.34.conv2,0.10766569525003433
146,blocks.35.conv1,0.1399269551038742
146,blocks.35.conv2,0.1757916659116745
146,blocks.36.conv1,0.1497182846069336
146,blocks.36.conv2,0.142823725938797
146,blocks.37.conv1,0.14344362914562225
146,blocks.37.conv2,0.13951317965984344
146,blocks.38.conv1,0.14508377015590668
146,blocks.38.conv2,0.1432868093252182
146,blocks.39.conv1,0.1392432451248169
146,blocks.39.conv2,0.14954207837581635
146,blocks.40.conv1,0.1542024463415146
146,blocks.40.conv2,0.1535521149635315
146,blocks.41.conv1,0.13547475636005402
146,blocks.41.conv2,0.12997156381607056
146,blocks.42.conv1,0.1370021104812622
146,blocks.42.conv2,0.16785845160484314
146,blocks.43.conv1,0.23857292532920837
146,blocks.43.conv2,0.28263431787490845
146,blocks.44.conv1,0.31555214524269104
146,blocks.44.conv2,0.35732272267341614
146,blocks.45.conv1,0.35526973009109497
146,blocks.45.conv2,0.34478020668029785
146,blocks.46.conv1,0.3710263967514038
146,blocks.46.conv2,0.44355541467666626
146,blocks.47.conv1,0.5025872588157654
146,blocks.47.conv2,0.4927069842815399
146,blocks.48.conv1,0.5035030245780945
146,blocks.48.conv2,0.5542259812355042
146,blocks.49.conv1,0.5894572734832764
146,blocks.49.conv2,0.43186017870903015
146,mean_conv2d_grad_norm,0.17136708331653977
147,stem.0,0.017935357987880707
147,blocks.0.conv1,0.1213051900267601
147,blocks.0.conv2,0.20117902755737305
147,blocks.1.conv1,0.19934384524822235
147,blocks.1.conv2,0.13460451364517212
147,blocks.2.conv1,0.1316620409488678
147,blocks.2.conv2,0.12541136145591736
147,blocks.3.conv1,0.22521556913852692
147,blocks.3.conv2,0.13365538418293
147,blocks.4.conv1,0.09344778209924698
147,blocks.4.conv2,0.1222684234380722
147,blocks.5.conv1,0.10925864428281784
147,blocks.5.conv2,0.15572278201580048
147,blocks.6.conv1,0.09851577132940292
147,blocks.6.conv2,0.09053269028663635
147,blocks.7.conv1,0.10638756304979324
147,blocks.7.conv2,0.22646118700504303
147,blocks.8.conv1,0.15862919390201569
147,blocks.8.conv2,0.13154296576976776
147,blocks.9.conv1,0.08209363371133804
147,blocks.9.conv2,0.09988261759281158
147,blocks.10.conv1,0.1353190690279007
147,blocks.10.conv2,0.12501470744609833
147,blocks.11.conv1,0.11036761850118637
147,blocks.11.conv2,0.09996099770069122
147,blocks.12.conv1,0.0866117775440216
147,blocks.12.conv2,0.10315091907978058
147,blocks.13.conv1,0.09320354461669922
147,blocks.13.conv2,0.06849678605794907
147,blocks.14.conv1,0.08001735806465149
147,blocks.14.conv2,0.09694503992795944
147,blocks.15.conv1,0.1089232861995697
147,blocks.15.conv2,0.0986025258898735
147,blocks.16.conv1,0.0959978923201561
147,blocks.16.conv2,0.10400046408176422
147,blocks.17.conv1,0.08095480501651764
147,blocks.17.conv2,0.09033578634262085
147,blocks.18.conv1,0.09494315832853317
147,blocks.18.conv2,0.11907798796892166
147,blocks.19.conv1,0.0942363440990448
147,blocks.19.conv2,0.09500621259212494
147,blocks.20.conv1,0.10293445736169815
147,blocks.20.conv2,0.11301907896995544
147,blocks.21.conv1,0.1146770492196083
147,blocks.21.conv2,0.12576858699321747
147,blocks.22.conv1,0.11423156410455704
147,blocks.22.conv2,0.11765440553426743
147,blocks.23.conv1,0.14318637549877167
147,blocks.23.conv2,0.11669179797172546
147,blocks.24.conv1,0.10244375467300415
147,blocks.24.conv2,0.10218995064496994
147,blocks.25.conv1,0.08794433623552322
147,blocks.25.conv2,0.08985739946365356
147,blocks.26.conv1,0.09866450726985931
147,blocks.26.conv2,0.09235381335020065
147,blocks.27.conv1,0.09013020247220993
147,blocks.27.conv2,0.08982798457145691
147,blocks.28.conv1,0.07924170792102814
147,blocks.28.conv2,0.07314182072877884
147,blocks.29.conv1,0.0835132896900177
147,blocks.29.conv2,0.07859202474355698
147,blocks.30.conv1,0.08820764720439911
147,blocks.30.conv2,0.0809725895524025
147,blocks.31.conv1,0.07214478403329849
147,blocks.31.conv2,0.07425153255462646
147,blocks.32.conv1,0.07533909380435944
147,blocks.32.conv2,0.07170448452234268
147,blocks.33.conv1,0.085435651242733
147,blocks.33.conv2,0.09566137939691544
147,blocks.34.conv1,0.09645426273345947
147,blocks.34.conv2,0.09998692572116852
147,blocks.35.conv1,0.12127740681171417
147,blocks.35.conv2,0.1549805849790573
147,blocks.36.conv1,0.13493214547634125
147,blocks.36.conv2,0.11605910956859589
147,blocks.37.conv1,0.12647747993469238
147,blocks.37.conv2,0.10234861075878143
147,blocks.38.conv1,0.10661984235048294
147,blocks.38.conv2,0.11116623878479004
147,blocks.39.conv1,0.11478807032108307
147,blocks.39.conv2,0.11703666299581528
147,blocks.40.conv1,0.13197311758995056
147,blocks.40.conv2,0.11090172827243805
147,blocks.41.conv1,0.10850425809621811
147,blocks.41.conv2,0.10056798160076141
147,blocks.42.conv1,0.1078387200832367
147,blocks.42.conv2,0.13332249224185944
147,blocks.43.conv1,0.15448251366615295
147,blocks.43.conv2,0.22718976438045502
147,blocks.44.conv1,0.2866087257862091
147,blocks.44.conv2,0.3356282413005829
147,blocks.45.conv1,0.3451005816459656
147,blocks.45.conv2,0.34558287262916565
147,blocks.46.conv1,0.3783585727214813
147,blocks.46.conv2,0.423784464597702
147,blocks.47.conv1,0.4753822088241577
147,blocks.47.conv2,0.49046897888183594
147,blocks.48.conv1,0.5030943155288696
147,blocks.48.conv2,0.5362703204154968
147,blocks.49.conv1,0.5316221714019775
147,blocks.49.conv2,0.34863919019699097
147,mean_conv2d_grad_norm,0.1473609074802682
148,stem.0,0.04032358527183533
148,blocks.0.conv1,0.21886581182479858
148,blocks.0.conv2,0.4258681535720825
148,blocks.1.conv1,0.4791986048221588
148,blocks.1.conv2,0.2729261815547943
148,blocks.2.conv1,0.1957632303237915
148,blocks.2.conv2,0.2475239634513855
148,blocks.3.conv1,0.22800564765930176
148,blocks.3.conv2,0.199731707572937
148,blocks.4.conv1,0.12890943884849548
148,blocks.4.conv2,0.1311754733324051
148,blocks.5.conv1,0.12568676471710205
148,blocks.5.conv2,0.15452486276626587
148,blocks.6.conv1,0.11201589554548264
148,blocks.6.conv2,0.1000077873468399
148,blocks.7.conv1,0.14381824433803558
148,blocks.7.conv2,0.21271052956581116
148,blocks.8.conv1,0.17613860964775085
148,blocks.8.conv2,0.1750859171152115
148,blocks.9.conv1,0.11793334782123566
148,blocks.9.conv2,0.11733023077249527
148,blocks.10.conv1,0.14219102263450623
148,blocks.10.conv2,0.1547597497701645
148,blocks.11.conv1,0.1470845490694046
148,blocks.11.conv2,0.12294904887676239
148,blocks.12.conv1,0.10174810886383057
148,blocks.12.conv2,0.1269378364086151
148,blocks.13.conv1,0.10959065705537796
148,blocks.13.conv2,0.09017114341259003
148,blocks.14.conv1,0.09863261133432388
148,blocks.14.conv2,0.10609226673841476
148,blocks.15.conv1,0.13059765100479126
148,blocks.15.conv2,0.12924392521381378
148,blocks.16.conv1,0.10675819218158722
148,blocks.16.conv2,0.1191168949007988
148,blocks.17.conv1,0.10237564891576767
148,blocks.17.conv2,0.09386265277862549
148,blocks.18.conv1,0.1100962907075882
148,blocks.18.conv2,0.12377007305622101
148,blocks.19.conv1,0.09802919626235962
148,blocks.19.conv2,0.11426317691802979
148,blocks.20.conv1,0.14118824899196625
148,blocks.20.conv2,0.16413769125938416
148,blocks.21.conv1,0.1379084289073944
148,blocks.21.conv2,0.1444932371377945
148,blocks.22.conv1,0.14352300763130188
148,blocks.22.conv2,0.14941377937793732
148,blocks.23.conv1,0.14062625169754028
148,blocks.23.conv2,0.14089639484882355
148,blocks.24.conv1,0.12395761162042618
148,blocks.24.conv2,0.10923640429973602
148,blocks.25.conv1,0.11391990631818771
148,blocks.25.conv2,0.12052424997091293
148,blocks.26.conv1,0.13286608457565308
148,blocks.26.conv2,0.13035649061203003
148,blocks.27.conv1,0.14479194581508636
148,blocks.27.conv2,0.15080362558364868
148,blocks.28.conv1,0.12169325351715088
148,blocks.28.conv2,0.13661853969097137
148,blocks.29.conv1,0.1606023758649826
148,blocks.29.conv2,0.1567283570766449
148,blocks.30.conv1,0.15512293577194214
148,blocks.30.conv2,0.14767347276210785
148,blocks.31.conv1,0.13497072458267212
148,blocks.31.conv2,0.11066639423370361
148,blocks.32.conv1,0.115503691136837
148,blocks.32.conv2,0.13898172974586487
148,blocks.33.conv1,0.1337098926305771
148,blocks.33.conv2,0.13012482225894928
148,blocks.34.conv1,0.11804820597171783
148,blocks.34.conv2,0.1392785608768463
148,blocks.35.conv1,0.14429116249084473
148,blocks.35.conv2,0.16673730313777924
148,blocks.36.conv1,0.13804887235164642
148,blocks.36.conv2,0.13316453993320465
148,blocks.37.conv1,0.1309071183204651
148,blocks.37.conv2,0.13617360591888428
148,blocks.38.conv1,0.13495904207229614
148,blocks.38.conv2,0.12965121865272522
148,blocks.39.conv1,0.14109712839126587
148,blocks.39.conv2,0.15678894519805908
148,blocks.40.conv1,0.16433757543563843
148,blocks.40.conv2,0.14498375356197357
148,blocks.41.conv1,0.1573515236377716
148,blocks.41.conv2,0.13130855560302734
148,blocks.42.conv1,0.13049624860286713
148,blocks.42.conv2,0.1411944031715393
148,blocks.43.conv1,0.18819040060043335
148,blocks.43.conv2,0.24725238978862762
148,blocks.44.conv1,0.3233270049095154
148,blocks.44.conv2,0.34776222705841064
148,blocks.45.conv1,0.371988445520401
148,blocks.45.conv2,0.35623958706855774
148,blocks.46.conv1,0.35832682251930237
148,blocks.46.conv2,0.42585277557373047
148,blocks.47.conv1,0.44590309262275696
148,blocks.47.conv2,0.46648359298706055
148,blocks.48.conv1,0.5096065998077393
148,blocks.48.conv2,0.5271305441856384
148,blocks.49.conv1,0.5302277207374573
148,blocks.49.conv2,0.35801729559898376
148,mean_conv2d_grad_norm,0.17978198509110083
149,stem.0,0.02015102468430996
149,blocks.0.conv1,0.23322857916355133
149,blocks.0.conv2,0.28399479389190674
149,blocks.1.conv1,0.318890243768692
149,blocks.1.conv2,0.18286922574043274
149,blocks.2.conv1,0.19608786702156067
149,blocks.2.conv2,0.19242100417613983
149,blocks.3.conv1,0.13006751239299774
149,blocks.3.conv2,0.1378253847360611
149,blocks.4.conv1,0.12482542544603348
149,blocks.4.conv2,0.11791069060564041
149,blocks.5.conv1,0.11731349676847458
149,blocks.5.conv2,0.17455901205539703
149,blocks.6.conv1,0.13220228254795074
149,blocks.6.conv2,0.17660020291805267
149,blocks.7.conv1,0.14546068012714386
149,blocks.7.conv2,0.2000947892665863
149,blocks.8.conv1,0.1513780653476715
149,blocks.8.conv2,0.12769082188606262
149,blocks.9.conv1,0.11363744735717773
149,blocks.9.conv2,0.09811720997095108
149,blocks.10.conv1,0.13474231958389282
149,blocks.10.conv2,0.1837882399559021
149,blocks.11.conv1,0.16115590929985046
149,blocks.11.conv2,0.15980516374111176
149,blocks.12.conv1,0.12014391273260117
149,blocks.12.conv2,0.1583370864391327
149,blocks.13.conv1,0.16004835069179535
149,blocks.13.conv2,0.0970550999045372
149,blocks.14.conv1,0.09450089186429977
149,blocks.14.conv2,0.1047915667295456
149,blocks.15.conv1,0.135006383061409
149,blocks.15.conv2,0.13987122476100922
149,blocks.16.conv1,0.117660291492939
149,blocks.16.conv2,0.11776143312454224
149,blocks.17.conv1,0.11763950437307358
149,blocks.17.conv2,0.10223117470741272
149,blocks.18.conv1,0.11473780125379562
149,blocks.18.conv2,0.13949832320213318
149,blocks.19.conv1,0.11290331929922104
149,blocks.19.conv2,0.09996318817138672
149,blocks.20.conv1,0.12206108123064041
149,blocks.20.conv2,0.12666146457195282
149,blocks.21.conv1,0.13363716006278992
149,blocks.21.conv2,0.13558287918567657
149,blocks.22.conv1,0.15534332394599915
149,blocks.22.conv2,0.17327862977981567
149,blocks.23.conv1,0.15307879447937012
149,blocks.23.conv2,0.14796796441078186
149,blocks.24.conv1,0.12258496880531311
149,blocks.24.conv2,0.11938546597957611
149,blocks.25.conv1,0.11185301840305328
149,blocks.25.conv2,0.12644606828689575
149,blocks.26.conv1,0.1393878012895584
149,blocks.26.conv2,0.13785728812217712
149,blocks.27.conv1,0.1298324018716812
149,blocks.27.conv2,0.13186830282211304
149,blocks.28.conv1,0.13008777797222137
149,blocks.28.conv2,0.1337052434682846
149,blocks.29.conv1,0.16446228325366974
149,blocks.29.conv2,0.16539950668811798
149,blocks.30.conv1,0.1460367888212204
149,blocks.30.conv2,0.15017762780189514
149,blocks.31.conv1,0.14270615577697754
149,blocks.31.conv2,0.11981700360774994
149,blocks.32.conv1,0.14434872567653656
149,blocks.32.conv2,0.13899199664592743
149,blocks.33.conv1,0.15200504660606384
149,blocks.33.conv2,0.13246041536331177
149,blocks.34.conv1,0.10600827634334564
149,blocks.34.conv2,0.14802560210227966
149,blocks.35.conv1,0.14236651360988617
149,blocks.35.conv2,0.18606068193912506
149,blocks.36.conv1,0.17051126062870026
149,blocks.36.conv2,0.17055435478687286
149,blocks.37.conv1,0.1587914079427719
149,blocks.37.conv2,0.14235325157642365
149,blocks.38.conv1,0.1748780757188797
149,blocks.38.conv2,0.16881601512432098
149,blocks.39.conv1,0.16613823175430298
149,blocks.39.conv2,0.16223178803920746
149,blocks.40.conv1,0.1500989943742752
149,blocks.40.conv2,0.1330658197402954
149,blocks.41.conv1,0.1548478603363037
149,blocks.41.conv2,0.165864035487175
149,blocks.42.conv1,0.17956095933914185
149,blocks.42.conv2,0.2056640088558197
149,blocks.43.conv1,0.26412999629974365
149,blocks.43.conv2,0.2907105088233948
149,blocks.44.conv1,0.3406888544559479
149,blocks.44.conv2,0.39203450083732605
149,blocks.45.conv1,0.402841717004776
149,blocks.45.conv2,0.4134558141231537
149,blocks.46.conv1,0.4550943672657013
149,blocks.46.conv2,0.5226824879646301
149,blocks.47.conv1,0.579297661781311
149,blocks.47.conv2,0.6157251000404358
149,blocks.48.conv1,0.612130343914032
149,blocks.48.conv2,0.6717793941497803
149,blocks.49.conv1,0.6348512768745422
149,blocks.49.conv2,0.3940575420856476
149,mean_conv2d_grad_norm,0.19118127556941886
150,stem.0,0.028122689574956894
150,blocks.0.conv1,0.12425988167524338
150,blocks.0.conv2,0.4216247498989105
150,blocks.1.conv1,0.45085984468460083
150,blocks.1.conv2,0.19704271852970123
150,blocks.2.conv1,0.15974439680576324
150,blocks.2.conv2,0.2482154816389084
150,blocks.3.conv1,0.15668490529060364
150,blocks.3.conv2,0.12832145392894745
150,blocks.4.conv1,0.11033627390861511
150,blocks.4.conv2,0.12127840518951416
150,blocks.5.conv1,0.11316069960594177
150,blocks.5.conv2,0.15801525115966797
150,blocks.6.conv1,0.12273837625980377
150,blocks.6.conv2,0.12319815158843994
150,blocks.7.conv1,0.11259456723928452
150,blocks.7.conv2,0.17774121463298798
150,blocks.8.conv1,0.16046597063541412
150,blocks.8.conv2,0.15896758437156677
150,blocks.9.conv1,0.11619298905134201
150,blocks.9.conv2,0.12267912179231644
150,blocks.10.conv1,0.15391597151756287
150,blocks.10.conv2,0.139131098985672
150,blocks.11.conv1,0.11333106458187103
150,blocks.11.conv2,0.13602982461452484
150,blocks.12.conv1,0.11083148419857025
150,blocks.12.conv2,0.19978249073028564
150,blocks.13.conv1,0.11835064738988876
150,blocks.13.conv2,0.12945352494716644
150,blocks.14.conv1,0.1146140918135643
150,blocks.14.conv2,0.1092703640460968
150,blocks.15.conv1,0.13764263689517975
150,blocks.15.conv2,0.14673392474651337
150,blocks.16.conv1,0.1261889785528183
150,blocks.16.conv2,0.11528611928224564
150,blocks.17.conv1,0.14264202117919922
150,blocks.17.conv2,0.12669464945793152
150,blocks.18.conv1,0.135688915848732
150,blocks.18.conv2,0.11900611966848373
150,blocks.19.conv1,0.11843542009592056
150,blocks.19.conv2,0.10804835706949234
150,blocks.20.conv1,0.11031433939933777
150,blocks.20.conv2,0.1299719512462616
150,blocks.21.conv1,0.13301610946655273
150,blocks.21.conv2,0.12900666892528534
150,blocks.22.conv1,0.12547077238559723
150,blocks.22.conv2,0.12757647037506104
150,blocks.23.conv1,0.1452171504497528
150,blocks.23.conv2,0.1309828758239746
150,blocks.24.conv1,0.11437026411294937
150,blocks.24.conv2,0.12035353481769562
150,blocks.25.conv1,0.1056877076625824
150,blocks.25.conv2,0.11406099796295166
150,blocks.26.conv1,0.12371288239955902
150,blocks.26.conv2,0.1319434940814972
150,blocks.27.conv1,0.1511841118335724
150,blocks.27.conv2,0.14919938147068024
150,blocks.28.conv1,0.12261217087507248
150,blocks.28.conv2,0.12473861128091812
150,blocks.29.conv1,0.1388588398694992
150,blocks.29.conv2,0.14582262933254242
150,blocks.30.conv1,0.13026444613933563
150,blocks.30.conv2,0.13697873055934906
150,blocks.31.conv1,0.12801355123519897
150,blocks.31.conv2,0.11059441417455673
150,blocks.32.conv1,0.11909175664186478
150,blocks.32.conv2,0.13895216584205627
150,blocks.33.conv1,0.12526054680347443
150,blocks.33.conv2,0.11911681294441223
150,blocks.34.conv1,0.1115850955247879
150,blocks.34.conv2,0.13312973082065582
150,blocks.35.conv1,0.15256507694721222
150,blocks.35.conv2,0.18407997488975525
150,blocks.36.conv1,0.17953673005104065
150,blocks.36.conv2,0.1979953795671463
150,blocks.37.conv1,0.16410350799560547
150,blocks.37.conv2,0.15990060567855835
150,blocks.38.conv1,0.1695546954870224
150,blocks.38.conv2,0.1596653312444687
150,blocks.39.conv1,0.15416106581687927
150,blocks.39.conv2,0.16119863092899323
150,blocks.40.conv1,0.14558935165405273
150,blocks.40.conv2,0.1536039263010025
150,blocks.41.conv1,0.15131092071533203
150,blocks.41.conv2,0.1467147320508957
150,blocks.42.conv1,0.15574911236763
150,blocks.42.conv2,0.14594252407550812
150,blocks.43.conv1,0.19569745659828186
150,blocks.43.conv2,0.2602047324180603
150,blocks.44.conv1,0.3258591890335083
150,blocks.44.conv2,0.37396714091300964
150,blocks.45.conv1,0.39447909593582153
150,blocks.45.conv2,0.45146089792251587
150,blocks.46.conv1,0.44461360573768616
150,blocks.46.conv2,0.5110111236572266
150,blocks.47.conv1,0.549553632736206
150,blocks.47.conv2,0.5745028853416443
150,blocks.48.conv1,0.576892077922821
150,blocks.48.conv2,0.6291069984436035
150,blocks.49.conv1,0.6192768216133118
150,blocks.49.conv2,0.42199742794036865
150,mean_conv2d_grad_norm,0.18664064652996487
151,stem.0,0.025614144280552864
151,blocks.0.conv1,0.1415652334690094
151,blocks.0.conv2,0.19928734004497528
151,blocks.1.conv1,0.28949329257011414
151,blocks.1.conv2,0.16453680396080017
151,blocks.2.conv1,0.1316741704940796
151,blocks.2.conv2,0.15908822417259216
151,blocks.3.conv1,0.16519221663475037
151,blocks.3.conv2,0.12998232245445251
151,blocks.4.conv1,0.12072330713272095
151,blocks.4.conv2,0.16706252098083496
151,blocks.5.conv1,0.14373676478862762
151,blocks.5.conv2,0.16501404345035553
151,blocks.6.conv1,0.1552237719297409
151,blocks.6.conv2,0.14854158461093903
151,blocks.7.conv1,0.17459559440612793
151,blocks.7.conv2,0.2677030861377716
151,blocks.8.conv1,0.2093181163072586
151,blocks.8.conv2,0.2413201481103897
151,blocks.9.conv1,0.1541052907705307
151,blocks.9.conv2,0.13456575572490692
151,blocks.10.conv1,0.18110038340091705
151,blocks.10.conv2,0.1761467307806015
151,blocks.11.conv1,0.14367909729480743
151,blocks.11.conv2,0.11703368276357651
151,blocks.12.conv1,0.11091107875108719
151,blocks.12.conv2,0.14162273705005646
151,blocks.13.conv1,0.1096038818359375
151,blocks.13.conv2,0.0965580865740776
151,blocks.14.conv1,0.10608977824449539
151,blocks.14.conv2,0.10271649807691574
151,blocks.15.conv1,0.1326131820678711
151,blocks.15.conv2,0.14169642329216003
151,blocks.16.conv1,0.13084489107131958
151,blocks.16.conv2,0.13855962455272675
151,blocks.17.conv1,0.12749959528446198
151,blocks.17.conv2,0.13627085089683533
151,blocks.18.conv1,0.13675613701343536
151,blocks.18.conv2,0.13802331686019897
151,blocks.19.conv1,0.15361261367797852
151,blocks.19.conv2,0.1169746145606041
151,blocks.20.conv1,0.11737173050642014
151,blocks.20.conv2,0.12648826837539673
151,blocks.21.conv1,0.12301594763994217
151,blocks.21.conv2,0.10946371406316757
151,blocks.22.conv1,0.10950291156768799
151,blocks.22.conv2,0.10907778143882751
151,blocks.23.conv1,0.11392323672771454
151,blocks.23.conv2,0.10554685443639755
151,blocks.24.conv1,0.09942851960659027
151,blocks.24.conv2,0.08356240391731262
151,blocks.25.conv1,0.08187297731637955
151,blocks.25.conv2,0.10268039256334305
151,blocks.26.conv1,0.10010182112455368
151,blocks.26.conv2,0.1121947318315506
151,blocks.27.conv1,0.10904759913682938
151,blocks.27.conv2,0.10917136073112488
151,blocks.28.conv1,0.10266977548599243
151,blocks.28.conv2,0.09443647414445877
151,blocks.29.conv1,0.13372185826301575
151,blocks.29.conv2,0.11255031079053879
151,blocks.30.conv1,0.10458570718765259
151,blocks.30.conv2,0.11683303117752075
151,blocks.31.conv1,0.11629730463027954
151,blocks.31.conv2,0.10104288905858994
151,blocks.32.conv1,0.08759822696447372
151,blocks.32.conv2,0.10350347310304642
151,blocks.33.conv1,0.109461210668087
151,blocks.33.conv2,0.11693790555000305
151,blocks.34.conv1,0.1063799187541008
151,blocks.34.conv2,0.12532249093055725
151,blocks.35.conv1,0.15206512808799744
151,blocks.35.conv2,0.1903739869594574
151,blocks.36.conv1,0.18414568901062012
151,blocks.36.conv2,0.18124862015247345
151,blocks.37.conv1,0.20703522861003876
151,blocks.37.conv2,0.12735532224178314
151,blocks.38.conv1,0.1435561627149582
151,blocks.38.conv2,0.12347792088985443
151,blocks.39.conv1,0.138185054063797
151,blocks.39.conv2,0.12569765746593475
151,blocks.40.conv1,0.12122874706983566
151,blocks.40.conv2,0.12163861095905304
151,blocks.41.conv1,0.12853369116783142
151,blocks.41.conv2,0.11720459163188934
151,blocks.42.conv1,0.12721312046051025
151,blocks.42.conv2,0.14558225870132446
151,blocks.43.conv1,0.22871574759483337
151,blocks.43.conv2,0.2721807360649109
151,blocks.44.conv1,0.34432098269462585
151,blocks.44.conv2,0.40360227227211
151,blocks.45.conv1,0.49439939856529236
151,blocks.45.conv2,0.5218154191970825
151,blocks.46.conv1,0.4673852324485779
151,blocks.46.conv2,0.5391861200332642
151,blocks.47.conv1,0.5926358699798584
151,blocks.47.conv2,0.6302515268325806
151,blocks.48.conv1,0.625129222869873
151,blocks.48.conv2,0.683961808681488
151,blocks.49.conv1,0.6535077691078186
151,blocks.49.conv2,0.4450520873069763
151,mean_conv2d_grad_norm,0.18422904700999804
152,stem.0,0.02048557996749878
152,blocks.0.conv1,0.31159707903862
152,blocks.0.conv2,0.23161181807518005
152,blocks.1.conv1,0.3010226786136627
152,blocks.1.conv2,0.19841618835926056
152,blocks.2.conv1,0.24222669005393982
152,blocks.2.conv2,0.17502833902835846
152,blocks.3.conv1,0.10297290235757828
152,blocks.3.conv2,0.12613435089588165
152,blocks.4.conv1,0.10196605324745178
152,blocks.4.conv2,0.11119633167982101
152,blocks.5.conv1,0.11328304558992386
152,blocks.5.conv2,0.13614057004451752
152,blocks.6.conv1,0.12940789759159088
152,blocks.6.conv2,0.09451103955507278
152,blocks.7.conv1,0.08808781206607819
152,blocks.7.conv2,0.16230206191539764
152,blocks.8.conv1,0.13947917520999908
152,blocks.8.conv2,0.08712169528007507
152,blocks.9.conv1,0.07632426172494888
152,blocks.9.conv2,0.09121906012296677
152,blocks.10.conv1,0.10473040491342545
152,blocks.10.conv2,0.10407237708568573
152,blocks.11.conv1,0.11394277215003967
152,blocks.11.conv2,0.10152838379144669
152,blocks.12.conv1,0.08328410238027573
152,blocks.12.conv2,0.1121622622013092
152,blocks.13.conv1,0.08706295490264893
152,blocks.13.conv2,0.07069449871778488
152,blocks.14.conv1,0.07971558719873428
152,blocks.14.conv2,0.11019143462181091
152,blocks.15.conv1,0.0976693406701088
152,blocks.15.conv2,0.11053740978240967
152,blocks.16.conv1,0.10533171892166138
152,blocks.16.conv2,0.09210610389709473
152,blocks.17.conv1,0.07186851650476456
152,blocks.17.conv2,0.09600792825222015
152,blocks.18.conv1,0.1183503121137619
152,blocks.18.conv2,0.0897734984755516
152,blocks.19.conv1,0.07588224112987518
152,blocks.19.conv2,0.077830009162426
152,blocks.20.conv1,0.09071660041809082
152,blocks.20.conv2,0.09987489134073257
152,blocks.21.conv1,0.08005445450544357
152,blocks.21.conv2,0.09093011170625687
152,blocks.22.conv1,0.0972689613699913
152,blocks.22.conv2,0.09383329004049301
152,blocks.23.conv1,0.08671706169843674
152,blocks.23.conv2,0.08514099568128586
152,blocks.24.conv1,0.07016827166080475
152,blocks.24.conv2,0.07832518219947815
152,blocks.25.conv1,0.08556058257818222
152,blocks.25.conv2,0.07934737205505371
152,blocks.26.conv1,0.08166912198066711
152,blocks.26.conv2,0.09357187896966934
152,blocks.27.conv1,0.10132177174091339
152,blocks.27.conv2,0.1042613610625267
152,blocks.28.conv1,0.09509919583797455
152,blocks.28.conv2,0.08958180248737335
152,blocks.29.conv1,0.1071174144744873
152,blocks.29.conv2,0.10696732997894287
152,blocks.30.conv1,0.09934486448764801
152,blocks.30.conv2,0.10741956532001495
152,blocks.31.conv1,0.07709497958421707
152,blocks.31.conv2,0.08037755638360977
152,blocks.32.conv1,0.07264818251132965
152,blocks.32.conv2,0.08251655846834183
152,blocks.33.conv1,0.0877581536769867
152,blocks.33.conv2,0.0825931653380394
152,blocks.34.conv1,0.06728439778089523
152,blocks.34.conv2,0.08504323661327362
152,blocks.35.conv1,0.1104390025138855
152,blocks.35.conv2,0.12856146693229675
152,blocks.36.conv1,0.1339624524116516
152,blocks.36.conv2,0.11720764636993408
152,blocks.37.conv1,0.12734054028987885
152,blocks.37.conv2,0.10066263377666473
152,blocks.38.conv1,0.10774248093366623
152,blocks.38.conv2,0.10878168791532516
152,blocks.39.conv1,0.1118941605091095
152,blocks.39.conv2,0.09932851791381836
152,blocks.40.conv1,0.09473811089992523
152,blocks.40.conv2,0.08969323337078094
152,blocks.41.conv1,0.09970798343420029
152,blocks.41.conv2,0.10149189084768295
152,blocks.42.conv1,0.10160355269908905
152,blocks.42.conv2,0.11793399602174759
152,blocks.43.conv1,0.169156014919281
152,blocks.43.conv2,0.200516939163208
152,blocks.44.conv1,0.2562309503555298
152,blocks.44.conv2,0.2938615679740906
152,blocks.45.conv1,0.3496015965938568
152,blocks.45.conv2,0.3546523451805115
152,blocks.46.conv1,0.37328609824180603
152,blocks.46.conv2,0.4174790382385254
152,blocks.47.conv1,0.4560345709323883
152,blocks.47.conv2,0.49166685342788696
152,blocks.48.conv1,0.5166301131248474
152,blocks.48.conv2,0.5779016017913818
152,blocks.49.conv1,0.5245437026023865
152,blocks.49.conv2,0.3137262463569641
152,mean_conv2d_grad_norm,0.14504219598994397
153,stem.0,0.019374636933207512
153,blocks.0.conv1,0.25131210684776306
153,blocks.0.conv2,0.19869188964366913
153,blocks.1.conv1,0.22453562915325165
153,blocks.1.conv2,0.134808748960495
153,blocks.2.conv1,0.16829293966293335
153,blocks.2.conv2,0.1819952130317688
153,blocks.3.conv1,0.13313406705856323
153,blocks.3.conv2,0.10251961648464203
153,blocks.4.conv1,0.07775474339723587
153,blocks.4.conv2,0.08417756110429764
153,blocks.5.conv1,0.08533082157373428
153,blocks.5.conv2,0.11812303960323334
153,blocks.6.conv1,0.10288040339946747
153,blocks.6.conv2,0.08913855999708176
153,blocks.7.conv1,0.08439052850008011
153,blocks.7.conv2,0.1238352358341217
153,blocks.8.conv1,0.12094452977180481
153,blocks.8.conv2,0.09987479448318481
153,blocks.9.conv1,0.08284913003444672
153,blocks.9.conv2,0.09881113469600677
153,blocks.10.conv1,0.11057650297880173
153,blocks.10.conv2,0.11185059696435928
153,blocks.11.conv1,0.10249709337949753
153,blocks.11.conv2,0.0934809148311615
153,blocks.12.conv1,0.08201128989458084
153,blocks.12.conv2,0.11845192313194275
153,blocks.13.conv1,0.08396025747060776
153,blocks.13.conv2,0.0623910129070282
153,blocks.14.conv1,0.06549925357103348
153,blocks.14.conv2,0.0682559609413147
153,blocks.15.conv1,0.09561625868082047
153,blocks.15.conv2,0.09617997705936432
153,blocks.16.conv1,0.08237364143133163
153,blocks.16.conv2,0.07400404661893845
153,blocks.17.conv1,0.08573049306869507
153,blocks.17.conv2,0.07432334870100021
153,blocks.18.conv1,0.08779644966125488
153,blocks.18.conv2,0.08550670742988586
153,blocks.19.conv1,0.07355104386806488
153,blocks.19.conv2,0.08486927300691605
153,blocks.20.conv1,0.08118128031492233
153,blocks.20.conv2,0.08146639913320541
153,blocks.21.conv1,0.09213290363550186
153,blocks.21.conv2,0.09654299169778824
153,blocks.22.conv1,0.11239349097013474
153,blocks.22.conv2,0.11280901730060577
153,blocks.23.conv1,0.11214413493871689
153,blocks.23.conv2,0.08793175965547562
153,blocks.24.conv1,0.08107904344797134
153,blocks.24.conv2,0.08917532861232758
153,blocks.25.conv1,0.08664460480213165
153,blocks.25.conv2,0.07796676456928253
153,blocks.26.conv1,0.08096516132354736
153,blocks.26.conv2,0.09726691246032715
153,blocks.27.conv1,0.09505148231983185
153,blocks.27.conv2,0.10821462422609329
153,blocks.28.conv1,0.08951783180236816
153,blocks.28.conv2,0.08694737404584885
153,blocks.29.conv1,0.10306288301944733
153,blocks.29.conv2,0.11246121674776077
153,blocks.30.conv1,0.09754735231399536
153,blocks.30.conv2,0.10489922761917114
153,blocks.31.conv1,0.08398230373859406
153,blocks.31.conv2,0.07903449237346649
153,blocks.32.conv1,0.087933748960495
153,blocks.32.conv2,0.0891205444931984
153,blocks.33.conv1,0.09811469912528992
153,blocks.33.conv2,0.07690273225307465
153,blocks.34.conv1,0.06700064986944199
153,blocks.34.conv2,0.08139901608228683
153,blocks.35.conv1,0.11180977523326874
153,blocks.35.conv2,0.1301192045211792
153,blocks.36.conv1,0.13577644526958466
153,blocks.36.conv2,0.13487739861011505
153,blocks.37.conv1,0.12672483921051025
153,blocks.37.conv2,0.1057332307100296
153,blocks.38.conv1,0.1093716248869896
153,blocks.38.conv2,0.111894391477108
153,blocks.39.conv1,0.1061272844672203
153,blocks.39.conv2,0.09788266569375992
153,blocks.40.conv1,0.09310497343540192
153,blocks.40.conv2,0.09994371980428696
153,blocks.41.conv1,0.10029495507478714
153,blocks.41.conv2,0.10599782317876816
153,blocks.42.conv1,0.12348182499408722
153,blocks.42.conv2,0.13019995391368866
153,blocks.43.conv1,0.16897232830524445
153,blocks.43.conv2,0.2219775915145874
153,blocks.44.conv1,0.26951339840888977
153,blocks.44.conv2,0.30848777294158936
153,blocks.45.conv1,0.34591683745384216
153,blocks.45.conv2,0.34930655360221863
153,blocks.46.conv1,0.36221498250961304
153,blocks.46.conv2,0.4032320976257324
153,blocks.47.conv1,0.4529895782470703
153,blocks.47.conv2,0.46275532245635986
153,blocks.48.conv1,0.4970451593399048
153,blocks.48.conv2,0.5275790095329285
153,blocks.49.conv1,0.4877956509590149
153,blocks.49.conv2,0.30753040313720703
153,mean_conv2d_grad_norm,0.13922027865480077
154,stem.0,0.0240379199385643
154,blocks.0.conv1,0.21516457200050354
154,blocks.0.conv2,0.24752749502658844
154,blocks.1.conv1,0.29691243171691895
154,blocks.1.conv2,0.20181384682655334
154,blocks.2.conv1,0.15544921159744263
154,blocks.2.conv2,0.18972279131412506
154,blocks.3.conv1,0.1410345435142517
154,blocks.3.conv2,0.14870589971542358
154,blocks.4.conv1,0.11561377346515656
154,blocks.4.conv2,0.16174966096878052
154,blocks.5.conv1,0.1519830971956253
154,blocks.5.conv2,0.1493970900774002
154,blocks.6.conv1,0.09710733592510223
154,blocks.6.conv2,0.11394995450973511
154,blocks.7.conv1,0.11478333175182343
154,blocks.7.conv2,0.17721982300281525
154,blocks.8.conv1,0.13997900485992432
154,blocks.8.conv2,0.13184046745300293
154,blocks.9.conv1,0.10281474143266678
154,blocks.9.conv2,0.12633714079856873
154,blocks.10.conv1,0.15415270626544952
154,blocks.10.conv2,0.18735988438129425
154,blocks.11.conv1,0.16705097258090973
154,blocks.11.conv2,0.15358375012874603
154,blocks.12.conv1,0.12718454003334045
154,blocks.12.conv2,0.1402895152568817
154,blocks.13.conv1,0.10801669955253601
154,blocks.13.conv2,0.09143348783254623
154,blocks.14.conv1,0.15044517815113068
154,blocks.14.conv2,0.11276279389858246
154,blocks.15.conv1,0.17584742605686188
154,blocks.15.conv2,0.1361483484506607
154,blocks.16.conv1,0.13926710188388824
154,blocks.16.conv2,0.17603589594364166
154,blocks.17.conv1,0.14619982242584229
154,blocks.17.conv2,0.13092705607414246
154,blocks.18.conv1,0.1414160281419754
154,blocks.18.conv2,0.15399670600891113
154,blocks.19.conv1,0.1597985178232193
154,blocks.19.conv2,0.12871019542217255
154,blocks.20.conv1,0.15913841128349304
154,blocks.20.conv2,0.14071746170520782
154,blocks.21.conv1,0.14368054270744324
154,blocks.21.conv2,0.14554166793823242
154,blocks.22.conv1,0.15154699981212616
154,blocks.22.conv2,0.13474194705486298
154,blocks.23.conv1,0.13560494780540466
154,blocks.23.conv2,0.12062743306159973
154,blocks.24.conv1,0.12063620984554291
154,blocks.24.conv2,0.14541444182395935
154,blocks.25.conv1,0.12616325914859772
154,blocks.25.conv2,0.11846896260976791
154,blocks.26.conv1,0.1377190351486206
154,blocks.26.conv2,0.1413000524044037
154,blocks.27.conv1,0.15369616448879242
154,blocks.27.conv2,0.1441800743341446
154,blocks.28.conv1,0.12475211918354034
154,blocks.28.conv2,0.11722823977470398
154,blocks.29.conv1,0.12445744127035141
154,blocks.29.conv2,0.14197629690170288
154,blocks.30.conv1,0.14242097735404968
154,blocks.30.conv2,0.12615424394607544
154,blocks.31.conv1,0.11942359805107117
154,blocks.31.conv2,0.10467984527349472
154,blocks.32.conv1,0.12108218669891357
154,blocks.32.conv2,0.13503199815750122
154,blocks.33.conv1,0.11996186524629593
154,blocks.33.conv2,0.10955823957920074
154,blocks.34.conv1,0.0931452065706253
154,blocks.34.conv2,0.10695070773363113
154,blocks.35.conv1,0.12742701172828674
154,blocks.35.conv2,0.1664131134748459
154,blocks.36.conv1,0.18356947600841522
154,blocks.36.conv2,0.1947655975818634
154,blocks.37.conv1,0.15270403027534485
154,blocks.37.conv2,0.13491052389144897
154,blocks.38.conv1,0.12544773519039154
154,blocks.38.conv2,0.14431048929691315
154,blocks.39.conv1,0.13041378557682037
154,blocks.39.conv2,0.14406856894493103
154,blocks.40.conv1,0.12669900059700012
154,blocks.40.conv2,0.1264437586069107
154,blocks.41.conv1,0.13453274965286255
154,blocks.41.conv2,0.1296846717596054
154,blocks.42.conv1,0.14947201311588287
154,blocks.42.conv2,0.15816199779510498
154,blocks.43.conv1,0.20019462704658508
154,blocks.43.conv2,0.2867055833339691
154,blocks.44.conv1,0.37316951155662537
154,blocks.44.conv2,0.4469149708747864
154,blocks.45.conv1,0.4459693133831024
154,blocks.45.conv2,0.43849584460258484
154,blocks.46.conv1,0.4544663727283478
154,blocks.46.conv2,0.5093368887901306
154,blocks.47.conv1,0.5533313155174255
154,blocks.47.conv2,0.6155068874359131
154,blocks.48.conv1,0.6428928971290588
154,blocks.48.conv2,0.7259533405303955
154,blocks.49.conv1,0.7001148462295532
154,blocks.49.conv2,0.4107324182987213
154,mean_conv2d_grad_norm,0.18933248195317712
155,stem.0,0.02090705744922161
155,blocks.0.conv1,0.27563923597335815
155,blocks.0.conv2,0.2651183605194092
155,blocks.1.conv1,0.48028984665870667
155,blocks.1.conv2,0.19587373733520508
155,blocks.2.conv1,0.17423035204410553
155,blocks.2.conv2,0.2166184037923813
155,blocks.3.conv1,0.17653056979179382
155,blocks.3.conv2,0.132259801030159
155,blocks.4.conv1,0.12395384162664413
155,blocks.4.conv2,0.1529073417186737
155,blocks.5.conv1,0.14019745588302612
155,blocks.5.conv2,0.1645449846982956
155,blocks.6.conv1,0.13853827118873596
155,blocks.6.conv2,0.16861405968666077
155,blocks.7.conv1,0.15584728121757507
155,blocks.7.conv2,0.23021630942821503
155,blocks.8.conv1,0.21657627820968628
155,blocks.8.conv2,0.18130923807621002
155,blocks.9.conv1,0.10965365916490555
155,blocks.9.conv2,0.13176992535591125
155,blocks.10.conv1,0.15082138776779175
155,blocks.10.conv2,0.15952764451503754
155,blocks.11.conv1,0.16047295928001404
155,blocks.11.conv2,0.12855888903141022
155,blocks.12.conv1,0.1274891197681427
155,blocks.12.conv2,0.16976171731948853
155,blocks.13.conv1,0.1454659104347229
155,blocks.13.conv2,0.0916227325797081
155,blocks.14.conv1,0.10993034392595291
155,blocks.14.conv2,0.11908236145973206
155,blocks.15.conv1,0.13683174550533295
155,blocks.15.conv2,0.13166560232639313
155,blocks.16.conv1,0.14701321721076965
155,blocks.16.conv2,0.14147773385047913
155,blocks.17.conv1,0.12214358896017075
155,blocks.17.conv2,0.132082000374794
155,blocks.18.conv1,0.15667223930358887
155,blocks.18.conv2,0.14928096532821655
155,blocks.19.conv1,0.13820990920066833
155,blocks.19.conv2,0.12873652577400208
155,blocks.20.conv1,0.11582589894533157
155,blocks.20.conv2,0.14833545684814453
155,blocks.21.conv1,0.12037095427513123
155,blocks.21.conv2,0.1410319209098816
155,blocks.22.conv1,0.14167164266109467
155,blocks.22.conv2,0.12613445520401
155,blocks.23.conv1,0.1567498743534088
155,blocks.23.conv2,0.11133862286806107
155,blocks.24.conv1,0.09773816168308258
155,blocks.24.conv2,0.1040591448545456
155,blocks.25.conv1,0.1259702742099762
155,blocks.25.conv2,0.12476146221160889
155,blocks.26.conv1,0.11787029355764389
155,blocks.26.conv2,0.1330154538154602
155,blocks.27.conv1,0.13649329543113708
155,blocks.27.conv2,0.13188639283180237
155,blocks.28.conv1,0.10816515982151031
155,blocks.28.conv2,0.1161416545510292
155,blocks.29.conv1,0.14263683557510376
155,blocks.29.conv2,0.14986975491046906
155,blocks.30.conv1,0.12877732515335083
155,blocks.30.conv2,0.11623682081699371
155,blocks.31.conv1,0.09734799712896347
155,blocks.31.conv2,0.0985027477145195
155,blocks.32.conv1,0.12029902637004852
155,blocks.32.conv2,0.1038084328174591
155,blocks.33.conv1,0.10385287553071976
155,blocks.33.conv2,0.09444130212068558
155,blocks.34.conv1,0.09296265244483948
155,blocks.34.conv2,0.1159430593252182
155,blocks.35.conv1,0.14253616333007812
155,blocks.35.conv2,0.18865862488746643
155,blocks.36.conv1,0.1787513643503189
155,blocks.36.conv2,0.19962328672409058
155,blocks.37.conv1,0.16657790541648865
155,blocks.37.conv2,0.15206080675125122
155,blocks.38.conv1,0.15035158395767212
155,blocks.38.conv2,0.14222563803195953
155,blocks.39.conv1,0.14629505574703217
155,blocks.39.conv2,0.13024093210697174
155,blocks.40.conv1,0.12365934997797012
155,blocks.40.conv2,0.13300703465938568
155,blocks.41.conv1,0.11893576383590698
155,blocks.41.conv2,0.11503750830888748
155,blocks.42.conv1,0.1378890573978424
155,blocks.42.conv2,0.18098464608192444
155,blocks.43.conv1,0.26140525937080383
155,blocks.43.conv2,0.28477901220321655
155,blocks.44.conv1,0.3239063024520874
155,blocks.44.conv2,0.35294583439826965
155,blocks.45.conv1,0.39296114444732666
155,blocks.45.conv2,0.4137206971645355
155,blocks.46.conv1,0.4159424602985382
155,blocks.46.conv2,0.4818127751350403
155,blocks.47.conv1,0.5197253227233887
155,blocks.47.conv2,0.5434420108795166
155,blocks.48.conv1,0.5902679562568665
155,blocks.48.conv2,0.6136573553085327
155,blocks.49.conv1,0.6175224781036377
155,blocks.49.conv2,0.37969574332237244
155,mean_conv2d_grad_norm,0.18632970918154362
156,stem.0,0.0214245468378067
156,blocks.0.conv1,0.2164297103881836
156,blocks.0.conv2,0.19934037327766418
156,blocks.1.conv1,0.4311467409133911
156,blocks.1.conv2,0.1935768872499466
156,blocks.2.conv1,0.11229108273983002
156,blocks.2.conv2,0.18500496447086334
156,blocks.3.conv1,0.14213629066944122
156,blocks.3.conv2,0.15387515723705292
156,blocks.4.conv1,0.14471042156219482
156,blocks.4.conv2,0.13696642220020294
156,blocks.5.conv1,0.12454599887132645
156,blocks.5.conv2,0.15578408539295197
156,blocks.6.conv1,0.13638466596603394
156,blocks.6.conv2,0.1406300961971283
156,blocks.7.conv1,0.1469363570213318
156,blocks.7.conv2,0.19248731434345245
156,blocks.8.conv1,0.16241711378097534
156,blocks.8.conv2,0.1379571259021759
156,blocks.9.conv1,0.10720278322696686
156,blocks.9.conv2,0.14531424641609192
156,blocks.10.conv1,0.1580822765827179
156,blocks.10.conv2,0.1706719994544983
156,blocks.11.conv1,0.12859421968460083
156,blocks.11.conv2,0.13347169756889343
156,blocks.12.conv1,0.126151442527771
156,blocks.12.conv2,0.13466010987758636
156,blocks.13.conv1,0.127796471118927
156,blocks.13.conv2,0.09972989559173584
156,blocks.14.conv1,0.11956070363521576
156,blocks.14.conv2,0.13149483501911163
156,blocks.15.conv1,0.15774430334568024
156,blocks.15.conv2,0.165057972073555
156,blocks.16.conv1,0.14308586716651917
156,blocks.16.conv2,0.13176095485687256
156,blocks.17.conv1,0.1188661977648735
156,blocks.17.conv2,0.10562411695718765
156,blocks.18.conv1,0.14384782314300537
156,blocks.18.conv2,0.1553509682416916
156,blocks.19.conv1,0.12385527044534683
156,blocks.19.conv2,0.12555865943431854
156,blocks.20.conv1,0.12139295786619186
156,blocks.20.conv2,0.14488430321216583
156,blocks.21.conv1,0.1290958672761917
156,blocks.21.conv2,0.1308744102716446
156,blocks.22.conv1,0.13682830333709717
156,blocks.22.conv2,0.14438915252685547
156,blocks.23.conv1,0.14894309639930725
156,blocks.23.conv2,0.12500187754631042
156,blocks.24.conv1,0.10997571796178818
156,blocks.24.conv2,0.11512476950883865
156,blocks.25.conv1,0.10872339457273483
156,blocks.25.conv2,0.10680316388607025
156,blocks.26.conv1,0.1068100556731224
156,blocks.26.conv2,0.11077628284692764
156,blocks.27.conv1,0.1204298585653305
156,blocks.27.conv2,0.12139563262462616
156,blocks.28.conv1,0.10481977462768555
156,blocks.28.conv2,0.10760261863470078
156,blocks.29.conv1,0.1302979290485382
156,blocks.29.conv2,0.1462245136499405
156,blocks.30.conv1,0.14068514108657837
156,blocks.30.conv2,0.12637075781822205
156,blocks.31.conv1,0.09325238317251205
156,blocks.31.conv2,0.09231729060411453
156,blocks.32.conv1,0.10384136438369751
156,blocks.32.conv2,0.1057807132601738
156,blocks.33.conv1,0.11179898679256439
156,blocks.33.conv2,0.12077273428440094
156,blocks.34.conv1,0.12341104447841644
156,blocks.34.conv2,0.13361383974552155
156,blocks.35.conv1,0.157218798995018
156,blocks.35.conv2,0.16996760666370392
156,blocks.36.conv1,0.19048120081424713
156,blocks.36.conv2,0.18728803098201752
156,blocks.37.conv1,0.1616063416004181
156,blocks.37.conv2,0.12974974513053894
156,blocks.38.conv1,0.11752405017614365
156,blocks.38.conv2,0.10934066772460938
156,blocks.39.conv1,0.11758541315793991
156,blocks.39.conv2,0.11813919991254807
156,blocks.40.conv1,0.1304757297039032
156,blocks.40.conv2,0.1081681028008461
156,blocks.41.conv1,0.11790204048156738
156,blocks.41.conv2,0.1207398921251297
156,blocks.42.conv1,0.15384544432163239
156,blocks.42.conv2,0.17399892210960388
156,blocks.43.conv1,0.24489854276180267
156,blocks.43.conv2,0.2920811176300049
156,blocks.44.conv1,0.34357500076293945
156,blocks.44.conv2,0.3709832429885864
156,blocks.45.conv1,0.399797260761261
156,blocks.45.conv2,0.39407697319984436
156,blocks.46.conv1,0.40750813484191895
156,blocks.46.conv2,0.4617675244808197
156,blocks.47.conv1,0.5379497408866882
156,blocks.47.conv2,0.5602751970291138
156,blocks.48.conv1,0.5750069618225098
156,blocks.48.conv2,0.6179617643356323
156,blocks.49.conv1,0.6060127019882202
156,blocks.49.conv2,0.3384988009929657
156,mean_conv2d_grad_norm,0.17944742827722343
157,stem.0,0.028573626652359962
157,blocks.0.conv1,0.2056615799665451
157,blocks.0.conv2,0.28857097029685974
157,blocks.1.conv1,0.37807753682136536
157,blocks.1.conv2,0.19204826653003693
157,blocks.2.conv1,0.13034087419509888
157,blocks.2.conv2,0.2259509563446045
157,blocks.3.conv1,0.15293274819850922
157,blocks.3.conv2,0.1345033347606659
157,blocks.4.conv1,0.126940056681633
157,blocks.4.conv2,0.13755720853805542
157,blocks.5.conv1,0.15380752086639404
157,blocks.5.conv2,0.19205248355865479
157,blocks.6.conv1,0.1697818487882614
157,blocks.6.conv2,0.1278039664030075
157,blocks.7.conv1,0.14156115055084229
157,blocks.7.conv2,0.2389337122440338
157,blocks.8.conv1,0.20740938186645508
157,blocks.8.conv2,0.18690313398838043
157,blocks.9.conv1,0.13665764033794403
157,blocks.9.conv2,0.12377104163169861
157,blocks.10.conv1,0.15109138190746307
157,blocks.10.conv2,0.14464682340621948
157,blocks.11.conv1,0.1214166209101677
157,blocks.11.conv2,0.16307315230369568
157,blocks.12.conv1,0.15075437724590302
157,blocks.12.conv2,0.18384553492069244
157,blocks.13.conv1,0.16520842909812927
157,blocks.13.conv2,0.13550110161304474
157,blocks.14.conv1,0.14558035135269165
157,blocks.14.conv2,0.1542787402868271
157,blocks.15.conv1,0.15582121908664703
157,blocks.15.conv2,0.17854906618595123
157,blocks.16.conv1,0.15289317071437836
157,blocks.16.conv2,0.1320095956325531
157,blocks.17.conv1,0.1396021544933319
157,blocks.17.conv2,0.10908918082714081
157,blocks.18.conv1,0.16268937289714813
157,blocks.18.conv2,0.18907396495342255
157,blocks.19.conv1,0.1892808973789215
157,blocks.19.conv2,0.12163595110177994
157,blocks.20.conv1,0.13635951280593872
157,blocks.20.conv2,0.1553073525428772
157,blocks.21.conv1,0.15129825472831726
157,blocks.21.conv2,0.12505780160427094
157,blocks.22.conv1,0.14864560961723328
157,blocks.22.conv2,0.1481490284204483
157,blocks.23.conv1,0.16521191596984863
157,blocks.23.conv2,0.13646021485328674
157,blocks.24.conv1,0.11928945034742355
157,blocks.24.conv2,0.12682266533374786
157,blocks.25.conv1,0.1300562471151352
157,blocks.25.conv2,0.12874045968055725
157,blocks.26.conv1,0.13800649344921112
157,blocks.26.conv2,0.140157550573349
157,blocks.27.conv1,0.13514353334903717
157,blocks.27.conv2,0.13770940899848938
157,blocks.28.conv1,0.12090621143579483
157,blocks.28.conv2,0.1399388313293457
157,blocks.29.conv1,0.17425546050071716
157,blocks.29.conv2,0.15488465130329132
157,blocks.30.conv1,0.12992987036705017
157,blocks.30.conv2,0.11488782614469528
157,blocks.31.conv1,0.10618989914655685
157,blocks.31.conv2,0.10747232288122177
157,blocks.32.conv1,0.11116985231637955
157,blocks.32.conv2,0.11918435990810394
157,blocks.33.conv1,0.1185142770409584
157,blocks.33.conv2,0.11909183859825134
157,blocks.34.conv1,0.12134876102209091
157,blocks.34.conv2,0.12410291284322739
157,blocks.35.conv1,0.16649629175662994
157,blocks.35.conv2,0.22103862464427948
157,blocks.36.conv1,0.21581898629665375
157,blocks.36.conv2,0.18946368992328644
157,blocks.37.conv1,0.192541241645813
157,blocks.37.conv2,0.1607857048511505
157,blocks.38.conv1,0.15565380454063416
157,blocks.38.conv2,0.14451229572296143
157,blocks.39.conv1,0.14385101199150085
157,blocks.39.conv2,0.1407366693019867
157,blocks.40.conv1,0.1410932093858719
157,blocks.40.conv2,0.14971108734607697
157,blocks.41.conv1,0.1506861299276352
157,blocks.41.conv2,0.1438581496477127
157,blocks.42.conv1,0.13393858075141907
157,blocks.42.conv2,0.1443505585193634
157,blocks.43.conv1,0.21658484637737274
157,blocks.43.conv2,0.28490525484085083
157,blocks.44.conv1,0.3772129416465759
157,blocks.44.conv2,0.4389648735523224
157,blocks.45.conv1,0.4785033166408539
157,blocks.45.conv2,0.46701133251190186
157,blocks.46.conv1,0.44412627816200256
157,blocks.46.conv2,0.5223754048347473
157,blocks.47.conv1,0.5913017392158508
157,blocks.47.conv2,0.5863416194915771
157,blocks.48.conv1,0.6452792882919312
157,blocks.48.conv2,0.700131893157959
157,blocks.49.conv1,0.7074977159500122
157,blocks.49.conv2,0.45738843083381653
157,mean_conv2d_grad_norm,0.20022112546064477
158,stem.0,0.027506964281201363
158,blocks.0.conv1,0.15779392421245575
158,blocks.0.conv2,0.26441317796707153
158,blocks.1.conv1,0.35538768768310547
158,blocks.1.conv2,0.1478727012872696
158,blocks.2.conv1,0.15344960987567902
158,blocks.2.conv2,0.18567538261413574
158,blocks.3.conv1,0.13493025302886963
158,blocks.3.conv2,0.11180812120437622
158,blocks.4.conv1,0.1146107092499733
158,blocks.4.conv2,0.13346149027347565
158,blocks.5.conv1,0.11435193568468094
158,blocks.5.conv2,0.175783172249794
158,blocks.6.conv1,0.16532640159130096
158,blocks.6.conv2,0.11456932872533798
158,blocks.7.conv1,0.11513043940067291
158,blocks.7.conv2,0.20696811378002167
158,blocks.8.conv1,0.16774465143680573
158,blocks.8.conv2,0.15853431820869446
158,blocks.9.conv1,0.1047089621424675
158,blocks.9.conv2,0.1245330274105072
158,blocks.10.conv1,0.17701208591461182
158,blocks.10.conv2,0.11901360750198364
158,blocks.11.conv1,0.12401185929775238
158,blocks.11.conv2,0.1240014061331749
158,blocks.12.conv1,0.11790518462657928
158,blocks.12.conv2,0.12087180465459824
158,blocks.13.conv1,0.1186678409576416
158,blocks.13.conv2,0.0919889286160469
158,blocks.14.conv1,0.08850964903831482
158,blocks.14.conv2,0.0946374237537384
158,blocks.15.conv1,0.1318688541650772
158,blocks.15.conv2,0.12077692151069641
158,blocks.16.conv1,0.11992882937192917
158,blocks.16.conv2,0.10959086567163467
158,blocks.17.conv1,0.09303029626607895
158,blocks.17.conv2,0.1130598783493042
158,blocks.18.conv1,0.14419151842594147
158,blocks.18.conv2,0.138529971241951
158,blocks.19.conv1,0.13955731689929962
158,blocks.19.conv2,0.09672822803258896
158,blocks.20.conv1,0.11451039463281631
158,blocks.20.conv2,0.1179690808057785
158,blocks.21.conv1,0.13411089777946472
158,blocks.21.conv2,0.13035838305950165
158,blocks.22.conv1,0.13626839220523834
158,blocks.22.conv2,0.12832768261432648
158,blocks.23.conv1,0.12926438450813293
158,blocks.23.conv2,0.09356147795915604
158,blocks.24.conv1,0.090519018471241
158,blocks.24.conv2,0.10900889337062836
158,blocks.25.conv1,0.09068448841571808
158,blocks.25.conv2,0.09404736012220383
158,blocks.26.conv1,0.12157384306192398
158,blocks.26.conv2,0.1345527023077011
158,blocks.27.conv1,0.14802855253219604
158,blocks.27.conv2,0.12964634597301483
158,blocks.28.conv1,0.10158944875001907
158,blocks.28.conv2,0.10604626685380936
158,blocks.29.conv1,0.11632150411605835
158,blocks.29.conv2,0.1205180212855339
158,blocks.30.conv1,0.13243649899959564
158,blocks.30.conv2,0.08832977712154388
158,blocks.31.conv1,0.0828218087553978
158,blocks.31.conv2,0.07407865673303604
158,blocks.32.conv1,0.08180946856737137
158,blocks.32.conv2,0.07810559123754501
158,blocks.33.conv1,0.09513692557811737
158,blocks.33.conv2,0.08816110342741013
158,blocks.34.conv1,0.08756902813911438
158,blocks.34.conv2,0.09907157719135284
158,blocks.35.conv1,0.1601499766111374
158,blocks.35.conv2,0.18202432990074158
158,blocks.36.conv1,0.21308597922325134
158,blocks.36.conv2,0.23233793675899506
158,blocks.37.conv1,0.15607154369354248
158,blocks.37.conv2,0.12152333557605743
158,blocks.38.conv1,0.1304858922958374
158,blocks.38.conv2,0.12766526639461517
158,blocks.39.conv1,0.12564310431480408
158,blocks.39.conv2,0.11678168177604675
158,blocks.40.conv1,0.12052403390407562
158,blocks.40.conv2,0.12307106703519821
158,blocks.41.conv1,0.12189824879169464
158,blocks.41.conv2,0.12957565486431122
158,blocks.42.conv1,0.13734018802642822
158,blocks.42.conv2,0.15762507915496826
158,blocks.43.conv1,0.21324662864208221
158,blocks.43.conv2,0.2870861887931824
158,blocks.44.conv1,0.3416364789009094
158,blocks.44.conv2,0.41324031352996826
158,blocks.45.conv1,0.4191783666610718
158,blocks.45.conv2,0.41286587715148926
158,blocks.46.conv1,0.4426390826702118
158,blocks.46.conv2,0.5149371027946472
158,blocks.47.conv1,0.587232768535614
158,blocks.47.conv2,0.6079130172729492
158,blocks.48.conv1,0.6388203501701355
158,blocks.48.conv2,0.6838735938072205
158,blocks.49.conv1,0.6839761137962341
158,blocks.49.conv2,0.39402347803115845
158,mean_conv2d_grad_norm,0.17692418907317195
159,stem.0,0.022003507241606712
159,blocks.0.conv1,0.3562518358230591
159,blocks.0.conv2,0.3062325716018677
159,blocks.1.conv1,0.32272079586982727
159,blocks.1.conv2,0.15447059273719788
159,blocks.2.conv1,0.12265666574239731
159,blocks.2.conv2,0.14793753623962402
159,blocks.3.conv1,0.10914740711450577
159,blocks.3.conv2,0.15340466797351837
159,blocks.4.conv1,0.12419570237398148
159,blocks.4.conv2,0.14695686101913452
159,blocks.5.conv1,0.1430453062057495
159,blocks.5.conv2,0.1692206710577011
159,blocks.6.conv1,0.1289169192314148
159,blocks.6.conv2,0.15681298077106476
159,blocks.7.conv1,0.15560445189476013
159,blocks.7.conv2,0.2105957567691803
159,blocks.8.conv1,0.15116190910339355
159,blocks.8.conv2,0.1630033552646637
159,blocks.9.conv1,0.13113245368003845
159,blocks.9.conv2,0.17588621377944946
159,blocks.10.conv1,0.16451379656791687
159,blocks.10.conv2,0.16005109250545502
159,blocks.11.conv1,0.1423564851284027
159,blocks.11.conv2,0.11600170284509659
159,blocks.12.conv1,0.10151836276054382
159,blocks.12.conv2,0.1271057277917862
159,blocks.13.conv1,0.11355657875537872
159,blocks.13.conv2,0.11623313277959824
159,blocks.14.conv1,0.13937589526176453
159,blocks.14.conv2,0.1370018869638443
159,blocks.15.conv1,0.158040389418602
159,blocks.15.conv2,0.13821527361869812
159,blocks.16.conv1,0.15099811553955078
159,blocks.16.conv2,0.15014004707336426
159,blocks.17.conv1,0.13357318937778473
159,blocks.17.conv2,0.12071111798286438
159,blocks.18.conv1,0.13425636291503906
159,blocks.18.conv2,0.14756184816360474
159,blocks.19.conv1,0.13586069643497467
159,blocks.19.conv2,0.1458147168159485
159,blocks.20.conv1,0.13997505605220795
159,blocks.20.conv2,0.15392227470874786
159,blocks.21.conv1,0.12691454589366913
159,blocks.21.conv2,0.1472024917602539
159,blocks.22.conv1,0.14895053207874298
159,blocks.22.conv2,0.14619876444339752
159,blocks.23.conv1,0.1596726030111313
159,blocks.23.conv2,0.14918313920497894
159,blocks.24.conv1,0.12288461625576019
159,blocks.24.conv2,0.17977187037467957
159,blocks.25.conv1,0.15408939123153687
159,blocks.25.conv2,0.19022507965564728
159,blocks.26.conv1,0.164097398519516
159,blocks.26.conv2,0.14754262566566467
159,blocks.27.conv1,0.1512169986963272
159,blocks.27.conv2,0.1700461357831955
159,blocks.28.conv1,0.14119921624660492
159,blocks.28.conv2,0.15260834991931915
159,blocks.29.conv1,0.1568945199251175
159,blocks.29.conv2,0.1575121134519577
159,blocks.30.conv1,0.16735480725765228
159,blocks.30.conv2,0.17425474524497986
159,blocks.31.conv1,0.13764147460460663
159,blocks.31.conv2,0.12623918056488037
159,blocks.32.conv1,0.13471820950508118
159,blocks.32.conv2,0.14364974200725555
159,blocks.33.conv1,0.13572655618190765
159,blocks.33.conv2,0.1289202868938446
159,blocks.34.conv1,0.12983815371990204
159,blocks.34.conv2,0.1547040045261383
159,blocks.35.conv1,0.17890587449073792
159,blocks.35.conv2,0.20996864140033722
159,blocks.36.conv1,0.23085004091262817
159,blocks.36.conv2,0.22517573833465576
159,blocks.37.conv1,0.2147941291332245
159,blocks.37.conv2,0.1666092574596405
159,blocks.38.conv1,0.15236152708530426
159,blocks.38.conv2,0.1565399020910263
159,blocks.39.conv1,0.14355507493019104
159,blocks.39.conv2,0.14621862769126892
159,blocks.40.conv1,0.14051084220409393
159,blocks.40.conv2,0.13917139172554016
159,blocks.41.conv1,0.16842110455036163
159,blocks.41.conv2,0.15840643644332886
159,blocks.42.conv1,0.1727205216884613
159,blocks.42.conv2,0.18919695913791656
159,blocks.43.conv1,0.2213725596666336
159,blocks.43.conv2,0.2813509702682495
159,blocks.44.conv1,0.3930547535419464
159,blocks.44.conv2,0.4242289960384369
159,blocks.45.conv1,0.5023506879806519
159,blocks.45.conv2,0.4967365860939026
159,blocks.46.conv1,0.48241791129112244
159,blocks.46.conv2,0.513731062412262
159,blocks.47.conv1,0.5616633892059326
159,blocks.47.conv2,0.5914233922958374
159,blocks.48.conv1,0.6550658345222473
159,blocks.48.conv2,0.7403389811515808
159,blocks.49.conv1,0.6625566482543945
159,blocks.49.conv2,0.35928767919540405
159,mean_conv2d_grad_norm,0.2025384651958057
160,stem.0,0.022710492834448814
160,blocks.0.conv1,0.1447611153125763
160,blocks.0.conv2,0.24593664705753326
160,blocks.1.conv1,0.25836193561553955
160,blocks.1.conv2,0.1767083704471588
160,blocks.2.conv1,0.12318623811006546
160,blocks.2.conv2,0.20171742141246796
160,blocks.3.conv1,0.1506713628768921
160,blocks.3.conv2,0.1224944069981575
160,blocks.4.conv1,0.13807928562164307
160,blocks.4.conv2,0.10683712363243103
160,blocks.5.conv1,0.10341508686542511
160,blocks.5.conv2,0.19171951711177826
160,blocks.6.conv1,0.13725773990154266
160,blocks.6.conv2,0.11320871114730835
160,blocks.7.conv1,0.12967443466186523
160,blocks.7.conv2,0.17723484337329865
160,blocks.8.conv1,0.14444124698638916
160,blocks.8.conv2,0.11906600743532181
160,blocks.9.conv1,0.10096561163663864
160,blocks.9.conv2,0.11445274949073792
160,blocks.10.conv1,0.14627449214458466
160,blocks.10.conv2,0.1364360898733139
160,blocks.11.conv1,0.12993884086608887
160,blocks.11.conv2,0.14816005527973175
160,blocks.12.conv1,0.09889748692512512
160,blocks.12.conv2,0.11432794481515884
160,blocks.13.conv1,0.08862005919218063
160,blocks.13.conv2,0.06836206465959549
160,blocks.14.conv1,0.10118859261274338
160,blocks.14.conv2,0.10217156261205673
160,blocks.15.conv1,0.15983529388904572
160,blocks.15.conv2,0.1417589634656906
160,blocks.16.conv1,0.1154923141002655
160,blocks.16.conv2,0.10383497178554535
160,blocks.17.conv1,0.12073447555303574
160,blocks.17.conv2,0.08995265513658524
160,blocks.18.conv1,0.11670838296413422
160,blocks.18.conv2,0.1268424093723297
160,blocks.19.conv1,0.10635337233543396
160,blocks.19.conv2,0.10523257404565811
160,blocks.20.conv1,0.12064102292060852
160,blocks.20.conv2,0.13791395723819733
160,blocks.21.conv1,0.1216338500380516
160,blocks.21.conv2,0.1526791900396347
160,blocks.22.conv1,0.1735507696866989
160,blocks.22.conv2,0.1523759365081787
160,blocks.23.conv1,0.1879839450120926
160,blocks.23.conv2,0.13110662996768951
160,blocks.24.conv1,0.11136646568775177
160,blocks.24.conv2,0.1509612798690796
160,blocks.25.conv1,0.1341642290353775
160,blocks.25.conv2,0.11081195622682571
160,blocks.26.conv1,0.12135674059391022
160,blocks.26.conv2,0.10466741770505905
160,blocks.27.conv1,0.11219830811023712
160,blocks.27.conv2,0.14823678135871887
160,blocks.28.conv1,0.11252927035093307
160,blocks.28.conv2,0.11806878447532654
160,blocks.29.conv1,0.15994979441165924
160,blocks.29.conv2,0.1457127034664154
160,blocks.30.conv1,0.12245365232229233
160,blocks.30.conv2,0.11558382213115692
160,blocks.31.conv1,0.10253880172967911
160,blocks.31.conv2,0.0930359959602356
160,blocks.32.conv1,0.10585760325193405
160,blocks.32.conv2,0.11697790026664734
160,blocks.33.conv1,0.1101871132850647
160,blocks.33.conv2,0.09806695580482483
160,blocks.34.conv1,0.08990728110074997
160,blocks.34.conv2,0.10992653667926788
160,blocks.35.conv1,0.1303544044494629
160,blocks.35.conv2,0.16694355010986328
160,blocks.36.conv1,0.20332548022270203
160,blocks.36.conv2,0.18663670122623444
160,blocks.37.conv1,0.1853216141462326
160,blocks.37.conv2,0.14469754695892334
160,blocks.38.conv1,0.14353840053081512
160,blocks.38.conv2,0.12954595685005188
160,blocks.39.conv1,0.12803179025650024
160,blocks.39.conv2,0.13773566484451294
160,blocks.40.conv1,0.1326189786195755
160,blocks.40.conv2,0.14101457595825195
160,blocks.41.conv1,0.13528704643249512
160,blocks.41.conv2,0.11540763080120087
160,blocks.42.conv1,0.11996492743492126
160,blocks.42.conv2,0.16280613839626312
160,blocks.43.conv1,0.23665793240070343
160,blocks.43.conv2,0.2812984585762024
160,blocks.44.conv1,0.3500286042690277
160,blocks.44.conv2,0.4207095801830292
160,blocks.45.conv1,0.4306127429008484
160,blocks.45.conv2,0.4393511712551117
160,blocks.46.conv1,0.45948535203933716
160,blocks.46.conv2,0.495487242937088
160,blocks.47.conv1,0.5737106800079346
160,blocks.47.conv2,0.5959489345550537
160,blocks.48.conv1,0.625816822052002
160,blocks.48.conv2,0.6348930597305298
160,blocks.49.conv1,0.6732168197631836
160,blocks.49.conv2,0.41573384404182434
160,mean_conv2d_grad_norm,0.17933316135981886
161,stem.0,0.028630346059799194
161,blocks.0.conv1,0.29729601740837097
161,blocks.0.conv2,0.28182584047317505
161,blocks.1.conv1,0.3492901921272278
161,blocks.1.conv2,0.23226937651634216
161,blocks.2.conv1,0.21805694699287415
161,blocks.2.conv2,0.2395726889371872
161,blocks.3.conv1,0.1832939237356186
161,blocks.3.conv2,0.16711339354515076
161,blocks.4.conv1,0.14018836617469788
161,blocks.4.conv2,0.1440412998199463
161,blocks.5.conv1,0.13108746707439423
161,blocks.5.conv2,0.22113175690174103
161,blocks.6.conv1,0.19830526411533356
161,blocks.6.conv2,0.15266430377960205
161,blocks.7.conv1,0.16952383518218994
161,blocks.7.conv2,0.2445298284292221
161,blocks.8.conv1,0.17317865788936615
161,blocks.8.conv2,0.15498773753643036
161,blocks.9.conv1,0.15813349187374115
161,blocks.9.conv2,0.134536474943161
161,blocks.10.conv1,0.17099086940288544
161,blocks.10.conv2,0.15316349267959595
161,blocks.11.conv1,0.15593384206295013
161,blocks.11.conv2,0.1541932225227356
161,blocks.12.conv1,0.15257082879543304
161,blocks.12.conv2,0.13697409629821777
161,blocks.13.conv1,0.14472520351409912
161,blocks.13.conv2,0.13488776981830597
161,blocks.14.conv1,0.11526541411876678
161,blocks.14.conv2,0.11615686863660812
161,blocks.15.conv1,0.1678203046321869
161,blocks.15.conv2,0.16500185430049896
161,blocks.16.conv1,0.15229250490665436
161,blocks.16.conv2,0.1543346345424652
161,blocks.17.conv1,0.14666658639907837
161,blocks.17.conv2,0.13235582411289215
161,blocks.18.conv1,0.15587575733661652
161,blocks.18.conv2,0.1759214848279953
161,blocks.19.conv1,0.15783534944057465
161,blocks.19.conv2,0.12337127327919006
161,blocks.20.conv1,0.14297056198120117
161,blocks.20.conv2,0.14869891107082367
161,blocks.21.conv1,0.1510581523180008
161,blocks.21.conv2,0.17042389512062073
161,blocks.22.conv1,0.15878549218177795
161,blocks.22.conv2,0.15710186958312988
161,blocks.23.conv1,0.18648070096969604
161,blocks.23.conv2,0.1371878683567047
161,blocks.24.conv1,0.12449958920478821
161,blocks.24.conv2,0.11986550688743591
161,blocks.25.conv1,0.11184326559305191
161,blocks.25.conv2,0.11391028016805649
161,blocks.26.conv1,0.14290758967399597
161,blocks.26.conv2,0.13498954474925995
161,blocks.27.conv1,0.14933805167675018
161,blocks.27.conv2,0.13182920217514038
161,blocks.28.conv1,0.11138010770082474
161,blocks.28.conv2,0.10773415863513947
161,blocks.29.conv1,0.14475806057453156
161,blocks.29.conv2,0.15280751883983612
161,blocks.30.conv1,0.13511145114898682
161,blocks.30.conv2,0.1262100785970688
161,blocks.31.conv1,0.11109455674886703
161,blocks.31.conv2,0.10218621045351028
161,blocks.32.conv1,0.10209501534700394
161,blocks.32.conv2,0.10816685110330582
161,blocks.33.conv1,0.10216604918241501
161,blocks.33.conv2,0.10600210726261139
161,blocks.34.conv1,0.10698562115430832
161,blocks.34.conv2,0.11825057119131088
161,blocks.35.conv1,0.14793968200683594
161,blocks.35.conv2,0.18210260570049286
161,blocks.36.conv1,0.2014698088169098
161,blocks.36.conv2,0.19577082991600037
161,blocks.37.conv1,0.18541890382766724
161,blocks.37.conv2,0.1349189430475235
161,blocks.38.conv1,0.13298660516738892
161,blocks.38.conv2,0.14395380020141602
161,blocks.39.conv1,0.14950822293758392
161,blocks.39.conv2,0.15196479856967926
161,blocks.40.conv1,0.15773706138134003
161,blocks.40.conv2,0.15598051249980927
161,blocks.41.conv1,0.15463131666183472
161,blocks.41.conv2,0.13977254927158356
161,blocks.42.conv1,0.17377112805843353
161,blocks.42.conv2,0.1876067966222763
161,blocks.43.conv1,0.21697382628917694
161,blocks.43.conv2,0.3146800994873047
161,blocks.44.conv1,0.4022873342037201
161,blocks.44.conv2,0.4412044882774353
161,blocks.45.conv1,0.4784483313560486
161,blocks.45.conv2,0.4777382016181946
161,blocks.46.conv1,0.4782015383243561
161,blocks.46.conv2,0.5569730997085571
161,blocks.47.conv1,0.6118886470794678
161,blocks.47.conv2,0.6404776573181152
161,blocks.48.conv1,0.6470751166343689
161,blocks.48.conv2,0.6868297457695007
161,blocks.49.conv1,0.6412114500999451
161,blocks.49.conv2,0.38149741291999817
161,mean_conv2d_grad_norm,0.2027114232135291
162,stem.0,0.021231263875961304
162,blocks.0.conv1,0.22930225729942322
162,blocks.0.conv2,0.2476833015680313
162,blocks.1.conv1,0.2907225787639618
162,blocks.1.conv2,0.17287112772464752
162,blocks.2.conv1,0.13826844096183777
162,blocks.2.conv2,0.2361777424812317
162,blocks.3.conv1,0.1651437133550644
162,blocks.3.conv2,0.14130645990371704
162,blocks.4.conv1,0.12706246972084045
162,blocks.4.conv2,0.1430830955505371
162,blocks.5.conv1,0.1552761346101761
162,blocks.5.conv2,0.18415004014968872
162,blocks.6.conv1,0.16097348928451538
162,blocks.6.conv2,0.11660757660865784
162,blocks.7.conv1,0.1467140167951584
162,blocks.7.conv2,0.27109605073928833
162,blocks.8.conv1,0.2195204198360443
162,blocks.8.conv2,0.20122277736663818
162,blocks.9.conv1,0.1596338003873825
162,blocks.9.conv2,0.16428086161613464
162,blocks.10.conv1,0.15965847671031952
162,blocks.10.conv2,0.15711714327335358
162,blocks.11.conv1,0.1510915607213974
162,blocks.11.conv2,0.14872026443481445
162,blocks.12.conv1,0.14382733404636383
162,blocks.12.conv2,0.13749977946281433
162,blocks.13.conv1,0.11922091990709305
162,blocks.13.conv2,0.11173883080482483
162,blocks.14.conv1,0.11802227795124054
162,blocks.14.conv2,0.1331019550561905
162,blocks.15.conv1,0.15077508985996246
162,blocks.15.conv2,0.13397257030010223
162,blocks.16.conv1,0.1327393651008606
162,blocks.16.conv2,0.13659346103668213
162,blocks.17.conv1,0.13423311710357666
162,blocks.17.conv2,0.13858620822429657
162,blocks.18.conv1,0.14919619262218475
162,blocks.18.conv2,0.16449910402297974
162,blocks.19.conv1,0.15034642815589905
162,blocks.19.conv2,0.1163286492228508
162,blocks.20.conv1,0.14444300532341003
162,blocks.20.conv2,0.13374879956245422
162,blocks.21.conv1,0.14147186279296875
162,blocks.21.conv2,0.14554959535598755
162,blocks.22.conv1,0.17872239649295807
162,blocks.22.conv2,0.15101012587547302
162,blocks.23.conv1,0.1470317393541336
162,blocks.23.conv2,0.1275021880865097
162,blocks.24.conv1,0.11172614991664886
162,blocks.24.conv2,0.11013137549161911
162,blocks.25.conv1,0.1168460100889206
162,blocks.25.conv2,0.122264564037323
162,blocks.26.conv1,0.14548246562480927
162,blocks.26.conv2,0.14553306996822357
162,blocks.27.conv1,0.1445852369070053
162,blocks.27.conv2,0.1315748393535614
162,blocks.28.conv1,0.1107865646481514
162,blocks.28.conv2,0.11130955815315247
162,blocks.29.conv1,0.17716901004314423
162,blocks.29.conv2,0.15612927079200745
162,blocks.30.conv1,0.12037423253059387
162,blocks.30.conv2,0.12361432611942291
162,blocks.31.conv1,0.11845806986093521
162,blocks.31.conv2,0.10819382965564728
162,blocks.32.conv1,0.11232102662324905
162,blocks.32.conv2,0.12794330716133118
162,blocks.33.conv1,0.14373336732387543
162,blocks.33.conv2,0.1318521946668625
162,blocks.34.conv1,0.1314854621887207
162,blocks.34.conv2,0.128969207406044
162,blocks.35.conv1,0.18090438842773438
162,blocks.35.conv2,0.2382661998271942
162,blocks.36.conv1,0.2261463701725006
162,blocks.36.conv2,0.20648683607578278
162,blocks.37.conv1,0.17991860210895538
162,blocks.37.conv2,0.14347130060195923
162,blocks.38.conv1,0.1402929276227951
162,blocks.38.conv2,0.15859541296958923
162,blocks.39.conv1,0.16429147124290466
162,blocks.39.conv2,0.16111990809440613
162,blocks.40.conv1,0.1675231158733368
162,blocks.40.conv2,0.16030094027519226
162,blocks.41.conv1,0.18036817014217377
162,blocks.41.conv2,0.16407839953899384
162,blocks.42.conv1,0.18215492367744446
162,blocks.42.conv2,0.20994669198989868
162,blocks.43.conv1,0.26291295886039734
162,blocks.43.conv2,0.31891319155693054
162,blocks.44.conv1,0.3885670304298401
162,blocks.44.conv2,0.43822750449180603
162,blocks.45.conv1,0.4668695330619812
162,blocks.45.conv2,0.4751279354095459
162,blocks.46.conv1,0.48761987686157227
162,blocks.46.conv2,0.5432786345481873
162,blocks.47.conv1,0.6264001131057739
162,blocks.47.conv2,0.6592989563941956
162,blocks.48.conv1,0.6726205945014954
162,blocks.48.conv2,0.6678759455680847
162,blocks.49.conv1,0.6436774730682373
162,blocks.49.conv2,0.3894268274307251
162,mean_conv2d_grad_norm,0.20182417259357943
163,stem.0,0.032690487802028656
163,blocks.0.conv1,0.4864354431629181
163,blocks.0.conv2,0.35403159260749817
163,blocks.1.conv1,0.410702645778656
163,blocks.1.conv2,0.19480977952480316
163,blocks.2.conv1,0.12661226093769073
163,blocks.2.conv2,0.1875268816947937
163,blocks.3.conv1,0.15574848651885986
163,blocks.3.conv2,0.21838708221912384
163,blocks.4.conv1,0.17694540321826935
163,blocks.4.conv2,0.15520577132701874
163,blocks.5.conv1,0.13584260642528534
163,blocks.5.conv2,0.17216065526008606
163,blocks.6.conv1,0.12474842369556427
163,blocks.6.conv2,0.14670602977275848
163,blocks.7.conv1,0.1603432148694992
163,blocks.7.conv2,0.2435217648744583
163,blocks.8.conv1,0.18179216980934143
163,blocks.8.conv2,0.18102240562438965
163,blocks.9.conv1,0.11977144330739975
163,blocks.9.conv2,0.13031885027885437
163,blocks.10.conv1,0.15920402109622955
163,blocks.10.conv2,0.16174636781215668
163,blocks.11.conv1,0.1474248319864273
163,blocks.11.conv2,0.1294708102941513
163,blocks.12.conv1,0.1079661175608635
163,blocks.12.conv2,0.1533774882555008
163,blocks.13.conv1,0.11321811378002167
163,blocks.13.conv2,0.09026114642620087
163,blocks.14.conv1,0.11707423627376556
163,blocks.14.conv2,0.11641926318407059
163,blocks.15.conv1,0.15401645004749298
163,blocks.15.conv2,0.13592104613780975
163,blocks.16.conv1,0.12818476557731628
163,blocks.16.conv2,0.1328633576631546
163,blocks.17.conv1,0.15369434654712677
163,blocks.17.conv2,0.1257830709218979
163,blocks.18.conv1,0.1455211341381073
163,blocks.18.conv2,0.16452521085739136
163,blocks.19.conv1,0.13991069793701172
163,blocks.19.conv2,0.13728411495685577
163,blocks.20.conv1,0.17839236557483673
163,blocks.20.conv2,0.16463664174079895
163,blocks.21.conv1,0.18076346814632416
163,blocks.21.conv2,0.1751699298620224
163,blocks.22.conv1,0.16806112229824066
163,blocks.22.conv2,0.159531369805336
163,blocks.23.conv1,0.15904690325260162
163,blocks.23.conv2,0.11605168879032135
163,blocks.24.conv1,0.13701152801513672
163,blocks.24.conv2,0.13734745979309082
163,blocks.25.conv1,0.15992915630340576
163,blocks.25.conv2,0.14479538798332214
163,blocks.26.conv1,0.15803445875644684
163,blocks.26.conv2,0.15047308802604675
163,blocks.27.conv1,0.1900278925895691
163,blocks.27.conv2,0.16280141472816467
163,blocks.28.conv1,0.14647869765758514
163,blocks.28.conv2,0.1722295880317688
163,blocks.29.conv1,0.17987783253192902
163,blocks.29.conv2,0.18028829991817474
163,blocks.30.conv1,0.17937852442264557
163,blocks.30.conv2,0.15331636369228363
163,blocks.31.conv1,0.12641379237174988
163,blocks.31.conv2,0.12134260684251785
163,blocks.32.conv1,0.14419914782047272
163,blocks.32.conv2,0.1434611976146698
163,blocks.33.conv1,0.14039172232151031
163,blocks.33.conv2,0.14684852957725525
163,blocks.34.conv1,0.11669352650642395
163,blocks.34.conv2,0.14722222089767456
163,blocks.35.conv1,0.18561576306819916
163,blocks.35.conv2,0.2051364779472351
163,blocks.36.conv1,0.2392263561487198
163,blocks.36.conv2,0.25626254081726074
163,blocks.37.conv1,0.2751573324203491
163,blocks.37.conv2,0.17453977465629578
163,blocks.38.conv1,0.16896206140518188
163,blocks.38.conv2,0.17916865646839142
163,blocks.39.conv1,0.17732581496238708
163,blocks.39.conv2,0.17511005699634552
163,blocks.40.conv1,0.17656908929347992
163,blocks.40.conv2,0.1730998307466507
163,blocks.41.conv1,0.17774488031864166
163,blocks.41.conv2,0.15506798028945923
163,blocks.42.conv1,0.1481936126947403
163,blocks.42.conv2,0.15022659301757812
163,blocks.43.conv1,0.20847773551940918
163,blocks.43.conv2,0.3207138776779175
163,blocks.44.conv1,0.4086192846298218
163,blocks.44.conv2,0.4475767910480499
163,blocks.45.conv1,0.5359281897544861
163,blocks.45.conv2,0.5327805876731873
163,blocks.46.conv1,0.531796932220459
163,blocks.46.conv2,0.5683906078338623
163,blocks.47.conv1,0.6516000628471375
163,blocks.47.conv2,0.7055245041847229
163,blocks.48.conv1,0.7417761087417603
163,blocks.48.conv2,0.8375698328018188
163,blocks.49.conv1,0.791978657245636
163,blocks.49.conv2,0.4573938548564911
163,mean_conv2d_grad_norm,0.21987069073585
164,stem.0,0.019706638529896736
164,blocks.0.conv1,0.14748527109622955
164,blocks.0.conv2,0.3223794400691986
164,blocks.1.conv1,0.38472074270248413
164,blocks.1.conv2,0.15332573652267456
164,blocks.2.conv1,0.13430239260196686
164,blocks.2.conv2,0.23948343098163605
164,blocks.3.conv1,0.14933080971240997
164,blocks.3.conv2,0.16567900776863098
164,blocks.4.conv1,0.14094780385494232
164,blocks.4.conv2,0.18671859800815582
164,blocks.5.conv1,0.15280605852603912
164,blocks.5.conv2,0.16652362048625946
164,blocks.6.conv1,0.1228603646159172
164,blocks.6.conv2,0.12441904842853546
164,blocks.7.conv1,0.14360937476158142
164,blocks.7.conv2,0.23714950680732727
164,blocks.8.conv1,0.1904393881559372
164,blocks.8.conv2,0.1618955135345459
164,blocks.9.conv1,0.10881441086530685
164,blocks.9.conv2,0.11480488628149033
164,blocks.10.conv1,0.13925997912883759
164,blocks.10.conv2,0.1323639452457428
164,blocks.11.conv1,0.12110501527786255
164,blocks.11.conv2,0.12506012618541718
164,blocks.12.conv1,0.10767657309770584
164,blocks.12.conv2,0.13454170525074005
164,blocks.13.conv1,0.1148461326956749
164,blocks.13.conv2,0.08685467392206192
164,blocks.14.conv1,0.12158926576375961
164,blocks.14.conv2,0.12751851975917816
164,blocks.15.conv1,0.15779507160186768
164,blocks.15.conv2,0.16464516520500183
164,blocks.16.conv1,0.13727840781211853
164,blocks.16.conv2,0.105564184486866
164,blocks.17.conv1,0.11217666417360306
164,blocks.17.conv2,0.09725489467382431
164,blocks.18.conv1,0.13205865025520325
164,blocks.18.conv2,0.1644156128168106
164,blocks.19.conv1,0.1646604835987091
164,blocks.19.conv2,0.09935741871595383
164,blocks.20.conv1,0.11425066739320755
164,blocks.20.conv2,0.1306954026222229
164,blocks.21.conv1,0.12503308057785034
164,blocks.21.conv2,0.12729674577713013
164,blocks.22.conv1,0.1454005241394043
164,blocks.22.conv2,0.14140291512012482
164,blocks.23.conv1,0.12121886759996414
164,blocks.23.conv2,0.11029834300279617
164,blocks.24.conv1,0.09967512637376785
164,blocks.24.conv2,0.11983919143676758
164,blocks.25.conv1,0.09655680507421494
164,blocks.25.conv2,0.09914398193359375
164,blocks.26.conv1,0.11662963032722473
164,blocks.26.conv2,0.1329498589038849
164,blocks.27.conv1,0.12961049377918243
164,blocks.27.conv2,0.12992285192012787
164,blocks.28.conv1,0.10132820904254913
164,blocks.28.conv2,0.09951630979776382
164,blocks.29.conv1,0.13589134812355042
164,blocks.29.conv2,0.12758252024650574
164,blocks.30.conv1,0.12500204145908356
164,blocks.30.conv2,0.11572788655757904
164,blocks.31.conv1,0.10613049566745758
164,blocks.31.conv2,0.09370238333940506
164,blocks.32.conv1,0.10377383977174759
164,blocks.32.conv2,0.11192759871482849
164,blocks.33.conv1,0.13653700053691864
164,blocks.33.conv2,0.13781408965587616
164,blocks.34.conv1,0.11910049617290497
164,blocks.34.conv2,0.1270633041858673
164,blocks.35.conv1,0.1720750778913498
164,blocks.35.conv2,0.2273922562599182
164,blocks.36.conv1,0.24015799164772034
164,blocks.36.conv2,0.24037638306617737
164,blocks.37.conv1,0.2021106481552124
164,blocks.37.conv2,0.13635843992233276
164,blocks.38.conv1,0.12924852967262268
164,blocks.38.conv2,0.1342080682516098
164,blocks.39.conv1,0.13025306165218353
164,blocks.39.conv2,0.14014044404029846
164,blocks.40.conv1,0.13731791079044342
164,blocks.40.conv2,0.12161877751350403
164,blocks.41.conv1,0.12606145441532135
164,blocks.41.conv2,0.1188863217830658
164,blocks.42.conv1,0.13260392844676971
164,blocks.42.conv2,0.16419154405593872
164,blocks.43.conv1,0.243508979678154
164,blocks.43.conv2,0.290599524974823
164,blocks.44.conv1,0.34645912051200867
164,blocks.44.conv2,0.3973633646965027
164,blocks.45.conv1,0.4571757912635803
164,blocks.45.conv2,0.4815111458301544
164,blocks.46.conv1,0.4837501347064972
164,blocks.46.conv2,0.5640081167221069
164,blocks.47.conv1,0.6055587530136108
164,blocks.47.conv2,0.6248247623443604
164,blocks.48.conv1,0.6433703899383545
164,blocks.48.conv2,0.675221860408783
164,blocks.49.conv1,0.6712000966072083
164,blocks.49.conv2,0.3900027871131897
164,mean_conv2d_grad_norm,0.18932675454064762
165,stem.0,0.03402845561504364
165,blocks.0.conv1,0.24464519321918488
165,blocks.0.conv2,0.24377834796905518
165,blocks.1.conv1,0.27053362131118774
165,blocks.1.conv2,0.2528637945652008
165,blocks.2.conv1,0.14879600703716278
165,blocks.2.conv2,0.17666740715503693
165,blocks.3.conv1,0.12320499867200851
165,blocks.3.conv2,0.1364121288061142
165,blocks.4.conv1,0.11624867469072342
165,blocks.4.conv2,0.11764580011367798
165,blocks.5.conv1,0.10890384018421173
165,blocks.5.conv2,0.12276652455329895
165,blocks.6.conv1,0.11314830929040909
165,blocks.6.conv2,0.08853571116924286
165,blocks.7.conv1,0.11962667107582092
165,blocks.7.conv2,0.1911294013261795
165,blocks.8.conv1,0.16153213381767273
165,blocks.8.conv2,0.14661124348640442
165,blocks.9.conv1,0.12936368584632874
165,blocks.9.conv2,0.14610503613948822
165,blocks.10.conv1,0.18626821041107178
165,blocks.10.conv2,0.194978728890419
165,blocks.11.conv1,0.18087650835514069
165,blocks.11.conv2,0.15796928107738495
165,blocks.12.conv1,0.13521254062652588
165,blocks.12.conv2,0.16575007140636444
165,blocks.13.conv1,0.16007311642169952
165,blocks.13.conv2,0.11117736250162125
165,blocks.14.conv1,0.16539603471755981
165,blocks.14.conv2,0.1620815247297287
165,blocks.15.conv1,0.19014517962932587
165,blocks.15.conv2,0.2183021903038025
165,blocks.16.conv1,0.16312268376350403
165,blocks.16.conv2,0.17895253002643585
165,blocks.17.conv1,0.16455703973770142
165,blocks.17.conv2,0.14746825397014618
165,blocks.18.conv1,0.1703653335571289
165,blocks.18.conv2,0.16868068277835846
165,blocks.19.conv1,0.1686885952949524
165,blocks.19.conv2,0.16155792772769928
165,blocks.20.conv1,0.16607636213302612
165,blocks.20.conv2,0.19105394184589386
165,blocks.21.conv1,0.18053250014781952
165,blocks.21.conv2,0.1565817892551422
165,blocks.22.conv1,0.19762873649597168
165,blocks.22.conv2,0.18420255184173584
165,blocks.23.conv1,0.17892016470432281
165,blocks.23.conv2,0.16815127432346344
165,blocks.24.conv1,0.14213737845420837
165,blocks.24.conv2,0.16312062740325928
165,blocks.25.conv1,0.14386244118213654
165,blocks.25.conv2,0.13069765269756317
165,blocks.26.conv1,0.1581442505121231
165,blocks.26.conv2,0.17051874101161957
165,blocks.27.conv1,0.17140932381153107
165,blocks.27.conv2,0.16133983433246613
165,blocks.28.conv1,0.14507238566875458
165,blocks.28.conv2,0.16507510840892792
165,blocks.29.conv1,0.17366136610507965
165,blocks.29.conv2,0.17977890372276306
165,blocks.30.conv1,0.1689801812171936
165,blocks.30.conv2,0.16462187469005585
165,blocks.31.conv1,0.1438431292772293
165,blocks.31.conv2,0.1309310495853424
165,blocks.32.conv1,0.13584555685520172
165,blocks.32.conv2,0.13402102887630463
165,blocks.33.conv1,0.1570882648229599
165,blocks.33.conv2,0.13832134008407593
165,blocks.34.conv1,0.11541149765253067
165,blocks.34.conv2,0.12805236876010895
165,blocks.35.conv1,0.17227280139923096
165,blocks.35.conv2,0.220861554145813
165,blocks.36.conv1,0.21561205387115479
165,blocks.36.conv2,0.2627982795238495
165,blocks.37.conv1,0.18640735745429993
165,blocks.37.conv2,0.20286443829536438
165,blocks.38.conv1,0.1740792691707611
165,blocks.38.conv2,0.1673979014158249
165,blocks.39.conv1,0.15472960472106934
165,blocks.39.conv2,0.1500488817691803
165,blocks.40.conv1,0.1447743922472
165,blocks.40.conv2,0.1555933803319931
165,blocks.41.conv1,0.15255145728588104
165,blocks.41.conv2,0.14747872948646545
165,blocks.42.conv1,0.15451616048812866
165,blocks.42.conv2,0.19691146910190582
165,blocks.43.conv1,0.24972347915172577
165,blocks.43.conv2,0.3176875412464142
165,blocks.44.conv1,0.3775426149368286
165,blocks.44.conv2,0.44478362798690796
165,blocks.45.conv1,0.4910111725330353
165,blocks.45.conv2,0.5105361342430115
165,blocks.46.conv1,0.530032217502594
165,blocks.46.conv2,0.5595991015434265
165,blocks.47.conv1,0.6191350817680359
165,blocks.47.conv2,0.6568043828010559
165,blocks.48.conv1,0.6809325218200684
165,blocks.48.conv2,0.7066245675086975
165,blocks.49.conv1,0.6567806005477905
165,blocks.49.conv2,0.3669324219226837
165,mean_conv2d_grad_norm,0.21105223370365578
166,stem.0,0.026905355975031853
166,blocks.0.conv1,0.2747257351875305
166,blocks.0.conv2,0.3398560583591461
166,blocks.1.conv1,0.39507874846458435
166,blocks.1.conv2,0.16105222702026367
166,blocks.2.conv1,0.12768591940402985
166,blocks.2.conv2,0.15095828473567963
166,blocks.3.conv1,0.1381172239780426
166,blocks.3.conv2,0.14260566234588623
166,blocks.4.conv1,0.1561126857995987
166,blocks.4.conv2,0.16128408908843994
166,blocks.5.conv1,0.15380066633224487
166,blocks.5.conv2,0.17567704617977142
166,blocks.6.conv1,0.16915810108184814
166,blocks.6.conv2,0.13918957114219666
166,blocks.7.conv1,0.15100374817848206
166,blocks.7.conv2,0.24122121930122375
166,blocks.8.conv1,0.21548442542552948
166,blocks.8.conv2,0.21157188713550568
166,blocks.9.conv1,0.13467639684677124
166,blocks.9.conv2,0.1357078105211258
166,blocks.10.conv1,0.18592144548892975
166,blocks.10.conv2,0.1520744413137436
166,blocks.11.conv1,0.1281798928976059
166,blocks.11.conv2,0.14426423609256744
166,blocks.12.conv1,0.13286098837852478
166,blocks.12.conv2,0.13535523414611816
166,blocks.13.conv1,0.10517722368240356
166,blocks.13.conv2,0.09948959946632385
166,blocks.14.conv1,0.10571669042110443
166,blocks.14.conv2,0.11633877456188202
166,blocks.15.conv1,0.16465528309345245
166,blocks.15.conv2,0.13629470765590668
166,blocks.16.conv1,0.13502438366413116
166,blocks.16.conv2,0.1388668715953827
166,blocks.17.conv1,0.16348382830619812
166,blocks.17.conv2,0.15247520804405212
166,blocks.18.conv1,0.14537417888641357
166,blocks.18.conv2,0.17028063535690308
166,blocks.19.conv1,0.16371628642082214
166,blocks.19.conv2,0.14206425845623016
166,blocks.20.conv1,0.15992186963558197
166,blocks.20.conv2,0.14546768367290497
166,blocks.21.conv1,0.15509064495563507
166,blocks.21.conv2,0.16214288771152496
166,blocks.22.conv1,0.15623006224632263
166,blocks.22.conv2,0.14305904507637024
166,blocks.23.conv1,0.17366842925548553
166,blocks.23.conv2,0.1326770931482315
166,blocks.24.conv1,0.12532955408096313
166,blocks.24.conv2,0.14005278050899506
166,blocks.25.conv1,0.15237759053707123
166,blocks.25.conv2,0.15623140335083008
166,blocks.26.conv1,0.1775563508272171
166,blocks.26.conv2,0.15921616554260254
166,blocks.27.conv1,0.15581005811691284
166,blocks.27.conv2,0.1516345590353012
166,blocks.28.conv1,0.15073402225971222
166,blocks.28.conv2,0.1539904773235321
166,blocks.29.conv1,0.16411027312278748
166,blocks.29.conv2,0.2070154845714569
166,blocks.30.conv1,0.20143406093120575
166,blocks.30.conv2,0.15173903107643127
166,blocks.31.conv1,0.12983572483062744
166,blocks.31.conv2,0.12673844397068024
166,blocks.32.conv1,0.1400379091501236
166,blocks.32.conv2,0.14138831198215485
166,blocks.33.conv1,0.14543509483337402
166,blocks.33.conv2,0.1628064662218094
166,blocks.34.conv1,0.1466875821352005
166,blocks.34.conv2,0.15948471426963806
166,blocks.35.conv1,0.20021885633468628
166,blocks.35.conv2,0.23800650238990784
166,blocks.36.conv1,0.27601349353790283
166,blocks.36.conv2,0.2747412621974945
166,blocks.37.conv1,0.2530723214149475
166,blocks.37.conv2,0.18649035692214966
166,blocks.38.conv1,0.18044063448905945
166,blocks.38.conv2,0.182103231549263
166,blocks.39.conv1,0.18871241807937622
166,blocks.39.conv2,0.16952374577522278
166,blocks.40.conv1,0.16325560212135315
166,blocks.40.conv2,0.17207153141498566
166,blocks.41.conv1,0.1826651245355606
166,blocks.41.conv2,0.1599256545305252
166,blocks.42.conv1,0.17481806874275208
166,blocks.42.conv2,0.21263514459133148
166,blocks.43.conv1,0.24064113199710846
166,blocks.43.conv2,0.2873091995716095
166,blocks.44.conv1,0.3678871989250183
166,blocks.44.conv2,0.4055410623550415
166,blocks.45.conv1,0.4524409770965576
166,blocks.45.conv2,0.48117733001708984
166,blocks.46.conv1,0.49637600779533386
166,blocks.46.conv2,0.5640407204627991
166,blocks.47.conv1,0.6693825721740723
166,blocks.47.conv2,0.6960983276367188
166,blocks.48.conv1,0.6826509833335876
166,blocks.48.conv2,0.7035307884216309
166,blocks.49.conv1,0.6507354974746704
166,blocks.49.conv2,0.38283172249794006
166,mean_conv2d_grad_norm,0.21329433933859415
167,stem.0,0.01907130889594555
167,blocks.0.conv1,0.2401709407567978
167,blocks.0.conv2,0.2874029874801636
167,blocks.1.conv1,0.3021298348903656
167,blocks.1.conv2,0.19558367133140564
167,blocks.2.conv1,0.17283309996128082
167,blocks.2.conv2,0.17556317150592804
167,blocks.3.conv1,0.1590147465467453
167,blocks.3.conv2,0.13115987181663513
167,blocks.4.conv1,0.10126885026693344
167,blocks.4.conv2,0.10525351017713547
167,blocks.5.conv1,0.13727620244026184
167,blocks.5.conv2,0.20216411352157593
167,blocks.6.conv1,0.16250233352184296
167,blocks.6.conv2,0.12963050603866577
167,blocks.7.conv1,0.15371114015579224
167,blocks.7.conv2,0.26673564314842224
167,blocks.8.conv1,0.21642453968524933
167,blocks.8.conv2,0.19006076455116272
167,blocks.9.conv1,0.15993787348270416
167,blocks.9.conv2,0.1462629735469818
167,blocks.10.conv1,0.16791120171546936
167,blocks.10.conv2,0.16483119130134583
167,blocks.11.conv1,0.21137435734272003
167,blocks.11.conv2,0.1648019403219223
167,blocks.12.conv1,0.1588819921016693
167,blocks.12.conv2,0.16594670712947845
167,blocks.13.conv1,0.13078425824642181
167,blocks.13.conv2,0.1268817037343979
167,blocks.14.conv1,0.14319947361946106
167,blocks.14.conv2,0.12641964852809906
167,blocks.15.conv1,0.14231997728347778
167,blocks.15.conv2,0.16193890571594238
167,blocks.16.conv1,0.12749023735523224
167,blocks.16.conv2,0.13138817250728607
167,blocks.17.conv1,0.13681703805923462
167,blocks.17.conv2,0.15650303661823273
167,blocks.18.conv1,0.15769658982753754
167,blocks.18.conv2,0.17436474561691284
167,blocks.19.conv1,0.15971197187900543
167,blocks.19.conv2,0.15045887231826782
167,blocks.20.conv1,0.13971257209777832
167,blocks.20.conv2,0.14145947992801666
167,blocks.21.conv1,0.13440753519535065
167,blocks.21.conv2,0.14540670812129974
167,blocks.22.conv1,0.14568966627120972
167,blocks.22.conv2,0.1410488486289978
167,blocks.23.conv1,0.13995355367660522
167,blocks.23.conv2,0.13967663049697876
167,blocks.24.conv1,0.11884114146232605
167,blocks.24.conv2,0.12218020856380463
167,blocks.25.conv1,0.13248266279697418
167,blocks.25.conv2,0.15000781416893005
167,blocks.26.conv1,0.16100820899009705
167,blocks.26.conv2,0.14650854468345642
167,blocks.27.conv1,0.15931172668933868
167,blocks.27.conv2,0.16263964772224426
167,blocks.28.conv1,0.12318901717662811
167,blocks.28.conv2,0.1269998997449875
167,blocks.29.conv1,0.1706981211900711
167,blocks.29.conv2,0.18167349696159363
167,blocks.30.conv1,0.13706760108470917
167,blocks.30.conv2,0.1545560657978058
167,blocks.31.conv1,0.11890515685081482
167,blocks.31.conv2,0.10945277661085129
167,blocks.32.conv1,0.12552691996097565
167,blocks.32.conv2,0.14318931102752686
167,blocks.33.conv1,0.14077778160572052
167,blocks.33.conv2,0.11332959681749344
167,blocks.34.conv1,0.10639596730470657
167,blocks.34.conv2,0.14250046014785767
167,blocks.35.conv1,0.15807439386844635
167,blocks.35.conv2,0.212857186794281
167,blocks.36.conv1,0.20528604090213776
167,blocks.36.conv2,0.2221437692642212
167,blocks.37.conv1,0.19293880462646484
167,blocks.37.conv2,0.15262357890605927
167,blocks.38.conv1,0.13400955498218536
167,blocks.38.conv2,0.13961003720760345
167,blocks.39.conv1,0.14672911167144775
167,blocks.39.conv2,0.12626343965530396
167,blocks.40.conv1,0.1539803147315979
167,blocks.40.conv2,0.14267244935035706
167,blocks.41.conv1,0.15062133967876434
167,blocks.41.conv2,0.14051055908203125
167,blocks.42.conv1,0.15279139578342438
167,blocks.42.conv2,0.18684715032577515
167,blocks.43.conv1,0.24095501005649567
167,blocks.43.conv2,0.31998831033706665
167,blocks.44.conv1,0.42946434020996094
167,blocks.44.conv2,0.48118701577186584
167,blocks.45.conv1,0.49405011534690857
167,blocks.45.conv2,0.4925690293312073
167,blocks.46.conv1,0.5228732824325562
167,blocks.46.conv2,0.611239492893219
167,blocks.47.conv1,0.6725149750709534
167,blocks.47.conv2,0.7050488591194153
167,blocks.48.conv1,0.7590240836143494
167,blocks.48.conv2,0.787896990776062
167,blocks.49.conv1,0.7375853061676025
167,blocks.49.conv2,0.4108310341835022
167,mean_conv2d_grad_norm,0.20962043761248045
168,stem.0,0.02153530903160572
168,blocks.0.conv1,0.23149408400058746
168,blocks.0.conv2,0.41287773847579956
168,blocks.1.conv1,0.4192071557044983
168,blocks.1.conv2,0.19949309527873993
168,blocks.2.conv1,0.17112499475479126
168,blocks.2.conv2,0.21715301275253296
168,blocks.3.conv1,0.15892277657985687
168,blocks.3.conv2,0.1839974820613861
168,blocks.4.conv1,0.1583498865365982
168,blocks.4.conv2,0.18642528355121613
168,blocks.5.conv1,0.15099723637104034
168,blocks.5.conv2,0.2359125018119812
168,blocks.6.conv1,0.18667419254779816
168,blocks.6.conv2,0.13046862185001373
168,blocks.7.conv1,0.15152746438980103
168,blocks.7.conv2,0.2402818202972412
168,blocks.8.conv1,0.16129888594150543
168,blocks.8.conv2,0.14620491862297058
168,blocks.9.conv1,0.14312559366226196
168,blocks.9.conv2,0.14674054086208344
168,blocks.10.conv1,0.17327098548412323
168,blocks.10.conv2,0.1898891031742096
168,blocks.11.conv1,0.1633523404598236
168,blocks.11.conv2,0.14392639696598053
168,blocks.12.conv1,0.15366461873054504
168,blocks.12.conv2,0.19786493480205536
168,blocks.13.conv1,0.15029187500476837
168,blocks.13.conv2,0.13414984941482544
168,blocks.14.conv1,0.16043590009212494
168,blocks.14.conv2,0.16025575995445251
168,blocks.15.conv1,0.1870371699333191
168,blocks.15.conv2,0.19396398961544037
168,blocks.16.conv1,0.15111666917800903
168,blocks.16.conv2,0.15110117197036743
168,blocks.17.conv1,0.16851665079593658
168,blocks.17.conv2,0.14875024557113647
168,blocks.18.conv1,0.1797304004430771
168,blocks.18.conv2,0.1951235979795456
168,blocks.19.conv1,0.17748340964317322
168,blocks.19.conv2,0.13256777822971344
168,blocks.20.conv1,0.1557055413722992
168,blocks.20.conv2,0.14625275135040283
168,blocks.21.conv1,0.14496277272701263
168,blocks.21.conv2,0.13779406249523163
168,blocks.22.conv1,0.17290352284908295
168,blocks.22.conv2,0.16155822575092316
168,blocks.23.conv1,0.162655308842659
168,blocks.23.conv2,0.1368536502122879
168,blocks.24.conv1,0.11672679334878922
168,blocks.24.conv2,0.14574871957302094
168,blocks.25.conv1,0.159275621175766
168,blocks.25.conv2,0.12404372543096542
168,blocks.26.conv1,0.1549934595823288
168,blocks.26.conv2,0.14014853537082672
168,blocks.27.conv1,0.15789520740509033
168,blocks.27.conv2,0.14365501701831818
168,blocks.28.conv1,0.1183706670999527
168,blocks.28.conv2,0.13276468217372894
168,blocks.29.conv1,0.19232498109340668
168,blocks.29.conv2,0.17693793773651123
168,blocks.30.conv1,0.16086184978485107
168,blocks.30.conv2,0.14374758303165436
168,blocks.31.conv1,0.13008464872837067
168,blocks.31.conv2,0.1261599212884903
168,blocks.32.conv1,0.13333970308303833
168,blocks.32.conv2,0.1453859657049179
168,blocks.33.conv1,0.14913310110569
168,blocks.33.conv2,0.14724686741828918
168,blocks.34.conv1,0.12105752527713776
168,blocks.34.conv2,0.14472290873527527
168,blocks.35.conv1,0.17377562820911407
168,blocks.35.conv2,0.22185423970222473
168,blocks.36.conv1,0.26143327355384827
168,blocks.36.conv2,0.2518470585346222
168,blocks.37.conv1,0.22950495779514313
168,blocks.37.conv2,0.20059549808502197
168,blocks.38.conv1,0.18790073692798615
168,blocks.38.conv2,0.1809200495481491
168,blocks.39.conv1,0.19791139662265778
168,blocks.39.conv2,0.172617107629776
168,blocks.40.conv1,0.16150230169296265
168,blocks.40.conv2,0.16035622358322144
168,blocks.41.conv1,0.16718780994415283
168,blocks.41.conv2,0.18440859019756317
168,blocks.42.conv1,0.21304237842559814
168,blocks.42.conv2,0.2651902437210083
168,blocks.43.conv1,0.32671058177948
168,blocks.43.conv2,0.3427870571613312
168,blocks.44.conv1,0.42962202429771423
168,blocks.44.conv2,0.5078116059303284
168,blocks.45.conv1,0.6232564449310303
168,blocks.45.conv2,0.6138624548912048
168,blocks.46.conv1,0.6638299822807312
168,blocks.46.conv2,0.7112483382225037
168,blocks.47.conv1,0.7652535438537598
168,blocks.47.conv2,0.7881510257720947
168,blocks.48.conv1,0.8357482552528381
168,blocks.48.conv2,0.845856785774231
168,blocks.49.conv1,0.8078109622001648
168,blocks.49.conv2,0.4668392539024353
168,mean_conv2d_grad_norm,0.23473715356154606
169,stem.0,0.020704099908471107
169,blocks.0.conv1,0.34003064036369324
169,blocks.0.conv2,0.3104557693004608
169,blocks.1.conv1,0.3980398178100586
169,blocks.1.conv2,0.1903356909751892
169,blocks.2.conv1,0.1694563329219818
169,blocks.2.conv2,0.18486890196800232
169,blocks.3.conv1,0.15590010583400726
169,blocks.3.conv2,0.19688740372657776
169,blocks.4.conv1,0.15835025906562805
169,blocks.4.conv2,0.18955098092556
169,blocks.5.conv1,0.17146939039230347
169,blocks.5.conv2,0.20317941904067993
169,blocks.6.conv1,0.13156810402870178
169,blocks.6.conv2,0.12351930886507034
169,blocks.7.conv1,0.15506628155708313
169,blocks.7.conv2,0.21407411992549896
169,blocks.8.conv1,0.19138237833976746
169,blocks.8.conv2,0.18418054282665253
169,blocks.9.conv1,0.1176954060792923
169,blocks.9.conv2,0.14430701732635498
169,blocks.10.conv1,0.21683652698993683
169,blocks.10.conv2,0.19857031106948853
169,blocks.11.conv1,0.17239494621753693
169,blocks.11.conv2,0.1689050793647766
169,blocks.12.conv1,0.1299239844083786
169,blocks.12.conv2,0.19039838016033173
169,blocks.13.conv1,0.14749391376972198
169,blocks.13.conv2,0.133767232298851
169,blocks.14.conv1,0.16126248240470886
169,blocks.14.conv2,0.1891004741191864
169,blocks.15.conv1,0.18509289622306824
169,blocks.15.conv2,0.20181763172149658
169,blocks.16.conv1,0.15075798332691193
169,blocks.16.conv2,0.13984134793281555
169,blocks.17.conv1,0.12857091426849365
169,blocks.17.conv2,0.11167394369840622
169,blocks.18.conv1,0.1396506279706955
169,blocks.18.conv2,0.15589317679405212
169,blocks.19.conv1,0.13765490055084229
169,blocks.19.conv2,0.14778967201709747
169,blocks.20.conv1,0.16176480054855347
169,blocks.20.conv2,0.15507668256759644
169,blocks.21.conv1,0.14595608413219452
169,blocks.21.conv2,0.1620384305715561
169,blocks.22.conv1,0.15310533344745636
169,blocks.22.conv2,0.14570999145507812
169,blocks.23.conv1,0.15558680891990662
169,blocks.23.conv2,0.13095112144947052
169,blocks.24.conv1,0.11935064196586609
169,blocks.24.conv2,0.14775657653808594
169,blocks.25.conv1,0.16534855961799622
169,blocks.25.conv2,0.13548734784126282
169,blocks.26.conv1,0.13114239275455475
169,blocks.26.conv2,0.14083343744277954
169,blocks.27.conv1,0.15966317057609558
169,blocks.27.conv2,0.17576280236244202
169,blocks.28.conv1,0.14725418388843536
169,blocks.28.conv2,0.15216855704784393
169,blocks.29.conv1,0.14845702052116394
169,blocks.29.conv2,0.1570156067609787
169,blocks.30.conv1,0.14270341396331787
169,blocks.30.conv2,0.15693816542625427
169,blocks.31.conv1,0.1336909681558609
169,blocks.31.conv2,0.13116396963596344
169,blocks.32.conv1,0.1350170522928238
169,blocks.32.conv2,0.1243661493062973
169,blocks.33.conv1,0.13056591153144836
169,blocks.33.conv2,0.13900254666805267
169,blocks.34.conv1,0.11820517480373383
169,blocks.34.conv2,0.12040963023900986
169,blocks.35.conv1,0.1746554672718048
169,blocks.35.conv2,0.23326988518238068
169,blocks.36.conv1,0.2239920049905777
169,blocks.36.conv2,0.2461576759815216
169,blocks.37.conv1,0.21184341609477997
169,blocks.37.conv2,0.1793769747018814
169,blocks.38.conv1,0.17988143861293793
169,blocks.38.conv2,0.17567038536071777
169,blocks.39.conv1,0.16451522707939148
169,blocks.39.conv2,0.15345972776412964
169,blocks.40.conv1,0.16609865427017212
169,blocks.40.conv2,0.1529265195131302
169,blocks.41.conv1,0.16223669052124023
169,blocks.41.conv2,0.1660798043012619
169,blocks.42.conv1,0.17246489226818085
169,blocks.42.conv2,0.1727638840675354
169,blocks.43.conv1,0.2324201911687851
169,blocks.43.conv2,0.321441650390625
169,blocks.44.conv1,0.4575572609901428
169,blocks.44.conv2,0.4751339554786682
169,blocks.45.conv1,0.523147463798523
169,blocks.45.conv2,0.5223113298416138
169,blocks.46.conv1,0.5604153275489807
169,blocks.46.conv2,0.6473948359489441
169,blocks.47.conv1,0.6948817372322083
169,blocks.47.conv2,0.7122483253479004
169,blocks.48.conv1,0.7540090084075928
169,blocks.48.conv2,0.7753085494041443
169,blocks.49.conv1,0.7329168915748596
169,blocks.49.conv2,0.43785184621810913
169,mean_conv2d_grad_norm,0.2204291282203233
170,stem.0,0.053656794130802155
170,blocks.0.conv1,0.5507928729057312
170,blocks.0.conv2,0.3322718143463135
170,blocks.1.conv1,0.35423940420150757
170,blocks.1.conv2,0.21882565319538116
170,blocks.2.conv1,0.34827202558517456
170,blocks.2.conv2,0.3555305302143097
170,blocks.3.conv1,0.16602860391139984
170,blocks.3.conv2,0.15456821024417877
170,blocks.4.conv1,0.15856139361858368
170,blocks.4.conv2,0.178867369890213
170,blocks.5.conv1,0.14052803814411163
170,blocks.5.conv2,0.18316936492919922
170,blocks.6.conv1,0.15022218227386475
170,blocks.6.conv2,0.1460767239332199
170,blocks.7.conv1,0.1458677351474762
170,blocks.7.conv2,0.23120851814746857
170,blocks.8.conv1,0.18085792660713196
170,blocks.8.conv2,0.17576029896736145
170,blocks.9.conv1,0.14945106208324432
170,blocks.9.conv2,0.16234807670116425
170,blocks.10.conv1,0.20884522795677185
170,blocks.10.conv2,0.22404766082763672
170,blocks.11.conv1,0.1930839866399765
170,blocks.11.conv2,0.17420941591262817
170,blocks.12.conv1,0.12283996492624283
170,blocks.12.conv2,0.20430344343185425
170,blocks.13.conv1,0.16182775795459747
170,blocks.13.conv2,0.13063640892505646
170,blocks.14.conv1,0.16580244898796082
170,blocks.14.conv2,0.15294210612773895
170,blocks.15.conv1,0.19280318915843964
170,blocks.15.conv2,0.1705482453107834
170,blocks.16.conv1,0.1575145274400711
170,blocks.16.conv2,0.18705400824546814
170,blocks.17.conv1,0.14789777994155884
170,blocks.17.conv2,0.15500086545944214
170,blocks.18.conv1,0.18116645514965057
170,blocks.18.conv2,0.17049722373485565
170,blocks.19.conv1,0.16132132709026337
170,blocks.19.conv2,0.14742827415466309
170,blocks.20.conv1,0.18510718643665314
170,blocks.20.conv2,0.16242758929729462
170,blocks.21.conv1,0.18693241477012634
170,blocks.21.conv2,0.1733846515417099
170,blocks.22.conv1,0.18505772948265076
170,blocks.22.conv2,0.16535474359989166
170,blocks.23.conv1,0.17413286864757538
170,blocks.23.conv2,0.1437576413154602
170,blocks.24.conv1,0.14871706068515778
170,blocks.24.conv2,0.18065287172794342
170,blocks.25.conv1,0.16451174020767212
170,blocks.25.conv2,0.13560764491558075
170,blocks.26.conv1,0.1840885430574417
170,blocks.26.conv2,0.16584105789661407
170,blocks.27.conv1,0.17987531423568726
170,blocks.27.conv2,0.17409974336624146
170,blocks.28.conv1,0.13650022447109222
170,blocks.28.conv2,0.13869592547416687
170,blocks.29.conv1,0.1794414222240448
170,blocks.29.conv2,0.20237679779529572
170,blocks.30.conv1,0.1753910332918167
170,blocks.30.conv2,0.16293437778949738
170,blocks.31.conv1,0.14741457998752594
170,blocks.31.conv2,0.1300470232963562
170,blocks.32.conv1,0.15396356582641602
170,blocks.32.conv2,0.15139546990394592
170,blocks.33.conv1,0.1867211014032364
170,blocks.33.conv2,0.18649402260780334
170,blocks.34.conv1,0.15975554287433624
170,blocks.34.conv2,0.1865358054637909
170,blocks.35.conv1,0.22338077425956726
170,blocks.35.conv2,0.26026567816734314
170,blocks.36.conv1,0.27208223938941956
170,blocks.36.conv2,0.26312026381492615
170,blocks.37.conv1,0.22175993025302887
170,blocks.37.conv2,0.1834811121225357
170,blocks.38.conv1,0.18767651915550232
170,blocks.38.conv2,0.19374056160449982
170,blocks.39.conv1,0.1911318004131317
170,blocks.39.conv2,0.1841907948255539
170,blocks.40.conv1,0.17971879243850708
170,blocks.40.conv2,0.16078554093837738
170,blocks.41.conv1,0.1803893744945526
170,blocks.41.conv2,0.15617160499095917
170,blocks.42.conv1,0.1641116589307785
170,blocks.42.conv2,0.25514641404151917
170,blocks.43.conv1,0.4919719994068146
170,blocks.43.conv2,0.4255625903606415
170,blocks.44.conv1,0.507386326789856
170,blocks.44.conv2,0.5479032397270203
170,blocks.45.conv1,0.5523130893707275
170,blocks.45.conv2,0.5802322626113892
170,blocks.46.conv1,0.5943247675895691
170,blocks.46.conv2,0.6436065435409546
170,blocks.47.conv1,0.6844987273216248
170,blocks.47.conv2,0.6810736656188965
170,blocks.48.conv1,0.8052606582641602
170,blocks.48.conv2,0.9148390889167786
170,blocks.49.conv1,0.8231831192970276
170,blocks.49.conv2,0.4420880079269409
170,mean_conv2d_grad_norm,0.2467870074923676
171,stem.0,0.02551441639661789
171,blocks.0.conv1,0.18264493346214294
171,blocks.0.conv2,0.39378246665000916
171,blocks.1.conv1,0.30224108695983887
171,blocks.1.conv2,0.1783415526151657
171,blocks.2.conv1,0.12717750668525696
171,blocks.2.conv2,0.1860314905643463
171,blocks.3.conv1,0.14782971143722534
171,blocks.3.conv2,0.15687990188598633
171,blocks.4.conv1,0.15239858627319336
171,blocks.4.conv2,0.14757904410362244
171,blocks.5.conv1,0.13324211537837982
171,blocks.5.conv2,0.18300257623195648
171,blocks.6.conv1,0.16889743506908417
171,blocks.6.conv2,0.1282282918691635
171,blocks.7.conv1,0.13466745615005493
171,blocks.7.conv2,0.1829329878091812
171,blocks.8.conv1,0.18556472659111023
171,blocks.8.conv2,0.14984546601772308
171,blocks.9.conv1,0.1283828318119049
171,blocks.9.conv2,0.14841462671756744
171,blocks.10.conv1,0.1705160140991211
171,blocks.10.conv2,0.1606428325176239
171,blocks.11.conv1,0.160152867436409
171,blocks.11.conv2,0.15088486671447754
171,blocks.12.conv1,0.15701352059841156
171,blocks.12.conv2,0.15772901475429535
171,blocks.13.conv1,0.13624310493469238
171,blocks.13.conv2,0.11127236485481262
171,blocks.14.conv1,0.12623225152492523
171,blocks.14.conv2,0.12003029137849808
171,blocks.15.conv1,0.16201108694076538
171,blocks.15.conv2,0.16582448780536652
171,blocks.16.conv1,0.15071147680282593
171,blocks.16.conv2,0.14086037874221802
171,blocks.17.conv1,0.16869370639324188
171,blocks.17.conv2,0.14743225276470184
171,blocks.18.conv1,0.13126611709594727
171,blocks.18.conv2,0.16131892800331116
171,blocks.19.conv1,0.14147046208381653
171,blocks.19.conv2,0.13300494849681854
171,blocks.20.conv1,0.1724344938993454
171,blocks.20.conv2,0.17300672829151154
171,blocks.21.conv1,0.15312881767749786
171,blocks.21.conv2,0.1618572324514389
171,blocks.22.conv1,0.14841508865356445
171,blocks.22.conv2,0.16519711911678314
171,blocks.23.conv1,0.1428748369216919
171,blocks.23.conv2,0.14166207611560822
171,blocks.24.conv1,0.14629743993282318
171,blocks.24.conv2,0.16439054906368256
171,blocks.25.conv1,0.1484440565109253
171,blocks.25.conv2,0.15610620379447937
171,blocks.26.conv1,0.17389190196990967
171,blocks.26.conv2,0.16167284548282623
171,blocks.27.conv1,0.18274621665477753
171,blocks.27.conv2,0.18498766422271729
171,blocks.28.conv1,0.15525469183921814
171,blocks.28.conv2,0.14604119956493378
171,blocks.29.conv1,0.19432879984378815
171,blocks.29.conv2,0.17611707746982574
171,blocks.30.conv1,0.17387524247169495
171,blocks.30.conv2,0.17878039181232452
171,blocks.31.conv1,0.15692336857318878
171,blocks.31.conv2,0.13751380145549774
171,blocks.32.conv1,0.14611823856830597
171,blocks.32.conv2,0.14713671803474426
171,blocks.33.conv1,0.17584021389484406
171,blocks.33.conv2,0.1549014151096344
171,blocks.34.conv1,0.13072234392166138
171,blocks.34.conv2,0.17339643836021423
171,blocks.35.conv1,0.2084798663854599
171,blocks.35.conv2,0.23826083540916443
171,blocks.36.conv1,0.28612032532691956
171,blocks.36.conv2,0.2558947503566742
171,blocks.37.conv1,0.2298082709312439
171,blocks.37.conv2,0.1937502771615982
171,blocks.38.conv1,0.1867704689502716
171,blocks.38.conv2,0.1785961240530014
171,blocks.39.conv1,0.19542157649993896
171,blocks.39.conv2,0.17112788558006287
171,blocks.40.conv1,0.16338466107845306
171,blocks.40.conv2,0.15338145196437836
171,blocks.41.conv1,0.1644042283296585
171,blocks.41.conv2,0.1482272446155548
171,blocks.42.conv1,0.1707821935415268
171,blocks.42.conv2,0.18923607468605042
171,blocks.43.conv1,0.3197118639945984
171,blocks.43.conv2,0.371311753988266
171,blocks.44.conv1,0.4579508900642395
171,blocks.44.conv2,0.5116511583328247
171,blocks.45.conv1,0.5636492967605591
171,blocks.45.conv2,0.5435094833374023
171,blocks.46.conv1,0.5702528953552246
171,blocks.46.conv2,0.6526569724082947
171,blocks.47.conv1,0.7089620232582092
171,blocks.47.conv2,0.7206341624259949
171,blocks.48.conv1,0.7878601551055908
171,blocks.48.conv2,0.8514479398727417
171,blocks.49.conv1,0.803774356842041
171,blocks.49.conv2,0.4596700072288513
171,mean_conv2d_grad_norm,0.2255214117836244
172,stem.0,0.023277390748262405
172,blocks.0.conv1,0.2061607539653778
172,blocks.0.conv2,0.47469213604927063
172,blocks.1.conv1,0.45068201422691345
172,blocks.1.conv2,0.18249011039733887
172,blocks.2.conv1,0.14116723835468292
172,blocks.2.conv2,0.21404941380023956
172,blocks.3.conv1,0.11935150623321533
172,blocks.3.conv2,0.14977043867111206
172,blocks.4.conv1,0.13935409486293793
172,blocks.4.conv2,0.14621873199939728
172,blocks.5.conv1,0.14525434374809265
172,blocks.5.conv2,0.1752960979938507
172,blocks.6.conv1,0.1472742110490799
172,blocks.6.conv2,0.12487927079200745
172,blocks.7.conv1,0.13671612739562988
172,blocks.7.conv2,0.2242649644613266
172,blocks.8.conv1,0.20552611351013184
172,blocks.8.conv2,0.1637541800737381
172,blocks.9.conv1,0.12504738569259644
172,blocks.9.conv2,0.1381741166114807
172,blocks.10.conv1,0.1627885401248932
172,blocks.10.conv2,0.16975171864032745
172,blocks.11.conv1,0.18921715021133423
172,blocks.11.conv2,0.16664758324623108
172,blocks.12.conv1,0.13719289004802704
172,blocks.12.conv2,0.16440759599208832
172,blocks.13.conv1,0.1399526745080948
172,blocks.13.conv2,0.1220121681690216
172,blocks.14.conv1,0.17260606586933136
172,blocks.14.conv2,0.14660783112049103
172,blocks.15.conv1,0.1838611364364624
172,blocks.15.conv2,0.178909033536911
172,blocks.16.conv1,0.14416460692882538
172,blocks.16.conv2,0.14278818666934967
172,blocks.17.conv1,0.14214831590652466
172,blocks.17.conv2,0.13308534026145935
172,blocks.18.conv1,0.15865154564380646
172,blocks.18.conv2,0.17241059243679047
172,blocks.19.conv1,0.16294746100902557
172,blocks.19.conv2,0.1476832628250122
172,blocks.20.conv1,0.15689653158187866
172,blocks.20.conv2,0.1981668323278427
172,blocks.21.conv1,0.16005948185920715
172,blocks.21.conv2,0.1756645292043686
172,blocks.22.conv1,0.18192711472511292
172,blocks.22.conv2,0.1673661172389984
172,blocks.23.conv1,0.1550646871328354
172,blocks.23.conv2,0.13001321256160736
172,blocks.24.conv1,0.12463376671075821
172,blocks.24.conv2,0.13978005945682526
172,blocks.25.conv1,0.14204734563827515
172,blocks.25.conv2,0.15224219858646393
172,blocks.26.conv1,0.15080080926418304
172,blocks.26.conv2,0.20189926028251648
172,blocks.27.conv1,0.1731567084789276
172,blocks.27.conv2,0.16394107043743134
172,blocks.28.conv1,0.1300583779811859
172,blocks.28.conv2,0.1435413360595703
172,blocks.29.conv1,0.20654313266277313
172,blocks.29.conv2,0.18157771229743958
172,blocks.30.conv1,0.1500694304704666
172,blocks.30.conv2,0.155384823679924
172,blocks.31.conv1,0.12794329226016998
172,blocks.31.conv2,0.11476573348045349
172,blocks.32.conv1,0.11669827997684479
172,blocks.32.conv2,0.11674349009990692
172,blocks.33.conv1,0.13955236971378326
172,blocks.33.conv2,0.1333579421043396
172,blocks.34.conv1,0.11171335726976395
172,blocks.34.conv2,0.13016460835933685
172,blocks.35.conv1,0.1633315533399582
172,blocks.35.conv2,0.22937889397144318
172,blocks.36.conv1,0.24765390157699585
172,blocks.36.conv2,0.23450826108455658
172,blocks.37.conv1,0.21260465681552887
172,blocks.37.conv2,0.1539885252714157
172,blocks.38.conv1,0.16028249263763428
172,blocks.38.conv2,0.1616581231355667
172,blocks.39.conv1,0.19246912002563477
172,blocks.39.conv2,0.15537402033805847
172,blocks.40.conv1,0.1540544033050537
172,blocks.40.conv2,0.14999379217624664
172,blocks.41.conv1,0.146154522895813
172,blocks.41.conv2,0.15626829862594604
172,blocks.42.conv1,0.1635146290063858
172,blocks.42.conv2,0.19548402726650238
172,blocks.43.conv1,0.2846243381500244
172,blocks.43.conv2,0.4420750141143799
172,blocks.44.conv1,0.5165629386901855
172,blocks.44.conv2,0.5405471324920654
172,blocks.45.conv1,0.5673515200614929
172,blocks.45.conv2,0.5437365174293518
172,blocks.46.conv1,0.5818471908569336
172,blocks.46.conv2,0.6288748383522034
172,blocks.47.conv1,0.7449935674667358
172,blocks.47.conv2,0.7506598830223083
172,blocks.48.conv1,0.8236057758331299
172,blocks.48.conv2,0.7999579310417175
172,blocks.49.conv1,0.6942107677459717
172,blocks.49.conv2,0.34706658124923706
172,mean_conv2d_grad_norm,0.22421624920893424
173,stem.0,0.023193631321191788
173,blocks.0.conv1,0.2886163294315338
173,blocks.0.conv2,0.2151162177324295
173,blocks.1.conv1,0.19785484671592712
173,blocks.1.conv2,0.24367761611938477
173,blocks.2.conv1,0.11434108763933182
173,blocks.2.conv2,0.1495165079832077
173,blocks.3.conv1,0.1330079585313797
173,blocks.3.conv2,0.13919663429260254
173,blocks.4.conv1,0.1118035838007927
173,blocks.4.conv2,0.10902276635169983
173,blocks.5.conv1,0.12399765849113464
173,blocks.5.conv2,0.1525636613368988
173,blocks.6.conv1,0.13735179603099823
173,blocks.6.conv2,0.10598596930503845
173,blocks.7.conv1,0.13998301327228546
173,blocks.7.conv2,0.22062861919403076
173,blocks.8.conv1,0.1474705934524536
173,blocks.8.conv2,0.12996596097946167
173,blocks.9.conv1,0.14361503720283508
173,blocks.9.conv2,0.13226139545440674
173,blocks.10.conv1,0.15650375187397003
173,blocks.10.conv2,0.17174993455410004
173,blocks.11.conv1,0.15066112577915192
173,blocks.11.conv2,0.12194132804870605
173,blocks.12.conv1,0.1217663437128067
173,blocks.12.conv2,0.13458484411239624
173,blocks.13.conv1,0.11462488770484924
173,blocks.13.conv2,0.11876563727855682
173,blocks.14.conv1,0.14249590039253235
173,blocks.14.conv2,0.10844938457012177
173,blocks.15.conv1,0.16069693863391876
173,blocks.15.conv2,0.18691568076610565
173,blocks.16.conv1,0.1415327489376068
173,blocks.16.conv2,0.12501735985279083
173,blocks.17.conv1,0.14735442399978638
173,blocks.17.conv2,0.1253511905670166
173,blocks.18.conv1,0.13476699590682983
173,blocks.18.conv2,0.1683492213487625
173,blocks.19.conv1,0.1570792943239212
173,blocks.19.conv2,0.11647122353315353
173,blocks.20.conv1,0.11824893206357956
173,blocks.20.conv2,0.12959517538547516
173,blocks.21.conv1,0.15623560547828674
173,blocks.21.conv2,0.15781238675117493
173,blocks.22.conv1,0.15990236401557922
173,blocks.22.conv2,0.1501108705997467
173,blocks.23.conv1,0.14825166761875153
173,blocks.23.conv2,0.11179803311824799
173,blocks.24.conv1,0.10912828147411346
173,blocks.24.conv2,0.13242360949516296
173,blocks.25.conv1,0.1329544633626938
173,blocks.25.conv2,0.11566351354122162
173,blocks.26.conv1,0.12611012160778046
173,blocks.26.conv2,0.14412155747413635
173,blocks.27.conv1,0.14070391654968262
173,blocks.27.conv2,0.15301191806793213
173,blocks.28.conv1,0.1268225610256195
173,blocks.28.conv2,0.12974387407302856
173,blocks.29.conv1,0.1696901172399521
173,blocks.29.conv2,0.16616208851337433
173,blocks.30.conv1,0.17477375268936157
173,blocks.30.conv2,0.12155919522047043
173,blocks.31.conv1,0.12452172487974167
173,blocks.31.conv2,0.11188052594661713
173,blocks.32.conv1,0.13386310636997223
173,blocks.32.conv2,0.12352915108203888
173,blocks.33.conv1,0.135104700922966
173,blocks.33.conv2,0.14226873219013214
173,blocks.34.conv1,0.1113729327917099
173,blocks.34.conv2,0.12968136370182037
173,blocks.35.conv1,0.17801527678966522
173,blocks.35.conv2,0.22018951177597046
173,blocks.36.conv1,0.2548447549343109
173,blocks.36.conv2,0.2529677450656891
173,blocks.37.conv1,0.24112571775913239
173,blocks.37.conv2,0.1894235908985138
173,blocks.38.conv1,0.17013688385486603
173,blocks.38.conv2,0.16420428454875946
173,blocks.39.conv1,0.15676558017730713
173,blocks.39.conv2,0.1592724770307541
173,blocks.40.conv1,0.1549645960330963
173,blocks.40.conv2,0.14321529865264893
173,blocks.41.conv1,0.1420554667711258
173,blocks.41.conv2,0.13639678061008453
173,blocks.42.conv1,0.13409949839115143
173,blocks.42.conv2,0.1591440886259079
173,blocks.43.conv1,0.19723671674728394
173,blocks.43.conv2,0.3155960142612457
173,blocks.44.conv1,0.38155490159988403
173,blocks.44.conv2,0.4332025945186615
173,blocks.45.conv1,0.49971169233322144
173,blocks.45.conv2,0.48610708117485046
173,blocks.46.conv1,0.4762248992919922
173,blocks.46.conv2,0.5503519177436829
173,blocks.47.conv1,0.6070927977561951
173,blocks.47.conv2,0.6399713158607483
173,blocks.48.conv1,0.6358150243759155
173,blocks.48.conv2,0.7181329727172852
173,blocks.49.conv1,0.5970988869667053
173,blocks.49.conv2,0.3208666145801544
173,mean_conv2d_grad_norm,0.19571366659042858
174,stem.0,0.027311572805047035
174,blocks.0.conv1,0.4961707890033722
174,blocks.0.conv2,0.33553922176361084
174,blocks.1.conv1,0.3100055754184723
174,blocks.1.conv2,0.2034456431865692
174,blocks.2.conv1,0.13209615647792816
174,blocks.2.conv2,0.2983947992324829
174,blocks.3.conv1,0.2580483555793762
174,blocks.3.conv2,0.17555513978004456
174,blocks.4.conv1,0.1383131891489029
174,blocks.4.conv2,0.14792531728744507
174,blocks.5.conv1,0.15495175123214722
174,blocks.5.conv2,0.21005813777446747
174,blocks.6.conv1,0.1408848911523819
174,blocks.6.conv2,0.12218305468559265
174,blocks.7.conv1,0.14936551451683044
174,blocks.7.conv2,0.25828778743743896
174,blocks.8.conv1,0.22274386882781982
174,blocks.8.conv2,0.18170255422592163
174,blocks.9.conv1,0.13556542992591858
174,blocks.9.conv2,0.17064915597438812
174,blocks.10.conv1,0.2134171724319458
174,blocks.10.conv2,0.17335763573646545
174,blocks.11.conv1,0.15556472539901733
174,blocks.11.conv2,0.1594429761171341
174,blocks.12.conv1,0.11289720237255096
174,blocks.12.conv2,0.16943466663360596
174,blocks.13.conv1,0.13197119534015656
174,blocks.13.conv2,0.1200784295797348
174,blocks.14.conv1,0.15138724446296692
174,blocks.14.conv2,0.13902121782302856
174,blocks.15.conv1,0.17456983029842377
174,blocks.15.conv2,0.1781637966632843
174,blocks.16.conv1,0.16078130900859833
174,blocks.16.conv2,0.13244383037090302
174,blocks.17.conv1,0.14870022237300873
174,blocks.17.conv2,0.1480630487203598
174,blocks.18.conv1,0.15946535766124725
174,blocks.18.conv2,0.21268457174301147
174,blocks.19.conv1,0.1560794860124588
174,blocks.19.conv2,0.14074833691120148
174,blocks.20.conv1,0.13158628344535828
174,blocks.20.conv2,0.17961151897907257
174,blocks.21.conv1,0.1545620560646057
174,blocks.21.conv2,0.15786786377429962
174,blocks.22.conv1,0.18056301772594452
174,blocks.22.conv2,0.15899288654327393
174,blocks.23.conv1,0.179635688662529
174,blocks.23.conv2,0.18180681765079498
174,blocks.24.conv1,0.12997771799564362
174,blocks.24.conv2,0.15349337458610535
174,blocks.25.conv1,0.14555375277996063
174,blocks.25.conv2,0.15262065827846527
174,blocks.26.conv1,0.15113064646720886
174,blocks.26.conv2,0.16342096030712128
174,blocks.27.conv1,0.1673913449048996
174,blocks.27.conv2,0.17486122250556946
174,blocks.28.conv1,0.14594270288944244
174,blocks.28.conv2,0.159343883395195
174,blocks.29.conv1,0.18868747353553772
174,blocks.29.conv2,0.1938295066356659
174,blocks.30.conv1,0.16648392379283905
174,blocks.30.conv2,0.15326373279094696
174,blocks.31.conv1,0.1402384638786316
174,blocks.31.conv2,0.14790263772010803
174,blocks.32.conv1,0.1521688848733902
174,blocks.32.conv2,0.14920005202293396
174,blocks.33.conv1,0.1585230529308319
174,blocks.33.conv2,0.16137908399105072
174,blocks.34.conv1,0.12225513905286789
174,blocks.34.conv2,0.15236645936965942
174,blocks.35.conv1,0.23182550072669983
174,blocks.35.conv2,0.265780508518219
174,blocks.36.conv1,0.26317256689071655
174,blocks.36.conv2,0.27033671736717224
174,blocks.37.conv1,0.21957552433013916
174,blocks.37.conv2,0.1992509514093399
174,blocks.38.conv1,0.1888177990913391
174,blocks.38.conv2,0.18751128017902374
174,blocks.39.conv1,0.19337034225463867
174,blocks.39.conv2,0.17718125879764557
174,blocks.40.conv1,0.1710599958896637
174,blocks.40.conv2,0.1703212559223175
174,blocks.41.conv1,0.1719573587179184
174,blocks.41.conv2,0.16872453689575195
174,blocks.42.conv1,0.1690356731414795
174,blocks.42.conv2,0.1880459040403366
174,blocks.43.conv1,0.25716254115104675
174,blocks.43.conv2,0.36907994747161865
174,blocks.44.conv1,0.4332476854324341
174,blocks.44.conv2,0.48689019680023193
174,blocks.45.conv1,0.5469459891319275
174,blocks.45.conv2,0.5433263182640076
174,blocks.46.conv1,0.5639197826385498
174,blocks.46.conv2,0.6072986125946045
174,blocks.47.conv1,0.6930235028266907
174,blocks.47.conv2,0.699426531791687
174,blocks.48.conv1,0.7862967252731323
174,blocks.48.conv2,0.8165622353553772
174,blocks.49.conv1,0.6585701107978821
174,blocks.49.conv2,0.33996328711509705
174,mean_conv2d_grad_norm,0.22970110504417726
175,stem.0,0.034041326493024826
175,blocks.0.conv1,0.30495646595954895
175,blocks.0.conv2,0.2300005555152893
175,blocks.1.conv1,0.3024193346500397
175,blocks.1.conv2,0.20712704956531525
175,blocks.2.conv1,0.1957680583000183
175,blocks.2.conv2,0.38906329870224
175,blocks.3.conv1,0.20821250975131989
175,blocks.3.conv2,0.17978331446647644
175,blocks.4.conv1,0.17036910355091095
175,blocks.4.conv2,0.17905400693416595
175,blocks.5.conv1,0.20425081253051758
175,blocks.5.conv2,0.24511848390102386
175,blocks.6.conv1,0.17533744871616364
175,blocks.6.conv2,0.1475823074579239
175,blocks.7.conv1,0.14243900775909424
175,blocks.7.conv2,0.2540922164916992
175,blocks.8.conv1,0.21063272655010223
175,blocks.8.conv2,0.21089404821395874
175,blocks.9.conv1,0.14696313440799713
175,blocks.9.conv2,0.16545148193836212
175,blocks.10.conv1,0.22496257722377777
175,blocks.10.conv2,0.1918618083000183
175,blocks.11.conv1,0.15245527029037476
175,blocks.11.conv2,0.1825616955757141
175,blocks.12.conv1,0.143993079662323
175,blocks.12.conv2,0.18596141040325165
175,blocks.13.conv1,0.13139884173870087
175,blocks.13.conv2,0.10387921333312988
175,blocks.14.conv1,0.10991761833429337
175,blocks.14.conv2,0.11860715597867966
175,blocks.15.conv1,0.17149686813354492
175,blocks.15.conv2,0.17250823974609375
175,blocks.16.conv1,0.1471947878599167
175,blocks.16.conv2,0.15704675018787384
175,blocks.17.conv1,0.1474076807498932
175,blocks.17.conv2,0.1389610320329666
175,blocks.18.conv1,0.177705779671669
175,blocks.18.conv2,0.14184078574180603
175,blocks.19.conv1,0.15340407192707062
175,blocks.19.conv2,0.16240593791007996
175,blocks.20.conv1,0.16429272294044495
175,blocks.20.conv2,0.19075466692447662
175,blocks.21.conv1,0.17700786888599396
175,blocks.21.conv2,0.17080800235271454
175,blocks.22.conv1,0.1935206949710846
175,blocks.22.conv2,0.1731831431388855
175,blocks.23.conv1,0.15883246064186096
175,blocks.23.conv2,0.12857230007648468
175,blocks.24.conv1,0.11754611134529114
175,blocks.24.conv2,0.13163411617279053
175,blocks.25.conv1,0.15617883205413818
175,blocks.25.conv2,0.1740066558122635
175,blocks.26.conv1,0.16373886168003082
175,blocks.26.conv2,0.16782215237617493
175,blocks.27.conv1,0.17768365144729614
175,blocks.27.conv2,0.17603209614753723
175,blocks.28.conv1,0.16073168814182281
175,blocks.28.conv2,0.1723882257938385
175,blocks.29.conv1,0.21225689351558685
175,blocks.29.conv2,0.207908034324646
175,blocks.30.conv1,0.18045051395893097
175,blocks.30.conv2,0.1781778633594513
175,blocks.31.conv1,0.15267972648143768
175,blocks.31.conv2,0.12600696086883545
175,blocks.32.conv1,0.14597199857234955
175,blocks.32.conv2,0.1549309343099594
175,blocks.33.conv1,0.1774190068244934
175,blocks.33.conv2,0.1622157096862793
175,blocks.34.conv1,0.14469823241233826
175,blocks.34.conv2,0.17767326533794403
175,blocks.35.conv1,0.20905643701553345
175,blocks.35.conv2,0.2525695264339447
175,blocks.36.conv1,0.30122753977775574
175,blocks.36.conv2,0.3020024299621582
175,blocks.37.conv1,0.24804754555225372
175,blocks.37.conv2,0.2342245727777481
175,blocks.38.conv1,0.21220840513706207
175,blocks.38.conv2,0.21296426653862
175,blocks.39.conv1,0.21200303733348846
175,blocks.39.conv2,0.20695674419403076
175,blocks.40.conv1,0.1982785016298294
175,blocks.40.conv2,0.19157949090003967
175,blocks.41.conv1,0.21759404242038727
175,blocks.41.conv2,0.18866215646266937
175,blocks.42.conv1,0.2425912618637085
175,blocks.42.conv2,0.3013533353805542
175,blocks.43.conv1,0.35883352160453796
175,blocks.43.conv2,0.44036537408828735
175,blocks.44.conv1,0.5227246284484863
175,blocks.44.conv2,0.5878492593765259
175,blocks.45.conv1,0.6312755942344666
175,blocks.45.conv2,0.6416606903076172
175,blocks.46.conv1,0.6443029046058655
175,blocks.46.conv2,0.7192676067352295
175,blocks.47.conv1,0.8494724631309509
175,blocks.47.conv2,0.8812260627746582
175,blocks.48.conv1,0.8653186559677124
175,blocks.48.conv2,0.8747831583023071
175,blocks.49.conv1,0.8458487391471863
175,blocks.49.conv2,0.45575031638145447
175,mean_conv2d_grad_norm,0.2519232569870972
176,stem.0,0.020260468125343323
176,blocks.0.conv1,0.15589463710784912
176,blocks.0.conv2,0.20976261794567108
176,blocks.1.conv1,0.21359241008758545
176,blocks.1.conv2,0.16833479702472687
176,blocks.2.conv1,0.15091556310653687
176,blocks.2.conv2,0.2646850347518921
176,blocks.3.conv1,0.1274011880159378
176,blocks.3.conv2,0.17781560122966766
176,blocks.4.conv1,0.1582312285900116
176,blocks.4.conv2,0.16532278060913086
176,blocks.5.conv1,0.1496470421552658
176,blocks.5.conv2,0.17748720943927765
176,blocks.6.conv1,0.1262923777103424
176,blocks.6.conv2,0.14000941812992096
176,blocks.7.conv1,0.15997789800167084
176,blocks.7.conv2,0.2696271538734436
176,blocks.8.conv1,0.20661889016628265
176,blocks.8.conv2,0.18751750886440277
176,blocks.9.conv1,0.118430957198143
176,blocks.9.conv2,0.1378161460161209
176,blocks.10.conv1,0.1899874359369278
176,blocks.10.conv2,0.1503896713256836
176,blocks.11.conv1,0.15278173983097076
176,blocks.11.conv2,0.14825111627578735
176,blocks.12.conv1,0.14775019884109497
176,blocks.12.conv2,0.13958606123924255
176,blocks.13.conv1,0.11980460584163666
176,blocks.13.conv2,0.08871863782405853
176,blocks.14.conv1,0.11241772770881653
176,blocks.14.conv2,0.11212247610092163
176,blocks.15.conv1,0.1671265959739685
176,blocks.15.conv2,0.1404462605714798
176,blocks.16.conv1,0.13677586615085602
176,blocks.16.conv2,0.14529043436050415
176,blocks.17.conv1,0.1454072743654251
176,blocks.17.conv2,0.13522180914878845
176,blocks.18.conv1,0.15192559361457825
176,blocks.18.conv2,0.1525385081768036
176,blocks.19.conv1,0.14310859143733978
176,blocks.19.conv2,0.12470163404941559
176,blocks.20.conv1,0.16110630333423615
176,blocks.20.conv2,0.17408879101276398
176,blocks.21.conv1,0.16319066286087036
176,blocks.21.conv2,0.1552068442106247
176,blocks.22.conv1,0.14986391365528107
176,blocks.22.conv2,0.1631649136543274
176,blocks.23.conv1,0.14975273609161377
176,blocks.23.conv2,0.13902440667152405
176,blocks.24.conv1,0.12951408326625824
176,blocks.24.conv2,0.1376618593931198
176,blocks.25.conv1,0.1173720583319664
176,blocks.25.conv2,0.1367289423942566
176,blocks.26.conv1,0.14764054119586945
176,blocks.26.conv2,0.15193283557891846
176,blocks.27.conv1,0.14289407432079315
176,blocks.27.conv2,0.1659679412841797
176,blocks.28.conv1,0.14597007632255554
176,blocks.28.conv2,0.15634705126285553
176,blocks.29.conv1,0.1789858639240265
176,blocks.29.conv2,0.20447510480880737
176,blocks.30.conv1,0.1713102161884308
176,blocks.30.conv2,0.13432501256465912
176,blocks.31.conv1,0.1198921799659729
176,blocks.31.conv2,0.11617278307676315
176,blocks.32.conv1,0.11516142636537552
176,blocks.32.conv2,0.12739680707454681
176,blocks.33.conv1,0.1442134976387024
176,blocks.33.conv2,0.12810944020748138
176,blocks.34.conv1,0.1088702380657196
176,blocks.34.conv2,0.13954786956310272
176,blocks.35.conv1,0.18779322504997253
176,blocks.35.conv2,0.26116132736206055
176,blocks.36.conv1,0.24792729318141937
176,blocks.36.conv2,0.2968376874923706
176,blocks.37.conv1,0.2269682139158249
176,blocks.37.conv2,0.17344647645950317
176,blocks.38.conv1,0.15579594671726227
176,blocks.38.conv2,0.162275031208992
176,blocks.39.conv1,0.1654679775238037
176,blocks.39.conv2,0.14460617303848267
176,blocks.40.conv1,0.15457968413829803
176,blocks.40.conv2,0.1583188772201538
176,blocks.41.conv1,0.17082612216472626
176,blocks.41.conv2,0.15505187213420868
176,blocks.42.conv1,0.16728267073631287
176,blocks.42.conv2,0.18623755872249603
176,blocks.43.conv1,0.32325494289398193
176,blocks.43.conv2,0.38587355613708496
176,blocks.44.conv1,0.46109604835510254
176,blocks.44.conv2,0.5140256881713867
176,blocks.45.conv1,0.5820825099945068
176,blocks.45.conv2,0.595292329788208
176,blocks.46.conv1,0.6311230063438416
176,blocks.46.conv2,0.6873136162757874
176,blocks.47.conv1,0.7239419221878052
176,blocks.47.conv2,0.7274214625358582
176,blocks.48.conv1,0.7706865668296814
176,blocks.48.conv2,0.7762555480003357
176,blocks.49.conv1,0.7021010518074036
176,blocks.49.conv2,0.33139127492904663
176,mean_conv2d_grad_norm,0.2167556168566836
177,stem.0,0.03351971507072449
177,blocks.0.conv1,0.4443506896495819
177,blocks.0.conv2,0.5291894674301147
177,blocks.1.conv1,0.4987213611602783
177,blocks.1.conv2,0.2692802846431732
177,blocks.2.conv1,0.3414627015590668
177,blocks.2.conv2,0.39186814427375793
177,blocks.3.conv1,0.1755065619945526
177,blocks.3.conv2,0.18600542843341827
177,blocks.4.conv1,0.1614363193511963
177,blocks.4.conv2,0.17570778727531433
177,blocks.5.conv1,0.16090963780879974
177,blocks.5.conv2,0.1985314041376114
177,blocks.6.conv1,0.1422267109155655
177,blocks.6.conv2,0.13526105880737305
177,blocks.7.conv1,0.17665094137191772
177,blocks.7.conv2,0.26333409547805786
177,blocks.8.conv1,0.19399774074554443
177,blocks.8.conv2,0.17193925380706787
177,blocks.9.conv1,0.15361666679382324
177,blocks.9.conv2,0.16059376299381256
177,blocks.10.conv1,0.20553915202617645
177,blocks.10.conv2,0.20756377279758453
177,blocks.11.conv1,0.18548862636089325
177,blocks.11.conv2,0.18024635314941406
177,blocks.12.conv1,0.17818187177181244
177,blocks.12.conv2,0.20922066271305084
177,blocks.13.conv1,0.15783411264419556
177,blocks.13.conv2,0.11851680278778076
177,blocks.14.conv1,0.1561887115240097
177,blocks.14.conv2,0.1575811803340912
177,blocks.15.conv1,0.20693328976631165
177,blocks.15.conv2,0.1861083060503006
177,blocks.16.conv1,0.16787539422512054
177,blocks.16.conv2,0.15008828043937683
177,blocks.17.conv1,0.1604476124048233
177,blocks.17.conv2,0.14862976968288422
177,blocks.18.conv1,0.15857496857643127
177,blocks.18.conv2,0.1517089605331421
177,blocks.19.conv1,0.16692300140857697
177,blocks.19.conv2,0.16661246120929718
177,blocks.20.conv1,0.1803816258907318
177,blocks.20.conv2,0.16880685091018677
177,blocks.21.conv1,0.16033963859081268
177,blocks.21.conv2,0.15979920327663422
177,blocks.22.conv1,0.1670965999364853
177,blocks.22.conv2,0.17683738470077515
177,blocks.23.conv1,0.181441068649292
177,blocks.23.conv2,0.16368712484836578
177,blocks.24.conv1,0.14467521011829376
177,blocks.24.conv2,0.16625884175300598
177,blocks.25.conv1,0.16615107655525208
177,blocks.25.conv2,0.14719928801059723
177,blocks.26.conv1,0.22110195457935333
177,blocks.26.conv2,0.21420612931251526
177,blocks.27.conv1,0.24309048056602478
177,blocks.27.conv2,0.19799432158470154
177,blocks.28.conv1,0.15346145629882812
177,blocks.28.conv2,0.17365708947181702
177,blocks.29.conv1,0.24838903546333313
177,blocks.29.conv2,0.22716358304023743
177,blocks.30.conv1,0.20412535965442657
177,blocks.30.conv2,0.20102642476558685
177,blocks.31.conv1,0.14332528412342072
177,blocks.31.conv2,0.1262424737215042
177,blocks.32.conv1,0.14112959802150726
177,blocks.32.conv2,0.14357218146324158
177,blocks.33.conv1,0.17872898280620575
177,blocks.33.conv2,0.1555853635072708
177,blocks.34.conv1,0.12235484272241592
177,blocks.34.conv2,0.1654641181230545
177,blocks.35.conv1,0.21757596731185913
177,blocks.35.conv2,0.2835451662540436
177,blocks.36.conv1,0.32714706659317017
177,blocks.36.conv2,0.28690865635871887
177,blocks.37.conv1,0.2465502917766571
177,blocks.37.conv2,0.2378801554441452
177,blocks.38.conv1,0.19741296768188477
177,blocks.38.conv2,0.17452523112297058
177,blocks.39.conv1,0.21408464014530182
177,blocks.39.conv2,0.18845723569393158
177,blocks.40.conv1,0.1862340122461319
177,blocks.40.conv2,0.1700768917798996
177,blocks.41.conv1,0.18557900190353394
177,blocks.41.conv2,0.1771138459444046
177,blocks.42.conv1,0.1760576218366623
177,blocks.42.conv2,0.24608486890792847
177,blocks.43.conv1,0.28056660294532776
177,blocks.43.conv2,0.4341045320034027
177,blocks.44.conv1,0.5562896728515625
177,blocks.44.conv2,0.637729287147522
177,blocks.45.conv1,0.6639715433120728
177,blocks.45.conv2,0.6562809944152832
177,blocks.46.conv1,0.7543027997016907
177,blocks.46.conv2,0.8646338582038879
177,blocks.47.conv1,1.004250407218933
177,blocks.47.conv2,1.0160412788391113
177,blocks.48.conv1,1.1144031286239624
177,blocks.48.conv2,1.1347347497940063
177,blocks.49.conv1,1.1033718585968018
177,blocks.49.conv2,0.5727574825286865
177,mean_conv2d_grad_norm,0.2765974003342119
178,stem.0,0.02492980659008026
178,blocks.0.conv1,0.4079519808292389
178,blocks.0.conv2,0.46339720487594604
178,blocks.1.conv1,0.6233066320419312
178,blocks.1.conv2,0.22976940870285034
178,blocks.2.conv1,0.2329372614622116
178,blocks.2.conv2,0.3179275095462799
178,blocks.3.conv1,0.17140910029411316
178,blocks.3.conv2,0.21944402158260345
178,blocks.4.conv1,0.16878192126750946
178,blocks.4.conv2,0.2525704801082611
178,blocks.5.conv1,0.19620639085769653
178,blocks.5.conv2,0.24424828588962555
178,blocks.6.conv1,0.14485754072666168
178,blocks.6.conv2,0.15422110259532928
178,blocks.7.conv1,0.2409997284412384
178,blocks.7.conv2,0.33230236172676086
178,blocks.8.conv1,0.22142641246318817
178,blocks.8.conv2,0.29129865765571594
178,blocks.9.conv1,0.18763086199760437
178,blocks.9.conv2,0.18615908920764923
178,blocks.10.conv1,0.20500877499580383
178,blocks.10.conv2,0.27121591567993164
178,blocks.11.conv1,0.22350473701953888
178,blocks.11.conv2,0.19740916788578033
178,blocks.12.conv1,0.17015352845191956
178,blocks.12.conv2,0.18350361287593842
178,blocks.13.conv1,0.15872180461883545
178,blocks.13.conv2,0.14342838525772095
178,blocks.14.conv1,0.18256765604019165
178,blocks.14.conv2,0.17563052475452423
178,blocks.15.conv1,0.19937047362327576
178,blocks.15.conv2,0.17644838988780975
178,blocks.16.conv1,0.18253757059574127
178,blocks.16.conv2,0.17801342904567719
178,blocks.17.conv1,0.18342910706996918
178,blocks.17.conv2,0.17767764627933502
178,blocks.18.conv1,0.21226994693279266
178,blocks.18.conv2,0.24492765963077545
178,blocks.19.conv1,0.1620352417230606
178,blocks.19.conv2,0.17044970393180847
178,blocks.20.conv1,0.21827852725982666
178,blocks.20.conv2,0.2126476764678955
178,blocks.21.conv1,0.1977546513080597
178,blocks.21.conv2,0.19067516922950745
178,blocks.22.conv1,0.1966981738805771
178,blocks.22.conv2,0.18995662033557892
178,blocks.23.conv1,0.1900647133588791
178,blocks.23.conv2,0.16332344710826874
178,blocks.24.conv1,0.16175299882888794
178,blocks.24.conv2,0.21979041397571564
178,blocks.25.conv1,0.1974474936723709
178,blocks.25.conv2,0.19501368701457977
178,blocks.26.conv1,0.19013862311840057
178,blocks.26.conv2,0.2107154130935669
178,blocks.27.conv1,0.20767059922218323
178,blocks.27.conv2,0.19612106680870056
178,blocks.28.conv1,0.18602780997753143
178,blocks.28.conv2,0.1908399760723114
178,blocks.29.conv1,0.21092550456523895
178,blocks.29.conv2,0.24176055192947388
178,blocks.30.conv1,0.3050152063369751
178,blocks.30.conv2,0.2146831601858139
178,blocks.31.conv1,0.17719976603984833
178,blocks.31.conv2,0.16818933188915253
178,blocks.32.conv1,0.19236288964748383
178,blocks.32.conv2,0.17083406448364258
178,blocks.33.conv1,0.17863814532756805
178,blocks.33.conv2,0.18243202567100525
178,blocks.34.conv1,0.16963738203048706
178,blocks.34.conv2,0.17106328904628754
178,blocks.35.conv1,0.21143266558647156
178,blocks.35.conv2,0.2783168852329254
178,blocks.36.conv1,0.3010098338127136
178,blocks.36.conv2,0.3297078609466553
178,blocks.37.conv1,0.29618772864341736
178,blocks.37.conv2,0.2870246171951294
178,blocks.38.conv1,0.2528303265571594
178,blocks.38.conv2,0.2530709207057953
178,blocks.39.conv1,0.2375074177980423
178,blocks.39.conv2,0.21002963185310364
178,blocks.40.conv1,0.19077250361442566
178,blocks.40.conv2,0.19490718841552734
178,blocks.41.conv1,0.20459836721420288
178,blocks.41.conv2,0.21179677546024323
178,blocks.42.conv1,0.2411847710609436
178,blocks.42.conv2,0.2489611953496933
178,blocks.43.conv1,0.31520724296569824
178,blocks.43.conv2,0.3574497103691101
178,blocks.44.conv1,0.48883652687072754
178,blocks.44.conv2,0.5730105042457581
178,blocks.45.conv1,0.6549334526062012
178,blocks.45.conv2,0.6466642618179321
178,blocks.46.conv1,0.7070483565330505
178,blocks.46.conv2,0.8070078492164612
178,blocks.47.conv1,0.8237528800964355
178,blocks.47.conv2,0.8636530041694641
178,blocks.48.conv1,0.9156784415245056
178,blocks.48.conv2,0.9871705770492554
178,blocks.49.conv1,0.9392082095146179
178,blocks.49.conv2,0.45700356364250183
178,mean_conv2d_grad_norm,0.2821158483476922
179,stem.0,0.039895299822092056
179,blocks.0.conv1,0.17653751373291016
179,blocks.0.conv2,0.2185349464416504
179,blocks.1.conv1,0.3252184987068176
179,blocks.1.conv2,0.3026069402694702
179,blocks.2.conv1,0.21127517521381378
179,blocks.2.conv2,0.24552103877067566
179,blocks.3.conv1,0.1745881736278534
179,blocks.3.conv2,0.17983418703079224
179,blocks.4.conv1,0.17317374050617218
179,blocks.4.conv2,0.17423054575920105
179,blocks.5.conv1,0.18105080723762512
179,blocks.5.conv2,0.26436248421669006
179,blocks.6.conv1,0.18204909563064575
179,blocks.6.conv2,0.15366551280021667
179,blocks.7.conv1,0.18943965435028076
179,blocks.7.conv2,0.3059822916984558
179,blocks.8.conv1,0.26086941361427307
179,blocks.8.conv2,0.21180576086044312
179,blocks.9.conv1,0.1542220413684845
179,blocks.9.conv2,0.13934195041656494
179,blocks.10.conv1,0.18552112579345703
179,blocks.10.conv2,0.2042998969554901
179,blocks.11.conv1,0.1614728569984436
179,blocks.11.conv2,0.16319425404071808
179,blocks.12.conv1,0.1465958207845688
179,blocks.12.conv2,0.16418114304542542
179,blocks.13.conv1,0.14590203762054443
179,blocks.13.conv2,0.13795842230319977
179,blocks.14.conv1,0.15648779273033142
179,blocks.14.conv2,0.16395466029644012
179,blocks.15.conv1,0.19444379210472107
179,blocks.15.conv2,0.20749448239803314
179,blocks.16.conv1,0.1764390468597412
179,blocks.16.conv2,0.17382419109344482
179,blocks.17.conv1,0.17493213713169098
179,blocks.17.conv2,0.16218201816082
179,blocks.18.conv1,0.19837790727615356
179,blocks.18.conv2,0.18526433408260345
179,blocks.19.conv1,0.16243380308151245
179,blocks.19.conv2,0.17210885882377625
179,blocks.20.conv1,0.193014994263649
179,blocks.20.conv2,0.2124345451593399
179,blocks.21.conv1,0.1881263256072998
179,blocks.21.conv2,0.1653117686510086
179,blocks.22.conv1,0.17373967170715332
179,blocks.22.conv2,0.184116929769516
179,blocks.23.conv1,0.17586299777030945
179,blocks.23.conv2,0.14876842498779297
179,blocks.24.conv1,0.13593463599681854
179,blocks.24.conv2,0.1868826001882553
179,blocks.25.conv1,0.17617104947566986
179,blocks.25.conv2,0.17615894973278046
179,blocks.26.conv1,0.20806661248207092
179,blocks.26.conv2,0.2070634812116623
179,blocks.27.conv1,0.1789335459470749
179,blocks.27.conv2,0.20763616263866425
179,blocks.28.conv1,0.15817886590957642
179,blocks.28.conv2,0.21127082407474518
179,blocks.29.conv1,0.2927820086479187
179,blocks.29.conv2,0.24900175631046295
179,blocks.30.conv1,0.2246309518814087
179,blocks.30.conv2,0.18624570965766907
179,blocks.31.conv1,0.13530053198337555
179,blocks.31.conv2,0.15037162601947784
179,blocks.32.conv1,0.14864107966423035
179,blocks.32.conv2,0.17224815487861633
179,blocks.33.conv1,0.1875038594007492
179,blocks.33.conv2,0.18427561223506927
179,blocks.34.conv1,0.1842736005783081
179,blocks.34.conv2,0.2029220014810562
179,blocks.35.conv1,0.31549072265625
179,blocks.35.conv2,0.3446800708770752
179,blocks.36.conv1,0.35343822836875916
179,blocks.36.conv2,0.5089606046676636
179,blocks.37.conv1,0.3870980739593506
179,blocks.37.conv2,0.24869710206985474
179,blocks.38.conv1,0.2594586908817291
179,blocks.38.conv2,0.23664061725139618
179,blocks.39.conv1,0.22262108325958252
179,blocks.39.conv2,0.21512234210968018
179,blocks.40.conv1,0.20470823347568512
179,blocks.40.conv2,0.2096148133277893
179,blocks.41.conv1,0.22404561936855316
179,blocks.41.conv2,0.21754147112369537
179,blocks.42.conv1,0.2051083743572235
179,blocks.42.conv2,0.2101043164730072
179,blocks.43.conv1,0.2649199664592743
179,blocks.43.conv2,0.39646828174591064
179,blocks.44.conv1,0.5628294348716736
179,blocks.44.conv2,0.6653748154640198
179,blocks.45.conv1,0.6945419907569885
179,blocks.45.conv2,0.6625854969024658
179,blocks.46.conv1,0.750179648399353
179,blocks.46.conv2,0.8150721192359924
179,blocks.47.conv1,0.9494121670722961
179,blocks.47.conv2,0.9679067134857178
179,blocks.48.conv1,1.0235161781311035
179,blocks.48.conv2,1.0003200769424438
179,blocks.49.conv1,0.9471285939216614
179,blocks.49.conv2,0.4928606152534485
179,mean_conv2d_grad_norm,0.27587712272116455
180,stem.0,0.021158697083592415
180,blocks.0.conv1,0.21667338907718658
180,blocks.0.conv2,0.2758457362651825
180,blocks.1.conv1,0.3281107544898987
180,blocks.1.conv2,0.18094408512115479
180,blocks.2.conv1,0.15555454790592194
180,blocks.2.conv2,0.2519206404685974
180,blocks.3.conv1,0.15684056282043457
180,blocks.3.conv2,0.1619970202445984
180,blocks.4.conv1,0.14611579477787018
180,blocks.4.conv2,0.16349685192108154
180,blocks.5.conv1,0.17205239832401276
180,blocks.5.conv2,0.19560542702674866
180,blocks.6.conv1,0.13508901000022888
180,blocks.6.conv2,0.18653422594070435
180,blocks.7.conv1,0.16553132236003876
180,blocks.7.conv2,0.2359999567270279
180,blocks.8.conv1,0.21888519823551178
180,blocks.8.conv2,0.22877603769302368
180,blocks.9.conv1,0.14945219457149506
180,blocks.9.conv2,0.17118555307388306
180,blocks.10.conv1,0.17127008736133575
180,blocks.10.conv2,0.2059701830148697
180,blocks.11.conv1,0.21970662474632263
180,blocks.11.conv2,0.2247651070356369
180,blocks.12.conv1,0.17214414477348328
180,blocks.12.conv2,0.18958425521850586
180,blocks.13.conv1,0.1631961613893509
180,blocks.13.conv2,0.1533431112766266
180,blocks.14.conv1,0.19480600953102112
180,blocks.14.conv2,0.1946539431810379
180,blocks.15.conv1,0.18336160480976105
180,blocks.15.conv2,0.21322908997535706
180,blocks.16.conv1,0.1866046041250229
180,blocks.16.conv2,0.1683029681444168
180,blocks.17.conv1,0.167955681681633
180,blocks.17.conv2,0.14830650389194489
180,blocks.18.conv1,0.1805402636528015
180,blocks.18.conv2,0.18860597908496857
180,blocks.19.conv1,0.19742028415203094
180,blocks.19.conv2,0.15395425260066986
180,blocks.20.conv1,0.18659867346286774
180,blocks.20.conv2,0.17582334578037262
180,blocks.21.conv1,0.18002557754516602
180,blocks.21.conv2,0.18495288491249084
180,blocks.22.conv1,0.1614489108324051
180,blocks.22.conv2,0.15953955054283142
180,blocks.23.conv1,0.1856047660112381
180,blocks.23.conv2,0.18174685537815094
180,blocks.24.conv1,0.15704034268856049
180,blocks.24.conv2,0.20192697644233704
180,blocks.25.conv1,0.19095715880393982
180,blocks.25.conv2,0.21635213494300842
180,blocks.26.conv1,0.20372530817985535
180,blocks.26.conv2,0.22109133005142212
180,blocks.27.conv1,0.19274355471134186
180,blocks.27.conv2,0.20485781133174896
180,blocks.28.conv1,0.15367700159549713
180,blocks.28.conv2,0.1688915491104126
180,blocks.29.conv1,0.20457708835601807
180,blocks.29.conv2,0.20454059541225433
180,blocks.30.conv1,0.2211846262216568
180,blocks.30.conv2,0.16492797434329987
180,blocks.31.conv1,0.15254956483840942
180,blocks.31.conv2,0.1319168359041214
180,blocks.32.conv1,0.18106478452682495
180,blocks.32.conv2,0.15850871801376343
180,blocks.33.conv1,0.1696014106273651
180,blocks.33.conv2,0.16617955267429352
180,blocks.34.conv1,0.15508921444416046
180,blocks.34.conv2,0.16545236110687256
180,blocks.35.conv1,0.22759969532489777
180,blocks.35.conv2,0.29062557220458984
180,blocks.36.conv1,0.31428128480911255
180,blocks.36.conv2,0.2914302945137024
180,blocks.37.conv1,0.24559691548347473
180,blocks.37.conv2,0.19211222231388092
180,blocks.38.conv1,0.18541359901428223
180,blocks.38.conv2,0.17677168548107147
180,blocks.39.conv1,0.18964888155460358
180,blocks.39.conv2,0.1579783856868744
180,blocks.40.conv1,0.1615854799747467
180,blocks.40.conv2,0.14896011352539062
180,blocks.41.conv1,0.15746082365512848
180,blocks.41.conv2,0.1509566605091095
180,blocks.42.conv1,0.1659523844718933
180,blocks.42.conv2,0.20728404819965363
180,blocks.43.conv1,0.2840968072414398
180,blocks.43.conv2,0.3878948390483856
180,blocks.44.conv1,0.4508199095726013
180,blocks.44.conv2,0.5023269653320312
180,blocks.45.conv1,0.5518578290939331
180,blocks.45.conv2,0.5824903249740601
180,blocks.46.conv1,0.6182198524475098
180,blocks.46.conv2,0.6722370386123657
180,blocks.47.conv1,0.7139021754264832
180,blocks.47.conv2,0.7604745626449585
180,blocks.48.conv1,0.8223738670349121
180,blocks.48.conv2,0.8708298206329346
180,blocks.49.conv1,0.8650240898132324
180,blocks.49.conv2,0.4615958631038666
180,mean_conv2d_grad_norm,0.24560285855711686
181,stem.0,0.028732001781463623
181,blocks.0.conv1,0.38259097933769226
181,blocks.0.conv2,0.2771526873111725
181,blocks.1.conv1,0.48613184690475464
181,blocks.1.conv2,0.17761589586734772
181,blocks.2.conv1,0.13757848739624023
181,blocks.2.conv2,0.24068672955036163
181,blocks.3.conv1,0.14251618087291718
181,blocks.3.conv2,0.1479284018278122
181,blocks.4.conv1,0.12737326323986053
181,blocks.4.conv2,0.12394831329584122
181,blocks.5.conv1,0.12829124927520752
181,blocks.5.conv2,0.14160189032554626
181,blocks.6.conv1,0.11284000426530838
181,blocks.6.conv2,0.09465023875236511
181,blocks.7.conv1,0.11353247612714767
181,blocks.7.conv2,0.1852876991033554
181,blocks.8.conv1,0.14551886916160583
181,blocks.8.conv2,0.13804875314235687
181,blocks.9.conv1,0.12943463027477264
181,blocks.9.conv2,0.13328200578689575
181,blocks.10.conv1,0.18430693447589874
181,blocks.10.conv2,0.19802945852279663
181,blocks.11.conv1,0.16517454385757446
181,blocks.11.conv2,0.1411018818616867
181,blocks.12.conv1,0.10296656936407089
181,blocks.12.conv2,0.14353464543819427
181,blocks.13.conv1,0.12696276605129242
181,blocks.13.conv2,0.10190076380968094
181,blocks.14.conv1,0.15261314809322357
181,blocks.14.conv2,0.12493515759706497
181,blocks.15.conv1,0.1510051190853119
181,blocks.15.conv2,0.1401001214981079
181,blocks.16.conv1,0.1383799910545349
181,blocks.16.conv2,0.12299986183643341
181,blocks.17.conv1,0.12464150041341782
181,blocks.17.conv2,0.11259327083826065
181,blocks.18.conv1,0.13879258930683136
181,blocks.18.conv2,0.1304929554462433
181,blocks.19.conv1,0.15163184702396393
181,blocks.19.conv2,0.1234532967209816
181,blocks.20.conv1,0.14562007784843445
181,blocks.20.conv2,0.16927635669708252
181,blocks.21.conv1,0.1652165949344635
181,blocks.21.conv2,0.15636590123176575
181,blocks.22.conv1,0.15485908091068268
181,blocks.22.conv2,0.20427678525447845
181,blocks.23.conv1,0.17087969183921814
181,blocks.23.conv2,0.15236227214336395
181,blocks.24.conv1,0.14960743486881256
181,blocks.24.conv2,0.14045879244804382
181,blocks.25.conv1,0.14299793541431427
181,blocks.25.conv2,0.14726164937019348
181,blocks.26.conv1,0.15170514583587646
181,blocks.26.conv2,0.15767517685890198
181,blocks.27.conv1,0.17906124889850616
181,blocks.27.conv2,0.15344782173633575
181,blocks.28.conv1,0.15125927329063416
181,blocks.28.conv2,0.12803915143013
181,blocks.29.conv1,0.1707368940114975
181,blocks.29.conv2,0.18254484236240387
181,blocks.30.conv1,0.1926276534795761
181,blocks.30.conv2,0.1956038922071457
181,blocks.31.conv1,0.1608424037694931
181,blocks.31.conv2,0.13446421921253204
181,blocks.32.conv1,0.14394547045230865
181,blocks.32.conv2,0.1394578516483307
181,blocks.33.conv1,0.14753153920173645
181,blocks.33.conv2,0.13849864900112152
181,blocks.34.conv1,0.13377165794372559
181,blocks.34.conv2,0.1629890352487564
181,blocks.35.conv1,0.20219752192497253
181,blocks.35.conv2,0.23194141685962677
181,blocks.36.conv1,0.25722482800483704
181,blocks.36.conv2,0.248943030834198
181,blocks.37.conv1,0.23477455973625183
181,blocks.37.conv2,0.18304720520973206
181,blocks.38.conv1,0.18574155867099762
181,blocks.38.conv2,0.16232293844223022
181,blocks.39.conv1,0.14911895990371704
181,blocks.39.conv2,0.15117147564888
181,blocks.40.conv1,0.15156155824661255
181,blocks.40.conv2,0.15614208579063416
181,blocks.41.conv1,0.1561843305826187
181,blocks.41.conv2,0.15698246657848358
181,blocks.42.conv1,0.15242899954319
181,blocks.42.conv2,0.18051214516162872
181,blocks.43.conv1,0.2782464921474457
181,blocks.43.conv2,0.3393775522708893
181,blocks.44.conv1,0.4488416314125061
181,blocks.44.conv2,0.517425537109375
181,blocks.45.conv1,0.5085587501525879
181,blocks.45.conv2,0.49822086095809937
181,blocks.46.conv1,0.5224282741546631
181,blocks.46.conv2,0.540142297744751
181,blocks.47.conv1,0.5616111159324646
181,blocks.47.conv2,0.6059923768043518
181,blocks.48.conv1,0.7097492814064026
181,blocks.48.conv2,0.7720176577568054
181,blocks.49.conv1,0.7590265870094299
181,blocks.49.conv2,0.3907860219478607
181,mean_conv2d_grad_norm,0.2129352776573436
182,stem.0,0.031107526272535324
182,blocks.0.conv1,0.3576623797416687
182,blocks.0.conv2,0.2760855257511139
182,blocks.1.conv1,0.29876425862312317
182,blocks.1.conv2,0.16404445469379425
182,blocks.2.conv1,0.15755827724933624
182,blocks.2.conv2,0.1948757767677307
182,blocks.3.conv1,0.16231636703014374
182,blocks.3.conv2,0.1405739188194275
182,blocks.4.conv1,0.13517019152641296
182,blocks.4.conv2,0.16353319585323334
182,blocks.5.conv1,0.13745823502540588
182,blocks.5.conv2,0.17054234445095062
182,blocks.6.conv1,0.1453738808631897
182,blocks.6.conv2,0.10415730625391006
182,blocks.7.conv1,0.12113118171691895
182,blocks.7.conv2,0.2116633504629135
182,blocks.8.conv1,0.1917378157377243
182,blocks.8.conv2,0.19076018035411835
182,blocks.9.conv1,0.12351672351360321
182,blocks.9.conv2,0.13137246668338776
182,blocks.10.conv1,0.17531947791576385
182,blocks.10.conv2,0.13997052609920502
182,blocks.11.conv1,0.13584011793136597
182,blocks.11.conv2,0.15402570366859436
182,blocks.12.conv1,0.12571564316749573
182,blocks.12.conv2,0.15846669673919678
182,blocks.13.conv1,0.12310247123241425
182,blocks.13.conv2,0.14180615544319153
182,blocks.14.conv1,0.1630392223596573
182,blocks.14.conv2,0.1359480917453766
182,blocks.15.conv1,0.16316698491573334
182,blocks.15.conv2,0.16719426214694977
182,blocks.16.conv1,0.14486612379550934
182,blocks.16.conv2,0.13329772651195526
182,blocks.17.conv1,0.11834928393363953
182,blocks.17.conv2,0.1160799041390419
182,blocks.18.conv1,0.14728929102420807
182,blocks.18.conv2,0.13920599222183228
182,blocks.19.conv1,0.15295939147472382
182,blocks.19.conv2,0.15875864028930664
182,blocks.20.conv1,0.18018262088298798
182,blocks.20.conv2,0.1495724618434906
182,blocks.21.conv1,0.1503795087337494
182,blocks.21.conv2,0.1544238030910492
182,blocks.22.conv1,0.17327085137367249
182,blocks.22.conv2,0.14570464193820953
182,blocks.23.conv1,0.14649420976638794
182,blocks.23.conv2,0.11936625093221664
182,blocks.24.conv1,0.1409572809934616
182,blocks.24.conv2,0.14591920375823975
182,blocks.25.conv1,0.1454935520887375
182,blocks.25.conv2,0.13868094980716705
182,blocks.26.conv1,0.1522412747144699
182,blocks.26.conv2,0.1523350328207016
182,blocks.27.conv1,0.1495196670293808
182,blocks.27.conv2,0.16579416394233704
182,blocks.28.conv1,0.12194529920816422
182,blocks.28.conv2,0.12518155574798584
182,blocks.29.conv1,0.13737648725509644
182,blocks.29.conv2,0.148959681391716
182,blocks.30.conv1,0.16356703639030457
182,blocks.30.conv2,0.14266374707221985
182,blocks.31.conv1,0.10784982144832611
182,blocks.31.conv2,0.10889545828104019
182,blocks.32.conv1,0.12522852420806885
182,blocks.32.conv2,0.13984940946102142
182,blocks.33.conv1,0.11448728293180466
182,blocks.33.conv2,0.11697660386562347
182,blocks.34.conv1,0.1129489317536354
182,blocks.34.conv2,0.13007400929927826
182,blocks.35.conv1,0.15308986604213715
182,blocks.35.conv2,0.22355012595653534
182,blocks.36.conv1,0.2385912835597992
182,blocks.36.conv2,0.26229918003082275
182,blocks.37.conv1,0.22019267082214355
182,blocks.37.conv2,0.18311917781829834
182,blocks.38.conv1,0.16434898972511292
182,blocks.38.conv2,0.16856864094734192
182,blocks.39.conv1,0.1754859983921051
182,blocks.39.conv2,0.17124919593334198
182,blocks.40.conv1,0.16807591915130615
182,blocks.40.conv2,0.17217053472995758
182,blocks.41.conv1,0.17588619887828827
182,blocks.41.conv2,0.186788871884346
182,blocks.42.conv1,0.1793697327375412
182,blocks.42.conv2,0.24547897279262543
182,blocks.43.conv1,0.2948615252971649
182,blocks.43.conv2,0.3444823920726776
182,blocks.44.conv1,0.42205876111984253
182,blocks.44.conv2,0.5257030725479126
182,blocks.45.conv1,0.5500195622444153
182,blocks.45.conv2,0.5428104400634766
182,blocks.46.conv1,0.5970620512962341
182,blocks.46.conv2,0.6546633243560791
182,blocks.47.conv1,0.7442438006401062
182,blocks.47.conv2,0.832121729850769
182,blocks.48.conv1,0.8485565185546875
182,blocks.48.conv2,0.8463242650032043
182,blocks.49.conv1,0.7665347456932068
182,blocks.49.conv2,0.39092928171157837
182,mean_conv2d_grad_norm,0.21939389322801392
183,stem.0,0.03425952047109604
183,blocks.0.conv1,0.449371874332428
183,blocks.0.conv2,0.22733870148658752
183,blocks.1.conv1,0.3572595715522766
183,blocks.1.conv2,0.17309223115444183
183,blocks.2.conv1,0.1672629415988922
183,blocks.2.conv2,0.23733577132225037
183,blocks.3.conv1,0.1449156552553177
183,blocks.3.conv2,0.16881407797336578
183,blocks.4.conv1,0.13649800419807434
183,blocks.4.conv2,0.16182643175125122
183,blocks.5.conv1,0.1598498821258545
183,blocks.5.conv2,0.2045813947916031
183,blocks.6.conv1,0.17115744948387146
183,blocks.6.conv2,0.12557359039783478
183,blocks.7.conv1,0.17732049524784088
183,blocks.7.conv2,0.28229081630706787
183,blocks.8.conv1,0.2464369535446167
183,blocks.8.conv2,0.18365193903446198
183,blocks.9.conv1,0.14955051243305206
183,blocks.9.conv2,0.15873537957668304
183,blocks.10.conv1,0.20012561976909637
183,blocks.10.conv2,0.1943991631269455
183,blocks.11.conv1,0.20853568613529205
183,blocks.11.conv2,0.18553826212882996
183,blocks.12.conv1,0.15133565664291382
183,blocks.12.conv2,0.18308372795581818
183,blocks.13.conv1,0.14723987877368927
183,blocks.13.conv2,0.14337031543254852
183,blocks.14.conv1,0.12833170592784882
183,blocks.14.conv2,0.14683495461940765
183,blocks.15.conv1,0.18067502975463867
183,blocks.15.conv2,0.19487100839614868
183,blocks.16.conv1,0.1541607528924942
183,blocks.16.conv2,0.15770405530929565
183,blocks.17.conv1,0.17428474128246307
183,blocks.17.conv2,0.15299555659294128
183,blocks.18.conv1,0.1741776019334793
183,blocks.18.conv2,0.1758720576763153
183,blocks.19.conv1,0.15098942816257477
183,blocks.19.conv2,0.14052295684814453
183,blocks.20.conv1,0.14423754811286926
183,blocks.20.conv2,0.17922544479370117
183,blocks.21.conv1,0.17354105412960052
183,blocks.21.conv2,0.16547206044197083
183,blocks.22.conv1,0.1677868366241455
183,blocks.22.conv2,0.1508719027042389
183,blocks.23.conv1,0.1577467918395996
183,blocks.23.conv2,0.12772618234157562
183,blocks.24.conv1,0.12555961310863495
183,blocks.24.conv2,0.12994034588336945
183,blocks.25.conv1,0.13769318163394928
183,blocks.25.conv2,0.13084329664707184
183,blocks.26.conv1,0.12526294589042664
183,blocks.26.conv2,0.14947989583015442
183,blocks.27.conv1,0.16400067508220673
183,blocks.27.conv2,0.15503239631652832
183,blocks.28.conv1,0.1508086770772934
183,blocks.28.conv2,0.20154176652431488
183,blocks.29.conv1,0.18537074327468872
183,blocks.29.conv2,0.16998374462127686
183,blocks.30.conv1,0.17862799763679504
183,blocks.30.conv2,0.14290782809257507
183,blocks.31.conv1,0.13717637956142426
183,blocks.31.conv2,0.13131935894489288
183,blocks.32.conv1,0.11996093392372131
183,blocks.32.conv2,0.12415280193090439
183,blocks.33.conv1,0.14175796508789062
183,blocks.33.conv2,0.13993048667907715
183,blocks.34.conv1,0.1251259595155716
183,blocks.34.conv2,0.13965319097042084
183,blocks.35.conv1,0.18655802309513092
183,blocks.35.conv2,0.2476772665977478
183,blocks.36.conv1,0.2636863589286804
183,blocks.36.conv2,0.29803696274757385
183,blocks.37.conv1,0.23983663320541382
183,blocks.37.conv2,0.19124265015125275
183,blocks.38.conv1,0.17655488848686218
183,blocks.38.conv2,0.17899885773658752
183,blocks.39.conv1,0.16589955985546112
183,blocks.39.conv2,0.14792490005493164
183,blocks.40.conv1,0.1510123312473297
183,blocks.40.conv2,0.16042858362197876
183,blocks.41.conv1,0.17254257202148438
183,blocks.41.conv2,0.17136691510677338
183,blocks.42.conv1,0.2028597742319107
183,blocks.42.conv2,0.3061278462409973
183,blocks.43.conv1,0.3395947217941284
183,blocks.43.conv2,0.342568576335907
183,blocks.44.conv1,0.4292851984500885
183,blocks.44.conv2,0.5297399759292603
183,blocks.45.conv1,0.560416042804718
183,blocks.45.conv2,0.5539083480834961
183,blocks.46.conv1,0.5821044445037842
183,blocks.46.conv2,0.6731444001197815
183,blocks.47.conv1,0.755035936832428
183,blocks.47.conv2,0.7530727386474609
183,blocks.48.conv1,0.7983497977256775
183,blocks.48.conv2,0.8474095463752747
183,blocks.49.conv1,0.801578164100647
183,blocks.49.conv2,0.3755623400211334
183,mean_conv2d_grad_norm,0.23304389815519352
184,stem.0,0.025875886902213097
184,blocks.0.conv1,0.3003803491592407
184,blocks.0.conv2,0.44015786051750183
184,blocks.1.conv1,0.5975907444953918
184,blocks.1.conv2,0.24704621732234955
184,blocks.2.conv1,0.2533886432647705
184,blocks.2.conv2,0.25745418667793274
184,blocks.3.conv1,0.18235182762145996
184,blocks.3.conv2,0.16009056568145752
184,blocks.4.conv1,0.14860695600509644
184,blocks.4.conv2,0.14000414311885834
184,blocks.5.conv1,0.14905564486980438
184,blocks.5.conv2,0.19020621478557587
184,blocks.6.conv1,0.12205561995506287
184,blocks.6.conv2,0.10003216564655304
184,blocks.7.conv1,0.1262764185667038
184,blocks.7.conv2,0.2307126224040985
184,blocks.8.conv1,0.18158289790153503
184,blocks.8.conv2,0.15763984620571136
184,blocks.9.conv1,0.13030634820461273
184,blocks.9.conv2,0.14632613956928253
184,blocks.10.conv1,0.18245036900043488
184,blocks.10.conv2,0.16734257340431213
184,blocks.11.conv1,0.1533268541097641
184,blocks.11.conv2,0.16891145706176758
184,blocks.12.conv1,0.13225561380386353
184,blocks.12.conv2,0.17272387444972992
184,blocks.13.conv1,0.12252531200647354
184,blocks.13.conv2,0.0929289236664772
184,blocks.14.conv1,0.12022155523300171
184,blocks.14.conv2,0.1284938007593155
184,blocks.15.conv1,0.1949189454317093
184,blocks.15.conv2,0.16950465738773346
184,blocks.16.conv1,0.17013432085514069
184,blocks.16.conv2,0.14568042755126953
184,blocks.17.conv1,0.1546783745288849
184,blocks.17.conv2,0.16220442950725555
184,blocks.18.conv1,0.17026612162590027
184,blocks.18.conv2,0.1728014051914215
184,blocks.19.conv1,0.1623321771621704
184,blocks.19.conv2,0.12486311048269272
184,blocks.20.conv1,0.1662665605545044
184,blocks.20.conv2,0.16486960649490356
184,blocks.21.conv1,0.19270744919776917
184,blocks.21.conv2,0.1847752332687378
184,blocks.22.conv1,0.18077076971530914
184,blocks.22.conv2,0.14584001898765564
184,blocks.23.conv1,0.18575091660022736
184,blocks.23.conv2,0.1489819437265396
184,blocks.24.conv1,0.1340440958738327
184,blocks.24.conv2,0.16359549760818481
184,blocks.25.conv1,0.17872300744056702
184,blocks.25.conv2,0.1547211855649948
184,blocks.26.conv1,0.16832484304904938
184,blocks.26.conv2,0.1660541594028473
184,blocks.27.conv1,0.20699934661388397
184,blocks.27.conv2,0.16573156416416168
184,blocks.28.conv1,0.13649557530879974
184,blocks.28.conv2,0.13555951416492462
184,blocks.29.conv1,0.17396864295005798
184,blocks.29.conv2,0.16696541011333466
184,blocks.30.conv1,0.16729378700256348
184,blocks.30.conv2,0.15426456928253174
184,blocks.31.conv1,0.13270866870880127
184,blocks.31.conv2,0.12425488978624344
184,blocks.32.conv1,0.15767750144004822
184,blocks.32.conv2,0.12509527802467346
184,blocks.33.conv1,0.16148318350315094
184,blocks.33.conv2,0.16524328291416168
184,blocks.34.conv1,0.1414683312177658
184,blocks.34.conv2,0.15657079219818115
184,blocks.35.conv1,0.21363183856010437
184,blocks.35.conv2,0.24992124736309052
184,blocks.36.conv1,0.2980124354362488
184,blocks.36.conv2,0.2920458912849426
184,blocks.37.conv1,0.22631430625915527
184,blocks.37.conv2,0.17279833555221558
184,blocks.38.conv1,0.16642281413078308
184,blocks.38.conv2,0.1732448786497116
184,blocks.39.conv1,0.1593155711889267
184,blocks.39.conv2,0.14067809283733368
184,blocks.40.conv1,0.13937021791934967
184,blocks.40.conv2,0.15579864382743835
184,blocks.41.conv1,0.15525297820568085
184,blocks.41.conv2,0.1693883240222931
184,blocks.42.conv1,0.2021654099225998
184,blocks.42.conv2,0.25260505080223083
184,blocks.43.conv1,0.26682010293006897
184,blocks.43.conv2,0.3436547815799713
184,blocks.44.conv1,0.4403126537799835
184,blocks.44.conv2,0.544521152973175
184,blocks.45.conv1,0.6186966896057129
184,blocks.45.conv2,0.5541448593139648
184,blocks.46.conv1,0.6073498725891113
184,blocks.46.conv2,0.7161915302276611
184,blocks.47.conv1,0.8435186743736267
184,blocks.47.conv2,0.8650784492492676
184,blocks.48.conv1,0.8257474303245544
184,blocks.48.conv2,0.8681288361549377
184,blocks.49.conv1,0.943414032459259
184,blocks.49.conv2,0.49249330163002014
184,mean_conv2d_grad_norm,0.24019752109035997
185,stem.0,0.02804890088737011
185,blocks.0.conv1,0.5402464866638184
185,blocks.0.conv2,0.22407148778438568
185,blocks.1.conv1,0.44299182295799255
185,blocks.1.conv2,0.2430190145969391
185,blocks.2.conv1,0.2557169497013092
185,blocks.2.conv2,0.32191723585128784
185,blocks.3.conv1,0.1681940257549286
185,blocks.3.conv2,0.19197611510753632
185,blocks.4.conv1,0.14551492035388947
185,blocks.4.conv2,0.1344388872385025
185,blocks.5.conv1,0.12733665108680725
185,blocks.5.conv2,0.16257241368293762
185,blocks.6.conv1,0.13333547115325928
185,blocks.6.conv2,0.1276775300502777
185,blocks.7.conv1,0.1505223512649536
185,blocks.7.conv2,0.22435873746871948
185,blocks.8.conv1,0.19681181013584137
185,blocks.8.conv2,0.22397877275943756
185,blocks.9.conv1,0.17939424514770508
185,blocks.9.conv2,0.1800856590270996
185,blocks.10.conv1,0.20015236735343933
185,blocks.10.conv2,0.2523753046989441
185,blocks.11.conv1,0.17617857456207275
185,blocks.11.conv2,0.18518133461475372
185,blocks.12.conv1,0.13528573513031006
185,blocks.12.conv2,0.2058783769607544
185,blocks.13.conv1,0.16751529276371002
185,blocks.13.conv2,0.15690715610980988
185,blocks.14.conv1,0.15314266085624695
185,blocks.14.conv2,0.15354132652282715
185,blocks.15.conv1,0.1807621717453003
185,blocks.15.conv2,0.17669439315795898
185,blocks.16.conv1,0.15284790098667145
185,blocks.16.conv2,0.1354728788137436
185,blocks.17.conv1,0.12445710599422455
185,blocks.17.conv2,0.13740605115890503
185,blocks.18.conv1,0.17054809629917145
185,blocks.18.conv2,0.1444932371377945
185,blocks.19.conv1,0.18100155889987946
185,blocks.19.conv2,0.1717326045036316
185,blocks.20.conv1,0.18248209357261658
185,blocks.20.conv2,0.2096334993839264
185,blocks.21.conv1,0.15533214807510376
185,blocks.21.conv2,0.15018486976623535
185,blocks.22.conv1,0.16252675652503967
185,blocks.22.conv2,0.16257800161838531
185,blocks.23.conv1,0.16985003650188446
185,blocks.23.conv2,0.1877697855234146
185,blocks.24.conv1,0.14074064791202545
185,blocks.24.conv2,0.16701240837574005
185,blocks.25.conv1,0.16148650646209717
185,blocks.25.conv2,0.13567227125167847
185,blocks.26.conv1,0.13411960005760193
185,blocks.26.conv2,0.16576790809631348
185,blocks.27.conv1,0.18678495287895203
185,blocks.27.conv2,0.19157065451145172
185,blocks.28.conv1,0.1572253704071045
185,blocks.28.conv2,0.18323959410190582
185,blocks.29.conv1,0.20956259965896606
185,blocks.29.conv2,0.1846906989812851
185,blocks.30.conv1,0.22628913819789886
185,blocks.30.conv2,0.1997949779033661
185,blocks.31.conv1,0.1504295915365219
185,blocks.31.conv2,0.15167899429798126
185,blocks.32.conv1,0.15277674794197083
185,blocks.32.conv2,0.1742619276046753
185,blocks.33.conv1,0.19077348709106445
185,blocks.33.conv2,0.1588839888572693
185,blocks.34.conv1,0.13229025900363922
185,blocks.34.conv2,0.15549100935459137
185,blocks.35.conv1,0.1976882666349411
185,blocks.35.conv2,0.25364503264427185
185,blocks.36.conv1,0.25926247239112854
185,blocks.36.conv2,0.26524850726127625
185,blocks.37.conv1,0.29223179817199707
185,blocks.37.conv2,0.23240423202514648
185,blocks.38.conv1,0.20647376775741577
185,blocks.38.conv2,0.19540712237358093
185,blocks.39.conv1,0.21776022017002106
185,blocks.39.conv2,0.1866786628961563
185,blocks.40.conv1,0.1859026700258255
185,blocks.40.conv2,0.18011043965816498
185,blocks.41.conv1,0.2009972333908081
185,blocks.41.conv2,0.20601098239421844
185,blocks.42.conv1,0.286569744348526
185,blocks.42.conv2,0.32728537917137146
185,blocks.43.conv1,0.32906854152679443
185,blocks.43.conv2,0.378262996673584
185,blocks.44.conv1,0.5484721064567566
185,blocks.44.conv2,0.6330812573432922
185,blocks.45.conv1,0.6765227317810059
185,blocks.45.conv2,0.6289728283882141
185,blocks.46.conv1,0.6847635507583618
185,blocks.46.conv2,0.7599575519561768
185,blocks.47.conv1,0.8726701140403748
185,blocks.47.conv2,0.9127660989761353
185,blocks.48.conv1,0.9167734980583191
185,blocks.48.conv2,0.992132842540741
185,blocks.49.conv1,0.8969338536262512
185,blocks.49.conv2,0.4459536075592041
185,mean_conv2d_grad_norm,0.2596504183504546
186,stem.0,0.04651343449950218
186,blocks.0.conv1,0.46099773049354553
186,blocks.0.conv2,0.36747127771377563
186,blocks.1.conv1,0.5267996191978455
186,blocks.1.conv2,0.31376510858535767
186,blocks.2.conv1,0.3199162483215332
186,blocks.2.conv2,0.33527645468711853
186,blocks.3.conv1,0.15937440097332
186,blocks.3.conv2,0.17001475393772125
186,blocks.4.conv1,0.12933634221553802
186,blocks.4.conv2,0.1459205448627472
186,blocks.5.conv1,0.17784108221530914
186,blocks.5.conv2,0.216733917593956
186,blocks.6.conv1,0.15506155788898468
186,blocks.6.conv2,0.20625752210617065
186,blocks.7.conv1,0.19773688912391663
186,blocks.7.conv2,0.24368837475776672
186,blocks.8.conv1,0.21493937075138092
186,blocks.8.conv2,0.22652292251586914
186,blocks.9.conv1,0.166968435049057
186,blocks.9.conv2,0.1591005176305771
186,blocks.10.conv1,0.23084044456481934
186,blocks.10.conv2,0.2281145602464676
186,blocks.11.conv1,0.18452291190624237
186,blocks.11.conv2,0.21100308001041412
186,blocks.12.conv1,0.17947597801685333
186,blocks.12.conv2,0.19859836995601654
186,blocks.13.conv1,0.16424155235290527
186,blocks.13.conv2,0.15460482239723206
186,blocks.14.conv1,0.17874130606651306
186,blocks.14.conv2,0.1788090467453003
186,blocks.15.conv1,0.2136783003807068
186,blocks.15.conv2,0.235130175948143
186,blocks.16.conv1,0.19072730839252472
186,blocks.16.conv2,0.18887858092784882
186,blocks.17.conv1,0.1864394098520279
186,blocks.17.conv2,0.18667328357696533
186,blocks.18.conv1,0.18849478662014008
186,blocks.18.conv2,0.17987483739852905
186,blocks.19.conv1,0.19026465713977814
186,blocks.19.conv2,0.15131793916225433
186,blocks.20.conv1,0.2004375010728836
186,blocks.20.conv2,0.22263233363628387
186,blocks.21.conv1,0.2046489715576172
186,blocks.21.conv2,0.19046522676944733
186,blocks.22.conv1,0.18306343257427216
186,blocks.22.conv2,0.17172446846961975
186,blocks.23.conv1,0.19965574145317078
186,blocks.23.conv2,0.17936183512210846
186,blocks.24.conv1,0.16737504303455353
186,blocks.24.conv2,0.20001071691513062
186,blocks.25.conv1,0.16156838834285736
186,blocks.25.conv2,0.15713529288768768
186,blocks.26.conv1,0.17639626562595367
186,blocks.26.conv2,0.1981240063905716
186,blocks.27.conv1,0.23081624507904053
186,blocks.27.conv2,0.20048925280570984
186,blocks.28.conv1,0.18350519239902496
186,blocks.28.conv2,0.17657002806663513
186,blocks.29.conv1,0.20006398856639862
186,blocks.29.conv2,0.1921125203371048
186,blocks.30.conv1,0.2564929723739624
186,blocks.30.conv2,0.20826347172260284
186,blocks.31.conv1,0.17542612552642822
186,blocks.31.conv2,0.15639905631542206
186,blocks.32.conv1,0.16076025366783142
186,blocks.32.conv2,0.16455711424350739
186,blocks.33.conv1,0.16539956629276276
186,blocks.33.conv2,0.19010207056999207
186,blocks.34.conv1,0.17303155362606049
186,blocks.34.conv2,0.1865934133529663
186,blocks.35.conv1,0.26417702436447144
186,blocks.35.conv2,0.31815028190612793
186,blocks.36.conv1,0.3056602478027344
186,blocks.36.conv2,0.3120124936103821
186,blocks.37.conv1,0.3174813389778137
186,blocks.37.conv2,0.24299491941928864
186,blocks.38.conv1,0.23474636673927307
186,blocks.38.conv2,0.214020237326622
186,blocks.39.conv1,0.2402365356683731
186,blocks.39.conv2,0.20197877287864685
186,blocks.40.conv1,0.20901703834533691
186,blocks.40.conv2,0.1994464099407196
186,blocks.41.conv1,0.22663874924182892
186,blocks.41.conv2,0.18999099731445312
186,blocks.42.conv1,0.20524892210960388
186,blocks.42.conv2,0.2351277768611908
186,blocks.43.conv1,0.4495922327041626
186,blocks.43.conv2,0.48062774538993835
186,blocks.44.conv1,0.5465712547302246
186,blocks.44.conv2,0.57597416639328
186,blocks.45.conv1,0.6495682001113892
186,blocks.45.conv2,0.6386303901672363
186,blocks.46.conv1,0.6979472637176514
186,blocks.46.conv2,0.8059778213500977
186,blocks.47.conv1,0.8973037004470825
186,blocks.47.conv2,0.9724714159965515
186,blocks.48.conv1,1.043227195739746
186,blocks.48.conv2,1.1020052433013916
186,blocks.49.conv1,0.9520784020423889
186,blocks.49.conv2,0.41641220450401306
186,mean_conv2d_grad_norm,0.2825659926206169
187,stem.0,0.027311695739626884
187,blocks.0.conv1,0.4240776002407074
187,blocks.0.conv2,0.30853211879730225
187,blocks.1.conv1,0.34196364879608154
187,blocks.1.conv2,0.24978815019130707
187,blocks.2.conv1,0.1669398844242096
187,blocks.2.conv2,0.1994197815656662
187,blocks.3.conv1,0.15122972428798676
187,blocks.3.conv2,0.18468861281871796
187,blocks.4.conv1,0.13113264739513397
187,blocks.4.conv2,0.11879464238882065
187,blocks.5.conv1,0.13941197097301483
187,blocks.5.conv2,0.15879593789577484
187,blocks.6.conv1,0.14204059541225433
187,blocks.6.conv2,0.09746082127094269
187,blocks.7.conv1,0.15954577922821045
187,blocks.7.conv2,0.24642197787761688
187,blocks.8.conv1,0.20451974868774414
187,blocks.8.conv2,0.23545747995376587
187,blocks.9.conv1,0.16557009518146515
187,blocks.9.conv2,0.16242824494838715
187,blocks.10.conv1,0.18216928839683533
187,blocks.10.conv2,0.21138545870780945
187,blocks.11.conv1,0.17695139348506927
187,blocks.11.conv2,0.19721442461013794
187,blocks.12.conv1,0.1477956771850586
187,blocks.12.conv2,0.18272501230239868
187,blocks.13.conv1,0.16443541646003723
187,blocks.13.conv2,0.1607658416032791
187,blocks.14.conv1,0.1894291490316391
187,blocks.14.conv2,0.16579113900661469
187,blocks.15.conv1,0.1995941549539566
187,blocks.15.conv2,0.18039613962173462
187,blocks.16.conv1,0.15722674131393433
187,blocks.16.conv2,0.16730757057666779
187,blocks.17.conv1,0.1601496934890747
187,blocks.17.conv2,0.14498256146907806
187,blocks.18.conv1,0.15798573195934296
187,blocks.18.conv2,0.2019384205341339
187,blocks.19.conv1,0.1871173083782196
187,blocks.19.conv2,0.1293799877166748
187,blocks.20.conv1,0.17075562477111816
187,blocks.20.conv2,0.19387876987457275
187,blocks.21.conv1,0.16382986307144165
187,blocks.21.conv2,0.18760354816913605
187,blocks.22.conv1,0.15342606604099274
187,blocks.22.conv2,0.15840430557727814
187,blocks.23.conv1,0.17006315290927887
187,blocks.23.conv2,0.14238309860229492
187,blocks.24.conv1,0.135761559009552
187,blocks.24.conv2,0.1578248143196106
187,blocks.25.conv1,0.13315822184085846
187,blocks.25.conv2,0.13403305411338806
187,blocks.26.conv1,0.15147793292999268
187,blocks.26.conv2,0.16864675283432007
187,blocks.27.conv1,0.16079284250736237
187,blocks.27.conv2,0.1665351241827011
187,blocks.28.conv1,0.1747681200504303
187,blocks.28.conv2,0.24916258454322815
187,blocks.29.conv1,0.30822205543518066
187,blocks.29.conv2,0.21259057521820068
187,blocks.30.conv1,0.1991242915391922
187,blocks.30.conv2,0.17208729684352875
187,blocks.31.conv1,0.12336693704128265
187,blocks.31.conv2,0.1232059970498085
187,blocks.32.conv1,0.15778636932373047
187,blocks.32.conv2,0.14713458716869354
187,blocks.33.conv1,0.15199272334575653
187,blocks.33.conv2,0.13712455332279205
187,blocks.34.conv1,0.14720769226551056
187,blocks.34.conv2,0.1452670395374298
187,blocks.35.conv1,0.21351195871829987
187,blocks.35.conv2,0.26825985312461853
187,blocks.36.conv1,0.32303720712661743
187,blocks.36.conv2,0.2678695023059845
187,blocks.37.conv1,0.22610104084014893
187,blocks.37.conv2,0.17811863124370575
187,blocks.38.conv1,0.16169588267803192
187,blocks.38.conv2,0.1744977980852127
187,blocks.39.conv1,0.18397071957588196
187,blocks.39.conv2,0.15044870972633362
187,blocks.40.conv1,0.1751372367143631
187,blocks.40.conv2,0.17431314289569855
187,blocks.41.conv1,0.17954395711421967
187,blocks.41.conv2,0.17666594684123993
187,blocks.42.conv1,0.16743092238903046
187,blocks.42.conv2,0.2301328182220459
187,blocks.43.conv1,0.23781467974185944
187,blocks.43.conv2,0.35142824053764343
187,blocks.44.conv1,0.45839136838912964
187,blocks.44.conv2,0.5078223347663879
187,blocks.45.conv1,0.5683390498161316
187,blocks.45.conv2,0.5518105030059814
187,blocks.46.conv1,0.6155454516410828
187,blocks.46.conv2,0.745275616645813
187,blocks.47.conv1,0.7767860889434814
187,blocks.47.conv2,0.7830134630203247
187,blocks.48.conv1,0.8109511733055115
187,blocks.48.conv2,0.8400008082389832
187,blocks.49.conv1,0.7580669522285461
187,blocks.49.conv2,0.36158204078674316
187,mean_conv2d_grad_norm,0.23856882099984306
188,stem.0,0.03452888876199722
188,blocks.0.conv1,0.5444732308387756
188,blocks.0.conv2,0.3683854341506958
188,blocks.1.conv1,0.5191006660461426
188,blocks.1.conv2,0.2833176255226135
188,blocks.2.conv1,0.17377306520938873
188,blocks.2.conv2,0.2753593921661377
188,blocks.3.conv1,0.19236227869987488
188,blocks.3.conv2,0.22621120512485504
188,blocks.4.conv1,0.23365436494350433
188,blocks.4.conv2,0.22668826580047607
188,blocks.5.conv1,0.16664502024650574
188,blocks.5.conv2,0.19923396408557892
188,blocks.6.conv1,0.14123974740505219
188,blocks.6.conv2,0.15248394012451172
188,blocks.7.conv1,0.16854773461818695
188,blocks.7.conv2,0.2887956500053406
188,blocks.8.conv1,0.26285383105278015
188,blocks.8.conv2,0.32312026619911194
188,blocks.9.conv1,0.1491905152797699
188,blocks.9.conv2,0.20323744416236877
188,blocks.10.conv1,0.24150614440441132
188,blocks.10.conv2,0.23031117022037506
188,blocks.11.conv1,0.18577077984809875
188,blocks.11.conv2,0.1802748739719391
188,blocks.12.conv1,0.1563042551279068
188,blocks.12.conv2,0.18360520899295807
188,blocks.13.conv1,0.16653715074062347
188,blocks.13.conv2,0.13010230660438538
188,blocks.14.conv1,0.166838139295578
188,blocks.14.conv2,0.14939051866531372
188,blocks.15.conv1,0.18487432599067688
188,blocks.15.conv2,0.20262281596660614
188,blocks.16.conv1,0.19013053178787231
188,blocks.16.conv2,0.17810669541358948
188,blocks.17.conv1,0.17713336646556854
188,blocks.17.conv2,0.20888939499855042
188,blocks.18.conv1,0.25499334931373596
188,blocks.18.conv2,0.24538767337799072
188,blocks.19.conv1,0.20588886737823486
188,blocks.19.conv2,0.19449053704738617
188,blocks.20.conv1,0.19761745631694794
188,blocks.20.conv2,0.21368779242038727
188,blocks.21.conv1,0.16293387115001678
188,blocks.21.conv2,0.1842915117740631
188,blocks.22.conv1,0.20780088007450104
188,blocks.22.conv2,0.1991644948720932
188,blocks.23.conv1,0.19907426834106445
188,blocks.23.conv2,0.18237745761871338
188,blocks.24.conv1,0.1756233423948288
188,blocks.24.conv2,0.21592135727405548
188,blocks.25.conv1,0.17958329617977142
188,blocks.25.conv2,0.1785140484571457
188,blocks.26.conv1,0.16461746394634247
188,blocks.26.conv2,0.19876068830490112
188,blocks.27.conv1,0.20084628462791443
188,blocks.27.conv2,0.2045503407716751
188,blocks.28.conv1,0.19892194867134094
188,blocks.28.conv2,0.25762036442756653
188,blocks.29.conv1,0.31779053807258606
188,blocks.29.conv2,0.2198101431131363
188,blocks.30.conv1,0.2194814831018448
188,blocks.30.conv2,0.2023979276418686
188,blocks.31.conv1,0.19680343568325043
188,blocks.31.conv2,0.16889730095863342
188,blocks.32.conv1,0.17106764018535614
188,blocks.32.conv2,0.1801334172487259
188,blocks.33.conv1,0.1916750818490982
188,blocks.33.conv2,0.17647860944271088
188,blocks.34.conv1,0.16035808622837067
188,blocks.34.conv2,0.1778067946434021
188,blocks.35.conv1,0.24424751102924347
188,blocks.35.conv2,0.31066974997520447
188,blocks.36.conv1,0.3198729455471039
188,blocks.36.conv2,0.31210336089134216
188,blocks.37.conv1,0.27123385667800903
188,blocks.37.conv2,0.24643076956272125
188,blocks.38.conv1,0.2464340478181839
188,blocks.38.conv2,0.23972120881080627
188,blocks.39.conv1,0.20462076365947723
188,blocks.39.conv2,0.18766416609287262
188,blocks.40.conv1,0.19549494981765747
188,blocks.40.conv2,0.21792535483837128
188,blocks.41.conv1,0.23313330113887787
188,blocks.41.conv2,0.1985708475112915
188,blocks.42.conv1,0.2078172117471695
188,blocks.42.conv2,0.26444005966186523
188,blocks.43.conv1,0.4555855393409729
188,blocks.43.conv2,0.4246910810470581
188,blocks.44.conv1,0.49575015902519226
188,blocks.44.conv2,0.6076610088348389
188,blocks.45.conv1,0.6743859648704529
188,blocks.45.conv2,0.6271679997444153
188,blocks.46.conv1,0.6946023106575012
188,blocks.46.conv2,0.7518886923789978
188,blocks.47.conv1,0.8483989834785461
188,blocks.47.conv2,0.8444140553474426
188,blocks.48.conv1,0.8740776181221008
188,blocks.48.conv2,0.9158572554588318
188,blocks.49.conv1,0.8698263168334961
188,blocks.49.conv2,0.44811317324638367
188,mean_conv2d_grad_norm,0.2802353289605367
189,stem.0,0.04205554723739624
189,blocks.0.conv1,0.37413591146469116
189,blocks.0.conv2,0.3466109037399292
189,blocks.1.conv1,0.4396955966949463
189,blocks.1.conv2,0.30703678727149963
189,blocks.2.conv1,0.193077951669693
189,blocks.2.conv2,0.23821455240249634
189,blocks.3.conv1,0.25037682056427
189,blocks.3.conv2,0.2829411029815674
189,blocks.4.conv1,0.2234138697385788
189,blocks.4.conv2,0.18959581851959229
189,blocks.5.conv1,0.1678624302148819
189,blocks.5.conv2,0.2317177653312683
189,blocks.6.conv1,0.19259576499462128
189,blocks.6.conv2,0.18359290063381195
189,blocks.7.conv1,0.20515966415405273
189,blocks.7.conv2,0.3328093886375427
189,blocks.8.conv1,0.22920188307762146
189,blocks.8.conv2,0.21385833621025085
189,blocks.9.conv1,0.20264078676700592
189,blocks.9.conv2,0.25151392817497253
189,blocks.10.conv1,0.2583412826061249
189,blocks.10.conv2,0.21787717938423157
189,blocks.11.conv1,0.25365903973579407
189,blocks.11.conv2,0.24995063245296478
189,blocks.12.conv1,0.1732310950756073
189,blocks.12.conv2,0.2017737179994583
189,blocks.13.conv1,0.18751128017902374
189,blocks.13.conv2,0.14538851380348206
189,blocks.14.conv1,0.1849745362997055
189,blocks.14.conv2,0.15699012577533722
189,blocks.15.conv1,0.22386059165000916
189,blocks.15.conv2,0.21177060902118683
189,blocks.16.conv1,0.18954597413539886
189,blocks.16.conv2,0.19183486700057983
189,blocks.17.conv1,0.172897070646286
189,blocks.17.conv2,0.15800902247428894
189,blocks.18.conv1,0.21708758175373077
189,blocks.18.conv2,0.2047116458415985
189,blocks.19.conv1,0.17833881080150604
189,blocks.19.conv2,0.15311381220817566
189,blocks.20.conv1,0.22012263536453247
189,blocks.20.conv2,0.2163594663143158
189,blocks.21.conv1,0.18923550844192505
189,blocks.21.conv2,0.17939208447933197
189,blocks.22.conv1,0.18510271608829498
189,blocks.22.conv2,0.20629601180553436
189,blocks.23.conv1,0.22209322452545166
189,blocks.23.conv2,0.20435446500778198
189,blocks.24.conv1,0.14619211852550507
189,blocks.24.conv2,0.17816565930843353
189,blocks.25.conv1,0.16355836391448975
189,blocks.25.conv2,0.16786912083625793
189,blocks.26.conv1,0.16759611666202545
189,blocks.26.conv2,0.18815085291862488
189,blocks.27.conv1,0.189200296998024
189,blocks.27.conv2,0.205167755484581
189,blocks.28.conv1,0.19515827298164368
189,blocks.28.conv2,0.2333710491657257
189,blocks.29.conv1,0.2688227891921997
189,blocks.29.conv2,0.24292802810668945
189,blocks.30.conv1,0.26796916127204895
189,blocks.30.conv2,0.2342386543750763
189,blocks.31.conv1,0.18658089637756348
189,blocks.31.conv2,0.17080608010292053
189,blocks.32.conv1,0.19598941504955292
189,blocks.32.conv2,0.17364417016506195
189,blocks.33.conv1,0.1798875778913498
189,blocks.33.conv2,0.16943266987800598
189,blocks.34.conv1,0.128665491938591
189,blocks.34.conv2,0.16030395030975342
189,blocks.35.conv1,0.19483761489391327
189,blocks.35.conv2,0.2345244586467743
189,blocks.36.conv1,0.2611340880393982
189,blocks.36.conv2,0.27720844745635986
189,blocks.37.conv1,0.25149106979370117
189,blocks.37.conv2,0.21110454201698303
189,blocks.38.conv1,0.24976330995559692
189,blocks.38.conv2,0.217220276594162
189,blocks.39.conv1,0.21298865973949432
189,blocks.39.conv2,0.15800172090530396
189,blocks.40.conv1,0.1627470850944519
189,blocks.40.conv2,0.17582252621650696
189,blocks.41.conv1,0.1987481415271759
189,blocks.41.conv2,0.18978138267993927
189,blocks.42.conv1,0.21496783196926117
189,blocks.42.conv2,0.24451811611652374
189,blocks.43.conv1,0.33210843801498413
189,blocks.43.conv2,0.4609404504299164
189,blocks.44.conv1,0.5748468637466431
189,blocks.44.conv2,0.6757362484931946
189,blocks.45.conv1,0.7455260157585144
189,blocks.45.conv2,0.6893466114997864
189,blocks.46.conv1,0.6997770667076111
189,blocks.46.conv2,0.7908186316490173
189,blocks.47.conv1,0.8608169555664062
189,blocks.47.conv2,0.9132410883903503
189,blocks.48.conv1,0.9428102374076843
189,blocks.48.conv2,0.9760341048240662
189,blocks.49.conv1,0.8817489147186279
189,blocks.49.conv2,0.42891526222229004
189,mean_conv2d_grad_norm,0.2801302560780308
190,stem.0,0.03091987781226635
190,blocks.0.conv1,0.31100285053253174
190,blocks.0.conv2,0.3984002470970154
190,blocks.1.conv1,0.2871474325656891
190,blocks.1.conv2,0.1894253045320511
190,blocks.2.conv1,0.18133556842803955
190,blocks.2.conv2,0.3881341516971588
190,blocks.3.conv1,0.2262013852596283
190,blocks.3.conv2,0.17400598526000977
190,blocks.4.conv1,0.17388521134853363
190,blocks.4.conv2,0.1827731728553772
190,blocks.5.conv1,0.15246635675430298
190,blocks.5.conv2,0.2158331274986267
190,blocks.6.conv1,0.1908029317855835
190,blocks.6.conv2,0.1548926681280136
190,blocks.7.conv1,0.19494520127773285
190,blocks.7.conv2,0.26154670119285583
190,blocks.8.conv1,0.20017863810062408
190,blocks.8.conv2,0.19855864346027374
190,blocks.9.conv1,0.1721990555524826
190,blocks.9.conv2,0.2025969922542572
190,blocks.10.conv1,0.23867154121398926
190,blocks.10.conv2,0.22780384123325348
190,blocks.11.conv1,0.24258238077163696
190,blocks.11.conv2,0.24382668733596802
190,blocks.12.conv1,0.1979576200246811
190,blocks.12.conv2,0.22660818696022034
190,blocks.13.conv1,0.1816149204969406
190,blocks.13.conv2,0.17408011853694916
190,blocks.14.conv1,0.20264652371406555
190,blocks.14.conv2,0.14426250755786896
190,blocks.15.conv1,0.2116962969303131
190,blocks.15.conv2,0.19210131466388702
190,blocks.16.conv1,0.1899619847536087
190,blocks.16.conv2,0.18252982199192047
190,blocks.17.conv1,0.20589470863342285
190,blocks.17.conv2,0.19796350598335266
190,blocks.18.conv1,0.2148652821779251
190,blocks.18.conv2,0.2512906789779663
190,blocks.19.conv1,0.17499464750289917
190,blocks.19.conv2,0.17264829576015472
190,blocks.20.conv1,0.19189685583114624
190,blocks.20.conv2,0.2001294195652008
190,blocks.21.conv1,0.17369221150875092
190,blocks.21.conv2,0.19582678377628326
190,blocks.22.conv1,0.20581932365894318
190,blocks.22.conv2,0.22480425238609314
190,blocks.23.conv1,0.2464197278022766
190,blocks.23.conv2,0.1819799840450287
190,blocks.24.conv1,0.1558244675397873
190,blocks.24.conv2,0.19403597712516785
190,blocks.25.conv1,0.19100549817085266
190,blocks.25.conv2,0.20430342853069305
190,blocks.26.conv1,0.2004750370979309
190,blocks.26.conv2,0.23015210032463074
190,blocks.27.conv1,0.23769332468509674
190,blocks.27.conv2,0.21056541800498962
190,blocks.28.conv1,0.16983652114868164
190,blocks.28.conv2,0.15489688515663147
190,blocks.29.conv1,0.1964835673570633
190,blocks.29.conv2,0.25149980187416077
190,blocks.30.conv1,0.22933189570903778
190,blocks.30.conv2,0.18260934948921204
190,blocks.31.conv1,0.16777440905570984
190,blocks.31.conv2,0.15768522024154663
190,blocks.32.conv1,0.1604505330324173
190,blocks.32.conv2,0.16437368094921112
190,blocks.33.conv1,0.16985008120536804
190,blocks.33.conv2,0.15678879618644714
190,blocks.34.conv1,0.12657220661640167
190,blocks.34.conv2,0.1525697261095047
190,blocks.35.conv1,0.2455349862575531
190,blocks.35.conv2,0.30720725655555725
190,blocks.36.conv1,0.3126058876514435
190,blocks.36.conv2,0.38440462946891785
190,blocks.37.conv1,0.3172636330127716
190,blocks.37.conv2,0.23064260184764862
190,blocks.38.conv1,0.1986166536808014
190,blocks.38.conv2,0.2084924280643463
190,blocks.39.conv1,0.1966048777103424
190,blocks.39.conv2,0.21143603324890137
190,blocks.40.conv1,0.20236746966838837
190,blocks.40.conv2,0.19125647842884064
190,blocks.41.conv1,0.20654495060443878
190,blocks.41.conv2,0.20321324467658997
190,blocks.42.conv1,0.23024989664554596
190,blocks.42.conv2,0.27231118083000183
190,blocks.43.conv1,0.28886911273002625
190,blocks.43.conv2,0.4225093722343445
190,blocks.44.conv1,0.5388869047164917
190,blocks.44.conv2,0.6429654359817505
190,blocks.45.conv1,0.7925522923469543
190,blocks.45.conv2,0.6842484474182129
190,blocks.46.conv1,0.7344403266906738
190,blocks.46.conv2,0.8321353197097778
190,blocks.47.conv1,0.8951943516731262
190,blocks.47.conv2,0.9880377650260925
190,blocks.48.conv1,0.9841625690460205
190,blocks.48.conv2,0.976678192615509
190,blocks.49.conv1,0.8107303977012634
190,blocks.49.conv2,0.3878166377544403
190,mean_conv2d_grad_norm,0.2786591899682685
191,stem.0,0.03807417303323746
191,blocks.0.conv1,0.4348449409008026
191,blocks.0.conv2,0.3538842797279358
191,blocks.1.conv1,0.6089789867401123
191,blocks.1.conv2,0.24538959562778473
191,blocks.2.conv1,0.14924024045467377
191,blocks.2.conv2,0.24939537048339844
191,blocks.3.conv1,0.15948303043842316
191,blocks.3.conv2,0.18021553754806519
191,blocks.4.conv1,0.15301257371902466
191,blocks.4.conv2,0.1607227772474289
191,blocks.5.conv1,0.1357472538948059
191,blocks.5.conv2,0.18133646249771118
191,blocks.6.conv1,0.14391624927520752
191,blocks.6.conv2,0.13942910730838776
191,blocks.7.conv1,0.20024482905864716
191,blocks.7.conv2,0.26962941884994507
191,blocks.8.conv1,0.23148617148399353
191,blocks.8.conv2,0.16949982941150665
191,blocks.9.conv1,0.1652354747056961
191,blocks.9.conv2,0.14626696705818176
191,blocks.10.conv1,0.23787695169448853
191,blocks.10.conv2,0.2914249300956726
191,blocks.11.conv1,0.21373608708381653
191,blocks.11.conv2,0.23289386928081512
191,blocks.12.conv1,0.1443488895893097
191,blocks.12.conv2,0.24060221016407013
191,blocks.13.conv1,0.20616881549358368
191,blocks.13.conv2,0.153558611869812
191,blocks.14.conv1,0.22287890315055847
191,blocks.14.conv2,0.227478489279747
191,blocks.15.conv1,0.25498202443122864
191,blocks.15.conv2,0.223186656832695
191,blocks.16.conv1,0.20092804729938507
191,blocks.16.conv2,0.2315993756055832
191,blocks.17.conv1,0.18627581000328064
191,blocks.17.conv2,0.15385597944259644
191,blocks.18.conv1,0.15492692589759827
191,blocks.18.conv2,0.18354855477809906
191,blocks.19.conv1,0.1692919284105301
191,blocks.19.conv2,0.14694198966026306
191,blocks.20.conv1,0.18864932656288147
191,blocks.20.conv2,0.2302071750164032
191,blocks.21.conv1,0.21848246455192566
191,blocks.21.conv2,0.18136607110500336
191,blocks.22.conv1,0.18174856901168823
191,blocks.22.conv2,0.16681590676307678
191,blocks.23.conv1,0.17155715823173523
191,blocks.23.conv2,0.1605389267206192
191,blocks.24.conv1,0.16622763872146606
191,blocks.24.conv2,0.21200193464756012
191,blocks.25.conv1,0.18958359956741333
191,blocks.25.conv2,0.18325075507164001
191,blocks.26.conv1,0.22116661071777344
191,blocks.26.conv2,0.20425793528556824
191,blocks.27.conv1,0.2268150895833969
191,blocks.27.conv2,0.20494826138019562
191,blocks.28.conv1,0.16812634468078613
191,blocks.28.conv2,0.17382466793060303
191,blocks.29.conv1,0.18693657219409943
191,blocks.29.conv2,0.23553641140460968
191,blocks.30.conv1,0.21458423137664795
191,blocks.30.conv2,0.23269273340702057
191,blocks.31.conv1,0.1591894030570984
191,blocks.31.conv2,0.1407621204853058
191,blocks.32.conv1,0.14606691896915436
191,blocks.32.conv2,0.16527874767780304
191,blocks.33.conv1,0.17175133526325226
191,blocks.33.conv2,0.1648135930299759
191,blocks.34.conv1,0.14999598264694214
191,blocks.34.conv2,0.17711709439754486
191,blocks.35.conv1,0.23579999804496765
191,blocks.35.conv2,0.2931114733219147
191,blocks.36.conv1,0.3579297959804535
191,blocks.36.conv2,0.34474578499794006
191,blocks.37.conv1,0.3082888424396515
191,blocks.37.conv2,0.24344402551651
191,blocks.38.conv1,0.27014052867889404
191,blocks.38.conv2,0.2302391529083252
191,blocks.39.conv1,0.22049683332443237
191,blocks.39.conv2,0.21673054993152618
191,blocks.40.conv1,0.24384687840938568
191,blocks.40.conv2,0.2275085151195526
191,blocks.41.conv1,0.24369436502456665
191,blocks.41.conv2,0.2011440545320511
191,blocks.42.conv1,0.2103009819984436
191,blocks.42.conv2,0.23728035390377045
191,blocks.43.conv1,0.2983144223690033
191,blocks.43.conv2,0.479318231344223
191,blocks.44.conv1,0.5917983055114746
191,blocks.44.conv2,0.6778371930122375
191,blocks.45.conv1,0.7644367814064026
191,blocks.45.conv2,0.7613748908042908
191,blocks.46.conv1,0.7834420800209045
191,blocks.46.conv2,0.8993461728096008
191,blocks.47.conv1,1.0054484605789185
191,blocks.47.conv2,0.9872824549674988
191,blocks.48.conv1,1.0160534381866455
191,blocks.48.conv2,1.053130030632019
191,blocks.49.conv1,0.9629011154174805
191,blocks.49.conv2,0.49809303879737854
191,mean_conv2d_grad_norm,0.28762683810869066
192,stem.0,0.03729031980037689
192,blocks.0.conv1,0.3153862953186035
192,blocks.0.conv2,0.31494763493537903
192,blocks.1.conv1,0.28838077187538147
192,blocks.1.conv2,0.19972001016139984
192,blocks.2.conv1,0.26156577467918396
192,blocks.2.conv2,0.31287339329719543
192,blocks.3.conv1,0.13522890210151672
192,blocks.3.conv2,0.13912047445774078
192,blocks.4.conv1,0.13999277353286743
192,blocks.4.conv2,0.15662112832069397
192,blocks.5.conv1,0.18988321721553802
192,blocks.5.conv2,0.1794031709432602
192,blocks.6.conv1,0.13095225393772125
192,blocks.6.conv2,0.19956010580062866
192,blocks.7.conv1,0.216563418507576
192,blocks.7.conv2,0.2749866247177124
192,blocks.8.conv1,0.21133628487586975
192,blocks.8.conv2,0.20846956968307495
192,blocks.9.conv1,0.1440650075674057
192,blocks.9.conv2,0.19175614416599274
192,blocks.10.conv1,0.19940122961997986
192,blocks.10.conv2,0.20372828841209412
192,blocks.11.conv1,0.19210238754749298
192,blocks.11.conv2,0.1813793182373047
192,blocks.12.conv1,0.16113169491291046
192,blocks.12.conv2,0.2172345668077469
192,blocks.13.conv1,0.1656096875667572
192,blocks.13.conv2,0.16910769045352936
192,blocks.14.conv1,0.15705488622188568
192,blocks.14.conv2,0.1825093924999237
192,blocks.15.conv1,0.2310853898525238
192,blocks.15.conv2,0.22370223701000214
192,blocks.16.conv1,0.21537427604198456
192,blocks.16.conv2,0.1940329372882843
192,blocks.17.conv1,0.2056897133588791
192,blocks.17.conv2,0.16361013054847717
192,blocks.18.conv1,0.18141089379787445
192,blocks.18.conv2,0.1941651701927185
192,blocks.19.conv1,0.16069121658802032
192,blocks.19.conv2,0.17574521899223328
192,blocks.20.conv1,0.19620957970619202
192,blocks.20.conv2,0.22731971740722656
192,blocks.21.conv1,0.18728098273277283
192,blocks.21.conv2,0.20197729766368866
192,blocks.22.conv1,0.21053555607795715
192,blocks.22.conv2,0.19060967862606049
192,blocks.23.conv1,0.21094836294651031
192,blocks.23.conv2,0.1875639706850052
192,blocks.24.conv1,0.15687121450901031
192,blocks.24.conv2,0.16090421378612518
192,blocks.25.conv1,0.17533721029758453
192,blocks.25.conv2,0.15658174455165863
192,blocks.26.conv1,0.19045665860176086
192,blocks.26.conv2,0.1954784095287323
192,blocks.27.conv1,0.2272995114326477
192,blocks.27.conv2,0.20369069278240204
192,blocks.28.conv1,0.1593763381242752
192,blocks.28.conv2,0.1790301352739334
192,blocks.29.conv1,0.21762312948703766
192,blocks.29.conv2,0.18230639398097992
192,blocks.30.conv1,0.1989552527666092
192,blocks.30.conv2,0.19198282063007355
192,blocks.31.conv1,0.13817520439624786
192,blocks.31.conv2,0.14400139451026917
192,blocks.32.conv1,0.15481044352054596
192,blocks.32.conv2,0.14805099368095398
192,blocks.33.conv1,0.1486787050962448
192,blocks.33.conv2,0.1569286286830902
192,blocks.34.conv1,0.12900598347187042
192,blocks.34.conv2,0.15480151772499084
192,blocks.35.conv1,0.2369164675474167
192,blocks.35.conv2,0.3107633888721466
192,blocks.36.conv1,0.3457139730453491
192,blocks.36.conv2,0.31290242075920105
192,blocks.37.conv1,0.2736223638057709
192,blocks.37.conv2,0.19914095103740692
192,blocks.38.conv1,0.20257703959941864
192,blocks.38.conv2,0.19360250234603882
192,blocks.39.conv1,0.1837795376777649
192,blocks.39.conv2,0.17534290254116058
192,blocks.40.conv1,0.1642124056816101
192,blocks.40.conv2,0.19219821691513062
192,blocks.41.conv1,0.20143988728523254
192,blocks.41.conv2,0.1842688024044037
192,blocks.42.conv1,0.21055814623832703
192,blocks.42.conv2,0.2457614243030548
192,blocks.43.conv1,0.28253328800201416
192,blocks.43.conv2,0.453958660364151
192,blocks.44.conv1,0.6068055629730225
192,blocks.44.conv2,0.6271983981132507
192,blocks.45.conv1,0.7086104154586792
192,blocks.45.conv2,0.706436038017273
192,blocks.46.conv1,0.7676532864570618
192,blocks.46.conv2,0.8594557642936707
192,blocks.47.conv1,0.950923502445221
192,blocks.47.conv2,1.0036293268203735
192,blocks.48.conv1,1.041083812713623
192,blocks.48.conv2,1.0716673135757446
192,blocks.49.conv1,0.9805443286895752
192,blocks.49.conv2,0.4585518538951874
192,mean_conv2d_grad_norm,0.27284666659808393
193,stem.0,0.031176121905446053
193,blocks.0.conv1,0.4013696610927582
193,blocks.0.conv2,0.4436604976654053
193,blocks.1.conv1,0.39887797832489014
193,blocks.1.conv2,0.18517965078353882
193,blocks.2.conv1,0.2136288583278656
193,blocks.2.conv2,0.25267744064331055
193,blocks.3.conv1,0.17943400144577026
193,blocks.3.conv2,0.17055273056030273
193,blocks.4.conv1,0.16613192856311798
193,blocks.4.conv2,0.1511111706495285
193,blocks.5.conv1,0.18329811096191406
193,blocks.5.conv2,0.18604347109794617
193,blocks.6.conv1,0.15455223619937897
193,blocks.6.conv2,0.15095371007919312
193,blocks.7.conv1,0.18796445429325104
193,blocks.7.conv2,0.2784406244754791
193,blocks.8.conv1,0.24474041163921356
193,blocks.8.conv2,0.2234496772289276
193,blocks.9.conv1,0.1590963751077652
193,blocks.9.conv2,0.205806702375412
193,blocks.10.conv1,0.21360428631305695
193,blocks.10.conv2,0.19441016018390656
193,blocks.11.conv1,0.18993164598941803
193,blocks.11.conv2,0.19533918797969818
193,blocks.12.conv1,0.1515069305896759
193,blocks.12.conv2,0.17923001945018768
193,blocks.13.conv1,0.16270551085472107
193,blocks.13.conv2,0.13787074387073517
193,blocks.14.conv1,0.1440352499485016
193,blocks.14.conv2,0.15889063477516174
193,blocks.15.conv1,0.19328127801418304
193,blocks.15.conv2,0.17893606424331665
193,blocks.16.conv1,0.16485093533992767
193,blocks.16.conv2,0.1675277054309845
193,blocks.17.conv1,0.17795440554618835
193,blocks.17.conv2,0.1446620523929596
193,blocks.18.conv1,0.16215473413467407
193,blocks.18.conv2,0.1841571182012558
193,blocks.19.conv1,0.19531646370887756
193,blocks.19.conv2,0.12883128225803375
193,blocks.20.conv1,0.1479218602180481
193,blocks.20.conv2,0.19010967016220093
193,blocks.21.conv1,0.15551869571208954
193,blocks.21.conv2,0.1403828114271164
193,blocks.22.conv1,0.1415528506040573
193,blocks.22.conv2,0.14631664752960205
193,blocks.23.conv1,0.19060485064983368
193,blocks.23.conv2,0.13725143671035767
193,blocks.24.conv1,0.1161654070019722
193,blocks.24.conv2,0.14122909307479858
193,blocks.25.conv1,0.13846205174922943
193,blocks.25.conv2,0.15341350436210632
193,blocks.26.conv1,0.13680222630500793
193,blocks.26.conv2,0.16165049374103546
193,blocks.27.conv1,0.17422537505626678
193,blocks.27.conv2,0.17381049692630768
193,blocks.28.conv1,0.13952553272247314
193,blocks.28.conv2,0.15179434418678284
193,blocks.29.conv1,0.1974581629037857
193,blocks.29.conv2,0.17842864990234375
193,blocks.30.conv1,0.17324115335941315
193,blocks.30.conv2,0.17482326924800873
193,blocks.31.conv1,0.136781707406044
193,blocks.31.conv2,0.11990804225206375
193,blocks.32.conv1,0.14295101165771484
193,blocks.32.conv2,0.15006104111671448
193,blocks.33.conv1,0.1461595743894577
193,blocks.33.conv2,0.14455054700374603
193,blocks.34.conv1,0.15020005404949188
193,blocks.34.conv2,0.17417754232883453
193,blocks.35.conv1,0.1979570835828781
193,blocks.35.conv2,0.27551835775375366
193,blocks.36.conv1,0.3245597779750824
193,blocks.36.conv2,0.29540374875068665
193,blocks.37.conv1,0.3148164749145508
193,blocks.37.conv2,0.23160621523857117
193,blocks.38.conv1,0.2340264618396759
193,blocks.38.conv2,0.2385232001543045
193,blocks.39.conv1,0.24136865139007568
193,blocks.39.conv2,0.21767622232437134
193,blocks.40.conv1,0.20561280846595764
193,blocks.40.conv2,0.19199137389659882
193,blocks.41.conv1,0.21633093059062958
193,blocks.41.conv2,0.17596805095672607
193,blocks.42.conv1,0.17626255750656128
193,blocks.42.conv2,0.257154643535614
193,blocks.43.conv1,0.32376256585121155
193,blocks.43.conv2,0.4789879620075226
193,blocks.44.conv1,0.6253430247306824
193,blocks.44.conv2,0.6531539559364319
193,blocks.45.conv1,0.7275245785713196
193,blocks.45.conv2,0.7256149053573608
193,blocks.46.conv1,0.8001514673233032
193,blocks.46.conv2,0.8954749703407288
193,blocks.47.conv1,1.0504875183105469
193,blocks.47.conv2,1.0871633291244507
193,blocks.48.conv1,1.1837058067321777
193,blocks.48.conv2,1.1762840747833252
193,blocks.49.conv1,1.0350282192230225
193,blocks.49.conv2,0.5002864599227905
193,mean_conv2d_grad_norm,0.27402540320290786
194,stem.0,0.02742270566523075
194,blocks.0.conv1,0.4520081579685211
194,blocks.0.conv2,0.38806629180908203
194,blocks.1.conv1,0.4301621913909912
194,blocks.1.conv2,0.21946294605731964
194,blocks.2.conv1,0.1957753449678421
194,blocks.2.conv2,0.25309571623802185
194,blocks.3.conv1,0.2027312070131302
194,blocks.3.conv2,0.19374115765094757
194,blocks.4.conv1,0.15006455779075623
194,blocks.4.conv2,0.1679462194442749
194,blocks.5.conv1,0.1768844574689865
194,blocks.5.conv2,0.19930316507816315
194,blocks.6.conv1,0.1464741826057434
194,blocks.6.conv2,0.179679274559021
194,blocks.7.conv1,0.1695319414138794
194,blocks.7.conv2,0.2760615050792694
194,blocks.8.conv1,0.22094035148620605
194,blocks.8.conv2,0.22064489126205444
194,blocks.9.conv1,0.17519910633563995
194,blocks.9.conv2,0.229877308011055
194,blocks.10.conv1,0.2544657289981842
194,blocks.10.conv2,0.21609358489513397
194,blocks.11.conv1,0.21708068251609802
194,blocks.11.conv2,0.2115071713924408
194,blocks.12.conv1,0.17618729174137115
194,blocks.12.conv2,0.18715235590934753
194,blocks.13.conv1,0.19879718124866486
194,blocks.13.conv2,0.15737208724021912
194,blocks.14.conv1,0.1960449069738388
194,blocks.14.conv2,0.18904095888137817
194,blocks.15.conv1,0.20755217969417572
194,blocks.15.conv2,0.22910088300704956
194,blocks.16.conv1,0.1911509484052658
194,blocks.16.conv2,0.1770949810743332
194,blocks.17.conv1,0.21910299360752106
194,blocks.17.conv2,0.18553058803081512
194,blocks.18.conv1,0.19332805275917053
194,blocks.18.conv2,0.20657214522361755
194,blocks.19.conv1,0.1880110651254654
194,blocks.19.conv2,0.1603323519229889
194,blocks.20.conv1,0.19561584293842316
194,blocks.20.conv2,0.21587635576725006
194,blocks.21.conv1,0.21126721799373627
194,blocks.21.conv2,0.17222456634044647
194,blocks.22.conv1,0.154200941324234
194,blocks.22.conv2,0.16830496490001678
194,blocks.23.conv1,0.2325517237186432
194,blocks.23.conv2,0.20193368196487427
194,blocks.24.conv1,0.1840851604938507
194,blocks.24.conv2,0.2045300304889679
194,blocks.25.conv1,0.17586517333984375
194,blocks.25.conv2,0.18526530265808105
194,blocks.26.conv1,0.18405772745609283
194,blocks.26.conv2,0.22401612997055054
194,blocks.27.conv1,0.24586710333824158
194,blocks.27.conv2,0.22437500953674316
194,blocks.28.conv1,0.2029789686203003
194,blocks.28.conv2,0.20482970774173737
194,blocks.29.conv1,0.29339340329170227
194,blocks.29.conv2,0.22561651468276978
194,blocks.30.conv1,0.23546454310417175
194,blocks.30.conv2,0.20038250088691711
194,blocks.31.conv1,0.16392816603183746
194,blocks.31.conv2,0.14203670620918274
194,blocks.32.conv1,0.1596425473690033
194,blocks.32.conv2,0.16181734204292297
194,blocks.33.conv1,0.19144657254219055
194,blocks.33.conv2,0.15392935276031494
194,blocks.34.conv1,0.14759252965450287
194,blocks.34.conv2,0.2025557905435562
194,blocks.35.conv1,0.2365317940711975
194,blocks.35.conv2,0.3001958727836609
194,blocks.36.conv1,0.36737188696861267
194,blocks.36.conv2,0.3281523287296295
194,blocks.37.conv1,0.3298088014125824
194,blocks.37.conv2,0.26544612646102905
194,blocks.38.conv1,0.2399073988199234
194,blocks.38.conv2,0.23049134016036987
194,blocks.39.conv1,0.2252976894378662
194,blocks.39.conv2,0.21910223364830017
194,blocks.40.conv1,0.2551349103450775
194,blocks.40.conv2,0.2303599715232849
194,blocks.41.conv1,0.23049861192703247
194,blocks.41.conv2,0.2091311365365982
194,blocks.42.conv1,0.1814868003129959
194,blocks.42.conv2,0.23680202662944794
194,blocks.43.conv1,0.29426631331443787
194,blocks.43.conv2,0.4315601885318756
194,blocks.44.conv1,0.6118354201316833
194,blocks.44.conv2,0.700080931186676
194,blocks.45.conv1,0.7941295504570007
194,blocks.45.conv2,0.8243887424468994
194,blocks.46.conv1,0.8744205832481384
194,blocks.46.conv2,0.9197752475738525
194,blocks.47.conv1,0.9332966804504395
194,blocks.47.conv2,1.025046944618225
194,blocks.48.conv1,1.0765544176101685
194,blocks.48.conv2,1.1612787246704102
194,blocks.49.conv1,1.0215672254562378
194,blocks.49.conv2,0.4421720504760742
194,mean_conv2d_grad_norm,0.2940429143128124
195,stem.0,0.02682582475244999
195,blocks.0.conv1,0.3758322596549988
195,blocks.0.conv2,0.29386135935783386
195,blocks.1.conv1,0.47223472595214844
195,blocks.1.conv2,0.2585127651691437
195,blocks.2.conv1,0.10728748142719269
195,blocks.2.conv2,0.1779412478208542
195,blocks.3.conv1,0.13548274338245392
195,blocks.3.conv2,0.1614387035369873
195,blocks.4.conv1,0.14197057485580444
195,blocks.4.conv2,0.17130877077579498
195,blocks.5.conv1,0.18900054693222046
195,blocks.5.conv2,0.21289096772670746
195,blocks.6.conv1,0.14343415200710297
195,blocks.6.conv2,0.12974213063716888
195,blocks.7.conv1,0.17822834849357605
195,blocks.7.conv2,0.3224385678768158
195,blocks.8.conv1,0.24361707270145416
195,blocks.8.conv2,0.25564342737197876
195,blocks.9.conv1,0.18913286924362183
195,blocks.9.conv2,0.15289156138896942
195,blocks.10.conv1,0.25770103931427
195,blocks.10.conv2,0.19352418184280396
195,blocks.11.conv1,0.19051086902618408
195,blocks.11.conv2,0.1809927076101303
195,blocks.12.conv1,0.13012568652629852
195,blocks.12.conv2,0.13313449919223785
195,blocks.13.conv1,0.12103767693042755
195,blocks.13.conv2,0.11368526518344879
195,blocks.14.conv1,0.1815788447856903
195,blocks.14.conv2,0.11503730714321136
195,blocks.15.conv1,0.16930769383907318
195,blocks.15.conv2,0.15402792394161224
195,blocks.16.conv1,0.1530483365058899
195,blocks.16.conv2,0.13335487246513367
195,blocks.17.conv1,0.12922140955924988
195,blocks.17.conv2,0.13977530598640442
195,blocks.18.conv1,0.17870381474494934
195,blocks.18.conv2,0.19947312772274017
195,blocks.19.conv1,0.1510615348815918
195,blocks.19.conv2,0.15143507719039917
195,blocks.20.conv1,0.1847752183675766
195,blocks.20.conv2,0.17462396621704102
195,blocks.21.conv1,0.15667423605918884
195,blocks.21.conv2,0.1531168818473816
195,blocks.22.conv1,0.16617970168590546
195,blocks.22.conv2,0.16310638189315796
195,blocks.23.conv1,0.1578895002603531
195,blocks.23.conv2,0.1393127292394638
195,blocks.24.conv1,0.13403885066509247
195,blocks.24.conv2,0.15518119931221008
195,blocks.25.conv1,0.14166472852230072
195,blocks.25.conv2,0.18158191442489624
195,blocks.26.conv1,0.16558970510959625
195,blocks.26.conv2,0.1788831353187561
195,blocks.27.conv1,0.16175995767116547
195,blocks.27.conv2,0.18114960193634033
195,blocks.28.conv1,0.15869386494159698
195,blocks.28.conv2,0.203804150223732
195,blocks.29.conv1,0.26096460223197937
195,blocks.29.conv2,0.2506310045719147
195,blocks.30.conv1,0.24733419716358185
195,blocks.30.conv2,0.21032285690307617
195,blocks.31.conv1,0.148468479514122
195,blocks.31.conv2,0.14630849659442902
195,blocks.32.conv1,0.1586279720067978
195,blocks.32.conv2,0.15957237780094147
195,blocks.33.conv1,0.16412270069122314
195,blocks.33.conv2,0.15800204873085022
195,blocks.34.conv1,0.13924776017665863
195,blocks.34.conv2,0.1890212893486023
195,blocks.35.conv1,0.21705453097820282
195,blocks.35.conv2,0.2643032371997833
195,blocks.36.conv1,0.28206729888916016
195,blocks.36.conv2,0.293728768825531
195,blocks.37.conv1,0.2503712475299835
195,blocks.37.conv2,0.2012205868959427
195,blocks.38.conv1,0.2024735063314438
195,blocks.38.conv2,0.19580797851085663
195,blocks.39.conv1,0.19726942479610443
195,blocks.39.conv2,0.16904471814632416
195,blocks.40.conv1,0.19289928674697876
195,blocks.40.conv2,0.17067311704158783
195,blocks.41.conv1,0.21295073628425598
195,blocks.41.conv2,0.17832237482070923
195,blocks.42.conv1,0.18088361620903015
195,blocks.42.conv2,0.20736581087112427
195,blocks.43.conv1,0.24785858392715454
195,blocks.43.conv2,0.3884178698062897
195,blocks.44.conv1,0.49963679909706116
195,blocks.44.conv2,0.5738629102706909
195,blocks.45.conv1,0.6455881595611572
195,blocks.45.conv2,0.6511616110801697
195,blocks.46.conv1,0.6956709623336792
195,blocks.46.conv2,0.7834991216659546
195,blocks.47.conv1,0.8392603397369385
195,blocks.47.conv2,0.8751270174980164
195,blocks.48.conv1,0.9373089671134949
195,blocks.48.conv2,0.9470433592796326
195,blocks.49.conv1,0.7635737061500549
195,blocks.49.conv2,0.3769357204437256
195,mean_conv2d_grad_norm,0.25097509062304946
196,stem.0,0.04588757082819939
196,blocks.0.conv1,0.27775657176971436
196,blocks.0.conv2,0.5141770839691162
196,blocks.1.conv1,0.24910880625247955
196,blocks.1.conv2,0.26025161147117615
196,blocks.2.conv1,0.24529437720775604
196,blocks.2.conv2,0.23753833770751953
196,blocks.3.conv1,0.2131875902414322
196,blocks.3.conv2,0.23669524490833282
196,blocks.4.conv1,0.19049696624279022
196,blocks.4.conv2,0.17248602211475372
196,blocks.5.conv1,0.17589643597602844
196,blocks.5.conv2,0.22442393004894257
196,blocks.6.conv1,0.14637748897075653
196,blocks.6.conv2,0.14216020703315735
196,blocks.7.conv1,0.16944579780101776
196,blocks.7.conv2,0.2515234649181366
196,blocks.8.conv1,0.26775622367858887
196,blocks.8.conv2,0.21492646634578705
196,blocks.9.conv1,0.15150415897369385
196,blocks.9.conv2,0.1589885652065277
196,blocks.10.conv1,0.19219745695590973
196,blocks.10.conv2,0.19929993152618408
196,blocks.11.conv1,0.17840690910816193
196,blocks.11.conv2,0.18017323315143585
196,blocks.12.conv1,0.1217593178153038
196,blocks.12.conv2,0.17647652328014374
196,blocks.13.conv1,0.15377375483512878
196,blocks.13.conv2,0.17197908461093903
196,blocks.14.conv1,0.1918674260377884
196,blocks.14.conv2,0.2408280223608017
196,blocks.15.conv1,0.22495050728321075
196,blocks.15.conv2,0.2082473337650299
196,blocks.16.conv1,0.16131573915481567
196,blocks.16.conv2,0.1716139167547226
196,blocks.17.conv1,0.18351009488105774
196,blocks.17.conv2,0.16670027375221252
196,blocks.18.conv1,0.18790589272975922
196,blocks.18.conv2,0.18185819685459137
196,blocks.19.conv1,0.17666350305080414
196,blocks.19.conv2,0.1573428511619568
196,blocks.20.conv1,0.18319673836231232
196,blocks.20.conv2,0.2378074824810028
196,blocks.21.conv1,0.19550199806690216
196,blocks.21.conv2,0.181339293718338
196,blocks.22.conv1,0.16944922506809235
196,blocks.22.conv2,0.19156478345394135
196,blocks.23.conv1,0.22612415254116058
196,blocks.23.conv2,0.16357353329658508
196,blocks.24.conv1,0.13444694876670837
196,blocks.24.conv2,0.1508028358221054
196,blocks.25.conv1,0.1672353446483612
196,blocks.25.conv2,0.1606253683567047
196,blocks.26.conv1,0.1648707389831543
196,blocks.26.conv2,0.16775977611541748
196,blocks.27.conv1,0.18595826625823975
196,blocks.27.conv2,0.17850562930107117
196,blocks.28.conv1,0.14833129942417145
196,blocks.28.conv2,0.15964356064796448
196,blocks.29.conv1,0.18377332389354706
196,blocks.29.conv2,0.1957799792289734
196,blocks.30.conv1,0.23527702689170837
196,blocks.30.conv2,0.17930947244167328
196,blocks.31.conv1,0.13632415235042572
196,blocks.31.conv2,0.11646241694688797
196,blocks.32.conv1,0.11505904793739319
196,blocks.32.conv2,0.12581561505794525
196,blocks.33.conv1,0.16072635352611542
196,blocks.33.conv2,0.14676758646965027
196,blocks.34.conv1,0.12770511209964752
196,blocks.34.conv2,0.15848904848098755
196,blocks.35.conv1,0.18962329626083374
196,blocks.35.conv2,0.2586660087108612
196,blocks.36.conv1,0.29309555888175964
196,blocks.36.conv2,0.27875816822052
196,blocks.37.conv1,0.2888548970222473
196,blocks.37.conv2,0.2004500776529312
196,blocks.38.conv1,0.1897156983613968
196,blocks.38.conv2,0.16033774614334106
196,blocks.39.conv1,0.17011263966560364
196,blocks.39.conv2,0.14372912049293518
196,blocks.40.conv1,0.13665182888507843
196,blocks.40.conv2,0.15422748029232025
196,blocks.41.conv1,0.17379671335220337
196,blocks.41.conv2,0.1748889982700348
196,blocks.42.conv1,0.19748224318027496
196,blocks.42.conv2,0.26258689165115356
196,blocks.43.conv1,0.37622612714767456
196,blocks.43.conv2,0.4614730775356293
196,blocks.44.conv1,0.5813241004943848
196,blocks.44.conv2,0.6595661640167236
196,blocks.45.conv1,0.817887544631958
196,blocks.45.conv2,0.8083412647247314
196,blocks.46.conv1,0.8693347573280334
196,blocks.46.conv2,0.9131835699081421
196,blocks.47.conv1,0.9403008818626404
196,blocks.47.conv2,1.0117781162261963
196,blocks.48.conv1,1.0434046983718872
196,blocks.48.conv2,1.1970555782318115
196,blocks.49.conv1,1.0307083129882812
196,blocks.49.conv2,0.4200167953968048
196,mean_conv2d_grad_norm,0.27351046888397473
197,stem.0,0.04103539511561394
197,blocks.0.conv1,0.4131636619567871
197,blocks.0.conv2,0.3225392997264862
197,blocks.1.conv1,0.33170273900032043
197,blocks.1.conv2,0.24666398763656616
197,blocks.2.conv1,0.2648373246192932
197,blocks.2.conv2,0.3674948513507843
197,blocks.3.conv1,0.1960061639547348
197,blocks.3.conv2,0.23564362525939941
197,blocks.4.conv1,0.1745290905237198
197,blocks.4.conv2,0.1981096863746643
197,blocks.5.conv1,0.17541974782943726
197,blocks.5.conv2,0.21395473182201385
197,blocks.6.conv1,0.17335611581802368
197,blocks.6.conv2,0.1425609290599823
197,blocks.7.conv1,0.2117639034986496
197,blocks.7.conv2,0.3100932836532593
197,blocks.8.conv1,0.24308307468891144
197,blocks.8.conv2,0.21040886640548706
197,blocks.9.conv1,0.13694678246974945
197,blocks.9.conv2,0.191334530711174
197,blocks.10.conv1,0.2116583287715912
197,blocks.10.conv2,0.23053497076034546
197,blocks.11.conv1,0.20422399044036865
197,blocks.11.conv2,0.2117348164319992
197,blocks.12.conv1,0.17397555708885193
197,blocks.12.conv2,0.18658845126628876
197,blocks.13.conv1,0.14719495177268982
197,blocks.13.conv2,0.17314068973064423
197,blocks.14.conv1,0.18532514572143555
197,blocks.14.conv2,0.18190917372703552
197,blocks.15.conv1,0.2527278661727905
197,blocks.15.conv2,0.2300076186656952
197,blocks.16.conv1,0.17721980810165405
197,blocks.16.conv2,0.1742839515209198
197,blocks.17.conv1,0.22611813247203827
197,blocks.17.conv2,0.15842434763908386
197,blocks.18.conv1,0.21293790638446808
197,blocks.18.conv2,0.19854430854320526
197,blocks.19.conv1,0.1633060872554779
197,blocks.19.conv2,0.17612473666667938
197,blocks.20.conv1,0.19778399169445038
197,blocks.20.conv2,0.24969007074832916
197,blocks.21.conv1,0.20488165318965912
197,blocks.21.conv2,0.20130309462547302
197,blocks.22.conv1,0.21685925126075745
197,blocks.22.conv2,0.1847638338804245
197,blocks.23.conv1,0.2358613908290863
197,blocks.23.conv2,0.2036106139421463
197,blocks.24.conv1,0.20945020020008087
197,blocks.24.conv2,0.2180498242378235
197,blocks.25.conv1,0.19205160439014435
197,blocks.25.conv2,0.19549158215522766
197,blocks.26.conv1,0.20540060102939606
197,blocks.26.conv2,0.21472224593162537
197,blocks.27.conv1,0.2720048725605011
197,blocks.27.conv2,0.2380598783493042
197,blocks.28.conv1,0.19280816614627838
197,blocks.28.conv2,0.19371116161346436
197,blocks.29.conv1,0.2476387619972229
197,blocks.29.conv2,0.2869164049625397
197,blocks.30.conv1,0.227664515376091
197,blocks.30.conv2,0.23841506242752075
197,blocks.31.conv1,0.19962428510189056
197,blocks.31.conv2,0.18810421228408813
197,blocks.32.conv1,0.21004198491573334
197,blocks.32.conv2,0.2077222466468811
197,blocks.33.conv1,0.2008129358291626
197,blocks.33.conv2,0.162164568901062
197,blocks.34.conv1,0.164836585521698
197,blocks.34.conv2,0.21946477890014648
197,blocks.35.conv1,0.27924931049346924
197,blocks.35.conv2,0.3512493968009949
197,blocks.36.conv1,0.41290509700775146
197,blocks.36.conv2,0.40713047981262207
197,blocks.37.conv1,0.3486056327819824
197,blocks.37.conv2,0.25966447591781616
197,blocks.38.conv1,0.2446267455816269
197,blocks.38.conv2,0.22931167483329773
197,blocks.39.conv1,0.22700338065624237
197,blocks.39.conv2,0.21678990125656128
197,blocks.40.conv1,0.2603360414505005
197,blocks.40.conv2,0.2481488585472107
197,blocks.41.conv1,0.2595137655735016
197,blocks.41.conv2,0.22888383269309998
197,blocks.42.conv1,0.27735069394111633
197,blocks.42.conv2,0.27813565731048584
197,blocks.43.conv1,0.384547621011734
197,blocks.43.conv2,0.5320792198181152
197,blocks.44.conv1,0.5640360713005066
197,blocks.44.conv2,0.7006971836090088
197,blocks.45.conv1,0.7698265910148621
197,blocks.45.conv2,0.7433058619499207
197,blocks.46.conv1,0.8279637694358826
197,blocks.46.conv2,0.8893453478813171
197,blocks.47.conv1,0.9452938437461853
197,blocks.47.conv2,1.0205378532409668
197,blocks.48.conv1,1.0970884561538696
197,blocks.48.conv2,1.2142452001571655
197,blocks.49.conv1,1.0311866998672485
197,blocks.49.conv2,0.5148155093193054
197,mean_conv2d_grad_norm,0.30515260577644454
198,stem.0,0.03182482719421387
198,blocks.0.conv1,0.5021561980247498
198,blocks.0.conv2,0.33605167269706726
198,blocks.1.conv1,0.4440608024597168
198,blocks.1.conv2,0.26629459857940674
198,blocks.2.conv1,0.1814700961112976
198,blocks.2.conv2,0.33099713921546936
198,blocks.3.conv1,0.1813223659992218
198,blocks.3.conv2,0.1479712873697281
198,blocks.4.conv1,0.17641878128051758
198,blocks.4.conv2,0.17853640019893646
198,blocks.5.conv1,0.17758463323116302
198,blocks.5.conv2,0.23051467537879944
198,blocks.6.conv1,0.1643744558095932
198,blocks.6.conv2,0.1708802878856659
198,blocks.7.conv1,0.22430066764354706
198,blocks.7.conv2,0.3216381072998047
198,blocks.8.conv1,0.2779441177845001
198,blocks.8.conv2,0.2662726938724518
198,blocks.9.conv1,0.17684035003185272
198,blocks.9.conv2,0.2506532669067383
198,blocks.10.conv1,0.22791095077991486
198,blocks.10.conv2,0.27247583866119385
198,blocks.11.conv1,0.2348274290561676
198,blocks.11.conv2,0.21755048632621765
198,blocks.12.conv1,0.1479460448026657
198,blocks.12.conv2,0.1764112412929535
198,blocks.13.conv1,0.13401426374912262
198,blocks.13.conv2,0.14610016345977783
198,blocks.14.conv1,0.16431525349617004
198,blocks.14.conv2,0.17752650380134583
198,blocks.15.conv1,0.2034694403409958
198,blocks.15.conv2,0.1950453668832779
198,blocks.16.conv1,0.17370790243148804
198,blocks.16.conv2,0.20676936209201813
198,blocks.17.conv1,0.19563926756381989
198,blocks.17.conv2,0.19837337732315063
198,blocks.18.conv1,0.19739677011966705
198,blocks.18.conv2,0.1856078803539276
198,blocks.19.conv1,0.2244962453842163
198,blocks.19.conv2,0.16361241042613983
198,blocks.20.conv1,0.18541277945041656
198,blocks.20.conv2,0.20913614332675934
198,blocks.21.conv1,0.18228401243686676
198,blocks.21.conv2,0.1759769767522812
198,blocks.22.conv1,0.20467162132263184
198,blocks.22.conv2,0.18812957406044006
198,blocks.23.conv1,0.20734290778636932
198,blocks.23.conv2,0.17235179245471954
198,blocks.24.conv1,0.14109095931053162
198,blocks.24.conv2,0.15385068953037262
198,blocks.25.conv1,0.17346598207950592
198,blocks.25.conv2,0.17581218481063843
198,blocks.26.conv1,0.2048165202140808
198,blocks.26.conv2,0.20757611095905304
198,blocks.27.conv1,0.1971600502729416
198,blocks.27.conv2,0.19671989977359772
198,blocks.28.conv1,0.1707206666469574
198,blocks.28.conv2,0.20009706914424896
198,blocks.29.conv1,0.2484608143568039
198,blocks.29.conv2,0.22842681407928467
198,blocks.30.conv1,0.2342311441898346
198,blocks.30.conv2,0.2179793268442154
198,blocks.31.conv1,0.15619443356990814
198,blocks.31.conv2,0.1445041447877884
198,blocks.32.conv1,0.16041986644268036
198,blocks.32.conv2,0.1644017994403839
198,blocks.33.conv1,0.1717759519815445
198,blocks.33.conv2,0.17415392398834229
198,blocks.34.conv1,0.17412042617797852
198,blocks.34.conv2,0.1818818300962448
198,blocks.35.conv1,0.2320440113544464
198,blocks.35.conv2,0.2653963565826416
198,blocks.36.conv1,0.3119666874408722
198,blocks.36.conv2,0.3307400345802307
198,blocks.37.conv1,0.2834303081035614
198,blocks.37.conv2,0.23760779201984406
198,blocks.38.conv1,0.24454812705516815
198,blocks.38.conv2,0.22130975127220154
198,blocks.39.conv1,0.22437752783298492
198,blocks.39.conv2,0.23824535310268402
198,blocks.40.conv1,0.20436862111091614
198,blocks.40.conv2,0.19325213134288788
198,blocks.41.conv1,0.22684569656848907
198,blocks.41.conv2,0.2111583650112152
198,blocks.42.conv1,0.22415195405483246
198,blocks.42.conv2,0.2526175081729889
198,blocks.43.conv1,0.31970691680908203
198,blocks.43.conv2,0.49241694808006287
198,blocks.44.conv1,0.6080707907676697
198,blocks.44.conv2,0.7004972696304321
198,blocks.45.conv1,0.7490139007568359
198,blocks.45.conv2,0.7398976683616638
198,blocks.46.conv1,0.8197519183158875
198,blocks.46.conv2,0.9281570911407471
198,blocks.47.conv1,0.9843823313713074
198,blocks.47.conv2,1.0140107870101929
198,blocks.48.conv1,1.1187859773635864
198,blocks.48.conv2,1.2328702211380005
198,blocks.49.conv1,1.1940977573394775
198,blocks.49.conv2,0.543493926525116
198,mean_conv2d_grad_norm,0.2953632056418032
199,stem.0,0.03966120257973671
199,blocks.0.conv1,0.36526983976364136
199,blocks.0.conv2,0.4460184872150421
199,blocks.1.conv1,0.49967387318611145
199,blocks.1.conv2,0.2243271917104721
199,blocks.2.conv1,0.24322351813316345
199,blocks.2.conv2,0.304236501455307
199,blocks.3.conv1,0.22533753514289856
199,blocks.3.conv2,0.2570027709007263
199,blocks.4.conv1,0.20235419273376465
199,blocks.4.conv2,0.1879950910806656
199,blocks.5.conv1,0.20974887907505035
199,blocks.5.conv2,0.24580365419387817
199,blocks.6.conv1,0.17435327172279358
199,blocks.6.conv2,0.1771007478237152
199,blocks.7.conv1,0.1912807673215866
199,blocks.7.conv2,0.30384373664855957
199,blocks.8.conv1,0.28256040811538696
199,blocks.8.conv2,0.2512190341949463
199,blocks.9.conv1,0.16149044036865234
199,blocks.9.conv2,0.1701696366071701
199,blocks.10.conv1,0.20018917322158813
199,blocks.10.conv2,0.2003624141216278
199,blocks.11.conv1,0.21877223253250122
199,blocks.11.conv2,0.18335281312465668
199,blocks.12.conv1,0.1371760368347168
199,blocks.12.conv2,0.17498528957366943
199,blocks.13.conv1,0.15980404615402222
199,blocks.13.conv2,0.1462780386209488
199,blocks.14.conv1,0.15559308230876923
199,blocks.14.conv2,0.16250993311405182
199,blocks.15.conv1,0.17454750835895538
199,blocks.15.conv2,0.17714938521385193
199,blocks.16.conv1,0.1887916475534439
199,blocks.16.conv2,0.19254964590072632
199,blocks.17.conv1,0.2205846756696701
199,blocks.17.conv2,0.15785956382751465
199,blocks.18.conv1,0.185859814286232
199,blocks.18.conv2,0.21784508228302002
199,blocks.19.conv1,0.176409050822258
199,blocks.19.conv2,0.14298546314239502
199,blocks.20.conv1,0.1565113365650177
199,blocks.20.conv2,0.20596544444561005
199,blocks.21.conv1,0.22772444784641266
199,blocks.21.conv2,0.20200227200984955
199,blocks.22.conv1,0.1926777958869934
199,blocks.22.conv2,0.17342902719974518
199,blocks.23.conv1,0.19122891128063202
199,blocks.23.conv2,0.15768975019454956
199,blocks.24.conv1,0.18330682814121246
199,blocks.24.conv2,0.1785120666027069
199,blocks.25.conv1,0.1788620501756668
199,blocks.25.conv2,0.18648822605609894
199,blocks.26.conv1,0.18326520919799805
199,blocks.26.conv2,0.19150352478027344
199,blocks.27.conv1,0.1899029165506363
199,blocks.27.conv2,0.17793188989162445
199,blocks.28.conv1,0.1669328212738037
199,blocks.28.conv2,0.16809490323066711
199,blocks.29.conv1,0.1944858878850937
199,blocks.29.conv2,0.20806579291820526
199,blocks.30.conv1,0.24051320552825928
199,blocks.30.conv2,0.21076172590255737
199,blocks.31.conv1,0.1460587978363037
199,blocks.31.conv2,0.12381871789693832
199,blocks.32.conv1,0.1516207456588745
199,blocks.32.conv2,0.13690400123596191
199,blocks.33.conv1,0.14616446197032928
199,blocks.33.conv2,0.14107699692249298
199,blocks.34.conv1,0.12971223890781403
199,blocks.34.conv2,0.17833469808101654
199,blocks.35.conv1,0.25438112020492554
199,blocks.35.conv2,0.3038351535797119
199,blocks.36.conv1,0.3207278549671173
199,blocks.36.conv2,0.3232889771461487
199,blocks.37.conv1,0.2596818208694458
199,blocks.37.conv2,0.20699819922447205
199,blocks.38.conv1,0.17491722106933594
199,blocks.38.conv2,0.18535107374191284
199,blocks.39.conv1,0.22229622304439545
199,blocks.39.conv2,0.17708800733089447
199,blocks.40.conv1,0.18586502969264984
199,blocks.40.conv2,0.17206478118896484
199,blocks.41.conv1,0.21575425565242767
199,blocks.41.conv2,0.18948712944984436
199,blocks.42.conv1,0.2037690281867981
199,blocks.42.conv2,0.25558629631996155
199,blocks.43.conv1,0.4233587086200714
199,blocks.43.conv2,0.5060104131698608
199,blocks.44.conv1,0.6655868291854858
199,blocks.44.conv2,0.7698107361793518
199,blocks.45.conv1,0.8241679668426514
199,blocks.45.conv2,0.7882012724876404
199,blocks.46.conv1,0.8159390687942505
199,blocks.46.conv2,0.9237441420555115
199,blocks.47.conv1,0.986003577709198
199,blocks.47.conv2,1.018707036972046
199,blocks.48.conv1,1.09975004196167
199,blocks.48.conv2,1.1186809539794922
199,blocks.49.conv1,1.0376431941986084
199,blocks.49.conv2,0.5033083558082581
199,mean_conv2d_grad_norm,0.28898838453806275
200,stem.0,0.04716162756085396
200,blocks.0.conv1,0.553043782711029
200,blocks.0.conv2,0.36605367064476013
200,blocks.1.conv1,0.4127403497695923
200,blocks.1.conv2,0.19922581315040588
200,blocks.2.conv1,0.20258159935474396
200,blocks.2.conv2,0.31556499004364014
200,blocks.3.conv1,0.24082283675670624
200,blocks.3.conv2,0.2211451679468155
200,blocks.4.conv1,0.21274423599243164
200,blocks.4.conv2,0.19424931704998016
200,blocks.5.conv1,0.18388281762599945
200,blocks.5.conv2,0.25067511200904846
200,blocks.6.conv1,0.19968993961811066
200,blocks.6.conv2,0.14795459806919098
200,blocks.7.conv1,0.22880668938159943
200,blocks.7.conv2,0.32655438780784607
200,blocks.8.conv1,0.30064335465431213
200,blocks.8.conv2,0.27017515897750854
200,blocks.9.conv1,0.17326249182224274
200,blocks.9.conv2,0.17354410886764526
200,blocks.10.conv1,0.26326555013656616
200,blocks.10.conv2,0.3247891366481781
200,blocks.11.conv1,0.22818785905838013
200,blocks.11.conv2,0.2733159363269806
200,blocks.12.conv1,0.1465541124343872
200,blocks.12.conv2,0.21449416875839233
200,blocks.13.conv1,0.18822532892227173
200,blocks.13.conv2,0.1682521551847458
200,blocks.14.conv1,0.18168075382709503
200,blocks.14.conv2,0.17488057911396027
200,blocks.15.conv1,0.19235967099666595
200,blocks.15.conv2,0.21462611854076385
200,blocks.16.conv1,0.17191199958324432
200,blocks.16.conv2,0.22497744858264923
200,blocks.17.conv1,0.2173035889863968
200,blocks.17.conv2,0.15487396717071533
200,blocks.18.conv1,0.21400518715381622
200,blocks.18.conv2,0.26590293645858765
200,blocks.19.conv1,0.20482242107391357
200,blocks.19.conv2,0.18086153268814087
200,blocks.20.conv1,0.23260773718357086
200,blocks.20.conv2,0.24854400753974915
200,blocks.21.conv1,0.22562886774539948
200,blocks.21.conv2,0.22257722914218903
200,blocks.22.conv1,0.22308413684368134
200,blocks.22.conv2,0.24980592727661133
200,blocks.23.conv1,0.306052565574646
200,blocks.23.conv2,0.20135356485843658
200,blocks.24.conv1,0.15835660696029663
200,blocks.24.conv2,0.22275996208190918
200,blocks.25.conv1,0.23935265839099884
200,blocks.25.conv2,0.2753073573112488
200,blocks.26.conv1,0.22228486835956573
200,blocks.26.conv2,0.2482156902551651
200,blocks.27.conv1,0.22642765939235687
200,blocks.27.conv2,0.26674503087997437
200,blocks.28.conv1,0.20674869418144226
200,blocks.28.conv2,0.2063305824995041
200,blocks.29.conv1,0.24863247573375702
200,blocks.29.conv2,0.2758709788322449
200,blocks.30.conv1,0.25938817858695984
200,blocks.30.conv2,0.22378596663475037
200,blocks.31.conv1,0.18167148530483246
200,blocks.31.conv2,0.1633903831243515
200,blocks.32.conv1,0.20133422315120697
200,blocks.32.conv2,0.17765414714813232
200,blocks.33.conv1,0.18960824608802795
200,blocks.33.conv2,0.2071530818939209
200,blocks.34.conv1,0.21015256643295288
200,blocks.34.conv2,0.2555466294288635
200,blocks.35.conv1,0.35342198610305786
200,blocks.35.conv2,0.3828740119934082
200,blocks.36.conv1,0.4631704092025757
200,blocks.36.conv2,0.43056991696357727
200,blocks.37.conv1,0.4006268084049225
200,blocks.37.conv2,0.29760652780532837
200,blocks.38.conv1,0.2839508056640625
200,blocks.38.conv2,0.25447767972946167
200,blocks.39.conv1,0.25807347893714905
200,blocks.39.conv2,0.24471454322338104
200,blocks.40.conv1,0.26404860615730286
200,blocks.40.conv2,0.27025967836380005
200,blocks.41.conv1,0.2773100733757019
200,blocks.41.conv2,0.24190203845500946
200,blocks.42.conv1,0.23591692745685577
200,blocks.42.conv2,0.3104706406593323
200,blocks.43.conv1,0.4430132210254669
200,blocks.43.conv2,0.538766622543335
200,blocks.44.conv1,0.5758281350135803
200,blocks.44.conv2,0.704197347164154
200,blocks.45.conv1,0.7911199927330017
200,blocks.45.conv2,0.7574069499969482
200,blocks.46.conv1,0.7744425535202026
200,blocks.46.conv2,0.8555116057395935
200,blocks.47.conv1,0.9549488425254822
200,blocks.47.conv2,1.0561331510543823
200,blocks.48.conv1,1.0641636848449707
200,blocks.48.conv2,1.064751148223877
200,blocks.49.conv1,0.9462845325469971
200,blocks.49.conv2,0.4412124752998352
200,mean_conv2d_grad_norm,0.31821146935667144
